ISO-10303-21;
HEADER;
/* Generated by software containing ST-Developer
 * from STEP Tools, Inc. (www.steptools.com) 
 */

FILE_DESCRIPTION(
/* description */ (''),
/* implementation_level */ '2;1');

FILE_NAME(
/* name */ 'SensingDevice_V4 (Lid).step',
/* time_stamp */ '2026-03-16T02:48:53-07:00',
/* author */ (''),
/* organization */ (''),
/* preprocessor_version */ 'ST-DEVELOPER v20.1',
/* originating_system */ 'Autodesk Translation Framework v14.24.0.0',
/* authorisation */ '');

FILE_SCHEMA (('AUTOMOTIVE_DESIGN { 1 0 10303 214 3 1 1 }'));
ENDSEC;

DATA;
#10=MECHANICAL_DESIGN_GEOMETRIC_PRESENTATION_REPRESENTATION('',(#41,#42),
#3406);
#11=SHAPE_REPRESENTATION_RELATIONSHIP('SRR','None',#3412,#12);
#12=ADVANCED_BREP_SHAPE_REPRESENTATION('',(#43,#44),#3405);
#13=B_SPLINE_CURVE_WITH_KNOTS('',3,(#3041,#3042,#3043,#3044,#3045,#3046,
#3047,#3048,#3049,#3050,#3051,#3052,#3053,#3054,#3055,#3056,#3057,#3058,
#3059,#3060,#3061,#3062,#3063,#3064,#3065,#3066,#3067,#3068,#3069,#3070,
#3071,#3072,#3073,#3074,#3075,#3076,#3077,#3078,#3079,#3080,#3081,#3082,
#3083,#3084,#3085,#3086,#3087,#3088,#3089,#3090,#3091,#3092,#3093,#3094,
#3095,#3096,#3097,#3098,#3099,#3100,#3101,#3102,#3103,#3104,#3105,#3106,
#3107,#3108,#3109,#3110,#3111,#3112,#3113),.UNSPECIFIED.,.F.,.F.,(4,3,3,
3,3,3,3,3,3,3,3,3,3,3,3,3,3,3,3,3,3,3,3,3,4),(-0.927635495408369,-0.883978747792455,
-0.839853659006821,-0.795695598732873,-0.751817108104541,-0.721246112858527,
-0.675701232528038,-0.662832702502399,-0.617550916143167,-0.572111491904669,
-0.526876813613883,-0.491526194670265,-0.447838705501502,-0.404210554081046,
-0.397482599684824,-0.354053512511365,-0.310317605573706,-0.266417417281678,
-0.261806276482002,-0.21615199070235,-0.170424023085956,-0.130903138241001,
-0.0876194413353737,-0.0438097206676869,0.),.UNSPECIFIED.);
#14=B_SPLINE_CURVE_WITH_KNOTS('',3,(#3114,#3115,#3116,#3117,#3118,#3119),
 .UNSPECIFIED.,.F.,.F.,(4,1,1,4),(0.,0.39755806946073,0.66259678243455,
0.92763549540837),.UNSPECIFIED.);
#15=B_SPLINE_CURVE_WITH_KNOTS('',3,(#3153,#3154,#3155,#3156,#3157,#3158),
 .UNSPECIFIED.,.F.,.F.,(4,1,1,4),(-4.63427044067262,-4.36950890028356,-4.1047473598945,
-3.70760504931091),.UNSPECIFIED.);
#16=B_SPLINE_CURVE_WITH_KNOTS('',3,(#3159,#3160,#3161,#3162,#3163,#3164),
 .UNSPECIFIED.,.F.,.F.,(4,1,1,4),(3.70760504931091,4.1047473598945,4.36950890028356,
4.63427044067262),.UNSPECIFIED.);
#17=B_SPLINE_CURVE_WITH_KNOTS('',3,(#3210,#3211,#3212,#3213,#3214,#3215,
#3216,#3217,#3218,#3219,#3220,#3221,#3222,#3223,#3224,#3225,#3226,#3227,
#3228,#3229,#3230,#3231,#3232,#3233,#3234,#3235,#3236,#3237,#3238,#3239,
#3240,#3241,#3242,#3243,#3244,#3245,#3246,#3247,#3248,#3249,#3250,#3251,
#3252,#3253,#3254,#3255,#3256,#3257,#3258,#3259,#3260,#3261,#3262,#3263,
#3264,#3265,#3266,#3267,#3268,#3269,#3270,#3271,#3272,#3273,#3274,#3275,
#3276,#3277,#3278,#3279,#3280,#3281,#3282),.UNSPECIFIED.,.F.,.F.,(4,3,3,
3,3,3,3,3,3,3,3,3,3,3,3,3,3,3,3,3,3,3,3,3,4),(-0.927635495409515,-0.883938749529427,
-0.83977356559697,-0.795576954763311,-0.751663936793262,-0.721246112859419,
-0.67570617135616,-0.662822666397257,-0.617549912020287,-0.572119222612226,
-0.526892242178575,-0.491526194670872,-0.447854493707794,-0.404243048490585,
-0.397477843808917,-0.354064754288589,-0.310343960208222,-0.266457234608838,
-0.261806276482325,-0.21614603259363,-0.170410607732192,-0.130903138241163,
-0.0876003711577573,-0.0438001855788789,-4.44089209850063E-16),
 .UNSPECIFIED.);
#18=B_SPLINE_CURVE_WITH_KNOTS('',3,(#3283,#3284,#3285,#3286,#3287,#3288),
 .UNSPECIFIED.,.F.,.F.,(4,1,1,4),(-5.17606130627363E-17,0.397558069461221,
0.662596782435368,0.927635495409515),.UNSPECIFIED.);
#19=B_SPLINE_CURVE_WITH_KNOTS('',3,(#3322,#3323,#3324,#3325,#3326,#3327),
 .UNSPECIFIED.,.F.,.F.,(4,1,1,4),(-4.63427044067263,-4.36950890028357,-4.10474735989451,
-3.70760504931092),.UNSPECIFIED.);
#20=B_SPLINE_CURVE_WITH_KNOTS('',3,(#3328,#3329,#3330,#3331,#3332,#3333),
 .UNSPECIFIED.,.F.,.F.,(4,1,1,4),(3.70760504931092,4.10474735989451,4.36950890028357,
4.63427044067263),.UNSPECIFIED.);
#21=B_SPLINE_SURFACE_WITH_KNOTS('',3,3,((#3008,#3009,#3010,#3011,#3012,
#3013),(#3014,#3015,#3016,#3017,#3018,#3019),(#3020,#3021,#3022,#3023,#3024,
#3025),(#3026,#3027,#3028,#3029,#3030,#3031),(#3032,#3033,#3034,#3035,#3036,
#3037)),.UNSPECIFIED.,.F.,.F.,.F.,(4,1,4),(4,1,1,4),(0.,0.5,1.),(0.,0.39755806946073,
0.66259678243455,0.92763549540837),.UNSPECIFIED.);
#22=B_SPLINE_SURFACE_WITH_KNOTS('',3,3,((#3120,#3121,#3122,#3123,#3124,
#3125),(#3126,#3127,#3128,#3129,#3130,#3131),(#3132,#3133,#3134,#3135,#3136,
#3137),(#3138,#3139,#3140,#3141,#3142,#3143),(#3144,#3145,#3146,#3147,#3148,
#3149)),.UNSPECIFIED.,.F.,.F.,.F.,(4,1,4),(4,1,1,4),(0.,0.5,1.),(3.70760504931091,
4.1047473598945,4.36950890028356,4.63427044067262),.UNSPECIFIED.);
#23=B_SPLINE_SURFACE_WITH_KNOTS('',3,3,((#3177,#3178,#3179,#3180,#3181,
#3182),(#3183,#3184,#3185,#3186,#3187,#3188),(#3189,#3190,#3191,#3192,#3193,
#3194),(#3195,#3196,#3197,#3198,#3199,#3200),(#3201,#3202,#3203,#3204,#3205,
#3206)),.UNSPECIFIED.,.F.,.F.,.F.,(4,1,4),(4,1,1,4),(0.,0.5,1.),(-5.17606130627363E-17,
0.397558069461221,0.662596782435368,0.927635495409515),.UNSPECIFIED.);
#24=B_SPLINE_SURFACE_WITH_KNOTS('',3,3,((#3289,#3290,#3291,#3292,#3293,
#3294),(#3295,#3296,#3297,#3298,#3299,#3300),(#3301,#3302,#3303,#3304,#3305,
#3306),(#3307,#3308,#3309,#3310,#3311,#3312),(#3313,#3314,#3315,#3316,#3317,
#3318)),.UNSPECIFIED.,.F.,.F.,.F.,(4,1,4),(4,1,1,4),(0.,0.5,1.),(3.70760504931092,
4.10474735989451,4.36950890028357,4.63427044067263),.UNSPECIFIED.);
#25=TOROIDAL_SURFACE('',#1915,2.,1.);
#26=TOROIDAL_SURFACE('',#1924,2.,0.999999999999996);
#27=TOROIDAL_SURFACE('',#1935,2.,0.999999999999996);
#28=TOROIDAL_SURFACE('',#1940,2.,0.999999999999996);
#29=TOROIDAL_SURFACE('',#1977,4.,1.);
#30=TOROIDAL_SURFACE('',#1983,3.99999999999999,1.);
#31=TOROIDAL_SURFACE('',#1995,3.99999999999937,1.);
#32=TOROIDAL_SURFACE('',#2000,3.99999999999204,1.);
#33=TOROIDAL_SURFACE('',#2006,3.99999999999999,1.);
#34=TOROIDAL_SURFACE('',#2010,4.,1.);
#35=TOROIDAL_SURFACE('',#2014,4.,1.);
#36=TOROIDAL_SURFACE('',#2018,3.99999999999999,1.);
#37=SPHERICAL_SURFACE('',#1907,1.);
#38=SPHERICAL_SURFACE('',#1911,1.);
#39=SPHERICAL_SURFACE('',#1920,1.);
#40=SPHERICAL_SURFACE('',#1931,1.);
#41=STYLED_ITEM('',(#3421),#43);
#42=STYLED_ITEM('',(#3421),#44);
#43=MANIFOLD_SOLID_BREP('Lid (2)',#1799);
#44=MANIFOLD_SOLID_BREP('Body6',#1800);
#45=CONICAL_SURFACE('',#1882,1.25,0.785398163397446);
#46=CONICAL_SURFACE('',#1885,1.25,0.785398163397446);
#47=CONICAL_SURFACE('',#1888,1.25,0.785398163397447);
#48=CONICAL_SURFACE('',#1891,1.25,0.785398163397448);
#49=FACE_BOUND('',#231,.T.);
#50=FACE_BOUND('',#244,.T.);
#51=FACE_BOUND('',#249,.T.);
#52=FACE_BOUND('',#254,.T.);
#53=FACE_BOUND('',#258,.T.);
#54=FACE_BOUND('',#265,.T.);
#55=FACE_BOUND('',#279,.T.);
#56=FACE_BOUND('',#285,.T.);
#57=FACE_BOUND('',#286,.T.);
#58=FACE_BOUND('',#287,.T.);
#59=FACE_BOUND('',#288,.T.);
#60=FACE_BOUND('',#289,.T.);
#61=FACE_BOUND('',#291,.T.);
#62=FACE_BOUND('',#319,.T.);
#63=FACE_BOUND('',#336,.T.);
#64=PLANE('',#1805);
#65=PLANE('',#1809);
#66=PLANE('',#1813);
#67=PLANE('',#1817);
#68=PLANE('',#1818);
#69=PLANE('',#1823);
#70=PLANE('',#1826);
#71=PLANE('',#1829);
#72=PLANE('',#1830);
#73=PLANE('',#1832);
#74=PLANE('',#1833);
#75=PLANE('',#1834);
#76=PLANE('',#1835);
#77=PLANE('',#1836);
#78=PLANE('',#1838);
#79=PLANE('',#1844);
#80=PLANE('',#1846);
#81=PLANE('',#1852);
#82=PLANE('',#1854);
#83=PLANE('',#1860);
#84=PLANE('',#1869);
#85=PLANE('',#1873);
#86=PLANE('',#1876);
#87=PLANE('',#1879);
#88=PLANE('',#1884);
#89=PLANE('',#1887);
#90=PLANE('',#1890);
#91=PLANE('',#1893);
#92=PLANE('',#1894);
#93=PLANE('',#1895);
#94=PLANE('',#1896);
#95=PLANE('',#1897);
#96=PLANE('',#1898);
#97=PLANE('',#1899);
#98=PLANE('',#1900);
#99=PLANE('',#1904);
#100=PLANE('',#1906);
#101=PLANE('',#1955);
#102=PLANE('',#1956);
#103=PLANE('',#1957);
#104=PLANE('',#1962);
#105=PLANE('',#1963);
#106=PLANE('',#1964);
#107=PLANE('',#1988);
#108=PLANE('',#2002);
#109=FACE_OUTER_BOUND('',#222,.T.);
#110=FACE_OUTER_BOUND('',#223,.T.);
#111=FACE_OUTER_BOUND('',#224,.T.);
#112=FACE_OUTER_BOUND('',#225,.T.);
#113=FACE_OUTER_BOUND('',#226,.T.);
#114=FACE_OUTER_BOUND('',#227,.T.);
#115=FACE_OUTER_BOUND('',#228,.T.);
#116=FACE_OUTER_BOUND('',#229,.T.);
#117=FACE_OUTER_BOUND('',#230,.T.);
#118=FACE_OUTER_BOUND('',#232,.T.);
#119=FACE_OUTER_BOUND('',#233,.T.);
#120=FACE_OUTER_BOUND('',#234,.T.);
#121=FACE_OUTER_BOUND('',#235,.T.);
#122=FACE_OUTER_BOUND('',#236,.T.);
#123=FACE_OUTER_BOUND('',#237,.T.);
#124=FACE_OUTER_BOUND('',#238,.T.);
#125=FACE_OUTER_BOUND('',#239,.T.);
#126=FACE_OUTER_BOUND('',#240,.T.);
#127=FACE_OUTER_BOUND('',#241,.T.);
#128=FACE_OUTER_BOUND('',#242,.T.);
#129=FACE_OUTER_BOUND('',#243,.T.);
#130=FACE_OUTER_BOUND('',#245,.T.);
#131=FACE_OUTER_BOUND('',#246,.T.);
#132=FACE_OUTER_BOUND('',#247,.T.);
#133=FACE_OUTER_BOUND('',#248,.T.);
#134=FACE_OUTER_BOUND('',#250,.T.);
#135=FACE_OUTER_BOUND('',#251,.T.);
#136=FACE_OUTER_BOUND('',#252,.T.);
#137=FACE_OUTER_BOUND('',#253,.T.);
#138=FACE_OUTER_BOUND('',#255,.T.);
#139=FACE_OUTER_BOUND('',#256,.T.);
#140=FACE_OUTER_BOUND('',#257,.T.);
#141=FACE_OUTER_BOUND('',#259,.T.);
#142=FACE_OUTER_BOUND('',#260,.T.);
#143=FACE_OUTER_BOUND('',#261,.T.);
#144=FACE_OUTER_BOUND('',#262,.T.);
#145=FACE_OUTER_BOUND('',#263,.T.);
#146=FACE_OUTER_BOUND('',#264,.T.);
#147=FACE_OUTER_BOUND('',#266,.T.);
#148=FACE_OUTER_BOUND('',#267,.T.);
#149=FACE_OUTER_BOUND('',#268,.T.);
#150=FACE_OUTER_BOUND('',#269,.T.);
#151=FACE_OUTER_BOUND('',#270,.T.);
#152=FACE_OUTER_BOUND('',#271,.T.);
#153=FACE_OUTER_BOUND('',#272,.T.);
#154=FACE_OUTER_BOUND('',#273,.T.);
#155=FACE_OUTER_BOUND('',#274,.T.);
#156=FACE_OUTER_BOUND('',#275,.T.);
#157=FACE_OUTER_BOUND('',#276,.T.);
#158=FACE_OUTER_BOUND('',#277,.T.);
#159=FACE_OUTER_BOUND('',#278,.T.);
#160=FACE_OUTER_BOUND('',#280,.T.);
#161=FACE_OUTER_BOUND('',#281,.T.);
#162=FACE_OUTER_BOUND('',#282,.T.);
#163=FACE_OUTER_BOUND('',#283,.T.);
#164=FACE_OUTER_BOUND('',#284,.T.);
#165=FACE_OUTER_BOUND('',#290,.T.);
#166=FACE_OUTER_BOUND('',#292,.T.);
#167=FACE_OUTER_BOUND('',#293,.T.);
#168=FACE_OUTER_BOUND('',#294,.T.);
#169=FACE_OUTER_BOUND('',#295,.T.);
#170=FACE_OUTER_BOUND('',#296,.T.);
#171=FACE_OUTER_BOUND('',#297,.T.);
#172=FACE_OUTER_BOUND('',#298,.T.);
#173=FACE_OUTER_BOUND('',#299,.T.);
#174=FACE_OUTER_BOUND('',#300,.T.);
#175=FACE_OUTER_BOUND('',#301,.T.);
#176=FACE_OUTER_BOUND('',#302,.T.);
#177=FACE_OUTER_BOUND('',#303,.T.);
#178=FACE_OUTER_BOUND('',#304,.T.);
#179=FACE_OUTER_BOUND('',#305,.T.);
#180=FACE_OUTER_BOUND('',#306,.T.);
#181=FACE_OUTER_BOUND('',#307,.T.);
#182=FACE_OUTER_BOUND('',#308,.T.);
#183=FACE_OUTER_BOUND('',#309,.T.);
#184=FACE_OUTER_BOUND('',#310,.T.);
#185=FACE_OUTER_BOUND('',#311,.T.);
#186=FACE_OUTER_BOUND('',#312,.T.);
#187=FACE_OUTER_BOUND('',#313,.T.);
#188=FACE_OUTER_BOUND('',#314,.T.);
#189=FACE_OUTER_BOUND('',#315,.T.);
#190=FACE_OUTER_BOUND('',#316,.T.);
#191=FACE_OUTER_BOUND('',#317,.T.);
#192=FACE_OUTER_BOUND('',#318,.T.);
#193=FACE_OUTER_BOUND('',#320,.T.);
#194=FACE_OUTER_BOUND('',#321,.T.);
#195=FACE_OUTER_BOUND('',#322,.T.);
#196=FACE_OUTER_BOUND('',#323,.T.);
#197=FACE_OUTER_BOUND('',#324,.T.);
#198=FACE_OUTER_BOUND('',#325,.T.);
#199=FACE_OUTER_BOUND('',#326,.T.);
#200=FACE_OUTER_BOUND('',#327,.T.);
#201=FACE_OUTER_BOUND('',#328,.T.);
#202=FACE_OUTER_BOUND('',#329,.T.);
#203=FACE_OUTER_BOUND('',#330,.T.);
#204=FACE_OUTER_BOUND('',#331,.T.);
#205=FACE_OUTER_BOUND('',#332,.T.);
#206=FACE_OUTER_BOUND('',#333,.T.);
#207=FACE_OUTER_BOUND('',#334,.T.);
#208=FACE_OUTER_BOUND('',#335,.T.);
#209=FACE_OUTER_BOUND('',#337,.T.);
#210=FACE_OUTER_BOUND('',#338,.T.);
#211=FACE_OUTER_BOUND('',#339,.T.);
#212=FACE_OUTER_BOUND('',#340,.T.);
#213=FACE_OUTER_BOUND('',#341,.T.);
#214=FACE_OUTER_BOUND('',#342,.T.);
#215=FACE_OUTER_BOUND('',#343,.T.);
#216=FACE_OUTER_BOUND('',#344,.T.);
#217=FACE_OUTER_BOUND('',#345,.T.);
#218=FACE_OUTER_BOUND('',#346,.T.);
#219=FACE_OUTER_BOUND('',#347,.T.);
#220=FACE_OUTER_BOUND('',#348,.T.);
#221=FACE_OUTER_BOUND('',#349,.T.);
#222=EDGE_LOOP('',(#1138,#1139,#1140,#1141));
#223=EDGE_LOOP('',(#1142,#1143,#1144,#1145));
#224=EDGE_LOOP('',(#1146,#1147,#1148,#1149));
#225=EDGE_LOOP('',(#1150,#1151,#1152,#1153));
#226=EDGE_LOOP('',(#1154,#1155,#1156,#1157));
#227=EDGE_LOOP('',(#1158,#1159,#1160,#1161));
#228=EDGE_LOOP('',(#1162,#1163,#1164,#1165));
#229=EDGE_LOOP('',(#1166,#1167,#1168,#1169));
#230=EDGE_LOOP('',(#1170,#1171,#1172,#1173,#1174,#1175,#1176,#1177));
#231=EDGE_LOOP('',(#1178,#1179,#1180,#1181,#1182,#1183,#1184,#1185));
#232=EDGE_LOOP('',(#1186,#1187,#1188,#1189));
#233=EDGE_LOOP('',(#1190,#1191,#1192,#1193));
#234=EDGE_LOOP('',(#1194,#1195,#1196,#1197));
#235=EDGE_LOOP('',(#1198,#1199,#1200,#1201));
#236=EDGE_LOOP('',(#1202,#1203,#1204,#1205));
#237=EDGE_LOOP('',(#1206));
#238=EDGE_LOOP('',(#1207,#1208,#1209,#1210));
#239=EDGE_LOOP('',(#1211,#1212,#1213,#1214));
#240=EDGE_LOOP('',(#1215,#1216,#1217,#1218));
#241=EDGE_LOOP('',(#1219,#1220,#1221,#1222));
#242=EDGE_LOOP('',(#1223));
#243=EDGE_LOOP('',(#1224));
#244=EDGE_LOOP('',(#1225));
#245=EDGE_LOOP('',(#1226,#1227,#1228,#1229));
#246=EDGE_LOOP('',(#1230,#1231,#1232,#1233));
#247=EDGE_LOOP('',(#1234));
#248=EDGE_LOOP('',(#1235));
#249=EDGE_LOOP('',(#1236));
#250=EDGE_LOOP('',(#1237,#1238,#1239,#1240));
#251=EDGE_LOOP('',(#1241,#1242,#1243,#1244));
#252=EDGE_LOOP('',(#1245));
#253=EDGE_LOOP('',(#1246));
#254=EDGE_LOOP('',(#1247));
#255=EDGE_LOOP('',(#1248,#1249,#1250,#1251));
#256=EDGE_LOOP('',(#1252,#1253,#1254,#1255));
#257=EDGE_LOOP('',(#1256));
#258=EDGE_LOOP('',(#1257));
#259=EDGE_LOOP('',(#1258,#1259,#1260,#1261));
#260=EDGE_LOOP('',(#1262,#1263,#1264,#1265));
#261=EDGE_LOOP('',(#1266,#1267,#1268,#1269));
#262=EDGE_LOOP('',(#1270,#1271,#1272,#1273));
#263=EDGE_LOOP('',(#1274,#1275,#1276,#1277));
#264=EDGE_LOOP('',(#1278,#1279,#1280,#1281,#1282,#1283,#1284,#1285));
#265=EDGE_LOOP('',(#1286,#1287,#1288,#1289));
#266=EDGE_LOOP('',(#1290,#1291,#1292,#1293));
#267=EDGE_LOOP('',(#1294,#1295,#1296,#1297));
#268=EDGE_LOOP('',(#1298,#1299,#1300,#1301));
#269=EDGE_LOOP('',(#1302,#1303,#1304,#1305));
#270=EDGE_LOOP('',(#1306,#1307,#1308,#1309));
#271=EDGE_LOOP('',(#1310,#1311,#1312,#1313));
#272=EDGE_LOOP('',(#1314,#1315,#1316,#1317));
#273=EDGE_LOOP('',(#1318,#1319,#1320,#1321));
#274=EDGE_LOOP('',(#1322,#1323,#1324,#1325));
#275=EDGE_LOOP('',(#1326,#1327,#1328,#1329));
#276=EDGE_LOOP('',(#1330,#1331,#1332,#1333));
#277=EDGE_LOOP('',(#1334,#1335,#1336,#1337));
#278=EDGE_LOOP('',(#1338,#1339,#1340,#1341));
#279=EDGE_LOOP('',(#1342,#1343,#1344,#1345));
#280=EDGE_LOOP('',(#1346,#1347,#1348,#1349));
#281=EDGE_LOOP('',(#1350,#1351,#1352,#1353));
#282=EDGE_LOOP('',(#1354,#1355,#1356,#1357));
#283=EDGE_LOOP('',(#1358,#1359,#1360,#1361));
#284=EDGE_LOOP('',(#1362,#1363,#1364,#1365));
#285=EDGE_LOOP('',(#1366,#1367,#1368,#1369,#1370,#1371,#1372,#1373));
#286=EDGE_LOOP('',(#1374));
#287=EDGE_LOOP('',(#1375));
#288=EDGE_LOOP('',(#1376));
#289=EDGE_LOOP('',(#1377));
#290=EDGE_LOOP('',(#1378,#1379,#1380,#1381,#1382,#1383,#1384,#1385));
#291=EDGE_LOOP('',(#1386,#1387,#1388,#1389,#1390,#1391,#1392,#1393));
#292=EDGE_LOOP('',(#1394,#1395,#1396,#1397));
#293=EDGE_LOOP('',(#1398,#1399,#1400,#1401));
#294=EDGE_LOOP('',(#1402,#1403,#1404,#1405));
#295=EDGE_LOOP('',(#1406,#1407,#1408,#1409));
#296=EDGE_LOOP('',(#1410,#1411,#1412));
#297=EDGE_LOOP('',(#1413,#1414,#1415));
#298=EDGE_LOOP('',(#1416,#1417,#1418,#1419));
#299=EDGE_LOOP('',(#1420,#1421,#1422));
#300=EDGE_LOOP('',(#1423,#1424,#1425,#1426));
#301=EDGE_LOOP('',(#1427,#1428,#1429,#1430));
#302=EDGE_LOOP('',(#1431,#1432,#1433,#1434));
#303=EDGE_LOOP('',(#1435,#1436,#1437));
#304=EDGE_LOOP('',(#1438,#1439,#1440,#1441));
#305=EDGE_LOOP('',(#1442,#1443,#1444,#1445));
#306=EDGE_LOOP('',(#1446,#1447,#1448,#1449));
#307=EDGE_LOOP('',(#1450,#1451,#1452,#1453));
#308=EDGE_LOOP('',(#1454,#1455,#1456,#1457));
#309=EDGE_LOOP('',(#1458,#1459,#1460,#1461));
#310=EDGE_LOOP('',(#1462,#1463,#1464,#1465));
#311=EDGE_LOOP('',(#1466,#1467,#1468,#1469));
#312=EDGE_LOOP('',(#1470,#1471,#1472,#1473));
#313=EDGE_LOOP('',(#1474,#1475,#1476,#1477));
#314=EDGE_LOOP('',(#1478,#1479,#1480,#1481));
#315=EDGE_LOOP('',(#1482,#1483,#1484,#1485));
#316=EDGE_LOOP('',(#1486,#1487,#1488,#1489));
#317=EDGE_LOOP('',(#1490,#1491,#1492,#1493));
#318=EDGE_LOOP('',(#1494,#1495,#1496,#1497,#1498,#1499,#1500,#1501));
#319=EDGE_LOOP('',(#1502,#1503,#1504,#1505,#1506,#1507,#1508,#1509));
#320=EDGE_LOOP('',(#1510,#1511,#1512,#1513));
#321=EDGE_LOOP('',(#1514,#1515,#1516,#1517));
#322=EDGE_LOOP('',(#1518,#1519,#1520,#1521));
#323=EDGE_LOOP('',(#1522,#1523,#1524,#1525));
#324=EDGE_LOOP('',(#1526,#1527,#1528,#1529));
#325=EDGE_LOOP('',(#1530,#1531,#1532,#1533));
#326=EDGE_LOOP('',(#1534,#1535,#1536,#1537));
#327=EDGE_LOOP('',(#1538,#1539,#1540,#1541));
#328=EDGE_LOOP('',(#1542,#1543,#1544,#1545));
#329=EDGE_LOOP('',(#1546,#1547,#1548,#1549));
#330=EDGE_LOOP('',(#1550,#1551,#1552,#1553));
#331=EDGE_LOOP('',(#1554,#1555,#1556,#1557));
#332=EDGE_LOOP('',(#1558,#1559,#1560,#1561));
#333=EDGE_LOOP('',(#1562,#1563,#1564,#1565));
#334=EDGE_LOOP('',(#1566,#1567,#1568,#1569));
#335=EDGE_LOOP('',(#1570,#1571,#1572,#1573,#1574,#1575,#1576,#1577));
#336=EDGE_LOOP('',(#1578,#1579,#1580,#1581,#1582,#1583,#1584,#1585));
#337=EDGE_LOOP('',(#1586,#1587,#1588,#1589));
#338=EDGE_LOOP('',(#1590,#1591,#1592,#1593));
#339=EDGE_LOOP('',(#1594,#1595,#1596,#1597));
#340=EDGE_LOOP('',(#1598,#1599,#1600,#1601));
#341=EDGE_LOOP('',(#1602,#1603,#1604,#1605,#1606,#1607,#1608,#1609));
#342=EDGE_LOOP('',(#1610,#1611,#1612,#1613));
#343=EDGE_LOOP('',(#1614,#1615,#1616,#1617));
#344=EDGE_LOOP('',(#1618,#1619,#1620,#1621));
#345=EDGE_LOOP('',(#1622,#1623,#1624,#1625));
#346=EDGE_LOOP('',(#1626,#1627,#1628,#1629));
#347=EDGE_LOOP('',(#1630,#1631,#1632,#1633));
#348=EDGE_LOOP('',(#1634,#1635,#1636,#1637));
#349=EDGE_LOOP('',(#1638,#1639,#1640,#1641));
#350=LINE('',#2597,#486);
#351=LINE('',#2600,#487);
#352=LINE('',#2603,#488);
#353=LINE('',#2605,#489);
#354=LINE('',#2606,#490);
#355=LINE('',#2611,#491);
#356=LINE('',#2615,#492);
#357=LINE('',#2617,#493);
#358=LINE('',#2618,#494);
#359=LINE('',#2623,#495);
#360=LINE('',#2627,#496);
#361=LINE('',#2629,#497);
#362=LINE('',#2630,#498);
#363=LINE('',#2635,#499);
#364=LINE('',#2638,#500);
#365=LINE('',#2639,#501);
#366=LINE('',#2643,#502);
#367=LINE('',#2647,#503);
#368=LINE('',#2651,#504);
#369=LINE('',#2655,#505);
#370=LINE('',#2659,#506);
#371=LINE('',#2661,#507);
#372=LINE('',#2662,#508);
#373=LINE('',#2665,#509);
#374=LINE('',#2669,#510);
#375=LINE('',#2670,#511);
#376=LINE('',#2673,#512);
#377=LINE('',#2678,#513);
#378=LINE('',#2680,#514);
#379=LINE('',#2682,#515);
#380=LINE('',#2683,#516);
#381=LINE('',#2690,#517);
#382=LINE('',#2692,#518);
#383=LINE('',#2694,#519);
#384=LINE('',#2695,#520);
#385=LINE('',#2698,#521);
#386=LINE('',#2700,#522);
#387=LINE('',#2701,#523);
#388=LINE('',#2704,#524);
#389=LINE('',#2706,#525);
#390=LINE('',#2707,#526);
#391=LINE('',#2709,#527);
#392=LINE('',#2710,#528);
#393=LINE('',#2722,#529);
#394=LINE('',#2724,#530);
#395=LINE('',#2736,#531);
#396=LINE('',#2738,#532);
#397=LINE('',#2750,#533);
#398=LINE('',#2752,#534);
#399=LINE('',#2761,#535);
#400=LINE('',#2763,#536);
#401=LINE('',#2769,#537);
#402=LINE('',#2772,#538);
#403=LINE('',#2775,#539);
#404=LINE('',#2777,#540);
#405=LINE('',#2778,#541);
#406=LINE('',#2786,#542);
#407=LINE('',#2789,#543);
#408=LINE('',#2792,#544);
#409=LINE('',#2794,#545);
#410=LINE('',#2796,#546);
#411=LINE('',#2797,#547);
#412=LINE('',#2800,#548);
#413=LINE('',#2801,#549);
#414=LINE('',#2805,#550);
#415=LINE('',#2808,#551);
#416=LINE('',#2809,#552);
#417=LINE('',#2814,#553);
#418=LINE('',#2816,#554);
#419=LINE('',#2820,#555);
#420=LINE('',#2821,#556);
#421=LINE('',#2824,#557);
#422=LINE('',#2828,#558);
#423=LINE('',#2829,#559);
#424=LINE('',#2832,#560);
#425=LINE('',#2836,#561);
#426=LINE('',#2837,#562);
#427=LINE('',#2840,#563);
#428=LINE('',#2843,#564);
#429=LINE('',#2847,#565);
#430=LINE('',#2849,#566);
#431=LINE('',#2851,#567);
#432=LINE('',#2852,#568);
#433=LINE('',#2854,#569);
#434=LINE('',#2855,#570);
#435=LINE('',#2857,#571);
#436=LINE('',#2859,#572);
#437=LINE('',#2864,#573);
#438=LINE('',#2868,#574);
#439=LINE('',#2871,#575);
#440=LINE('',#2873,#576);
#441=LINE('',#2875,#577);
#442=LINE('',#2917,#578);
#443=LINE('',#2918,#579);
#444=LINE('',#2920,#580);
#445=LINE('',#2921,#581);
#446=LINE('',#2948,#582);
#447=LINE('',#2949,#583);
#448=LINE('',#2951,#584);
#449=LINE('',#2952,#585);
#450=LINE('',#2954,#586);
#451=LINE('',#2955,#587);
#452=LINE('',#2957,#588);
#453=LINE('',#2958,#589);
#454=LINE('',#2960,#590);
#455=LINE('',#2961,#591);
#456=LINE('',#2963,#592);
#457=LINE('',#2964,#593);
#458=LINE('',#2966,#594);
#459=LINE('',#2967,#595);
#460=LINE('',#2969,#596);
#461=LINE('',#2970,#597);
#462=LINE('',#2972,#598);
#463=LINE('',#2973,#599);
#464=LINE('',#2975,#600);
#465=LINE('',#2976,#601);
#466=LINE('',#2982,#602);
#467=LINE('',#2986,#603);
#468=LINE('',#2990,#604);
#469=LINE('',#2994,#605);
#470=LINE('',#3004,#606);
#471=LINE('',#3007,#607);
#472=LINE('',#3169,#608);
#473=LINE('',#3170,#609);
#474=LINE('',#3175,#610);
#475=LINE('',#3176,#611);
#476=LINE('',#3335,#612);
#477=LINE('',#3336,#613);
#478=LINE('',#3346,#614);
#479=LINE('',#3354,#615);
#480=LINE('',#3358,#616);
#481=LINE('',#3362,#617);
#482=LINE('',#3366,#618);
#483=LINE('',#3370,#619);
#484=LINE('',#3374,#620);
#485=LINE('',#3382,#621);
#486=VECTOR('',#2025,10.);
#487=VECTOR('',#2028,10.);
#488=VECTOR('',#2031,10.);
#489=VECTOR('',#2032,10.);
#490=VECTOR('',#2033,10.);
#491=VECTOR('',#2038,10.);
#492=VECTOR('',#2043,10.);
#493=VECTOR('',#2044,10.);
#494=VECTOR('',#2045,10.);
#495=VECTOR('',#2050,10.);
#496=VECTOR('',#2055,10.);
#497=VECTOR('',#2056,10.);
#498=VECTOR('',#2057,10.);
#499=VECTOR('',#2062,10.);
#500=VECTOR('',#2067,10.);
#501=VECTOR('',#2068,10.);
#502=VECTOR('',#2071,10.);
#503=VECTOR('',#2074,10.);
#504=VECTOR('',#2077,10.);
#505=VECTOR('',#2080,10.);
#506=VECTOR('',#2085,10.);
#507=VECTOR('',#2086,10.);
#508=VECTOR('',#2087,10.);
#509=VECTOR('',#2090,10.);
#510=VECTOR('',#2095,10.);
#511=VECTOR('',#2096,10.);
#512=VECTOR('',#2099,10.);
#513=VECTOR('',#2104,10.);
#514=VECTOR('',#2105,10.);
#515=VECTOR('',#2106,10.);
#516=VECTOR('',#2107,10.);
#517=VECTOR('',#2114,10.);
#518=VECTOR('',#2115,10.);
#519=VECTOR('',#2116,10.);
#520=VECTOR('',#2117,10.);
#521=VECTOR('',#2120,10.);
#522=VECTOR('',#2121,10.);
#523=VECTOR('',#2122,10.);
#524=VECTOR('',#2125,10.);
#525=VECTOR('',#2126,10.);
#526=VECTOR('',#2127,10.);
#527=VECTOR('',#2130,10.);
#528=VECTOR('',#2131,10.);
#529=VECTOR('',#2146,2.6);
#530=VECTOR('',#2149,1.5);
#531=VECTOR('',#2164,2.6);
#532=VECTOR('',#2167,1.5);
#533=VECTOR('',#2182,2.6);
#534=VECTOR('',#2185,1.5);
#535=VECTOR('',#2196,2.6);
#536=VECTOR('',#2199,1.5);
#537=VECTOR('',#2204,10.);
#538=VECTOR('',#2207,10.);
#539=VECTOR('',#2210,10.);
#540=VECTOR('',#2211,10.);
#541=VECTOR('',#2212,10.);
#542=VECTOR('',#2223,10.);
#543=VECTOR('',#2226,10.);
#544=VECTOR('',#2227,10.);
#545=VECTOR('',#2228,10.);
#546=VECTOR('',#2229,10.);
#547=VECTOR('',#2230,10.);
#548=VECTOR('',#2233,10.);
#549=VECTOR('',#2234,10.);
#550=VECTOR('',#2239,10.);
#551=VECTOR('',#2242,10.);
#552=VECTOR('',#2243,10.);
#553=VECTOR('',#2250,10.);
#554=VECTOR('',#2251,10.);
#555=VECTOR('',#2256,10.);
#556=VECTOR('',#2257,10.);
#557=VECTOR('',#2260,10.);
#558=VECTOR('',#2265,10.);
#559=VECTOR('',#2266,10.);
#560=VECTOR('',#2269,10.);
#561=VECTOR('',#2274,10.);
#562=VECTOR('',#2275,10.);
#563=VECTOR('',#2278,10.);
#564=VECTOR('',#2283,10.);
#565=VECTOR('',#2286,10.);
#566=VECTOR('',#2287,10.);
#567=VECTOR('',#2288,10.);
#568=VECTOR('',#2289,10.);
#569=VECTOR('',#2292,10.);
#570=VECTOR('',#2293,10.);
#571=VECTOR('',#2296,10.);
#572=VECTOR('',#2299,10.);
#573=VECTOR('',#2306,10.);
#574=VECTOR('',#2309,10.);
#575=VECTOR('',#2314,10.);
#576=VECTOR('',#2317,10.);
#577=VECTOR('',#2320,10.);
#578=VECTOR('',#2369,10.);
#579=VECTOR('',#2370,10.);
#580=VECTOR('',#2373,10.);
#581=VECTOR('',#2374,10.);
#582=VECTOR('',#2405,10.);
#583=VECTOR('',#2406,10.);
#584=VECTOR('',#2409,10.);
#585=VECTOR('',#2410,10.);
#586=VECTOR('',#2413,10.);
#587=VECTOR('',#2414,10.);
#588=VECTOR('',#2417,10.);
#589=VECTOR('',#2418,10.);
#590=VECTOR('',#2421,10.);
#591=VECTOR('',#2422,10.);
#592=VECTOR('',#2425,10.);
#593=VECTOR('',#2426,10.);
#594=VECTOR('',#2429,10.);
#595=VECTOR('',#2430,10.);
#596=VECTOR('',#2433,10.);
#597=VECTOR('',#2434,10.);
#598=VECTOR('',#2437,10.);
#599=VECTOR('',#2438,10.);
#600=VECTOR('',#2441,10.);
#601=VECTOR('',#2442,10.);
#602=VECTOR('',#2449,10.);
#603=VECTOR('',#2452,10.);
#604=VECTOR('',#2455,10.);
#605=VECTOR('',#2458,10.);
#606=VECTOR('',#2471,0.999999999999996);
#607=VECTOR('',#2474,0.999999999999996);
#608=VECTOR('',#2483,0.999999999999996);
#609=VECTOR('',#2484,0.999999999999996);
#610=VECTOR('',#2489,0.999999999999996);
#611=VECTOR('',#2490,0.999999999999996);
#612=VECTOR('',#2497,0.999999999999996);
#613=VECTOR('',#2498,0.999999999999996);
#614=VECTOR('',#2511,10.);
#615=VECTOR('',#2522,10.);
#616=VECTOR('',#2525,10.);
#617=VECTOR('',#2528,10.);
#618=VECTOR('',#2531,10.);
#619=VECTOR('',#2534,10.);
#620=VECTOR('',#2539,10.);
#621=VECTOR('',#2550,10.);
#622=CIRCLE('',#1803,5.);
#623=CIRCLE('',#1804,5.);
#624=CIRCLE('',#1807,4.99999999999999);
#625=CIRCLE('',#1808,4.99999999999999);
#626=CIRCLE('',#1811,4.99999999999999);
#627=CIRCLE('',#1812,4.99999999999999);
#628=CIRCLE('',#1815,5.);
#629=CIRCLE('',#1816,5.);
#630=CIRCLE('',#1819,4.99999999999999);
#631=CIRCLE('',#1820,5.);
#632=CIRCLE('',#1821,4.99999999999938);
#633=CIRCLE('',#1822,4.99999999999204);
#634=CIRCLE('',#1825,5.);
#635=CIRCLE('',#1828,4.99999999999999);
#636=CIRCLE('',#1831,1.5);
#637=CIRCLE('',#1837,1.5);
#638=CIRCLE('',#1839,2.6);
#639=CIRCLE('',#1840,1.5);
#640=CIRCLE('',#1842,2.6);
#641=CIRCLE('',#1845,1.5);
#642=CIRCLE('',#1847,2.6);
#643=CIRCLE('',#1848,1.5);
#644=CIRCLE('',#1850,2.6);
#645=CIRCLE('',#1853,1.5);
#646=CIRCLE('',#1855,2.6);
#647=CIRCLE('',#1856,1.5);
#648=CIRCLE('',#1858,2.6);
#649=CIRCLE('',#1861,2.6);
#650=CIRCLE('',#1862,1.5);
#651=CIRCLE('',#1864,2.6);
#652=CIRCLE('',#1867,2.);
#653=CIRCLE('',#1868,2.);
#654=CIRCLE('',#1871,2.);
#655=CIRCLE('',#1872,2.);
#656=CIRCLE('',#1874,2.);
#657=CIRCLE('',#1875,2.);
#658=CIRCLE('',#1878,2.);
#659=CIRCLE('',#1881,2.);
#660=CIRCLE('',#1883,0.500000000000003);
#661=CIRCLE('',#1886,0.500000000000003);
#662=CIRCLE('',#1889,0.5);
#663=CIRCLE('',#1892,0.499999999999997);
#664=CIRCLE('',#1901,4.99999999999204);
#665=CIRCLE('',#1902,4.99999999999938);
#666=CIRCLE('',#1908,1.);
#667=CIRCLE('',#1909,1.);
#668=CIRCLE('',#1910,0.999999999999996);
#669=CIRCLE('',#1912,1.);
#670=CIRCLE('',#1913,1.);
#671=CIRCLE('',#1914,0.999999999999996);
#672=CIRCLE('',#1916,1.);
#673=CIRCLE('',#1917,0.999999999999996);
#674=CIRCLE('',#1918,2.);
#675=CIRCLE('',#1919,1.);
#676=CIRCLE('',#1921,1.);
#677=CIRCLE('',#1922,1.);
#678=CIRCLE('',#1923,0.999999999999996);
#679=CIRCLE('',#1925,2.);
#680=CIRCLE('',#1926,1.);
#681=CIRCLE('',#1927,1.);
#682=CIRCLE('',#1928,0.999999999999996);
#683=CIRCLE('',#1932,1.);
#684=CIRCLE('',#1933,1.);
#685=CIRCLE('',#1934,0.999999999999996);
#686=CIRCLE('',#1936,2.);
#687=CIRCLE('',#1937,1.);
#688=CIRCLE('',#1938,1.);
#689=CIRCLE('',#1939,0.999999999999996);
#690=CIRCLE('',#1941,2.);
#691=CIRCLE('',#1942,1.);
#692=CIRCLE('',#1943,1.);
#693=CIRCLE('',#1944,0.999999999999996);
#694=CIRCLE('',#1958,3.99999999999999);
#695=CIRCLE('',#1959,4.);
#696=CIRCLE('',#1960,4.);
#697=CIRCLE('',#1961,3.99999999999999);
#698=CIRCLE('',#1966,0.999999999999996);
#699=CIRCLE('',#1967,1.);
#700=CIRCLE('',#1968,0.999999999999996);
#701=CIRCLE('',#1969,0.999999999999998);
#702=CIRCLE('',#1971,0.999999999999996);
#703=CIRCLE('',#1973,1.);
#704=CIRCLE('',#1974,0.999999999999996);
#705=CIRCLE('',#1975,1.);
#706=CIRCLE('',#1978,0.999999999999996);
#707=CIRCLE('',#1979,4.);
#708=CIRCLE('',#1980,0.999999999999996);
#709=CIRCLE('',#1982,1.);
#710=CIRCLE('',#1984,0.999999999999996);
#711=CIRCLE('',#1985,3.99999999999999);
#712=CIRCLE('',#1987,0.999999999999996);
#713=CIRCLE('',#1989,3.99999999999999);
#714=CIRCLE('',#1990,4.);
#715=CIRCLE('',#1991,4.);
#716=CIRCLE('',#1992,3.99999999999999);
#717=CIRCLE('',#1994,0.999999999999996);
#718=CIRCLE('',#1996,3.99999999999937);
#719=CIRCLE('',#1997,0.999999999999996);
#720=CIRCLE('',#1999,0.999999999999996);
#721=CIRCLE('',#2001,3.99999999999204);
#722=CIRCLE('',#2004,1.);
#723=CIRCLE('',#2005,1.);
#724=CIRCLE('',#2007,1.);
#725=CIRCLE('',#2009,1.);
#726=CIRCLE('',#2011,1.);
#727=CIRCLE('',#2013,1.);
#728=CIRCLE('',#2015,1.);
#729=CIRCLE('',#2017,1.);
#730=VERTEX_POINT('',#2593);
#731=VERTEX_POINT('',#2594);
#732=VERTEX_POINT('',#2596);
#733=VERTEX_POINT('',#2598);
#734=VERTEX_POINT('',#2602);
#735=VERTEX_POINT('',#2604);
#736=VERTEX_POINT('',#2608);
#737=VERTEX_POINT('',#2610);
#738=VERTEX_POINT('',#2614);
#739=VERTEX_POINT('',#2616);
#740=VERTEX_POINT('',#2620);
#741=VERTEX_POINT('',#2622);
#742=VERTEX_POINT('',#2626);
#743=VERTEX_POINT('',#2628);
#744=VERTEX_POINT('',#2632);
#745=VERTEX_POINT('',#2634);
#746=VERTEX_POINT('',#2641);
#747=VERTEX_POINT('',#2642);
#748=VERTEX_POINT('',#2644);
#749=VERTEX_POINT('',#2646);
#750=VERTEX_POINT('',#2648);
#751=VERTEX_POINT('',#2650);
#752=VERTEX_POINT('',#2652);
#753=VERTEX_POINT('',#2654);
#754=VERTEX_POINT('',#2658);
#755=VERTEX_POINT('',#2660);
#756=VERTEX_POINT('',#2664);
#757=VERTEX_POINT('',#2668);
#758=VERTEX_POINT('',#2672);
#759=VERTEX_POINT('',#2676);
#760=VERTEX_POINT('',#2677);
#761=VERTEX_POINT('',#2679);
#762=VERTEX_POINT('',#2681);
#763=VERTEX_POINT('',#2685);
#764=VERTEX_POINT('',#2688);
#765=VERTEX_POINT('',#2689);
#766=VERTEX_POINT('',#2691);
#767=VERTEX_POINT('',#2693);
#768=VERTEX_POINT('',#2697);
#769=VERTEX_POINT('',#2699);
#770=VERTEX_POINT('',#2703);
#771=VERTEX_POINT('',#2705);
#772=VERTEX_POINT('',#2712);
#773=VERTEX_POINT('',#2715);
#774=VERTEX_POINT('',#2717);
#775=VERTEX_POINT('',#2720);
#776=VERTEX_POINT('',#2726);
#777=VERTEX_POINT('',#2729);
#778=VERTEX_POINT('',#2731);
#779=VERTEX_POINT('',#2734);
#780=VERTEX_POINT('',#2740);
#781=VERTEX_POINT('',#2743);
#782=VERTEX_POINT('',#2745);
#783=VERTEX_POINT('',#2748);
#784=VERTEX_POINT('',#2754);
#785=VERTEX_POINT('',#2756);
#786=VERTEX_POINT('',#2759);
#787=VERTEX_POINT('',#2765);
#788=VERTEX_POINT('',#2766);
#789=VERTEX_POINT('',#2768);
#790=VERTEX_POINT('',#2770);
#791=VERTEX_POINT('',#2774);
#792=VERTEX_POINT('',#2776);
#793=VERTEX_POINT('',#2783);
#794=VERTEX_POINT('',#2785);
#795=VERTEX_POINT('',#2787);
#796=VERTEX_POINT('',#2790);
#797=VERTEX_POINT('',#2791);
#798=VERTEX_POINT('',#2793);
#799=VERTEX_POINT('',#2795);
#800=VERTEX_POINT('',#2799);
#801=VERTEX_POINT('',#2803);
#802=VERTEX_POINT('',#2807);
#803=VERTEX_POINT('',#2813);
#804=VERTEX_POINT('',#2815);
#805=VERTEX_POINT('',#2819);
#806=VERTEX_POINT('',#2823);
#807=VERTEX_POINT('',#2827);
#808=VERTEX_POINT('',#2831);
#809=VERTEX_POINT('',#2835);
#810=VERTEX_POINT('',#2839);
#811=VERTEX_POINT('',#2845);
#812=VERTEX_POINT('',#2846);
#813=VERTEX_POINT('',#2848);
#814=VERTEX_POINT('',#2850);
#815=VERTEX_POINT('',#2863);
#816=VERTEX_POINT('',#2865);
#817=VERTEX_POINT('',#2867);
#818=VERTEX_POINT('',#2878);
#819=VERTEX_POINT('',#2879);
#820=VERTEX_POINT('',#2881);
#821=VERTEX_POINT('',#2885);
#822=VERTEX_POINT('',#2886);
#823=VERTEX_POINT('',#2888);
#824=VERTEX_POINT('',#2892);
#825=VERTEX_POINT('',#2893);
#826=VERTEX_POINT('',#2895);
#827=VERTEX_POINT('',#2897);
#828=VERTEX_POINT('',#2901);
#829=VERTEX_POINT('',#2902);
#830=VERTEX_POINT('',#2904);
#831=VERTEX_POINT('',#2908);
#832=VERTEX_POINT('',#2909);
#833=VERTEX_POINT('',#2911);
#834=VERTEX_POINT('',#2913);
#835=VERTEX_POINT('',#2923);
#836=VERTEX_POINT('',#2924);
#837=VERTEX_POINT('',#2926);
#838=VERTEX_POINT('',#2930);
#839=VERTEX_POINT('',#2931);
#840=VERTEX_POINT('',#2933);
#841=VERTEX_POINT('',#2935);
#842=VERTEX_POINT('',#2939);
#843=VERTEX_POINT('',#2940);
#844=VERTEX_POINT('',#2942);
#845=VERTEX_POINT('',#2944);
#846=VERTEX_POINT('',#2980);
#847=VERTEX_POINT('',#2981);
#848=VERTEX_POINT('',#2983);
#849=VERTEX_POINT('',#2985);
#850=VERTEX_POINT('',#2987);
#851=VERTEX_POINT('',#2989);
#852=VERTEX_POINT('',#2991);
#853=VERTEX_POINT('',#2993);
#854=VERTEX_POINT('',#3000);
#855=VERTEX_POINT('',#3001);
#856=VERTEX_POINT('',#3003);
#857=VERTEX_POINT('',#3005);
#858=VERTEX_POINT('',#3038);
#859=VERTEX_POINT('',#3039);
#860=VERTEX_POINT('',#3150);
#861=VERTEX_POINT('',#3151);
#862=VERTEX_POINT('',#3166);
#863=VERTEX_POINT('',#3167);
#864=VERTEX_POINT('',#3172);
#865=VERTEX_POINT('',#3173);
#866=VERTEX_POINT('',#3207);
#867=VERTEX_POINT('',#3208);
#868=VERTEX_POINT('',#3319);
#869=VERTEX_POINT('',#3320);
#870=VERTEX_POINT('',#3338);
#871=VERTEX_POINT('',#3340);
#872=VERTEX_POINT('',#3344);
#873=VERTEX_POINT('',#3348);
#874=VERTEX_POINT('',#3352);
#875=VERTEX_POINT('',#3356);
#876=VERTEX_POINT('',#3357);
#877=VERTEX_POINT('',#3359);
#878=VERTEX_POINT('',#3361);
#879=VERTEX_POINT('',#3363);
#880=VERTEX_POINT('',#3365);
#881=VERTEX_POINT('',#3367);
#882=VERTEX_POINT('',#3369);
#883=VERTEX_POINT('',#3373);
#884=VERTEX_POINT('',#3377);
#885=VERTEX_POINT('',#3381);
#886=EDGE_CURVE('',#730,#731,#622,.T.);
#887=EDGE_CURVE('',#730,#732,#350,.T.);
#888=EDGE_CURVE('',#732,#733,#623,.T.);
#889=EDGE_CURVE('',#731,#733,#351,.T.);
#890=EDGE_CURVE('',#734,#730,#352,.T.);
#891=EDGE_CURVE('',#734,#735,#353,.T.);
#892=EDGE_CURVE('',#735,#732,#354,.T.);
#893=EDGE_CURVE('',#736,#734,#624,.T.);
#894=EDGE_CURVE('',#736,#737,#355,.T.);
#895=EDGE_CURVE('',#737,#735,#625,.T.);
#896=EDGE_CURVE('',#738,#736,#356,.T.);
#897=EDGE_CURVE('',#738,#739,#357,.T.);
#898=EDGE_CURVE('',#739,#737,#358,.T.);
#899=EDGE_CURVE('',#740,#738,#626,.T.);
#900=EDGE_CURVE('',#740,#741,#359,.T.);
#901=EDGE_CURVE('',#741,#739,#627,.T.);
#902=EDGE_CURVE('',#742,#740,#360,.T.);
#903=EDGE_CURVE('',#742,#743,#361,.T.);
#904=EDGE_CURVE('',#743,#741,#362,.T.);
#905=EDGE_CURVE('',#744,#742,#628,.T.);
#906=EDGE_CURVE('',#744,#745,#363,.T.);
#907=EDGE_CURVE('',#745,#743,#629,.T.);
#908=EDGE_CURVE('',#731,#744,#364,.T.);
#909=EDGE_CURVE('',#733,#745,#365,.T.);
#910=EDGE_CURVE('',#746,#747,#366,.T.);
#911=EDGE_CURVE('',#748,#746,#630,.T.);
#912=EDGE_CURVE('',#749,#748,#367,.T.);
#913=EDGE_CURVE('',#750,#749,#631,.T.);
#914=EDGE_CURVE('',#751,#750,#368,.T.);
#915=EDGE_CURVE('',#752,#751,#632,.T.);
#916=EDGE_CURVE('',#753,#752,#369,.T.);
#917=EDGE_CURVE('',#747,#753,#633,.T.);
#918=EDGE_CURVE('',#750,#754,#370,.T.);
#919=EDGE_CURVE('',#755,#754,#371,.T.);
#920=EDGE_CURVE('',#751,#755,#372,.T.);
#921=EDGE_CURVE('',#749,#756,#373,.T.);
#922=EDGE_CURVE('',#754,#756,#634,.T.);
#923=EDGE_CURVE('',#748,#757,#374,.T.);
#924=EDGE_CURVE('',#756,#757,#375,.T.);
#925=EDGE_CURVE('',#746,#758,#376,.T.);
#926=EDGE_CURVE('',#757,#758,#635,.T.);
#927=EDGE_CURVE('',#759,#760,#377,.T.);
#928=EDGE_CURVE('',#761,#759,#378,.T.);
#929=EDGE_CURVE('',#761,#762,#379,.T.);
#930=EDGE_CURVE('',#760,#762,#380,.T.);
#931=EDGE_CURVE('',#763,#763,#636,.T.);
#932=EDGE_CURVE('',#764,#765,#381,.T.);
#933=EDGE_CURVE('',#764,#766,#382,.F.);
#934=EDGE_CURVE('',#767,#766,#383,.F.);
#935=EDGE_CURVE('',#767,#765,#384,.T.);
#936=EDGE_CURVE('',#766,#768,#385,.F.);
#937=EDGE_CURVE('',#769,#768,#386,.F.);
#938=EDGE_CURVE('',#769,#767,#387,.T.);
#939=EDGE_CURVE('',#768,#770,#388,.F.);
#940=EDGE_CURVE('',#771,#770,#389,.T.);
#941=EDGE_CURVE('',#771,#769,#390,.T.);
#942=EDGE_CURVE('',#770,#764,#391,.F.);
#943=EDGE_CURVE('',#765,#771,#392,.T.);
#944=EDGE_CURVE('',#772,#772,#637,.T.);
#945=EDGE_CURVE('',#773,#773,#638,.T.);
#946=EDGE_CURVE('',#774,#774,#639,.T.);
#947=EDGE_CURVE('',#775,#775,#640,.T.);
#948=EDGE_CURVE('',#775,#773,#393,.T.);
#949=EDGE_CURVE('',#763,#774,#394,.T.);
#950=EDGE_CURVE('',#776,#776,#641,.T.);
#951=EDGE_CURVE('',#777,#777,#642,.T.);
#952=EDGE_CURVE('',#778,#778,#643,.T.);
#953=EDGE_CURVE('',#779,#779,#644,.T.);
#954=EDGE_CURVE('',#779,#777,#395,.T.);
#955=EDGE_CURVE('',#772,#778,#396,.T.);
#956=EDGE_CURVE('',#780,#780,#645,.T.);
#957=EDGE_CURVE('',#781,#781,#646,.T.);
#958=EDGE_CURVE('',#782,#782,#647,.T.);
#959=EDGE_CURVE('',#783,#783,#648,.T.);
#960=EDGE_CURVE('',#783,#781,#397,.T.);
#961=EDGE_CURVE('',#776,#782,#398,.T.);
#962=EDGE_CURVE('',#784,#784,#649,.T.);
#963=EDGE_CURVE('',#785,#785,#650,.T.);
#964=EDGE_CURVE('',#786,#786,#651,.T.);
#965=EDGE_CURVE('',#786,#784,#399,.T.);
#966=EDGE_CURVE('',#780,#785,#400,.T.);
#967=EDGE_CURVE('',#787,#788,#652,.T.);
#968=EDGE_CURVE('',#787,#789,#401,.T.);
#969=EDGE_CURVE('',#789,#790,#653,.T.);
#970=EDGE_CURVE('',#790,#788,#402,.T.);
#971=EDGE_CURVE('',#791,#787,#403,.T.);
#972=EDGE_CURVE('',#792,#791,#404,.T.);
#973=EDGE_CURVE('',#792,#789,#405,.T.);
#974=EDGE_CURVE('',#760,#791,#654,.T.);
#975=EDGE_CURVE('',#762,#792,#655,.T.);
#976=EDGE_CURVE('',#793,#761,#656,.T.);
#977=EDGE_CURVE('',#794,#793,#406,.T.);
#978=EDGE_CURVE('',#795,#794,#657,.T.);
#979=EDGE_CURVE('',#790,#795,#407,.T.);
#980=EDGE_CURVE('',#796,#797,#408,.T.);
#981=EDGE_CURVE('',#797,#798,#409,.T.);
#982=EDGE_CURVE('',#798,#799,#410,.T.);
#983=EDGE_CURVE('',#799,#796,#411,.T.);
#984=EDGE_CURVE('',#788,#800,#412,.T.);
#985=EDGE_CURVE('',#800,#795,#413,.T.);
#986=EDGE_CURVE('',#800,#801,#658,.T.);
#987=EDGE_CURVE('',#794,#801,#414,.T.);
#988=EDGE_CURVE('',#801,#802,#415,.T.);
#989=EDGE_CURVE('',#802,#793,#416,.T.);
#990=EDGE_CURVE('',#802,#759,#659,.T.);
#991=EDGE_CURVE('',#787,#803,#417,.T.);
#992=EDGE_CURVE('',#804,#788,#418,.T.);
#993=EDGE_CURVE('',#804,#803,#660,.T.);
#994=EDGE_CURVE('',#803,#805,#419,.T.);
#995=EDGE_CURVE('',#791,#805,#420,.T.);
#996=EDGE_CURVE('',#760,#806,#421,.T.);
#997=EDGE_CURVE('',#805,#806,#661,.T.);
#998=EDGE_CURVE('',#806,#807,#422,.T.);
#999=EDGE_CURVE('',#759,#807,#423,.T.);
#1000=EDGE_CURVE('',#802,#808,#424,.T.);
#1001=EDGE_CURVE('',#807,#808,#662,.T.);
#1002=EDGE_CURVE('',#808,#809,#425,.T.);
#1003=EDGE_CURVE('',#801,#809,#426,.T.);
#1004=EDGE_CURVE('',#800,#810,#427,.T.);
#1005=EDGE_CURVE('',#809,#810,#663,.T.);
#1006=EDGE_CURVE('',#810,#804,#428,.T.);
#1007=EDGE_CURVE('',#811,#812,#429,.T.);
#1008=EDGE_CURVE('',#812,#813,#430,.T.);
#1009=EDGE_CURVE('',#813,#814,#431,.T.);
#1010=EDGE_CURVE('',#814,#811,#432,.T.);
#1011=EDGE_CURVE('',#799,#813,#433,.T.);
#1012=EDGE_CURVE('',#796,#812,#434,.T.);
#1013=EDGE_CURVE('',#798,#814,#435,.T.);
#1014=EDGE_CURVE('',#797,#811,#436,.T.);
#1015=EDGE_CURVE('',#758,#815,#437,.T.);
#1016=EDGE_CURVE('',#815,#816,#664,.T.);
#1017=EDGE_CURVE('',#816,#817,#438,.T.);
#1018=EDGE_CURVE('',#817,#755,#665,.T.);
#1019=EDGE_CURVE('',#752,#817,#439,.T.);
#1020=EDGE_CURVE('',#753,#816,#440,.T.);
#1021=EDGE_CURVE('',#747,#815,#441,.T.);
#1022=EDGE_CURVE('',#818,#819,#666,.F.);
#1023=EDGE_CURVE('',#820,#818,#667,.F.);
#1024=EDGE_CURVE('',#819,#820,#668,.F.);
#1025=EDGE_CURVE('',#821,#822,#669,.F.);
#1026=EDGE_CURVE('',#823,#821,#670,.F.);
#1027=EDGE_CURVE('',#822,#823,#671,.F.);
#1028=EDGE_CURVE('',#824,#825,#672,.F.);
#1029=EDGE_CURVE('',#826,#824,#673,.T.);
#1030=EDGE_CURVE('',#826,#827,#674,.T.);
#1031=EDGE_CURVE('',#825,#827,#675,.T.);
#1032=EDGE_CURVE('',#828,#829,#676,.F.);
#1033=EDGE_CURVE('',#830,#828,#677,.F.);
#1034=EDGE_CURVE('',#829,#830,#678,.F.);
#1035=EDGE_CURVE('',#831,#832,#679,.T.);
#1036=EDGE_CURVE('',#833,#832,#680,.T.);
#1037=EDGE_CURVE('',#834,#833,#681,.F.);
#1038=EDGE_CURVE('',#831,#834,#682,.T.);
#1039=EDGE_CURVE('',#832,#826,#442,.T.);
#1040=EDGE_CURVE('',#824,#833,#443,.T.);
#1041=EDGE_CURVE('',#821,#834,#444,.T.);
#1042=EDGE_CURVE('',#833,#823,#445,.T.);
#1043=EDGE_CURVE('',#835,#836,#683,.F.);
#1044=EDGE_CURVE('',#837,#835,#684,.F.);
#1045=EDGE_CURVE('',#836,#837,#685,.F.);
#1046=EDGE_CURVE('',#838,#839,#686,.T.);
#1047=EDGE_CURVE('',#840,#839,#687,.T.);
#1048=EDGE_CURVE('',#841,#840,#688,.F.);
#1049=EDGE_CURVE('',#838,#841,#689,.T.);
#1050=EDGE_CURVE('',#842,#843,#690,.T.);
#1051=EDGE_CURVE('',#844,#843,#691,.T.);
#1052=EDGE_CURVE('',#845,#844,#692,.F.);
#1053=EDGE_CURVE('',#842,#845,#693,.T.);
#1054=EDGE_CURVE('',#843,#831,#446,.T.);
#1055=EDGE_CURVE('',#834,#844,#447,.T.);
#1056=EDGE_CURVE('',#835,#845,#448,.T.);
#1057=EDGE_CURVE('',#844,#837,#449,.T.);
#1058=EDGE_CURVE('',#839,#842,#450,.T.);
#1059=EDGE_CURVE('',#845,#840,#451,.T.);
#1060=EDGE_CURVE('',#828,#841,#452,.T.);
#1061=EDGE_CURVE('',#840,#830,#453,.T.);
#1062=EDGE_CURVE('',#827,#838,#454,.T.);
#1063=EDGE_CURVE('',#841,#825,#455,.T.);
#1064=EDGE_CURVE('',#822,#836,#456,.T.);
#1065=EDGE_CURVE('',#837,#821,#457,.T.);
#1066=EDGE_CURVE('',#836,#829,#458,.T.);
#1067=EDGE_CURVE('',#830,#835,#459,.T.);
#1068=EDGE_CURVE('',#829,#819,#460,.T.);
#1069=EDGE_CURVE('',#820,#828,#461,.T.);
#1070=EDGE_CURVE('',#818,#824,#462,.T.);
#1071=EDGE_CURVE('',#825,#820,#463,.T.);
#1072=EDGE_CURVE('',#819,#822,#464,.T.);
#1073=EDGE_CURVE('',#823,#818,#465,.T.);
#1074=EDGE_CURVE('',#846,#847,#466,.T.);
#1075=EDGE_CURVE('',#848,#846,#694,.T.);
#1076=EDGE_CURVE('',#849,#848,#467,.T.);
#1077=EDGE_CURVE('',#850,#849,#695,.T.);
#1078=EDGE_CURVE('',#851,#850,#468,.T.);
#1079=EDGE_CURVE('',#852,#851,#696,.T.);
#1080=EDGE_CURVE('',#853,#852,#469,.T.);
#1081=EDGE_CURVE('',#847,#853,#697,.T.);
#1082=EDGE_CURVE('',#854,#855,#698,.T.);
#1083=EDGE_CURVE('',#855,#856,#470,.T.);
#1084=EDGE_CURVE('',#856,#857,#699,.T.);
#1085=EDGE_CURVE('',#857,#854,#471,.T.);
#1086=EDGE_CURVE('',#858,#859,#700,.T.);
#1087=EDGE_CURVE('',#859,#855,#13,.T.);
#1088=EDGE_CURVE('',#854,#858,#14,.T.);
#1089=EDGE_CURVE('',#860,#861,#701,.T.);
#1090=EDGE_CURVE('',#861,#857,#15,.T.);
#1091=EDGE_CURVE('',#856,#860,#16,.T.);
#1092=EDGE_CURVE('',#862,#863,#702,.T.);
#1093=EDGE_CURVE('',#863,#859,#472,.T.);
#1094=EDGE_CURVE('',#858,#862,#473,.T.);
#1095=EDGE_CURVE('',#864,#865,#703,.T.);
#1096=EDGE_CURVE('',#865,#861,#474,.T.);
#1097=EDGE_CURVE('',#860,#864,#475,.T.);
#1098=EDGE_CURVE('',#866,#867,#704,.T.);
#1099=EDGE_CURVE('',#867,#863,#17,.T.);
#1100=EDGE_CURVE('',#862,#866,#18,.T.);
#1101=EDGE_CURVE('',#868,#869,#705,.T.);
#1102=EDGE_CURVE('',#869,#865,#19,.T.);
#1103=EDGE_CURVE('',#864,#868,#20,.T.);
#1104=EDGE_CURVE('',#868,#867,#476,.T.);
#1105=EDGE_CURVE('',#866,#869,#477,.T.);
#1106=EDGE_CURVE('',#870,#864,#706,.T.);
#1107=EDGE_CURVE('',#870,#871,#707,.T.);
#1108=EDGE_CURVE('',#871,#868,#708,.T.);
#1109=EDGE_CURVE('',#860,#872,#709,.T.);
#1110=EDGE_CURVE('',#872,#870,#478,.T.);
#1111=EDGE_CURVE('',#873,#856,#710,.T.);
#1112=EDGE_CURVE('',#873,#872,#711,.T.);
#1113=EDGE_CURVE('',#874,#855,#712,.T.);
#1114=EDGE_CURVE('',#874,#873,#479,.T.);
#1115=EDGE_CURVE('',#875,#876,#480,.T.);
#1116=EDGE_CURVE('',#877,#875,#713,.T.);
#1117=EDGE_CURVE('',#878,#877,#481,.T.);
#1118=EDGE_CURVE('',#879,#878,#714,.T.);
#1119=EDGE_CURVE('',#880,#879,#482,.T.);
#1120=EDGE_CURVE('',#881,#880,#715,.T.);
#1121=EDGE_CURVE('',#882,#881,#483,.T.);
#1122=EDGE_CURVE('',#876,#882,#716,.T.);
#1123=EDGE_CURVE('',#871,#883,#484,.T.);
#1124=EDGE_CURVE('',#883,#867,#717,.T.);
#1125=EDGE_CURVE('',#883,#884,#718,.T.);
#1126=EDGE_CURVE('',#884,#863,#719,.T.);
#1127=EDGE_CURVE('',#884,#885,#485,.T.);
#1128=EDGE_CURVE('',#885,#859,#720,.T.);
#1129=EDGE_CURVE('',#885,#874,#721,.T.);
#1130=EDGE_CURVE('',#876,#846,#722,.T.);
#1131=EDGE_CURVE('',#847,#875,#723,.T.);
#1132=EDGE_CURVE('',#853,#877,#724,.T.);
#1133=EDGE_CURVE('',#852,#878,#725,.T.);
#1134=EDGE_CURVE('',#851,#879,#726,.T.);
#1135=EDGE_CURVE('',#880,#850,#727,.T.);
#1136=EDGE_CURVE('',#881,#849,#728,.T.);
#1137=EDGE_CURVE('',#882,#848,#729,.T.);
#1138=ORIENTED_EDGE('',*,*,#886,.F.);
#1139=ORIENTED_EDGE('',*,*,#887,.T.);
#1140=ORIENTED_EDGE('',*,*,#888,.T.);
#1141=ORIENTED_EDGE('',*,*,#889,.F.);
#1142=ORIENTED_EDGE('',*,*,#890,.F.);
#1143=ORIENTED_EDGE('',*,*,#891,.T.);
#1144=ORIENTED_EDGE('',*,*,#892,.T.);
#1145=ORIENTED_EDGE('',*,*,#887,.F.);
#1146=ORIENTED_EDGE('',*,*,#893,.F.);
#1147=ORIENTED_EDGE('',*,*,#894,.T.);
#1148=ORIENTED_EDGE('',*,*,#895,.T.);
#1149=ORIENTED_EDGE('',*,*,#891,.F.);
#1150=ORIENTED_EDGE('',*,*,#896,.F.);
#1151=ORIENTED_EDGE('',*,*,#897,.T.);
#1152=ORIENTED_EDGE('',*,*,#898,.T.);
#1153=ORIENTED_EDGE('',*,*,#894,.F.);
#1154=ORIENTED_EDGE('',*,*,#899,.F.);
#1155=ORIENTED_EDGE('',*,*,#900,.T.);
#1156=ORIENTED_EDGE('',*,*,#901,.T.);
#1157=ORIENTED_EDGE('',*,*,#897,.F.);
#1158=ORIENTED_EDGE('',*,*,#902,.F.);
#1159=ORIENTED_EDGE('',*,*,#903,.T.);
#1160=ORIENTED_EDGE('',*,*,#904,.T.);
#1161=ORIENTED_EDGE('',*,*,#900,.F.);
#1162=ORIENTED_EDGE('',*,*,#905,.F.);
#1163=ORIENTED_EDGE('',*,*,#906,.T.);
#1164=ORIENTED_EDGE('',*,*,#907,.T.);
#1165=ORIENTED_EDGE('',*,*,#903,.F.);
#1166=ORIENTED_EDGE('',*,*,#908,.F.);
#1167=ORIENTED_EDGE('',*,*,#889,.T.);
#1168=ORIENTED_EDGE('',*,*,#909,.T.);
#1169=ORIENTED_EDGE('',*,*,#906,.F.);
#1170=ORIENTED_EDGE('',*,*,#909,.F.);
#1171=ORIENTED_EDGE('',*,*,#888,.F.);
#1172=ORIENTED_EDGE('',*,*,#892,.F.);
#1173=ORIENTED_EDGE('',*,*,#895,.F.);
#1174=ORIENTED_EDGE('',*,*,#898,.F.);
#1175=ORIENTED_EDGE('',*,*,#901,.F.);
#1176=ORIENTED_EDGE('',*,*,#904,.F.);
#1177=ORIENTED_EDGE('',*,*,#907,.F.);
#1178=ORIENTED_EDGE('',*,*,#910,.F.);
#1179=ORIENTED_EDGE('',*,*,#911,.F.);
#1180=ORIENTED_EDGE('',*,*,#912,.F.);
#1181=ORIENTED_EDGE('',*,*,#913,.F.);
#1182=ORIENTED_EDGE('',*,*,#914,.F.);
#1183=ORIENTED_EDGE('',*,*,#915,.F.);
#1184=ORIENTED_EDGE('',*,*,#916,.F.);
#1185=ORIENTED_EDGE('',*,*,#917,.F.);
#1186=ORIENTED_EDGE('',*,*,#914,.T.);
#1187=ORIENTED_EDGE('',*,*,#918,.T.);
#1188=ORIENTED_EDGE('',*,*,#919,.F.);
#1189=ORIENTED_EDGE('',*,*,#920,.F.);
#1190=ORIENTED_EDGE('',*,*,#913,.T.);
#1191=ORIENTED_EDGE('',*,*,#921,.T.);
#1192=ORIENTED_EDGE('',*,*,#922,.F.);
#1193=ORIENTED_EDGE('',*,*,#918,.F.);
#1194=ORIENTED_EDGE('',*,*,#912,.T.);
#1195=ORIENTED_EDGE('',*,*,#923,.T.);
#1196=ORIENTED_EDGE('',*,*,#924,.F.);
#1197=ORIENTED_EDGE('',*,*,#921,.F.);
#1198=ORIENTED_EDGE('',*,*,#911,.T.);
#1199=ORIENTED_EDGE('',*,*,#925,.T.);
#1200=ORIENTED_EDGE('',*,*,#926,.F.);
#1201=ORIENTED_EDGE('',*,*,#923,.F.);
#1202=ORIENTED_EDGE('',*,*,#927,.F.);
#1203=ORIENTED_EDGE('',*,*,#928,.F.);
#1204=ORIENTED_EDGE('',*,*,#929,.T.);
#1205=ORIENTED_EDGE('',*,*,#930,.F.);
#1206=ORIENTED_EDGE('',*,*,#931,.T.);
#1207=ORIENTED_EDGE('',*,*,#932,.F.);
#1208=ORIENTED_EDGE('',*,*,#933,.T.);
#1209=ORIENTED_EDGE('',*,*,#934,.F.);
#1210=ORIENTED_EDGE('',*,*,#935,.T.);
#1211=ORIENTED_EDGE('',*,*,#934,.T.);
#1212=ORIENTED_EDGE('',*,*,#936,.T.);
#1213=ORIENTED_EDGE('',*,*,#937,.F.);
#1214=ORIENTED_EDGE('',*,*,#938,.T.);
#1215=ORIENTED_EDGE('',*,*,#937,.T.);
#1216=ORIENTED_EDGE('',*,*,#939,.T.);
#1217=ORIENTED_EDGE('',*,*,#940,.F.);
#1218=ORIENTED_EDGE('',*,*,#941,.T.);
#1219=ORIENTED_EDGE('',*,*,#940,.T.);
#1220=ORIENTED_EDGE('',*,*,#942,.T.);
#1221=ORIENTED_EDGE('',*,*,#932,.T.);
#1222=ORIENTED_EDGE('',*,*,#943,.T.);
#1223=ORIENTED_EDGE('',*,*,#944,.T.);
#1224=ORIENTED_EDGE('',*,*,#945,.T.);
#1225=ORIENTED_EDGE('',*,*,#946,.T.);
#1226=ORIENTED_EDGE('',*,*,#947,.F.);
#1227=ORIENTED_EDGE('',*,*,#948,.T.);
#1228=ORIENTED_EDGE('',*,*,#945,.F.);
#1229=ORIENTED_EDGE('',*,*,#948,.F.);
#1230=ORIENTED_EDGE('',*,*,#931,.F.);
#1231=ORIENTED_EDGE('',*,*,#949,.T.);
#1232=ORIENTED_EDGE('',*,*,#946,.F.);
#1233=ORIENTED_EDGE('',*,*,#949,.F.);
#1234=ORIENTED_EDGE('',*,*,#950,.T.);
#1235=ORIENTED_EDGE('',*,*,#951,.T.);
#1236=ORIENTED_EDGE('',*,*,#952,.T.);
#1237=ORIENTED_EDGE('',*,*,#953,.F.);
#1238=ORIENTED_EDGE('',*,*,#954,.T.);
#1239=ORIENTED_EDGE('',*,*,#951,.F.);
#1240=ORIENTED_EDGE('',*,*,#954,.F.);
#1241=ORIENTED_EDGE('',*,*,#944,.F.);
#1242=ORIENTED_EDGE('',*,*,#955,.T.);
#1243=ORIENTED_EDGE('',*,*,#952,.F.);
#1244=ORIENTED_EDGE('',*,*,#955,.F.);
#1245=ORIENTED_EDGE('',*,*,#956,.T.);
#1246=ORIENTED_EDGE('',*,*,#957,.T.);
#1247=ORIENTED_EDGE('',*,*,#958,.T.);
#1248=ORIENTED_EDGE('',*,*,#959,.F.);
#1249=ORIENTED_EDGE('',*,*,#960,.T.);
#1250=ORIENTED_EDGE('',*,*,#957,.F.);
#1251=ORIENTED_EDGE('',*,*,#960,.F.);
#1252=ORIENTED_EDGE('',*,*,#950,.F.);
#1253=ORIENTED_EDGE('',*,*,#961,.T.);
#1254=ORIENTED_EDGE('',*,*,#958,.F.);
#1255=ORIENTED_EDGE('',*,*,#961,.F.);
#1256=ORIENTED_EDGE('',*,*,#962,.T.);
#1257=ORIENTED_EDGE('',*,*,#963,.T.);
#1258=ORIENTED_EDGE('',*,*,#964,.F.);
#1259=ORIENTED_EDGE('',*,*,#965,.T.);
#1260=ORIENTED_EDGE('',*,*,#962,.F.);
#1261=ORIENTED_EDGE('',*,*,#965,.F.);
#1262=ORIENTED_EDGE('',*,*,#956,.F.);
#1263=ORIENTED_EDGE('',*,*,#966,.T.);
#1264=ORIENTED_EDGE('',*,*,#963,.F.);
#1265=ORIENTED_EDGE('',*,*,#966,.F.);
#1266=ORIENTED_EDGE('',*,*,#967,.F.);
#1267=ORIENTED_EDGE('',*,*,#968,.T.);
#1268=ORIENTED_EDGE('',*,*,#969,.T.);
#1269=ORIENTED_EDGE('',*,*,#970,.T.);
#1270=ORIENTED_EDGE('',*,*,#971,.F.);
#1271=ORIENTED_EDGE('',*,*,#972,.F.);
#1272=ORIENTED_EDGE('',*,*,#973,.T.);
#1273=ORIENTED_EDGE('',*,*,#968,.F.);
#1274=ORIENTED_EDGE('',*,*,#974,.F.);
#1275=ORIENTED_EDGE('',*,*,#930,.T.);
#1276=ORIENTED_EDGE('',*,*,#975,.T.);
#1277=ORIENTED_EDGE('',*,*,#972,.T.);
#1278=ORIENTED_EDGE('',*,*,#976,.F.);
#1279=ORIENTED_EDGE('',*,*,#977,.F.);
#1280=ORIENTED_EDGE('',*,*,#978,.F.);
#1281=ORIENTED_EDGE('',*,*,#979,.F.);
#1282=ORIENTED_EDGE('',*,*,#969,.F.);
#1283=ORIENTED_EDGE('',*,*,#973,.F.);
#1284=ORIENTED_EDGE('',*,*,#975,.F.);
#1285=ORIENTED_EDGE('',*,*,#929,.F.);
#1286=ORIENTED_EDGE('',*,*,#980,.T.);
#1287=ORIENTED_EDGE('',*,*,#981,.T.);
#1288=ORIENTED_EDGE('',*,*,#982,.T.);
#1289=ORIENTED_EDGE('',*,*,#983,.T.);
#1290=ORIENTED_EDGE('',*,*,#984,.F.);
#1291=ORIENTED_EDGE('',*,*,#970,.F.);
#1292=ORIENTED_EDGE('',*,*,#979,.T.);
#1293=ORIENTED_EDGE('',*,*,#985,.F.);
#1294=ORIENTED_EDGE('',*,*,#986,.F.);
#1295=ORIENTED_EDGE('',*,*,#985,.T.);
#1296=ORIENTED_EDGE('',*,*,#978,.T.);
#1297=ORIENTED_EDGE('',*,*,#987,.T.);
#1298=ORIENTED_EDGE('',*,*,#988,.F.);
#1299=ORIENTED_EDGE('',*,*,#987,.F.);
#1300=ORIENTED_EDGE('',*,*,#977,.T.);
#1301=ORIENTED_EDGE('',*,*,#989,.F.);
#1302=ORIENTED_EDGE('',*,*,#990,.F.);
#1303=ORIENTED_EDGE('',*,*,#989,.T.);
#1304=ORIENTED_EDGE('',*,*,#976,.T.);
#1305=ORIENTED_EDGE('',*,*,#928,.T.);
#1306=ORIENTED_EDGE('',*,*,#991,.F.);
#1307=ORIENTED_EDGE('',*,*,#967,.T.);
#1308=ORIENTED_EDGE('',*,*,#992,.F.);
#1309=ORIENTED_EDGE('',*,*,#993,.T.);
#1310=ORIENTED_EDGE('',*,*,#991,.T.);
#1311=ORIENTED_EDGE('',*,*,#994,.T.);
#1312=ORIENTED_EDGE('',*,*,#995,.F.);
#1313=ORIENTED_EDGE('',*,*,#971,.T.);
#1314=ORIENTED_EDGE('',*,*,#996,.F.);
#1315=ORIENTED_EDGE('',*,*,#974,.T.);
#1316=ORIENTED_EDGE('',*,*,#995,.T.);
#1317=ORIENTED_EDGE('',*,*,#997,.T.);
#1318=ORIENTED_EDGE('',*,*,#996,.T.);
#1319=ORIENTED_EDGE('',*,*,#998,.T.);
#1320=ORIENTED_EDGE('',*,*,#999,.F.);
#1321=ORIENTED_EDGE('',*,*,#927,.T.);
#1322=ORIENTED_EDGE('',*,*,#1000,.F.);
#1323=ORIENTED_EDGE('',*,*,#990,.T.);
#1324=ORIENTED_EDGE('',*,*,#999,.T.);
#1325=ORIENTED_EDGE('',*,*,#1001,.T.);
#1326=ORIENTED_EDGE('',*,*,#1000,.T.);
#1327=ORIENTED_EDGE('',*,*,#1002,.T.);
#1328=ORIENTED_EDGE('',*,*,#1003,.F.);
#1329=ORIENTED_EDGE('',*,*,#988,.T.);
#1330=ORIENTED_EDGE('',*,*,#1004,.F.);
#1331=ORIENTED_EDGE('',*,*,#986,.T.);
#1332=ORIENTED_EDGE('',*,*,#1003,.T.);
#1333=ORIENTED_EDGE('',*,*,#1005,.T.);
#1334=ORIENTED_EDGE('',*,*,#1004,.T.);
#1335=ORIENTED_EDGE('',*,*,#1006,.T.);
#1336=ORIENTED_EDGE('',*,*,#992,.T.);
#1337=ORIENTED_EDGE('',*,*,#984,.T.);
#1338=ORIENTED_EDGE('',*,*,#1007,.T.);
#1339=ORIENTED_EDGE('',*,*,#1008,.T.);
#1340=ORIENTED_EDGE('',*,*,#1009,.T.);
#1341=ORIENTED_EDGE('',*,*,#1010,.T.);
#1342=ORIENTED_EDGE('',*,*,#941,.F.);
#1343=ORIENTED_EDGE('',*,*,#943,.F.);
#1344=ORIENTED_EDGE('',*,*,#935,.F.);
#1345=ORIENTED_EDGE('',*,*,#938,.F.);
#1346=ORIENTED_EDGE('',*,*,#983,.F.);
#1347=ORIENTED_EDGE('',*,*,#1011,.T.);
#1348=ORIENTED_EDGE('',*,*,#1008,.F.);
#1349=ORIENTED_EDGE('',*,*,#1012,.F.);
#1350=ORIENTED_EDGE('',*,*,#982,.F.);
#1351=ORIENTED_EDGE('',*,*,#1013,.T.);
#1352=ORIENTED_EDGE('',*,*,#1009,.F.);
#1353=ORIENTED_EDGE('',*,*,#1011,.F.);
#1354=ORIENTED_EDGE('',*,*,#981,.F.);
#1355=ORIENTED_EDGE('',*,*,#1014,.T.);
#1356=ORIENTED_EDGE('',*,*,#1010,.F.);
#1357=ORIENTED_EDGE('',*,*,#1013,.F.);
#1358=ORIENTED_EDGE('',*,*,#980,.F.);
#1359=ORIENTED_EDGE('',*,*,#1012,.T.);
#1360=ORIENTED_EDGE('',*,*,#1007,.F.);
#1361=ORIENTED_EDGE('',*,*,#1014,.F.);
#1362=ORIENTED_EDGE('',*,*,#942,.F.);
#1363=ORIENTED_EDGE('',*,*,#939,.F.);
#1364=ORIENTED_EDGE('',*,*,#936,.F.);
#1365=ORIENTED_EDGE('',*,*,#933,.F.);
#1366=ORIENTED_EDGE('',*,*,#886,.T.);
#1367=ORIENTED_EDGE('',*,*,#908,.T.);
#1368=ORIENTED_EDGE('',*,*,#905,.T.);
#1369=ORIENTED_EDGE('',*,*,#902,.T.);
#1370=ORIENTED_EDGE('',*,*,#899,.T.);
#1371=ORIENTED_EDGE('',*,*,#896,.T.);
#1372=ORIENTED_EDGE('',*,*,#893,.T.);
#1373=ORIENTED_EDGE('',*,*,#890,.T.);
#1374=ORIENTED_EDGE('',*,*,#964,.T.);
#1375=ORIENTED_EDGE('',*,*,#953,.T.);
#1376=ORIENTED_EDGE('',*,*,#947,.T.);
#1377=ORIENTED_EDGE('',*,*,#959,.T.);
#1378=ORIENTED_EDGE('',*,*,#1006,.F.);
#1379=ORIENTED_EDGE('',*,*,#1005,.F.);
#1380=ORIENTED_EDGE('',*,*,#1002,.F.);
#1381=ORIENTED_EDGE('',*,*,#1001,.F.);
#1382=ORIENTED_EDGE('',*,*,#998,.F.);
#1383=ORIENTED_EDGE('',*,*,#997,.F.);
#1384=ORIENTED_EDGE('',*,*,#994,.F.);
#1385=ORIENTED_EDGE('',*,*,#993,.F.);
#1386=ORIENTED_EDGE('',*,*,#924,.T.);
#1387=ORIENTED_EDGE('',*,*,#926,.T.);
#1388=ORIENTED_EDGE('',*,*,#1015,.T.);
#1389=ORIENTED_EDGE('',*,*,#1016,.T.);
#1390=ORIENTED_EDGE('',*,*,#1017,.T.);
#1391=ORIENTED_EDGE('',*,*,#1018,.T.);
#1392=ORIENTED_EDGE('',*,*,#919,.T.);
#1393=ORIENTED_EDGE('',*,*,#922,.T.);
#1394=ORIENTED_EDGE('',*,*,#915,.T.);
#1395=ORIENTED_EDGE('',*,*,#920,.T.);
#1396=ORIENTED_EDGE('',*,*,#1018,.F.);
#1397=ORIENTED_EDGE('',*,*,#1019,.F.);
#1398=ORIENTED_EDGE('',*,*,#916,.T.);
#1399=ORIENTED_EDGE('',*,*,#1019,.T.);
#1400=ORIENTED_EDGE('',*,*,#1017,.F.);
#1401=ORIENTED_EDGE('',*,*,#1020,.F.);
#1402=ORIENTED_EDGE('',*,*,#917,.T.);
#1403=ORIENTED_EDGE('',*,*,#1020,.T.);
#1404=ORIENTED_EDGE('',*,*,#1016,.F.);
#1405=ORIENTED_EDGE('',*,*,#1021,.F.);
#1406=ORIENTED_EDGE('',*,*,#910,.T.);
#1407=ORIENTED_EDGE('',*,*,#1021,.T.);
#1408=ORIENTED_EDGE('',*,*,#1015,.F.);
#1409=ORIENTED_EDGE('',*,*,#925,.F.);
#1410=ORIENTED_EDGE('',*,*,#1022,.F.);
#1411=ORIENTED_EDGE('',*,*,#1023,.F.);
#1412=ORIENTED_EDGE('',*,*,#1024,.F.);
#1413=ORIENTED_EDGE('',*,*,#1025,.F.);
#1414=ORIENTED_EDGE('',*,*,#1026,.F.);
#1415=ORIENTED_EDGE('',*,*,#1027,.F.);
#1416=ORIENTED_EDGE('',*,*,#1028,.F.);
#1417=ORIENTED_EDGE('',*,*,#1029,.F.);
#1418=ORIENTED_EDGE('',*,*,#1030,.T.);
#1419=ORIENTED_EDGE('',*,*,#1031,.F.);
#1420=ORIENTED_EDGE('',*,*,#1032,.F.);
#1421=ORIENTED_EDGE('',*,*,#1033,.F.);
#1422=ORIENTED_EDGE('',*,*,#1034,.F.);
#1423=ORIENTED_EDGE('',*,*,#1035,.T.);
#1424=ORIENTED_EDGE('',*,*,#1036,.F.);
#1425=ORIENTED_EDGE('',*,*,#1037,.F.);
#1426=ORIENTED_EDGE('',*,*,#1038,.F.);
#1427=ORIENTED_EDGE('',*,*,#1036,.T.);
#1428=ORIENTED_EDGE('',*,*,#1039,.T.);
#1429=ORIENTED_EDGE('',*,*,#1029,.T.);
#1430=ORIENTED_EDGE('',*,*,#1040,.T.);
#1431=ORIENTED_EDGE('',*,*,#1026,.T.);
#1432=ORIENTED_EDGE('',*,*,#1041,.T.);
#1433=ORIENTED_EDGE('',*,*,#1037,.T.);
#1434=ORIENTED_EDGE('',*,*,#1042,.T.);
#1435=ORIENTED_EDGE('',*,*,#1043,.F.);
#1436=ORIENTED_EDGE('',*,*,#1044,.F.);
#1437=ORIENTED_EDGE('',*,*,#1045,.F.);
#1438=ORIENTED_EDGE('',*,*,#1046,.T.);
#1439=ORIENTED_EDGE('',*,*,#1047,.F.);
#1440=ORIENTED_EDGE('',*,*,#1048,.F.);
#1441=ORIENTED_EDGE('',*,*,#1049,.F.);
#1442=ORIENTED_EDGE('',*,*,#1050,.T.);
#1443=ORIENTED_EDGE('',*,*,#1051,.F.);
#1444=ORIENTED_EDGE('',*,*,#1052,.F.);
#1445=ORIENTED_EDGE('',*,*,#1053,.F.);
#1446=ORIENTED_EDGE('',*,*,#1051,.T.);
#1447=ORIENTED_EDGE('',*,*,#1054,.T.);
#1448=ORIENTED_EDGE('',*,*,#1038,.T.);
#1449=ORIENTED_EDGE('',*,*,#1055,.T.);
#1450=ORIENTED_EDGE('',*,*,#1044,.T.);
#1451=ORIENTED_EDGE('',*,*,#1056,.T.);
#1452=ORIENTED_EDGE('',*,*,#1052,.T.);
#1453=ORIENTED_EDGE('',*,*,#1057,.T.);
#1454=ORIENTED_EDGE('',*,*,#1047,.T.);
#1455=ORIENTED_EDGE('',*,*,#1058,.T.);
#1456=ORIENTED_EDGE('',*,*,#1053,.T.);
#1457=ORIENTED_EDGE('',*,*,#1059,.T.);
#1458=ORIENTED_EDGE('',*,*,#1033,.T.);
#1459=ORIENTED_EDGE('',*,*,#1060,.T.);
#1460=ORIENTED_EDGE('',*,*,#1048,.T.);
#1461=ORIENTED_EDGE('',*,*,#1061,.T.);
#1462=ORIENTED_EDGE('',*,*,#1031,.T.);
#1463=ORIENTED_EDGE('',*,*,#1062,.T.);
#1464=ORIENTED_EDGE('',*,*,#1049,.T.);
#1465=ORIENTED_EDGE('',*,*,#1063,.T.);
#1466=ORIENTED_EDGE('',*,*,#1025,.T.);
#1467=ORIENTED_EDGE('',*,*,#1064,.T.);
#1468=ORIENTED_EDGE('',*,*,#1045,.T.);
#1469=ORIENTED_EDGE('',*,*,#1065,.T.);
#1470=ORIENTED_EDGE('',*,*,#1043,.T.);
#1471=ORIENTED_EDGE('',*,*,#1066,.T.);
#1472=ORIENTED_EDGE('',*,*,#1034,.T.);
#1473=ORIENTED_EDGE('',*,*,#1067,.T.);
#1474=ORIENTED_EDGE('',*,*,#1032,.T.);
#1475=ORIENTED_EDGE('',*,*,#1068,.T.);
#1476=ORIENTED_EDGE('',*,*,#1024,.T.);
#1477=ORIENTED_EDGE('',*,*,#1069,.T.);
#1478=ORIENTED_EDGE('',*,*,#1023,.T.);
#1479=ORIENTED_EDGE('',*,*,#1070,.T.);
#1480=ORIENTED_EDGE('',*,*,#1028,.T.);
#1481=ORIENTED_EDGE('',*,*,#1071,.T.);
#1482=ORIENTED_EDGE('',*,*,#1022,.T.);
#1483=ORIENTED_EDGE('',*,*,#1072,.T.);
#1484=ORIENTED_EDGE('',*,*,#1027,.T.);
#1485=ORIENTED_EDGE('',*,*,#1073,.T.);
#1486=ORIENTED_EDGE('',*,*,#1040,.F.);
#1487=ORIENTED_EDGE('',*,*,#1070,.F.);
#1488=ORIENTED_EDGE('',*,*,#1073,.F.);
#1489=ORIENTED_EDGE('',*,*,#1042,.F.);
#1490=ORIENTED_EDGE('',*,*,#1041,.F.);
#1491=ORIENTED_EDGE('',*,*,#1065,.F.);
#1492=ORIENTED_EDGE('',*,*,#1057,.F.);
#1493=ORIENTED_EDGE('',*,*,#1055,.F.);
#1494=ORIENTED_EDGE('',*,*,#1074,.F.);
#1495=ORIENTED_EDGE('',*,*,#1075,.F.);
#1496=ORIENTED_EDGE('',*,*,#1076,.F.);
#1497=ORIENTED_EDGE('',*,*,#1077,.F.);
#1498=ORIENTED_EDGE('',*,*,#1078,.F.);
#1499=ORIENTED_EDGE('',*,*,#1079,.F.);
#1500=ORIENTED_EDGE('',*,*,#1080,.F.);
#1501=ORIENTED_EDGE('',*,*,#1081,.F.);
#1502=ORIENTED_EDGE('',*,*,#1050,.F.);
#1503=ORIENTED_EDGE('',*,*,#1058,.F.);
#1504=ORIENTED_EDGE('',*,*,#1046,.F.);
#1505=ORIENTED_EDGE('',*,*,#1062,.F.);
#1506=ORIENTED_EDGE('',*,*,#1030,.F.);
#1507=ORIENTED_EDGE('',*,*,#1039,.F.);
#1508=ORIENTED_EDGE('',*,*,#1035,.F.);
#1509=ORIENTED_EDGE('',*,*,#1054,.F.);
#1510=ORIENTED_EDGE('',*,*,#1056,.F.);
#1511=ORIENTED_EDGE('',*,*,#1067,.F.);
#1512=ORIENTED_EDGE('',*,*,#1061,.F.);
#1513=ORIENTED_EDGE('',*,*,#1059,.F.);
#1514=ORIENTED_EDGE('',*,*,#1060,.F.);
#1515=ORIENTED_EDGE('',*,*,#1069,.F.);
#1516=ORIENTED_EDGE('',*,*,#1071,.F.);
#1517=ORIENTED_EDGE('',*,*,#1063,.F.);
#1518=ORIENTED_EDGE('',*,*,#1064,.F.);
#1519=ORIENTED_EDGE('',*,*,#1072,.F.);
#1520=ORIENTED_EDGE('',*,*,#1068,.F.);
#1521=ORIENTED_EDGE('',*,*,#1066,.F.);
#1522=ORIENTED_EDGE('',*,*,#1082,.T.);
#1523=ORIENTED_EDGE('',*,*,#1083,.T.);
#1524=ORIENTED_EDGE('',*,*,#1084,.T.);
#1525=ORIENTED_EDGE('',*,*,#1085,.T.);
#1526=ORIENTED_EDGE('',*,*,#1086,.T.);
#1527=ORIENTED_EDGE('',*,*,#1087,.T.);
#1528=ORIENTED_EDGE('',*,*,#1082,.F.);
#1529=ORIENTED_EDGE('',*,*,#1088,.T.);
#1530=ORIENTED_EDGE('',*,*,#1089,.T.);
#1531=ORIENTED_EDGE('',*,*,#1090,.T.);
#1532=ORIENTED_EDGE('',*,*,#1084,.F.);
#1533=ORIENTED_EDGE('',*,*,#1091,.T.);
#1534=ORIENTED_EDGE('',*,*,#1092,.T.);
#1535=ORIENTED_EDGE('',*,*,#1093,.T.);
#1536=ORIENTED_EDGE('',*,*,#1086,.F.);
#1537=ORIENTED_EDGE('',*,*,#1094,.T.);
#1538=ORIENTED_EDGE('',*,*,#1095,.T.);
#1539=ORIENTED_EDGE('',*,*,#1096,.T.);
#1540=ORIENTED_EDGE('',*,*,#1089,.F.);
#1541=ORIENTED_EDGE('',*,*,#1097,.T.);
#1542=ORIENTED_EDGE('',*,*,#1098,.T.);
#1543=ORIENTED_EDGE('',*,*,#1099,.T.);
#1544=ORIENTED_EDGE('',*,*,#1092,.F.);
#1545=ORIENTED_EDGE('',*,*,#1100,.T.);
#1546=ORIENTED_EDGE('',*,*,#1101,.T.);
#1547=ORIENTED_EDGE('',*,*,#1102,.T.);
#1548=ORIENTED_EDGE('',*,*,#1095,.F.);
#1549=ORIENTED_EDGE('',*,*,#1103,.T.);
#1550=ORIENTED_EDGE('',*,*,#1101,.F.);
#1551=ORIENTED_EDGE('',*,*,#1104,.T.);
#1552=ORIENTED_EDGE('',*,*,#1098,.F.);
#1553=ORIENTED_EDGE('',*,*,#1105,.T.);
#1554=ORIENTED_EDGE('',*,*,#1103,.F.);
#1555=ORIENTED_EDGE('',*,*,#1106,.F.);
#1556=ORIENTED_EDGE('',*,*,#1107,.T.);
#1557=ORIENTED_EDGE('',*,*,#1108,.T.);
#1558=ORIENTED_EDGE('',*,*,#1097,.F.);
#1559=ORIENTED_EDGE('',*,*,#1109,.T.);
#1560=ORIENTED_EDGE('',*,*,#1110,.T.);
#1561=ORIENTED_EDGE('',*,*,#1106,.T.);
#1562=ORIENTED_EDGE('',*,*,#1091,.F.);
#1563=ORIENTED_EDGE('',*,*,#1111,.F.);
#1564=ORIENTED_EDGE('',*,*,#1112,.T.);
#1565=ORIENTED_EDGE('',*,*,#1109,.F.);
#1566=ORIENTED_EDGE('',*,*,#1083,.F.);
#1567=ORIENTED_EDGE('',*,*,#1113,.F.);
#1568=ORIENTED_EDGE('',*,*,#1114,.T.);
#1569=ORIENTED_EDGE('',*,*,#1111,.T.);
#1570=ORIENTED_EDGE('',*,*,#1115,.F.);
#1571=ORIENTED_EDGE('',*,*,#1116,.F.);
#1572=ORIENTED_EDGE('',*,*,#1117,.F.);
#1573=ORIENTED_EDGE('',*,*,#1118,.F.);
#1574=ORIENTED_EDGE('',*,*,#1119,.F.);
#1575=ORIENTED_EDGE('',*,*,#1120,.F.);
#1576=ORIENTED_EDGE('',*,*,#1121,.F.);
#1577=ORIENTED_EDGE('',*,*,#1122,.F.);
#1578=ORIENTED_EDGE('',*,*,#1085,.F.);
#1579=ORIENTED_EDGE('',*,*,#1090,.F.);
#1580=ORIENTED_EDGE('',*,*,#1096,.F.);
#1581=ORIENTED_EDGE('',*,*,#1102,.F.);
#1582=ORIENTED_EDGE('',*,*,#1105,.F.);
#1583=ORIENTED_EDGE('',*,*,#1100,.F.);
#1584=ORIENTED_EDGE('',*,*,#1094,.F.);
#1585=ORIENTED_EDGE('',*,*,#1088,.F.);
#1586=ORIENTED_EDGE('',*,*,#1104,.F.);
#1587=ORIENTED_EDGE('',*,*,#1108,.F.);
#1588=ORIENTED_EDGE('',*,*,#1123,.T.);
#1589=ORIENTED_EDGE('',*,*,#1124,.T.);
#1590=ORIENTED_EDGE('',*,*,#1099,.F.);
#1591=ORIENTED_EDGE('',*,*,#1124,.F.);
#1592=ORIENTED_EDGE('',*,*,#1125,.T.);
#1593=ORIENTED_EDGE('',*,*,#1126,.T.);
#1594=ORIENTED_EDGE('',*,*,#1093,.F.);
#1595=ORIENTED_EDGE('',*,*,#1126,.F.);
#1596=ORIENTED_EDGE('',*,*,#1127,.T.);
#1597=ORIENTED_EDGE('',*,*,#1128,.T.);
#1598=ORIENTED_EDGE('',*,*,#1087,.F.);
#1599=ORIENTED_EDGE('',*,*,#1128,.F.);
#1600=ORIENTED_EDGE('',*,*,#1129,.T.);
#1601=ORIENTED_EDGE('',*,*,#1113,.T.);
#1602=ORIENTED_EDGE('',*,*,#1110,.F.);
#1603=ORIENTED_EDGE('',*,*,#1112,.F.);
#1604=ORIENTED_EDGE('',*,*,#1114,.F.);
#1605=ORIENTED_EDGE('',*,*,#1129,.F.);
#1606=ORIENTED_EDGE('',*,*,#1127,.F.);
#1607=ORIENTED_EDGE('',*,*,#1125,.F.);
#1608=ORIENTED_EDGE('',*,*,#1123,.F.);
#1609=ORIENTED_EDGE('',*,*,#1107,.F.);
#1610=ORIENTED_EDGE('',*,*,#1130,.T.);
#1611=ORIENTED_EDGE('',*,*,#1074,.T.);
#1612=ORIENTED_EDGE('',*,*,#1131,.T.);
#1613=ORIENTED_EDGE('',*,*,#1115,.T.);
#1614=ORIENTED_EDGE('',*,*,#1132,.T.);
#1615=ORIENTED_EDGE('',*,*,#1116,.T.);
#1616=ORIENTED_EDGE('',*,*,#1131,.F.);
#1617=ORIENTED_EDGE('',*,*,#1081,.T.);
#1618=ORIENTED_EDGE('',*,*,#1133,.T.);
#1619=ORIENTED_EDGE('',*,*,#1117,.T.);
#1620=ORIENTED_EDGE('',*,*,#1132,.F.);
#1621=ORIENTED_EDGE('',*,*,#1080,.T.);
#1622=ORIENTED_EDGE('',*,*,#1134,.T.);
#1623=ORIENTED_EDGE('',*,*,#1118,.T.);
#1624=ORIENTED_EDGE('',*,*,#1133,.F.);
#1625=ORIENTED_EDGE('',*,*,#1079,.T.);
#1626=ORIENTED_EDGE('',*,*,#1135,.F.);
#1627=ORIENTED_EDGE('',*,*,#1119,.T.);
#1628=ORIENTED_EDGE('',*,*,#1134,.F.);
#1629=ORIENTED_EDGE('',*,*,#1078,.T.);
#1630=ORIENTED_EDGE('',*,*,#1136,.F.);
#1631=ORIENTED_EDGE('',*,*,#1120,.T.);
#1632=ORIENTED_EDGE('',*,*,#1135,.T.);
#1633=ORIENTED_EDGE('',*,*,#1077,.T.);
#1634=ORIENTED_EDGE('',*,*,#1137,.F.);
#1635=ORIENTED_EDGE('',*,*,#1121,.T.);
#1636=ORIENTED_EDGE('',*,*,#1136,.T.);
#1637=ORIENTED_EDGE('',*,*,#1076,.T.);
#1638=ORIENTED_EDGE('',*,*,#1130,.F.);
#1639=ORIENTED_EDGE('',*,*,#1122,.T.);
#1640=ORIENTED_EDGE('',*,*,#1137,.T.);
#1641=ORIENTED_EDGE('',*,*,#1075,.T.);
#1642=CYLINDRICAL_SURFACE('',#1802,5.);
#1643=CYLINDRICAL_SURFACE('',#1806,4.99999999999999);
#1644=CYLINDRICAL_SURFACE('',#1810,4.99999999999999);
#1645=CYLINDRICAL_SURFACE('',#1814,5.);
#1646=CYLINDRICAL_SURFACE('',#1824,5.);
#1647=CYLINDRICAL_SURFACE('',#1827,4.99999999999999);
#1648=CYLINDRICAL_SURFACE('',#1841,2.6);
#1649=CYLINDRICAL_SURFACE('',#1843,1.5);
#1650=CYLINDRICAL_SURFACE('',#1849,2.6);
#1651=CYLINDRICAL_SURFACE('',#1851,1.5);
#1652=CYLINDRICAL_SURFACE('',#1857,2.6);
#1653=CYLINDRICAL_SURFACE('',#1859,1.5);
#1654=CYLINDRICAL_SURFACE('',#1863,2.6);
#1655=CYLINDRICAL_SURFACE('',#1865,1.5);
#1656=CYLINDRICAL_SURFACE('',#1866,2.);
#1657=CYLINDRICAL_SURFACE('',#1870,2.);
#1658=CYLINDRICAL_SURFACE('',#1877,2.);
#1659=CYLINDRICAL_SURFACE('',#1880,2.);
#1660=CYLINDRICAL_SURFACE('',#1903,4.99999999999938);
#1661=CYLINDRICAL_SURFACE('',#1905,4.99999999999204);
#1662=CYLINDRICAL_SURFACE('',#1929,1.);
#1663=CYLINDRICAL_SURFACE('',#1930,1.);
#1664=CYLINDRICAL_SURFACE('',#1945,1.);
#1665=CYLINDRICAL_SURFACE('',#1946,1.);
#1666=CYLINDRICAL_SURFACE('',#1947,1.);
#1667=CYLINDRICAL_SURFACE('',#1948,1.);
#1668=CYLINDRICAL_SURFACE('',#1949,1.);
#1669=CYLINDRICAL_SURFACE('',#1950,1.);
#1670=CYLINDRICAL_SURFACE('',#1951,1.);
#1671=CYLINDRICAL_SURFACE('',#1952,1.);
#1672=CYLINDRICAL_SURFACE('',#1953,1.);
#1673=CYLINDRICAL_SURFACE('',#1954,1.);
#1674=CYLINDRICAL_SURFACE('',#1965,0.999999999999996);
#1675=CYLINDRICAL_SURFACE('',#1970,0.999999999999996);
#1676=CYLINDRICAL_SURFACE('',#1972,0.999999999999996);
#1677=CYLINDRICAL_SURFACE('',#1976,0.999999999999996);
#1678=CYLINDRICAL_SURFACE('',#1981,1.);
#1679=CYLINDRICAL_SURFACE('',#1986,1.);
#1680=CYLINDRICAL_SURFACE('',#1993,1.);
#1681=CYLINDRICAL_SURFACE('',#1998,1.);
#1682=CYLINDRICAL_SURFACE('',#2003,1.);
#1683=CYLINDRICAL_SURFACE('',#2008,1.);
#1684=CYLINDRICAL_SURFACE('',#2012,1.);
#1685=CYLINDRICAL_SURFACE('',#2016,1.);
#1686=ADVANCED_FACE('',(#109),#1642,.F.);
#1687=ADVANCED_FACE('',(#110),#64,.F.);
#1688=ADVANCED_FACE('',(#111),#1643,.F.);
#1689=ADVANCED_FACE('',(#112),#65,.F.);
#1690=ADVANCED_FACE('',(#113),#1644,.F.);
#1691=ADVANCED_FACE('',(#114),#66,.F.);
#1692=ADVANCED_FACE('',(#115),#1645,.F.);
#1693=ADVANCED_FACE('',(#116),#67,.F.);
#1694=ADVANCED_FACE('',(#117,#49),#68,.T.);
#1695=ADVANCED_FACE('',(#118),#69,.F.);
#1696=ADVANCED_FACE('',(#119),#1646,.F.);
#1697=ADVANCED_FACE('',(#120),#70,.F.);
#1698=ADVANCED_FACE('',(#121),#1647,.F.);
#1699=ADVANCED_FACE('',(#122),#71,.T.);
#1700=ADVANCED_FACE('',(#123),#72,.F.);
#1701=ADVANCED_FACE('',(#124),#73,.F.);
#1702=ADVANCED_FACE('',(#125),#74,.F.);
#1703=ADVANCED_FACE('',(#126),#75,.F.);
#1704=ADVANCED_FACE('',(#127),#76,.F.);
#1705=ADVANCED_FACE('',(#128),#77,.F.);
#1706=ADVANCED_FACE('',(#129,#50),#78,.F.);
#1707=ADVANCED_FACE('',(#130),#1648,.T.);
#1708=ADVANCED_FACE('',(#131),#1649,.F.);
#1709=ADVANCED_FACE('',(#132),#79,.F.);
#1710=ADVANCED_FACE('',(#133,#51),#80,.F.);
#1711=ADVANCED_FACE('',(#134),#1650,.T.);
#1712=ADVANCED_FACE('',(#135),#1651,.F.);
#1713=ADVANCED_FACE('',(#136),#81,.F.);
#1714=ADVANCED_FACE('',(#137,#52),#82,.F.);
#1715=ADVANCED_FACE('',(#138),#1652,.T.);
#1716=ADVANCED_FACE('',(#139),#1653,.F.);
#1717=ADVANCED_FACE('',(#140,#53),#83,.F.);
#1718=ADVANCED_FACE('',(#141),#1654,.T.);
#1719=ADVANCED_FACE('',(#142),#1655,.F.);
#1720=ADVANCED_FACE('',(#143),#1656,.T.);
#1721=ADVANCED_FACE('',(#144),#84,.T.);
#1722=ADVANCED_FACE('',(#145),#1657,.T.);
#1723=ADVANCED_FACE('',(#146,#54),#85,.F.);
#1724=ADVANCED_FACE('',(#147),#86,.T.);
#1725=ADVANCED_FACE('',(#148),#1658,.T.);
#1726=ADVANCED_FACE('',(#149),#87,.T.);
#1727=ADVANCED_FACE('',(#150),#1659,.T.);
#1728=ADVANCED_FACE('',(#151),#45,.T.);
#1729=ADVANCED_FACE('',(#152),#88,.T.);
#1730=ADVANCED_FACE('',(#153),#46,.T.);
#1731=ADVANCED_FACE('',(#154),#89,.T.);
#1732=ADVANCED_FACE('',(#155),#47,.T.);
#1733=ADVANCED_FACE('',(#156),#90,.T.);
#1734=ADVANCED_FACE('',(#157),#48,.T.);
#1735=ADVANCED_FACE('',(#158),#91,.T.);
#1736=ADVANCED_FACE('',(#159,#55),#92,.T.);
#1737=ADVANCED_FACE('',(#160),#93,.T.);
#1738=ADVANCED_FACE('',(#161),#94,.T.);
#1739=ADVANCED_FACE('',(#162),#95,.T.);
#1740=ADVANCED_FACE('',(#163),#96,.T.);
#1741=ADVANCED_FACE('',(#164,#56,#57,#58,#59,#60),#97,.F.);
#1742=ADVANCED_FACE('',(#165,#61),#98,.T.);
#1743=ADVANCED_FACE('',(#166),#1660,.F.);
#1744=ADVANCED_FACE('',(#167),#99,.F.);
#1745=ADVANCED_FACE('',(#168),#1661,.F.);
#1746=ADVANCED_FACE('',(#169),#100,.F.);
#1747=ADVANCED_FACE('',(#170),#37,.T.);
#1748=ADVANCED_FACE('',(#171),#38,.T.);
#1749=ADVANCED_FACE('',(#172),#25,.F.);
#1750=ADVANCED_FACE('',(#173),#39,.T.);
#1751=ADVANCED_FACE('',(#174),#26,.F.);
#1752=ADVANCED_FACE('',(#175),#1662,.F.);
#1753=ADVANCED_FACE('',(#176),#1663,.T.);
#1754=ADVANCED_FACE('',(#177),#40,.T.);
#1755=ADVANCED_FACE('',(#178),#27,.F.);
#1756=ADVANCED_FACE('',(#179),#28,.F.);
#1757=ADVANCED_FACE('',(#180),#1664,.F.);
#1758=ADVANCED_FACE('',(#181),#1665,.T.);
#1759=ADVANCED_FACE('',(#182),#1666,.F.);
#1760=ADVANCED_FACE('',(#183),#1667,.T.);
#1761=ADVANCED_FACE('',(#184),#1668,.F.);
#1762=ADVANCED_FACE('',(#185),#1669,.T.);
#1763=ADVANCED_FACE('',(#186),#1670,.T.);
#1764=ADVANCED_FACE('',(#187),#1671,.T.);
#1765=ADVANCED_FACE('',(#188),#1672,.T.);
#1766=ADVANCED_FACE('',(#189),#1673,.T.);
#1767=ADVANCED_FACE('',(#190),#101,.T.);
#1768=ADVANCED_FACE('',(#191),#102,.T.);
#1769=ADVANCED_FACE('',(#192,#62),#103,.T.);
#1770=ADVANCED_FACE('',(#193),#104,.T.);
#1771=ADVANCED_FACE('',(#194),#105,.T.);
#1772=ADVANCED_FACE('',(#195),#106,.T.);
#1773=ADVANCED_FACE('',(#196),#1674,.F.);
#1774=ADVANCED_FACE('',(#197),#21,.T.);
#1775=ADVANCED_FACE('',(#198),#22,.T.);
#1776=ADVANCED_FACE('',(#199),#1675,.F.);
#1777=ADVANCED_FACE('',(#200),#1676,.F.);
#1778=ADVANCED_FACE('',(#201),#23,.T.);
#1779=ADVANCED_FACE('',(#202),#24,.T.);
#1780=ADVANCED_FACE('',(#203),#1677,.F.);
#1781=ADVANCED_FACE('',(#204),#29,.T.);
#1782=ADVANCED_FACE('',(#205),#1678,.T.);
#1783=ADVANCED_FACE('',(#206),#30,.T.);
#1784=ADVANCED_FACE('',(#207),#1679,.T.);
#1785=ADVANCED_FACE('',(#208,#63),#107,.F.);
#1786=ADVANCED_FACE('',(#209),#1680,.T.);
#1787=ADVANCED_FACE('',(#210),#31,.T.);
#1788=ADVANCED_FACE('',(#211),#1681,.T.);
#1789=ADVANCED_FACE('',(#212),#32,.T.);
#1790=ADVANCED_FACE('',(#213),#108,.T.);
#1791=ADVANCED_FACE('',(#214),#1682,.T.);
#1792=ADVANCED_FACE('',(#215),#33,.T.);
#1793=ADVANCED_FACE('',(#216),#1683,.T.);
#1794=ADVANCED_FACE('',(#217),#34,.T.);
#1795=ADVANCED_FACE('',(#218),#1684,.T.);
#1796=ADVANCED_FACE('',(#219),#35,.T.);
#1797=ADVANCED_FACE('',(#220),#1685,.T.);
#1798=ADVANCED_FACE('',(#221),#36,.T.);
#1799=CLOSED_SHELL('',(#1686,#1687,#1688,#1689,#1690,#1691,#1692,#1693,
#1694,#1695,#1696,#1697,#1698,#1699,#1700,#1701,#1702,#1703,#1704,#1705,
#1706,#1707,#1708,#1709,#1710,#1711,#1712,#1713,#1714,#1715,#1716,#1717,
#1718,#1719,#1720,#1721,#1722,#1723,#1724,#1725,#1726,#1727,#1728,#1729,
#1730,#1731,#1732,#1733,#1734,#1735,#1736,#1737,#1738,#1739,#1740,#1741,
#1742,#1743,#1744,#1745,#1746));
#1800=CLOSED_SHELL('',(#1747,#1748,#1749,#1750,#1751,#1752,#1753,#1754,
#1755,#1756,#1757,#1758,#1759,#1760,#1761,#1762,#1763,#1764,#1765,#1766,
#1767,#1768,#1769,#1770,#1771,#1772,#1773,#1774,#1775,#1776,#1777,#1778,
#1779,#1780,#1781,#1782,#1783,#1784,#1785,#1786,#1787,#1788,#1789,#1790,
#1791,#1792,#1793,#1794,#1795,#1796,#1797,#1798));
#1801=AXIS2_PLACEMENT_3D('',#2591,#2019,#2020);
#1802=AXIS2_PLACEMENT_3D('',#2592,#2021,#2022);
#1803=AXIS2_PLACEMENT_3D('',#2595,#2023,#2024);
#1804=AXIS2_PLACEMENT_3D('',#2599,#2026,#2027);
#1805=AXIS2_PLACEMENT_3D('',#2601,#2029,#2030);
#1806=AXIS2_PLACEMENT_3D('',#2607,#2034,#2035);
#1807=AXIS2_PLACEMENT_3D('',#2609,#2036,#2037);
#1808=AXIS2_PLACEMENT_3D('',#2612,#2039,#2040);
#1809=AXIS2_PLACEMENT_3D('',#2613,#2041,#2042);
#1810=AXIS2_PLACEMENT_3D('',#2619,#2046,#2047);
#1811=AXIS2_PLACEMENT_3D('',#2621,#2048,#2049);
#1812=AXIS2_PLACEMENT_3D('',#2624,#2051,#2052);
#1813=AXIS2_PLACEMENT_3D('',#2625,#2053,#2054);
#1814=AXIS2_PLACEMENT_3D('',#2631,#2058,#2059);
#1815=AXIS2_PLACEMENT_3D('',#2633,#2060,#2061);
#1816=AXIS2_PLACEMENT_3D('',#2636,#2063,#2064);
#1817=AXIS2_PLACEMENT_3D('',#2637,#2065,#2066);
#1818=AXIS2_PLACEMENT_3D('',#2640,#2069,#2070);
#1819=AXIS2_PLACEMENT_3D('',#2645,#2072,#2073);
#1820=AXIS2_PLACEMENT_3D('',#2649,#2075,#2076);
#1821=AXIS2_PLACEMENT_3D('',#2653,#2078,#2079);
#1822=AXIS2_PLACEMENT_3D('',#2656,#2081,#2082);
#1823=AXIS2_PLACEMENT_3D('',#2657,#2083,#2084);
#1824=AXIS2_PLACEMENT_3D('',#2663,#2088,#2089);
#1825=AXIS2_PLACEMENT_3D('',#2666,#2091,#2092);
#1826=AXIS2_PLACEMENT_3D('',#2667,#2093,#2094);
#1827=AXIS2_PLACEMENT_3D('',#2671,#2097,#2098);
#1828=AXIS2_PLACEMENT_3D('',#2674,#2100,#2101);
#1829=AXIS2_PLACEMENT_3D('',#2675,#2102,#2103);
#1830=AXIS2_PLACEMENT_3D('',#2684,#2108,#2109);
#1831=AXIS2_PLACEMENT_3D('',#2686,#2110,#2111);
#1832=AXIS2_PLACEMENT_3D('',#2687,#2112,#2113);
#1833=AXIS2_PLACEMENT_3D('',#2696,#2118,#2119);
#1834=AXIS2_PLACEMENT_3D('',#2702,#2123,#2124);
#1835=AXIS2_PLACEMENT_3D('',#2708,#2128,#2129);
#1836=AXIS2_PLACEMENT_3D('',#2711,#2132,#2133);
#1837=AXIS2_PLACEMENT_3D('',#2713,#2134,#2135);
#1838=AXIS2_PLACEMENT_3D('',#2714,#2136,#2137);
#1839=AXIS2_PLACEMENT_3D('',#2716,#2138,#2139);
#1840=AXIS2_PLACEMENT_3D('',#2718,#2140,#2141);
#1841=AXIS2_PLACEMENT_3D('',#2719,#2142,#2143);
#1842=AXIS2_PLACEMENT_3D('',#2721,#2144,#2145);
#1843=AXIS2_PLACEMENT_3D('',#2723,#2147,#2148);
#1844=AXIS2_PLACEMENT_3D('',#2725,#2150,#2151);
#1845=AXIS2_PLACEMENT_3D('',#2727,#2152,#2153);
#1846=AXIS2_PLACEMENT_3D('',#2728,#2154,#2155);
#1847=AXIS2_PLACEMENT_3D('',#2730,#2156,#2157);
#1848=AXIS2_PLACEMENT_3D('',#2732,#2158,#2159);
#1849=AXIS2_PLACEMENT_3D('',#2733,#2160,#2161);
#1850=AXIS2_PLACEMENT_3D('',#2735,#2162,#2163);
#1851=AXIS2_PLACEMENT_3D('',#2737,#2165,#2166);
#1852=AXIS2_PLACEMENT_3D('',#2739,#2168,#2169);
#1853=AXIS2_PLACEMENT_3D('',#2741,#2170,#2171);
#1854=AXIS2_PLACEMENT_3D('',#2742,#2172,#2173);
#1855=AXIS2_PLACEMENT_3D('',#2744,#2174,#2175);
#1856=AXIS2_PLACEMENT_3D('',#2746,#2176,#2177);
#1857=AXIS2_PLACEMENT_3D('',#2747,#2178,#2179);
#1858=AXIS2_PLACEMENT_3D('',#2749,#2180,#2181);
#1859=AXIS2_PLACEMENT_3D('',#2751,#2183,#2184);
#1860=AXIS2_PLACEMENT_3D('',#2753,#2186,#2187);
#1861=AXIS2_PLACEMENT_3D('',#2755,#2188,#2189);
#1862=AXIS2_PLACEMENT_3D('',#2757,#2190,#2191);
#1863=AXIS2_PLACEMENT_3D('',#2758,#2192,#2193);
#1864=AXIS2_PLACEMENT_3D('',#2760,#2194,#2195);
#1865=AXIS2_PLACEMENT_3D('',#2762,#2197,#2198);
#1866=AXIS2_PLACEMENT_3D('',#2764,#2200,#2201);
#1867=AXIS2_PLACEMENT_3D('',#2767,#2202,#2203);
#1868=AXIS2_PLACEMENT_3D('',#2771,#2205,#2206);
#1869=AXIS2_PLACEMENT_3D('',#2773,#2208,#2209);
#1870=AXIS2_PLACEMENT_3D('',#2779,#2213,#2214);
#1871=AXIS2_PLACEMENT_3D('',#2780,#2215,#2216);
#1872=AXIS2_PLACEMENT_3D('',#2781,#2217,#2218);
#1873=AXIS2_PLACEMENT_3D('',#2782,#2219,#2220);
#1874=AXIS2_PLACEMENT_3D('',#2784,#2221,#2222);
#1875=AXIS2_PLACEMENT_3D('',#2788,#2224,#2225);
#1876=AXIS2_PLACEMENT_3D('',#2798,#2231,#2232);
#1877=AXIS2_PLACEMENT_3D('',#2802,#2235,#2236);
#1878=AXIS2_PLACEMENT_3D('',#2804,#2237,#2238);
#1879=AXIS2_PLACEMENT_3D('',#2806,#2240,#2241);
#1880=AXIS2_PLACEMENT_3D('',#2810,#2244,#2245);
#1881=AXIS2_PLACEMENT_3D('',#2811,#2246,#2247);
#1882=AXIS2_PLACEMENT_3D('',#2812,#2248,#2249);
#1883=AXIS2_PLACEMENT_3D('',#2817,#2252,#2253);
#1884=AXIS2_PLACEMENT_3D('',#2818,#2254,#2255);
#1885=AXIS2_PLACEMENT_3D('',#2822,#2258,#2259);
#1886=AXIS2_PLACEMENT_3D('',#2825,#2261,#2262);
#1887=AXIS2_PLACEMENT_3D('',#2826,#2263,#2264);
#1888=AXIS2_PLACEMENT_3D('',#2830,#2267,#2268);
#1889=AXIS2_PLACEMENT_3D('',#2833,#2270,#2271);
#1890=AXIS2_PLACEMENT_3D('',#2834,#2272,#2273);
#1891=AXIS2_PLACEMENT_3D('',#2838,#2276,#2277);
#1892=AXIS2_PLACEMENT_3D('',#2841,#2279,#2280);
#1893=AXIS2_PLACEMENT_3D('',#2842,#2281,#2282);
#1894=AXIS2_PLACEMENT_3D('',#2844,#2284,#2285);
#1895=AXIS2_PLACEMENT_3D('',#2853,#2290,#2291);
#1896=AXIS2_PLACEMENT_3D('',#2856,#2294,#2295);
#1897=AXIS2_PLACEMENT_3D('',#2858,#2297,#2298);
#1898=AXIS2_PLACEMENT_3D('',#2860,#2300,#2301);
#1899=AXIS2_PLACEMENT_3D('',#2861,#2302,#2303);
#1900=AXIS2_PLACEMENT_3D('',#2862,#2304,#2305);
#1901=AXIS2_PLACEMENT_3D('',#2866,#2307,#2308);
#1902=AXIS2_PLACEMENT_3D('',#2869,#2310,#2311);
#1903=AXIS2_PLACEMENT_3D('',#2870,#2312,#2313);
#1904=AXIS2_PLACEMENT_3D('',#2872,#2315,#2316);
#1905=AXIS2_PLACEMENT_3D('',#2874,#2318,#2319);
#1906=AXIS2_PLACEMENT_3D('',#2876,#2321,#2322);
#1907=AXIS2_PLACEMENT_3D('',#2877,#2323,#2324);
#1908=AXIS2_PLACEMENT_3D('',#2880,#2325,#2326);
#1909=AXIS2_PLACEMENT_3D('',#2882,#2327,#2328);
#1910=AXIS2_PLACEMENT_3D('',#2883,#2329,#2330);
#1911=AXIS2_PLACEMENT_3D('',#2884,#2331,#2332);
#1912=AXIS2_PLACEMENT_3D('',#2887,#2333,#2334);
#1913=AXIS2_PLACEMENT_3D('',#2889,#2335,#2336);
#1914=AXIS2_PLACEMENT_3D('',#2890,#2337,#2338);
#1915=AXIS2_PLACEMENT_3D('',#2891,#2339,#2340);
#1916=AXIS2_PLACEMENT_3D('',#2894,#2341,#2342);
#1917=AXIS2_PLACEMENT_3D('',#2896,#2343,#2344);
#1918=AXIS2_PLACEMENT_3D('',#2898,#2345,#2346);
#1919=AXIS2_PLACEMENT_3D('',#2899,#2347,#2348);
#1920=AXIS2_PLACEMENT_3D('',#2900,#2349,#2350);
#1921=AXIS2_PLACEMENT_3D('',#2903,#2351,#2352);
#1922=AXIS2_PLACEMENT_3D('',#2905,#2353,#2354);
#1923=AXIS2_PLACEMENT_3D('',#2906,#2355,#2356);
#1924=AXIS2_PLACEMENT_3D('',#2907,#2357,#2358);
#1925=AXIS2_PLACEMENT_3D('',#2910,#2359,#2360);
#1926=AXIS2_PLACEMENT_3D('',#2912,#2361,#2362);
#1927=AXIS2_PLACEMENT_3D('',#2914,#2363,#2364);
#1928=AXIS2_PLACEMENT_3D('',#2915,#2365,#2366);
#1929=AXIS2_PLACEMENT_3D('',#2916,#2367,#2368);
#1930=AXIS2_PLACEMENT_3D('',#2919,#2371,#2372);
#1931=AXIS2_PLACEMENT_3D('',#2922,#2375,#2376);
#1932=AXIS2_PLACEMENT_3D('',#2925,#2377,#2378);
#1933=AXIS2_PLACEMENT_3D('',#2927,#2379,#2380);
#1934=AXIS2_PLACEMENT_3D('',#2928,#2381,#2382);
#1935=AXIS2_PLACEMENT_3D('',#2929,#2383,#2384);
#1936=AXIS2_PLACEMENT_3D('',#2932,#2385,#2386);
#1937=AXIS2_PLACEMENT_3D('',#2934,#2387,#2388);
#1938=AXIS2_PLACEMENT_3D('',#2936,#2389,#2390);
#1939=AXIS2_PLACEMENT_3D('',#2937,#2391,#2392);
#1940=AXIS2_PLACEMENT_3D('',#2938,#2393,#2394);
#1941=AXIS2_PLACEMENT_3D('',#2941,#2395,#2396);
#1942=AXIS2_PLACEMENT_3D('',#2943,#2397,#2398);
#1943=AXIS2_PLACEMENT_3D('',#2945,#2399,#2400);
#1944=AXIS2_PLACEMENT_3D('',#2946,#2401,#2402);
#1945=AXIS2_PLACEMENT_3D('',#2947,#2403,#2404);
#1946=AXIS2_PLACEMENT_3D('',#2950,#2407,#2408);
#1947=AXIS2_PLACEMENT_3D('',#2953,#2411,#2412);
#1948=AXIS2_PLACEMENT_3D('',#2956,#2415,#2416);
#1949=AXIS2_PLACEMENT_3D('',#2959,#2419,#2420);
#1950=AXIS2_PLACEMENT_3D('',#2962,#2423,#2424);
#1951=AXIS2_PLACEMENT_3D('',#2965,#2427,#2428);
#1952=AXIS2_PLACEMENT_3D('',#2968,#2431,#2432);
#1953=AXIS2_PLACEMENT_3D('',#2971,#2435,#2436);
#1954=AXIS2_PLACEMENT_3D('',#2974,#2439,#2440);
#1955=AXIS2_PLACEMENT_3D('',#2977,#2443,#2444);
#1956=AXIS2_PLACEMENT_3D('',#2978,#2445,#2446);
#1957=AXIS2_PLACEMENT_3D('',#2979,#2447,#2448);
#1958=AXIS2_PLACEMENT_3D('',#2984,#2450,#2451);
#1959=AXIS2_PLACEMENT_3D('',#2988,#2453,#2454);
#1960=AXIS2_PLACEMENT_3D('',#2992,#2456,#2457);
#1961=AXIS2_PLACEMENT_3D('',#2995,#2459,#2460);
#1962=AXIS2_PLACEMENT_3D('',#2996,#2461,#2462);
#1963=AXIS2_PLACEMENT_3D('',#2997,#2463,#2464);
#1964=AXIS2_PLACEMENT_3D('',#2998,#2465,#2466);
#1965=AXIS2_PLACEMENT_3D('',#2999,#2467,#2468);
#1966=AXIS2_PLACEMENT_3D('',#3002,#2469,#2470);
#1967=AXIS2_PLACEMENT_3D('',#3006,#2472,#2473);
#1968=AXIS2_PLACEMENT_3D('',#3040,#2475,#2476);
#1969=AXIS2_PLACEMENT_3D('',#3152,#2477,#2478);
#1970=AXIS2_PLACEMENT_3D('',#3165,#2479,#2480);
#1971=AXIS2_PLACEMENT_3D('',#3168,#2481,#2482);
#1972=AXIS2_PLACEMENT_3D('',#3171,#2485,#2486);
#1973=AXIS2_PLACEMENT_3D('',#3174,#2487,#2488);
#1974=AXIS2_PLACEMENT_3D('',#3209,#2491,#2492);
#1975=AXIS2_PLACEMENT_3D('',#3321,#2493,#2494);
#1976=AXIS2_PLACEMENT_3D('',#3334,#2495,#2496);
#1977=AXIS2_PLACEMENT_3D('',#3337,#2499,#2500);
#1978=AXIS2_PLACEMENT_3D('',#3339,#2501,#2502);
#1979=AXIS2_PLACEMENT_3D('',#3341,#2503,#2504);
#1980=AXIS2_PLACEMENT_3D('',#3342,#2505,#2506);
#1981=AXIS2_PLACEMENT_3D('',#3343,#2507,#2508);
#1982=AXIS2_PLACEMENT_3D('',#3345,#2509,#2510);
#1983=AXIS2_PLACEMENT_3D('',#3347,#2512,#2513);
#1984=AXIS2_PLACEMENT_3D('',#3349,#2514,#2515);
#1985=AXIS2_PLACEMENT_3D('',#3350,#2516,#2517);
#1986=AXIS2_PLACEMENT_3D('',#3351,#2518,#2519);
#1987=AXIS2_PLACEMENT_3D('',#3353,#2520,#2521);
#1988=AXIS2_PLACEMENT_3D('',#3355,#2523,#2524);
#1989=AXIS2_PLACEMENT_3D('',#3360,#2526,#2527);
#1990=AXIS2_PLACEMENT_3D('',#3364,#2529,#2530);
#1991=AXIS2_PLACEMENT_3D('',#3368,#2532,#2533);
#1992=AXIS2_PLACEMENT_3D('',#3371,#2535,#2536);
#1993=AXIS2_PLACEMENT_3D('',#3372,#2537,#2538);
#1994=AXIS2_PLACEMENT_3D('',#3375,#2540,#2541);
#1995=AXIS2_PLACEMENT_3D('',#3376,#2542,#2543);
#1996=AXIS2_PLACEMENT_3D('',#3378,#2544,#2545);
#1997=AXIS2_PLACEMENT_3D('',#3379,#2546,#2547);
#1998=AXIS2_PLACEMENT_3D('',#3380,#2548,#2549);
#1999=AXIS2_PLACEMENT_3D('',#3383,#2551,#2552);
#2000=AXIS2_PLACEMENT_3D('',#3384,#2553,#2554);
#2001=AXIS2_PLACEMENT_3D('',#3385,#2555,#2556);
#2002=AXIS2_PLACEMENT_3D('',#3386,#2557,#2558);
#2003=AXIS2_PLACEMENT_3D('',#3387,#2559,#2560);
#2004=AXIS2_PLACEMENT_3D('',#3388,#2561,#2562);
#2005=AXIS2_PLACEMENT_3D('',#3389,#2563,#2564);
#2006=AXIS2_PLACEMENT_3D('',#3390,#2565,#2566);
#2007=AXIS2_PLACEMENT_3D('',#3391,#2567,#2568);
#2008=AXIS2_PLACEMENT_3D('',#3392,#2569,#2570);
#2009=AXIS2_PLACEMENT_3D('',#3393,#2571,#2572);
#2010=AXIS2_PLACEMENT_3D('',#3394,#2573,#2574);
#2011=AXIS2_PLACEMENT_3D('',#3395,#2575,#2576);
#2012=AXIS2_PLACEMENT_3D('',#3396,#2577,#2578);
#2013=AXIS2_PLACEMENT_3D('',#3397,#2579,#2580);
#2014=AXIS2_PLACEMENT_3D('',#3398,#2581,#2582);
#2015=AXIS2_PLACEMENT_3D('',#3399,#2583,#2584);
#2016=AXIS2_PLACEMENT_3D('',#3400,#2585,#2586);
#2017=AXIS2_PLACEMENT_3D('',#3401,#2587,#2588);
#2018=AXIS2_PLACEMENT_3D('',#3402,#2589,#2590);
#2019=DIRECTION('axis',(0.,0.,1.));
#2020=DIRECTION('refdir',(1.,0.,0.));
#2021=DIRECTION('center_axis',(0.,0.,1.));
#2022=DIRECTION('ref_axis',(0.,1.,0.));
#2023=DIRECTION('center_axis',(0.,0.,1.));
#2024=DIRECTION('ref_axis',(0.,1.,0.));
#2025=DIRECTION('',(0.,0.,1.));
#2026=DIRECTION('center_axis',(0.,0.,1.));
#2027=DIRECTION('ref_axis',(0.,1.,0.));
#2028=DIRECTION('',(0.,0.,1.));
#2029=DIRECTION('center_axis',(0.,1.,0.));
#2030=DIRECTION('ref_axis',(-1.,0.,0.));
#2031=DIRECTION('',(-1.,0.,0.));
#2032=DIRECTION('',(0.,0.,1.));
#2033=DIRECTION('',(-1.,0.,0.));
#2034=DIRECTION('center_axis',(0.,0.,1.));
#2035=DIRECTION('ref_axis',(1.,0.,0.));
#2036=DIRECTION('center_axis',(0.,0.,1.));
#2037=DIRECTION('ref_axis',(1.,0.,0.));
#2038=DIRECTION('',(0.,0.,1.));
#2039=DIRECTION('center_axis',(0.,0.,1.));
#2040=DIRECTION('ref_axis',(1.,0.,0.));
#2041=DIRECTION('center_axis',(1.,0.,0.));
#2042=DIRECTION('ref_axis',(0.,1.,0.));
#2043=DIRECTION('',(0.,1.,0.));
#2044=DIRECTION('',(0.,0.,1.));
#2045=DIRECTION('',(0.,1.,0.));
#2046=DIRECTION('center_axis',(0.,0.,1.));
#2047=DIRECTION('ref_axis',(0.,-1.,0.));
#2048=DIRECTION('center_axis',(0.,0.,1.));
#2049=DIRECTION('ref_axis',(0.,-1.,0.));
#2050=DIRECTION('',(0.,0.,1.));
#2051=DIRECTION('center_axis',(0.,0.,1.));
#2052=DIRECTION('ref_axis',(0.,-1.,0.));
#2053=DIRECTION('center_axis',(0.,-1.,0.));
#2054=DIRECTION('ref_axis',(1.,0.,0.));
#2055=DIRECTION('',(1.,0.,0.));
#2056=DIRECTION('',(0.,0.,1.));
#2057=DIRECTION('',(1.,0.,0.));
#2058=DIRECTION('center_axis',(0.,0.,1.));
#2059=DIRECTION('ref_axis',(-1.,0.,0.));
#2060=DIRECTION('center_axis',(0.,0.,1.));
#2061=DIRECTION('ref_axis',(-1.,0.,0.));
#2062=DIRECTION('',(0.,0.,1.));
#2063=DIRECTION('center_axis',(0.,0.,1.));
#2064=DIRECTION('ref_axis',(-1.,0.,0.));
#2065=DIRECTION('center_axis',(-1.,0.,0.));
#2066=DIRECTION('ref_axis',(0.,-1.,0.));
#2067=DIRECTION('',(0.,-1.,0.));
#2068=DIRECTION('',(0.,-1.,0.));
#2069=DIRECTION('center_axis',(0.,0.,-1.));
#2070=DIRECTION('ref_axis',(-1.,0.,0.));
#2071=DIRECTION('',(-1.,1.08314441426825E-16,0.));
#2072=DIRECTION('center_axis',(0.,0.,-1.));
#2073=DIRECTION('ref_axis',(0.,-1.,0.));
#2074=DIRECTION('',(0.,-1.,0.));
#2075=DIRECTION('center_axis',(0.,0.,-1.));
#2076=DIRECTION('ref_axis',(1.,0.,0.));
#2077=DIRECTION('',(1.,0.,0.));
#2078=DIRECTION('center_axis',(0.,0.,-1.));
#2079=DIRECTION('ref_axis',(0.,1.,0.));
#2080=DIRECTION('',(0.,1.,0.));
#2081=DIRECTION('center_axis',(0.,0.,-1.));
#2082=DIRECTION('ref_axis',(-1.,0.,0.));
#2083=DIRECTION('center_axis',(0.,1.,0.));
#2084=DIRECTION('ref_axis',(-1.,0.,0.));
#2085=DIRECTION('',(0.,0.,1.));
#2086=DIRECTION('',(1.,0.,0.));
#2087=DIRECTION('',(0.,0.,1.));
#2088=DIRECTION('center_axis',(0.,0.,1.));
#2089=DIRECTION('ref_axis',(1.,0.,0.));
#2090=DIRECTION('',(0.,0.,1.));
#2091=DIRECTION('center_axis',(0.,0.,-1.));
#2092=DIRECTION('ref_axis',(1.,0.,0.));
#2093=DIRECTION('center_axis',(1.,0.,0.));
#2094=DIRECTION('ref_axis',(0.,1.,0.));
#2095=DIRECTION('',(0.,0.,1.));
#2096=DIRECTION('',(0.,-1.,0.));
#2097=DIRECTION('center_axis',(0.,0.,1.));
#2098=DIRECTION('ref_axis',(0.,-1.,0.));
#2099=DIRECTION('',(0.,0.,1.));
#2100=DIRECTION('center_axis',(0.,0.,-1.));
#2101=DIRECTION('ref_axis',(0.,-1.,0.));
#2102=DIRECTION('center_axis',(-1.,0.,0.));
#2103=DIRECTION('ref_axis',(0.,-1.,0.));
#2104=DIRECTION('',(0.,-1.,0.));
#2105=DIRECTION('',(0.,0.,1.));
#2106=DIRECTION('',(0.,-1.,0.));
#2107=DIRECTION('',(0.,0.,-1.));
#2108=DIRECTION('center_axis',(0.,0.,1.));
#2109=DIRECTION('ref_axis',(1.,0.,0.));
#2110=DIRECTION('center_axis',(0.,0.,-1.));
#2111=DIRECTION('ref_axis',(1.,0.,0.));
#2112=DIRECTION('center_axis',(1.,0.,0.));
#2113=DIRECTION('ref_axis',(0.,1.,0.));
#2114=DIRECTION('',(0.,0.,-1.));
#2115=DIRECTION('',(0.,-1.,0.));
#2116=DIRECTION('',(0.,0.,-1.));
#2117=DIRECTION('',(-5.28677630773884E-17,-1.,0.));
#2118=DIRECTION('center_axis',(0.,1.,0.));
#2119=DIRECTION('ref_axis',(-1.,0.,0.));
#2120=DIRECTION('',(1.,0.,0.));
#2121=DIRECTION('',(0.,0.,-1.));
#2122=DIRECTION('',(1.,-7.16272919113004E-17,0.));
#2123=DIRECTION('center_axis',(-1.,0.,0.));
#2124=DIRECTION('ref_axis',(0.,-1.,0.));
#2125=DIRECTION('',(0.,1.,0.));
#2126=DIRECTION('',(0.,0.,1.));
#2127=DIRECTION('',(0.,1.,0.));
#2128=DIRECTION('center_axis',(0.,-1.,0.));
#2129=DIRECTION('ref_axis',(1.,0.,0.));
#2130=DIRECTION('',(-1.,0.,0.));
#2131=DIRECTION('',(-1.,0.,0.));
#2132=DIRECTION('center_axis',(0.,0.,1.));
#2133=DIRECTION('ref_axis',(1.,0.,0.));
#2134=DIRECTION('center_axis',(0.,0.,-1.));
#2135=DIRECTION('ref_axis',(1.,0.,0.));
#2136=DIRECTION('center_axis',(0.,0.,1.));
#2137=DIRECTION('ref_axis',(1.,0.,0.));
#2138=DIRECTION('center_axis',(0.,0.,-1.));
#2139=DIRECTION('ref_axis',(1.,0.,0.));
#2140=DIRECTION('center_axis',(0.,0.,1.));
#2141=DIRECTION('ref_axis',(1.,0.,0.));
#2142=DIRECTION('center_axis',(0.,0.,1.));
#2143=DIRECTION('ref_axis',(1.,0.,0.));
#2144=DIRECTION('center_axis',(0.,0.,1.));
#2145=DIRECTION('ref_axis',(1.,0.,0.));
#2146=DIRECTION('',(0.,0.,-1.));
#2147=DIRECTION('center_axis',(0.,0.,1.));
#2148=DIRECTION('ref_axis',(1.,0.,0.));
#2149=DIRECTION('',(0.,0.,-1.));
#2150=DIRECTION('center_axis',(0.,0.,1.));
#2151=DIRECTION('ref_axis',(1.,0.,0.));
#2152=DIRECTION('center_axis',(0.,0.,-1.));
#2153=DIRECTION('ref_axis',(1.,0.,0.));
#2154=DIRECTION('center_axis',(0.,0.,1.));
#2155=DIRECTION('ref_axis',(1.,0.,0.));
#2156=DIRECTION('center_axis',(0.,0.,-1.));
#2157=DIRECTION('ref_axis',(1.,0.,0.));
#2158=DIRECTION('center_axis',(0.,0.,1.));
#2159=DIRECTION('ref_axis',(1.,0.,0.));
#2160=DIRECTION('center_axis',(0.,0.,1.));
#2161=DIRECTION('ref_axis',(1.,0.,0.));
#2162=DIRECTION('center_axis',(0.,0.,1.));
#2163=DIRECTION('ref_axis',(1.,0.,0.));
#2164=DIRECTION('',(0.,0.,-1.));
#2165=DIRECTION('center_axis',(0.,0.,1.));
#2166=DIRECTION('ref_axis',(1.,0.,0.));
#2167=DIRECTION('',(0.,0.,-1.));
#2168=DIRECTION('center_axis',(0.,0.,1.));
#2169=DIRECTION('ref_axis',(1.,0.,0.));
#2170=DIRECTION('center_axis',(0.,0.,-1.));
#2171=DIRECTION('ref_axis',(1.,0.,0.));
#2172=DIRECTION('center_axis',(0.,0.,1.));
#2173=DIRECTION('ref_axis',(1.,0.,0.));
#2174=DIRECTION('center_axis',(0.,0.,-1.));
#2175=DIRECTION('ref_axis',(1.,0.,0.));
#2176=DIRECTION('center_axis',(0.,0.,1.));
#2177=DIRECTION('ref_axis',(1.,0.,0.));
#2178=DIRECTION('center_axis',(0.,0.,1.));
#2179=DIRECTION('ref_axis',(1.,0.,0.));
#2180=DIRECTION('center_axis',(0.,0.,1.));
#2181=DIRECTION('ref_axis',(1.,0.,0.));
#2182=DIRECTION('',(0.,0.,-1.));
#2183=DIRECTION('center_axis',(0.,0.,1.));
#2184=DIRECTION('ref_axis',(1.,0.,0.));
#2185=DIRECTION('',(0.,0.,-1.));
#2186=DIRECTION('center_axis',(0.,0.,1.));
#2187=DIRECTION('ref_axis',(1.,0.,0.));
#2188=DIRECTION('center_axis',(0.,0.,-1.));
#2189=DIRECTION('ref_axis',(1.,0.,0.));
#2190=DIRECTION('center_axis',(0.,0.,1.));
#2191=DIRECTION('ref_axis',(1.,0.,0.));
#2192=DIRECTION('center_axis',(0.,0.,1.));
#2193=DIRECTION('ref_axis',(1.,0.,0.));
#2194=DIRECTION('center_axis',(0.,0.,1.));
#2195=DIRECTION('ref_axis',(1.,0.,0.));
#2196=DIRECTION('',(0.,0.,-1.));
#2197=DIRECTION('center_axis',(0.,0.,1.));
#2198=DIRECTION('ref_axis',(1.,0.,0.));
#2199=DIRECTION('',(0.,0.,-1.));
#2200=DIRECTION('center_axis',(0.,0.,1.));
#2201=DIRECTION('ref_axis',(0.707106781186549,-0.707106781186546,0.));
#2202=DIRECTION('center_axis',(0.,0.,1.));
#2203=DIRECTION('ref_axis',(0.707106781186549,-0.707106781186546,0.));
#2204=DIRECTION('',(0.,0.,-1.));
#2205=DIRECTION('center_axis',(0.,0.,1.));
#2206=DIRECTION('ref_axis',(0.707106781186549,-0.707106781186546,0.));
#2207=DIRECTION('',(0.,0.,1.));
#2208=DIRECTION('center_axis',(0.,-1.,0.));
#2209=DIRECTION('ref_axis',(1.,0.,0.));
#2210=DIRECTION('',(1.,0.,0.));
#2211=DIRECTION('',(0.,0.,1.));
#2212=DIRECTION('',(1.,0.,0.));
#2213=DIRECTION('center_axis',(0.,0.,1.));
#2214=DIRECTION('ref_axis',(-0.707106781186546,-0.707106781186549,0.));
#2215=DIRECTION('center_axis',(0.,0.,1.));
#2216=DIRECTION('ref_axis',(-0.707106781186546,-0.707106781186549,0.));
#2217=DIRECTION('center_axis',(0.,0.,1.));
#2218=DIRECTION('ref_axis',(-0.707106781186546,-0.707106781186549,0.));
#2219=DIRECTION('center_axis',(0.,0.,1.));
#2220=DIRECTION('ref_axis',(1.,0.,0.));
#2221=DIRECTION('center_axis',(0.,0.,1.));
#2222=DIRECTION('ref_axis',(-0.707106781186548,0.707106781186548,0.));
#2223=DIRECTION('',(-1.,0.,0.));
#2224=DIRECTION('center_axis',(0.,0.,1.));
#2225=DIRECTION('ref_axis',(0.707106781186548,0.707106781186548,0.));
#2226=DIRECTION('',(0.,1.,0.));
#2227=DIRECTION('',(0.,-1.,0.));
#2228=DIRECTION('',(1.,0.,0.));
#2229=DIRECTION('',(5.28677630773884E-17,1.,0.));
#2230=DIRECTION('',(-1.,7.16272919113004E-17,0.));
#2231=DIRECTION('center_axis',(1.,0.,0.));
#2232=DIRECTION('ref_axis',(0.,1.,0.));
#2233=DIRECTION('',(0.,1.,0.));
#2234=DIRECTION('',(0.,0.,-1.));
#2235=DIRECTION('center_axis',(0.,0.,1.));
#2236=DIRECTION('ref_axis',(0.707106781186548,0.707106781186548,0.));
#2237=DIRECTION('center_axis',(0.,0.,1.));
#2238=DIRECTION('ref_axis',(0.707106781186548,0.707106781186548,0.));
#2239=DIRECTION('',(0.,0.,1.));
#2240=DIRECTION('center_axis',(0.,1.,0.));
#2241=DIRECTION('ref_axis',(-1.,0.,0.));
#2242=DIRECTION('',(-1.,0.,0.));
#2243=DIRECTION('',(0.,0.,-1.));
#2244=DIRECTION('center_axis',(0.,0.,1.));
#2245=DIRECTION('ref_axis',(-0.707106781186548,0.707106781186548,0.));
#2246=DIRECTION('center_axis',(0.,0.,1.));
#2247=DIRECTION('ref_axis',(-0.707106781186548,0.707106781186548,0.));
#2248=DIRECTION('center_axis',(0.,0.,-1.));
#2249=DIRECTION('ref_axis',(0.707106781186549,-0.707106781186546,0.));
#2250=DIRECTION('',(0.,0.707106781186548,0.707106781186548));
#2251=DIRECTION('',(0.707106781186546,0.,-0.707106781186549));
#2252=DIRECTION('center_axis',(0.,0.,-1.));
#2253=DIRECTION('ref_axis',(0.707106781186549,-0.707106781186546,0.));
#2254=DIRECTION('center_axis',(0.,-0.707106781186548,0.707106781186548));
#2255=DIRECTION('ref_axis',(1.,0.,0.));
#2256=DIRECTION('',(-1.,0.,0.));
#2257=DIRECTION('',(0.,0.707106781186548,0.707106781186548));
#2258=DIRECTION('center_axis',(0.,0.,-1.));
#2259=DIRECTION('ref_axis',(-0.707106781186546,-0.707106781186549,0.));
#2260=DIRECTION('',(0.707106781186546,0.,0.707106781186549));
#2261=DIRECTION('center_axis',(0.,0.,-1.));
#2262=DIRECTION('ref_axis',(-0.707106781186546,-0.707106781186549,0.));
#2263=DIRECTION('center_axis',(-0.707106781186549,0.,0.707106781186546));
#2264=DIRECTION('ref_axis',(0.707106781186546,0.,0.707106781186549));
#2265=DIRECTION('',(0.,1.,0.));
#2266=DIRECTION('',(0.707106781186548,0.,0.707106781186548));
#2267=DIRECTION('center_axis',(0.,0.,-1.));
#2268=DIRECTION('ref_axis',(-0.707106781186547,0.707106781186547,0.));
#2269=DIRECTION('',(0.,-0.707106781186545,0.70710678118655));
#2270=DIRECTION('center_axis',(0.,0.,-1.));
#2271=DIRECTION('ref_axis',(-0.707106781186548,0.707106781186548,0.));
#2272=DIRECTION('center_axis',(0.,0.70710678118655,0.707106781186545));
#2273=DIRECTION('ref_axis',(1.,0.,0.));
#2274=DIRECTION('',(1.,0.,0.));
#2275=DIRECTION('',(0.,-0.707106781186548,0.707106781186546));
#2276=DIRECTION('center_axis',(0.,0.,-1.));
#2277=DIRECTION('ref_axis',(0.707106781186548,0.707106781186548,0.));
#2278=DIRECTION('',(-0.707106781186546,0.,0.707106781186549));
#2279=DIRECTION('center_axis',(0.,0.,-1.));
#2280=DIRECTION('ref_axis',(0.707106781186548,0.707106781186548,0.));
#2281=DIRECTION('center_axis',(0.707106781186549,0.,0.707106781186546));
#2282=DIRECTION('ref_axis',(0.707106781186546,0.,-0.707106781186549));
#2283=DIRECTION('',(0.,-1.,0.));
#2284=DIRECTION('center_axis',(0.,0.,-1.));
#2285=DIRECTION('ref_axis',(7.16272919113004E-17,1.,0.));
#2286=DIRECTION('',(0.,1.,0.));
#2287=DIRECTION('',(1.,-7.16272919113004E-17,0.));
#2288=DIRECTION('',(-5.28677630773884E-17,-1.,0.));
#2289=DIRECTION('',(-1.,0.,0.));
#2290=DIRECTION('center_axis',(7.16272919113004E-17,1.,0.));
#2291=DIRECTION('ref_axis',(0.,0.,1.));
#2292=DIRECTION('',(0.,0.,-1.));
#2293=DIRECTION('',(0.,0.,-1.));
#2294=DIRECTION('center_axis',(1.,-5.28677630773884E-17,0.));
#2295=DIRECTION('ref_axis',(0.,0.,1.));
#2296=DIRECTION('',(0.,0.,-1.));
#2297=DIRECTION('center_axis',(0.,-1.,0.));
#2298=DIRECTION('ref_axis',(0.,0.,1.));
#2299=DIRECTION('',(0.,0.,-1.));
#2300=DIRECTION('center_axis',(-1.,0.,0.));
#2301=DIRECTION('ref_axis',(0.,0.,1.));
#2302=DIRECTION('center_axis',(0.,0.,1.));
#2303=DIRECTION('ref_axis',(1.,0.,0.));
#2304=DIRECTION('center_axis',(0.,0.,1.));
#2305=DIRECTION('ref_axis',(1.,0.,0.));
#2306=DIRECTION('',(-1.,1.08314441426825E-16,0.));
#2307=DIRECTION('center_axis',(0.,0.,-1.));
#2308=DIRECTION('ref_axis',(-1.,0.,0.));
#2309=DIRECTION('',(0.,1.,0.));
#2310=DIRECTION('center_axis',(0.,0.,-1.));
#2311=DIRECTION('ref_axis',(0.,1.,0.));
#2312=DIRECTION('center_axis',(0.,0.,1.));
#2313=DIRECTION('ref_axis',(0.,1.,0.));
#2314=DIRECTION('',(0.,0.,1.));
#2315=DIRECTION('center_axis',(-1.,0.,0.));
#2316=DIRECTION('ref_axis',(0.,-1.,0.));
#2317=DIRECTION('',(0.,0.,1.));
#2318=DIRECTION('center_axis',(0.,0.,1.));
#2319=DIRECTION('ref_axis',(-1.,0.,0.));
#2320=DIRECTION('',(0.,0.,1.));
#2321=DIRECTION('center_axis',(-1.08314441426825E-16,-1.,0.));
#2322=DIRECTION('ref_axis',(1.,-1.08314441426825E-16,0.));
#2323=DIRECTION('center_axis',(-0.816496580927727,0.408248290463865,-0.40824829046386));
#2324=DIRECTION('ref_axis',(-0.577350269189627,-0.577350269189628,0.577350269189623));
#2325=DIRECTION('center_axis',(0.,-1.,0.));
#2326=DIRECTION('ref_axis',(-1.,0.,0.));
#2327=DIRECTION('center_axis',(0.,0.,1.));
#2328=DIRECTION('ref_axis',(0.,-1.,0.));
#2329=DIRECTION('center_axis',(-1.,0.,0.));
#2330=DIRECTION('ref_axis',(0.,0.,1.));
#2331=DIRECTION('center_axis',(-0.816496580927727,-0.408248290463864,-0.40824829046386));
#2332=DIRECTION('ref_axis',(-0.577350269189627,0.577350269189627,0.577350269189623));
#2333=DIRECTION('center_axis',(-1.,0.,0.));
#2334=DIRECTION('ref_axis',(0.,1.,0.));
#2335=DIRECTION('center_axis',(0.,0.,1.));
#2336=DIRECTION('ref_axis',(-1.,0.,0.));
#2337=DIRECTION('center_axis',(0.,1.,0.));
#2338=DIRECTION('ref_axis',(0.,0.,1.));
#2339=DIRECTION('center_axis',(0.,0.,-1.));
#2340=DIRECTION('ref_axis',(-1.,0.,0.));
#2341=DIRECTION('center_axis',(0.,0.,-1.));
#2342=DIRECTION('ref_axis',(-1.,0.,0.));
#2343=DIRECTION('center_axis',(0.,-1.,0.));
#2344=DIRECTION('ref_axis',(0.,0.,-1.));
#2345=DIRECTION('center_axis',(0.,0.,1.));
#2346=DIRECTION('ref_axis',(-0.707106781186547,-0.707106781186548,0.));
#2347=DIRECTION('center_axis',(-1.,0.,0.));
#2348=DIRECTION('ref_axis',(0.,1.,0.));
#2349=DIRECTION('center_axis',(-0.816496580927727,-0.408248290463865,0.40824829046386));
#2350=DIRECTION('ref_axis',(0.577350269189628,-0.577350269189628,0.577350269189622));
#2351=DIRECTION('center_axis',(1.,0.,0.));
#2352=DIRECTION('ref_axis',(0.,-1.,0.));
#2353=DIRECTION('center_axis',(0.,0.,1.));
#2354=DIRECTION('ref_axis',(1.,0.,0.));
#2355=DIRECTION('center_axis',(0.,-1.,0.));
#2356=DIRECTION('ref_axis',(0.,0.,1.));
#2357=DIRECTION('center_axis',(0.,0.,1.));
#2358=DIRECTION('ref_axis',(1.,0.,0.));
#2359=DIRECTION('center_axis',(0.,0.,1.));
#2360=DIRECTION('ref_axis',(-0.707106781186548,0.707106781186547,0.));
#2361=DIRECTION('center_axis',(0.,1.,0.));
#2362=DIRECTION('ref_axis',(1.,0.,0.));
#2363=DIRECTION('center_axis',(0.,0.,-1.));
#2364=DIRECTION('ref_axis',(0.,1.,0.));
#2365=DIRECTION('center_axis',(-1.,0.,0.));
#2366=DIRECTION('ref_axis',(0.,0.,-1.));
#2367=DIRECTION('center_axis',(0.,1.,0.));
#2368=DIRECTION('ref_axis',(0.707106781186549,0.,-0.707106781186546));
#2369=DIRECTION('',(0.,-1.,0.));
#2370=DIRECTION('',(0.,1.,0.));
#2371=DIRECTION('center_axis',(0.,0.,1.));
#2372=DIRECTION('ref_axis',(-0.707106781186547,0.707106781186548,0.));
#2373=DIRECTION('',(0.,0.,-1.));
#2374=DIRECTION('',(0.,0.,1.));
#2375=DIRECTION('center_axis',(0.408248290463862,0.408248290463862,-0.816496580927727));
#2376=DIRECTION('ref_axis',(0.577350269189627,0.577350269189627,0.577350269189623));
#2377=DIRECTION('center_axis',(0.,1.,0.));
#2378=DIRECTION('ref_axis',(1.,0.,0.));
#2379=DIRECTION('center_axis',(0.,0.,1.));
#2380=DIRECTION('ref_axis',(0.,1.,0.));
#2381=DIRECTION('center_axis',(1.,0.,0.));
#2382=DIRECTION('ref_axis',(0.,0.,1.));
#2383=DIRECTION('center_axis',(0.,0.,1.));
#2384=DIRECTION('ref_axis',(1.,0.,0.));
#2385=DIRECTION('center_axis',(0.,0.,1.));
#2386=DIRECTION('ref_axis',(0.707106781186547,-0.707106781186547,0.));
#2387=DIRECTION('center_axis',(0.,-1.,0.));
#2388=DIRECTION('ref_axis',(-1.,0.,0.));
#2389=DIRECTION('center_axis',(0.,0.,-1.));
#2390=DIRECTION('ref_axis',(0.,-1.,0.));
#2391=DIRECTION('center_axis',(1.,0.,0.));
#2392=DIRECTION('ref_axis',(0.,0.,-1.));
#2393=DIRECTION('center_axis',(0.,0.,1.));
#2394=DIRECTION('ref_axis',(1.,0.,0.));
#2395=DIRECTION('center_axis',(0.,0.,1.));
#2396=DIRECTION('ref_axis',(0.707106781186548,0.707106781186547,0.));
#2397=DIRECTION('center_axis',(1.,0.,0.));
#2398=DIRECTION('ref_axis',(0.,-1.,0.));
#2399=DIRECTION('center_axis',(0.,0.,-1.));
#2400=DIRECTION('ref_axis',(1.,0.,0.));
#2401=DIRECTION('center_axis',(0.,1.,0.));
#2402=DIRECTION('ref_axis',(0.,0.,-1.));
#2403=DIRECTION('center_axis',(1.,0.,0.));
#2404=DIRECTION('ref_axis',(0.,-0.707106781186549,-0.707106781186546));
#2405=DIRECTION('',(-1.,0.,0.));
#2406=DIRECTION('',(1.,0.,0.));
#2407=DIRECTION('center_axis',(0.,0.,1.));
#2408=DIRECTION('ref_axis',(0.707106781186548,0.707106781186548,0.));
#2409=DIRECTION('',(0.,0.,-1.));
#2410=DIRECTION('',(0.,0.,1.));
#2411=DIRECTION('center_axis',(0.,-1.,0.));
#2412=DIRECTION('ref_axis',(-0.707106781186549,0.,-0.707106781186546));
#2413=DIRECTION('',(0.,1.,0.));
#2414=DIRECTION('',(0.,-1.,0.));
#2415=DIRECTION('center_axis',(0.,0.,1.));
#2416=DIRECTION('ref_axis',(0.707106781186548,-0.707106781186548,0.));
#2417=DIRECTION('',(0.,0.,-1.));
#2418=DIRECTION('',(0.,0.,1.));
#2419=DIRECTION('center_axis',(-1.,0.,0.));
#2420=DIRECTION('ref_axis',(0.,0.707106781186549,-0.707106781186546));
#2421=DIRECTION('',(1.,0.,0.));
#2422=DIRECTION('',(-1.,0.,0.));
#2423=DIRECTION('center_axis',(-1.,0.,0.));
#2424=DIRECTION('ref_axis',(0.,0.707106781186549,0.707106781186546));
#2425=DIRECTION('',(1.,0.,0.));
#2426=DIRECTION('',(-1.,0.,0.));
#2427=DIRECTION('center_axis',(0.,1.,0.));
#2428=DIRECTION('ref_axis',(0.707106781186549,0.,0.707106781186546));
#2429=DIRECTION('',(0.,-1.,0.));
#2430=DIRECTION('',(0.,1.,0.));
#2431=DIRECTION('center_axis',(1.,0.,0.));
#2432=DIRECTION('ref_axis',(0.,-0.707106781186549,0.707106781186546));
#2433=DIRECTION('',(-1.,0.,0.));
#2434=DIRECTION('',(1.,0.,0.));
#2435=DIRECTION('center_axis',(0.,0.,1.));
#2436=DIRECTION('ref_axis',(-0.707106781186547,-0.707106781186548,0.));
#2437=DIRECTION('',(0.,0.,-1.));
#2438=DIRECTION('',(0.,0.,1.));
#2439=DIRECTION('center_axis',(0.,-1.,0.));
#2440=DIRECTION('ref_axis',(-0.707106781186549,0.,0.707106781186546));
#2441=DIRECTION('',(0.,1.,0.));
#2442=DIRECTION('',(0.,-1.,0.));
#2443=DIRECTION('center_axis',(-1.,0.,0.));
#2444=DIRECTION('ref_axis',(0.,-1.,0.));
#2445=DIRECTION('center_axis',(0.,1.,0.));
#2446=DIRECTION('ref_axis',(-1.,0.,0.));
#2447=DIRECTION('center_axis',(0.,0.,1.));
#2448=DIRECTION('ref_axis',(1.,0.,0.));
#2449=DIRECTION('',(0.,-1.,0.));
#2450=DIRECTION('center_axis',(0.,0.,-1.));
#2451=DIRECTION('ref_axis',(0.707106781186548,0.707106781186547,0.));
#2452=DIRECTION('',(1.,0.,0.));
#2453=DIRECTION('center_axis',(0.,0.,-1.));
#2454=DIRECTION('ref_axis',(-0.707106781186548,0.707106781186547,0.));
#2455=DIRECTION('',(0.,1.,0.));
#2456=DIRECTION('center_axis',(0.,0.,-1.));
#2457=DIRECTION('ref_axis',(-0.707106781186548,-0.707106781186548,0.));
#2458=DIRECTION('',(-1.,0.,0.));
#2459=DIRECTION('center_axis',(0.,0.,-1.));
#2460=DIRECTION('ref_axis',(0.707106781186548,-0.707106781186548,0.));
#2461=DIRECTION('center_axis',(1.,0.,0.));
#2462=DIRECTION('ref_axis',(0.,1.,0.));
#2463=DIRECTION('center_axis',(0.,-1.,0.));
#2464=DIRECTION('ref_axis',(1.,0.,0.));
#2465=DIRECTION('center_axis',(0.,0.,1.));
#2466=DIRECTION('ref_axis',(1.,0.,0.));
#2467=DIRECTION('center_axis',(-1.,0.,0.));
#2468=DIRECTION('ref_axis',(0.,0.,-1.));
#2469=DIRECTION('center_axis',(-1.,0.,0.));
#2470=DIRECTION('ref_axis',(0.,0.,1.));
#2471=DIRECTION('',(1.,0.,0.));
#2472=DIRECTION('center_axis',(1.,0.,0.));
#2473=DIRECTION('ref_axis',(0.,0.968245836551856,0.249999999999994));
#2474=DIRECTION('',(-1.,0.,0.));
#2475=DIRECTION('center_axis',(0.,1.,0.));
#2476=DIRECTION('ref_axis',(-4.44089209850064E-15,0.,1.));
#2477=DIRECTION('center_axis',(0.,1.,0.));
#2478=DIRECTION('ref_axis',(-0.968245836551855,0.,0.249999999999995));
#2479=DIRECTION('center_axis',(0.,1.,0.));
#2480=DIRECTION('ref_axis',(0.,0.,-1.));
#2481=DIRECTION('center_axis',(0.,1.,0.));
#2482=DIRECTION('ref_axis',(0.,0.,1.));
#2483=DIRECTION('',(0.,-1.,0.));
#2484=DIRECTION('',(0.,1.,0.));
#2485=DIRECTION('center_axis',(0.,-1.,0.));
#2486=DIRECTION('ref_axis',(0.,0.,-1.));
#2487=DIRECTION('center_axis',(0.,1.,0.));
#2488=DIRECTION('ref_axis',(-0.968245836551856,0.,0.249999999999994));
#2489=DIRECTION('',(0.,-1.,0.));
#2490=DIRECTION('',(0.,1.,0.));
#2491=DIRECTION('center_axis',(1.,1.71995011397971E-15,-2.22044604925032E-15));
#2492=DIRECTION('ref_axis',(2.22044604925032E-15,0.,1.));
#2493=DIRECTION('center_axis',(-1.,-5.73316704659898E-15,-4.44089209850064E-15));
#2494=DIRECTION('ref_axis',(4.44089209850062E-15,-0.968245836551856,0.249999999999994));
#2495=DIRECTION('center_axis',(1.,0.,0.));
#2496=DIRECTION('ref_axis',(0.,0.,-1.));
#2497=DIRECTION('',(-1.,0.,0.));
#2498=DIRECTION('',(1.,0.,0.));
#2499=DIRECTION('center_axis',(0.,0.,1.));
#2500=DIRECTION('ref_axis',(1.,0.,0.));
#2501=DIRECTION('center_axis',(0.,-1.,0.));
#2502=DIRECTION('ref_axis',(0.,0.,-1.));
#2503=DIRECTION('center_axis',(0.,0.,1.));
#2504=DIRECTION('ref_axis',(0.707106781186548,0.707106781186547,0.));
#2505=DIRECTION('center_axis',(1.,0.,0.));
#2506=DIRECTION('ref_axis',(0.,0.,-1.));
#2507=DIRECTION('center_axis',(0.,1.,0.));
#2508=DIRECTION('ref_axis',(0.707106781186548,0.,-0.707106781186548));
#2509=DIRECTION('center_axis',(0.,1.,0.));
#2510=DIRECTION('ref_axis',(1.,0.,0.));
#2511=DIRECTION('',(0.,1.,0.));
#2512=DIRECTION('center_axis',(0.,0.,1.));
#2513=DIRECTION('ref_axis',(1.,0.,0.));
#2514=DIRECTION('center_axis',(-1.,0.,0.));
#2515=DIRECTION('ref_axis',(0.,0.,-1.));
#2516=DIRECTION('center_axis',(0.,0.,1.));
#2517=DIRECTION('ref_axis',(0.707106781186548,-0.707106781186547,0.));
#2518=DIRECTION('center_axis',(1.,-1.08314441426825E-16,0.));
#2519=DIRECTION('ref_axis',(0.,-0.707106781186548,-0.707106781186548));
#2520=DIRECTION('center_axis',(-1.,0.,0.));
#2521=DIRECTION('ref_axis',(0.,0.,-1.));
#2522=DIRECTION('',(1.,-1.08314441426825E-16,0.));
#2523=DIRECTION('center_axis',(0.,0.,1.));
#2524=DIRECTION('ref_axis',(1.,0.,0.));
#2525=DIRECTION('',(0.,1.,0.));
#2526=DIRECTION('center_axis',(0.,0.,1.));
#2527=DIRECTION('ref_axis',(0.707106781186548,-0.707106781186548,0.));
#2528=DIRECTION('',(1.,0.,0.));
#2529=DIRECTION('center_axis',(0.,0.,1.));
#2530=DIRECTION('ref_axis',(-0.707106781186548,-0.707106781186548,0.));
#2531=DIRECTION('',(0.,-1.,0.));
#2532=DIRECTION('center_axis',(0.,0.,1.));
#2533=DIRECTION('ref_axis',(-0.707106781186548,0.707106781186547,0.));
#2534=DIRECTION('',(-1.,0.,0.));
#2535=DIRECTION('center_axis',(0.,0.,1.));
#2536=DIRECTION('ref_axis',(0.707106781186548,0.707106781186547,0.));
#2537=DIRECTION('center_axis',(-1.,-1.08314441426845E-16,0.));
#2538=DIRECTION('ref_axis',(0.,0.707106781186549,-0.707106781186546));
#2539=DIRECTION('',(-1.,-1.08314441426845E-16,0.));
#2540=DIRECTION('center_axis',(1.,0.,0.));
#2541=DIRECTION('ref_axis',(0.,0.,-1.));
#2542=DIRECTION('center_axis',(0.,0.,1.));
#2543=DIRECTION('ref_axis',(1.,0.,0.));
#2544=DIRECTION('center_axis',(0.,0.,1.));
#2545=DIRECTION('ref_axis',(-0.707106781186547,0.707106781186548,0.));
#2546=DIRECTION('center_axis',(0.,1.,0.));
#2547=DIRECTION('ref_axis',(0.,0.,-1.));
#2548=DIRECTION('center_axis',(0.,-1.,0.));
#2549=DIRECTION('ref_axis',(-0.707106781186549,0.,-0.707106781186546));
#2550=DIRECTION('',(0.,-1.,0.));
#2551=DIRECTION('center_axis',(0.,1.,0.));
#2552=DIRECTION('ref_axis',(0.,0.,-1.));
#2553=DIRECTION('center_axis',(0.,0.,1.));
#2554=DIRECTION('ref_axis',(1.,0.,0.));
#2555=DIRECTION('center_axis',(0.,0.,1.));
#2556=DIRECTION('ref_axis',(-0.707106781186548,-0.707106781186547,0.));
#2557=DIRECTION('center_axis',(0.,0.,-1.));
#2558=DIRECTION('ref_axis',(-1.,0.,0.));
#2559=DIRECTION('center_axis',(0.,-1.,0.));
#2560=DIRECTION('ref_axis',(0.707106781186548,0.,-0.707106781186548));
#2561=DIRECTION('center_axis',(0.,-1.,0.));
#2562=DIRECTION('ref_axis',(1.,0.,-1.77635683940025E-14));
#2563=DIRECTION('center_axis',(0.,1.,0.));
#2564=DIRECTION('ref_axis',(1.,0.,0.));
#2565=DIRECTION('center_axis',(0.,0.,-1.));
#2566=DIRECTION('ref_axis',(-1.,0.,0.));
#2567=DIRECTION('center_axis',(1.,0.,0.));
#2568=DIRECTION('ref_axis',(0.,-1.,0.));
#2569=DIRECTION('center_axis',(-1.,0.,0.));
#2570=DIRECTION('ref_axis',(0.,-0.707106781186548,-0.707106781186548));
#2571=DIRECTION('center_axis',(1.,0.,0.));
#2572=DIRECTION('ref_axis',(0.,-1.,0.));
#2573=DIRECTION('center_axis',(0.,0.,-1.));
#2574=DIRECTION('ref_axis',(-1.,0.,0.));
#2575=DIRECTION('center_axis',(0.,-1.,0.));
#2576=DIRECTION('ref_axis',(-1.,0.,0.));
#2577=DIRECTION('center_axis',(0.,1.,0.));
#2578=DIRECTION('ref_axis',(-0.707106781186551,0.,-0.707106781186544));
#2579=DIRECTION('center_axis',(8.32667268468867E-16,1.,0.));
#2580=DIRECTION('ref_axis',(-1.,8.32667268468867E-16,-8.88178419700124E-15));
#2581=DIRECTION('center_axis',(0.,0.,-1.));
#2582=DIRECTION('ref_axis',(-1.,0.,0.));
#2583=DIRECTION('center_axis',(1.,-2.22044604925031E-15,0.));
#2584=DIRECTION('ref_axis',(2.22044604925031E-15,1.,-1.77635683940025E-14));
#2585=DIRECTION('center_axis',(1.,0.,0.));
#2586=DIRECTION('ref_axis',(0.,0.707106781186549,-0.707106781186546));
#2587=DIRECTION('center_axis',(1.,0.,0.));
#2588=DIRECTION('ref_axis',(0.,1.,-8.88178419700125E-15));
#2589=DIRECTION('center_axis',(0.,0.,-1.));
#2590=DIRECTION('ref_axis',(-1.,0.,0.));
#2591=CARTESIAN_POINT('',(0.,0.,0.));
#2592=CARTESIAN_POINT('Origin',(-16.4999999999997,2.2,43.5));
#2593=CARTESIAN_POINT('',(-16.4999999999997,7.19999999999999,43.5));
#2594=CARTESIAN_POINT('',(-21.4999999999997,2.2,43.5));
#2595=CARTESIAN_POINT('Origin',(-16.4999999999997,2.2,43.5));
#2596=CARTESIAN_POINT('',(-16.4999999999997,7.19999999999999,44.5));
#2597=CARTESIAN_POINT('',(-16.4999999999997,7.19999999999999,43.5));
#2598=CARTESIAN_POINT('',(-21.4999999999997,2.2,44.5));
#2599=CARTESIAN_POINT('Origin',(-16.4999999999997,2.2,44.5));
#2600=CARTESIAN_POINT('',(-21.4999999999997,2.2,43.5));
#2601=CARTESIAN_POINT('Origin',(28.4999999999997,7.19999999999999,43.5));
#2602=CARTESIAN_POINT('',(28.4999999999997,7.19999999999999,43.5));
#2603=CARTESIAN_POINT('',(17.2499999999998,7.19999999999999,43.5));
#2604=CARTESIAN_POINT('',(28.4999999999997,7.19999999999999,44.5));
#2605=CARTESIAN_POINT('',(28.4999999999997,7.19999999999999,43.5));
#2606=CARTESIAN_POINT('',(17.2499999999998,7.19999999999999,44.5));
#2607=CARTESIAN_POINT('Origin',(28.4999999999997,2.20000000000001,43.5));
#2608=CARTESIAN_POINT('',(33.4999999999997,2.20000000000001,43.5));
#2609=CARTESIAN_POINT('Origin',(28.4999999999997,2.20000000000001,43.5));
#2610=CARTESIAN_POINT('',(33.4999999999997,2.20000000000001,44.5));
#2611=CARTESIAN_POINT('',(33.4999999999997,2.20000000000001,43.5));
#2612=CARTESIAN_POINT('Origin',(28.4999999999997,2.20000000000001,44.5));
#2613=CARTESIAN_POINT('Origin',(33.4999999999997,-22.8,43.5));
#2614=CARTESIAN_POINT('',(33.4999999999997,-22.8,43.5));
#2615=CARTESIAN_POINT('',(33.4999999999997,-18.8,43.5));
#2616=CARTESIAN_POINT('',(33.4999999999997,-22.8,44.5));
#2617=CARTESIAN_POINT('',(33.4999999999997,-22.8,43.5));
#2618=CARTESIAN_POINT('',(33.4999999999997,-16.55,44.5));
#2619=CARTESIAN_POINT('Origin',(28.4999999999997,-22.8,43.5));
#2620=CARTESIAN_POINT('',(28.4999999999997,-27.8,43.5));
#2621=CARTESIAN_POINT('Origin',(28.4999999999997,-22.8,43.5));
#2622=CARTESIAN_POINT('',(28.4999999999997,-27.8,44.5));
#2623=CARTESIAN_POINT('',(28.4999999999997,-27.8,43.5));
#2624=CARTESIAN_POINT('Origin',(28.4999999999997,-22.8,44.5));
#2625=CARTESIAN_POINT('Origin',(-16.4999999999997,-27.8,43.5));
#2626=CARTESIAN_POINT('',(-16.4999999999997,-27.8,43.5));
#2627=CARTESIAN_POINT('',(-5.24999999999985,-27.8,43.5));
#2628=CARTESIAN_POINT('',(-16.4999999999997,-27.8,44.5));
#2629=CARTESIAN_POINT('',(-16.4999999999997,-27.8,43.5));
#2630=CARTESIAN_POINT('',(-5.24999999999986,-27.8,44.5));
#2631=CARTESIAN_POINT('Origin',(-16.4999999999997,-22.8,43.5));
#2632=CARTESIAN_POINT('',(-21.4999999999997,-22.8,43.5));
#2633=CARTESIAN_POINT('Origin',(-16.4999999999997,-22.8,43.5));
#2634=CARTESIAN_POINT('',(-21.4999999999997,-22.8,44.5));
#2635=CARTESIAN_POINT('',(-21.4999999999997,-22.8,43.5));
#2636=CARTESIAN_POINT('Origin',(-16.4999999999997,-22.8,44.5));
#2637=CARTESIAN_POINT('Origin',(-21.4999999999997,2.2,43.5));
#2638=CARTESIAN_POINT('',(-21.4999999999997,-6.30000000000001,43.5));
#2639=CARTESIAN_POINT('',(-21.4999999999997,-4.05,44.5));
#2640=CARTESIAN_POINT('Origin',(5.99999999999999,-10.3,44.5));
#2641=CARTESIAN_POINT('',(26.4999999999997,-25.8,44.5));
#2642=CARTESIAN_POINT('',(-14.5000000000077,-25.8,44.5));
#2643=CARTESIAN_POINT('',(-4.25000000000384,-25.8,44.5));
#2644=CARTESIAN_POINT('',(31.4999999999997,-20.8,44.5));
#2645=CARTESIAN_POINT('Origin',(26.4999999999997,-20.8,44.5));
#2646=CARTESIAN_POINT('',(31.4999999999997,0.199999999999991,44.5));
#2647=CARTESIAN_POINT('',(31.4999999999997,-15.55,44.5));
#2648=CARTESIAN_POINT('',(26.4999999999997,5.19999999999999,44.5));
#2649=CARTESIAN_POINT('Origin',(26.4999999999997,0.199999999999994,44.5));
#2650=CARTESIAN_POINT('',(-14.5000000000003,5.19999999999999,44.5));
#2651=CARTESIAN_POINT('',(16.2499999999998,5.19999999999999,44.5));
#2652=CARTESIAN_POINT('',(-19.4999999999997,0.200000000000617,44.5));
#2653=CARTESIAN_POINT('Origin',(-14.5000000000003,0.200000000000617,44.5));
#2654=CARTESIAN_POINT('',(-19.4999999999997,-20.8000000000079,44.5));
#2655=CARTESIAN_POINT('',(-19.4999999999997,-5.04999999999969,44.5));
#2656=CARTESIAN_POINT('Origin',(-14.5000000000077,-20.8000000000079,44.5));
#2657=CARTESIAN_POINT('Origin',(26.4999999999997,5.19999999999999,20.5));
#2658=CARTESIAN_POINT('',(26.4999999999997,5.19999999999999,45.));
#2659=CARTESIAN_POINT('',(26.4999999999997,5.19999999999999,20.5));
#2660=CARTESIAN_POINT('',(-14.5000000000003,5.19999999999999,45.));
#2661=CARTESIAN_POINT('',(16.2499999999998,5.19999999999999,45.));
#2662=CARTESIAN_POINT('',(-14.5000000000003,5.19999999999999,20.5));
#2663=CARTESIAN_POINT('Origin',(26.4999999999997,0.199999999999994,20.5));
#2664=CARTESIAN_POINT('',(31.4999999999997,0.199999999999994,45.));
#2665=CARTESIAN_POINT('',(31.4999999999997,0.199999999999994,20.5));
#2666=CARTESIAN_POINT('Origin',(26.4999999999997,0.199999999999994,45.));
#2667=CARTESIAN_POINT('Origin',(31.4999999999997,-20.8,20.5));
#2668=CARTESIAN_POINT('',(31.4999999999997,-20.8,45.));
#2669=CARTESIAN_POINT('',(31.4999999999997,-20.8,20.5));
#2670=CARTESIAN_POINT('',(31.4999999999997,-17.8,45.));
#2671=CARTESIAN_POINT('Origin',(26.4999999999997,-20.8,20.5));
#2672=CARTESIAN_POINT('',(26.4999999999997,-25.8,45.));
#2673=CARTESIAN_POINT('',(26.4999999999997,-25.8,20.5));
#2674=CARTESIAN_POINT('Origin',(26.4999999999997,-20.8,45.));
#2675=CARTESIAN_POINT('Origin',(-26.5,28.7,0.));
#2676=CARTESIAN_POINT('',(-26.5,26.7,43.5));
#2677=CARTESIAN_POINT('',(-26.5,-56.3,43.5));
#2678=CARTESIAN_POINT('',(-26.5,6.94999999999999,43.5));
#2679=CARTESIAN_POINT('',(-26.5,26.7,42.));
#2680=CARTESIAN_POINT('',(-26.5,26.7,0.));
#2681=CARTESIAN_POINT('',(-26.5,-56.3,42.));
#2682=CARTESIAN_POINT('',(-26.5,6.94999999999999,42.));
#2683=CARTESIAN_POINT('',(-26.5,-56.3,0.));
#2684=CARTESIAN_POINT('Origin',(6.,-14.8,43.5));
#2685=CARTESIAN_POINT('',(-23.5,24.2,43.5));
#2686=CARTESIAN_POINT('Origin',(-22.,24.2,43.5));
#2687=CARTESIAN_POINT('Origin',(37.,-58.3,0.));
#2688=CARTESIAN_POINT('',(37.,-56.8,43.5));
#2689=CARTESIAN_POINT('',(37.,-56.8,41.25));
#2690=CARTESIAN_POINT('',(37.,-56.8,42.));
#2691=CARTESIAN_POINT('',(37.,27.2,43.5));
#2692=CARTESIAN_POINT('',(37.,-36.55,43.5));
#2693=CARTESIAN_POINT('',(37.,27.2,41.25));
#2694=CARTESIAN_POINT('',(37.,27.2,0.));
#2695=CARTESIAN_POINT('',(37.,27.2,41.25));
#2696=CARTESIAN_POINT('Origin',(38.5,27.2,0.));
#2697=CARTESIAN_POINT('',(-25.,27.2,43.5));
#2698=CARTESIAN_POINT('',(22.25,27.2,43.5));
#2699=CARTESIAN_POINT('',(-25.,27.2,41.25));
#2700=CARTESIAN_POINT('',(-25.,27.2,0.));
#2701=CARTESIAN_POINT('',(-25.,27.2,41.25));
#2702=CARTESIAN_POINT('Origin',(-25.,28.7,0.));
#2703=CARTESIAN_POINT('',(-25.,-56.8,43.5));
#2704=CARTESIAN_POINT('',(-25.,6.94999999999999,43.5));
#2705=CARTESIAN_POINT('',(-25.,-56.8,41.25));
#2706=CARTESIAN_POINT('',(-25.,-56.8,0.));
#2707=CARTESIAN_POINT('',(-25.,0.,41.25));
#2708=CARTESIAN_POINT('Origin',(-26.5,-56.8,0.));
#2709=CARTESIAN_POINT('',(-10.25,-56.8,43.5));
#2710=CARTESIAN_POINT('',(37.,-56.8,41.25));
#2711=CARTESIAN_POINT('Origin',(6.,-14.8,43.5));
#2712=CARTESIAN_POINT('',(-23.5,-53.8,43.5));
#2713=CARTESIAN_POINT('Origin',(-22.,-53.8,43.5));
#2714=CARTESIAN_POINT('Origin',(6.,-14.8,4.5));
#2715=CARTESIAN_POINT('',(-24.6,24.2,4.5));
#2716=CARTESIAN_POINT('Origin',(-22.,24.2,4.5));
#2717=CARTESIAN_POINT('',(-23.5,24.2,4.5));
#2718=CARTESIAN_POINT('Origin',(-22.,24.2,4.5));
#2719=CARTESIAN_POINT('Origin',(-22.,24.2,4.5));
#2720=CARTESIAN_POINT('',(-24.6,24.2,43.5));
#2721=CARTESIAN_POINT('Origin',(-22.,24.2,43.5));
#2722=CARTESIAN_POINT('',(-24.6,24.2,4.5));
#2723=CARTESIAN_POINT('Origin',(-22.,24.2,4.5));
#2724=CARTESIAN_POINT('',(-23.5,24.2,4.5));
#2725=CARTESIAN_POINT('Origin',(6.,-14.8,43.5));
#2726=CARTESIAN_POINT('',(32.5,24.2,43.5));
#2727=CARTESIAN_POINT('Origin',(34.,24.2,43.5));
#2728=CARTESIAN_POINT('Origin',(6.,-14.8,4.5));
#2729=CARTESIAN_POINT('',(-24.6,-53.8,4.5));
#2730=CARTESIAN_POINT('Origin',(-22.,-53.8,4.5));
#2731=CARTESIAN_POINT('',(-23.5,-53.8,4.5));
#2732=CARTESIAN_POINT('Origin',(-22.,-53.8,4.5));
#2733=CARTESIAN_POINT('Origin',(-22.,-53.8,4.5));
#2734=CARTESIAN_POINT('',(-24.6,-53.8,43.5));
#2735=CARTESIAN_POINT('Origin',(-22.,-53.8,43.5));
#2736=CARTESIAN_POINT('',(-24.6,-53.8,4.5));
#2737=CARTESIAN_POINT('Origin',(-22.,-53.8,4.5));
#2738=CARTESIAN_POINT('',(-23.5,-53.8,4.5));
#2739=CARTESIAN_POINT('Origin',(6.,-14.8,43.5));
#2740=CARTESIAN_POINT('',(32.5,-53.8,43.5));
#2741=CARTESIAN_POINT('Origin',(34.,-53.8,43.5));
#2742=CARTESIAN_POINT('Origin',(6.,-14.8,4.5));
#2743=CARTESIAN_POINT('',(31.4,24.2,4.5));
#2744=CARTESIAN_POINT('Origin',(34.,24.2,4.5));
#2745=CARTESIAN_POINT('',(32.5,24.2,4.5));
#2746=CARTESIAN_POINT('Origin',(34.,24.2,4.5));
#2747=CARTESIAN_POINT('Origin',(34.,24.2,4.5));
#2748=CARTESIAN_POINT('',(31.4,24.2,43.5));
#2749=CARTESIAN_POINT('Origin',(34.,24.2,43.5));
#2750=CARTESIAN_POINT('',(31.4,24.2,4.5));
#2751=CARTESIAN_POINT('Origin',(34.,24.2,4.5));
#2752=CARTESIAN_POINT('',(32.5,24.2,4.5));
#2753=CARTESIAN_POINT('Origin',(6.,-14.8,4.5));
#2754=CARTESIAN_POINT('',(31.4,-53.8,4.5));
#2755=CARTESIAN_POINT('Origin',(34.,-53.8,4.5));
#2756=CARTESIAN_POINT('',(32.5,-53.8,4.5));
#2757=CARTESIAN_POINT('Origin',(34.,-53.8,4.5));
#2758=CARTESIAN_POINT('Origin',(34.,-53.8,4.5));
#2759=CARTESIAN_POINT('',(31.4,-53.8,43.5));
#2760=CARTESIAN_POINT('Origin',(34.,-53.8,43.5));
#2761=CARTESIAN_POINT('',(31.4,-53.8,4.5));
#2762=CARTESIAN_POINT('Origin',(34.,-53.8,4.5));
#2763=CARTESIAN_POINT('',(32.5,-53.8,4.5));
#2764=CARTESIAN_POINT('Origin',(36.5,-56.3,0.));
#2765=CARTESIAN_POINT('',(36.5,-58.3,43.5));
#2766=CARTESIAN_POINT('',(38.5,-56.3,43.5));
#2767=CARTESIAN_POINT('Origin',(36.5,-56.3,43.5));
#2768=CARTESIAN_POINT('',(36.5,-58.3,42.));
#2769=CARTESIAN_POINT('',(36.5,-58.3,0.));
#2770=CARTESIAN_POINT('',(38.5,-56.3,42.));
#2771=CARTESIAN_POINT('Origin',(36.5,-56.3,42.));
#2772=CARTESIAN_POINT('',(38.5,-56.3,0.));
#2773=CARTESIAN_POINT('Origin',(-26.5,-58.3,0.));
#2774=CARTESIAN_POINT('',(-24.5,-58.3,43.5));
#2775=CARTESIAN_POINT('',(-10.25,-58.3,43.5));
#2776=CARTESIAN_POINT('',(-24.5,-58.3,42.));
#2777=CARTESIAN_POINT('',(-24.5,-58.3,0.));
#2778=CARTESIAN_POINT('',(-10.25,-58.3,42.));
#2779=CARTESIAN_POINT('Origin',(-24.5,-56.3,0.));
#2780=CARTESIAN_POINT('Origin',(-24.5,-56.3,43.5));
#2781=CARTESIAN_POINT('Origin',(-24.5,-56.3,42.));
#2782=CARTESIAN_POINT('Origin',(6.,-14.8,42.));
#2783=CARTESIAN_POINT('',(-24.5,28.7,42.));
#2784=CARTESIAN_POINT('Origin',(-24.5,26.7,42.));
#2785=CARTESIAN_POINT('',(36.5,28.7,42.));
#2786=CARTESIAN_POINT('',(22.25,28.7,42.));
#2787=CARTESIAN_POINT('',(38.5,26.7,42.));
#2788=CARTESIAN_POINT('Origin',(36.5,26.7,42.));
#2789=CARTESIAN_POINT('',(38.5,-36.55,42.));
#2790=CARTESIAN_POINT('',(-25.75,27.95,42.));
#2791=CARTESIAN_POINT('',(-25.75,-57.55,42.));
#2792=CARTESIAN_POINT('',(-25.75,-35.8,42.));
#2793=CARTESIAN_POINT('',(37.75,-57.55,42.));
#2794=CARTESIAN_POINT('',(21.5,-57.55,42.));
#2795=CARTESIAN_POINT('',(37.75,27.95,42.));
#2796=CARTESIAN_POINT('',(37.75,6.19999999999999,42.));
#2797=CARTESIAN_POINT('',(-9.50000000000001,27.95,42.));
#2798=CARTESIAN_POINT('Origin',(38.5,-58.3,0.));
#2799=CARTESIAN_POINT('',(38.5,26.7,43.5));
#2800=CARTESIAN_POINT('',(38.5,-36.55,43.5));
#2801=CARTESIAN_POINT('',(38.5,26.7,0.));
#2802=CARTESIAN_POINT('Origin',(36.5,26.7,0.));
#2803=CARTESIAN_POINT('',(36.5,28.7,43.5));
#2804=CARTESIAN_POINT('Origin',(36.5,26.7,43.5));
#2805=CARTESIAN_POINT('',(36.5,28.7,0.));
#2806=CARTESIAN_POINT('Origin',(38.5,28.7,0.));
#2807=CARTESIAN_POINT('',(-24.5,28.7,43.5));
#2808=CARTESIAN_POINT('',(22.25,28.7,43.5));
#2809=CARTESIAN_POINT('',(-24.5,28.7,0.));
#2810=CARTESIAN_POINT('Origin',(-24.5,26.7,0.));
#2811=CARTESIAN_POINT('Origin',(-24.5,26.7,43.5));
#2812=CARTESIAN_POINT('Origin',(36.5,-56.3,44.25));
#2813=CARTESIAN_POINT('',(36.5,-56.8,45.));
#2814=CARTESIAN_POINT('',(36.5,-58.3,43.5));
#2815=CARTESIAN_POINT('',(37.,-56.3,45.));
#2816=CARTESIAN_POINT('',(37.,-56.3,45.));
#2817=CARTESIAN_POINT('Origin',(36.5,-56.3,45.));
#2818=CARTESIAN_POINT('Origin',(-10.25,-57.55,44.25));
#2819=CARTESIAN_POINT('',(-24.5,-56.8,45.));
#2820=CARTESIAN_POINT('',(-10.25,-56.8,45.));
#2821=CARTESIAN_POINT('',(-24.5,-58.3,43.5));
#2822=CARTESIAN_POINT('Origin',(-24.5,-56.3,44.25));
#2823=CARTESIAN_POINT('',(-25.,-56.3,45.));
#2824=CARTESIAN_POINT('',(-26.5,-56.3,43.5));
#2825=CARTESIAN_POINT('Origin',(-24.5,-56.3,45.));
#2826=CARTESIAN_POINT('Origin',(-25.75,6.94999999999999,44.25));
#2827=CARTESIAN_POINT('',(-25.,26.7,45.));
#2828=CARTESIAN_POINT('',(-25.,6.94999999999999,45.));
#2829=CARTESIAN_POINT('',(-26.5,26.7,43.5));
#2830=CARTESIAN_POINT('Origin',(-24.5,26.7,44.25));
#2831=CARTESIAN_POINT('',(-24.5,27.2,45.));
#2832=CARTESIAN_POINT('',(-24.5,28.7,43.5));
#2833=CARTESIAN_POINT('Origin',(-24.5,26.7,45.));
#2834=CARTESIAN_POINT('Origin',(22.25,27.95,44.25));
#2835=CARTESIAN_POINT('',(36.5,27.2,45.));
#2836=CARTESIAN_POINT('',(22.25,27.2,45.));
#2837=CARTESIAN_POINT('',(36.5,28.7,43.5));
#2838=CARTESIAN_POINT('Origin',(36.5,26.7,44.25));
#2839=CARTESIAN_POINT('',(37.,26.7,45.));
#2840=CARTESIAN_POINT('',(38.5,26.7,43.5));
#2841=CARTESIAN_POINT('Origin',(36.5,26.7,45.));
#2842=CARTESIAN_POINT('Origin',(37.75,-36.55,44.25));
#2843=CARTESIAN_POINT('',(37.,-36.55,45.));
#2844=CARTESIAN_POINT('Origin',(-25.,27.2,41.25));
#2845=CARTESIAN_POINT('',(-25.75,-57.55,41.25));
#2846=CARTESIAN_POINT('',(-25.75,27.95,41.25));
#2847=CARTESIAN_POINT('',(-25.75,0.,41.25));
#2848=CARTESIAN_POINT('',(37.75,27.95,41.25));
#2849=CARTESIAN_POINT('',(-25.,27.95,41.25));
#2850=CARTESIAN_POINT('',(37.75,-57.55,41.25));
#2851=CARTESIAN_POINT('',(37.75,27.2,41.25));
#2852=CARTESIAN_POINT('',(37.,-57.55,41.25));
#2853=CARTESIAN_POINT('Origin',(-25.,27.95,41.25));
#2854=CARTESIAN_POINT('',(37.75,27.95,42.));
#2855=CARTESIAN_POINT('',(-25.75,27.95,42.));
#2856=CARTESIAN_POINT('Origin',(37.75,27.2,41.25));
#2857=CARTESIAN_POINT('',(37.75,-57.55,42.));
#2858=CARTESIAN_POINT('Origin',(37.,-57.55,41.25));
#2859=CARTESIAN_POINT('',(-25.75,-57.55,42.));
#2860=CARTESIAN_POINT('Origin',(-25.75,-56.8,41.25));
#2861=CARTESIAN_POINT('Origin',(6.,-14.8,43.5));
#2862=CARTESIAN_POINT('Origin',(6.,-14.8,45.));
#2863=CARTESIAN_POINT('',(-14.5000000000077,-25.8,45.));
#2864=CARTESIAN_POINT('',(-4.25000000000383,-25.8,45.));
#2865=CARTESIAN_POINT('',(-19.4999999999997,-20.8000000000079,45.));
#2866=CARTESIAN_POINT('Origin',(-14.5000000000077,-20.8000000000079,45.));
#2867=CARTESIAN_POINT('',(-19.4999999999997,0.200000000000617,45.));
#2868=CARTESIAN_POINT('',(-19.4999999999997,-7.2999999999997,45.));
#2869=CARTESIAN_POINT('Origin',(-14.5000000000003,0.200000000000617,45.));
#2870=CARTESIAN_POINT('Origin',(-14.5000000000003,0.200000000000617,20.5));
#2871=CARTESIAN_POINT('',(-19.4999999999997,0.200000000000617,20.5));
#2872=CARTESIAN_POINT('Origin',(-19.4999999999997,0.200000000000617,20.5));
#2873=CARTESIAN_POINT('',(-19.4999999999997,-20.8000000000079,20.5));
#2874=CARTESIAN_POINT('Origin',(-14.5000000000077,-20.8000000000079,20.5));
#2875=CARTESIAN_POINT('',(-14.5000000000077,-25.8,20.5));
#2876=CARTESIAN_POINT('Origin',(-14.5000000000077,-25.8,20.5));
#2877=CARTESIAN_POINT('Origin',(-3.00000000000003,-10.8,51.));
#2878=CARTESIAN_POINT('',(-4.00000000000003,-10.8,51.));
#2879=CARTESIAN_POINT('',(-3.00000000000003,-10.8,52.));
#2880=CARTESIAN_POINT('Origin',(-3.00000000000003,-10.8,51.));
#2881=CARTESIAN_POINT('',(-3.00000000000003,-11.8,51.));
#2882=CARTESIAN_POINT('Origin',(-3.00000000000003,-10.8,51.));
#2883=CARTESIAN_POINT('Origin',(-3.00000000000003,-10.8,51.));
#2884=CARTESIAN_POINT('Origin',(-3.00000000000003,-9.8,51.));
#2885=CARTESIAN_POINT('',(-3.00000000000003,-8.8,51.));
#2886=CARTESIAN_POINT('',(-3.00000000000003,-9.8,52.));
#2887=CARTESIAN_POINT('Origin',(-3.00000000000003,-9.8,51.));
#2888=CARTESIAN_POINT('',(-4.00000000000003,-9.8,51.));
#2889=CARTESIAN_POINT('Origin',(-3.00000000000003,-9.8,51.));
#2890=CARTESIAN_POINT('Origin',(-3.00000000000003,-9.8,51.));
#2891=CARTESIAN_POINT('Origin',(-3.00000000000003,-10.8,48.));
#2892=CARTESIAN_POINT('',(-4.00000000000003,-10.8,48.));
#2893=CARTESIAN_POINT('',(-3.00000000000003,-11.8,48.));
#2894=CARTESIAN_POINT('Origin',(-3.00000000000003,-10.8,48.));
#2895=CARTESIAN_POINT('',(-5.00000000000003,-10.8,47.));
#2896=CARTESIAN_POINT('Origin',(-5.00000000000003,-10.8,48.));
#2897=CARTESIAN_POINT('',(-3.00000000000003,-12.8,47.));
#2898=CARTESIAN_POINT('Origin',(-3.00000000000003,-10.8,47.));
#2899=CARTESIAN_POINT('Origin',(-3.00000000000003,-12.8,48.));
#2900=CARTESIAN_POINT('Origin',(15.,-10.8,51.));
#2901=CARTESIAN_POINT('',(15.,-11.8,51.));
#2902=CARTESIAN_POINT('',(15.,-10.8,52.));
#2903=CARTESIAN_POINT('Origin',(15.,-10.8,51.));
#2904=CARTESIAN_POINT('',(16.,-10.8,51.));
#2905=CARTESIAN_POINT('Origin',(15.,-10.8,51.));
#2906=CARTESIAN_POINT('Origin',(15.,-10.8,51.));
#2907=CARTESIAN_POINT('Origin',(-3.00000000000003,-9.8,48.));
#2908=CARTESIAN_POINT('',(-3.00000000000003,-7.8,47.));
#2909=CARTESIAN_POINT('',(-5.00000000000003,-9.8,47.));
#2910=CARTESIAN_POINT('Origin',(-3.00000000000003,-9.8,47.));
#2911=CARTESIAN_POINT('',(-4.00000000000003,-9.8,48.));
#2912=CARTESIAN_POINT('Origin',(-5.00000000000003,-9.8,48.));
#2913=CARTESIAN_POINT('',(-3.00000000000003,-8.8,48.));
#2914=CARTESIAN_POINT('Origin',(-3.00000000000003,-9.8,48.));
#2915=CARTESIAN_POINT('Origin',(-3.00000000000003,-7.8,48.));
#2916=CARTESIAN_POINT('Origin',(-5.00000000000003,-9.55,48.));
#2917=CARTESIAN_POINT('',(-5.00000000000003,-9.55,47.));
#2918=CARTESIAN_POINT('',(-4.00000000000003,-9.55,48.));
#2919=CARTESIAN_POINT('Origin',(-3.00000000000003,-9.8,47.));
#2920=CARTESIAN_POINT('',(-3.00000000000003,-8.8,47.));
#2921=CARTESIAN_POINT('',(-4.00000000000003,-9.8,47.));
#2922=CARTESIAN_POINT('Origin',(15.,-9.8,51.));
#2923=CARTESIAN_POINT('',(16.,-9.8,51.));
#2924=CARTESIAN_POINT('',(15.,-9.8,52.));
#2925=CARTESIAN_POINT('Origin',(15.,-9.8,51.));
#2926=CARTESIAN_POINT('',(15.,-8.8,51.));
#2927=CARTESIAN_POINT('Origin',(15.,-9.8,51.));
#2928=CARTESIAN_POINT('Origin',(15.,-9.8,51.));
#2929=CARTESIAN_POINT('Origin',(15.,-10.8,48.));
#2930=CARTESIAN_POINT('',(15.,-12.8,47.));
#2931=CARTESIAN_POINT('',(17.,-10.8,47.));
#2932=CARTESIAN_POINT('Origin',(15.,-10.8,47.));
#2933=CARTESIAN_POINT('',(16.,-10.8,48.));
#2934=CARTESIAN_POINT('Origin',(17.,-10.8,48.));
#2935=CARTESIAN_POINT('',(15.,-11.8,48.));
#2936=CARTESIAN_POINT('Origin',(15.,-10.8,48.));
#2937=CARTESIAN_POINT('Origin',(15.,-12.8,48.));
#2938=CARTESIAN_POINT('Origin',(15.,-9.8,48.));
#2939=CARTESIAN_POINT('',(17.,-9.8,47.));
#2940=CARTESIAN_POINT('',(15.,-7.8,47.));
#2941=CARTESIAN_POINT('Origin',(15.,-9.8,47.));
#2942=CARTESIAN_POINT('',(15.,-8.8,48.));
#2943=CARTESIAN_POINT('Origin',(15.,-7.8,48.));
#2944=CARTESIAN_POINT('',(16.,-9.8,48.));
#2945=CARTESIAN_POINT('Origin',(15.,-9.8,48.));
#2946=CARTESIAN_POINT('Origin',(17.,-9.8,48.));
#2947=CARTESIAN_POINT('Origin',(11.,-7.8,48.));
#2948=CARTESIAN_POINT('',(11.,-7.8,47.));
#2949=CARTESIAN_POINT('',(11.,-8.8,48.));
#2950=CARTESIAN_POINT('Origin',(15.,-9.8,47.));
#2951=CARTESIAN_POINT('',(16.,-9.8,47.));
#2952=CARTESIAN_POINT('',(15.,-8.8,47.));
#2953=CARTESIAN_POINT('Origin',(17.,-11.05,48.));
#2954=CARTESIAN_POINT('',(17.,-11.05,47.));
#2955=CARTESIAN_POINT('',(16.,-11.05,48.));
#2956=CARTESIAN_POINT('Origin',(15.,-10.8,47.));
#2957=CARTESIAN_POINT('',(15.,-11.8,47.));
#2958=CARTESIAN_POINT('',(16.,-10.8,47.));
#2959=CARTESIAN_POINT('Origin',(0.999999999999981,-12.8,48.));
#2960=CARTESIAN_POINT('',(0.999999999999981,-12.8,47.));
#2961=CARTESIAN_POINT('',(0.999999999999981,-11.8,48.));
#2962=CARTESIAN_POINT('Origin',(11.,-9.8,51.));
#2963=CARTESIAN_POINT('',(11.,-9.8,52.));
#2964=CARTESIAN_POINT('',(11.,-8.8,51.));
#2965=CARTESIAN_POINT('Origin',(15.,-11.05,51.));
#2966=CARTESIAN_POINT('',(15.,-11.05,52.));
#2967=CARTESIAN_POINT('',(16.,-11.05,51.));
#2968=CARTESIAN_POINT('Origin',(0.999999999999972,-10.8,51.));
#2969=CARTESIAN_POINT('',(0.999999999999972,-10.8,52.));
#2970=CARTESIAN_POINT('',(0.999999999999972,-11.8,51.));
#2971=CARTESIAN_POINT('Origin',(-3.00000000000003,-10.8,47.));
#2972=CARTESIAN_POINT('',(-4.00000000000003,-10.8,47.));
#2973=CARTESIAN_POINT('',(-3.00000000000003,-11.8,47.));
#2974=CARTESIAN_POINT('Origin',(-3.00000000000003,-9.55,51.));
#2975=CARTESIAN_POINT('',(-3.00000000000003,-9.55,52.));
#2976=CARTESIAN_POINT('',(-4.00000000000003,-9.55,51.));
#2977=CARTESIAN_POINT('Origin',(-4.00000000000003,-8.8,47.));
#2978=CARTESIAN_POINT('Origin',(16.,-8.8,47.));
#2979=CARTESIAN_POINT('Origin',(5.99999999999999,-10.3,47.));
#2980=CARTESIAN_POINT('',(32.4999999999997,2.20000000000001,47.));
#2981=CARTESIAN_POINT('',(32.4999999999997,-22.8,47.));
#2982=CARTESIAN_POINT('',(32.4999999999997,-16.55,47.));
#2983=CARTESIAN_POINT('',(28.4999999999997,6.19999999999999,47.));
#2984=CARTESIAN_POINT('Origin',(28.4999999999997,2.20000000000001,47.));
#2985=CARTESIAN_POINT('',(-16.4999999999997,6.19999999999999,47.));
#2986=CARTESIAN_POINT('',(17.2499999999998,6.19999999999999,47.));
#2987=CARTESIAN_POINT('',(-20.4999999999997,2.19999999999999,47.));
#2988=CARTESIAN_POINT('Origin',(-16.4999999999997,2.2,47.));
#2989=CARTESIAN_POINT('',(-20.4999999999997,-22.8,47.));
#2990=CARTESIAN_POINT('',(-20.4999999999997,-4.05,47.));
#2991=CARTESIAN_POINT('',(-16.4999999999997,-26.8,47.));
#2992=CARTESIAN_POINT('Origin',(-16.4999999999997,-22.8,47.));
#2993=CARTESIAN_POINT('',(28.4999999999997,-26.8,47.));
#2994=CARTESIAN_POINT('',(-5.24999999999986,-26.8,47.));
#2995=CARTESIAN_POINT('Origin',(28.4999999999997,-22.8,47.));
#2996=CARTESIAN_POINT('Origin',(16.,-11.8,47.));
#2997=CARTESIAN_POINT('Origin',(-4.00000000000003,-11.8,47.));
#2998=CARTESIAN_POINT('Origin',(5.99999999999997,-10.3,52.));
#2999=CARTESIAN_POINT('Origin',(16.2499999999998,-26.7364916731037,44.));
#3000=CARTESIAN_POINT('',(-14.5000000000077,-26.7364916731037,45.));
#3001=CARTESIAN_POINT('',(-14.5000000000077,-25.7682458365518,44.25));
#3002=CARTESIAN_POINT('Origin',(-14.5000000000077,-26.7364916731037,44.));
#3003=CARTESIAN_POINT('',(26.4999999999997,-25.7682458365518,44.25));
#3004=CARTESIAN_POINT('',(16.2499999999998,-25.7682458365519,44.25));
#3005=CARTESIAN_POINT('',(26.4999999999997,-26.7364916731037,45.));
#3006=CARTESIAN_POINT('Origin',(26.4999999999997,-26.7364916731037,44.));
#3007=CARTESIAN_POINT('',(16.2499999999998,-26.7364916731037,45.));
#3008=CARTESIAN_POINT('Ctrl Pts',(-14.5000000000077,-25.7682458365518,44.25));
#3009=CARTESIAN_POINT('Ctrl Pts',(-15.6090535915614,-25.7682458365518,44.25));
#3010=CARTESIAN_POINT('Ctrl Pts',(-17.4576245431472,-25.1208861444067,44.25));
#3011=CARTESIAN_POINT('Ctrl Pts',(-19.1282930612505,-23.0272319460662,44.25));
#3012=CARTESIAN_POINT('Ctrl Pts',(-19.4682458365516,-21.5418759654527,44.25));
#3013=CARTESIAN_POINT('Ctrl Pts',(-19.4682458365516,-20.8000000000079,44.25));
#3014=CARTESIAN_POINT('Ctrl Pts',(-14.5000000000077,-25.8231673395374,44.4627100664117));
#3015=CARTESIAN_POINT('Ctrl Pts',(-15.621101053064,-25.8231673395374,44.4627100664117));
#3016=CARTESIAN_POINT('Ctrl Pts',(-17.4903407638485,-25.1682637925494,44.4627100664117));
#3017=CARTESIAN_POINT('Ctrl Pts',(-19.1791953168991,-23.0518048932722,44.4627100664117));
#3018=CARTESIAN_POINT('Ctrl Pts',(-19.5231673395371,-21.5499348385329,44.4627100664117));
#3019=CARTESIAN_POINT('Ctrl Pts',(-19.5231673395371,-20.8000000000079,44.4627100664117));
#3020=CARTESIAN_POINT('Ctrl Pts',(-14.5000000000077,-26.0783632266026,44.849640170988));
#3021=CARTESIAN_POINT('Ctrl Pts',(-15.6783613532739,-26.0783632266026,44.849640170988));
#3022=CARTESIAN_POINT('Ctrl Pts',(-17.6422311290814,-25.3907426513492,44.849640170988));
#3023=CARTESIAN_POINT('Ctrl Pts',(-19.4172898699439,-23.1662737674622,44.849640170988));
#3024=CARTESIAN_POINT('Ctrl Pts',(-19.7783632266023,-21.5882378031718,44.849640170988));
#3025=CARTESIAN_POINT('Ctrl Pts',(-19.7783632266023,-20.8000000000079,44.849640170988));
#3026=CARTESIAN_POINT('Ctrl Pts',(-14.5000000000077,-26.5168056611616,45.));
#3027=CARTESIAN_POINT('Ctrl Pts',(-15.7761107884358,-26.5168056611616,45.));
#3028=CARTESIAN_POINT('Ctrl Pts',(-17.9032506335985,-25.7718313264805,45.));
#3029=CARTESIAN_POINT('Ctrl Pts',(-19.8255802224796,-23.362796770686,45.));
#3030=CARTESIAN_POINT('Ctrl Pts',(-20.2168056611613,-21.6536250460739,45.));
#3031=CARTESIAN_POINT('Ctrl Pts',(-20.2168056611613,-20.8000000000079,45.));
#3032=CARTESIAN_POINT('Ctrl Pts',(-14.5000000000077,-26.7364916731037,45.));
#3033=CARTESIAN_POINT('Ctrl Pts',(-15.8251935648767,-26.7364916731037,45.));
#3034=CARTESIAN_POINT('Ctrl Pts',(-18.0340267068475,-25.9629700825153,45.));
#3035=CARTESIAN_POINT('Ctrl Pts',(-20.0302865684815,-23.4612901891072,45.));
#3036=CARTESIAN_POINT('Ctrl Pts',(-20.4364916731034,-21.6864578437278,45.));
#3037=CARTESIAN_POINT('Ctrl Pts',(-20.4364916731034,-20.8000000000079,45.));
#3038=CARTESIAN_POINT('',(-20.4364916731034,-20.8000000000079,45.));
#3039=CARTESIAN_POINT('',(-19.4682458365516,-20.8000000000079,44.25));
#3040=CARTESIAN_POINT('Origin',(-20.4364916731034,-20.8000000000079,44.));
#3041=CARTESIAN_POINT('Ctrl Pts',(-19.4682458365516,-20.800000000008,44.25));
#3042=CARTESIAN_POINT('Ctrl Pts',(-19.4682458365516,-20.922200607694,44.25));
#3043=CARTESIAN_POINT('Ctrl Pts',(-19.463633324763,-21.0447402352434,44.2500141564929));
#3044=CARTESIAN_POINT('Ctrl Pts',(-19.4544341251082,-21.1671209598006,44.2500369077543));
#3045=CARTESIAN_POINT('Ctrl Pts',(-19.4451362382135,-21.2908145611712,44.2500599030868));
#3046=CARTESIAN_POINT('Ctrl Pts',(-19.4311527441177,-21.4143452097604,44.2500916785268));
#3047=CARTESIAN_POINT('Ctrl Pts',(-19.4125634398417,-21.5371969221504,44.2501264914488));
#3048=CARTESIAN_POINT('Ctrl Pts',(-19.3939602451227,-21.660140432742,44.250161330384));
#3049=CARTESIAN_POINT('Ctrl Pts',(-19.3707444882788,-21.7824033511476,44.2501992113222));
#3050=CARTESIAN_POINT('Ctrl Pts',(-19.3430477916659,-21.9034762207683,44.2502343793528));
#3051=CARTESIAN_POINT('Ctrl Pts',(-19.3155264459541,-22.0237825644357,44.2502693247305));
#3052=CARTESIAN_POINT('Ctrl Pts',(-19.2835809305281,-22.1429132808923,44.2503015914611));
#3053=CARTESIAN_POINT('Ctrl Pts',(-19.2473886885158,-22.2603853682842,44.2503255338495));
#3054=CARTESIAN_POINT('Ctrl Pts',(-19.2221728517208,-22.342230449411,44.2503422149758));
#3055=CARTESIAN_POINT('Ctrl Pts',(-19.1948965847803,-22.4232707474972,44.2503548553351));
#3056=CARTESIAN_POINT('Ctrl Pts',(-19.1656330599842,-22.5033500918875,44.2503615455965));
#3057=CARTESIAN_POINT('Ctrl Pts',(-19.1220360581803,-22.6226528534709,44.2503715127941));
#3058=CARTESIAN_POINT('Ctrl Pts',(-19.0737112125194,-22.7407031799776,44.2503929932645));
#3059=CARTESIAN_POINT('Ctrl Pts',(-19.0207339617517,-22.8569475414908,44.2504203817402));
#3060=CARTESIAN_POINT('Ctrl Pts',(-19.0057654441657,-22.8897919368562,44.2504281202482));
#3061=CARTESIAN_POINT('Ctrl Pts',(-18.990425829087,-22.9224922097924,44.2504363304062));
#3062=CARTESIAN_POINT('Ctrl Pts',(-18.974717556783,-22.9550360307508,44.2504448857829));
#3063=CARTESIAN_POINT('Ctrl Pts',(-18.9194432846537,-23.0695512352861,44.2504749904442));
#3064=CARTESIAN_POINT('Ctrl Pts',(-18.8596005193365,-23.182127712422,44.2505093695417));
#3065=CARTESIAN_POINT('Ctrl Pts',(-18.7954898014849,-23.2922875888111,44.2505425148492));
#3066=CARTESIAN_POINT('Ctrl Pts',(-18.7311558972617,-23.4028309608767,44.2505757755442));
#3067=CARTESIAN_POINT('Ctrl Pts',(-18.662524676188,-23.5109402906287,44.2506077938514));
#3068=CARTESIAN_POINT('Ctrl Pts',(-18.5899461365854,-23.6161578209705,44.2506330044044));
#3069=CARTESIAN_POINT('Ctrl Pts',(-18.5176946293368,-23.7209012506096,44.250658101361));
#3070=CARTESIAN_POINT('Ctrl Pts',(-18.4415317681925,-23.8227783561065,44.2506764518179));
#3071=CARTESIAN_POINT('Ctrl Pts',(-18.3618419999018,-23.9213706848968,44.2506825655057));
#3072=CARTESIAN_POINT('Ctrl Pts',(-18.2995649430287,-23.9984199749001,44.2506873433146));
#3073=CARTESIAN_POINT('Ctrl Pts',(-18.2351347334544,-24.0734637229652,44.2506846477509));
#3074=CARTESIAN_POINT('Ctrl Pts',(-18.1687488183052,-24.1463194733064,44.2506718581414));
#3075=CARTESIAN_POINT('Ctrl Pts',(-18.0867068615953,-24.2363570709221,44.25065605231));
#3076=CARTESIAN_POINT('Ctrl Pts',(-18.0010567631804,-24.323743758149,44.2506550800397));
#3077=CARTESIAN_POINT('Ctrl Pts',(-17.9120727563071,-24.4080059764898,44.2506647912849));
#3078=CARTESIAN_POINT('Ctrl Pts',(-17.8232096103646,-24.4921537471845,44.2506744893401));
#3079=CARTESIAN_POINT('Ctrl Pts',(-17.7310219951853,-24.573184962312,44.2506948418589));
#3080=CARTESIAN_POINT('Ctrl Pts',(-17.6358257606138,-24.6506572155157,44.2507217152187));
#3081=CARTESIAN_POINT('Ctrl Pts',(-17.6211454245455,-24.6626043131936,44.2507258593947));
#3082=CARTESIAN_POINT('Ctrl Pts',(-17.6063936161501,-24.6744668410478,44.2507301586436));
#3083=CARTESIAN_POINT('Ctrl Pts',(-17.591571574937,-24.6862432520252,44.250734597806));
#3084=CARTESIAN_POINT('Ctrl Pts',(-17.4958949870735,-24.7622602326417,44.2507632526931));
#3085=CARTESIAN_POINT('Ctrl Pts',(-17.3972893200992,-24.834685550164,44.2507977373719));
#3086=CARTESIAN_POINT('Ctrl Pts',(-17.2962011478995,-24.9032991390225,44.2508339747391));
#3087=CARTESIAN_POINT('Ctrl Pts',(-17.1943988034439,-24.972397472243,44.2508704681177));
#3088=CARTESIAN_POINT('Ctrl Pts',(-17.0900793296562,-25.0376297650465,44.2509087390283));
#3089=CARTESIAN_POINT('Ctrl Pts',(-16.9837270363857,-25.0988160188666,44.250944623825));
#3090=CARTESIAN_POINT('Ctrl Pts',(-16.8769752613162,-25.1602321012499,44.2509806434126));
#3091=CARTESIAN_POINT('Ctrl Pts',(-16.768175984961,-25.2175714707917,44.2510142589383));
#3092=CARTESIAN_POINT('Ctrl Pts',(-16.6578382592408,-25.2707006587525,44.2510412601282));
#3093=CARTESIAN_POINT('Ctrl Pts',(-16.6462487237831,-25.2762811853013,44.2510440962502));
#3094=CARTESIAN_POINT('Ctrl Pts',(-16.6346422274071,-25.2818153076928,44.2510468593981));
#3095=CARTESIAN_POINT('Ctrl Pts',(-16.6230193679437,-25.2873029036972,44.2510495446931));
#3096=CARTESIAN_POINT('Ctrl Pts',(-16.5079429973515,-25.3416348547513,44.2510761314381));
#3097=CARTESIAN_POINT('Ctrl Pts',(-16.3905669647597,-25.3917242367624,44.2510763595872));
#3098=CARTESIAN_POINT('Ctrl Pts',(-16.2713854611814,-25.4373359180755,44.2510533741529));
#3099=CARTESIAN_POINT('Ctrl Pts',(-16.1520116095696,-25.4830212124656,44.2510303516221));
#3100=CARTESIAN_POINT('Ctrl Pts',(-16.0308270818433,-25.5242140912457,44.2509840404351));
#3101=CARTESIAN_POINT('Ctrl Pts',(-15.908350537609,-25.560725507343,44.2509175983173));
#3102=CARTESIAN_POINT('Ctrl Pts',(-15.8024988749789,-25.5922808890125,44.2508601750067));
#3103=CARTESIAN_POINT('Ctrl Pts',(-15.6956827373547,-25.6203401330311,44.2507877149005));
#3104=CARTESIAN_POINT('Ctrl Pts',(-15.5882447047176,-25.6448116117577,44.2507022556416));
#3105=CARTESIAN_POINT('Ctrl Pts',(-15.4705774192041,-25.6716130376921,44.2506086597447));
#3106=CARTESIAN_POINT('Ctrl Pts',(-15.3516747916038,-25.6942213455866,44.2505001837641));
#3107=CARTESIAN_POINT('Ctrl Pts',(-15.2320119214491,-25.7124500484525,44.2503968978656));
#3108=CARTESIAN_POINT('Ctrl Pts',(-15.110894796745,-25.7309002834782,44.2502923567407));
#3109=CARTESIAN_POINT('Ctrl Pts',(-14.9889994519518,-25.7448634829596,44.2501931327271));
#3110=CARTESIAN_POINT('Ctrl Pts',(-14.8668291952806,-25.7541999220688,44.2501200433876));
#3111=CARTESIAN_POINT('Ctrl Pts',(-14.7446589386094,-25.7635363611781,44.2500469540481));
#3112=CARTESIAN_POINT('Ctrl Pts',(-14.622214417935,-25.7682458365518,44.25));
#3113=CARTESIAN_POINT('Ctrl Pts',(-14.5000000000077,-25.7682458365518,44.25));
#3114=CARTESIAN_POINT('Ctrl Pts',(-14.5000000000077,-26.7364916731037,45.));
#3115=CARTESIAN_POINT('Ctrl Pts',(-15.8251935648767,-26.7364916731037,45.));
#3116=CARTESIAN_POINT('Ctrl Pts',(-18.0340267068475,-25.9629700825153,45.));
#3117=CARTESIAN_POINT('Ctrl Pts',(-20.0302865684815,-23.4612901891072,45.));
#3118=CARTESIAN_POINT('Ctrl Pts',(-20.4364916731034,-21.6864578437278,45.));
#3119=CARTESIAN_POINT('Ctrl Pts',(-20.4364916731034,-20.8000000000079,45.));
#3120=CARTESIAN_POINT('Ctrl Pts',(26.4999999999997,-26.7364916731037,45.));
#3121=CARTESIAN_POINT('Ctrl Pts',(27.823807701945,-26.7364916731037,45.));
#3122=CARTESIAN_POINT('Ctrl Pts',(30.0475935912881,-25.9546085102815,45.));
#3123=CARTESIAN_POINT('Ctrl Pts',(32.0271168717744,-23.4615070111589,45.));
#3124=CARTESIAN_POINT('Ctrl Pts',(32.4364916731034,-21.6835975911476,45.));
#3125=CARTESIAN_POINT('Ctrl Pts',(32.4364916731034,-20.8,45.));
#3126=CARTESIAN_POINT('Ctrl Pts',(26.4999999999997,-26.5168056611616,45.));
#3127=CARTESIAN_POINT('Ctrl Pts',(27.774776255364,-26.5168056611616,45.));
#3128=CARTESIAN_POINT('Ctrl Pts',(29.9163144640747,-25.763778376437,45.));
#3129=CARTESIAN_POINT('Ctrl Pts',(31.8225274309777,-23.3630049185539,45.));
#3130=CARTESIAN_POINT('Ctrl Pts',(32.2168056611612,-21.6508707320836,45.));
#3131=CARTESIAN_POINT('Ctrl Pts',(32.2168056611612,-20.8,45.));
#3132=CARTESIAN_POINT('Ctrl Pts',(26.4999999999997,-26.0783712509506,44.8496298115994));
#3133=CARTESIAN_POINT('Ctrl Pts',(27.6771290447539,-26.0783712509506,44.8496298115994));
#3134=CARTESIAN_POINT('Ctrl Pts',(29.6543007894919,-25.3833132510626,44.8496298115994));
#3135=CARTESIAN_POINT('Ctrl Pts',(31.4144775678811,-23.1664709504905,44.8496298115994));
#3136=CARTESIAN_POINT('Ctrl Pts',(31.7783712509502,-21.585694468227,44.8496298115994));
#3137=CARTESIAN_POINT('Ctrl Pts',(31.7783712509502,-20.8,44.8496298115994));
#3138=CARTESIAN_POINT('Ctrl Pts',(26.4999999999997,-25.8231673395374,44.4627100664117));
#3139=CARTESIAN_POINT('Ctrl Pts',(27.6199286263071,-25.8231673395374,44.4627100664117));
#3140=CARTESIAN_POINT('Ctrl Pts',(29.5018154194837,-25.1611846188477,44.4627100664117));
#3141=CARTESIAN_POINT('Ctrl Pts',(31.1765113166569,-23.0519851129846,44.4627100664116));
#3142=CARTESIAN_POINT('Ctrl Pts',(31.5231673395371,-21.5475150922664,44.4627100664117));
#3143=CARTESIAN_POINT('Ctrl Pts',(31.5231673395371,-20.8,44.4627100664117));
#3144=CARTESIAN_POINT('Ctrl Pts',(26.4999999999997,-25.7682458365519,44.25));
#3145=CARTESIAN_POINT('Ctrl Pts',(27.6078937638169,-25.7682458365519,44.25));
#3146=CARTESIAN_POINT('Ctrl Pts',(29.4689786594917,-25.1138883503009,44.25));
#3147=CARTESIAN_POINT('Ctrl Pts',(31.1256403442358,-23.0274134042928,44.25));
#3148=CARTESIAN_POINT('Ctrl Pts',(31.4682458365515,-21.539482222016,44.25));
#3149=CARTESIAN_POINT('Ctrl Pts',(31.4682458365515,-20.8,44.25));
#3150=CARTESIAN_POINT('',(31.4682458365515,-20.8,44.25));
#3151=CARTESIAN_POINT('',(32.4364916731034,-20.8,45.));
#3152=CARTESIAN_POINT('Origin',(32.4364916731034,-20.8,44.));
#3153=CARTESIAN_POINT('Ctrl Pts',(32.4364916731034,-20.8,45.));
#3154=CARTESIAN_POINT('Ctrl Pts',(32.4364916731034,-21.6835975911476,45.));
#3155=CARTESIAN_POINT('Ctrl Pts',(32.0271168717744,-23.4615070111589,45.));
#3156=CARTESIAN_POINT('Ctrl Pts',(30.0475935912881,-25.9546085102815,45.));
#3157=CARTESIAN_POINT('Ctrl Pts',(27.823807701945,-26.7364916731037,45.));
#3158=CARTESIAN_POINT('Ctrl Pts',(26.4999999999997,-26.7364916731037,45.));
#3159=CARTESIAN_POINT('Ctrl Pts',(26.4999999999997,-25.7682458365519,44.25));
#3160=CARTESIAN_POINT('Ctrl Pts',(27.6078937638169,-25.7682458365519,44.25));
#3161=CARTESIAN_POINT('Ctrl Pts',(29.4689786594917,-25.1138883503009,44.25));
#3162=CARTESIAN_POINT('Ctrl Pts',(31.1256403442358,-23.0274134042928,44.25));
#3163=CARTESIAN_POINT('Ctrl Pts',(31.4682458365515,-21.539482222016,44.25));
#3164=CARTESIAN_POINT('Ctrl Pts',(31.4682458365515,-20.8,44.25));
#3165=CARTESIAN_POINT('Origin',(-20.4364916731034,-15.550000000004,44.));
#3166=CARTESIAN_POINT('',(-20.4364916731034,0.200000000000617,45.));
#3167=CARTESIAN_POINT('',(-19.4682458365516,0.200000000000617,44.25));
#3168=CARTESIAN_POINT('Origin',(-20.4364916731034,0.200000000000617,44.));
#3169=CARTESIAN_POINT('',(-19.4682458365516,-15.550000000004,44.25));
#3170=CARTESIAN_POINT('',(-20.4364916731034,-15.550000000004,45.));
#3171=CARTESIAN_POINT('Origin',(32.4364916731034,-5.05,44.));
#3172=CARTESIAN_POINT('',(31.4682458365515,0.199999999999991,44.25));
#3173=CARTESIAN_POINT('',(32.4364916731034,0.199999999999991,45.));
#3174=CARTESIAN_POINT('Origin',(32.4364916731034,0.199999999999991,44.));
#3175=CARTESIAN_POINT('',(32.4364916731034,-5.05,45.));
#3176=CARTESIAN_POINT('',(31.4682458365515,-5.05,44.25));
#3177=CARTESIAN_POINT('Ctrl Pts',(-19.4682458365516,0.200000000000617,44.25));
#3178=CARTESIAN_POINT('Ctrl Pts',(-19.4682458365516,1.30905359155599,44.25));
#3179=CARTESIAN_POINT('Ctrl Pts',(-18.8210597393126,3.1577094716268,44.25));
#3180=CARTESIAN_POINT('Ctrl Pts',(-16.7273765340011,4.8283321097252,44.25));
#3181=CARTESIAN_POINT('Ctrl Pts',(-15.2418759654462,5.16824583655185,44.25));
#3182=CARTESIAN_POINT('Ctrl Pts',(-14.5000000000003,5.16824583655185,44.25));
#3183=CARTESIAN_POINT('Ctrl Pts',(-19.5231673395371,0.200000000000617,44.4627100664117));
#3184=CARTESIAN_POINT('Ctrl Pts',(-19.5231673395371,1.32110105305864,44.4627100664117));
#3185=CARTESIAN_POINT('Ctrl Pts',(-18.868451452771,3.190433438161,44.4627100664116));
#3186=CARTESIAN_POINT('Ctrl Pts',(-16.7519582606127,4.87924069470936,44.4627100664117));
#3187=CARTESIAN_POINT('Ctrl Pts',(-15.2499348385264,5.22316733953738,44.4627100664117));
#3188=CARTESIAN_POINT('Ctrl Pts',(-14.5000000000003,5.22316733953738,44.4627100664117));
#3189=CARTESIAN_POINT('Ctrl Pts',(-19.7783441551854,0.200000000000617,44.8496647920815));
#3190=CARTESIAN_POINT('Ctrl Pts',(-19.7783441551854,1.37836135326856,44.8496647920815));
#3191=CARTESIAN_POINT('Ctrl Pts',(-19.0909134003993,3.34230685963904,44.8496647920815));
#3192=CARTESIAN_POINT('Ctrl Pts',(-16.8664169200719,5.11731646254892,44.8496647920815));
#3193=CARTESIAN_POINT('Ctrl Pts',(-15.2882378031652,5.47834415518564,44.8496647920815));
#3194=CARTESIAN_POINT('Ctrl Pts',(-14.5000000000003,5.47834415518564,44.8496647920815));
#3195=CARTESIAN_POINT('Ctrl Pts',(-20.2168056611613,0.200000000000617,45.));
#3196=CARTESIAN_POINT('Ctrl Pts',(-20.2168056611613,1.47611078843043,45.));
#3197=CARTESIAN_POINT('Ctrl Pts',(-19.4720335118704,3.60334972284657,45.));
#3198=CARTESIAN_POINT('Ctrl Pts',(-17.062964583205,5.52562633673208,45.));
#3199=CARTESIAN_POINT('Ctrl Pts',(-15.3536250460673,5.91680566116157,45.));
#3200=CARTESIAN_POINT('Ctrl Pts',(-14.5000000000003,5.91680566116156,45.));
#3201=CARTESIAN_POINT('Ctrl Pts',(-20.4364916731034,0.200000000000617,45.));
#3202=CARTESIAN_POINT('Ctrl Pts',(-20.4364916731034,1.52519356487136,45.));
#3203=CARTESIAN_POINT('Ctrl Pts',(-19.6631775087878,3.73412818677234,45.));
#3204=CARTESIAN_POINT('Ctrl Pts',(-17.1614629553317,5.73033322699095,45.));
#3205=CARTESIAN_POINT('Ctrl Pts',(-15.3864578437213,6.1364916731037,45.));
#3206=CARTESIAN_POINT('Ctrl Pts',(-14.5000000000003,6.1364916731037,45.));
#3207=CARTESIAN_POINT('',(-14.5000000000003,6.1364916731037,45.));
#3208=CARTESIAN_POINT('',(-14.5000000000003,5.16824583655185,44.25));
#3209=CARTESIAN_POINT('Origin',(-14.5000000000003,6.1364916731037,44.));
#3210=CARTESIAN_POINT('Ctrl Pts',(-14.5000000000003,5.16824583655185,44.25));
#3211=CARTESIAN_POINT('Ctrl Pts',(-14.6223125677488,5.16824583655185,44.25));
#3212=CARTESIAN_POINT('Ctrl Pts',(-14.7449647958917,5.16362535586751,44.2500139818714));
#3213=CARTESIAN_POINT('Ctrl Pts',(-14.8674575337668,5.15441056691902,44.2500363775631));
#3214=CARTESIAN_POINT('Ctrl Pts',(-14.9912634188432,5.14509699354846,44.2500590133412));
#3215=CARTESIAN_POINT('Ctrl Pts',(-15.1149057520508,5.13109009902859,44.2500902442472));
#3216=CARTESIAN_POINT('Ctrl Pts',(-15.237867305946,5.11247003607548,44.2501243212624));
#3217=CARTESIAN_POINT('Ctrl Pts',(-15.3609163563773,5.0938367235256,44.250158422526));
#3218=CARTESIAN_POINT('Ctrl Pts',(-15.4832830159068,5.07058380915213,44.2501953739321));
#3219=CARTESIAN_POINT('Ctrl Pts',(-15.6044566711546,5.04284325122797,44.2502294147696));
#3220=CARTESIAN_POINT('Ctrl Pts',(-15.7248528010845,5.01528069392674,44.2502632371799));
#3221=CARTESIAN_POINT('Ctrl Pts',(-15.8440705874697,4.98328811094279,44.2502941862729));
#3222=CARTESIAN_POINT('Ctrl Pts',(-15.9616260719165,4.94704321382995,44.2503166120949));
#3223=CARTESIAN_POINT('Ctrl Pts',(-16.0430548188727,4.92193697085592,44.2503321460922));
#3224=CARTESIAN_POINT('Ctrl Pts',(-16.1236863248158,4.89479142779124,44.250343590552));
#3225=CARTESIAN_POINT('Ctrl Pts',(-16.2033667972804,4.86567854398022,44.2503490677039));
#3226=CARTESIAN_POINT('Ctrl Pts',(-16.3226601452492,4.82209228913737,44.2503572678032));
#3227=CARTESIAN_POINT('Ctrl Pts',(-16.4407024407941,4.77377924026937,44.2503769068437));
#3228=CARTESIAN_POINT('Ctrl Pts',(-16.5569396400721,4.72081448552417,44.2504024560626));
#3229=CARTESIAN_POINT('Ctrl Pts',(-16.5898237959114,4.70583045924127,44.25040968408));
#3230=CARTESIAN_POINT('Ctrl Pts',(-16.6225635316362,4.69047444653195,44.250417385122));
#3231=CARTESIAN_POINT('Ctrl Pts',(-16.655146458484,4.67474888936419,44.2504254340057));
#3232=CARTESIAN_POINT('Ctrl Pts',(-16.7696431617312,4.6194891375057,44.2504537178568));
#3233=CARTESIAN_POINT('Ctrl Pts',(-16.8822020036686,4.55966235864925,44.2504862969061));
#3234=CARTESIAN_POINT('Ctrl Pts',(-16.9923452143808,4.49556867439675,44.2505177395453));
#3235=CARTESIAN_POINT('Ctrl Pts',(-17.1028726621831,4.43125139787215,44.2505492918729));
#3236=CARTESIAN_POINT('Ctrl Pts',(-17.2109670089574,4.36263779635747,44.2505796998546));
#3237=CARTESIAN_POINT('Ctrl Pts',(-17.316170571628,4.2900774638661,44.250603475387));
#3238=CARTESIAN_POINT('Ctrl Pts',(-17.4209024067035,4.21784248833293,44.2506271443111));
#3239=CARTESIAN_POINT('Ctrl Pts',(-17.5227687974129,4.14169656820448,44.2506442401725));
#3240=CARTESIAN_POINT('Ctrl Pts',(-17.621351314543,4.06202379477237,44.2506493485464));
#3241=CARTESIAN_POINT('Ctrl Pts',(-17.6984396797362,3.99972224239692,44.2506533431308));
#3242=CARTESIAN_POINT('Ctrl Pts',(-17.7735206188045,3.93526495599591,44.2506500076995));
#3243=CARTESIAN_POINT('Ctrl Pts',(-17.8464113510884,3.86884958611834,44.2506367530758));
#3244=CARTESIAN_POINT('Ctrl Pts',(-17.9364203424123,3.78683668456314,44.2506203856271));
#3245=CARTESIAN_POINT('Ctrl Pts',(-18.0237797464549,3.70121739247797,44.2506191644199));
#3246=CARTESIAN_POINT('Ctrl Pts',(-18.108016247597,3.61226567322763,44.2506289052891));
#3247=CARTESIAN_POINT('Ctrl Pts',(-18.1921365239735,3.52343668453442,44.2506386327184));
#3248=CARTESIAN_POINT('Ctrl Pts',(-18.2731419410416,3.43128484682653,44.2506592919433));
#3249=CARTESIAN_POINT('Ctrl Pts',(-18.3505903690777,3.33612571849988,44.2506867156008));
#3250=CARTESIAN_POINT('Ctrl Pts',(-18.3626045196138,3.3213642040109,44.2506909696826));
#3251=CARTESIAN_POINT('Ctrl Pts',(-18.3745331432,3.30653040014439,44.2506953865409));
#3252=CARTESIAN_POINT('Ctrl Pts',(-18.3863746662365,3.29162556753222,44.2506999506198));
#3253=CARTESIAN_POINT('Ctrl Pts',(-18.4623630692237,3.19597955785107,44.2507292388338));
#3254=CARTESIAN_POINT('Ctrl Pts',(-18.5347613228942,3.09740596399376,44.2507645894602));
#3255=CARTESIAN_POINT('Ctrl Pts',(-18.6033497110534,2.99635121775364,44.2508018919308));
#3256=CARTESIAN_POINT('Ctrl Pts',(-18.6724242419874,2.89458021274054,44.2508394587949));
#3257=CARTESIAN_POINT('Ctrl Pts',(-18.7376344460631,2.79029333545581,44.2508790052598));
#3258=CARTESIAN_POINT('Ctrl Pts',(-18.7988006698427,2.68397478260882,44.2509163332278));
#3259=CARTESIAN_POINT('Ctrl Pts',(-18.8601990349782,2.57725272384788,44.2509538028649));
#3260=CARTESIAN_POINT('Ctrl Pts',(-18.917522444704,2.46848415707808,44.2509890371439));
#3261=CARTESIAN_POINT('Ctrl Pts',(-18.9706377608035,2.3581780802266,44.2510177904826));
#3262=CARTESIAN_POINT('Ctrl Pts',(-18.9762667319259,2.34648823694188,44.2510208376585));
#3263=CARTESIAN_POINT('Ctrl Pts',(-18.9818484884998,2.33478113851996,44.2510238120474));
#3264=CARTESIAN_POINT('Ctrl Pts',(-18.9873829054071,2.3230573989197,44.2510267085961));
#3265=CARTESIAN_POINT('Ctrl Pts',(-19.0417164037731,2.20796094032458,44.2510551451284));
#3266=CARTESIAN_POINT('Ctrl Pts',(-19.091805632034,2.09056460388611,44.2510572899406));
#3267=CARTESIAN_POINT('Ctrl Pts',(-19.1374157856802,1.97136288656174,44.2510361994664));
#3268=CARTESIAN_POINT('Ctrl Pts',(-19.183101037824,1.85196490000406,44.251015074266));
#3269=CARTESIAN_POINT('Ctrl Pts',(-19.2242922034468,1.73075621001378,44.2509706371203));
#3270=CARTESIAN_POINT('Ctrl Pts',(-19.2608005497791,1.6082558235357,44.2509059570165));
#3271=CARTESIAN_POINT('Ctrl Pts',(-19.2923374248221,1.50243675011319,44.2508500846324));
#3272=CARTESIAN_POINT('Ctrl Pts',(-19.3203806650174,1.39565440981889,44.250779106965));
#3273=CARTESIAN_POINT('Ctrl Pts',(-19.3448389782254,1.28825108082551,44.2506950013526));
#3274=CARTESIAN_POINT('Ctrl Pts',(-19.3716468870524,1.17053001695329,44.2506028161079));
#3275=CARTESIAN_POINT('Ctrl Pts',(-19.3942584412239,1.05157309760637,44.2504955708866));
#3276=CARTESIAN_POINT('Ctrl Pts',(-19.412487248307,0.931855890780474,44.2503933138957));
#3277=CARTESIAN_POINT('Ctrl Pts',(-19.4309254495329,0.810763493478023,44.2502898822798));
#3278=CARTESIAN_POINT('Ctrl Pts',(-19.4448793095217,0.688893854971503,44.2501915542605));
#3279=CARTESIAN_POINT('Ctrl Pts',(-19.4542094568748,0.566749774575547,44.2501190835385));
#3280=CARTESIAN_POINT('Ctrl Pts',(-19.4635396042278,0.444605694179592,44.2500466128164));
#3281=CARTESIAN_POINT('Ctrl Pts',(-19.4682458365516,0.322187818230239,44.25));
#3282=CARTESIAN_POINT('Ctrl Pts',(-19.4682458365516,0.200000000000617,44.25));
#3283=CARTESIAN_POINT('Ctrl Pts',(-20.4364916731034,0.200000000000617,45.));
#3284=CARTESIAN_POINT('Ctrl Pts',(-20.4364916731034,1.52519356487136,45.));
#3285=CARTESIAN_POINT('Ctrl Pts',(-19.6631775087878,3.73412818677234,45.));
#3286=CARTESIAN_POINT('Ctrl Pts',(-17.1614629553317,5.73033322699095,45.));
#3287=CARTESIAN_POINT('Ctrl Pts',(-15.3864578437213,6.1364916731037,45.));
#3288=CARTESIAN_POINT('Ctrl Pts',(-14.5000000000003,6.1364916731037,45.));
#3289=CARTESIAN_POINT('Ctrl Pts',(32.4364916731034,0.19999999999999,45.));
#3290=CARTESIAN_POINT('Ctrl Pts',(32.4364916731034,1.52380770194529,45.));
#3291=CARTESIAN_POINT('Ctrl Pts',(31.6547581427057,3.74767894869743,45.));
#3292=CARTESIAN_POINT('Ctrl Pts',(29.1615942743762,5.72717686735622,45.));
#3293=CARTESIAN_POINT('Ctrl Pts',(27.3835975911473,6.13649167310371,45.));
#3294=CARTESIAN_POINT('Ctrl Pts',(26.4999999999997,6.13649167310371,45.));
#3295=CARTESIAN_POINT('Ctrl Pts',(32.2168056611613,0.19999999999999,45.));
#3296=CARTESIAN_POINT('Ctrl Pts',(32.2168056611613,1.47477625536436,45.));
#3297=CARTESIAN_POINT('Ctrl Pts',(31.4639243626481,3.61639773799413,45.));
#3298=CARTESIAN_POINT('Ctrl Pts',(29.0630900759435,5.5225861262598,45.));
#3299=CARTESIAN_POINT('Ctrl Pts',(27.3508707320833,5.91680566116157,45.));
#3300=CARTESIAN_POINT('Ctrl Pts',(26.4999999999997,5.91680566116157,45.));
#3301=CARTESIAN_POINT('Ctrl Pts',(31.7783562518661,0.19999999999999,44.8496491753338));
#3302=CARTESIAN_POINT('Ctrl Pts',(31.7783562518661,1.37712904475424,44.8496491753338));
#3303=CARTESIAN_POINT('Ctrl Pts',(31.0834357874965,3.35436538936717,44.8496491753338));
#3304=CARTESIAN_POINT('Ctrl Pts',(28.8665404524075,5.11451931632859,44.8496491753338));
#3305=CARTESIAN_POINT('Ctrl Pts',(27.2856944682267,5.47835625186639,44.8496491753338));
#3306=CARTESIAN_POINT('Ctrl Pts',(26.4999999999997,5.47835625186639,44.8496491753338));
#3307=CARTESIAN_POINT('Ctrl Pts',(31.5231673395371,0.199999999999989,44.4627100664117));
#3308=CARTESIAN_POINT('Ctrl Pts',(31.5231673395371,1.31992862630748,44.4627100664117));
#3309=CARTESIAN_POINT('Ctrl Pts',(30.8613206630656,3.20189300799264,44.4627100664116));
#3310=CARTESIAN_POINT('Ctrl Pts',(28.7520645544561,4.87656667035721,44.4627100664117));
#3311=CARTESIAN_POINT('Ctrl Pts',(27.2475150922661,5.22316733953739,44.4627100664117));
#3312=CARTESIAN_POINT('Ctrl Pts',(26.4999999999997,5.22316733953739,44.4627100664117));
#3313=CARTESIAN_POINT('Ctrl Pts',(31.4682458365515,0.199999999999988,44.25));
#3314=CARTESIAN_POINT('Ctrl Pts',(31.4682458365515,1.30789376381728,44.25));
#3315=CARTESIAN_POINT('Ctrl Pts',(30.8140135775748,3.16905009504939,44.25));
#3316=CARTESIAN_POINT('Ctrl Pts',(28.7274864348198,4.82569055449741,44.25));
#3317=CARTESIAN_POINT('Ctrl Pts',(27.2394822220157,5.16824583655186,44.25));
#3318=CARTESIAN_POINT('Ctrl Pts',(26.4999999999997,5.16824583655185,44.25));
#3319=CARTESIAN_POINT('',(26.4999999999997,5.16824583655185,44.25));
#3320=CARTESIAN_POINT('',(26.4999999999997,6.13649167310371,45.));
#3321=CARTESIAN_POINT('Origin',(26.4999999999997,6.13649167310371,44.));
#3322=CARTESIAN_POINT('Ctrl Pts',(26.4999999999997,6.13649167310371,45.));
#3323=CARTESIAN_POINT('Ctrl Pts',(27.3835975911473,6.13649167310371,45.));
#3324=CARTESIAN_POINT('Ctrl Pts',(29.1615942743762,5.72717686735622,45.));
#3325=CARTESIAN_POINT('Ctrl Pts',(31.6547581427057,3.74767894869743,45.));
#3326=CARTESIAN_POINT('Ctrl Pts',(32.4364916731034,1.52380770194529,45.));
#3327=CARTESIAN_POINT('Ctrl Pts',(32.4364916731034,0.19999999999999,45.));
#3328=CARTESIAN_POINT('Ctrl Pts',(31.4682458365515,0.199999999999988,44.25));
#3329=CARTESIAN_POINT('Ctrl Pts',(31.4682458365515,1.30789376381728,44.25));
#3330=CARTESIAN_POINT('Ctrl Pts',(30.8140135775748,3.16905009504939,44.25));
#3331=CARTESIAN_POINT('Ctrl Pts',(28.7274864348198,4.82569055449741,44.25));
#3332=CARTESIAN_POINT('Ctrl Pts',(27.2394822220157,5.16824583655186,44.25));
#3333=CARTESIAN_POINT('Ctrl Pts',(26.4999999999997,5.16824583655185,44.25));
#3334=CARTESIAN_POINT('Origin',(-4.25000000000017,6.1364916731037,44.));
#3335=CARTESIAN_POINT('',(-4.25000000000017,5.16824583655185,44.25));
#3336=CARTESIAN_POINT('',(-4.25000000000017,6.1364916731037,45.));
#3337=CARTESIAN_POINT('Origin',(26.4999999999997,0.199999999999995,44.5));
#3338=CARTESIAN_POINT('',(30.4999999999997,0.199999999999991,43.5));
#3339=CARTESIAN_POINT('Origin',(30.4999999999997,0.199999999999991,44.5));
#3340=CARTESIAN_POINT('',(26.4999999999997,4.2,43.5));
#3341=CARTESIAN_POINT('Origin',(26.4999999999997,0.199999999999995,43.5));
#3342=CARTESIAN_POINT('Origin',(26.4999999999997,4.2,44.5));
#3343=CARTESIAN_POINT('Origin',(30.4999999999997,-5.05,44.5));
#3344=CARTESIAN_POINT('',(30.4999999999997,-20.8,43.5));
#3345=CARTESIAN_POINT('Origin',(30.4999999999997,-20.8,44.5));
#3346=CARTESIAN_POINT('',(30.4999999999997,-5.05,43.5));
#3347=CARTESIAN_POINT('Origin',(26.4999999999997,-20.8,44.5));
#3348=CARTESIAN_POINT('',(26.4999999999997,-24.8,43.5));
#3349=CARTESIAN_POINT('Origin',(26.4999999999997,-24.8,44.5));
#3350=CARTESIAN_POINT('Origin',(26.4999999999997,-20.8,43.5));
#3351=CARTESIAN_POINT('Origin',(16.2499999999998,-24.8,44.5));
#3352=CARTESIAN_POINT('',(-14.5000000000077,-24.8,43.5));
#3353=CARTESIAN_POINT('Origin',(-14.5000000000077,-24.8,44.5));
#3354=CARTESIAN_POINT('',(16.2499999999998,-24.8,43.5));
#3355=CARTESIAN_POINT('Origin',(5.99999999999999,-10.3,45.));
#3356=CARTESIAN_POINT('',(32.4999999999997,-22.8,45.));
#3357=CARTESIAN_POINT('',(32.4999999999997,2.20000000000001,45.));
#3358=CARTESIAN_POINT('',(32.4999999999997,-16.55,45.));
#3359=CARTESIAN_POINT('',(28.4999999999997,-26.8,45.));
#3360=CARTESIAN_POINT('Origin',(28.4999999999997,-22.8,45.));
#3361=CARTESIAN_POINT('',(-16.4999999999997,-26.8,45.));
#3362=CARTESIAN_POINT('',(-5.24999999999986,-26.8,45.));
#3363=CARTESIAN_POINT('',(-20.4999999999997,-22.8,45.));
#3364=CARTESIAN_POINT('Origin',(-16.4999999999997,-22.8,45.));
#3365=CARTESIAN_POINT('',(-20.4999999999997,2.2,45.));
#3366=CARTESIAN_POINT('',(-20.4999999999997,-4.05,45.));
#3367=CARTESIAN_POINT('',(-16.4999999999997,6.19999999999999,45.));
#3368=CARTESIAN_POINT('Origin',(-16.4999999999997,2.2,45.));
#3369=CARTESIAN_POINT('',(28.4999999999997,6.19999999999999,45.));
#3370=CARTESIAN_POINT('',(17.2499999999998,6.19999999999999,45.));
#3371=CARTESIAN_POINT('Origin',(28.4999999999997,2.20000000000001,45.));
#3372=CARTESIAN_POINT('Origin',(-4.25000000000017,4.19999999999999,44.5));
#3373=CARTESIAN_POINT('',(-14.5000000000003,4.19999999999999,43.5));
#3374=CARTESIAN_POINT('',(-4.25000000000017,4.19999999999999,43.5));
#3375=CARTESIAN_POINT('Origin',(-14.5000000000003,4.19999999999999,44.5));
#3376=CARTESIAN_POINT('Origin',(-14.5000000000003,0.200000000000617,44.5));
#3377=CARTESIAN_POINT('',(-18.4999999999997,0.200000000000617,43.5));
#3378=CARTESIAN_POINT('Origin',(-14.5000000000003,0.200000000000617,43.5));
#3379=CARTESIAN_POINT('Origin',(-18.4999999999997,0.200000000000617,44.5));
#3380=CARTESIAN_POINT('Origin',(-18.4999999999997,-15.550000000004,44.5));
#3381=CARTESIAN_POINT('',(-18.4999999999997,-20.8000000000079,43.5));
#3382=CARTESIAN_POINT('',(-18.4999999999997,-15.550000000004,43.5));
#3383=CARTESIAN_POINT('Origin',(-18.4999999999997,-20.8000000000079,44.5));
#3384=CARTESIAN_POINT('Origin',(-14.5000000000077,-20.800000000008,44.5));
#3385=CARTESIAN_POINT('Origin',(-14.5000000000077,-20.800000000008,43.5));
#3386=CARTESIAN_POINT('Origin',(5.99999999999999,-10.3,43.5));
#3387=CARTESIAN_POINT('Origin',(32.4999999999997,-16.55,46.));
#3388=CARTESIAN_POINT('Origin',(32.4999999999997,2.20000000000001,46.));
#3389=CARTESIAN_POINT('Origin',(32.4999999999997,-22.8,46.));
#3390=CARTESIAN_POINT('Origin',(28.4999999999997,-22.8,46.));
#3391=CARTESIAN_POINT('Origin',(28.4999999999997,-26.8,46.));
#3392=CARTESIAN_POINT('Origin',(-5.24999999999986,-26.8,46.));
#3393=CARTESIAN_POINT('Origin',(-16.4999999999997,-26.8,46.));
#3394=CARTESIAN_POINT('Origin',(-16.4999999999997,-22.8,46.));
#3395=CARTESIAN_POINT('Origin',(-20.4999999999997,-22.8,46.));
#3396=CARTESIAN_POINT('Origin',(-20.4999999999997,-4.05,46.));
#3397=CARTESIAN_POINT('Origin',(-20.4999999999997,2.19999999999999,46.));
#3398=CARTESIAN_POINT('Origin',(-16.4999999999997,2.2,46.));
#3399=CARTESIAN_POINT('Origin',(-16.4999999999997,6.19999999999999,46.));
#3400=CARTESIAN_POINT('Origin',(17.2499999999998,6.19999999999999,46.));
#3401=CARTESIAN_POINT('Origin',(28.4999999999997,6.19999999999999,46.));
#3402=CARTESIAN_POINT('Origin',(28.4999999999997,2.20000000000001,46.));
#3403=UNCERTAINTY_MEASURE_WITH_UNIT(LENGTH_MEASURE(0.01),#3407,
'DISTANCE_ACCURACY_VALUE',
'Maximum model space distance between geometric entities at asserted c
onnectivities');
#3404=UNCERTAINTY_MEASURE_WITH_UNIT(LENGTH_MEASURE(0.01),#3407,
'DISTANCE_ACCURACY_VALUE',
'Maximum model space distance between geometric entities at asserted c
onnectivities');
#3405=(
GEOMETRIC_REPRESENTATION_CONTEXT(3)
GLOBAL_UNCERTAINTY_ASSIGNED_CONTEXT((#3403))
GLOBAL_UNIT_ASSIGNED_CONTEXT((#3407,#3408,#3409))
REPRESENTATION_CONTEXT('','3D')
);
#3406=(
GEOMETRIC_REPRESENTATION_CONTEXT(3)
GLOBAL_UNCERTAINTY_ASSIGNED_CONTEXT((#3404))
GLOBAL_UNIT_ASSIGNED_CONTEXT((#3407,#3408,#3409))
REPRESENTATION_CONTEXT('','3D')
);
#3407=(
LENGTH_UNIT()
NAMED_UNIT(*)
SI_UNIT(.MILLI.,.METRE.)
);
#3408=(
NAMED_UNIT(*)
PLANE_ANGLE_UNIT()
SI_UNIT($,.RADIAN.)
);
#3409=(
NAMED_UNIT(*)
SI_UNIT($,.STERADIAN.)
SOLID_ANGLE_UNIT()
);
#3410=SHAPE_DEFINITION_REPRESENTATION(#3411,#3412);
#3411=PRODUCT_DEFINITION_SHAPE('',$,#3414);
#3412=SHAPE_REPRESENTATION('',(#1801),#3405);
#3413=PRODUCT_DEFINITION_CONTEXT('part definition',#3418,'design');
#3414=PRODUCT_DEFINITION('2026-03-14-22-10-52-841',
'SensingDevice_V4 (Assembly)',#3415,#3413);
#3415=PRODUCT_DEFINITION_FORMATION('',$,#3420);
#3416=PRODUCT_RELATED_PRODUCT_CATEGORY('SensingDevice_V4 (Assembly)',
'SensingDevice_V4 (Assembly)',(#3420));
#3417=APPLICATION_PROTOCOL_DEFINITION('international standard',
'automotive_design',2009,#3418);
#3418=APPLICATION_CONTEXT(
'Core Data for Automotive Mechanical Design Process');
#3419=PRODUCT_CONTEXT('part definition',#3418,'mechanical');
#3420=PRODUCT('2026-03-14-22-10-52-841','SensingDevice_V4 (Assembly)',$,
(#3419));
#3421=PRESENTATION_STYLE_ASSIGNMENT((#3422));
#3422=SURFACE_STYLE_USAGE(.BOTH.,#3423);
#3423=SURFACE_SIDE_STYLE('',(#3424));
#3424=SURFACE_STYLE_FILL_AREA(#3425);
#3425=FILL_AREA_STYLE('Steel - Satin',(#3426));
#3426=FILL_AREA_STYLE_COLOUR('Steel - Satin',#3427);
#3427=COLOUR_RGB('Steel - Satin',0.627450980392157,0.627450980392157,0.627450980392157);
ENDSEC;
END-ISO-10303-21;
