ISO-10303-21;
HEADER;
/* Generated by software containing ST-Developer
 * from STEP Tools, Inc. (www.steptools.com) 
 */

FILE_DESCRIPTION(
/* description */ (''),
/* implementation_level */ '2;1');

FILE_NAME(
/* name */ 'SensingDevice_V4 (Assembly).step',
/* time_stamp */ '2026-03-15T11:01:10-07:00',
/* author */ (''),
/* organization */ (''),
/* preprocessor_version */ 'ST-DEVELOPER v20.1',
/* originating_system */ 'Autodesk Translation Framework v14.24.0.0',
/* authorisation */ '');

FILE_SCHEMA (('AUTOMOTIVE_DESIGN { 1 0 10303 214 3 1 1 }'));
ENDSEC;

DATA;
#10=MECHANICAL_DESIGN_GEOMETRIC_PRESENTATION_REPRESENTATION('',(#25,#26),
#5460);
#11=SHAPE_REPRESENTATION_RELATIONSHIP('SRR','None',#5466,#12);
#12=ADVANCED_BREP_SHAPE_REPRESENTATION('',(#27,#28),#5459);
#13=CONICAL_SURFACE('',#3483,1.25,0.785398163397448);
#14=CONICAL_SURFACE('',#3486,1.25,0.785398163397447);
#15=CONICAL_SURFACE('',#3489,1.25,0.785398163397446);
#16=CONICAL_SURFACE('',#3492,1.25,0.785398163397446);
#17=ELLIPSE('',#3431,2.12132034355964,1.5);
#18=ELLIPSE('',#3432,2.12132034355964,1.5);
#19=ELLIPSE('',#3434,2.12132034355964,1.5);
#20=ELLIPSE('',#3436,2.12132034355964,1.5);
#21=ELLIPSE('',#3446,0.707106781186551,0.5);
#22=ELLIPSE('',#3447,0.707106781186546,0.5);
#23=ELLIPSE('',#3449,0.707106781186544,0.5);
#24=ELLIPSE('',#3450,0.707106781186545,0.5);
#25=STYLED_ITEM('',(#5475),#27);
#26=STYLED_ITEM('',(#5475),#28);
#27=MANIFOLD_SOLID_BREP('Box',#3225);
#28=MANIFOLD_SOLID_BREP('Lid',#3226);
#29=SPHERICAL_SURFACE('',#3336,2.);
#30=SPHERICAL_SURFACE('',#3339,2.);
#31=SPHERICAL_SURFACE('',#3341,2.);
#32=SPHERICAL_SURFACE('',#3345,2.);
#33=B_SPLINE_CURVE_WITH_KNOTS('',3,(#4791,#4792,#4793,#4794,#4795,#4796,
#4797),.UNSPECIFIED.,.F.,.F.,(4,3,4),(-0.0702663639337008,0.,0.0702663639337008),
 .UNSPECIFIED.);
#34=B_SPLINE_CURVE_WITH_KNOTS('',3,(#4808,#4809,#4810,#4811,#4812,#4813,
#4814),.UNSPECIFIED.,.F.,.F.,(4,3,4),(-0.0702663639337016,0.,0.0702663639337015),
 .UNSPECIFIED.);
#35=B_SPLINE_CURVE_WITH_KNOTS('',3,(#4890,#4891,#4892,#4893,#4894,#4895,
#4896),.UNSPECIFIED.,.F.,.F.,(4,3,4),(-0.0702663639337026,0.,0.0702663639337025),
 .UNSPECIFIED.);
#36=B_SPLINE_CURVE_WITH_KNOTS('',3,(#4901,#4902,#4903,#4904,#4905,#4906,
#4907),.UNSPECIFIED.,.F.,.F.,(4,3,4),(-0.0702663639337015,0.,0.0702663639337015),
 .UNSPECIFIED.);
#37=B_SPLINE_CURVE_WITH_KNOTS('',3,(#4913,#4914,#4915,#4916,#4917,#4918,
#4919),.UNSPECIFIED.,.F.,.F.,(4,3,4),(-0.0702663639337029,0.,0.0702663639337029),
 .UNSPECIFIED.);
#38=B_SPLINE_CURVE_WITH_KNOTS('',3,(#4928,#4929,#4930,#4931),
 .UNSPECIFIED.,.F.,.F.,(4,4),(-0.0702663639337032,0.),.UNSPECIFIED.);
#39=B_SPLINE_CURVE_WITH_KNOTS('',3,(#4933,#4934,#4935,#4936),
 .UNSPECIFIED.,.F.,.F.,(4,4),(0.,0.0702663639337028),.UNSPECIFIED.);
#40=B_SPLINE_CURVE_WITH_KNOTS('',3,(#4942,#4943,#4944,#4945),
 .UNSPECIFIED.,.F.,.F.,(4,4),(-0.0702663639337024,0.),.UNSPECIFIED.);
#41=B_SPLINE_CURVE_WITH_KNOTS('',3,(#4947,#4948,#4949,#4950),
 .UNSPECIFIED.,.F.,.F.,(4,4),(0.,0.0702663639337025),.UNSPECIFIED.);
#42=B_SPLINE_CURVE_WITH_KNOTS('',3,(#4956,#4957,#4958,#4959,#4960,#4961,
#4962),.UNSPECIFIED.,.F.,.F.,(4,3,4),(-0.0702663639337023,0.,0.0702663639337023),
 .UNSPECIFIED.);
#43=CYLINDRICAL_SURFACE('',#3241,2.);
#44=CYLINDRICAL_SURFACE('',#3255,2.);
#45=CYLINDRICAL_SURFACE('',#3258,2.50000000001897);
#46=CYLINDRICAL_SURFACE('',#3262,2.49999999998212);
#47=CYLINDRICAL_SURFACE('',#3265,1.5);
#48=CYLINDRICAL_SURFACE('',#3268,2.6);
#49=CYLINDRICAL_SURFACE('',#3276,1.5);
#50=CYLINDRICAL_SURFACE('',#3279,2.6);
#51=CYLINDRICAL_SURFACE('',#3283,1.581139);
#52=CYLINDRICAL_SURFACE('',#3286,2.6);
#53=CYLINDRICAL_SURFACE('',#3294,1.5);
#54=CYLINDRICAL_SURFACE('',#3297,2.6);
#55=CYLINDRICAL_SURFACE('',#3301,1.);
#56=CYLINDRICAL_SURFACE('',#3303,1.);
#57=CYLINDRICAL_SURFACE('',#3316,2.);
#58=CYLINDRICAL_SURFACE('',#3318,2.);
#59=CYLINDRICAL_SURFACE('',#3333,2.);
#60=CYLINDRICAL_SURFACE('',#3334,2.);
#61=CYLINDRICAL_SURFACE('',#3348,2.);
#62=CYLINDRICAL_SURFACE('',#3349,2.);
#63=CYLINDRICAL_SURFACE('',#3350,2.);
#64=CYLINDRICAL_SURFACE('',#3351,2.);
#65=CYLINDRICAL_SURFACE('',#3352,2.);
#66=CYLINDRICAL_SURFACE('',#3353,2.);
#67=CYLINDRICAL_SURFACE('',#3354,2.6);
#68=CYLINDRICAL_SURFACE('',#3358,2.6);
#69=CYLINDRICAL_SURFACE('',#3370,1.5);
#70=CYLINDRICAL_SURFACE('',#3373,1.5);
#71=CYLINDRICAL_SURFACE('',#3376,1.5);
#72=CYLINDRICAL_SURFACE('',#3379,1.5);
#73=CYLINDRICAL_SURFACE('',#3391,2.6);
#74=CYLINDRICAL_SURFACE('',#3394,2.6);
#75=CYLINDRICAL_SURFACE('',#3401,4.1);
#76=CYLINDRICAL_SURFACE('',#3406,4.1);
#77=CYLINDRICAL_SURFACE('',#3410,4.1);
#78=CYLINDRICAL_SURFACE('',#3414,4.1);
#79=CYLINDRICAL_SURFACE('',#3420,4.1);
#80=CYLINDRICAL_SURFACE('',#3421,4.1);
#81=CYLINDRICAL_SURFACE('',#3422,4.1);
#82=CYLINDRICAL_SURFACE('',#3423,4.1);
#83=CYLINDRICAL_SURFACE('',#3430,1.5);
#84=CYLINDRICAL_SURFACE('',#3433,1.5);
#85=CYLINDRICAL_SURFACE('',#3435,1.5);
#86=CYLINDRICAL_SURFACE('',#3437,1.5);
#87=CYLINDRICAL_SURFACE('',#3445,0.5);
#88=CYLINDRICAL_SURFACE('',#3448,0.5);
#89=CYLINDRICAL_SURFACE('',#3451,0.5);
#90=CYLINDRICAL_SURFACE('',#3452,0.5);
#91=CYLINDRICAL_SURFACE('',#3494,2.);
#92=CYLINDRICAL_SURFACE('',#3497,2.);
#93=CYLINDRICAL_SURFACE('',#3503,2.);
#94=CYLINDRICAL_SURFACE('',#3505,2.);
#95=CYLINDRICAL_SURFACE('',#3506,1.5);
#96=CYLINDRICAL_SURFACE('',#3509,2.6);
#97=CYLINDRICAL_SURFACE('',#3517,1.5);
#98=CYLINDRICAL_SURFACE('',#3520,2.6);
#99=CYLINDRICAL_SURFACE('',#3524,1.5);
#100=CYLINDRICAL_SURFACE('',#3527,2.6);
#101=CYLINDRICAL_SURFACE('',#3531,1.5);
#102=CYLINDRICAL_SURFACE('',#3534,2.6);
#103=FACE_BOUND('',#454,.T.);
#104=FACE_BOUND('',#470,.T.);
#105=FACE_BOUND('',#472,.T.);
#106=FACE_BOUND('',#473,.T.);
#107=FACE_BOUND('',#477,.T.);
#108=FACE_BOUND('',#482,.T.);
#109=FACE_BOUND('',#484,.T.);
#110=FACE_BOUND('',#485,.T.);
#111=FACE_BOUND('',#489,.T.);
#112=FACE_BOUND('',#503,.T.);
#113=FACE_BOUND('',#533,.T.);
#114=FACE_BOUND('',#540,.T.);
#115=FACE_BOUND('',#542,.T.);
#116=FACE_BOUND('',#544,.T.);
#117=FACE_BOUND('',#547,.T.);
#118=FACE_BOUND('',#552,.T.);
#119=FACE_BOUND('',#555,.T.);
#120=FACE_BOUND('',#558,.T.);
#121=FACE_BOUND('',#561,.T.);
#122=FACE_BOUND('',#576,.T.);
#123=FACE_BOUND('',#584,.T.);
#124=FACE_BOUND('',#596,.T.);
#125=FACE_BOUND('',#597,.T.);
#126=FACE_BOUND('',#598,.T.);
#127=FACE_BOUND('',#608,.T.);
#128=FACE_BOUND('',#614,.T.);
#129=FACE_BOUND('',#636,.T.);
#130=FACE_BOUND('',#643,.T.);
#131=FACE_BOUND('',#645,.T.);
#132=FACE_BOUND('',#646,.T.);
#133=FACE_BOUND('',#647,.T.);
#134=FACE_BOUND('',#648,.T.);
#135=FACE_BOUND('',#649,.T.);
#136=FACE_BOUND('',#650,.T.);
#137=FACE_BOUND('',#651,.T.);
#138=FACE_BOUND('',#655,.T.);
#139=FACE_BOUND('',#660,.T.);
#140=FACE_BOUND('',#665,.T.);
#141=CIRCLE('',#3233,2.);
#142=CIRCLE('',#3234,2.);
#143=CIRCLE('',#3235,2.);
#144=CIRCLE('',#3236,2.);
#145=CIRCLE('',#3238,1.);
#146=CIRCLE('',#3239,1.);
#147=CIRCLE('',#3242,2.);
#148=CIRCLE('',#3243,2.);
#149=CIRCLE('',#3244,2.);
#150=CIRCLE('',#3246,2.);
#151=CIRCLE('',#3248,2.);
#152=CIRCLE('',#3249,2.);
#153=CIRCLE('',#3251,2.);
#154=CIRCLE('',#3252,2.);
#155=CIRCLE('',#3254,2.);
#156=CIRCLE('',#3256,2.);
#157=CIRCLE('',#3259,2.50000000001897);
#158=CIRCLE('',#3260,2.50000000001897);
#159=CIRCLE('',#3263,2.49999999998212);
#160=CIRCLE('',#3264,2.49999999998212);
#161=CIRCLE('',#3266,1.5);
#162=CIRCLE('',#3267,1.5);
#163=CIRCLE('',#3269,2.6);
#164=CIRCLE('',#3270,2.6);
#165=CIRCLE('',#3273,4.1);
#166=CIRCLE('',#3274,4.1);
#167=CIRCLE('',#3275,2.6);
#168=CIRCLE('',#3277,1.5);
#169=CIRCLE('',#3278,1.5);
#170=CIRCLE('',#3280,2.6);
#171=CIRCLE('',#3284,1.581139);
#172=CIRCLE('',#3285,1.581139);
#173=CIRCLE('',#3287,2.6);
#174=CIRCLE('',#3288,2.6);
#175=CIRCLE('',#3291,4.1);
#176=CIRCLE('',#3292,4.1);
#177=CIRCLE('',#3293,2.6);
#178=CIRCLE('',#3295,1.5);
#179=CIRCLE('',#3296,1.5);
#180=CIRCLE('',#3298,2.6);
#181=CIRCLE('',#3302,1.);
#182=CIRCLE('',#3304,1.);
#183=CIRCLE('',#3307,2.);
#184=CIRCLE('',#3309,2.);
#185=CIRCLE('',#3312,2.);
#186=CIRCLE('',#3314,2.);
#187=CIRCLE('',#3317,2.);
#188=CIRCLE('',#3319,2.);
#189=CIRCLE('',#3324,2.);
#190=CIRCLE('',#3327,2.);
#191=CIRCLE('',#3330,2.);
#192=CIRCLE('',#3332,2.);
#193=CIRCLE('',#3337,2.);
#194=CIRCLE('',#3338,2.);
#195=CIRCLE('',#3340,2.);
#196=CIRCLE('',#3342,2.);
#197=CIRCLE('',#3343,2.);
#198=CIRCLE('',#3344,2.);
#199=CIRCLE('',#3346,1.99999999999999);
#200=CIRCLE('',#3347,2.);
#201=CIRCLE('',#3355,2.6);
#202=CIRCLE('',#3356,2.6);
#203=CIRCLE('',#3357,2.6);
#204=CIRCLE('',#3359,2.6);
#205=CIRCLE('',#3360,2.6);
#206=CIRCLE('',#3361,2.6);
#207=CIRCLE('',#3364,2.6);
#208=CIRCLE('',#3367,2.6);
#209=CIRCLE('',#3371,1.5);
#210=CIRCLE('',#3372,1.5);
#211=CIRCLE('',#3374,1.5);
#212=CIRCLE('',#3375,1.5);
#213=CIRCLE('',#3377,1.5);
#214=CIRCLE('',#3378,1.5);
#215=CIRCLE('',#3380,1.5);
#216=CIRCLE('',#3381,1.5);
#217=CIRCLE('',#3383,2.6);
#218=CIRCLE('',#3384,2.6);
#219=CIRCLE('',#3385,2.6);
#220=CIRCLE('',#3386,2.6);
#221=CIRCLE('',#3390,2.6);
#222=CIRCLE('',#3393,2.6);
#223=CIRCLE('',#3397,4.1);
#224=CIRCLE('',#3399,4.1);
#225=CIRCLE('',#3400,4.1);
#226=CIRCLE('',#3402,4.1);
#227=CIRCLE('',#3404,4.1);
#228=CIRCLE('',#3405,4.1);
#229=CIRCLE('',#3408,4.1);
#230=CIRCLE('',#3409,4.1);
#231=CIRCLE('',#3412,4.1);
#232=CIRCLE('',#3413,4.1);
#233=CIRCLE('',#3415,4.1);
#234=CIRCLE('',#3417,4.1);
#235=CIRCLE('',#3456,0.499999999999997);
#236=CIRCLE('',#3457,0.5);
#237=CIRCLE('',#3458,0.500000000000003);
#238=CIRCLE('',#3459,0.500000000000003);
#239=CIRCLE('',#3484,2.);
#240=CIRCLE('',#3487,2.);
#241=CIRCLE('',#3490,2.);
#242=CIRCLE('',#3493,2.);
#243=CIRCLE('',#3495,2.);
#244=CIRCLE('',#3498,2.);
#245=CIRCLE('',#3501,2.);
#246=CIRCLE('',#3502,2.);
#247=CIRCLE('',#3507,1.5);
#248=CIRCLE('',#3508,1.5);
#249=CIRCLE('',#3510,2.6);
#250=CIRCLE('',#3511,2.6);
#251=CIRCLE('',#3514,2.6);
#252=CIRCLE('',#3515,2.6);
#253=CIRCLE('',#3516,2.6);
#254=CIRCLE('',#3518,1.5);
#255=CIRCLE('',#3519,1.5);
#256=CIRCLE('',#3521,2.6);
#257=CIRCLE('',#3525,1.5);
#258=CIRCLE('',#3526,1.5);
#259=CIRCLE('',#3528,2.6);
#260=CIRCLE('',#3532,1.5);
#261=CIRCLE('',#3533,1.5);
#262=CIRCLE('',#3535,2.6);
#263=FACE_OUTER_BOUND('',#449,.T.);
#264=FACE_OUTER_BOUND('',#450,.T.);
#265=FACE_OUTER_BOUND('',#451,.T.);
#266=FACE_OUTER_BOUND('',#452,.T.);
#267=FACE_OUTER_BOUND('',#453,.T.);
#268=FACE_OUTER_BOUND('',#455,.T.);
#269=FACE_OUTER_BOUND('',#456,.T.);
#270=FACE_OUTER_BOUND('',#457,.T.);
#271=FACE_OUTER_BOUND('',#458,.T.);
#272=FACE_OUTER_BOUND('',#459,.T.);
#273=FACE_OUTER_BOUND('',#460,.T.);
#274=FACE_OUTER_BOUND('',#461,.T.);
#275=FACE_OUTER_BOUND('',#462,.T.);
#276=FACE_OUTER_BOUND('',#463,.T.);
#277=FACE_OUTER_BOUND('',#464,.T.);
#278=FACE_OUTER_BOUND('',#465,.T.);
#279=FACE_OUTER_BOUND('',#466,.T.);
#280=FACE_OUTER_BOUND('',#467,.T.);
#281=FACE_OUTER_BOUND('',#468,.T.);
#282=FACE_OUTER_BOUND('',#469,.T.);
#283=FACE_OUTER_BOUND('',#471,.T.);
#284=FACE_OUTER_BOUND('',#474,.T.);
#285=FACE_OUTER_BOUND('',#475,.T.);
#286=FACE_OUTER_BOUND('',#476,.T.);
#287=FACE_OUTER_BOUND('',#478,.T.);
#288=FACE_OUTER_BOUND('',#479,.T.);
#289=FACE_OUTER_BOUND('',#480,.T.);
#290=FACE_OUTER_BOUND('',#481,.T.);
#291=FACE_OUTER_BOUND('',#483,.T.);
#292=FACE_OUTER_BOUND('',#486,.T.);
#293=FACE_OUTER_BOUND('',#487,.T.);
#294=FACE_OUTER_BOUND('',#488,.T.);
#295=FACE_OUTER_BOUND('',#490,.T.);
#296=FACE_OUTER_BOUND('',#491,.T.);
#297=FACE_OUTER_BOUND('',#492,.T.);
#298=FACE_OUTER_BOUND('',#493,.T.);
#299=FACE_OUTER_BOUND('',#494,.T.);
#300=FACE_OUTER_BOUND('',#495,.T.);
#301=FACE_OUTER_BOUND('',#496,.T.);
#302=FACE_OUTER_BOUND('',#497,.T.);
#303=FACE_OUTER_BOUND('',#498,.T.);
#304=FACE_OUTER_BOUND('',#499,.T.);
#305=FACE_OUTER_BOUND('',#500,.T.);
#306=FACE_OUTER_BOUND('',#501,.T.);
#307=FACE_OUTER_BOUND('',#502,.T.);
#308=FACE_OUTER_BOUND('',#504,.T.);
#309=FACE_OUTER_BOUND('',#505,.T.);
#310=FACE_OUTER_BOUND('',#506,.T.);
#311=FACE_OUTER_BOUND('',#507,.T.);
#312=FACE_OUTER_BOUND('',#508,.T.);
#313=FACE_OUTER_BOUND('',#509,.T.);
#314=FACE_OUTER_BOUND('',#510,.T.);
#315=FACE_OUTER_BOUND('',#511,.T.);
#316=FACE_OUTER_BOUND('',#512,.T.);
#317=FACE_OUTER_BOUND('',#513,.T.);
#318=FACE_OUTER_BOUND('',#514,.T.);
#319=FACE_OUTER_BOUND('',#515,.T.);
#320=FACE_OUTER_BOUND('',#516,.T.);
#321=FACE_OUTER_BOUND('',#517,.T.);
#322=FACE_OUTER_BOUND('',#518,.T.);
#323=FACE_OUTER_BOUND('',#519,.T.);
#324=FACE_OUTER_BOUND('',#520,.T.);
#325=FACE_OUTER_BOUND('',#521,.T.);
#326=FACE_OUTER_BOUND('',#522,.T.);
#327=FACE_OUTER_BOUND('',#523,.T.);
#328=FACE_OUTER_BOUND('',#524,.T.);
#329=FACE_OUTER_BOUND('',#525,.T.);
#330=FACE_OUTER_BOUND('',#526,.T.);
#331=FACE_OUTER_BOUND('',#527,.T.);
#332=FACE_OUTER_BOUND('',#528,.T.);
#333=FACE_OUTER_BOUND('',#529,.T.);
#334=FACE_OUTER_BOUND('',#530,.T.);
#335=FACE_OUTER_BOUND('',#531,.T.);
#336=FACE_OUTER_BOUND('',#532,.T.);
#337=FACE_OUTER_BOUND('',#534,.T.);
#338=FACE_OUTER_BOUND('',#535,.T.);
#339=FACE_OUTER_BOUND('',#536,.T.);
#340=FACE_OUTER_BOUND('',#537,.T.);
#341=FACE_OUTER_BOUND('',#538,.T.);
#342=FACE_OUTER_BOUND('',#539,.T.);
#343=FACE_OUTER_BOUND('',#541,.T.);
#344=FACE_OUTER_BOUND('',#543,.T.);
#345=FACE_OUTER_BOUND('',#545,.T.);
#346=FACE_OUTER_BOUND('',#546,.T.);
#347=FACE_OUTER_BOUND('',#548,.T.);
#348=FACE_OUTER_BOUND('',#549,.T.);
#349=FACE_OUTER_BOUND('',#550,.T.);
#350=FACE_OUTER_BOUND('',#551,.T.);
#351=FACE_OUTER_BOUND('',#553,.T.);
#352=FACE_OUTER_BOUND('',#554,.T.);
#353=FACE_OUTER_BOUND('',#556,.T.);
#354=FACE_OUTER_BOUND('',#557,.T.);
#355=FACE_OUTER_BOUND('',#559,.T.);
#356=FACE_OUTER_BOUND('',#560,.T.);
#357=FACE_OUTER_BOUND('',#562,.T.);
#358=FACE_OUTER_BOUND('',#563,.T.);
#359=FACE_OUTER_BOUND('',#564,.T.);
#360=FACE_OUTER_BOUND('',#565,.T.);
#361=FACE_OUTER_BOUND('',#566,.T.);
#362=FACE_OUTER_BOUND('',#567,.T.);
#363=FACE_OUTER_BOUND('',#568,.T.);
#364=FACE_OUTER_BOUND('',#569,.T.);
#365=FACE_OUTER_BOUND('',#570,.T.);
#366=FACE_OUTER_BOUND('',#571,.T.);
#367=FACE_OUTER_BOUND('',#572,.T.);
#368=FACE_OUTER_BOUND('',#573,.T.);
#369=FACE_OUTER_BOUND('',#574,.T.);
#370=FACE_OUTER_BOUND('',#575,.T.);
#371=FACE_OUTER_BOUND('',#577,.T.);
#372=FACE_OUTER_BOUND('',#578,.T.);
#373=FACE_OUTER_BOUND('',#579,.T.);
#374=FACE_OUTER_BOUND('',#580,.T.);
#375=FACE_OUTER_BOUND('',#581,.T.);
#376=FACE_OUTER_BOUND('',#582,.T.);
#377=FACE_OUTER_BOUND('',#583,.T.);
#378=FACE_OUTER_BOUND('',#585,.T.);
#379=FACE_OUTER_BOUND('',#586,.T.);
#380=FACE_OUTER_BOUND('',#587,.T.);
#381=FACE_OUTER_BOUND('',#588,.T.);
#382=FACE_OUTER_BOUND('',#589,.T.);
#383=FACE_OUTER_BOUND('',#590,.T.);
#384=FACE_OUTER_BOUND('',#591,.T.);
#385=FACE_OUTER_BOUND('',#592,.T.);
#386=FACE_OUTER_BOUND('',#593,.T.);
#387=FACE_OUTER_BOUND('',#594,.T.);
#388=FACE_OUTER_BOUND('',#595,.T.);
#389=FACE_OUTER_BOUND('',#599,.T.);
#390=FACE_OUTER_BOUND('',#600,.T.);
#391=FACE_OUTER_BOUND('',#601,.T.);
#392=FACE_OUTER_BOUND('',#602,.T.);
#393=FACE_OUTER_BOUND('',#603,.T.);
#394=FACE_OUTER_BOUND('',#604,.T.);
#395=FACE_OUTER_BOUND('',#605,.T.);
#396=FACE_OUTER_BOUND('',#606,.T.);
#397=FACE_OUTER_BOUND('',#607,.T.);
#398=FACE_OUTER_BOUND('',#609,.T.);
#399=FACE_OUTER_BOUND('',#610,.T.);
#400=FACE_OUTER_BOUND('',#611,.T.);
#401=FACE_OUTER_BOUND('',#612,.T.);
#402=FACE_OUTER_BOUND('',#613,.T.);
#403=FACE_OUTER_BOUND('',#615,.T.);
#404=FACE_OUTER_BOUND('',#616,.T.);
#405=FACE_OUTER_BOUND('',#617,.T.);
#406=FACE_OUTER_BOUND('',#618,.T.);
#407=FACE_OUTER_BOUND('',#619,.T.);
#408=FACE_OUTER_BOUND('',#620,.T.);
#409=FACE_OUTER_BOUND('',#621,.T.);
#410=FACE_OUTER_BOUND('',#622,.T.);
#411=FACE_OUTER_BOUND('',#623,.T.);
#412=FACE_OUTER_BOUND('',#624,.T.);
#413=FACE_OUTER_BOUND('',#625,.T.);
#414=FACE_OUTER_BOUND('',#626,.T.);
#415=FACE_OUTER_BOUND('',#627,.T.);
#416=FACE_OUTER_BOUND('',#628,.T.);
#417=FACE_OUTER_BOUND('',#629,.T.);
#418=FACE_OUTER_BOUND('',#630,.T.);
#419=FACE_OUTER_BOUND('',#631,.T.);
#420=FACE_OUTER_BOUND('',#632,.T.);
#421=FACE_OUTER_BOUND('',#633,.T.);
#422=FACE_OUTER_BOUND('',#634,.T.);
#423=FACE_OUTER_BOUND('',#635,.T.);
#424=FACE_OUTER_BOUND('',#637,.T.);
#425=FACE_OUTER_BOUND('',#638,.T.);
#426=FACE_OUTER_BOUND('',#639,.T.);
#427=FACE_OUTER_BOUND('',#640,.T.);
#428=FACE_OUTER_BOUND('',#641,.T.);
#429=FACE_OUTER_BOUND('',#642,.T.);
#430=FACE_OUTER_BOUND('',#644,.T.);
#431=FACE_OUTER_BOUND('',#652,.T.);
#432=FACE_OUTER_BOUND('',#653,.T.);
#433=FACE_OUTER_BOUND('',#654,.T.);
#434=FACE_OUTER_BOUND('',#656,.T.);
#435=FACE_OUTER_BOUND('',#657,.T.);
#436=FACE_OUTER_BOUND('',#658,.T.);
#437=FACE_OUTER_BOUND('',#659,.T.);
#438=FACE_OUTER_BOUND('',#661,.T.);
#439=FACE_OUTER_BOUND('',#662,.T.);
#440=FACE_OUTER_BOUND('',#663,.T.);
#441=FACE_OUTER_BOUND('',#664,.T.);
#442=FACE_OUTER_BOUND('',#666,.T.);
#443=FACE_OUTER_BOUND('',#667,.T.);
#444=FACE_OUTER_BOUND('',#668,.T.);
#445=FACE_OUTER_BOUND('',#669,.T.);
#446=FACE_OUTER_BOUND('',#670,.T.);
#447=FACE_OUTER_BOUND('',#671,.T.);
#448=FACE_OUTER_BOUND('',#672,.T.);
#449=EDGE_LOOP('',(#2025,#2026,#2027,#2028));
#450=EDGE_LOOP('',(#2029,#2030,#2031,#2032));
#451=EDGE_LOOP('',(#2033,#2034,#2035,#2036));
#452=EDGE_LOOP('',(#2037,#2038,#2039,#2040));
#453=EDGE_LOOP('',(#2041,#2042,#2043,#2044,#2045,#2046,#2047,#2048));
#454=EDGE_LOOP('',(#2049,#2050,#2051,#2052));
#455=EDGE_LOOP('',(#2053,#2054,#2055,#2056,#2057,#2058,#2059,#2060,#2061,
#2062,#2063,#2064,#2065,#2066,#2067,#2068,#2069,#2070,#2071,#2072));
#456=EDGE_LOOP('',(#2073,#2074,#2075,#2076,#2077,#2078,#2079,#2080,#2081,
#2082,#2083,#2084));
#457=EDGE_LOOP('',(#2085,#2086,#2087,#2088,#2089,#2090,#2091,#2092));
#458=EDGE_LOOP('',(#2093,#2094,#2095,#2096));
#459=EDGE_LOOP('',(#2097,#2098,#2099,#2100));
#460=EDGE_LOOP('',(#2101,#2102,#2103,#2104));
#461=EDGE_LOOP('',(#2105,#2106,#2107,#2108));
#462=EDGE_LOOP('',(#2109,#2110,#2111,#2112,#2113,#2114,#2115,#2116));
#463=EDGE_LOOP('',(#2117,#2118,#2119,#2120));
#464=EDGE_LOOP('',(#2121,#2122,#2123,#2124));
#465=EDGE_LOOP('',(#2125,#2126,#2127,#2128));
#466=EDGE_LOOP('',(#2129,#2130,#2131,#2132));
#467=EDGE_LOOP('',(#2133,#2134,#2135,#2136));
#468=EDGE_LOOP('',(#2137,#2138,#2139,#2140));
#469=EDGE_LOOP('',(#2141));
#470=EDGE_LOOP('',(#2142));
#471=EDGE_LOOP('',(#2143,#2144,#2145,#2146,#2147,#2148));
#472=EDGE_LOOP('',(#2149));
#473=EDGE_LOOP('',(#2150));
#474=EDGE_LOOP('',(#2151,#2152,#2153,#2154));
#475=EDGE_LOOP('',(#2155,#2156,#2157,#2158));
#476=EDGE_LOOP('',(#2159));
#477=EDGE_LOOP('',(#2160));
#478=EDGE_LOOP('',(#2161));
#479=EDGE_LOOP('',(#2162,#2163,#2164,#2165));
#480=EDGE_LOOP('',(#2166,#2167,#2168,#2169));
#481=EDGE_LOOP('',(#2170));
#482=EDGE_LOOP('',(#2171));
#483=EDGE_LOOP('',(#2172,#2173,#2174,#2175,#2176,#2177));
#484=EDGE_LOOP('',(#2178));
#485=EDGE_LOOP('',(#2179));
#486=EDGE_LOOP('',(#2180,#2181,#2182,#2183));
#487=EDGE_LOOP('',(#2184,#2185,#2186,#2187));
#488=EDGE_LOOP('',(#2188));
#489=EDGE_LOOP('',(#2189));
#490=EDGE_LOOP('',(#2190));
#491=EDGE_LOOP('',(#2191,#2192,#2193,#2194));
#492=EDGE_LOOP('',(#2195,#2196,#2197,#2198));
#493=EDGE_LOOP('',(#2199,#2200,#2201,#2202));
#494=EDGE_LOOP('',(#2203,#2204,#2205));
#495=EDGE_LOOP('',(#2206,#2207,#2208));
#496=EDGE_LOOP('',(#2209,#2210,#2211,#2212));
#497=EDGE_LOOP('',(#2213,#2214,#2215));
#498=EDGE_LOOP('',(#2216,#2217,#2218));
#499=EDGE_LOOP('',(#2219,#2220,#2221,#2222,#2223,#2224,#2225,#2226,#2227,
#2228,#2229,#2230));
#500=EDGE_LOOP('',(#2231,#2232,#2233,#2234,#2235,#2236));
#501=EDGE_LOOP('',(#2237,#2238,#2239,#2240,#2241,#2242));
#502=EDGE_LOOP('',(#2243,#2244,#2245,#2246,#2247,#2248,#2249,#2250,#2251,
#2252,#2253,#2254,#2255,#2256,#2257,#2258,#2259,#2260,#2261,#2262));
#503=EDGE_LOOP('',(#2263,#2264,#2265,#2266));
#504=EDGE_LOOP('',(#2267));
#505=EDGE_LOOP('',(#2268,#2269,#2270,#2271));
#506=EDGE_LOOP('',(#2272,#2273,#2274));
#507=EDGE_LOOP('',(#2275,#2276,#2277,#2278));
#508=EDGE_LOOP('',(#2279,#2280,#2281));
#509=EDGE_LOOP('',(#2282,#2283,#2284,#2285));
#510=EDGE_LOOP('',(#2286,#2287,#2288));
#511=EDGE_LOOP('',(#2289,#2290,#2291));
#512=EDGE_LOOP('',(#2292,#2293,#2294,#2295));
#513=EDGE_LOOP('',(#2296,#2297,#2298,#2299));
#514=EDGE_LOOP('',(#2300));
#515=EDGE_LOOP('',(#2301,#2302,#2303));
#516=EDGE_LOOP('',(#2304,#2305,#2306));
#517=EDGE_LOOP('',(#2307,#2308,#2309));
#518=EDGE_LOOP('',(#2310,#2311,#2312));
#519=EDGE_LOOP('',(#2313,#2314,#2315,#2316,#2317,#2318));
#520=EDGE_LOOP('',(#2319,#2320,#2321,#2322,#2323,#2324,#2325,#2326));
#521=EDGE_LOOP('',(#2327,#2328,#2329,#2330,#2331,#2332,#2333,#2334));
#522=EDGE_LOOP('',(#2335,#2336,#2337,#2338,#2339,#2340,#2341,#2342));
#523=EDGE_LOOP('',(#2343,#2344,#2345,#2346,#2347,#2348,#2349,#2350,#2351,
#2352));
#524=EDGE_LOOP('',(#2353,#2354,#2355,#2356,#2357,#2358));
#525=EDGE_LOOP('',(#2359,#2360,#2361,#2362,#2363,#2364,#2365,#2366));
#526=EDGE_LOOP('',(#2367,#2368,#2369,#2370,#2371,#2372,#2373,#2374));
#527=EDGE_LOOP('',(#2375,#2376,#2377));
#528=EDGE_LOOP('',(#2378,#2379,#2380));
#529=EDGE_LOOP('',(#2381,#2382,#2383));
#530=EDGE_LOOP('',(#2384,#2385,#2386));
#531=EDGE_LOOP('',(#2387,#2388,#2389,#2390));
#532=EDGE_LOOP('',(#2391,#2392,#2393,#2394,#2395,#2396,#2397,#2398,#2399,
#2400,#2401,#2402));
#533=EDGE_LOOP('',(#2403,#2404,#2405,#2406));
#534=EDGE_LOOP('',(#2407,#2408,#2409,#2410));
#535=EDGE_LOOP('',(#2411,#2412,#2413,#2414));
#536=EDGE_LOOP('',(#2415,#2416,#2417,#2418));
#537=EDGE_LOOP('',(#2419,#2420,#2421,#2422));
#538=EDGE_LOOP('',(#2423,#2424,#2425,#2426,#2427,#2428,#2429,#2430,#2431,
#2432,#2433,#2434,#2435,#2436,#2437,#2438,#2439,#2440,#2441,#2442,#2443,
#2444,#2445,#2446,#2447,#2448));
#539=EDGE_LOOP('',(#2449));
#540=EDGE_LOOP('',(#2450));
#541=EDGE_LOOP('',(#2451));
#542=EDGE_LOOP('',(#2452));
#543=EDGE_LOOP('',(#2453));
#544=EDGE_LOOP('',(#2454));
#545=EDGE_LOOP('',(#2455,#2456,#2457,#2458,#2459,#2460,#2461,#2462));
#546=EDGE_LOOP('',(#2463));
#547=EDGE_LOOP('',(#2464));
#548=EDGE_LOOP('',(#2465,#2466,#2467,#2468,#2469,#2470,#2471,#2472));
#549=EDGE_LOOP('',(#2473,#2474,#2475,#2476));
#550=EDGE_LOOP('',(#2477,#2478,#2479));
#551=EDGE_LOOP('',(#2480,#2481,#2482,#2483));
#552=EDGE_LOOP('',(#2484));
#553=EDGE_LOOP('',(#2485,#2486,#2487,#2488));
#554=EDGE_LOOP('',(#2489,#2490,#2491,#2492));
#555=EDGE_LOOP('',(#2493));
#556=EDGE_LOOP('',(#2494,#2495,#2496,#2497));
#557=EDGE_LOOP('',(#2498,#2499,#2500,#2501));
#558=EDGE_LOOP('',(#2502));
#559=EDGE_LOOP('',(#2503,#2504,#2505,#2506));
#560=EDGE_LOOP('',(#2507,#2508,#2509,#2510));
#561=EDGE_LOOP('',(#2511));
#562=EDGE_LOOP('',(#2512,#2513,#2514,#2515));
#563=EDGE_LOOP('',(#2516,#2517,#2518));
#564=EDGE_LOOP('',(#2519,#2520,#2521));
#565=EDGE_LOOP('',(#2522,#2523,#2524));
#566=EDGE_LOOP('',(#2525,#2526,#2527,#2528));
#567=EDGE_LOOP('',(#2529,#2530,#2531,#2532));
#568=EDGE_LOOP('',(#2533,#2534,#2535,#2536));
#569=EDGE_LOOP('',(#2537,#2538,#2539,#2540));
#570=EDGE_LOOP('',(#2541,#2542,#2543,#2544,#2545,#2546,#2547,#2548,#2549,
#2550,#2551,#2552));
#571=EDGE_LOOP('',(#2553,#2554,#2555,#2556));
#572=EDGE_LOOP('',(#2557,#2558,#2559,#2560));
#573=EDGE_LOOP('',(#2561,#2562,#2563,#2564));
#574=EDGE_LOOP('',(#2565,#2566,#2567,#2568));
#575=EDGE_LOOP('',(#2569,#2570,#2571,#2572));
#576=EDGE_LOOP('',(#2573,#2574,#2575,#2576));
#577=EDGE_LOOP('',(#2577,#2578,#2579,#2580));
#578=EDGE_LOOP('',(#2581,#2582,#2583,#2584));
#579=EDGE_LOOP('',(#2585,#2586,#2587,#2588));
#580=EDGE_LOOP('',(#2589,#2590,#2591,#2592));
#581=EDGE_LOOP('',(#2593,#2594,#2595,#2596));
#582=EDGE_LOOP('',(#2597,#2598,#2599,#2600));
#583=EDGE_LOOP('',(#2601,#2602,#2603,#2604));
#584=EDGE_LOOP('',(#2605,#2606,#2607,#2608));
#585=EDGE_LOOP('',(#2609,#2610,#2611,#2612));
#586=EDGE_LOOP('',(#2613,#2614,#2615,#2616));
#587=EDGE_LOOP('',(#2617,#2618,#2619,#2620));
#588=EDGE_LOOP('',(#2621,#2622,#2623,#2624));
#589=EDGE_LOOP('',(#2625,#2626,#2627,#2628));
#590=EDGE_LOOP('',(#2629,#2630,#2631,#2632));
#591=EDGE_LOOP('',(#2633,#2634,#2635,#2636));
#592=EDGE_LOOP('',(#2637,#2638,#2639,#2640));
#593=EDGE_LOOP('',(#2641,#2642,#2643,#2644));
#594=EDGE_LOOP('',(#2645,#2646,#2647,#2648));
#595=EDGE_LOOP('',(#2649,#2650,#2651,#2652,#2653,#2654,#2655,#2656));
#596=EDGE_LOOP('',(#2657,#2658,#2659,#2660));
#597=EDGE_LOOP('',(#2661,#2662,#2663,#2664));
#598=EDGE_LOOP('',(#2665,#2666,#2667,#2668));
#599=EDGE_LOOP('',(#2669,#2670,#2671,#2672));
#600=EDGE_LOOP('',(#2673,#2674,#2675,#2676));
#601=EDGE_LOOP('',(#2677,#2678,#2679,#2680));
#602=EDGE_LOOP('',(#2681,#2682,#2683,#2684));
#603=EDGE_LOOP('',(#2685,#2686,#2687,#2688));
#604=EDGE_LOOP('',(#2689,#2690,#2691,#2692));
#605=EDGE_LOOP('',(#2693,#2694,#2695,#2696));
#606=EDGE_LOOP('',(#2697,#2698,#2699,#2700));
#607=EDGE_LOOP('',(#2701,#2702,#2703,#2704));
#608=EDGE_LOOP('',(#2705,#2706,#2707,#2708));
#609=EDGE_LOOP('',(#2709,#2710,#2711,#2712));
#610=EDGE_LOOP('',(#2713,#2714,#2715,#2716));
#611=EDGE_LOOP('',(#2717,#2718,#2719,#2720));
#612=EDGE_LOOP('',(#2721,#2722,#2723,#2724));
#613=EDGE_LOOP('',(#2725,#2726,#2727,#2728));
#614=EDGE_LOOP('',(#2729,#2730,#2731,#2732));
#615=EDGE_LOOP('',(#2733,#2734,#2735,#2736));
#616=EDGE_LOOP('',(#2737,#2738,#2739,#2740));
#617=EDGE_LOOP('',(#2741,#2742,#2743,#2744));
#618=EDGE_LOOP('',(#2745,#2746,#2747,#2748));
#619=EDGE_LOOP('',(#2749,#2750,#2751,#2752));
#620=EDGE_LOOP('',(#2753,#2754,#2755,#2756));
#621=EDGE_LOOP('',(#2757,#2758,#2759,#2760));
#622=EDGE_LOOP('',(#2761,#2762,#2763,#2764));
#623=EDGE_LOOP('',(#2765,#2766,#2767,#2768));
#624=EDGE_LOOP('',(#2769,#2770,#2771,#2772));
#625=EDGE_LOOP('',(#2773,#2774,#2775,#2776));
#626=EDGE_LOOP('',(#2777,#2778,#2779,#2780));
#627=EDGE_LOOP('',(#2781,#2782,#2783,#2784));
#628=EDGE_LOOP('',(#2785,#2786,#2787,#2788));
#629=EDGE_LOOP('',(#2789,#2790,#2791,#2792));
#630=EDGE_LOOP('',(#2793,#2794,#2795,#2796));
#631=EDGE_LOOP('',(#2797,#2798,#2799,#2800));
#632=EDGE_LOOP('',(#2801,#2802,#2803,#2804));
#633=EDGE_LOOP('',(#2805,#2806,#2807,#2808));
#634=EDGE_LOOP('',(#2809,#2810,#2811,#2812));
#635=EDGE_LOOP('',(#2813,#2814,#2815,#2816,#2817,#2818,#2819,#2820));
#636=EDGE_LOOP('',(#2821,#2822,#2823,#2824));
#637=EDGE_LOOP('',(#2825,#2826,#2827,#2828));
#638=EDGE_LOOP('',(#2829,#2830,#2831,#2832));
#639=EDGE_LOOP('',(#2833,#2834,#2835,#2836));
#640=EDGE_LOOP('',(#2837,#2838,#2839,#2840));
#641=EDGE_LOOP('',(#2841,#2842,#2843,#2844));
#642=EDGE_LOOP('',(#2845));
#643=EDGE_LOOP('',(#2846));
#644=EDGE_LOOP('',(#2847,#2848,#2849,#2850));
#645=EDGE_LOOP('',(#2851,#2852,#2853,#2854));
#646=EDGE_LOOP('',(#2855,#2856,#2857,#2858));
#647=EDGE_LOOP('',(#2859,#2860,#2861,#2862));
#648=EDGE_LOOP('',(#2863));
#649=EDGE_LOOP('',(#2864));
#650=EDGE_LOOP('',(#2865));
#651=EDGE_LOOP('',(#2866));
#652=EDGE_LOOP('',(#2867,#2868,#2869,#2870));
#653=EDGE_LOOP('',(#2871,#2872,#2873,#2874));
#654=EDGE_LOOP('',(#2875));
#655=EDGE_LOOP('',(#2876));
#656=EDGE_LOOP('',(#2877));
#657=EDGE_LOOP('',(#2878,#2879,#2880,#2881));
#658=EDGE_LOOP('',(#2882,#2883,#2884,#2885));
#659=EDGE_LOOP('',(#2886));
#660=EDGE_LOOP('',(#2887));
#661=EDGE_LOOP('',(#2888));
#662=EDGE_LOOP('',(#2889,#2890,#2891,#2892));
#663=EDGE_LOOP('',(#2893,#2894,#2895,#2896));
#664=EDGE_LOOP('',(#2897));
#665=EDGE_LOOP('',(#2898));
#666=EDGE_LOOP('',(#2899));
#667=EDGE_LOOP('',(#2900,#2901,#2902,#2903));
#668=EDGE_LOOP('',(#2904,#2905,#2906,#2907));
#669=EDGE_LOOP('',(#2908,#2909,#2910,#2911));
#670=EDGE_LOOP('',(#2912,#2913,#2914,#2915));
#671=EDGE_LOOP('',(#2916));
#672=EDGE_LOOP('',(#2917,#2918,#2919,#2920));
#673=LINE('',#4490,#981);
#674=LINE('',#4492,#982);
#675=LINE('',#4494,#983);
#676=LINE('',#4495,#984);
#677=LINE('',#4499,#985);
#678=LINE('',#4501,#986);
#679=LINE('',#4503,#987);
#680=LINE('',#4504,#988);
#681=LINE('',#4508,#989);
#682=LINE('',#4510,#990);
#683=LINE('',#4512,#991);
#684=LINE('',#4513,#992);
#685=LINE('',#4517,#993);
#686=LINE('',#4519,#994);
#687=LINE('',#4521,#995);
#688=LINE('',#4522,#996);
#689=LINE('',#4530,#997);
#690=LINE('',#4532,#998);
#691=LINE('',#4534,#999);
#692=LINE('',#4535,#1000);
#693=LINE('',#4538,#1001);
#694=LINE('',#4540,#1002);
#695=LINE('',#4542,#1003);
#696=LINE('',#4544,#1004);
#697=LINE('',#4546,#1005);
#698=LINE('',#4548,#1006);
#699=LINE('',#4550,#1007);
#700=LINE('',#4554,#1008);
#701=LINE('',#4556,#1009);
#702=LINE('',#4558,#1010);
#703=LINE('',#4562,#1011);
#704=LINE('',#4564,#1012);
#705=LINE('',#4566,#1013);
#706=LINE('',#4568,#1014);
#707=LINE('',#4570,#1015);
#708=LINE('',#4572,#1016);
#709=LINE('',#4573,#1017);
#710=LINE('',#4576,#1018);
#711=LINE('',#4578,#1019);
#712=LINE('',#4580,#1020);
#713=LINE('',#4582,#1021);
#714=LINE('',#4584,#1022);
#715=LINE('',#4586,#1023);
#716=LINE('',#4588,#1024);
#717=LINE('',#4590,#1025);
#718=LINE('',#4592,#1026);
#719=LINE('',#4593,#1027);
#720=LINE('',#4598,#1028);
#721=LINE('',#4602,#1029);
#722=LINE('',#4607,#1030);
#723=LINE('',#4612,#1031);
#724=LINE('',#4618,#1032);
#725=LINE('',#4622,#1033);
#726=LINE('',#4626,#1034);
#727=LINE('',#4629,#1035);
#728=LINE('',#4633,#1036);
#729=LINE('',#4635,#1037);
#730=LINE('',#4637,#1038);
#731=LINE('',#4638,#1039);
#732=LINE('',#4644,#1040);
#733=LINE('',#4647,#1041);
#734=LINE('',#4649,#1042);
#735=LINE('',#4650,#1043);
#736=LINE('',#4658,#1044);
#737=LINE('',#4664,#1045);
#738=LINE('',#4669,#1046);
#739=LINE('',#4671,#1047);
#740=LINE('',#4675,#1048);
#741=LINE('',#4683,#1049);
#742=LINE('',#4688,#1050);
#743=LINE('',#4695,#1051);
#744=LINE('',#4701,#1052);
#745=LINE('',#4706,#1053);
#746=LINE('',#4710,#1054);
#747=LINE('',#4717,#1055);
#748=LINE('',#4722,#1056);
#749=LINE('',#4729,#1057);
#750=LINE('',#4730,#1058);
#751=LINE('',#4735,#1059);
#752=LINE('',#4736,#1060);
#753=LINE('',#4739,#1061);
#754=LINE('',#4740,#1062);
#755=LINE('',#4746,#1063);
#756=LINE('',#4747,#1064);
#757=LINE('',#4753,#1065);
#758=LINE('',#4754,#1066);
#759=LINE('',#4756,#1067);
#760=LINE('',#4762,#1068);
#761=LINE('',#4763,#1069);
#762=LINE('',#4769,#1070);
#763=LINE('',#4770,#1071);
#764=LINE('',#4773,#1072);
#765=LINE('',#4774,#1073);
#766=LINE('',#4776,#1074);
#767=LINE('',#4778,#1075);
#768=LINE('',#4780,#1076);
#769=LINE('',#4782,#1077);
#770=LINE('',#4784,#1078);
#771=LINE('',#4785,#1079);
#772=LINE('',#4786,#1080);
#773=LINE('',#4789,#1081);
#774=LINE('',#4799,#1082);
#775=LINE('',#4802,#1083);
#776=LINE('',#4806,#1084);
#777=LINE('',#4815,#1085);
#778=LINE('',#4818,#1086);
#779=LINE('',#4820,#1087);
#780=LINE('',#4822,#1088);
#781=LINE('',#4824,#1089);
#782=LINE('',#4825,#1090);
#783=LINE('',#4826,#1091);
#784=LINE('',#4828,#1092);
#785=LINE('',#4829,#1093);
#786=LINE('',#4831,#1094);
#787=LINE('',#4833,#1095);
#788=LINE('',#4835,#1096);
#789=LINE('',#4836,#1097);
#790=LINE('',#4839,#1098);
#791=LINE('',#4845,#1099);
#792=LINE('',#4846,#1100);
#793=LINE('',#4851,#1101);
#794=LINE('',#4858,#1102);
#795=LINE('',#4859,#1103);
#796=LINE('',#4863,#1104);
#797=LINE('',#4865,#1105);
#798=LINE('',#4867,#1106);
#799=LINE('',#4868,#1107);
#800=LINE('',#4888,#1108);
#801=LINE('',#4897,#1109);
#802=LINE('',#4908,#1110);
#803=LINE('',#4909,#1111);
#804=LINE('',#4911,#1112);
#805=LINE('',#4920,#1113);
#806=LINE('',#4922,#1114);
#807=LINE('',#4924,#1115);
#808=LINE('',#4937,#1116);
#809=LINE('',#4938,#1117);
#810=LINE('',#4940,#1118);
#811=LINE('',#4951,#1119);
#812=LINE('',#4954,#1120);
#813=LINE('',#4963,#1121);
#814=LINE('',#4964,#1122);
#815=LINE('',#4968,#1123);
#816=LINE('',#4975,#1124);
#817=LINE('',#4985,#1125);
#818=LINE('',#4986,#1126);
#819=LINE('',#4991,#1127);
#820=LINE('',#4997,#1128);
#821=LINE('',#5003,#1129);
#822=LINE('',#5009,#1130);
#823=LINE('',#5024,#1131);
#824=LINE('',#5029,#1132);
#825=LINE('',#5037,#1133);
#826=LINE('',#5042,#1134);
#827=LINE('',#5047,#1135);
#828=LINE('',#5050,#1136);
#829=LINE('',#5062,#1137);
#830=LINE('',#5066,#1138);
#831=LINE('',#5070,#1139);
#832=LINE('',#5072,#1140);
#833=LINE('',#5077,#1141);
#834=LINE('',#5079,#1142);
#835=LINE('',#5081,#1143);
#836=LINE('',#5082,#1144);
#837=LINE('',#5085,#1145);
#838=LINE('',#5087,#1146);
#839=LINE('',#5088,#1147);
#840=LINE('',#5091,#1148);
#841=LINE('',#5093,#1149);
#842=LINE('',#5094,#1150);
#843=LINE('',#5096,#1151);
#844=LINE('',#5097,#1152);
#845=LINE('',#5101,#1153);
#846=LINE('',#5103,#1154);
#847=LINE('',#5105,#1155);
#848=LINE('',#5106,#1156);
#849=LINE('',#5110,#1157);
#850=LINE('',#5114,#1158);
#851=LINE('',#5118,#1159);
#852=LINE('',#5120,#1160);
#853=LINE('',#5124,#1161);
#854=LINE('',#5126,#1162);
#855=LINE('',#5129,#1163);
#856=LINE('',#5130,#1164);
#857=LINE('',#5133,#1165);
#858=LINE('',#5135,#1166);
#859=LINE('',#5136,#1167);
#860=LINE('',#5139,#1168);
#861=LINE('',#5140,#1169);
#862=LINE('',#5144,#1170);
#863=LINE('',#5146,#1171);
#864=LINE('',#5148,#1172);
#865=LINE('',#5149,#1173);
#866=LINE('',#5153,#1174);
#867=LINE('',#5154,#1175);
#868=LINE('',#5155,#1176);
#869=LINE('',#5158,#1177);
#870=LINE('',#5159,#1178);
#871=LINE('',#5162,#1179);
#872=LINE('',#5163,#1180);
#873=LINE('',#5165,#1181);
#874=LINE('',#5169,#1182);
#875=LINE('',#5173,#1183);
#876=LINE('',#5178,#1184);
#877=LINE('',#5182,#1185);
#878=LINE('',#5185,#1186);
#879=LINE('',#5186,#1187);
#880=LINE('',#5188,#1188);
#881=LINE('',#5189,#1189);
#882=LINE('',#5192,#1190);
#883=LINE('',#5193,#1191);
#884=LINE('',#5194,#1192);
#885=LINE('',#5196,#1193);
#886=LINE('',#5197,#1194);
#887=LINE('',#5201,#1195);
#888=LINE('',#5205,#1196);
#889=LINE('',#5209,#1197);
#890=LINE('',#5213,#1198);
#891=LINE('',#5217,#1199);
#892=LINE('',#5219,#1200);
#893=LINE('',#5221,#1201);
#894=LINE('',#5222,#1202);
#895=LINE('',#5225,#1203);
#896=LINE('',#5227,#1204);
#897=LINE('',#5229,#1205);
#898=LINE('',#5230,#1206);
#899=LINE('',#5232,#1207);
#900=LINE('',#5235,#1208);
#901=LINE('',#5239,#1209);
#902=LINE('',#5241,#1210);
#903=LINE('',#5242,#1211);
#904=LINE('',#5245,#1212);
#905=LINE('',#5246,#1213);
#906=LINE('',#5249,#1214);
#907=LINE('',#5250,#1215);
#908=LINE('',#5252,#1216);
#909=LINE('',#5256,#1217);
#910=LINE('',#5258,#1218);
#911=LINE('',#5260,#1219);
#912=LINE('',#5261,#1220);
#913=LINE('',#5264,#1221);
#914=LINE('',#5266,#1222);
#915=LINE('',#5267,#1223);
#916=LINE('',#5270,#1224);
#917=LINE('',#5271,#1225);
#918=LINE('',#5274,#1226);
#919=LINE('',#5275,#1227);
#920=LINE('',#5277,#1228);
#921=LINE('',#5281,#1229);
#922=LINE('',#5283,#1230);
#923=LINE('',#5285,#1231);
#924=LINE('',#5286,#1232);
#925=LINE('',#5289,#1233);
#926=LINE('',#5291,#1234);
#927=LINE('',#5292,#1235);
#928=LINE('',#5295,#1236);
#929=LINE('',#5296,#1237);
#930=LINE('',#5299,#1238);
#931=LINE('',#5301,#1239);
#932=LINE('',#5302,#1240);
#933=LINE('',#5305,#1241);
#934=LINE('',#5306,#1242);
#935=LINE('',#5309,#1243);
#936=LINE('',#5310,#1244);
#937=LINE('',#5312,#1245);
#938=LINE('',#5315,#1246);
#939=LINE('',#5316,#1247);
#940=LINE('',#5318,#1248);
#941=LINE('',#5321,#1249);
#942=LINE('',#5323,#1250);
#943=LINE('',#5324,#1251);
#944=LINE('',#5328,#1252);
#945=LINE('',#5331,#1253);
#946=LINE('',#5332,#1254);
#947=LINE('',#5336,#1255);
#948=LINE('',#5339,#1256);
#949=LINE('',#5340,#1257);
#950=LINE('',#5344,#1258);
#951=LINE('',#5347,#1259);
#952=LINE('',#5348,#1260);
#953=LINE('',#5353,#1261);
#954=LINE('',#5356,#1262);
#955=LINE('',#5359,#1263);
#956=LINE('',#5360,#1264);
#957=LINE('',#5363,#1265);
#958=LINE('',#5367,#1266);
#959=LINE('',#5368,#1267);
#960=LINE('',#5373,#1268);
#961=LINE('',#5376,#1269);
#962=LINE('',#5378,#1270);
#963=LINE('',#5379,#1271);
#964=LINE('',#5381,#1272);
#965=LINE('',#5387,#1273);
#966=LINE('',#5393,#1274);
#967=LINE('',#5399,#1275);
#968=LINE('',#5401,#1276);
#969=LINE('',#5403,#1277);
#970=LINE('',#5404,#1278);
#971=LINE('',#5415,#1279);
#972=LINE('',#5419,#1280);
#973=LINE('',#5427,#1281);
#974=LINE('',#5431,#1282);
#975=LINE('',#5439,#1283);
#976=LINE('',#5443,#1284);
#977=LINE('',#5448,#1285);
#978=LINE('',#5449,#1286);
#979=LINE('',#5451,#1287);
#980=LINE('',#5453,#1288);
#981=VECTOR('',#3548,10.);
#982=VECTOR('',#3549,10.);
#983=VECTOR('',#3550,10.);
#984=VECTOR('',#3551,10.);
#985=VECTOR('',#3554,10.);
#986=VECTOR('',#3555,10.);
#987=VECTOR('',#3556,10.);
#988=VECTOR('',#3557,10.);
#989=VECTOR('',#3560,10.);
#990=VECTOR('',#3561,10.);
#991=VECTOR('',#3562,10.);
#992=VECTOR('',#3563,10.);
#993=VECTOR('',#3566,10.);
#994=VECTOR('',#3567,10.);
#995=VECTOR('',#3568,10.);
#996=VECTOR('',#3569,10.);
#997=VECTOR('',#3580,10.);
#998=VECTOR('',#3581,10.);
#999=VECTOR('',#3582,10.);
#1000=VECTOR('',#3583,10.);
#1001=VECTOR('',#3586,10.);
#1002=VECTOR('',#3587,10.);
#1003=VECTOR('',#3588,10.);
#1004=VECTOR('',#3589,10.);
#1005=VECTOR('',#3590,10.);
#1006=VECTOR('',#3591,10.);
#1007=VECTOR('',#3592,10.);
#1008=VECTOR('',#3595,10.);
#1009=VECTOR('',#3596,10.);
#1010=VECTOR('',#3597,10.);
#1011=VECTOR('',#3600,10.);
#1012=VECTOR('',#3601,10.);
#1013=VECTOR('',#3602,10.);
#1014=VECTOR('',#3603,10.);
#1015=VECTOR('',#3604,10.);
#1016=VECTOR('',#3605,10.);
#1017=VECTOR('',#3606,10.);
#1018=VECTOR('',#3609,10.);
#1019=VECTOR('',#3610,10.);
#1020=VECTOR('',#3611,10.);
#1021=VECTOR('',#3612,10.);
#1022=VECTOR('',#3613,10.);
#1023=VECTOR('',#3614,10.);
#1024=VECTOR('',#3615,10.);
#1025=VECTOR('',#3616,10.);
#1026=VECTOR('',#3617,10.);
#1027=VECTOR('',#3618,10.);
#1028=VECTOR('',#3623,10.);
#1029=VECTOR('',#3626,10.);
#1030=VECTOR('',#3633,10.);
#1031=VECTOR('',#3638,10.);
#1032=VECTOR('',#3645,10.);
#1033=VECTOR('',#3650,10.);
#1034=VECTOR('',#3655,10.);
#1035=VECTOR('',#3658,10.);
#1036=VECTOR('',#3661,10.);
#1037=VECTOR('',#3662,10.);
#1038=VECTOR('',#3663,10.);
#1039=VECTOR('',#3664,10.);
#1040=VECTOR('',#3671,10.);
#1041=VECTOR('',#3674,10.);
#1042=VECTOR('',#3675,10.);
#1043=VECTOR('',#3676,10.);
#1044=VECTOR('',#3687,1.5);
#1045=VECTOR('',#3694,2.6);
#1046=VECTOR('',#3701,10.);
#1047=VECTOR('',#3702,10.);
#1048=VECTOR('',#3705,10.);
#1049=VECTOR('',#3714,1.5);
#1050=VECTOR('',#3721,2.6);
#1051=VECTOR('',#3730,1.581139);
#1052=VECTOR('',#3737,2.6);
#1053=VECTOR('',#3744,10.);
#1054=VECTOR('',#3749,10.);
#1055=VECTOR('',#3756,1.5);
#1056=VECTOR('',#3763,2.6);
#1057=VECTOR('',#3772,10.);
#1058=VECTOR('',#3773,10.);
#1059=VECTOR('',#3778,10.);
#1060=VECTOR('',#3779,10.);
#1061=VECTOR('',#3782,10.);
#1062=VECTOR('',#3783,10.);
#1063=VECTOR('',#3788,10.);
#1064=VECTOR('',#3789,10.);
#1065=VECTOR('',#3794,10.);
#1066=VECTOR('',#3795,10.);
#1067=VECTOR('',#3798,10.);
#1068=VECTOR('',#3803,10.);
#1069=VECTOR('',#3804,10.);
#1070=VECTOR('',#3809,10.);
#1071=VECTOR('',#3810,10.);
#1072=VECTOR('',#3813,10.);
#1073=VECTOR('',#3814,10.);
#1074=VECTOR('',#3815,10.);
#1075=VECTOR('',#3816,10.);
#1076=VECTOR('',#3817,10.);
#1077=VECTOR('',#3818,10.);
#1078=VECTOR('',#3819,10.);
#1079=VECTOR('',#3820,10.);
#1080=VECTOR('',#3821,10.);
#1081=VECTOR('',#3824,10.);
#1082=VECTOR('',#3825,10.);
#1083=VECTOR('',#3830,10.);
#1084=VECTOR('',#3833,10.);
#1085=VECTOR('',#3834,10.);
#1086=VECTOR('',#3837,10.);
#1087=VECTOR('',#3838,10.);
#1088=VECTOR('',#3839,10.);
#1089=VECTOR('',#3840,10.);
#1090=VECTOR('',#3841,10.);
#1091=VECTOR('',#3842,10.);
#1092=VECTOR('',#3843,10.);
#1093=VECTOR('',#3844,10.);
#1094=VECTOR('',#3845,10.);
#1095=VECTOR('',#3846,10.);
#1096=VECTOR('',#3847,10.);
#1097=VECTOR('',#3848,10.);
#1098=VECTOR('',#3853,10.);
#1099=VECTOR('',#3858,10.);
#1100=VECTOR('',#3859,10.);
#1101=VECTOR('',#3866,10.);
#1102=VECTOR('',#3873,10.);
#1103=VECTOR('',#3874,10.);
#1104=VECTOR('',#3879,10.);
#1105=VECTOR('',#3882,10.);
#1106=VECTOR('',#3885,10.);
#1107=VECTOR('',#3886,10.);
#1108=VECTOR('',#3915,10.);
#1109=VECTOR('',#3916,10.);
#1110=VECTOR('',#3919,10.);
#1111=VECTOR('',#3920,10.);
#1112=VECTOR('',#3921,10.);
#1113=VECTOR('',#3922,10.);
#1114=VECTOR('',#3925,10.);
#1115=VECTOR('',#3928,10.);
#1116=VECTOR('',#3931,10.);
#1117=VECTOR('',#3932,10.);
#1118=VECTOR('',#3933,10.);
#1119=VECTOR('',#3934,10.);
#1120=VECTOR('',#3937,10.);
#1121=VECTOR('',#3938,10.);
#1122=VECTOR('',#3939,10.);
#1123=VECTOR('',#3944,2.6);
#1124=VECTOR('',#3955,2.6);
#1125=VECTOR('',#3974,10.);
#1126=VECTOR('',#3975,10.);
#1127=VECTOR('',#3980,1.5);
#1128=VECTOR('',#3987,1.5);
#1129=VECTOR('',#3994,1.5);
#1130=VECTOR('',#4001,1.5);
#1131=VECTOR('',#4024,2.6);
#1132=VECTOR('',#4031,2.6);
#1133=VECTOR('',#4042,10.);
#1134=VECTOR('',#4049,10.);
#1135=VECTOR('',#4054,10.);
#1136=VECTOR('',#4059,10.);
#1137=VECTOR('',#4080,10.);
#1138=VECTOR('',#4087,10.);
#1139=VECTOR('',#4094,10.);
#1140=VECTOR('',#4097,10.);
#1141=VECTOR('',#4102,10.);
#1142=VECTOR('',#4103,10.);
#1143=VECTOR('',#4104,10.);
#1144=VECTOR('',#4105,10.);
#1145=VECTOR('',#4108,10.);
#1146=VECTOR('',#4109,10.);
#1147=VECTOR('',#4110,10.);
#1148=VECTOR('',#4113,10.);
#1149=VECTOR('',#4114,10.);
#1150=VECTOR('',#4115,10.);
#1151=VECTOR('',#4118,10.);
#1152=VECTOR('',#4119,10.);
#1153=VECTOR('',#4122,10.);
#1154=VECTOR('',#4123,10.);
#1155=VECTOR('',#4124,10.);
#1156=VECTOR('',#4125,10.);
#1157=VECTOR('',#4128,10.);
#1158=VECTOR('',#4131,10.);
#1159=VECTOR('',#4136,10.);
#1160=VECTOR('',#4137,10.);
#1161=VECTOR('',#4142,10.);
#1162=VECTOR('',#4143,10.);
#1163=VECTOR('',#4148,10.);
#1164=VECTOR('',#4149,10.);
#1165=VECTOR('',#4152,10.);
#1166=VECTOR('',#4153,10.);
#1167=VECTOR('',#4154,10.);
#1168=VECTOR('',#4157,10.);
#1169=VECTOR('',#4158,10.);
#1170=VECTOR('',#4161,10.);
#1171=VECTOR('',#4162,10.);
#1172=VECTOR('',#4163,10.);
#1173=VECTOR('',#4164,10.);
#1174=VECTOR('',#4167,10.);
#1175=VECTOR('',#4168,10.);
#1176=VECTOR('',#4169,10.);
#1177=VECTOR('',#4172,10.);
#1178=VECTOR('',#4173,10.);
#1179=VECTOR('',#4176,10.);
#1180=VECTOR('',#4177,10.);
#1181=VECTOR('',#4180,10.);
#1182=VECTOR('',#4183,10.);
#1183=VECTOR('',#4186,10.);
#1184=VECTOR('',#4191,10.);
#1185=VECTOR('',#4194,10.);
#1186=VECTOR('',#4199,10.);
#1187=VECTOR('',#4200,10.);
#1188=VECTOR('',#4203,10.);
#1189=VECTOR('',#4204,10.);
#1190=VECTOR('',#4207,10.);
#1191=VECTOR('',#4208,10.);
#1192=VECTOR('',#4209,10.);
#1193=VECTOR('',#4212,10.);
#1194=VECTOR('',#4213,10.);
#1195=VECTOR('',#4216,10.);
#1196=VECTOR('',#4219,10.);
#1197=VECTOR('',#4222,10.);
#1198=VECTOR('',#4225,10.);
#1199=VECTOR('',#4228,10.);
#1200=VECTOR('',#4229,10.);
#1201=VECTOR('',#4230,10.);
#1202=VECTOR('',#4231,10.);
#1203=VECTOR('',#4232,10.);
#1204=VECTOR('',#4233,10.);
#1205=VECTOR('',#4234,10.);
#1206=VECTOR('',#4235,10.);
#1207=VECTOR('',#4238,10.);
#1208=VECTOR('',#4243,10.);
#1209=VECTOR('',#4248,10.);
#1210=VECTOR('',#4249,10.);
#1211=VECTOR('',#4250,10.);
#1212=VECTOR('',#4253,10.);
#1213=VECTOR('',#4254,10.);
#1214=VECTOR('',#4257,10.);
#1215=VECTOR('',#4258,10.);
#1216=VECTOR('',#4261,10.);
#1217=VECTOR('',#4264,10.);
#1218=VECTOR('',#4265,10.);
#1219=VECTOR('',#4266,10.);
#1220=VECTOR('',#4267,10.);
#1221=VECTOR('',#4270,10.);
#1222=VECTOR('',#4271,10.);
#1223=VECTOR('',#4272,10.);
#1224=VECTOR('',#4275,10.);
#1225=VECTOR('',#4276,10.);
#1226=VECTOR('',#4279,10.);
#1227=VECTOR('',#4280,10.);
#1228=VECTOR('',#4283,10.);
#1229=VECTOR('',#4286,10.);
#1230=VECTOR('',#4287,10.);
#1231=VECTOR('',#4288,10.);
#1232=VECTOR('',#4289,10.);
#1233=VECTOR('',#4292,10.);
#1234=VECTOR('',#4293,10.);
#1235=VECTOR('',#4294,10.);
#1236=VECTOR('',#4297,10.);
#1237=VECTOR('',#4298,10.);
#1238=VECTOR('',#4301,10.);
#1239=VECTOR('',#4302,10.);
#1240=VECTOR('',#4303,10.);
#1241=VECTOR('',#4306,10.);
#1242=VECTOR('',#4307,10.);
#1243=VECTOR('',#4310,10.);
#1244=VECTOR('',#4311,10.);
#1245=VECTOR('',#4314,10.);
#1246=VECTOR('',#4317,10.);
#1247=VECTOR('',#4318,10.);
#1248=VECTOR('',#4321,10.);
#1249=VECTOR('',#4324,10.);
#1250=VECTOR('',#4325,10.);
#1251=VECTOR('',#4326,10.);
#1252=VECTOR('',#4331,10.);
#1253=VECTOR('',#4334,10.);
#1254=VECTOR('',#4335,10.);
#1255=VECTOR('',#4340,10.);
#1256=VECTOR('',#4343,10.);
#1257=VECTOR('',#4344,10.);
#1258=VECTOR('',#4349,10.);
#1259=VECTOR('',#4352,10.);
#1260=VECTOR('',#4353,10.);
#1261=VECTOR('',#4360,10.);
#1262=VECTOR('',#4363,10.);
#1263=VECTOR('',#4366,10.);
#1264=VECTOR('',#4367,10.);
#1265=VECTOR('',#4370,10.);
#1266=VECTOR('',#4375,10.);
#1267=VECTOR('',#4376,10.);
#1268=VECTOR('',#4381,10.);
#1269=VECTOR('',#4384,10.);
#1270=VECTOR('',#4387,10.);
#1271=VECTOR('',#4388,10.);
#1272=VECTOR('',#4391,10.);
#1273=VECTOR('',#4398,1.5);
#1274=VECTOR('',#4405,2.6);
#1275=VECTOR('',#4412,10.);
#1276=VECTOR('',#4413,10.);
#1277=VECTOR('',#4414,10.);
#1278=VECTOR('',#4415,10.);
#1279=VECTOR('',#4426,1.5);
#1280=VECTOR('',#4431,2.6);
#1281=VECTOR('',#4442,1.5);
#1282=VECTOR('',#4447,2.6);
#1283=VECTOR('',#4458,1.5);
#1284=VECTOR('',#4463,2.6);
#1285=VECTOR('',#4472,10.);
#1286=VECTOR('',#4473,10.);
#1287=VECTOR('',#4476,10.);
#1288=VECTOR('',#4479,10.);
#1289=VERTEX_POINT('',#4488);
#1290=VERTEX_POINT('',#4489);
#1291=VERTEX_POINT('',#4491);
#1292=VERTEX_POINT('',#4493);
#1293=VERTEX_POINT('',#4497);
#1294=VERTEX_POINT('',#4498);
#1295=VERTEX_POINT('',#4500);
#1296=VERTEX_POINT('',#4502);
#1297=VERTEX_POINT('',#4506);
#1298=VERTEX_POINT('',#4507);
#1299=VERTEX_POINT('',#4509);
#1300=VERTEX_POINT('',#4511);
#1301=VERTEX_POINT('',#4515);
#1302=VERTEX_POINT('',#4516);
#1303=VERTEX_POINT('',#4518);
#1304=VERTEX_POINT('',#4520);
#1305=VERTEX_POINT('',#4528);
#1306=VERTEX_POINT('',#4529);
#1307=VERTEX_POINT('',#4531);
#1308=VERTEX_POINT('',#4533);
#1309=VERTEX_POINT('',#4537);
#1310=VERTEX_POINT('',#4539);
#1311=VERTEX_POINT('',#4541);
#1312=VERTEX_POINT('',#4543);
#1313=VERTEX_POINT('',#4545);
#1314=VERTEX_POINT('',#4547);
#1315=VERTEX_POINT('',#4549);
#1316=VERTEX_POINT('',#4551);
#1317=VERTEX_POINT('',#4553);
#1318=VERTEX_POINT('',#4555);
#1319=VERTEX_POINT('',#4557);
#1320=VERTEX_POINT('',#4559);
#1321=VERTEX_POINT('',#4561);
#1322=VERTEX_POINT('',#4563);
#1323=VERTEX_POINT('',#4565);
#1324=VERTEX_POINT('',#4567);
#1325=VERTEX_POINT('',#4569);
#1326=VERTEX_POINT('',#4571);
#1327=VERTEX_POINT('',#4575);
#1328=VERTEX_POINT('',#4577);
#1329=VERTEX_POINT('',#4579);
#1330=VERTEX_POINT('',#4581);
#1331=VERTEX_POINT('',#4583);
#1332=VERTEX_POINT('',#4585);
#1333=VERTEX_POINT('',#4587);
#1334=VERTEX_POINT('',#4589);
#1335=VERTEX_POINT('',#4591);
#1336=VERTEX_POINT('',#4595);
#1337=VERTEX_POINT('',#4597);
#1338=VERTEX_POINT('',#4599);
#1339=VERTEX_POINT('',#4601);
#1340=VERTEX_POINT('',#4605);
#1341=VERTEX_POINT('',#4609);
#1342=VERTEX_POINT('',#4611);
#1343=VERTEX_POINT('',#4615);
#1344=VERTEX_POINT('',#4617);
#1345=VERTEX_POINT('',#4621);
#1346=VERTEX_POINT('',#4625);
#1347=VERTEX_POINT('',#4627);
#1348=VERTEX_POINT('',#4631);
#1349=VERTEX_POINT('',#4632);
#1350=VERTEX_POINT('',#4634);
#1351=VERTEX_POINT('',#4636);
#1352=VERTEX_POINT('',#4640);
#1353=VERTEX_POINT('',#4642);
#1354=VERTEX_POINT('',#4646);
#1355=VERTEX_POINT('',#4648);
#1356=VERTEX_POINT('',#4655);
#1357=VERTEX_POINT('',#4657);
#1358=VERTEX_POINT('',#4661);
#1359=VERTEX_POINT('',#4663);
#1360=VERTEX_POINT('',#4668);
#1361=VERTEX_POINT('',#4670);
#1362=VERTEX_POINT('',#4672);
#1363=VERTEX_POINT('',#4674);
#1364=VERTEX_POINT('',#4677);
#1365=VERTEX_POINT('',#4680);
#1366=VERTEX_POINT('',#4682);
#1367=VERTEX_POINT('',#4686);
#1368=VERTEX_POINT('',#4692);
#1369=VERTEX_POINT('',#4694);
#1370=VERTEX_POINT('',#4698);
#1371=VERTEX_POINT('',#4700);
#1372=VERTEX_POINT('',#4705);
#1373=VERTEX_POINT('',#4708);
#1374=VERTEX_POINT('',#4711);
#1375=VERTEX_POINT('',#4714);
#1376=VERTEX_POINT('',#4716);
#1377=VERTEX_POINT('',#4720);
#1378=VERTEX_POINT('',#4726);
#1379=VERTEX_POINT('',#4727);
#1380=VERTEX_POINT('',#4732);
#1381=VERTEX_POINT('',#4733);
#1382=VERTEX_POINT('',#4738);
#1383=VERTEX_POINT('',#4742);
#1384=VERTEX_POINT('',#4743);
#1385=VERTEX_POINT('',#4745);
#1386=VERTEX_POINT('',#4749);
#1387=VERTEX_POINT('',#4750);
#1388=VERTEX_POINT('',#4752);
#1389=VERTEX_POINT('',#4758);
#1390=VERTEX_POINT('',#4759);
#1391=VERTEX_POINT('',#4761);
#1392=VERTEX_POINT('',#4765);
#1393=VERTEX_POINT('',#4766);
#1394=VERTEX_POINT('',#4768);
#1395=VERTEX_POINT('',#4772);
#1396=VERTEX_POINT('',#4775);
#1397=VERTEX_POINT('',#4777);
#1398=VERTEX_POINT('',#4779);
#1399=VERTEX_POINT('',#4781);
#1400=VERTEX_POINT('',#4783);
#1401=VERTEX_POINT('',#4788);
#1402=VERTEX_POINT('',#4790);
#1403=VERTEX_POINT('',#4798);
#1404=VERTEX_POINT('',#4803);
#1405=VERTEX_POINT('',#4805);
#1406=VERTEX_POINT('',#4807);
#1407=VERTEX_POINT('',#4817);
#1408=VERTEX_POINT('',#4819);
#1409=VERTEX_POINT('',#4821);
#1410=VERTEX_POINT('',#4823);
#1411=VERTEX_POINT('',#4827);
#1412=VERTEX_POINT('',#4830);
#1413=VERTEX_POINT('',#4832);
#1414=VERTEX_POINT('',#4834);
#1415=VERTEX_POINT('',#4841);
#1416=VERTEX_POINT('',#4842);
#1417=VERTEX_POINT('',#4844);
#1418=VERTEX_POINT('',#4849);
#1419=VERTEX_POINT('',#4854);
#1420=VERTEX_POINT('',#4855);
#1421=VERTEX_POINT('',#4857);
#1422=VERTEX_POINT('',#4861);
#1423=VERTEX_POINT('',#4871);
#1424=VERTEX_POINT('',#4877);
#1425=VERTEX_POINT('',#4878);
#1426=VERTEX_POINT('',#4883);
#1427=VERTEX_POINT('',#4887);
#1428=VERTEX_POINT('',#4889);
#1429=VERTEX_POINT('',#4899);
#1430=VERTEX_POINT('',#4900);
#1431=VERTEX_POINT('',#4910);
#1432=VERTEX_POINT('',#4912);
#1433=VERTEX_POINT('',#4926);
#1434=VERTEX_POINT('',#4927);
#1435=VERTEX_POINT('',#4932);
#1436=VERTEX_POINT('',#4939);
#1437=VERTEX_POINT('',#4941);
#1438=VERTEX_POINT('',#4946);
#1439=VERTEX_POINT('',#4953);
#1440=VERTEX_POINT('',#4955);
#1441=VERTEX_POINT('',#4967);
#1442=VERTEX_POINT('',#4974);
#1443=VERTEX_POINT('',#4988);
#1444=VERTEX_POINT('',#4990);
#1445=VERTEX_POINT('',#4994);
#1446=VERTEX_POINT('',#4996);
#1447=VERTEX_POINT('',#5000);
#1448=VERTEX_POINT('',#5002);
#1449=VERTEX_POINT('',#5006);
#1450=VERTEX_POINT('',#5008);
#1451=VERTEX_POINT('',#5012);
#1452=VERTEX_POINT('',#5015);
#1453=VERTEX_POINT('',#5021);
#1454=VERTEX_POINT('',#5026);
#1455=VERTEX_POINT('',#5034);
#1456=VERTEX_POINT('',#5036);
#1457=VERTEX_POINT('',#5040);
#1458=VERTEX_POINT('',#5044);
#1459=VERTEX_POINT('',#5046);
#1460=VERTEX_POINT('',#5061);
#1461=VERTEX_POINT('',#5075);
#1462=VERTEX_POINT('',#5076);
#1463=VERTEX_POINT('',#5078);
#1464=VERTEX_POINT('',#5080);
#1465=VERTEX_POINT('',#5084);
#1466=VERTEX_POINT('',#5086);
#1467=VERTEX_POINT('',#5090);
#1468=VERTEX_POINT('',#5092);
#1469=VERTEX_POINT('',#5099);
#1470=VERTEX_POINT('',#5100);
#1471=VERTEX_POINT('',#5102);
#1472=VERTEX_POINT('',#5104);
#1473=VERTEX_POINT('',#5108);
#1474=VERTEX_POINT('',#5109);
#1475=VERTEX_POINT('',#5111);
#1476=VERTEX_POINT('',#5113);
#1477=VERTEX_POINT('',#5117);
#1478=VERTEX_POINT('',#5119);
#1479=VERTEX_POINT('',#5123);
#1480=VERTEX_POINT('',#5125);
#1481=VERTEX_POINT('',#5132);
#1482=VERTEX_POINT('',#5134);
#1483=VERTEX_POINT('',#5138);
#1484=VERTEX_POINT('',#5142);
#1485=VERTEX_POINT('',#5143);
#1486=VERTEX_POINT('',#5145);
#1487=VERTEX_POINT('',#5147);
#1488=VERTEX_POINT('',#5151);
#1489=VERTEX_POINT('',#5152);
#1490=VERTEX_POINT('',#5157);
#1491=VERTEX_POINT('',#5161);
#1492=VERTEX_POINT('',#5167);
#1493=VERTEX_POINT('',#5168);
#1494=VERTEX_POINT('',#5170);
#1495=VERTEX_POINT('',#5172);
#1496=VERTEX_POINT('',#5176);
#1497=VERTEX_POINT('',#5177);
#1498=VERTEX_POINT('',#5179);
#1499=VERTEX_POINT('',#5181);
#1500=VERTEX_POINT('',#5191);
#1501=VERTEX_POINT('',#5199);
#1502=VERTEX_POINT('',#5200);
#1503=VERTEX_POINT('',#5202);
#1504=VERTEX_POINT('',#5204);
#1505=VERTEX_POINT('',#5206);
#1506=VERTEX_POINT('',#5208);
#1507=VERTEX_POINT('',#5210);
#1508=VERTEX_POINT('',#5212);
#1509=VERTEX_POINT('',#5215);
#1510=VERTEX_POINT('',#5216);
#1511=VERTEX_POINT('',#5218);
#1512=VERTEX_POINT('',#5220);
#1513=VERTEX_POINT('',#5223);
#1514=VERTEX_POINT('',#5224);
#1515=VERTEX_POINT('',#5226);
#1516=VERTEX_POINT('',#5228);
#1517=VERTEX_POINT('',#5238);
#1518=VERTEX_POINT('',#5240);
#1519=VERTEX_POINT('',#5244);
#1520=VERTEX_POINT('',#5248);
#1521=VERTEX_POINT('',#5254);
#1522=VERTEX_POINT('',#5255);
#1523=VERTEX_POINT('',#5257);
#1524=VERTEX_POINT('',#5259);
#1525=VERTEX_POINT('',#5263);
#1526=VERTEX_POINT('',#5265);
#1527=VERTEX_POINT('',#5269);
#1528=VERTEX_POINT('',#5273);
#1529=VERTEX_POINT('',#5279);
#1530=VERTEX_POINT('',#5280);
#1531=VERTEX_POINT('',#5282);
#1532=VERTEX_POINT('',#5284);
#1533=VERTEX_POINT('',#5288);
#1534=VERTEX_POINT('',#5290);
#1535=VERTEX_POINT('',#5294);
#1536=VERTEX_POINT('',#5298);
#1537=VERTEX_POINT('',#5300);
#1538=VERTEX_POINT('',#5304);
#1539=VERTEX_POINT('',#5308);
#1540=VERTEX_POINT('',#5314);
#1541=VERTEX_POINT('',#5320);
#1542=VERTEX_POINT('',#5322);
#1543=VERTEX_POINT('',#5326);
#1544=VERTEX_POINT('',#5330);
#1545=VERTEX_POINT('',#5334);
#1546=VERTEX_POINT('',#5338);
#1547=VERTEX_POINT('',#5342);
#1548=VERTEX_POINT('',#5346);
#1549=VERTEX_POINT('',#5352);
#1550=VERTEX_POINT('',#5354);
#1551=VERTEX_POINT('',#5358);
#1552=VERTEX_POINT('',#5362);
#1553=VERTEX_POINT('',#5366);
#1554=VERTEX_POINT('',#5370);
#1555=VERTEX_POINT('',#5372);
#1556=VERTEX_POINT('',#5374);
#1557=VERTEX_POINT('',#5384);
#1558=VERTEX_POINT('',#5386);
#1559=VERTEX_POINT('',#5390);
#1560=VERTEX_POINT('',#5392);
#1561=VERTEX_POINT('',#5397);
#1562=VERTEX_POINT('',#5398);
#1563=VERTEX_POINT('',#5400);
#1564=VERTEX_POINT('',#5402);
#1565=VERTEX_POINT('',#5405);
#1566=VERTEX_POINT('',#5407);
#1567=VERTEX_POINT('',#5409);
#1568=VERTEX_POINT('',#5412);
#1569=VERTEX_POINT('',#5414);
#1570=VERTEX_POINT('',#5418);
#1571=VERTEX_POINT('',#5424);
#1572=VERTEX_POINT('',#5426);
#1573=VERTEX_POINT('',#5430);
#1574=VERTEX_POINT('',#5436);
#1575=VERTEX_POINT('',#5438);
#1576=VERTEX_POINT('',#5442);
#1577=EDGE_CURVE('',#1289,#1290,#673,.T.);
#1578=EDGE_CURVE('',#1291,#1289,#674,.T.);
#1579=EDGE_CURVE('',#1292,#1291,#675,.T.);
#1580=EDGE_CURVE('',#1290,#1292,#676,.T.);
#1581=EDGE_CURVE('',#1293,#1294,#677,.T.);
#1582=EDGE_CURVE('',#1295,#1293,#678,.T.);
#1583=EDGE_CURVE('',#1296,#1295,#679,.T.);
#1584=EDGE_CURVE('',#1294,#1296,#680,.T.);
#1585=EDGE_CURVE('',#1297,#1298,#681,.T.);
#1586=EDGE_CURVE('',#1299,#1297,#682,.T.);
#1587=EDGE_CURVE('',#1300,#1299,#683,.T.);
#1588=EDGE_CURVE('',#1298,#1300,#684,.T.);
#1589=EDGE_CURVE('',#1301,#1302,#685,.T.);
#1590=EDGE_CURVE('',#1303,#1301,#686,.T.);
#1591=EDGE_CURVE('',#1304,#1303,#687,.T.);
#1592=EDGE_CURVE('',#1302,#1304,#688,.T.);
#1593=EDGE_CURVE('',#1298,#1289,#141,.T.);
#1594=EDGE_CURVE('',#1302,#1300,#142,.T.);
#1595=EDGE_CURVE('',#1295,#1304,#143,.T.);
#1596=EDGE_CURVE('',#1291,#1293,#144,.T.);
#1597=EDGE_CURVE('',#1305,#1306,#689,.T.);
#1598=EDGE_CURVE('',#1307,#1305,#690,.T.);
#1599=EDGE_CURVE('',#1308,#1307,#691,.T.);
#1600=EDGE_CURVE('',#1306,#1308,#692,.T.);
#1601=EDGE_CURVE('',#1309,#1308,#693,.F.);
#1602=EDGE_CURVE('',#1309,#1310,#694,.T.);
#1603=EDGE_CURVE('',#1310,#1311,#695,.T.);
#1604=EDGE_CURVE('',#1311,#1312,#696,.T.);
#1605=EDGE_CURVE('',#1312,#1313,#697,.T.);
#1606=EDGE_CURVE('',#1313,#1314,#698,.T.);
#1607=EDGE_CURVE('',#1314,#1315,#699,.T.);
#1608=EDGE_CURVE('',#1316,#1315,#145,.F.);
#1609=EDGE_CURVE('',#1316,#1317,#700,.T.);
#1610=EDGE_CURVE('',#1317,#1318,#701,.T.);
#1611=EDGE_CURVE('',#1318,#1319,#702,.T.);
#1612=EDGE_CURVE('',#1320,#1319,#146,.F.);
#1613=EDGE_CURVE('',#1320,#1321,#703,.T.);
#1614=EDGE_CURVE('',#1321,#1322,#704,.T.);
#1615=EDGE_CURVE('',#1322,#1323,#705,.T.);
#1616=EDGE_CURVE('',#1323,#1324,#706,.T.);
#1617=EDGE_CURVE('',#1324,#1325,#707,.T.);
#1618=EDGE_CURVE('',#1325,#1326,#708,.T.);
#1619=EDGE_CURVE('',#1326,#1306,#709,.T.);
#1620=EDGE_CURVE('',#1327,#1307,#710,.F.);
#1621=EDGE_CURVE('',#1327,#1328,#711,.T.);
#1622=EDGE_CURVE('',#1328,#1329,#712,.T.);
#1623=EDGE_CURVE('',#1329,#1330,#713,.T.);
#1624=EDGE_CURVE('',#1330,#1331,#714,.T.);
#1625=EDGE_CURVE('',#1331,#1332,#715,.T.);
#1626=EDGE_CURVE('',#1332,#1333,#716,.T.);
#1627=EDGE_CURVE('',#1333,#1334,#717,.T.);
#1628=EDGE_CURVE('',#1334,#1335,#718,.T.);
#1629=EDGE_CURVE('',#1335,#1309,#719,.T.);
#1630=EDGE_CURVE('',#1294,#1336,#147,.T.);
#1631=EDGE_CURVE('',#1336,#1337,#720,.T.);
#1632=EDGE_CURVE('',#1337,#1338,#148,.F.);
#1633=EDGE_CURVE('',#1338,#1339,#721,.T.);
#1634=EDGE_CURVE('',#1339,#1292,#149,.T.);
#1635=EDGE_CURVE('',#1340,#1296,#150,.T.);
#1636=EDGE_CURVE('',#1340,#1336,#722,.T.);
#1637=EDGE_CURVE('',#1341,#1301,#151,.T.);
#1638=EDGE_CURVE('',#1341,#1342,#723,.T.);
#1639=EDGE_CURVE('',#1303,#1342,#152,.T.);
#1640=EDGE_CURVE('',#1343,#1297,#153,.T.);
#1641=EDGE_CURVE('',#1343,#1344,#724,.T.);
#1642=EDGE_CURVE('',#1299,#1344,#154,.T.);
#1643=EDGE_CURVE('',#1339,#1345,#725,.T.);
#1644=EDGE_CURVE('',#1290,#1345,#155,.T.);
#1645=EDGE_CURVE('',#1342,#1346,#726,.T.);
#1646=EDGE_CURVE('',#1346,#1347,#156,.F.);
#1647=EDGE_CURVE('',#1347,#1340,#727,.T.);
#1648=EDGE_CURVE('',#1348,#1349,#728,.T.);
#1649=EDGE_CURVE('',#1350,#1348,#729,.T.);
#1650=EDGE_CURVE('',#1351,#1350,#730,.T.);
#1651=EDGE_CURVE('',#1351,#1349,#731,.T.);
#1652=EDGE_CURVE('',#1349,#1352,#157,.T.);
#1653=EDGE_CURVE('',#1353,#1351,#158,.T.);
#1654=EDGE_CURVE('',#1353,#1352,#732,.T.);
#1655=EDGE_CURVE('',#1352,#1354,#733,.T.);
#1656=EDGE_CURVE('',#1355,#1353,#734,.T.);
#1657=EDGE_CURVE('',#1355,#1354,#735,.T.);
#1658=EDGE_CURVE('',#1354,#1348,#159,.T.);
#1659=EDGE_CURVE('',#1350,#1355,#160,.T.);
#1660=EDGE_CURVE('',#1356,#1356,#161,.F.);
#1661=EDGE_CURVE('',#1356,#1357,#736,.T.);
#1662=EDGE_CURVE('',#1357,#1357,#162,.T.);
#1663=EDGE_CURVE('',#1358,#1358,#163,.F.);
#1664=EDGE_CURVE('',#1358,#1359,#737,.T.);
#1665=EDGE_CURVE('',#1359,#1359,#164,.T.);
#1666=EDGE_CURVE('',#1321,#1360,#738,.T.);
#1667=EDGE_CURVE('',#1361,#1360,#739,.T.);
#1668=EDGE_CURVE('',#1362,#1361,#165,.F.);
#1669=EDGE_CURVE('',#1363,#1362,#740,.T.);
#1670=EDGE_CURVE('',#1322,#1363,#166,.F.);
#1671=EDGE_CURVE('',#1364,#1364,#167,.T.);
#1672=EDGE_CURVE('',#1365,#1365,#168,.F.);
#1673=EDGE_CURVE('',#1365,#1366,#741,.T.);
#1674=EDGE_CURVE('',#1366,#1366,#169,.T.);
#1675=EDGE_CURVE('',#1367,#1367,#170,.F.);
#1676=EDGE_CURVE('',#1367,#1364,#742,.T.);
#1677=EDGE_CURVE('',#1368,#1368,#171,.F.);
#1678=EDGE_CURVE('',#1368,#1369,#743,.T.);
#1679=EDGE_CURVE('',#1369,#1369,#172,.T.);
#1680=EDGE_CURVE('',#1370,#1370,#173,.F.);
#1681=EDGE_CURVE('',#1370,#1371,#744,.T.);
#1682=EDGE_CURVE('',#1371,#1371,#174,.T.);
#1683=EDGE_CURVE('',#1372,#1314,#745,.T.);
#1684=EDGE_CURVE('',#1332,#1313,#175,.F.);
#1685=EDGE_CURVE('',#1373,#1331,#176,.F.);
#1686=EDGE_CURVE('',#1372,#1373,#746,.T.);
#1687=EDGE_CURVE('',#1374,#1374,#177,.T.);
#1688=EDGE_CURVE('',#1375,#1375,#178,.F.);
#1689=EDGE_CURVE('',#1375,#1376,#747,.T.);
#1690=EDGE_CURVE('',#1376,#1376,#179,.T.);
#1691=EDGE_CURVE('',#1377,#1377,#180,.F.);
#1692=EDGE_CURVE('',#1377,#1374,#748,.T.);
#1693=EDGE_CURVE('',#1378,#1379,#181,.F.);
#1694=EDGE_CURVE('',#1379,#1320,#749,.T.);
#1695=EDGE_CURVE('',#1319,#1378,#750,.T.);
#1696=EDGE_CURVE('',#1380,#1381,#182,.F.);
#1697=EDGE_CURVE('',#1381,#1316,#751,.T.);
#1698=EDGE_CURVE('',#1380,#1315,#752,.T.);
#1699=EDGE_CURVE('',#1382,#1381,#753,.T.);
#1700=EDGE_CURVE('',#1317,#1382,#754,.T.);
#1701=EDGE_CURVE('',#1383,#1384,#183,.T.);
#1702=EDGE_CURVE('',#1385,#1383,#755,.T.);
#1703=EDGE_CURVE('',#1385,#1384,#756,.T.);
#1704=EDGE_CURVE('',#1386,#1387,#184,.T.);
#1705=EDGE_CURVE('',#1386,#1388,#757,.T.);
#1706=EDGE_CURVE('',#1388,#1387,#758,.T.);
#1707=EDGE_CURVE('',#1380,#1372,#759,.T.);
#1708=EDGE_CURVE('',#1389,#1390,#185,.T.);
#1709=EDGE_CURVE('',#1391,#1389,#760,.T.);
#1710=EDGE_CURVE('',#1391,#1390,#761,.T.);
#1711=EDGE_CURVE('',#1392,#1393,#186,.T.);
#1712=EDGE_CURVE('',#1394,#1392,#762,.T.);
#1713=EDGE_CURVE('',#1393,#1394,#763,.T.);
#1714=EDGE_CURVE('',#1395,#1392,#764,.T.);
#1715=EDGE_CURVE('',#1344,#1395,#765,.T.);
#1716=EDGE_CURVE('',#1396,#1343,#766,.T.);
#1717=EDGE_CURVE('',#1397,#1396,#767,.T.);
#1718=EDGE_CURVE('',#1398,#1397,#768,.T.);
#1719=EDGE_CURVE('',#1399,#1398,#769,.T.);
#1720=EDGE_CURVE('',#1399,#1400,#770,.T.);
#1721=EDGE_CURVE('',#1387,#1400,#771,.T.);
#1722=EDGE_CURVE('',#1394,#1388,#772,.T.);
#1723=EDGE_CURVE('',#1393,#1401,#773,.T.);
#1724=EDGE_CURVE('',#1401,#1402,#33,.T.);
#1725=EDGE_CURVE('',#1402,#1403,#774,.T.);
#1726=EDGE_CURVE('',#1403,#1395,#187,.F.);
#1727=EDGE_CURVE('',#1390,#1347,#775,.T.);
#1728=EDGE_CURVE('',#1347,#1404,#188,.F.);
#1729=EDGE_CURVE('',#1404,#1405,#776,.T.);
#1730=EDGE_CURVE('',#1405,#1406,#34,.T.);
#1731=EDGE_CURVE('',#1406,#1389,#777,.T.);
#1732=EDGE_CURVE('',#1407,#1305,#778,.F.);
#1733=EDGE_CURVE('',#1407,#1408,#779,.T.);
#1734=EDGE_CURVE('',#1408,#1409,#780,.T.);
#1735=EDGE_CURVE('',#1409,#1410,#781,.T.);
#1736=EDGE_CURVE('',#1410,#1361,#782,.T.);
#1737=EDGE_CURVE('',#1360,#1379,#783,.T.);
#1738=EDGE_CURVE('',#1378,#1411,#784,.T.);
#1739=EDGE_CURVE('',#1411,#1382,#785,.T.);
#1740=EDGE_CURVE('',#1373,#1412,#786,.T.);
#1741=EDGE_CURVE('',#1412,#1413,#787,.T.);
#1742=EDGE_CURVE('',#1413,#1414,#788,.T.);
#1743=EDGE_CURVE('',#1414,#1327,#789,.T.);
#1744=EDGE_CURVE('',#1411,#1318,#790,.T.);
#1745=EDGE_CURVE('',#1415,#1416,#189,.T.);
#1746=EDGE_CURVE('',#1417,#1415,#791,.T.);
#1747=EDGE_CURVE('',#1417,#1416,#792,.T.);
#1748=EDGE_CURVE('',#1418,#1397,#190,.T.);
#1749=EDGE_CURVE('',#1418,#1398,#793,.T.);
#1750=EDGE_CURVE('',#1419,#1420,#191,.T.);
#1751=EDGE_CURVE('',#1421,#1419,#794,.T.);
#1752=EDGE_CURVE('',#1421,#1420,#795,.T.);
#1753=EDGE_CURVE('',#1400,#1422,#192,.T.);
#1754=EDGE_CURVE('',#1422,#1399,#796,.T.);
#1755=EDGE_CURVE('',#1422,#1386,#797,.T.);
#1756=EDGE_CURVE('',#1384,#1419,#798,.T.);
#1757=EDGE_CURVE('',#1420,#1383,#799,.T.);
#1758=EDGE_CURVE('',#1423,#1337,#193,.F.);
#1759=EDGE_CURVE('',#1338,#1423,#194,.F.);
#1760=EDGE_CURVE('',#1404,#1346,#195,.F.);
#1761=EDGE_CURVE('',#1424,#1425,#196,.F.);
#1762=EDGE_CURVE('',#1396,#1424,#197,.F.);
#1763=EDGE_CURVE('',#1425,#1396,#198,.F.);
#1764=EDGE_CURVE('',#1395,#1426,#199,.F.);
#1765=EDGE_CURVE('',#1426,#1403,#200,.F.);
#1766=EDGE_CURVE('',#1424,#1427,#800,.T.);
#1767=EDGE_CURVE('',#1427,#1428,#35,.T.);
#1768=EDGE_CURVE('',#1428,#1418,#801,.T.);
#1769=EDGE_CURVE('',#1429,#1430,#36,.T.);
#1770=EDGE_CURVE('',#1430,#1404,#802,.T.);
#1771=EDGE_CURVE('',#1346,#1426,#803,.T.);
#1772=EDGE_CURVE('',#1403,#1431,#804,.T.);
#1773=EDGE_CURVE('',#1431,#1432,#37,.T.);
#1774=EDGE_CURVE('',#1432,#1429,#805,.T.);
#1775=EDGE_CURVE('',#1426,#1341,#806,.T.);
#1776=EDGE_CURVE('',#1345,#1425,#807,.T.);
#1777=EDGE_CURVE('',#1433,#1434,#38,.T.);
#1778=EDGE_CURVE('',#1434,#1435,#39,.T.);
#1779=EDGE_CURVE('',#1435,#1424,#808,.T.);
#1780=EDGE_CURVE('',#1425,#1338,#809,.T.);
#1781=EDGE_CURVE('',#1423,#1436,#810,.T.);
#1782=EDGE_CURVE('',#1436,#1437,#40,.T.);
#1783=EDGE_CURVE('',#1437,#1438,#41,.T.);
#1784=EDGE_CURVE('',#1438,#1433,#811,.T.);
#1785=EDGE_CURVE('',#1416,#1439,#812,.T.);
#1786=EDGE_CURVE('',#1439,#1440,#42,.T.);
#1787=EDGE_CURVE('',#1440,#1423,#813,.T.);
#1788=EDGE_CURVE('',#1337,#1415,#814,.T.);
#1789=EDGE_CURVE('',#1435,#1427,#201,.T.);
#1790=EDGE_CURVE('',#1434,#1441,#815,.T.);
#1791=EDGE_CURVE('',#1441,#1441,#202,.T.);
#1792=EDGE_CURVE('',#1428,#1433,#203,.T.);
#1793=EDGE_CURVE('',#1440,#1436,#204,.T.);
#1794=EDGE_CURVE('',#1438,#1439,#205,.T.);
#1795=EDGE_CURVE('',#1437,#1442,#816,.T.);
#1796=EDGE_CURVE('',#1442,#1442,#206,.T.);
#1797=EDGE_CURVE('',#1430,#1405,#207,.T.);
#1798=EDGE_CURVE('',#1402,#1431,#208,.T.);
#1799=EDGE_CURVE('',#1421,#1417,#817,.T.);
#1800=EDGE_CURVE('',#1391,#1385,#818,.T.);
#1801=EDGE_CURVE('',#1443,#1443,#209,.T.);
#1802=EDGE_CURVE('',#1443,#1444,#819,.T.);
#1803=EDGE_CURVE('',#1444,#1444,#210,.T.);
#1804=EDGE_CURVE('',#1445,#1445,#211,.T.);
#1805=EDGE_CURVE('',#1445,#1446,#820,.T.);
#1806=EDGE_CURVE('',#1446,#1446,#212,.T.);
#1807=EDGE_CURVE('',#1447,#1447,#213,.T.);
#1808=EDGE_CURVE('',#1447,#1448,#821,.T.);
#1809=EDGE_CURVE('',#1448,#1448,#214,.T.);
#1810=EDGE_CURVE('',#1449,#1449,#215,.T.);
#1811=EDGE_CURVE('',#1449,#1450,#822,.T.);
#1812=EDGE_CURVE('',#1450,#1450,#216,.T.);
#1813=EDGE_CURVE('',#1406,#1451,#217,.T.);
#1814=EDGE_CURVE('',#1451,#1429,#218,.T.);
#1815=EDGE_CURVE('',#1432,#1452,#219,.T.);
#1816=EDGE_CURVE('',#1452,#1401,#220,.T.);
#1817=EDGE_CURVE('',#1453,#1453,#221,.T.);
#1818=EDGE_CURVE('',#1451,#1453,#823,.T.);
#1819=EDGE_CURVE('',#1454,#1454,#222,.T.);
#1820=EDGE_CURVE('',#1452,#1454,#824,.T.);
#1821=EDGE_CURVE('',#1328,#1414,#223,.F.);
#1822=EDGE_CURVE('',#1409,#1455,#224,.F.);
#1823=EDGE_CURVE('',#1456,#1455,#825,.T.);
#1824=EDGE_CURVE('',#1456,#1410,#225,.F.);
#1825=EDGE_CURVE('',#1408,#1457,#226,.F.);
#1826=EDGE_CURVE('',#1455,#1457,#826,.T.);
#1827=EDGE_CURVE('',#1323,#1458,#227,.F.);
#1828=EDGE_CURVE('',#1459,#1458,#827,.T.);
#1829=EDGE_CURVE('',#1459,#1324,#228,.F.);
#1830=EDGE_CURVE('',#1458,#1363,#828,.T.);
#1831=EDGE_CURVE('',#1329,#1413,#229,.F.);
#1832=EDGE_CURVE('',#1412,#1330,#230,.F.);
#1833=EDGE_CURVE('',#1311,#1334,#231,.F.);
#1834=EDGE_CURVE('',#1333,#1312,#232,.F.);
#1835=EDGE_CURVE('',#1310,#1335,#233,.F.);
#1836=EDGE_CURVE('',#1326,#1460,#829,.T.);
#1837=EDGE_CURVE('',#1460,#1325,#234,.F.);
#1838=EDGE_CURVE('',#1457,#1407,#830,.T.);
#1839=EDGE_CURVE('',#1460,#1459,#831,.T.);
#1840=EDGE_CURVE('',#1362,#1456,#832,.T.);
#1841=EDGE_CURVE('',#1461,#1462,#833,.T.);
#1842=EDGE_CURVE('',#1461,#1463,#834,.T.);
#1843=EDGE_CURVE('',#1464,#1463,#835,.T.);
#1844=EDGE_CURVE('',#1462,#1464,#836,.T.);
#1845=EDGE_CURVE('',#1462,#1465,#837,.T.);
#1846=EDGE_CURVE('',#1466,#1464,#838,.T.);
#1847=EDGE_CURVE('',#1465,#1466,#839,.T.);
#1848=EDGE_CURVE('',#1465,#1467,#840,.T.);
#1849=EDGE_CURVE('',#1468,#1466,#841,.T.);
#1850=EDGE_CURVE('',#1467,#1468,#842,.T.);
#1851=EDGE_CURVE('',#1467,#1461,#843,.T.);
#1852=EDGE_CURVE('',#1463,#1468,#844,.T.);
#1853=EDGE_CURVE('',#1469,#1470,#845,.T.);
#1854=EDGE_CURVE('',#1471,#1469,#846,.T.);
#1855=EDGE_CURVE('',#1472,#1471,#847,.T.);
#1856=EDGE_CURVE('',#1470,#1472,#848,.T.);
#1857=EDGE_CURVE('',#1473,#1474,#849,.T.);
#1858=EDGE_CURVE('',#1474,#1475,#17,.T.);
#1859=EDGE_CURVE('',#1475,#1476,#850,.T.);
#1860=EDGE_CURVE('',#1476,#1473,#18,.T.);
#1861=EDGE_CURVE('',#1477,#1475,#851,.T.);
#1862=EDGE_CURVE('',#1474,#1478,#852,.T.);
#1863=EDGE_CURVE('',#1477,#1478,#19,.T.);
#1864=EDGE_CURVE('',#1479,#1473,#853,.T.);
#1865=EDGE_CURVE('',#1476,#1480,#854,.T.);
#1866=EDGE_CURVE('',#1480,#1479,#20,.T.);
#1867=EDGE_CURVE('',#1478,#1479,#855,.T.);
#1868=EDGE_CURVE('',#1480,#1477,#856,.T.);
#1869=EDGE_CURVE('',#1476,#1481,#857,.T.);
#1870=EDGE_CURVE('',#1482,#1481,#858,.T.);
#1871=EDGE_CURVE('',#1482,#1480,#859,.T.);
#1872=EDGE_CURVE('',#1475,#1483,#860,.T.);
#1873=EDGE_CURVE('',#1481,#1483,#861,.T.);
#1874=EDGE_CURVE('',#1484,#1485,#862,.F.);
#1875=EDGE_CURVE('',#1485,#1486,#863,.F.);
#1876=EDGE_CURVE('',#1486,#1487,#864,.F.);
#1877=EDGE_CURVE('',#1487,#1484,#865,.F.);
#1878=EDGE_CURVE('',#1488,#1489,#866,.T.);
#1879=EDGE_CURVE('',#1488,#1484,#867,.T.);
#1880=EDGE_CURVE('',#1489,#1487,#868,.F.);
#1881=EDGE_CURVE('',#1489,#1490,#869,.T.);
#1882=EDGE_CURVE('',#1490,#1486,#870,.F.);
#1883=EDGE_CURVE('',#1490,#1491,#871,.T.);
#1884=EDGE_CURVE('',#1491,#1485,#872,.F.);
#1885=EDGE_CURVE('',#1491,#1488,#873,.T.);
#1886=EDGE_CURVE('',#1492,#1493,#874,.T.);
#1887=EDGE_CURVE('',#1493,#1494,#21,.T.);
#1888=EDGE_CURVE('',#1494,#1495,#875,.T.);
#1889=EDGE_CURVE('',#1495,#1492,#22,.T.);
#1890=EDGE_CURVE('',#1496,#1497,#876,.T.);
#1891=EDGE_CURVE('',#1497,#1498,#23,.T.);
#1892=EDGE_CURVE('',#1498,#1499,#877,.T.);
#1893=EDGE_CURVE('',#1499,#1496,#24,.T.);
#1894=EDGE_CURVE('',#1495,#1498,#878,.T.);
#1895=EDGE_CURVE('',#1497,#1492,#879,.T.);
#1896=EDGE_CURVE('',#1493,#1496,#880,.T.);
#1897=EDGE_CURVE('',#1499,#1494,#881,.T.);
#1898=EDGE_CURVE('',#1500,#1497,#882,.T.);
#1899=EDGE_CURVE('',#1500,#1482,#883,.T.);
#1900=EDGE_CURVE('',#1492,#1482,#884,.T.);
#1901=EDGE_CURVE('',#1483,#1496,#885,.T.);
#1902=EDGE_CURVE('',#1483,#1500,#886,.T.);
#1903=EDGE_CURVE('',#1501,#1502,#887,.T.);
#1904=EDGE_CURVE('',#1503,#1501,#235,.T.);
#1905=EDGE_CURVE('',#1504,#1503,#888,.T.);
#1906=EDGE_CURVE('',#1505,#1504,#236,.T.);
#1907=EDGE_CURVE('',#1506,#1505,#889,.T.);
#1908=EDGE_CURVE('',#1507,#1506,#237,.T.);
#1909=EDGE_CURVE('',#1508,#1507,#890,.T.);
#1910=EDGE_CURVE('',#1502,#1508,#238,.T.);
#1911=EDGE_CURVE('',#1509,#1510,#891,.T.);
#1912=EDGE_CURVE('',#1510,#1511,#892,.T.);
#1913=EDGE_CURVE('',#1511,#1512,#893,.T.);
#1914=EDGE_CURVE('',#1512,#1509,#894,.T.);
#1915=EDGE_CURVE('',#1513,#1514,#895,.T.);
#1916=EDGE_CURVE('',#1514,#1515,#896,.T.);
#1917=EDGE_CURVE('',#1515,#1516,#897,.T.);
#1918=EDGE_CURVE('',#1516,#1513,#898,.T.);
#1919=EDGE_CURVE('',#1481,#1493,#899,.T.);
#1920=EDGE_CURVE('',#1477,#1500,#900,.T.);
#1921=EDGE_CURVE('',#1509,#1517,#901,.T.);
#1922=EDGE_CURVE('',#1517,#1518,#902,.T.);
#1923=EDGE_CURVE('',#1510,#1518,#903,.T.);
#1924=EDGE_CURVE('',#1512,#1519,#904,.T.);
#1925=EDGE_CURVE('',#1519,#1517,#905,.T.);
#1926=EDGE_CURVE('',#1511,#1520,#906,.T.);
#1927=EDGE_CURVE('',#1520,#1519,#907,.T.);
#1928=EDGE_CURVE('',#1518,#1520,#908,.T.);
#1929=EDGE_CURVE('',#1521,#1522,#909,.T.);
#1930=EDGE_CURVE('',#1523,#1521,#910,.T.);
#1931=EDGE_CURVE('',#1524,#1523,#911,.T.);
#1932=EDGE_CURVE('',#1522,#1524,#912,.T.);
#1933=EDGE_CURVE('',#1513,#1525,#913,.T.);
#1934=EDGE_CURVE('',#1525,#1526,#914,.T.);
#1935=EDGE_CURVE('',#1514,#1526,#915,.T.);
#1936=EDGE_CURVE('',#1516,#1527,#916,.T.);
#1937=EDGE_CURVE('',#1527,#1525,#917,.T.);
#1938=EDGE_CURVE('',#1515,#1528,#918,.T.);
#1939=EDGE_CURVE('',#1528,#1527,#919,.T.);
#1940=EDGE_CURVE('',#1526,#1528,#920,.T.);
#1941=EDGE_CURVE('',#1529,#1530,#921,.T.);
#1942=EDGE_CURVE('',#1531,#1529,#922,.T.);
#1943=EDGE_CURVE('',#1532,#1531,#923,.T.);
#1944=EDGE_CURVE('',#1530,#1532,#924,.T.);
#1945=EDGE_CURVE('',#1533,#1521,#925,.T.);
#1946=EDGE_CURVE('',#1534,#1533,#926,.T.);
#1947=EDGE_CURVE('',#1534,#1523,#927,.T.);
#1948=EDGE_CURVE('',#1535,#1522,#928,.T.);
#1949=EDGE_CURVE('',#1533,#1535,#929,.T.);
#1950=EDGE_CURVE('',#1536,#1529,#930,.T.);
#1951=EDGE_CURVE('',#1537,#1536,#931,.T.);
#1952=EDGE_CURVE('',#1537,#1531,#932,.T.);
#1953=EDGE_CURVE('',#1538,#1530,#933,.T.);
#1954=EDGE_CURVE('',#1536,#1538,#934,.T.);
#1955=EDGE_CURVE('',#1539,#1534,#935,.T.);
#1956=EDGE_CURVE('',#1539,#1524,#936,.T.);
#1957=EDGE_CURVE('',#1535,#1539,#937,.T.);
#1958=EDGE_CURVE('',#1540,#1537,#938,.T.);
#1959=EDGE_CURVE('',#1540,#1532,#939,.T.);
#1960=EDGE_CURVE('',#1538,#1540,#940,.T.);
#1961=EDGE_CURVE('',#1541,#1501,#941,.T.);
#1962=EDGE_CURVE('',#1502,#1542,#942,.T.);
#1963=EDGE_CURVE('',#1542,#1541,#943,.T.);
#1964=EDGE_CURVE('',#1541,#1543,#239,.T.);
#1965=EDGE_CURVE('',#1543,#1503,#944,.T.);
#1966=EDGE_CURVE('',#1544,#1504,#945,.T.);
#1967=EDGE_CURVE('',#1543,#1544,#946,.T.);
#1968=EDGE_CURVE('',#1544,#1545,#240,.T.);
#1969=EDGE_CURVE('',#1545,#1505,#947,.T.);
#1970=EDGE_CURVE('',#1546,#1506,#948,.T.);
#1971=EDGE_CURVE('',#1545,#1546,#949,.T.);
#1972=EDGE_CURVE('',#1546,#1547,#241,.T.);
#1973=EDGE_CURVE('',#1547,#1507,#950,.T.);
#1974=EDGE_CURVE('',#1548,#1508,#951,.T.);
#1975=EDGE_CURVE('',#1547,#1548,#952,.T.);
#1976=EDGE_CURVE('',#1548,#1542,#242,.T.);
#1977=EDGE_CURVE('',#1544,#1549,#953,.T.);
#1978=EDGE_CURVE('',#1549,#1550,#243,.T.);
#1979=EDGE_CURVE('',#1550,#1545,#954,.T.);
#1980=EDGE_CURVE('',#1551,#1543,#955,.T.);
#1981=EDGE_CURVE('',#1551,#1549,#956,.T.);
#1982=EDGE_CURVE('',#1541,#1552,#957,.T.);
#1983=EDGE_CURVE('',#1552,#1551,#244,.T.);
#1984=EDGE_CURVE('',#1553,#1542,#958,.T.);
#1985=EDGE_CURVE('',#1553,#1552,#959,.T.);
#1986=EDGE_CURVE('',#1554,#1553,#245,.T.);
#1987=EDGE_CURVE('',#1555,#1554,#960,.T.);
#1988=EDGE_CURVE('',#1556,#1555,#246,.T.);
#1989=EDGE_CURVE('',#1550,#1556,#961,.T.);
#1990=EDGE_CURVE('',#1546,#1556,#962,.T.);
#1991=EDGE_CURVE('',#1555,#1547,#963,.T.);
#1992=EDGE_CURVE('',#1548,#1554,#964,.T.);
#1993=EDGE_CURVE('',#1557,#1557,#247,.T.);
#1994=EDGE_CURVE('',#1557,#1558,#965,.T.);
#1995=EDGE_CURVE('',#1558,#1558,#248,.T.);
#1996=EDGE_CURVE('',#1559,#1559,#249,.T.);
#1997=EDGE_CURVE('',#1559,#1560,#966,.T.);
#1998=EDGE_CURVE('',#1560,#1560,#250,.T.);
#1999=EDGE_CURVE('',#1561,#1562,#967,.F.);
#2000=EDGE_CURVE('',#1563,#1561,#968,.F.);
#2001=EDGE_CURVE('',#1564,#1563,#969,.F.);
#2002=EDGE_CURVE('',#1562,#1564,#970,.F.);
#2003=EDGE_CURVE('',#1565,#1565,#251,.T.);
#2004=EDGE_CURVE('',#1566,#1566,#252,.T.);
#2005=EDGE_CURVE('',#1567,#1567,#253,.T.);
#2006=EDGE_CURVE('',#1568,#1568,#254,.T.);
#2007=EDGE_CURVE('',#1568,#1569,#971,.T.);
#2008=EDGE_CURVE('',#1569,#1569,#255,.T.);
#2009=EDGE_CURVE('',#1565,#1570,#972,.T.);
#2010=EDGE_CURVE('',#1570,#1570,#256,.T.);
#2011=EDGE_CURVE('',#1571,#1571,#257,.T.);
#2012=EDGE_CURVE('',#1571,#1572,#973,.T.);
#2013=EDGE_CURVE('',#1572,#1572,#258,.T.);
#2014=EDGE_CURVE('',#1567,#1573,#974,.T.);
#2015=EDGE_CURVE('',#1573,#1573,#259,.T.);
#2016=EDGE_CURVE('',#1574,#1574,#260,.T.);
#2017=EDGE_CURVE('',#1574,#1575,#975,.T.);
#2018=EDGE_CURVE('',#1575,#1575,#261,.T.);
#2019=EDGE_CURVE('',#1566,#1576,#976,.T.);
#2020=EDGE_CURVE('',#1576,#1576,#262,.T.);
#2021=EDGE_CURVE('',#1469,#1561,#977,.T.);
#2022=EDGE_CURVE('',#1562,#1471,#978,.T.);
#2023=EDGE_CURVE('',#1470,#1563,#979,.F.);
#2024=EDGE_CURVE('',#1472,#1564,#980,.F.);
#2025=ORIENTED_EDGE('',*,*,#1577,.F.);
#2026=ORIENTED_EDGE('',*,*,#1578,.F.);
#2027=ORIENTED_EDGE('',*,*,#1579,.F.);
#2028=ORIENTED_EDGE('',*,*,#1580,.F.);
#2029=ORIENTED_EDGE('',*,*,#1581,.F.);
#2030=ORIENTED_EDGE('',*,*,#1582,.F.);
#2031=ORIENTED_EDGE('',*,*,#1583,.F.);
#2032=ORIENTED_EDGE('',*,*,#1584,.F.);
#2033=ORIENTED_EDGE('',*,*,#1585,.F.);
#2034=ORIENTED_EDGE('',*,*,#1586,.F.);
#2035=ORIENTED_EDGE('',*,*,#1587,.F.);
#2036=ORIENTED_EDGE('',*,*,#1588,.F.);
#2037=ORIENTED_EDGE('',*,*,#1589,.F.);
#2038=ORIENTED_EDGE('',*,*,#1590,.F.);
#2039=ORIENTED_EDGE('',*,*,#1591,.F.);
#2040=ORIENTED_EDGE('',*,*,#1592,.F.);
#2041=ORIENTED_EDGE('',*,*,#1593,.F.);
#2042=ORIENTED_EDGE('',*,*,#1588,.T.);
#2043=ORIENTED_EDGE('',*,*,#1594,.F.);
#2044=ORIENTED_EDGE('',*,*,#1592,.T.);
#2045=ORIENTED_EDGE('',*,*,#1595,.F.);
#2046=ORIENTED_EDGE('',*,*,#1582,.T.);
#2047=ORIENTED_EDGE('',*,*,#1596,.F.);
#2048=ORIENTED_EDGE('',*,*,#1578,.T.);
#2049=ORIENTED_EDGE('',*,*,#1597,.F.);
#2050=ORIENTED_EDGE('',*,*,#1598,.F.);
#2051=ORIENTED_EDGE('',*,*,#1599,.F.);
#2052=ORIENTED_EDGE('',*,*,#1600,.F.);
#2053=ORIENTED_EDGE('',*,*,#1600,.T.);
#2054=ORIENTED_EDGE('',*,*,#1601,.F.);
#2055=ORIENTED_EDGE('',*,*,#1602,.T.);
#2056=ORIENTED_EDGE('',*,*,#1603,.T.);
#2057=ORIENTED_EDGE('',*,*,#1604,.T.);
#2058=ORIENTED_EDGE('',*,*,#1605,.T.);
#2059=ORIENTED_EDGE('',*,*,#1606,.T.);
#2060=ORIENTED_EDGE('',*,*,#1607,.T.);
#2061=ORIENTED_EDGE('',*,*,#1608,.F.);
#2062=ORIENTED_EDGE('',*,*,#1609,.T.);
#2063=ORIENTED_EDGE('',*,*,#1610,.T.);
#2064=ORIENTED_EDGE('',*,*,#1611,.T.);
#2065=ORIENTED_EDGE('',*,*,#1612,.F.);
#2066=ORIENTED_EDGE('',*,*,#1613,.T.);
#2067=ORIENTED_EDGE('',*,*,#1614,.T.);
#2068=ORIENTED_EDGE('',*,*,#1615,.T.);
#2069=ORIENTED_EDGE('',*,*,#1616,.T.);
#2070=ORIENTED_EDGE('',*,*,#1617,.T.);
#2071=ORIENTED_EDGE('',*,*,#1618,.T.);
#2072=ORIENTED_EDGE('',*,*,#1619,.T.);
#2073=ORIENTED_EDGE('',*,*,#1599,.T.);
#2074=ORIENTED_EDGE('',*,*,#1620,.F.);
#2075=ORIENTED_EDGE('',*,*,#1621,.T.);
#2076=ORIENTED_EDGE('',*,*,#1622,.T.);
#2077=ORIENTED_EDGE('',*,*,#1623,.T.);
#2078=ORIENTED_EDGE('',*,*,#1624,.T.);
#2079=ORIENTED_EDGE('',*,*,#1625,.T.);
#2080=ORIENTED_EDGE('',*,*,#1626,.T.);
#2081=ORIENTED_EDGE('',*,*,#1627,.T.);
#2082=ORIENTED_EDGE('',*,*,#1628,.T.);
#2083=ORIENTED_EDGE('',*,*,#1629,.T.);
#2084=ORIENTED_EDGE('',*,*,#1601,.T.);
#2085=ORIENTED_EDGE('',*,*,#1579,.T.);
#2086=ORIENTED_EDGE('',*,*,#1596,.T.);
#2087=ORIENTED_EDGE('',*,*,#1581,.T.);
#2088=ORIENTED_EDGE('',*,*,#1630,.T.);
#2089=ORIENTED_EDGE('',*,*,#1631,.T.);
#2090=ORIENTED_EDGE('',*,*,#1632,.T.);
#2091=ORIENTED_EDGE('',*,*,#1633,.T.);
#2092=ORIENTED_EDGE('',*,*,#1634,.T.);
#2093=ORIENTED_EDGE('',*,*,#1584,.T.);
#2094=ORIENTED_EDGE('',*,*,#1635,.F.);
#2095=ORIENTED_EDGE('',*,*,#1636,.T.);
#2096=ORIENTED_EDGE('',*,*,#1630,.F.);
#2097=ORIENTED_EDGE('',*,*,#1590,.T.);
#2098=ORIENTED_EDGE('',*,*,#1637,.F.);
#2099=ORIENTED_EDGE('',*,*,#1638,.T.);
#2100=ORIENTED_EDGE('',*,*,#1639,.F.);
#2101=ORIENTED_EDGE('',*,*,#1586,.T.);
#2102=ORIENTED_EDGE('',*,*,#1640,.F.);
#2103=ORIENTED_EDGE('',*,*,#1641,.T.);
#2104=ORIENTED_EDGE('',*,*,#1642,.F.);
#2105=ORIENTED_EDGE('',*,*,#1580,.T.);
#2106=ORIENTED_EDGE('',*,*,#1634,.F.);
#2107=ORIENTED_EDGE('',*,*,#1643,.T.);
#2108=ORIENTED_EDGE('',*,*,#1644,.F.);
#2109=ORIENTED_EDGE('',*,*,#1583,.T.);
#2110=ORIENTED_EDGE('',*,*,#1595,.T.);
#2111=ORIENTED_EDGE('',*,*,#1591,.T.);
#2112=ORIENTED_EDGE('',*,*,#1639,.T.);
#2113=ORIENTED_EDGE('',*,*,#1645,.T.);
#2114=ORIENTED_EDGE('',*,*,#1646,.T.);
#2115=ORIENTED_EDGE('',*,*,#1647,.T.);
#2116=ORIENTED_EDGE('',*,*,#1635,.T.);
#2117=ORIENTED_EDGE('',*,*,#1648,.F.);
#2118=ORIENTED_EDGE('',*,*,#1649,.F.);
#2119=ORIENTED_EDGE('',*,*,#1650,.F.);
#2120=ORIENTED_EDGE('',*,*,#1651,.T.);
#2121=ORIENTED_EDGE('',*,*,#1652,.F.);
#2122=ORIENTED_EDGE('',*,*,#1651,.F.);
#2123=ORIENTED_EDGE('',*,*,#1653,.F.);
#2124=ORIENTED_EDGE('',*,*,#1654,.T.);
#2125=ORIENTED_EDGE('',*,*,#1655,.F.);
#2126=ORIENTED_EDGE('',*,*,#1654,.F.);
#2127=ORIENTED_EDGE('',*,*,#1656,.F.);
#2128=ORIENTED_EDGE('',*,*,#1657,.T.);
#2129=ORIENTED_EDGE('',*,*,#1658,.F.);
#2130=ORIENTED_EDGE('',*,*,#1657,.F.);
#2131=ORIENTED_EDGE('',*,*,#1659,.F.);
#2132=ORIENTED_EDGE('',*,*,#1649,.T.);
#2133=ORIENTED_EDGE('',*,*,#1660,.T.);
#2134=ORIENTED_EDGE('',*,*,#1661,.T.);
#2135=ORIENTED_EDGE('',*,*,#1662,.F.);
#2136=ORIENTED_EDGE('',*,*,#1661,.F.);
#2137=ORIENTED_EDGE('',*,*,#1663,.T.);
#2138=ORIENTED_EDGE('',*,*,#1664,.T.);
#2139=ORIENTED_EDGE('',*,*,#1665,.F.);
#2140=ORIENTED_EDGE('',*,*,#1664,.F.);
#2141=ORIENTED_EDGE('',*,*,#1663,.F.);
#2142=ORIENTED_EDGE('',*,*,#1660,.F.);
#2143=ORIENTED_EDGE('',*,*,#1666,.T.);
#2144=ORIENTED_EDGE('',*,*,#1667,.F.);
#2145=ORIENTED_EDGE('',*,*,#1668,.F.);
#2146=ORIENTED_EDGE('',*,*,#1669,.F.);
#2147=ORIENTED_EDGE('',*,*,#1670,.F.);
#2148=ORIENTED_EDGE('',*,*,#1614,.F.);
#2149=ORIENTED_EDGE('',*,*,#1671,.T.);
#2150=ORIENTED_EDGE('',*,*,#1665,.T.);
#2151=ORIENTED_EDGE('',*,*,#1672,.T.);
#2152=ORIENTED_EDGE('',*,*,#1673,.T.);
#2153=ORIENTED_EDGE('',*,*,#1674,.F.);
#2154=ORIENTED_EDGE('',*,*,#1673,.F.);
#2155=ORIENTED_EDGE('',*,*,#1675,.T.);
#2156=ORIENTED_EDGE('',*,*,#1676,.T.);
#2157=ORIENTED_EDGE('',*,*,#1671,.F.);
#2158=ORIENTED_EDGE('',*,*,#1676,.F.);
#2159=ORIENTED_EDGE('',*,*,#1675,.F.);
#2160=ORIENTED_EDGE('',*,*,#1672,.F.);
#2161=ORIENTED_EDGE('',*,*,#1662,.T.);
#2162=ORIENTED_EDGE('',*,*,#1677,.T.);
#2163=ORIENTED_EDGE('',*,*,#1678,.T.);
#2164=ORIENTED_EDGE('',*,*,#1679,.F.);
#2165=ORIENTED_EDGE('',*,*,#1678,.F.);
#2166=ORIENTED_EDGE('',*,*,#1680,.T.);
#2167=ORIENTED_EDGE('',*,*,#1681,.T.);
#2168=ORIENTED_EDGE('',*,*,#1682,.F.);
#2169=ORIENTED_EDGE('',*,*,#1681,.F.);
#2170=ORIENTED_EDGE('',*,*,#1680,.F.);
#2171=ORIENTED_EDGE('',*,*,#1677,.F.);
#2172=ORIENTED_EDGE('',*,*,#1683,.T.);
#2173=ORIENTED_EDGE('',*,*,#1606,.F.);
#2174=ORIENTED_EDGE('',*,*,#1684,.F.);
#2175=ORIENTED_EDGE('',*,*,#1625,.F.);
#2176=ORIENTED_EDGE('',*,*,#1685,.F.);
#2177=ORIENTED_EDGE('',*,*,#1686,.F.);
#2178=ORIENTED_EDGE('',*,*,#1687,.T.);
#2179=ORIENTED_EDGE('',*,*,#1682,.T.);
#2180=ORIENTED_EDGE('',*,*,#1688,.T.);
#2181=ORIENTED_EDGE('',*,*,#1689,.T.);
#2182=ORIENTED_EDGE('',*,*,#1690,.F.);
#2183=ORIENTED_EDGE('',*,*,#1689,.F.);
#2184=ORIENTED_EDGE('',*,*,#1691,.T.);
#2185=ORIENTED_EDGE('',*,*,#1692,.T.);
#2186=ORIENTED_EDGE('',*,*,#1687,.F.);
#2187=ORIENTED_EDGE('',*,*,#1692,.F.);
#2188=ORIENTED_EDGE('',*,*,#1691,.F.);
#2189=ORIENTED_EDGE('',*,*,#1688,.F.);
#2190=ORIENTED_EDGE('',*,*,#1679,.T.);
#2191=ORIENTED_EDGE('',*,*,#1693,.T.);
#2192=ORIENTED_EDGE('',*,*,#1694,.T.);
#2193=ORIENTED_EDGE('',*,*,#1612,.T.);
#2194=ORIENTED_EDGE('',*,*,#1695,.T.);
#2195=ORIENTED_EDGE('',*,*,#1696,.T.);
#2196=ORIENTED_EDGE('',*,*,#1697,.T.);
#2197=ORIENTED_EDGE('',*,*,#1608,.T.);
#2198=ORIENTED_EDGE('',*,*,#1698,.F.);
#2199=ORIENTED_EDGE('',*,*,#1697,.F.);
#2200=ORIENTED_EDGE('',*,*,#1699,.F.);
#2201=ORIENTED_EDGE('',*,*,#1700,.F.);
#2202=ORIENTED_EDGE('',*,*,#1609,.F.);
#2203=ORIENTED_EDGE('',*,*,#1701,.F.);
#2204=ORIENTED_EDGE('',*,*,#1702,.F.);
#2205=ORIENTED_EDGE('',*,*,#1703,.T.);
#2206=ORIENTED_EDGE('',*,*,#1704,.F.);
#2207=ORIENTED_EDGE('',*,*,#1705,.T.);
#2208=ORIENTED_EDGE('',*,*,#1706,.T.);
#2209=ORIENTED_EDGE('',*,*,#1607,.F.);
#2210=ORIENTED_EDGE('',*,*,#1683,.F.);
#2211=ORIENTED_EDGE('',*,*,#1707,.F.);
#2212=ORIENTED_EDGE('',*,*,#1698,.T.);
#2213=ORIENTED_EDGE('',*,*,#1708,.F.);
#2214=ORIENTED_EDGE('',*,*,#1709,.F.);
#2215=ORIENTED_EDGE('',*,*,#1710,.T.);
#2216=ORIENTED_EDGE('',*,*,#1711,.F.);
#2217=ORIENTED_EDGE('',*,*,#1712,.F.);
#2218=ORIENTED_EDGE('',*,*,#1713,.F.);
#2219=ORIENTED_EDGE('',*,*,#1714,.F.);
#2220=ORIENTED_EDGE('',*,*,#1715,.F.);
#2221=ORIENTED_EDGE('',*,*,#1641,.F.);
#2222=ORIENTED_EDGE('',*,*,#1716,.F.);
#2223=ORIENTED_EDGE('',*,*,#1717,.F.);
#2224=ORIENTED_EDGE('',*,*,#1718,.F.);
#2225=ORIENTED_EDGE('',*,*,#1719,.F.);
#2226=ORIENTED_EDGE('',*,*,#1720,.T.);
#2227=ORIENTED_EDGE('',*,*,#1721,.F.);
#2228=ORIENTED_EDGE('',*,*,#1706,.F.);
#2229=ORIENTED_EDGE('',*,*,#1722,.F.);
#2230=ORIENTED_EDGE('',*,*,#1712,.T.);
#2231=ORIENTED_EDGE('',*,*,#1711,.T.);
#2232=ORIENTED_EDGE('',*,*,#1723,.T.);
#2233=ORIENTED_EDGE('',*,*,#1724,.T.);
#2234=ORIENTED_EDGE('',*,*,#1725,.T.);
#2235=ORIENTED_EDGE('',*,*,#1726,.T.);
#2236=ORIENTED_EDGE('',*,*,#1714,.T.);
#2237=ORIENTED_EDGE('',*,*,#1708,.T.);
#2238=ORIENTED_EDGE('',*,*,#1727,.T.);
#2239=ORIENTED_EDGE('',*,*,#1728,.T.);
#2240=ORIENTED_EDGE('',*,*,#1729,.T.);
#2241=ORIENTED_EDGE('',*,*,#1730,.T.);
#2242=ORIENTED_EDGE('',*,*,#1731,.T.);
#2243=ORIENTED_EDGE('',*,*,#1598,.T.);
#2244=ORIENTED_EDGE('',*,*,#1732,.F.);
#2245=ORIENTED_EDGE('',*,*,#1733,.T.);
#2246=ORIENTED_EDGE('',*,*,#1734,.T.);
#2247=ORIENTED_EDGE('',*,*,#1735,.T.);
#2248=ORIENTED_EDGE('',*,*,#1736,.T.);
#2249=ORIENTED_EDGE('',*,*,#1667,.T.);
#2250=ORIENTED_EDGE('',*,*,#1737,.T.);
#2251=ORIENTED_EDGE('',*,*,#1693,.F.);
#2252=ORIENTED_EDGE('',*,*,#1738,.T.);
#2253=ORIENTED_EDGE('',*,*,#1739,.T.);
#2254=ORIENTED_EDGE('',*,*,#1699,.T.);
#2255=ORIENTED_EDGE('',*,*,#1696,.F.);
#2256=ORIENTED_EDGE('',*,*,#1707,.T.);
#2257=ORIENTED_EDGE('',*,*,#1686,.T.);
#2258=ORIENTED_EDGE('',*,*,#1740,.T.);
#2259=ORIENTED_EDGE('',*,*,#1741,.T.);
#2260=ORIENTED_EDGE('',*,*,#1742,.T.);
#2261=ORIENTED_EDGE('',*,*,#1743,.T.);
#2262=ORIENTED_EDGE('',*,*,#1620,.T.);
#2263=ORIENTED_EDGE('',*,*,#1650,.T.);
#2264=ORIENTED_EDGE('',*,*,#1659,.T.);
#2265=ORIENTED_EDGE('',*,*,#1656,.T.);
#2266=ORIENTED_EDGE('',*,*,#1653,.T.);
#2267=ORIENTED_EDGE('',*,*,#1690,.T.);
#2268=ORIENTED_EDGE('',*,*,#1700,.T.);
#2269=ORIENTED_EDGE('',*,*,#1739,.F.);
#2270=ORIENTED_EDGE('',*,*,#1744,.T.);
#2271=ORIENTED_EDGE('',*,*,#1610,.F.);
#2272=ORIENTED_EDGE('',*,*,#1745,.F.);
#2273=ORIENTED_EDGE('',*,*,#1746,.F.);
#2274=ORIENTED_EDGE('',*,*,#1747,.T.);
#2275=ORIENTED_EDGE('',*,*,#1613,.F.);
#2276=ORIENTED_EDGE('',*,*,#1694,.F.);
#2277=ORIENTED_EDGE('',*,*,#1737,.F.);
#2278=ORIENTED_EDGE('',*,*,#1666,.F.);
#2279=ORIENTED_EDGE('',*,*,#1748,.F.);
#2280=ORIENTED_EDGE('',*,*,#1749,.T.);
#2281=ORIENTED_EDGE('',*,*,#1718,.T.);
#2282=ORIENTED_EDGE('',*,*,#1695,.F.);
#2283=ORIENTED_EDGE('',*,*,#1611,.F.);
#2284=ORIENTED_EDGE('',*,*,#1744,.F.);
#2285=ORIENTED_EDGE('',*,*,#1738,.F.);
#2286=ORIENTED_EDGE('',*,*,#1750,.F.);
#2287=ORIENTED_EDGE('',*,*,#1751,.F.);
#2288=ORIENTED_EDGE('',*,*,#1752,.T.);
#2289=ORIENTED_EDGE('',*,*,#1753,.F.);
#2290=ORIENTED_EDGE('',*,*,#1720,.F.);
#2291=ORIENTED_EDGE('',*,*,#1754,.F.);
#2292=ORIENTED_EDGE('',*,*,#1704,.T.);
#2293=ORIENTED_EDGE('',*,*,#1721,.T.);
#2294=ORIENTED_EDGE('',*,*,#1753,.T.);
#2295=ORIENTED_EDGE('',*,*,#1755,.T.);
#2296=ORIENTED_EDGE('',*,*,#1701,.T.);
#2297=ORIENTED_EDGE('',*,*,#1756,.T.);
#2298=ORIENTED_EDGE('',*,*,#1750,.T.);
#2299=ORIENTED_EDGE('',*,*,#1757,.T.);
#2300=ORIENTED_EDGE('',*,*,#1674,.T.);
#2301=ORIENTED_EDGE('',*,*,#1632,.F.);
#2302=ORIENTED_EDGE('',*,*,#1758,.F.);
#2303=ORIENTED_EDGE('',*,*,#1759,.F.);
#2304=ORIENTED_EDGE('',*,*,#1646,.F.);
#2305=ORIENTED_EDGE('',*,*,#1760,.F.);
#2306=ORIENTED_EDGE('',*,*,#1728,.F.);
#2307=ORIENTED_EDGE('',*,*,#1761,.F.);
#2308=ORIENTED_EDGE('',*,*,#1762,.F.);
#2309=ORIENTED_EDGE('',*,*,#1763,.F.);
#2310=ORIENTED_EDGE('',*,*,#1764,.F.);
#2311=ORIENTED_EDGE('',*,*,#1726,.F.);
#2312=ORIENTED_EDGE('',*,*,#1765,.F.);
#2313=ORIENTED_EDGE('',*,*,#1748,.T.);
#2314=ORIENTED_EDGE('',*,*,#1717,.T.);
#2315=ORIENTED_EDGE('',*,*,#1762,.T.);
#2316=ORIENTED_EDGE('',*,*,#1766,.T.);
#2317=ORIENTED_EDGE('',*,*,#1767,.T.);
#2318=ORIENTED_EDGE('',*,*,#1768,.T.);
#2319=ORIENTED_EDGE('',*,*,#1769,.T.);
#2320=ORIENTED_EDGE('',*,*,#1770,.T.);
#2321=ORIENTED_EDGE('',*,*,#1760,.T.);
#2322=ORIENTED_EDGE('',*,*,#1771,.T.);
#2323=ORIENTED_EDGE('',*,*,#1765,.T.);
#2324=ORIENTED_EDGE('',*,*,#1772,.T.);
#2325=ORIENTED_EDGE('',*,*,#1773,.T.);
#2326=ORIENTED_EDGE('',*,*,#1774,.T.);
#2327=ORIENTED_EDGE('',*,*,#1587,.T.);
#2328=ORIENTED_EDGE('',*,*,#1642,.T.);
#2329=ORIENTED_EDGE('',*,*,#1715,.T.);
#2330=ORIENTED_EDGE('',*,*,#1764,.T.);
#2331=ORIENTED_EDGE('',*,*,#1775,.T.);
#2332=ORIENTED_EDGE('',*,*,#1637,.T.);
#2333=ORIENTED_EDGE('',*,*,#1589,.T.);
#2334=ORIENTED_EDGE('',*,*,#1594,.T.);
#2335=ORIENTED_EDGE('',*,*,#1577,.T.);
#2336=ORIENTED_EDGE('',*,*,#1644,.T.);
#2337=ORIENTED_EDGE('',*,*,#1776,.T.);
#2338=ORIENTED_EDGE('',*,*,#1763,.T.);
#2339=ORIENTED_EDGE('',*,*,#1716,.T.);
#2340=ORIENTED_EDGE('',*,*,#1640,.T.);
#2341=ORIENTED_EDGE('',*,*,#1585,.T.);
#2342=ORIENTED_EDGE('',*,*,#1593,.T.);
#2343=ORIENTED_EDGE('',*,*,#1777,.T.);
#2344=ORIENTED_EDGE('',*,*,#1778,.T.);
#2345=ORIENTED_EDGE('',*,*,#1779,.T.);
#2346=ORIENTED_EDGE('',*,*,#1761,.T.);
#2347=ORIENTED_EDGE('',*,*,#1780,.T.);
#2348=ORIENTED_EDGE('',*,*,#1759,.T.);
#2349=ORIENTED_EDGE('',*,*,#1781,.T.);
#2350=ORIENTED_EDGE('',*,*,#1782,.T.);
#2351=ORIENTED_EDGE('',*,*,#1783,.T.);
#2352=ORIENTED_EDGE('',*,*,#1784,.T.);
#2353=ORIENTED_EDGE('',*,*,#1745,.T.);
#2354=ORIENTED_EDGE('',*,*,#1785,.T.);
#2355=ORIENTED_EDGE('',*,*,#1786,.T.);
#2356=ORIENTED_EDGE('',*,*,#1787,.T.);
#2357=ORIENTED_EDGE('',*,*,#1758,.T.);
#2358=ORIENTED_EDGE('',*,*,#1788,.T.);
#2359=ORIENTED_EDGE('',*,*,#1767,.F.);
#2360=ORIENTED_EDGE('',*,*,#1789,.F.);
#2361=ORIENTED_EDGE('',*,*,#1778,.F.);
#2362=ORIENTED_EDGE('',*,*,#1790,.T.);
#2363=ORIENTED_EDGE('',*,*,#1791,.T.);
#2364=ORIENTED_EDGE('',*,*,#1790,.F.);
#2365=ORIENTED_EDGE('',*,*,#1777,.F.);
#2366=ORIENTED_EDGE('',*,*,#1792,.F.);
#2367=ORIENTED_EDGE('',*,*,#1782,.F.);
#2368=ORIENTED_EDGE('',*,*,#1793,.F.);
#2369=ORIENTED_EDGE('',*,*,#1786,.F.);
#2370=ORIENTED_EDGE('',*,*,#1794,.F.);
#2371=ORIENTED_EDGE('',*,*,#1783,.F.);
#2372=ORIENTED_EDGE('',*,*,#1795,.T.);
#2373=ORIENTED_EDGE('',*,*,#1796,.T.);
#2374=ORIENTED_EDGE('',*,*,#1795,.F.);
#2375=ORIENTED_EDGE('',*,*,#1781,.F.);
#2376=ORIENTED_EDGE('',*,*,#1787,.F.);
#2377=ORIENTED_EDGE('',*,*,#1793,.T.);
#2378=ORIENTED_EDGE('',*,*,#1770,.F.);
#2379=ORIENTED_EDGE('',*,*,#1797,.T.);
#2380=ORIENTED_EDGE('',*,*,#1729,.F.);
#2381=ORIENTED_EDGE('',*,*,#1766,.F.);
#2382=ORIENTED_EDGE('',*,*,#1779,.F.);
#2383=ORIENTED_EDGE('',*,*,#1789,.T.);
#2384=ORIENTED_EDGE('',*,*,#1725,.F.);
#2385=ORIENTED_EDGE('',*,*,#1798,.T.);
#2386=ORIENTED_EDGE('',*,*,#1772,.F.);
#2387=ORIENTED_EDGE('',*,*,#1775,.F.);
#2388=ORIENTED_EDGE('',*,*,#1771,.F.);
#2389=ORIENTED_EDGE('',*,*,#1645,.F.);
#2390=ORIENTED_EDGE('',*,*,#1638,.F.);
#2391=ORIENTED_EDGE('',*,*,#1757,.F.);
#2392=ORIENTED_EDGE('',*,*,#1752,.F.);
#2393=ORIENTED_EDGE('',*,*,#1799,.T.);
#2394=ORIENTED_EDGE('',*,*,#1746,.T.);
#2395=ORIENTED_EDGE('',*,*,#1788,.F.);
#2396=ORIENTED_EDGE('',*,*,#1631,.F.);
#2397=ORIENTED_EDGE('',*,*,#1636,.F.);
#2398=ORIENTED_EDGE('',*,*,#1647,.F.);
#2399=ORIENTED_EDGE('',*,*,#1727,.F.);
#2400=ORIENTED_EDGE('',*,*,#1710,.F.);
#2401=ORIENTED_EDGE('',*,*,#1800,.T.);
#2402=ORIENTED_EDGE('',*,*,#1702,.T.);
#2403=ORIENTED_EDGE('',*,*,#1648,.T.);
#2404=ORIENTED_EDGE('',*,*,#1652,.T.);
#2405=ORIENTED_EDGE('',*,*,#1655,.T.);
#2406=ORIENTED_EDGE('',*,*,#1658,.T.);
#2407=ORIENTED_EDGE('',*,*,#1801,.F.);
#2408=ORIENTED_EDGE('',*,*,#1802,.T.);
#2409=ORIENTED_EDGE('',*,*,#1803,.F.);
#2410=ORIENTED_EDGE('',*,*,#1802,.F.);
#2411=ORIENTED_EDGE('',*,*,#1804,.F.);
#2412=ORIENTED_EDGE('',*,*,#1805,.T.);
#2413=ORIENTED_EDGE('',*,*,#1806,.F.);
#2414=ORIENTED_EDGE('',*,*,#1805,.F.);
#2415=ORIENTED_EDGE('',*,*,#1807,.F.);
#2416=ORIENTED_EDGE('',*,*,#1808,.T.);
#2417=ORIENTED_EDGE('',*,*,#1809,.F.);
#2418=ORIENTED_EDGE('',*,*,#1808,.F.);
#2419=ORIENTED_EDGE('',*,*,#1810,.F.);
#2420=ORIENTED_EDGE('',*,*,#1811,.T.);
#2421=ORIENTED_EDGE('',*,*,#1812,.F.);
#2422=ORIENTED_EDGE('',*,*,#1811,.F.);
#2423=ORIENTED_EDGE('',*,*,#1755,.F.);
#2424=ORIENTED_EDGE('',*,*,#1754,.T.);
#2425=ORIENTED_EDGE('',*,*,#1719,.T.);
#2426=ORIENTED_EDGE('',*,*,#1749,.F.);
#2427=ORIENTED_EDGE('',*,*,#1768,.F.);
#2428=ORIENTED_EDGE('',*,*,#1792,.T.);
#2429=ORIENTED_EDGE('',*,*,#1784,.F.);
#2430=ORIENTED_EDGE('',*,*,#1794,.T.);
#2431=ORIENTED_EDGE('',*,*,#1785,.F.);
#2432=ORIENTED_EDGE('',*,*,#1747,.F.);
#2433=ORIENTED_EDGE('',*,*,#1799,.F.);
#2434=ORIENTED_EDGE('',*,*,#1751,.T.);
#2435=ORIENTED_EDGE('',*,*,#1756,.F.);
#2436=ORIENTED_EDGE('',*,*,#1703,.F.);
#2437=ORIENTED_EDGE('',*,*,#1800,.F.);
#2438=ORIENTED_EDGE('',*,*,#1709,.T.);
#2439=ORIENTED_EDGE('',*,*,#1731,.F.);
#2440=ORIENTED_EDGE('',*,*,#1813,.T.);
#2441=ORIENTED_EDGE('',*,*,#1814,.T.);
#2442=ORIENTED_EDGE('',*,*,#1774,.F.);
#2443=ORIENTED_EDGE('',*,*,#1815,.T.);
#2444=ORIENTED_EDGE('',*,*,#1816,.T.);
#2445=ORIENTED_EDGE('',*,*,#1723,.F.);
#2446=ORIENTED_EDGE('',*,*,#1713,.T.);
#2447=ORIENTED_EDGE('',*,*,#1722,.T.);
#2448=ORIENTED_EDGE('',*,*,#1705,.F.);
#2449=ORIENTED_EDGE('',*,*,#1796,.F.);
#2450=ORIENTED_EDGE('',*,*,#1807,.T.);
#2451=ORIENTED_EDGE('',*,*,#1791,.F.);
#2452=ORIENTED_EDGE('',*,*,#1810,.T.);
#2453=ORIENTED_EDGE('',*,*,#1817,.F.);
#2454=ORIENTED_EDGE('',*,*,#1801,.T.);
#2455=ORIENTED_EDGE('',*,*,#1769,.F.);
#2456=ORIENTED_EDGE('',*,*,#1814,.F.);
#2457=ORIENTED_EDGE('',*,*,#1818,.T.);
#2458=ORIENTED_EDGE('',*,*,#1817,.T.);
#2459=ORIENTED_EDGE('',*,*,#1818,.F.);
#2460=ORIENTED_EDGE('',*,*,#1813,.F.);
#2461=ORIENTED_EDGE('',*,*,#1730,.F.);
#2462=ORIENTED_EDGE('',*,*,#1797,.F.);
#2463=ORIENTED_EDGE('',*,*,#1819,.F.);
#2464=ORIENTED_EDGE('',*,*,#1804,.T.);
#2465=ORIENTED_EDGE('',*,*,#1724,.F.);
#2466=ORIENTED_EDGE('',*,*,#1816,.F.);
#2467=ORIENTED_EDGE('',*,*,#1820,.T.);
#2468=ORIENTED_EDGE('',*,*,#1819,.T.);
#2469=ORIENTED_EDGE('',*,*,#1820,.F.);
#2470=ORIENTED_EDGE('',*,*,#1815,.F.);
#2471=ORIENTED_EDGE('',*,*,#1773,.F.);
#2472=ORIENTED_EDGE('',*,*,#1798,.F.);
#2473=ORIENTED_EDGE('',*,*,#1776,.F.);
#2474=ORIENTED_EDGE('',*,*,#1643,.F.);
#2475=ORIENTED_EDGE('',*,*,#1633,.F.);
#2476=ORIENTED_EDGE('',*,*,#1780,.F.);
#2477=ORIENTED_EDGE('',*,*,#1621,.F.);
#2478=ORIENTED_EDGE('',*,*,#1743,.F.);
#2479=ORIENTED_EDGE('',*,*,#1821,.F.);
#2480=ORIENTED_EDGE('',*,*,#1735,.F.);
#2481=ORIENTED_EDGE('',*,*,#1822,.T.);
#2482=ORIENTED_EDGE('',*,*,#1823,.F.);
#2483=ORIENTED_EDGE('',*,*,#1824,.T.);
#2484=ORIENTED_EDGE('',*,*,#1809,.T.);
#2485=ORIENTED_EDGE('',*,*,#1734,.F.);
#2486=ORIENTED_EDGE('',*,*,#1825,.T.);
#2487=ORIENTED_EDGE('',*,*,#1826,.F.);
#2488=ORIENTED_EDGE('',*,*,#1822,.F.);
#2489=ORIENTED_EDGE('',*,*,#1616,.F.);
#2490=ORIENTED_EDGE('',*,*,#1827,.T.);
#2491=ORIENTED_EDGE('',*,*,#1828,.F.);
#2492=ORIENTED_EDGE('',*,*,#1829,.T.);
#2493=ORIENTED_EDGE('',*,*,#1812,.T.);
#2494=ORIENTED_EDGE('',*,*,#1615,.F.);
#2495=ORIENTED_EDGE('',*,*,#1670,.T.);
#2496=ORIENTED_EDGE('',*,*,#1830,.F.);
#2497=ORIENTED_EDGE('',*,*,#1827,.F.);
#2498=ORIENTED_EDGE('',*,*,#1623,.F.);
#2499=ORIENTED_EDGE('',*,*,#1831,.T.);
#2500=ORIENTED_EDGE('',*,*,#1741,.F.);
#2501=ORIENTED_EDGE('',*,*,#1832,.T.);
#2502=ORIENTED_EDGE('',*,*,#1803,.T.);
#2503=ORIENTED_EDGE('',*,*,#1622,.F.);
#2504=ORIENTED_EDGE('',*,*,#1821,.T.);
#2505=ORIENTED_EDGE('',*,*,#1742,.F.);
#2506=ORIENTED_EDGE('',*,*,#1831,.F.);
#2507=ORIENTED_EDGE('',*,*,#1604,.F.);
#2508=ORIENTED_EDGE('',*,*,#1833,.T.);
#2509=ORIENTED_EDGE('',*,*,#1627,.F.);
#2510=ORIENTED_EDGE('',*,*,#1834,.T.);
#2511=ORIENTED_EDGE('',*,*,#1806,.T.);
#2512=ORIENTED_EDGE('',*,*,#1603,.F.);
#2513=ORIENTED_EDGE('',*,*,#1835,.T.);
#2514=ORIENTED_EDGE('',*,*,#1628,.F.);
#2515=ORIENTED_EDGE('',*,*,#1833,.F.);
#2516=ORIENTED_EDGE('',*,*,#1836,.F.);
#2517=ORIENTED_EDGE('',*,*,#1618,.F.);
#2518=ORIENTED_EDGE('',*,*,#1837,.F.);
#2519=ORIENTED_EDGE('',*,*,#1835,.F.);
#2520=ORIENTED_EDGE('',*,*,#1602,.F.);
#2521=ORIENTED_EDGE('',*,*,#1629,.F.);
#2522=ORIENTED_EDGE('',*,*,#1733,.F.);
#2523=ORIENTED_EDGE('',*,*,#1838,.F.);
#2524=ORIENTED_EDGE('',*,*,#1825,.F.);
#2525=ORIENTED_EDGE('',*,*,#1605,.F.);
#2526=ORIENTED_EDGE('',*,*,#1834,.F.);
#2527=ORIENTED_EDGE('',*,*,#1626,.F.);
#2528=ORIENTED_EDGE('',*,*,#1684,.T.);
#2529=ORIENTED_EDGE('',*,*,#1624,.F.);
#2530=ORIENTED_EDGE('',*,*,#1832,.F.);
#2531=ORIENTED_EDGE('',*,*,#1740,.F.);
#2532=ORIENTED_EDGE('',*,*,#1685,.T.);
#2533=ORIENTED_EDGE('',*,*,#1617,.F.);
#2534=ORIENTED_EDGE('',*,*,#1829,.F.);
#2535=ORIENTED_EDGE('',*,*,#1839,.F.);
#2536=ORIENTED_EDGE('',*,*,#1837,.T.);
#2537=ORIENTED_EDGE('',*,*,#1736,.F.);
#2538=ORIENTED_EDGE('',*,*,#1824,.F.);
#2539=ORIENTED_EDGE('',*,*,#1840,.F.);
#2540=ORIENTED_EDGE('',*,*,#1668,.T.);
#2541=ORIENTED_EDGE('',*,*,#1597,.T.);
#2542=ORIENTED_EDGE('',*,*,#1619,.F.);
#2543=ORIENTED_EDGE('',*,*,#1836,.T.);
#2544=ORIENTED_EDGE('',*,*,#1839,.T.);
#2545=ORIENTED_EDGE('',*,*,#1828,.T.);
#2546=ORIENTED_EDGE('',*,*,#1830,.T.);
#2547=ORIENTED_EDGE('',*,*,#1669,.T.);
#2548=ORIENTED_EDGE('',*,*,#1840,.T.);
#2549=ORIENTED_EDGE('',*,*,#1823,.T.);
#2550=ORIENTED_EDGE('',*,*,#1826,.T.);
#2551=ORIENTED_EDGE('',*,*,#1838,.T.);
#2552=ORIENTED_EDGE('',*,*,#1732,.T.);
#2553=ORIENTED_EDGE('',*,*,#1841,.F.);
#2554=ORIENTED_EDGE('',*,*,#1842,.T.);
#2555=ORIENTED_EDGE('',*,*,#1843,.F.);
#2556=ORIENTED_EDGE('',*,*,#1844,.F.);
#2557=ORIENTED_EDGE('',*,*,#1845,.F.);
#2558=ORIENTED_EDGE('',*,*,#1844,.T.);
#2559=ORIENTED_EDGE('',*,*,#1846,.F.);
#2560=ORIENTED_EDGE('',*,*,#1847,.F.);
#2561=ORIENTED_EDGE('',*,*,#1848,.F.);
#2562=ORIENTED_EDGE('',*,*,#1847,.T.);
#2563=ORIENTED_EDGE('',*,*,#1849,.F.);
#2564=ORIENTED_EDGE('',*,*,#1850,.F.);
#2565=ORIENTED_EDGE('',*,*,#1851,.F.);
#2566=ORIENTED_EDGE('',*,*,#1850,.T.);
#2567=ORIENTED_EDGE('',*,*,#1852,.F.);
#2568=ORIENTED_EDGE('',*,*,#1842,.F.);
#2569=ORIENTED_EDGE('',*,*,#1843,.T.);
#2570=ORIENTED_EDGE('',*,*,#1852,.T.);
#2571=ORIENTED_EDGE('',*,*,#1849,.T.);
#2572=ORIENTED_EDGE('',*,*,#1846,.T.);
#2573=ORIENTED_EDGE('',*,*,#1853,.F.);
#2574=ORIENTED_EDGE('',*,*,#1854,.F.);
#2575=ORIENTED_EDGE('',*,*,#1855,.F.);
#2576=ORIENTED_EDGE('',*,*,#1856,.F.);
#2577=ORIENTED_EDGE('',*,*,#1857,.T.);
#2578=ORIENTED_EDGE('',*,*,#1858,.T.);
#2579=ORIENTED_EDGE('',*,*,#1859,.T.);
#2580=ORIENTED_EDGE('',*,*,#1860,.T.);
#2581=ORIENTED_EDGE('',*,*,#1861,.T.);
#2582=ORIENTED_EDGE('',*,*,#1858,.F.);
#2583=ORIENTED_EDGE('',*,*,#1862,.T.);
#2584=ORIENTED_EDGE('',*,*,#1863,.F.);
#2585=ORIENTED_EDGE('',*,*,#1864,.T.);
#2586=ORIENTED_EDGE('',*,*,#1860,.F.);
#2587=ORIENTED_EDGE('',*,*,#1865,.T.);
#2588=ORIENTED_EDGE('',*,*,#1866,.T.);
#2589=ORIENTED_EDGE('',*,*,#1867,.T.);
#2590=ORIENTED_EDGE('',*,*,#1866,.F.);
#2591=ORIENTED_EDGE('',*,*,#1868,.T.);
#2592=ORIENTED_EDGE('',*,*,#1863,.T.);
#2593=ORIENTED_EDGE('',*,*,#1865,.F.);
#2594=ORIENTED_EDGE('',*,*,#1869,.T.);
#2595=ORIENTED_EDGE('',*,*,#1870,.F.);
#2596=ORIENTED_EDGE('',*,*,#1871,.T.);
#2597=ORIENTED_EDGE('',*,*,#1859,.F.);
#2598=ORIENTED_EDGE('',*,*,#1872,.T.);
#2599=ORIENTED_EDGE('',*,*,#1873,.F.);
#2600=ORIENTED_EDGE('',*,*,#1869,.F.);
#2601=ORIENTED_EDGE('',*,*,#1874,.T.);
#2602=ORIENTED_EDGE('',*,*,#1875,.T.);
#2603=ORIENTED_EDGE('',*,*,#1876,.T.);
#2604=ORIENTED_EDGE('',*,*,#1877,.T.);
#2605=ORIENTED_EDGE('',*,*,#1857,.F.);
#2606=ORIENTED_EDGE('',*,*,#1864,.F.);
#2607=ORIENTED_EDGE('',*,*,#1867,.F.);
#2608=ORIENTED_EDGE('',*,*,#1862,.F.);
#2609=ORIENTED_EDGE('',*,*,#1878,.F.);
#2610=ORIENTED_EDGE('',*,*,#1879,.T.);
#2611=ORIENTED_EDGE('',*,*,#1877,.F.);
#2612=ORIENTED_EDGE('',*,*,#1880,.F.);
#2613=ORIENTED_EDGE('',*,*,#1881,.F.);
#2614=ORIENTED_EDGE('',*,*,#1880,.T.);
#2615=ORIENTED_EDGE('',*,*,#1876,.F.);
#2616=ORIENTED_EDGE('',*,*,#1882,.F.);
#2617=ORIENTED_EDGE('',*,*,#1883,.F.);
#2618=ORIENTED_EDGE('',*,*,#1882,.T.);
#2619=ORIENTED_EDGE('',*,*,#1875,.F.);
#2620=ORIENTED_EDGE('',*,*,#1884,.F.);
#2621=ORIENTED_EDGE('',*,*,#1885,.F.);
#2622=ORIENTED_EDGE('',*,*,#1884,.T.);
#2623=ORIENTED_EDGE('',*,*,#1874,.F.);
#2624=ORIENTED_EDGE('',*,*,#1879,.F.);
#2625=ORIENTED_EDGE('',*,*,#1886,.T.);
#2626=ORIENTED_EDGE('',*,*,#1887,.T.);
#2627=ORIENTED_EDGE('',*,*,#1888,.T.);
#2628=ORIENTED_EDGE('',*,*,#1889,.T.);
#2629=ORIENTED_EDGE('',*,*,#1890,.T.);
#2630=ORIENTED_EDGE('',*,*,#1891,.T.);
#2631=ORIENTED_EDGE('',*,*,#1892,.T.);
#2632=ORIENTED_EDGE('',*,*,#1893,.T.);
#2633=ORIENTED_EDGE('',*,*,#1894,.T.);
#2634=ORIENTED_EDGE('',*,*,#1891,.F.);
#2635=ORIENTED_EDGE('',*,*,#1895,.T.);
#2636=ORIENTED_EDGE('',*,*,#1889,.F.);
#2637=ORIENTED_EDGE('',*,*,#1896,.T.);
#2638=ORIENTED_EDGE('',*,*,#1893,.F.);
#2639=ORIENTED_EDGE('',*,*,#1897,.T.);
#2640=ORIENTED_EDGE('',*,*,#1887,.F.);
#2641=ORIENTED_EDGE('',*,*,#1895,.F.);
#2642=ORIENTED_EDGE('',*,*,#1898,.F.);
#2643=ORIENTED_EDGE('',*,*,#1899,.T.);
#2644=ORIENTED_EDGE('',*,*,#1900,.F.);
#2645=ORIENTED_EDGE('',*,*,#1890,.F.);
#2646=ORIENTED_EDGE('',*,*,#1901,.F.);
#2647=ORIENTED_EDGE('',*,*,#1902,.T.);
#2648=ORIENTED_EDGE('',*,*,#1898,.T.);
#2649=ORIENTED_EDGE('',*,*,#1903,.F.);
#2650=ORIENTED_EDGE('',*,*,#1904,.F.);
#2651=ORIENTED_EDGE('',*,*,#1905,.F.);
#2652=ORIENTED_EDGE('',*,*,#1906,.F.);
#2653=ORIENTED_EDGE('',*,*,#1907,.F.);
#2654=ORIENTED_EDGE('',*,*,#1908,.F.);
#2655=ORIENTED_EDGE('',*,*,#1909,.F.);
#2656=ORIENTED_EDGE('',*,*,#1910,.F.);
#2657=ORIENTED_EDGE('',*,*,#1911,.T.);
#2658=ORIENTED_EDGE('',*,*,#1912,.T.);
#2659=ORIENTED_EDGE('',*,*,#1913,.T.);
#2660=ORIENTED_EDGE('',*,*,#1914,.T.);
#2661=ORIENTED_EDGE('',*,*,#1915,.T.);
#2662=ORIENTED_EDGE('',*,*,#1916,.T.);
#2663=ORIENTED_EDGE('',*,*,#1917,.T.);
#2664=ORIENTED_EDGE('',*,*,#1918,.T.);
#2665=ORIENTED_EDGE('',*,*,#1892,.F.);
#2666=ORIENTED_EDGE('',*,*,#1894,.F.);
#2667=ORIENTED_EDGE('',*,*,#1888,.F.);
#2668=ORIENTED_EDGE('',*,*,#1897,.F.);
#2669=ORIENTED_EDGE('',*,*,#1886,.F.);
#2670=ORIENTED_EDGE('',*,*,#1900,.T.);
#2671=ORIENTED_EDGE('',*,*,#1870,.T.);
#2672=ORIENTED_EDGE('',*,*,#1919,.T.);
#2673=ORIENTED_EDGE('',*,*,#1896,.F.);
#2674=ORIENTED_EDGE('',*,*,#1919,.F.);
#2675=ORIENTED_EDGE('',*,*,#1873,.T.);
#2676=ORIENTED_EDGE('',*,*,#1901,.T.);
#2677=ORIENTED_EDGE('',*,*,#1868,.F.);
#2678=ORIENTED_EDGE('',*,*,#1871,.F.);
#2679=ORIENTED_EDGE('',*,*,#1899,.F.);
#2680=ORIENTED_EDGE('',*,*,#1920,.F.);
#2681=ORIENTED_EDGE('',*,*,#1861,.F.);
#2682=ORIENTED_EDGE('',*,*,#1920,.T.);
#2683=ORIENTED_EDGE('',*,*,#1902,.F.);
#2684=ORIENTED_EDGE('',*,*,#1872,.F.);
#2685=ORIENTED_EDGE('',*,*,#1911,.F.);
#2686=ORIENTED_EDGE('',*,*,#1921,.T.);
#2687=ORIENTED_EDGE('',*,*,#1922,.T.);
#2688=ORIENTED_EDGE('',*,*,#1923,.F.);
#2689=ORIENTED_EDGE('',*,*,#1914,.F.);
#2690=ORIENTED_EDGE('',*,*,#1924,.T.);
#2691=ORIENTED_EDGE('',*,*,#1925,.T.);
#2692=ORIENTED_EDGE('',*,*,#1921,.F.);
#2693=ORIENTED_EDGE('',*,*,#1913,.F.);
#2694=ORIENTED_EDGE('',*,*,#1926,.T.);
#2695=ORIENTED_EDGE('',*,*,#1927,.T.);
#2696=ORIENTED_EDGE('',*,*,#1924,.F.);
#2697=ORIENTED_EDGE('',*,*,#1912,.F.);
#2698=ORIENTED_EDGE('',*,*,#1923,.T.);
#2699=ORIENTED_EDGE('',*,*,#1928,.T.);
#2700=ORIENTED_EDGE('',*,*,#1926,.F.);
#2701=ORIENTED_EDGE('',*,*,#1928,.F.);
#2702=ORIENTED_EDGE('',*,*,#1922,.F.);
#2703=ORIENTED_EDGE('',*,*,#1925,.F.);
#2704=ORIENTED_EDGE('',*,*,#1927,.F.);
#2705=ORIENTED_EDGE('',*,*,#1929,.F.);
#2706=ORIENTED_EDGE('',*,*,#1930,.F.);
#2707=ORIENTED_EDGE('',*,*,#1931,.F.);
#2708=ORIENTED_EDGE('',*,*,#1932,.F.);
#2709=ORIENTED_EDGE('',*,*,#1915,.F.);
#2710=ORIENTED_EDGE('',*,*,#1933,.T.);
#2711=ORIENTED_EDGE('',*,*,#1934,.T.);
#2712=ORIENTED_EDGE('',*,*,#1935,.F.);
#2713=ORIENTED_EDGE('',*,*,#1918,.F.);
#2714=ORIENTED_EDGE('',*,*,#1936,.T.);
#2715=ORIENTED_EDGE('',*,*,#1937,.T.);
#2716=ORIENTED_EDGE('',*,*,#1933,.F.);
#2717=ORIENTED_EDGE('',*,*,#1917,.F.);
#2718=ORIENTED_EDGE('',*,*,#1938,.T.);
#2719=ORIENTED_EDGE('',*,*,#1939,.T.);
#2720=ORIENTED_EDGE('',*,*,#1936,.F.);
#2721=ORIENTED_EDGE('',*,*,#1916,.F.);
#2722=ORIENTED_EDGE('',*,*,#1935,.T.);
#2723=ORIENTED_EDGE('',*,*,#1940,.T.);
#2724=ORIENTED_EDGE('',*,*,#1938,.F.);
#2725=ORIENTED_EDGE('',*,*,#1940,.F.);
#2726=ORIENTED_EDGE('',*,*,#1934,.F.);
#2727=ORIENTED_EDGE('',*,*,#1937,.F.);
#2728=ORIENTED_EDGE('',*,*,#1939,.F.);
#2729=ORIENTED_EDGE('',*,*,#1941,.F.);
#2730=ORIENTED_EDGE('',*,*,#1942,.F.);
#2731=ORIENTED_EDGE('',*,*,#1943,.F.);
#2732=ORIENTED_EDGE('',*,*,#1944,.F.);
#2733=ORIENTED_EDGE('',*,*,#1930,.T.);
#2734=ORIENTED_EDGE('',*,*,#1945,.F.);
#2735=ORIENTED_EDGE('',*,*,#1946,.F.);
#2736=ORIENTED_EDGE('',*,*,#1947,.T.);
#2737=ORIENTED_EDGE('',*,*,#1929,.T.);
#2738=ORIENTED_EDGE('',*,*,#1948,.F.);
#2739=ORIENTED_EDGE('',*,*,#1949,.F.);
#2740=ORIENTED_EDGE('',*,*,#1945,.T.);
#2741=ORIENTED_EDGE('',*,*,#1942,.T.);
#2742=ORIENTED_EDGE('',*,*,#1950,.F.);
#2743=ORIENTED_EDGE('',*,*,#1951,.F.);
#2744=ORIENTED_EDGE('',*,*,#1952,.T.);
#2745=ORIENTED_EDGE('',*,*,#1941,.T.);
#2746=ORIENTED_EDGE('',*,*,#1953,.F.);
#2747=ORIENTED_EDGE('',*,*,#1954,.F.);
#2748=ORIENTED_EDGE('',*,*,#1950,.T.);
#2749=ORIENTED_EDGE('',*,*,#1931,.T.);
#2750=ORIENTED_EDGE('',*,*,#1947,.F.);
#2751=ORIENTED_EDGE('',*,*,#1955,.F.);
#2752=ORIENTED_EDGE('',*,*,#1956,.T.);
#2753=ORIENTED_EDGE('',*,*,#1932,.T.);
#2754=ORIENTED_EDGE('',*,*,#1956,.F.);
#2755=ORIENTED_EDGE('',*,*,#1957,.F.);
#2756=ORIENTED_EDGE('',*,*,#1948,.T.);
#2757=ORIENTED_EDGE('',*,*,#1943,.T.);
#2758=ORIENTED_EDGE('',*,*,#1952,.F.);
#2759=ORIENTED_EDGE('',*,*,#1958,.F.);
#2760=ORIENTED_EDGE('',*,*,#1959,.T.);
#2761=ORIENTED_EDGE('',*,*,#1944,.T.);
#2762=ORIENTED_EDGE('',*,*,#1959,.F.);
#2763=ORIENTED_EDGE('',*,*,#1960,.F.);
#2764=ORIENTED_EDGE('',*,*,#1953,.T.);
#2765=ORIENTED_EDGE('',*,*,#1961,.T.);
#2766=ORIENTED_EDGE('',*,*,#1903,.T.);
#2767=ORIENTED_EDGE('',*,*,#1962,.T.);
#2768=ORIENTED_EDGE('',*,*,#1963,.T.);
#2769=ORIENTED_EDGE('',*,*,#1961,.F.);
#2770=ORIENTED_EDGE('',*,*,#1964,.T.);
#2771=ORIENTED_EDGE('',*,*,#1965,.T.);
#2772=ORIENTED_EDGE('',*,*,#1904,.T.);
#2773=ORIENTED_EDGE('',*,*,#1966,.T.);
#2774=ORIENTED_EDGE('',*,*,#1905,.T.);
#2775=ORIENTED_EDGE('',*,*,#1965,.F.);
#2776=ORIENTED_EDGE('',*,*,#1967,.T.);
#2777=ORIENTED_EDGE('',*,*,#1966,.F.);
#2778=ORIENTED_EDGE('',*,*,#1968,.T.);
#2779=ORIENTED_EDGE('',*,*,#1969,.T.);
#2780=ORIENTED_EDGE('',*,*,#1906,.T.);
#2781=ORIENTED_EDGE('',*,*,#1970,.T.);
#2782=ORIENTED_EDGE('',*,*,#1907,.T.);
#2783=ORIENTED_EDGE('',*,*,#1969,.F.);
#2784=ORIENTED_EDGE('',*,*,#1971,.T.);
#2785=ORIENTED_EDGE('',*,*,#1970,.F.);
#2786=ORIENTED_EDGE('',*,*,#1972,.T.);
#2787=ORIENTED_EDGE('',*,*,#1973,.T.);
#2788=ORIENTED_EDGE('',*,*,#1908,.T.);
#2789=ORIENTED_EDGE('',*,*,#1974,.T.);
#2790=ORIENTED_EDGE('',*,*,#1909,.T.);
#2791=ORIENTED_EDGE('',*,*,#1973,.F.);
#2792=ORIENTED_EDGE('',*,*,#1975,.T.);
#2793=ORIENTED_EDGE('',*,*,#1974,.F.);
#2794=ORIENTED_EDGE('',*,*,#1976,.T.);
#2795=ORIENTED_EDGE('',*,*,#1962,.F.);
#2796=ORIENTED_EDGE('',*,*,#1910,.T.);
#2797=ORIENTED_EDGE('',*,*,#1968,.F.);
#2798=ORIENTED_EDGE('',*,*,#1977,.T.);
#2799=ORIENTED_EDGE('',*,*,#1978,.T.);
#2800=ORIENTED_EDGE('',*,*,#1979,.T.);
#2801=ORIENTED_EDGE('',*,*,#1967,.F.);
#2802=ORIENTED_EDGE('',*,*,#1980,.F.);
#2803=ORIENTED_EDGE('',*,*,#1981,.T.);
#2804=ORIENTED_EDGE('',*,*,#1977,.F.);
#2805=ORIENTED_EDGE('',*,*,#1964,.F.);
#2806=ORIENTED_EDGE('',*,*,#1982,.T.);
#2807=ORIENTED_EDGE('',*,*,#1983,.T.);
#2808=ORIENTED_EDGE('',*,*,#1980,.T.);
#2809=ORIENTED_EDGE('',*,*,#1963,.F.);
#2810=ORIENTED_EDGE('',*,*,#1984,.F.);
#2811=ORIENTED_EDGE('',*,*,#1985,.T.);
#2812=ORIENTED_EDGE('',*,*,#1982,.F.);
#2813=ORIENTED_EDGE('',*,*,#1978,.F.);
#2814=ORIENTED_EDGE('',*,*,#1981,.F.);
#2815=ORIENTED_EDGE('',*,*,#1983,.F.);
#2816=ORIENTED_EDGE('',*,*,#1985,.F.);
#2817=ORIENTED_EDGE('',*,*,#1986,.F.);
#2818=ORIENTED_EDGE('',*,*,#1987,.F.);
#2819=ORIENTED_EDGE('',*,*,#1988,.F.);
#2820=ORIENTED_EDGE('',*,*,#1989,.F.);
#2821=ORIENTED_EDGE('',*,*,#1841,.T.);
#2822=ORIENTED_EDGE('',*,*,#1845,.T.);
#2823=ORIENTED_EDGE('',*,*,#1848,.T.);
#2824=ORIENTED_EDGE('',*,*,#1851,.T.);
#2825=ORIENTED_EDGE('',*,*,#1972,.F.);
#2826=ORIENTED_EDGE('',*,*,#1990,.T.);
#2827=ORIENTED_EDGE('',*,*,#1988,.T.);
#2828=ORIENTED_EDGE('',*,*,#1991,.T.);
#2829=ORIENTED_EDGE('',*,*,#1975,.F.);
#2830=ORIENTED_EDGE('',*,*,#1991,.F.);
#2831=ORIENTED_EDGE('',*,*,#1987,.T.);
#2832=ORIENTED_EDGE('',*,*,#1992,.F.);
#2833=ORIENTED_EDGE('',*,*,#1976,.F.);
#2834=ORIENTED_EDGE('',*,*,#1992,.T.);
#2835=ORIENTED_EDGE('',*,*,#1986,.T.);
#2836=ORIENTED_EDGE('',*,*,#1984,.T.);
#2837=ORIENTED_EDGE('',*,*,#1993,.F.);
#2838=ORIENTED_EDGE('',*,*,#1994,.T.);
#2839=ORIENTED_EDGE('',*,*,#1995,.F.);
#2840=ORIENTED_EDGE('',*,*,#1994,.F.);
#2841=ORIENTED_EDGE('',*,*,#1996,.F.);
#2842=ORIENTED_EDGE('',*,*,#1997,.T.);
#2843=ORIENTED_EDGE('',*,*,#1998,.F.);
#2844=ORIENTED_EDGE('',*,*,#1997,.F.);
#2845=ORIENTED_EDGE('',*,*,#1998,.T.);
#2846=ORIENTED_EDGE('',*,*,#1995,.T.);
#2847=ORIENTED_EDGE('',*,*,#1999,.F.);
#2848=ORIENTED_EDGE('',*,*,#2000,.F.);
#2849=ORIENTED_EDGE('',*,*,#2001,.F.);
#2850=ORIENTED_EDGE('',*,*,#2002,.F.);
#2851=ORIENTED_EDGE('',*,*,#1878,.T.);
#2852=ORIENTED_EDGE('',*,*,#1881,.T.);
#2853=ORIENTED_EDGE('',*,*,#1883,.T.);
#2854=ORIENTED_EDGE('',*,*,#1885,.T.);
#2855=ORIENTED_EDGE('',*,*,#1949,.T.);
#2856=ORIENTED_EDGE('',*,*,#1957,.T.);
#2857=ORIENTED_EDGE('',*,*,#1955,.T.);
#2858=ORIENTED_EDGE('',*,*,#1946,.T.);
#2859=ORIENTED_EDGE('',*,*,#1954,.T.);
#2860=ORIENTED_EDGE('',*,*,#1960,.T.);
#2861=ORIENTED_EDGE('',*,*,#1958,.T.);
#2862=ORIENTED_EDGE('',*,*,#1951,.T.);
#2863=ORIENTED_EDGE('',*,*,#2003,.T.);
#2864=ORIENTED_EDGE('',*,*,#2004,.T.);
#2865=ORIENTED_EDGE('',*,*,#2005,.T.);
#2866=ORIENTED_EDGE('',*,*,#1996,.T.);
#2867=ORIENTED_EDGE('',*,*,#2006,.F.);
#2868=ORIENTED_EDGE('',*,*,#2007,.T.);
#2869=ORIENTED_EDGE('',*,*,#2008,.F.);
#2870=ORIENTED_EDGE('',*,*,#2007,.F.);
#2871=ORIENTED_EDGE('',*,*,#2003,.F.);
#2872=ORIENTED_EDGE('',*,*,#2009,.T.);
#2873=ORIENTED_EDGE('',*,*,#2010,.F.);
#2874=ORIENTED_EDGE('',*,*,#2009,.F.);
#2875=ORIENTED_EDGE('',*,*,#2010,.T.);
#2876=ORIENTED_EDGE('',*,*,#2008,.T.);
#2877=ORIENTED_EDGE('',*,*,#1993,.T.);
#2878=ORIENTED_EDGE('',*,*,#2011,.F.);
#2879=ORIENTED_EDGE('',*,*,#2012,.T.);
#2880=ORIENTED_EDGE('',*,*,#2013,.F.);
#2881=ORIENTED_EDGE('',*,*,#2012,.F.);
#2882=ORIENTED_EDGE('',*,*,#2005,.F.);
#2883=ORIENTED_EDGE('',*,*,#2014,.T.);
#2884=ORIENTED_EDGE('',*,*,#2015,.F.);
#2885=ORIENTED_EDGE('',*,*,#2014,.F.);
#2886=ORIENTED_EDGE('',*,*,#2015,.T.);
#2887=ORIENTED_EDGE('',*,*,#2013,.T.);
#2888=ORIENTED_EDGE('',*,*,#2006,.T.);
#2889=ORIENTED_EDGE('',*,*,#2016,.F.);
#2890=ORIENTED_EDGE('',*,*,#2017,.T.);
#2891=ORIENTED_EDGE('',*,*,#2018,.F.);
#2892=ORIENTED_EDGE('',*,*,#2017,.F.);
#2893=ORIENTED_EDGE('',*,*,#2004,.F.);
#2894=ORIENTED_EDGE('',*,*,#2019,.T.);
#2895=ORIENTED_EDGE('',*,*,#2020,.F.);
#2896=ORIENTED_EDGE('',*,*,#2019,.F.);
#2897=ORIENTED_EDGE('',*,*,#2020,.T.);
#2898=ORIENTED_EDGE('',*,*,#2018,.T.);
#2899=ORIENTED_EDGE('',*,*,#2011,.T.);
#2900=ORIENTED_EDGE('',*,*,#2021,.T.);
#2901=ORIENTED_EDGE('',*,*,#1999,.T.);
#2902=ORIENTED_EDGE('',*,*,#2022,.T.);
#2903=ORIENTED_EDGE('',*,*,#1854,.T.);
#2904=ORIENTED_EDGE('',*,*,#2023,.T.);
#2905=ORIENTED_EDGE('',*,*,#2000,.T.);
#2906=ORIENTED_EDGE('',*,*,#2021,.F.);
#2907=ORIENTED_EDGE('',*,*,#1853,.T.);
#2908=ORIENTED_EDGE('',*,*,#2024,.T.);
#2909=ORIENTED_EDGE('',*,*,#2001,.T.);
#2910=ORIENTED_EDGE('',*,*,#2023,.F.);
#2911=ORIENTED_EDGE('',*,*,#1856,.T.);
#2912=ORIENTED_EDGE('',*,*,#2022,.F.);
#2913=ORIENTED_EDGE('',*,*,#2002,.T.);
#2914=ORIENTED_EDGE('',*,*,#2024,.F.);
#2915=ORIENTED_EDGE('',*,*,#1855,.T.);
#2916=ORIENTED_EDGE('',*,*,#2016,.T.);
#2917=ORIENTED_EDGE('',*,*,#1971,.F.);
#2918=ORIENTED_EDGE('',*,*,#1979,.F.);
#2919=ORIENTED_EDGE('',*,*,#1989,.T.);
#2920=ORIENTED_EDGE('',*,*,#1990,.F.);
#2921=PLANE('',#3228);
#2922=PLANE('',#3229);
#2923=PLANE('',#3230);
#2924=PLANE('',#3231);
#2925=PLANE('',#3232);
#2926=PLANE('',#3237);
#2927=PLANE('',#3240);
#2928=PLANE('',#3245);
#2929=PLANE('',#3247);
#2930=PLANE('',#3250);
#2931=PLANE('',#3253);
#2932=PLANE('',#3257);
#2933=PLANE('',#3261);
#2934=PLANE('',#3271);
#2935=PLANE('',#3272);
#2936=PLANE('',#3281);
#2937=PLANE('',#3282);
#2938=PLANE('',#3289);
#2939=PLANE('',#3290);
#2940=PLANE('',#3299);
#2941=PLANE('',#3300);
#2942=PLANE('',#3305);
#2943=PLANE('',#3306);
#2944=PLANE('',#3308);
#2945=PLANE('',#3310);
#2946=PLANE('',#3311);
#2947=PLANE('',#3313);
#2948=PLANE('',#3315);
#2949=PLANE('',#3320);
#2950=PLANE('',#3321);
#2951=PLANE('',#3322);
#2952=PLANE('',#3323);
#2953=PLANE('',#3325);
#2954=PLANE('',#3326);
#2955=PLANE('',#3328);
#2956=PLANE('',#3329);
#2957=PLANE('',#3331);
#2958=PLANE('',#3335);
#2959=PLANE('',#3362);
#2960=PLANE('',#3363);
#2961=PLANE('',#3365);
#2962=PLANE('',#3366);
#2963=PLANE('',#3368);
#2964=PLANE('',#3369);
#2965=PLANE('',#3382);
#2966=PLANE('',#3387);
#2967=PLANE('',#3388);
#2968=PLANE('',#3389);
#2969=PLANE('',#3392);
#2970=PLANE('',#3395);
#2971=PLANE('',#3396);
#2972=PLANE('',#3398);
#2973=PLANE('',#3403);
#2974=PLANE('',#3407);
#2975=PLANE('',#3411);
#2976=PLANE('',#3416);
#2977=PLANE('',#3418);
#2978=PLANE('',#3419);
#2979=PLANE('',#3424);
#2980=PLANE('',#3425);
#2981=PLANE('',#3426);
#2982=PLANE('',#3427);
#2983=PLANE('',#3428);
#2984=PLANE('',#3429);
#2985=PLANE('',#3438);
#2986=PLANE('',#3439);
#2987=PLANE('',#3440);
#2988=PLANE('',#3441);
#2989=PLANE('',#3442);
#2990=PLANE('',#3443);
#2991=PLANE('',#3444);
#2992=PLANE('',#3453);
#2993=PLANE('',#3454);
#2994=PLANE('',#3455);
#2995=PLANE('',#3460);
#2996=PLANE('',#3461);
#2997=PLANE('',#3462);
#2998=PLANE('',#3463);
#2999=PLANE('',#3464);
#3000=PLANE('',#3465);
#3001=PLANE('',#3466);
#3002=PLANE('',#3467);
#3003=PLANE('',#3468);
#3004=PLANE('',#3469);
#3005=PLANE('',#3470);
#3006=PLANE('',#3471);
#3007=PLANE('',#3472);
#3008=PLANE('',#3473);
#3009=PLANE('',#3474);
#3010=PLANE('',#3475);
#3011=PLANE('',#3476);
#3012=PLANE('',#3477);
#3013=PLANE('',#3478);
#3014=PLANE('',#3479);
#3015=PLANE('',#3480);
#3016=PLANE('',#3481);
#3017=PLANE('',#3482);
#3018=PLANE('',#3485);
#3019=PLANE('',#3488);
#3020=PLANE('',#3491);
#3021=PLANE('',#3496);
#3022=PLANE('',#3499);
#3023=PLANE('',#3500);
#3024=PLANE('',#3504);
#3025=PLANE('',#3512);
#3026=PLANE('',#3513);
#3027=PLANE('',#3522);
#3028=PLANE('',#3523);
#3029=PLANE('',#3529);
#3030=PLANE('',#3530);
#3031=PLANE('',#3536);
#3032=PLANE('',#3537);
#3033=PLANE('',#3538);
#3034=PLANE('',#3539);
#3035=PLANE('',#3540);
#3036=PLANE('',#3541);
#3037=PLANE('',#3542);
#3038=PLANE('',#3543);
#3039=ADVANCED_FACE('',(#263),#2921,.F.);
#3040=ADVANCED_FACE('',(#264),#2922,.F.);
#3041=ADVANCED_FACE('',(#265),#2923,.F.);
#3042=ADVANCED_FACE('',(#266),#2924,.F.);
#3043=ADVANCED_FACE('',(#267,#103),#2925,.F.);
#3044=ADVANCED_FACE('',(#268),#2926,.F.);
#3045=ADVANCED_FACE('',(#269),#2927,.F.);
#3046=ADVANCED_FACE('',(#270),#43,.T.);
#3047=ADVANCED_FACE('',(#271),#2928,.T.);
#3048=ADVANCED_FACE('',(#272),#2929,.T.);
#3049=ADVANCED_FACE('',(#273),#2930,.T.);
#3050=ADVANCED_FACE('',(#274),#2931,.T.);
#3051=ADVANCED_FACE('',(#275),#44,.T.);
#3052=ADVANCED_FACE('',(#276),#2932,.F.);
#3053=ADVANCED_FACE('',(#277),#45,.F.);
#3054=ADVANCED_FACE('',(#278),#2933,.F.);
#3055=ADVANCED_FACE('',(#279),#46,.F.);
#3056=ADVANCED_FACE('',(#280),#47,.F.);
#3057=ADVANCED_FACE('',(#281),#48,.T.);
#3058=ADVANCED_FACE('',(#282,#104),#2934,.T.);
#3059=ADVANCED_FACE('',(#283,#105,#106),#2935,.T.);
#3060=ADVANCED_FACE('',(#284),#49,.F.);
#3061=ADVANCED_FACE('',(#285),#50,.T.);
#3062=ADVANCED_FACE('',(#286,#107),#2936,.T.);
#3063=ADVANCED_FACE('',(#287),#2937,.T.);
#3064=ADVANCED_FACE('',(#288),#51,.F.);
#3065=ADVANCED_FACE('',(#289),#52,.T.);
#3066=ADVANCED_FACE('',(#290,#108),#2938,.T.);
#3067=ADVANCED_FACE('',(#291,#109,#110),#2939,.T.);
#3068=ADVANCED_FACE('',(#292),#53,.F.);
#3069=ADVANCED_FACE('',(#293),#54,.T.);
#3070=ADVANCED_FACE('',(#294,#111),#2940,.T.);
#3071=ADVANCED_FACE('',(#295),#2941,.T.);
#3072=ADVANCED_FACE('',(#296),#55,.T.);
#3073=ADVANCED_FACE('',(#297),#56,.T.);
#3074=ADVANCED_FACE('',(#298),#2942,.T.);
#3075=ADVANCED_FACE('',(#299),#2943,.T.);
#3076=ADVANCED_FACE('',(#300),#2944,.T.);
#3077=ADVANCED_FACE('',(#301),#2945,.F.);
#3078=ADVANCED_FACE('',(#302),#2946,.F.);
#3079=ADVANCED_FACE('',(#303),#2947,.F.);
#3080=ADVANCED_FACE('',(#304),#2948,.T.);
#3081=ADVANCED_FACE('',(#305),#57,.T.);
#3082=ADVANCED_FACE('',(#306),#58,.T.);
#3083=ADVANCED_FACE('',(#307,#112),#2949,.F.);
#3084=ADVANCED_FACE('',(#308),#2950,.T.);
#3085=ADVANCED_FACE('',(#309),#2951,.T.);
#3086=ADVANCED_FACE('',(#310),#2952,.T.);
#3087=ADVANCED_FACE('',(#311),#2953,.T.);
#3088=ADVANCED_FACE('',(#312),#2954,.T.);
#3089=ADVANCED_FACE('',(#313),#2955,.F.);
#3090=ADVANCED_FACE('',(#314),#2956,.F.);
#3091=ADVANCED_FACE('',(#315),#2957,.F.);
#3092=ADVANCED_FACE('',(#316),#59,.T.);
#3093=ADVANCED_FACE('',(#317),#60,.T.);
#3094=ADVANCED_FACE('',(#318),#2958,.T.);
#3095=ADVANCED_FACE('',(#319),#29,.T.);
#3096=ADVANCED_FACE('',(#320),#30,.T.);
#3097=ADVANCED_FACE('',(#321),#31,.T.);
#3098=ADVANCED_FACE('',(#322),#32,.T.);
#3099=ADVANCED_FACE('',(#323),#61,.T.);
#3100=ADVANCED_FACE('',(#324),#62,.T.);
#3101=ADVANCED_FACE('',(#325),#63,.T.);
#3102=ADVANCED_FACE('',(#326),#64,.T.);
#3103=ADVANCED_FACE('',(#327),#65,.T.);
#3104=ADVANCED_FACE('',(#328),#66,.T.);
#3105=ADVANCED_FACE('',(#329),#67,.F.);
#3106=ADVANCED_FACE('',(#330),#68,.F.);
#3107=ADVANCED_FACE('',(#331),#2959,.F.);
#3108=ADVANCED_FACE('',(#332),#2960,.F.);
#3109=ADVANCED_FACE('',(#333),#2961,.F.);
#3110=ADVANCED_FACE('',(#334),#2962,.F.);
#3111=ADVANCED_FACE('',(#335),#2963,.T.);
#3112=ADVANCED_FACE('',(#336,#113),#2964,.T.);
#3113=ADVANCED_FACE('',(#337),#69,.F.);
#3114=ADVANCED_FACE('',(#338),#70,.F.);
#3115=ADVANCED_FACE('',(#339),#71,.F.);
#3116=ADVANCED_FACE('',(#340),#72,.F.);
#3117=ADVANCED_FACE('',(#341),#2965,.F.);
#3118=ADVANCED_FACE('',(#342,#114),#2966,.F.);
#3119=ADVANCED_FACE('',(#343,#115),#2967,.F.);
#3120=ADVANCED_FACE('',(#344,#116),#2968,.F.);
#3121=ADVANCED_FACE('',(#345),#73,.F.);
#3122=ADVANCED_FACE('',(#346,#117),#2969,.F.);
#3123=ADVANCED_FACE('',(#347),#74,.F.);
#3124=ADVANCED_FACE('',(#348),#2970,.T.);
#3125=ADVANCED_FACE('',(#349),#2971,.T.);
#3126=ADVANCED_FACE('',(#350,#118),#2972,.T.);
#3127=ADVANCED_FACE('',(#351),#75,.T.);
#3128=ADVANCED_FACE('',(#352,#119),#2973,.T.);
#3129=ADVANCED_FACE('',(#353),#76,.T.);
#3130=ADVANCED_FACE('',(#354,#120),#2974,.T.);
#3131=ADVANCED_FACE('',(#355),#77,.T.);
#3132=ADVANCED_FACE('',(#356,#121),#2975,.T.);
#3133=ADVANCED_FACE('',(#357),#78,.T.);
#3134=ADVANCED_FACE('',(#358),#2976,.T.);
#3135=ADVANCED_FACE('',(#359),#2977,.T.);
#3136=ADVANCED_FACE('',(#360),#2978,.T.);
#3137=ADVANCED_FACE('',(#361),#79,.T.);
#3138=ADVANCED_FACE('',(#362),#80,.T.);
#3139=ADVANCED_FACE('',(#363),#81,.T.);
#3140=ADVANCED_FACE('',(#364),#82,.T.);
#3141=ADVANCED_FACE('',(#365),#2979,.F.);
#3142=ADVANCED_FACE('',(#366),#2980,.T.);
#3143=ADVANCED_FACE('',(#367),#2981,.T.);
#3144=ADVANCED_FACE('',(#368),#2982,.T.);
#3145=ADVANCED_FACE('',(#369),#2983,.T.);
#3146=ADVANCED_FACE('',(#370,#122),#2984,.T.);
#3147=ADVANCED_FACE('',(#371),#83,.T.);
#3148=ADVANCED_FACE('',(#372),#84,.T.);
#3149=ADVANCED_FACE('',(#373),#85,.T.);
#3150=ADVANCED_FACE('',(#374),#86,.T.);
#3151=ADVANCED_FACE('',(#375),#2985,.F.);
#3152=ADVANCED_FACE('',(#376),#2986,.F.);
#3153=ADVANCED_FACE('',(#377,#123),#2987,.T.);
#3154=ADVANCED_FACE('',(#378),#2988,.T.);
#3155=ADVANCED_FACE('',(#379),#2989,.T.);
#3156=ADVANCED_FACE('',(#380),#2990,.T.);
#3157=ADVANCED_FACE('',(#381),#2991,.T.);
#3158=ADVANCED_FACE('',(#382),#87,.T.);
#3159=ADVANCED_FACE('',(#383),#88,.T.);
#3160=ADVANCED_FACE('',(#384),#89,.T.);
#3161=ADVANCED_FACE('',(#385),#90,.T.);
#3162=ADVANCED_FACE('',(#386),#2992,.T.);
#3163=ADVANCED_FACE('',(#387),#2993,.T.);
#3164=ADVANCED_FACE('',(#388,#124,#125,#126),#2994,.T.);
#3165=ADVANCED_FACE('',(#389),#2995,.T.);
#3166=ADVANCED_FACE('',(#390),#2996,.T.);
#3167=ADVANCED_FACE('',(#391),#2997,.F.);
#3168=ADVANCED_FACE('',(#392),#2998,.F.);
#3169=ADVANCED_FACE('',(#393),#2999,.F.);
#3170=ADVANCED_FACE('',(#394),#3000,.F.);
#3171=ADVANCED_FACE('',(#395),#3001,.F.);
#3172=ADVANCED_FACE('',(#396),#3002,.F.);
#3173=ADVANCED_FACE('',(#397,#127),#3003,.F.);
#3174=ADVANCED_FACE('',(#398),#3004,.F.);
#3175=ADVANCED_FACE('',(#399),#3005,.F.);
#3176=ADVANCED_FACE('',(#400),#3006,.F.);
#3177=ADVANCED_FACE('',(#401),#3007,.F.);
#3178=ADVANCED_FACE('',(#402,#128),#3008,.F.);
#3179=ADVANCED_FACE('',(#403),#3009,.F.);
#3180=ADVANCED_FACE('',(#404),#3010,.F.);
#3181=ADVANCED_FACE('',(#405),#3011,.F.);
#3182=ADVANCED_FACE('',(#406),#3012,.F.);
#3183=ADVANCED_FACE('',(#407),#3013,.F.);
#3184=ADVANCED_FACE('',(#408),#3014,.F.);
#3185=ADVANCED_FACE('',(#409),#3015,.F.);
#3186=ADVANCED_FACE('',(#410),#3016,.F.);
#3187=ADVANCED_FACE('',(#411),#3017,.T.);
#3188=ADVANCED_FACE('',(#412),#13,.T.);
#3189=ADVANCED_FACE('',(#413),#3018,.T.);
#3190=ADVANCED_FACE('',(#414),#14,.T.);
#3191=ADVANCED_FACE('',(#415),#3019,.T.);
#3192=ADVANCED_FACE('',(#416),#15,.T.);
#3193=ADVANCED_FACE('',(#417),#3020,.T.);
#3194=ADVANCED_FACE('',(#418),#16,.T.);
#3195=ADVANCED_FACE('',(#419),#91,.T.);
#3196=ADVANCED_FACE('',(#420),#3021,.T.);
#3197=ADVANCED_FACE('',(#421),#92,.T.);
#3198=ADVANCED_FACE('',(#422),#3022,.T.);
#3199=ADVANCED_FACE('',(#423,#129),#3023,.F.);
#3200=ADVANCED_FACE('',(#424),#93,.T.);
#3201=ADVANCED_FACE('',(#425),#3024,.T.);
#3202=ADVANCED_FACE('',(#426),#94,.T.);
#3203=ADVANCED_FACE('',(#427),#95,.F.);
#3204=ADVANCED_FACE('',(#428),#96,.T.);
#3205=ADVANCED_FACE('',(#429,#130),#3025,.F.);
#3206=ADVANCED_FACE('',(#430,#131,#132,#133,#134,#135,#136,#137),#3026,
 .F.);
#3207=ADVANCED_FACE('',(#431),#97,.F.);
#3208=ADVANCED_FACE('',(#432),#98,.T.);
#3209=ADVANCED_FACE('',(#433,#138),#3027,.F.);
#3210=ADVANCED_FACE('',(#434),#3028,.F.);
#3211=ADVANCED_FACE('',(#435),#99,.F.);
#3212=ADVANCED_FACE('',(#436),#100,.T.);
#3213=ADVANCED_FACE('',(#437,#139),#3029,.F.);
#3214=ADVANCED_FACE('',(#438),#3030,.F.);
#3215=ADVANCED_FACE('',(#439),#101,.F.);
#3216=ADVANCED_FACE('',(#440),#102,.T.);
#3217=ADVANCED_FACE('',(#441,#140),#3031,.F.);
#3218=ADVANCED_FACE('',(#442),#3032,.F.);
#3219=ADVANCED_FACE('',(#443),#3033,.F.);
#3220=ADVANCED_FACE('',(#444),#3034,.F.);
#3221=ADVANCED_FACE('',(#445),#3035,.F.);
#3222=ADVANCED_FACE('',(#446),#3036,.F.);
#3223=ADVANCED_FACE('',(#447),#3037,.F.);
#3224=ADVANCED_FACE('',(#448),#3038,.T.);
#3225=CLOSED_SHELL('',(#3039,#3040,#3041,#3042,#3043,#3044,#3045,#3046,
#3047,#3048,#3049,#3050,#3051,#3052,#3053,#3054,#3055,#3056,#3057,#3058,
#3059,#3060,#3061,#3062,#3063,#3064,#3065,#3066,#3067,#3068,#3069,#3070,
#3071,#3072,#3073,#3074,#3075,#3076,#3077,#3078,#3079,#3080,#3081,#3082,
#3083,#3084,#3085,#3086,#3087,#3088,#3089,#3090,#3091,#3092,#3093,#3094,
#3095,#3096,#3097,#3098,#3099,#3100,#3101,#3102,#3103,#3104,#3105,#3106,
#3107,#3108,#3109,#3110,#3111,#3112,#3113,#3114,#3115,#3116,#3117,#3118,
#3119,#3120,#3121,#3122,#3123,#3124,#3125,#3126,#3127,#3128,#3129,#3130,
#3131,#3132,#3133,#3134,#3135,#3136,#3137,#3138,#3139,#3140,#3141));
#3226=CLOSED_SHELL('',(#3142,#3143,#3144,#3145,#3146,#3147,#3148,#3149,
#3150,#3151,#3152,#3153,#3154,#3155,#3156,#3157,#3158,#3159,#3160,#3161,
#3162,#3163,#3164,#3165,#3166,#3167,#3168,#3169,#3170,#3171,#3172,#3173,
#3174,#3175,#3176,#3177,#3178,#3179,#3180,#3181,#3182,#3183,#3184,#3185,
#3186,#3187,#3188,#3189,#3190,#3191,#3192,#3193,#3194,#3195,#3196,#3197,
#3198,#3199,#3200,#3201,#3202,#3203,#3204,#3205,#3206,#3207,#3208,#3209,
#3210,#3211,#3212,#3213,#3214,#3215,#3216,#3217,#3218,#3219,#3220,#3221,
#3222,#3223,#3224));
#3227=AXIS2_PLACEMENT_3D('',#4486,#3544,#3545);
#3228=AXIS2_PLACEMENT_3D('',#4487,#3546,#3547);
#3229=AXIS2_PLACEMENT_3D('',#4496,#3552,#3553);
#3230=AXIS2_PLACEMENT_3D('',#4505,#3558,#3559);
#3231=AXIS2_PLACEMENT_3D('',#4514,#3564,#3565);
#3232=AXIS2_PLACEMENT_3D('',#4523,#3570,#3571);
#3233=AXIS2_PLACEMENT_3D('',#4524,#3572,#3573);
#3234=AXIS2_PLACEMENT_3D('',#4525,#3574,#3575);
#3235=AXIS2_PLACEMENT_3D('',#4526,#3576,#3577);
#3236=AXIS2_PLACEMENT_3D('',#4527,#3578,#3579);
#3237=AXIS2_PLACEMENT_3D('',#4536,#3584,#3585);
#3238=AXIS2_PLACEMENT_3D('',#4552,#3593,#3594);
#3239=AXIS2_PLACEMENT_3D('',#4560,#3598,#3599);
#3240=AXIS2_PLACEMENT_3D('',#4574,#3607,#3608);
#3241=AXIS2_PLACEMENT_3D('',#4594,#3619,#3620);
#3242=AXIS2_PLACEMENT_3D('',#4596,#3621,#3622);
#3243=AXIS2_PLACEMENT_3D('',#4600,#3624,#3625);
#3244=AXIS2_PLACEMENT_3D('',#4603,#3627,#3628);
#3245=AXIS2_PLACEMENT_3D('',#4604,#3629,#3630);
#3246=AXIS2_PLACEMENT_3D('',#4606,#3631,#3632);
#3247=AXIS2_PLACEMENT_3D('',#4608,#3634,#3635);
#3248=AXIS2_PLACEMENT_3D('',#4610,#3636,#3637);
#3249=AXIS2_PLACEMENT_3D('',#4613,#3639,#3640);
#3250=AXIS2_PLACEMENT_3D('',#4614,#3641,#3642);
#3251=AXIS2_PLACEMENT_3D('',#4616,#3643,#3644);
#3252=AXIS2_PLACEMENT_3D('',#4619,#3646,#3647);
#3253=AXIS2_PLACEMENT_3D('',#4620,#3648,#3649);
#3254=AXIS2_PLACEMENT_3D('',#4623,#3651,#3652);
#3255=AXIS2_PLACEMENT_3D('',#4624,#3653,#3654);
#3256=AXIS2_PLACEMENT_3D('',#4628,#3656,#3657);
#3257=AXIS2_PLACEMENT_3D('',#4630,#3659,#3660);
#3258=AXIS2_PLACEMENT_3D('',#4639,#3665,#3666);
#3259=AXIS2_PLACEMENT_3D('',#4641,#3667,#3668);
#3260=AXIS2_PLACEMENT_3D('',#4643,#3669,#3670);
#3261=AXIS2_PLACEMENT_3D('',#4645,#3672,#3673);
#3262=AXIS2_PLACEMENT_3D('',#4651,#3677,#3678);
#3263=AXIS2_PLACEMENT_3D('',#4652,#3679,#3680);
#3264=AXIS2_PLACEMENT_3D('',#4653,#3681,#3682);
#3265=AXIS2_PLACEMENT_3D('',#4654,#3683,#3684);
#3266=AXIS2_PLACEMENT_3D('',#4656,#3685,#3686);
#3267=AXIS2_PLACEMENT_3D('',#4659,#3688,#3689);
#3268=AXIS2_PLACEMENT_3D('',#4660,#3690,#3691);
#3269=AXIS2_PLACEMENT_3D('',#4662,#3692,#3693);
#3270=AXIS2_PLACEMENT_3D('',#4665,#3695,#3696);
#3271=AXIS2_PLACEMENT_3D('',#4666,#3697,#3698);
#3272=AXIS2_PLACEMENT_3D('',#4667,#3699,#3700);
#3273=AXIS2_PLACEMENT_3D('',#4673,#3703,#3704);
#3274=AXIS2_PLACEMENT_3D('',#4676,#3706,#3707);
#3275=AXIS2_PLACEMENT_3D('',#4678,#3708,#3709);
#3276=AXIS2_PLACEMENT_3D('',#4679,#3710,#3711);
#3277=AXIS2_PLACEMENT_3D('',#4681,#3712,#3713);
#3278=AXIS2_PLACEMENT_3D('',#4684,#3715,#3716);
#3279=AXIS2_PLACEMENT_3D('',#4685,#3717,#3718);
#3280=AXIS2_PLACEMENT_3D('',#4687,#3719,#3720);
#3281=AXIS2_PLACEMENT_3D('',#4689,#3722,#3723);
#3282=AXIS2_PLACEMENT_3D('',#4690,#3724,#3725);
#3283=AXIS2_PLACEMENT_3D('',#4691,#3726,#3727);
#3284=AXIS2_PLACEMENT_3D('',#4693,#3728,#3729);
#3285=AXIS2_PLACEMENT_3D('',#4696,#3731,#3732);
#3286=AXIS2_PLACEMENT_3D('',#4697,#3733,#3734);
#3287=AXIS2_PLACEMENT_3D('',#4699,#3735,#3736);
#3288=AXIS2_PLACEMENT_3D('',#4702,#3738,#3739);
#3289=AXIS2_PLACEMENT_3D('',#4703,#3740,#3741);
#3290=AXIS2_PLACEMENT_3D('',#4704,#3742,#3743);
#3291=AXIS2_PLACEMENT_3D('',#4707,#3745,#3746);
#3292=AXIS2_PLACEMENT_3D('',#4709,#3747,#3748);
#3293=AXIS2_PLACEMENT_3D('',#4712,#3750,#3751);
#3294=AXIS2_PLACEMENT_3D('',#4713,#3752,#3753);
#3295=AXIS2_PLACEMENT_3D('',#4715,#3754,#3755);
#3296=AXIS2_PLACEMENT_3D('',#4718,#3757,#3758);
#3297=AXIS2_PLACEMENT_3D('',#4719,#3759,#3760);
#3298=AXIS2_PLACEMENT_3D('',#4721,#3761,#3762);
#3299=AXIS2_PLACEMENT_3D('',#4723,#3764,#3765);
#3300=AXIS2_PLACEMENT_3D('',#4724,#3766,#3767);
#3301=AXIS2_PLACEMENT_3D('',#4725,#3768,#3769);
#3302=AXIS2_PLACEMENT_3D('',#4728,#3770,#3771);
#3303=AXIS2_PLACEMENT_3D('',#4731,#3774,#3775);
#3304=AXIS2_PLACEMENT_3D('',#4734,#3776,#3777);
#3305=AXIS2_PLACEMENT_3D('',#4737,#3780,#3781);
#3306=AXIS2_PLACEMENT_3D('',#4741,#3784,#3785);
#3307=AXIS2_PLACEMENT_3D('',#4744,#3786,#3787);
#3308=AXIS2_PLACEMENT_3D('',#4748,#3790,#3791);
#3309=AXIS2_PLACEMENT_3D('',#4751,#3792,#3793);
#3310=AXIS2_PLACEMENT_3D('',#4755,#3796,#3797);
#3311=AXIS2_PLACEMENT_3D('',#4757,#3799,#3800);
#3312=AXIS2_PLACEMENT_3D('',#4760,#3801,#3802);
#3313=AXIS2_PLACEMENT_3D('',#4764,#3805,#3806);
#3314=AXIS2_PLACEMENT_3D('',#4767,#3807,#3808);
#3315=AXIS2_PLACEMENT_3D('',#4771,#3811,#3812);
#3316=AXIS2_PLACEMENT_3D('',#4787,#3822,#3823);
#3317=AXIS2_PLACEMENT_3D('',#4800,#3826,#3827);
#3318=AXIS2_PLACEMENT_3D('',#4801,#3828,#3829);
#3319=AXIS2_PLACEMENT_3D('',#4804,#3831,#3832);
#3320=AXIS2_PLACEMENT_3D('',#4816,#3835,#3836);
#3321=AXIS2_PLACEMENT_3D('',#4837,#3849,#3850);
#3322=AXIS2_PLACEMENT_3D('',#4838,#3851,#3852);
#3323=AXIS2_PLACEMENT_3D('',#4840,#3854,#3855);
#3324=AXIS2_PLACEMENT_3D('',#4843,#3856,#3857);
#3325=AXIS2_PLACEMENT_3D('',#4847,#3860,#3861);
#3326=AXIS2_PLACEMENT_3D('',#4848,#3862,#3863);
#3327=AXIS2_PLACEMENT_3D('',#4850,#3864,#3865);
#3328=AXIS2_PLACEMENT_3D('',#4852,#3867,#3868);
#3329=AXIS2_PLACEMENT_3D('',#4853,#3869,#3870);
#3330=AXIS2_PLACEMENT_3D('',#4856,#3871,#3872);
#3331=AXIS2_PLACEMENT_3D('',#4860,#3875,#3876);
#3332=AXIS2_PLACEMENT_3D('',#4862,#3877,#3878);
#3333=AXIS2_PLACEMENT_3D('',#4864,#3880,#3881);
#3334=AXIS2_PLACEMENT_3D('',#4866,#3883,#3884);
#3335=AXIS2_PLACEMENT_3D('',#4869,#3887,#3888);
#3336=AXIS2_PLACEMENT_3D('',#4870,#3889,#3890);
#3337=AXIS2_PLACEMENT_3D('',#4872,#3891,#3892);
#3338=AXIS2_PLACEMENT_3D('',#4873,#3893,#3894);
#3339=AXIS2_PLACEMENT_3D('',#4874,#3895,#3896);
#3340=AXIS2_PLACEMENT_3D('',#4875,#3897,#3898);
#3341=AXIS2_PLACEMENT_3D('',#4876,#3899,#3900);
#3342=AXIS2_PLACEMENT_3D('',#4879,#3901,#3902);
#3343=AXIS2_PLACEMENT_3D('',#4880,#3903,#3904);
#3344=AXIS2_PLACEMENT_3D('',#4881,#3905,#3906);
#3345=AXIS2_PLACEMENT_3D('',#4882,#3907,#3908);
#3346=AXIS2_PLACEMENT_3D('',#4884,#3909,#3910);
#3347=AXIS2_PLACEMENT_3D('',#4885,#3911,#3912);
#3348=AXIS2_PLACEMENT_3D('',#4886,#3913,#3914);
#3349=AXIS2_PLACEMENT_3D('',#4898,#3917,#3918);
#3350=AXIS2_PLACEMENT_3D('',#4921,#3923,#3924);
#3351=AXIS2_PLACEMENT_3D('',#4923,#3926,#3927);
#3352=AXIS2_PLACEMENT_3D('',#4925,#3929,#3930);
#3353=AXIS2_PLACEMENT_3D('',#4952,#3935,#3936);
#3354=AXIS2_PLACEMENT_3D('',#4965,#3940,#3941);
#3355=AXIS2_PLACEMENT_3D('',#4966,#3942,#3943);
#3356=AXIS2_PLACEMENT_3D('',#4969,#3945,#3946);
#3357=AXIS2_PLACEMENT_3D('',#4970,#3947,#3948);
#3358=AXIS2_PLACEMENT_3D('',#4971,#3949,#3950);
#3359=AXIS2_PLACEMENT_3D('',#4972,#3951,#3952);
#3360=AXIS2_PLACEMENT_3D('',#4973,#3953,#3954);
#3361=AXIS2_PLACEMENT_3D('',#4976,#3956,#3957);
#3362=AXIS2_PLACEMENT_3D('',#4977,#3958,#3959);
#3363=AXIS2_PLACEMENT_3D('',#4978,#3960,#3961);
#3364=AXIS2_PLACEMENT_3D('',#4979,#3962,#3963);
#3365=AXIS2_PLACEMENT_3D('',#4980,#3964,#3965);
#3366=AXIS2_PLACEMENT_3D('',#4981,#3966,#3967);
#3367=AXIS2_PLACEMENT_3D('',#4982,#3968,#3969);
#3368=AXIS2_PLACEMENT_3D('',#4983,#3970,#3971);
#3369=AXIS2_PLACEMENT_3D('',#4984,#3972,#3973);
#3370=AXIS2_PLACEMENT_3D('',#4987,#3976,#3977);
#3371=AXIS2_PLACEMENT_3D('',#4989,#3978,#3979);
#3372=AXIS2_PLACEMENT_3D('',#4992,#3981,#3982);
#3373=AXIS2_PLACEMENT_3D('',#4993,#3983,#3984);
#3374=AXIS2_PLACEMENT_3D('',#4995,#3985,#3986);
#3375=AXIS2_PLACEMENT_3D('',#4998,#3988,#3989);
#3376=AXIS2_PLACEMENT_3D('',#4999,#3990,#3991);
#3377=AXIS2_PLACEMENT_3D('',#5001,#3992,#3993);
#3378=AXIS2_PLACEMENT_3D('',#5004,#3995,#3996);
#3379=AXIS2_PLACEMENT_3D('',#5005,#3997,#3998);
#3380=AXIS2_PLACEMENT_3D('',#5007,#3999,#4000);
#3381=AXIS2_PLACEMENT_3D('',#5010,#4002,#4003);
#3382=AXIS2_PLACEMENT_3D('',#5011,#4004,#4005);
#3383=AXIS2_PLACEMENT_3D('',#5013,#4006,#4007);
#3384=AXIS2_PLACEMENT_3D('',#5014,#4008,#4009);
#3385=AXIS2_PLACEMENT_3D('',#5016,#4010,#4011);
#3386=AXIS2_PLACEMENT_3D('',#5017,#4012,#4013);
#3387=AXIS2_PLACEMENT_3D('',#5018,#4014,#4015);
#3388=AXIS2_PLACEMENT_3D('',#5019,#4016,#4017);
#3389=AXIS2_PLACEMENT_3D('',#5020,#4018,#4019);
#3390=AXIS2_PLACEMENT_3D('',#5022,#4020,#4021);
#3391=AXIS2_PLACEMENT_3D('',#5023,#4022,#4023);
#3392=AXIS2_PLACEMENT_3D('',#5025,#4025,#4026);
#3393=AXIS2_PLACEMENT_3D('',#5027,#4027,#4028);
#3394=AXIS2_PLACEMENT_3D('',#5028,#4029,#4030);
#3395=AXIS2_PLACEMENT_3D('',#5030,#4032,#4033);
#3396=AXIS2_PLACEMENT_3D('',#5031,#4034,#4035);
#3397=AXIS2_PLACEMENT_3D('',#5032,#4036,#4037);
#3398=AXIS2_PLACEMENT_3D('',#5033,#4038,#4039);
#3399=AXIS2_PLACEMENT_3D('',#5035,#4040,#4041);
#3400=AXIS2_PLACEMENT_3D('',#5038,#4043,#4044);
#3401=AXIS2_PLACEMENT_3D('',#5039,#4045,#4046);
#3402=AXIS2_PLACEMENT_3D('',#5041,#4047,#4048);
#3403=AXIS2_PLACEMENT_3D('',#5043,#4050,#4051);
#3404=AXIS2_PLACEMENT_3D('',#5045,#4052,#4053);
#3405=AXIS2_PLACEMENT_3D('',#5048,#4055,#4056);
#3406=AXIS2_PLACEMENT_3D('',#5049,#4057,#4058);
#3407=AXIS2_PLACEMENT_3D('',#5051,#4060,#4061);
#3408=AXIS2_PLACEMENT_3D('',#5052,#4062,#4063);
#3409=AXIS2_PLACEMENT_3D('',#5053,#4064,#4065);
#3410=AXIS2_PLACEMENT_3D('',#5054,#4066,#4067);
#3411=AXIS2_PLACEMENT_3D('',#5055,#4068,#4069);
#3412=AXIS2_PLACEMENT_3D('',#5056,#4070,#4071);
#3413=AXIS2_PLACEMENT_3D('',#5057,#4072,#4073);
#3414=AXIS2_PLACEMENT_3D('',#5058,#4074,#4075);
#3415=AXIS2_PLACEMENT_3D('',#5059,#4076,#4077);
#3416=AXIS2_PLACEMENT_3D('',#5060,#4078,#4079);
#3417=AXIS2_PLACEMENT_3D('',#5063,#4081,#4082);
#3418=AXIS2_PLACEMENT_3D('',#5064,#4083,#4084);
#3419=AXIS2_PLACEMENT_3D('',#5065,#4085,#4086);
#3420=AXIS2_PLACEMENT_3D('',#5067,#4088,#4089);
#3421=AXIS2_PLACEMENT_3D('',#5068,#4090,#4091);
#3422=AXIS2_PLACEMENT_3D('',#5069,#4092,#4093);
#3423=AXIS2_PLACEMENT_3D('',#5071,#4095,#4096);
#3424=AXIS2_PLACEMENT_3D('',#5073,#4098,#4099);
#3425=AXIS2_PLACEMENT_3D('',#5074,#4100,#4101);
#3426=AXIS2_PLACEMENT_3D('',#5083,#4106,#4107);
#3427=AXIS2_PLACEMENT_3D('',#5089,#4111,#4112);
#3428=AXIS2_PLACEMENT_3D('',#5095,#4116,#4117);
#3429=AXIS2_PLACEMENT_3D('',#5098,#4120,#4121);
#3430=AXIS2_PLACEMENT_3D('',#5107,#4126,#4127);
#3431=AXIS2_PLACEMENT_3D('',#5112,#4129,#4130);
#3432=AXIS2_PLACEMENT_3D('',#5115,#4132,#4133);
#3433=AXIS2_PLACEMENT_3D('',#5116,#4134,#4135);
#3434=AXIS2_PLACEMENT_3D('',#5121,#4138,#4139);
#3435=AXIS2_PLACEMENT_3D('',#5122,#4140,#4141);
#3436=AXIS2_PLACEMENT_3D('',#5127,#4144,#4145);
#3437=AXIS2_PLACEMENT_3D('',#5128,#4146,#4147);
#3438=AXIS2_PLACEMENT_3D('',#5131,#4150,#4151);
#3439=AXIS2_PLACEMENT_3D('',#5137,#4155,#4156);
#3440=AXIS2_PLACEMENT_3D('',#5141,#4159,#4160);
#3441=AXIS2_PLACEMENT_3D('',#5150,#4165,#4166);
#3442=AXIS2_PLACEMENT_3D('',#5156,#4170,#4171);
#3443=AXIS2_PLACEMENT_3D('',#5160,#4174,#4175);
#3444=AXIS2_PLACEMENT_3D('',#5164,#4178,#4179);
#3445=AXIS2_PLACEMENT_3D('',#5166,#4181,#4182);
#3446=AXIS2_PLACEMENT_3D('',#5171,#4184,#4185);
#3447=AXIS2_PLACEMENT_3D('',#5174,#4187,#4188);
#3448=AXIS2_PLACEMENT_3D('',#5175,#4189,#4190);
#3449=AXIS2_PLACEMENT_3D('',#5180,#4192,#4193);
#3450=AXIS2_PLACEMENT_3D('',#5183,#4195,#4196);
#3451=AXIS2_PLACEMENT_3D('',#5184,#4197,#4198);
#3452=AXIS2_PLACEMENT_3D('',#5187,#4201,#4202);
#3453=AXIS2_PLACEMENT_3D('',#5190,#4205,#4206);
#3454=AXIS2_PLACEMENT_3D('',#5195,#4210,#4211);
#3455=AXIS2_PLACEMENT_3D('',#5198,#4214,#4215);
#3456=AXIS2_PLACEMENT_3D('',#5203,#4217,#4218);
#3457=AXIS2_PLACEMENT_3D('',#5207,#4220,#4221);
#3458=AXIS2_PLACEMENT_3D('',#5211,#4223,#4224);
#3459=AXIS2_PLACEMENT_3D('',#5214,#4226,#4227);
#3460=AXIS2_PLACEMENT_3D('',#5231,#4236,#4237);
#3461=AXIS2_PLACEMENT_3D('',#5233,#4239,#4240);
#3462=AXIS2_PLACEMENT_3D('',#5234,#4241,#4242);
#3463=AXIS2_PLACEMENT_3D('',#5236,#4244,#4245);
#3464=AXIS2_PLACEMENT_3D('',#5237,#4246,#4247);
#3465=AXIS2_PLACEMENT_3D('',#5243,#4251,#4252);
#3466=AXIS2_PLACEMENT_3D('',#5247,#4255,#4256);
#3467=AXIS2_PLACEMENT_3D('',#5251,#4259,#4260);
#3468=AXIS2_PLACEMENT_3D('',#5253,#4262,#4263);
#3469=AXIS2_PLACEMENT_3D('',#5262,#4268,#4269);
#3470=AXIS2_PLACEMENT_3D('',#5268,#4273,#4274);
#3471=AXIS2_PLACEMENT_3D('',#5272,#4277,#4278);
#3472=AXIS2_PLACEMENT_3D('',#5276,#4281,#4282);
#3473=AXIS2_PLACEMENT_3D('',#5278,#4284,#4285);
#3474=AXIS2_PLACEMENT_3D('',#5287,#4290,#4291);
#3475=AXIS2_PLACEMENT_3D('',#5293,#4295,#4296);
#3476=AXIS2_PLACEMENT_3D('',#5297,#4299,#4300);
#3477=AXIS2_PLACEMENT_3D('',#5303,#4304,#4305);
#3478=AXIS2_PLACEMENT_3D('',#5307,#4308,#4309);
#3479=AXIS2_PLACEMENT_3D('',#5311,#4312,#4313);
#3480=AXIS2_PLACEMENT_3D('',#5313,#4315,#4316);
#3481=AXIS2_PLACEMENT_3D('',#5317,#4319,#4320);
#3482=AXIS2_PLACEMENT_3D('',#5319,#4322,#4323);
#3483=AXIS2_PLACEMENT_3D('',#5325,#4327,#4328);
#3484=AXIS2_PLACEMENT_3D('',#5327,#4329,#4330);
#3485=AXIS2_PLACEMENT_3D('',#5329,#4332,#4333);
#3486=AXIS2_PLACEMENT_3D('',#5333,#4336,#4337);
#3487=AXIS2_PLACEMENT_3D('',#5335,#4338,#4339);
#3488=AXIS2_PLACEMENT_3D('',#5337,#4341,#4342);
#3489=AXIS2_PLACEMENT_3D('',#5341,#4345,#4346);
#3490=AXIS2_PLACEMENT_3D('',#5343,#4347,#4348);
#3491=AXIS2_PLACEMENT_3D('',#5345,#4350,#4351);
#3492=AXIS2_PLACEMENT_3D('',#5349,#4354,#4355);
#3493=AXIS2_PLACEMENT_3D('',#5350,#4356,#4357);
#3494=AXIS2_PLACEMENT_3D('',#5351,#4358,#4359);
#3495=AXIS2_PLACEMENT_3D('',#5355,#4361,#4362);
#3496=AXIS2_PLACEMENT_3D('',#5357,#4364,#4365);
#3497=AXIS2_PLACEMENT_3D('',#5361,#4368,#4369);
#3498=AXIS2_PLACEMENT_3D('',#5364,#4371,#4372);
#3499=AXIS2_PLACEMENT_3D('',#5365,#4373,#4374);
#3500=AXIS2_PLACEMENT_3D('',#5369,#4377,#4378);
#3501=AXIS2_PLACEMENT_3D('',#5371,#4379,#4380);
#3502=AXIS2_PLACEMENT_3D('',#5375,#4382,#4383);
#3503=AXIS2_PLACEMENT_3D('',#5377,#4385,#4386);
#3504=AXIS2_PLACEMENT_3D('',#5380,#4389,#4390);
#3505=AXIS2_PLACEMENT_3D('',#5382,#4392,#4393);
#3506=AXIS2_PLACEMENT_3D('',#5383,#4394,#4395);
#3507=AXIS2_PLACEMENT_3D('',#5385,#4396,#4397);
#3508=AXIS2_PLACEMENT_3D('',#5388,#4399,#4400);
#3509=AXIS2_PLACEMENT_3D('',#5389,#4401,#4402);
#3510=AXIS2_PLACEMENT_3D('',#5391,#4403,#4404);
#3511=AXIS2_PLACEMENT_3D('',#5394,#4406,#4407);
#3512=AXIS2_PLACEMENT_3D('',#5395,#4408,#4409);
#3513=AXIS2_PLACEMENT_3D('',#5396,#4410,#4411);
#3514=AXIS2_PLACEMENT_3D('',#5406,#4416,#4417);
#3515=AXIS2_PLACEMENT_3D('',#5408,#4418,#4419);
#3516=AXIS2_PLACEMENT_3D('',#5410,#4420,#4421);
#3517=AXIS2_PLACEMENT_3D('',#5411,#4422,#4423);
#3518=AXIS2_PLACEMENT_3D('',#5413,#4424,#4425);
#3519=AXIS2_PLACEMENT_3D('',#5416,#4427,#4428);
#3520=AXIS2_PLACEMENT_3D('',#5417,#4429,#4430);
#3521=AXIS2_PLACEMENT_3D('',#5420,#4432,#4433);
#3522=AXIS2_PLACEMENT_3D('',#5421,#4434,#4435);
#3523=AXIS2_PLACEMENT_3D('',#5422,#4436,#4437);
#3524=AXIS2_PLACEMENT_3D('',#5423,#4438,#4439);
#3525=AXIS2_PLACEMENT_3D('',#5425,#4440,#4441);
#3526=AXIS2_PLACEMENT_3D('',#5428,#4443,#4444);
#3527=AXIS2_PLACEMENT_3D('',#5429,#4445,#4446);
#3528=AXIS2_PLACEMENT_3D('',#5432,#4448,#4449);
#3529=AXIS2_PLACEMENT_3D('',#5433,#4450,#4451);
#3530=AXIS2_PLACEMENT_3D('',#5434,#4452,#4453);
#3531=AXIS2_PLACEMENT_3D('',#5435,#4454,#4455);
#3532=AXIS2_PLACEMENT_3D('',#5437,#4456,#4457);
#3533=AXIS2_PLACEMENT_3D('',#5440,#4459,#4460);
#3534=AXIS2_PLACEMENT_3D('',#5441,#4461,#4462);
#3535=AXIS2_PLACEMENT_3D('',#5444,#4464,#4465);
#3536=AXIS2_PLACEMENT_3D('',#5445,#4466,#4467);
#3537=AXIS2_PLACEMENT_3D('',#5446,#4468,#4469);
#3538=AXIS2_PLACEMENT_3D('',#5447,#4470,#4471);
#3539=AXIS2_PLACEMENT_3D('',#5450,#4474,#4475);
#3540=AXIS2_PLACEMENT_3D('',#5452,#4477,#4478);
#3541=AXIS2_PLACEMENT_3D('',#5454,#4480,#4481);
#3542=AXIS2_PLACEMENT_3D('',#5455,#4482,#4483);
#3543=AXIS2_PLACEMENT_3D('',#5456,#4484,#4485);
#3544=DIRECTION('axis',(0.,0.,1.));
#3545=DIRECTION('refdir',(1.,0.,0.));
#3546=DIRECTION('center_axis',(-1.,0.,0.));
#3547=DIRECTION('ref_axis',(0.,0.,1.));
#3548=DIRECTION('',(0.,0.,1.));
#3549=DIRECTION('',(0.,-1.,0.));
#3550=DIRECTION('',(0.,0.,-1.));
#3551=DIRECTION('',(0.,1.,0.));
#3552=DIRECTION('center_axis',(7.16272919113004E-17,1.,0.));
#3553=DIRECTION('ref_axis',(0.,0.,1.));
#3554=DIRECTION('',(0.,0.,1.));
#3555=DIRECTION('',(-1.,0.,0.));
#3556=DIRECTION('',(0.,0.,-1.));
#3557=DIRECTION('',(1.,-7.16272919113004E-17,0.));
#3558=DIRECTION('center_axis',(0.,-1.,0.));
#3559=DIRECTION('ref_axis',(0.,0.,1.));
#3560=DIRECTION('',(0.,0.,-1.));
#3561=DIRECTION('',(-1.,0.,0.));
#3562=DIRECTION('',(0.,0.,1.));
#3563=DIRECTION('',(1.,0.,0.));
#3564=DIRECTION('center_axis',(1.,-5.28677630773884E-17,0.));
#3565=DIRECTION('ref_axis',(0.,0.,1.));
#3566=DIRECTION('',(0.,0.,-1.));
#3567=DIRECTION('',(-5.28677630773884E-17,-1.,0.));
#3568=DIRECTION('',(0.,0.,1.));
#3569=DIRECTION('',(0.,1.,0.));
#3570=DIRECTION('center_axis',(0.,0.,-1.));
#3571=DIRECTION('ref_axis',(7.16272919113004E-17,1.,0.));
#3572=DIRECTION('center_axis',(0.,0.,-1.));
#3573=DIRECTION('ref_axis',(-0.707106781186546,-0.707106781186549,0.));
#3574=DIRECTION('center_axis',(0.,0.,-1.));
#3575=DIRECTION('ref_axis',(0.707106781186549,-0.707106781186546,0.));
#3576=DIRECTION('center_axis',(0.,0.,-1.));
#3577=DIRECTION('ref_axis',(0.707106781186548,0.707106781186548,0.));
#3578=DIRECTION('center_axis',(0.,0.,-1.));
#3579=DIRECTION('ref_axis',(-0.707106781186548,0.707106781186548,0.));
#3580=DIRECTION('',(0.,-1.,0.));
#3581=DIRECTION('',(-1.,0.,0.));
#3582=DIRECTION('',(0.,1.,0.));
#3583=DIRECTION('',(1.,0.,0.));
#3584=DIRECTION('center_axis',(0.,-1.,0.));
#3585=DIRECTION('ref_axis',(1.,0.,0.));
#3586=DIRECTION('',(0.,0.,-1.));
#3587=DIRECTION('',(-1.,0.,0.));
#3588=DIRECTION('',(0.,0.,1.));
#3589=DIRECTION('',(-1.,0.,0.));
#3590=DIRECTION('',(0.,0.,-1.));
#3591=DIRECTION('',(-1.,0.,0.));
#3592=DIRECTION('',(0.,0.,1.));
#3593=DIRECTION('center_axis',(0.,-1.,0.));
#3594=DIRECTION('ref_axis',(-0.707106781186548,-1.57009245868377E-15,0.707106781186548));
#3595=DIRECTION('',(0.,0.,-1.));
#3596=DIRECTION('',(-1.,0.,0.));
#3597=DIRECTION('',(0.,0.,1.));
#3598=DIRECTION('center_axis',(0.,-1.,0.));
#3599=DIRECTION('ref_axis',(0.707106781186547,-4.71027737605133E-15,0.707106781186548));
#3600=DIRECTION('',(0.,0.,-1.));
#3601=DIRECTION('',(-1.,0.,0.));
#3602=DIRECTION('',(0.,0.,1.));
#3603=DIRECTION('',(-1.,0.,0.));
#3604=DIRECTION('',(0.,0.,-1.));
#3605=DIRECTION('',(-1.,0.,0.));
#3606=DIRECTION('',(0.,0.,1.));
#3607=DIRECTION('center_axis',(1.,0.,0.));
#3608=DIRECTION('ref_axis',(0.,1.,0.));
#3609=DIRECTION('',(0.,0.,-1.));
#3610=DIRECTION('',(0.,-1.,0.));
#3611=DIRECTION('',(0.,0.,1.));
#3612=DIRECTION('',(0.,-1.,0.));
#3613=DIRECTION('',(0.,0.,-1.));
#3614=DIRECTION('',(0.,-1.,0.));
#3615=DIRECTION('',(0.,0.,1.));
#3616=DIRECTION('',(0.,-1.,0.));
#3617=DIRECTION('',(0.,0.,-1.));
#3618=DIRECTION('',(0.,-1.,0.));
#3619=DIRECTION('center_axis',(0.,0.,1.));
#3620=DIRECTION('ref_axis',(-0.707106781186548,0.707106781186548,0.));
#3621=DIRECTION('center_axis',(0.,0.,-1.));
#3622=DIRECTION('ref_axis',(-0.707106781186548,0.707106781186548,0.));
#3623=DIRECTION('',(0.,0.,-1.));
#3624=DIRECTION('center_axis',(0.,0.,-1.));
#3625=DIRECTION('ref_axis',(0.,1.,0.));
#3626=DIRECTION('',(0.,0.,1.));
#3627=DIRECTION('center_axis',(0.,0.,-1.));
#3628=DIRECTION('ref_axis',(-0.707106781186548,0.707106781186548,0.));
#3629=DIRECTION('center_axis',(0.,0.,1.));
#3630=DIRECTION('ref_axis',(1.,0.,0.));
#3631=DIRECTION('center_axis',(0.,0.,-1.));
#3632=DIRECTION('ref_axis',(0.707106781186548,0.707106781186548,0.));
#3633=DIRECTION('',(-1.,0.,0.));
#3634=DIRECTION('center_axis',(0.,0.,1.));
#3635=DIRECTION('ref_axis',(1.,0.,0.));
#3636=DIRECTION('center_axis',(0.,0.,-1.));
#3637=DIRECTION('ref_axis',(0.707106781186549,-0.707106781186546,0.));
#3638=DIRECTION('',(0.,1.,0.));
#3639=DIRECTION('center_axis',(0.,0.,-1.));
#3640=DIRECTION('ref_axis',(0.707106781186548,0.707106781186548,0.));
#3641=DIRECTION('center_axis',(0.,0.,1.));
#3642=DIRECTION('ref_axis',(1.,0.,0.));
#3643=DIRECTION('center_axis',(0.,0.,-1.));
#3644=DIRECTION('ref_axis',(-0.707106781186546,-0.707106781186549,0.));
#3645=DIRECTION('',(1.,0.,0.));
#3646=DIRECTION('center_axis',(0.,0.,-1.));
#3647=DIRECTION('ref_axis',(0.707106781186549,-0.707106781186546,0.));
#3648=DIRECTION('center_axis',(0.,0.,1.));
#3649=DIRECTION('ref_axis',(1.,0.,0.));
#3650=DIRECTION('',(0.,-1.,0.));
#3651=DIRECTION('center_axis',(0.,0.,-1.));
#3652=DIRECTION('ref_axis',(-0.707106781186546,-0.707106781186549,0.));
#3653=DIRECTION('center_axis',(0.,0.,1.));
#3654=DIRECTION('ref_axis',(0.707106781186548,0.707106781186548,0.));
#3655=DIRECTION('',(0.,0.,-1.));
#3656=DIRECTION('center_axis',(0.,0.,-1.));
#3657=DIRECTION('ref_axis',(1.,0.,0.));
#3658=DIRECTION('',(0.,0.,1.));
#3659=DIRECTION('center_axis',(-2.42867454542445E-12,0.,1.));
#3660=DIRECTION('ref_axis',(1.,0.,2.42867454542445E-12));
#3661=DIRECTION('',(-1.,0.,-2.42867454542445E-12));
#3662=DIRECTION('',(0.,1.,0.));
#3663=DIRECTION('',(1.,0.,2.42867454542445E-12));
#3664=DIRECTION('',(0.,1.,0.));
#3665=DIRECTION('center_axis',(0.,1.,0.));
#3666=DIRECTION('ref_axis',(-2.15472084617615E-12,0.,1.));
#3667=DIRECTION('center_axis',(0.,-1.,0.));
#3668=DIRECTION('ref_axis',(-2.15472084617615E-12,0.,1.));
#3669=DIRECTION('center_axis',(0.,1.,0.));
#3670=DIRECTION('ref_axis',(-2.15472084617615E-12,0.,1.));
#3671=DIRECTION('',(0.,1.,0.));
#3672=DIRECTION('center_axis',(7.88505063711075E-13,0.,-1.));
#3673=DIRECTION('ref_axis',(-1.,0.,-7.88505063711075E-13));
#3674=DIRECTION('',(1.,0.,7.88505063711075E-13));
#3675=DIRECTION('',(-1.,0.,-7.88505063711075E-13));
#3676=DIRECTION('',(0.,1.,0.));
#3677=DIRECTION('center_axis',(0.,1.,0.));
#3678=DIRECTION('ref_axis',(1.57562851655929E-12,0.,-1.));
#3679=DIRECTION('center_axis',(0.,-1.,0.));
#3680=DIRECTION('ref_axis',(1.57562851655929E-12,0.,-1.));
#3681=DIRECTION('center_axis',(0.,1.,0.));
#3682=DIRECTION('ref_axis',(1.57562851655929E-12,0.,-1.));
#3683=DIRECTION('center_axis',(0.,0.,1.));
#3684=DIRECTION('ref_axis',(1.,0.,0.));
#3685=DIRECTION('center_axis',(0.,0.,-1.));
#3686=DIRECTION('ref_axis',(1.,0.,0.));
#3687=DIRECTION('',(0.,0.,-1.));
#3688=DIRECTION('center_axis',(0.,0.,1.));
#3689=DIRECTION('ref_axis',(1.,0.,0.));
#3690=DIRECTION('center_axis',(0.,0.,1.));
#3691=DIRECTION('ref_axis',(1.,0.,0.));
#3692=DIRECTION('center_axis',(0.,0.,1.));
#3693=DIRECTION('ref_axis',(1.,0.,0.));
#3694=DIRECTION('',(0.,0.,-1.));
#3695=DIRECTION('center_axis',(0.,0.,-1.));
#3696=DIRECTION('ref_axis',(1.,0.,0.));
#3697=DIRECTION('center_axis',(0.,0.,1.));
#3698=DIRECTION('ref_axis',(1.,0.,0.));
#3699=DIRECTION('center_axis',(0.,0.,1.));
#3700=DIRECTION('ref_axis',(1.,0.,0.));
#3701=DIRECTION('',(5.46178683378813E-15,1.,0.));
#3702=DIRECTION('',(1.,0.,0.));
#3703=DIRECTION('center_axis',(0.,0.,-1.));
#3704=DIRECTION('ref_axis',(1.,0.,0.));
#3705=DIRECTION('',(0.,1.,0.));
#3706=DIRECTION('center_axis',(0.,0.,-1.));
#3707=DIRECTION('ref_axis',(1.,0.,0.));
#3708=DIRECTION('center_axis',(0.,0.,-1.));
#3709=DIRECTION('ref_axis',(1.,0.,0.));
#3710=DIRECTION('center_axis',(0.,0.,1.));
#3711=DIRECTION('ref_axis',(1.,0.,0.));
#3712=DIRECTION('center_axis',(0.,0.,-1.));
#3713=DIRECTION('ref_axis',(1.,0.,0.));
#3714=DIRECTION('',(0.,0.,-1.));
#3715=DIRECTION('center_axis',(0.,0.,1.));
#3716=DIRECTION('ref_axis',(1.,0.,0.));
#3717=DIRECTION('center_axis',(0.,0.,1.));
#3718=DIRECTION('ref_axis',(1.,0.,0.));
#3719=DIRECTION('center_axis',(0.,0.,1.));
#3720=DIRECTION('ref_axis',(1.,0.,0.));
#3721=DIRECTION('',(0.,0.,-1.));
#3722=DIRECTION('center_axis',(0.,0.,1.));
#3723=DIRECTION('ref_axis',(1.,0.,0.));
#3724=DIRECTION('center_axis',(0.,0.,1.));
#3725=DIRECTION('ref_axis',(1.,0.,0.));
#3726=DIRECTION('center_axis',(0.,0.,1.));
#3727=DIRECTION('ref_axis',(1.,0.,0.));
#3728=DIRECTION('center_axis',(0.,0.,-1.));
#3729=DIRECTION('ref_axis',(1.,0.,0.));
#3730=DIRECTION('',(0.,0.,-1.));
#3731=DIRECTION('center_axis',(0.,0.,1.));
#3732=DIRECTION('ref_axis',(1.,0.,0.));
#3733=DIRECTION('center_axis',(0.,0.,1.));
#3734=DIRECTION('ref_axis',(1.,0.,0.));
#3735=DIRECTION('center_axis',(0.,0.,1.));
#3736=DIRECTION('ref_axis',(1.,0.,0.));
#3737=DIRECTION('',(0.,0.,-1.));
#3738=DIRECTION('center_axis',(0.,0.,-1.));
#3739=DIRECTION('ref_axis',(1.,0.,0.));
#3740=DIRECTION('center_axis',(0.,0.,1.));
#3741=DIRECTION('ref_axis',(1.,0.,0.));
#3742=DIRECTION('center_axis',(0.,0.,1.));
#3743=DIRECTION('ref_axis',(1.,0.,0.));
#3744=DIRECTION('',(2.22459654847118E-15,-1.,0.));
#3745=DIRECTION('center_axis',(0.,0.,-1.));
#3746=DIRECTION('ref_axis',(1.,0.,0.));
#3747=DIRECTION('center_axis',(0.,0.,-1.));
#3748=DIRECTION('ref_axis',(1.,0.,0.));
#3749=DIRECTION('',(1.,0.,0.));
#3750=DIRECTION('center_axis',(0.,0.,-1.));
#3751=DIRECTION('ref_axis',(1.,0.,0.));
#3752=DIRECTION('center_axis',(0.,0.,1.));
#3753=DIRECTION('ref_axis',(1.,0.,0.));
#3754=DIRECTION('center_axis',(0.,0.,-1.));
#3755=DIRECTION('ref_axis',(1.,0.,0.));
#3756=DIRECTION('',(0.,0.,-1.));
#3757=DIRECTION('center_axis',(0.,0.,1.));
#3758=DIRECTION('ref_axis',(1.,0.,0.));
#3759=DIRECTION('center_axis',(0.,0.,1.));
#3760=DIRECTION('ref_axis',(1.,0.,0.));
#3761=DIRECTION('center_axis',(0.,0.,1.));
#3762=DIRECTION('ref_axis',(1.,0.,0.));
#3763=DIRECTION('',(0.,0.,-1.));
#3764=DIRECTION('center_axis',(0.,0.,1.));
#3765=DIRECTION('ref_axis',(1.,0.,0.));
#3766=DIRECTION('center_axis',(0.,0.,1.));
#3767=DIRECTION('ref_axis',(1.,0.,0.));
#3768=DIRECTION('center_axis',(-5.46178683378813E-15,-1.,0.));
#3769=DIRECTION('ref_axis',(0.707106781186547,-4.71027737605133E-15,0.707106781186548));
#3770=DIRECTION('center_axis',(0.,1.,0.));
#3771=DIRECTION('ref_axis',(0.707106781186547,-4.71027737605133E-15,0.707106781186548));
#3772=DIRECTION('',(-5.46178683378813E-15,-1.,0.));
#3773=DIRECTION('',(5.46178683378813E-15,1.,0.));
#3774=DIRECTION('center_axis',(2.22459654847118E-15,-1.,0.));
#3775=DIRECTION('ref_axis',(-0.707106781186548,-1.57009245868377E-15,0.707106781186548));
#3776=DIRECTION('center_axis',(0.,1.,0.));
#3777=DIRECTION('ref_axis',(-0.707106781186548,-1.57009245868377E-15,0.707106781186548));
#3778=DIRECTION('',(2.22459654847118E-15,-1.,0.));
#3779=DIRECTION('',(2.22459654847118E-15,-1.,0.));
#3780=DIRECTION('center_axis',(-1.,-2.22459654847118E-15,0.));
#3781=DIRECTION('ref_axis',(2.22459654847118E-15,-1.,0.));
#3782=DIRECTION('',(0.,0.,1.));
#3783=DIRECTION('',(-2.22459654847118E-15,1.,0.));
#3784=DIRECTION('center_axis',(-1.,-2.22459654847118E-15,0.));
#3785=DIRECTION('ref_axis',(2.22459654847118E-15,-1.,0.));
#3786=DIRECTION('center_axis',(-1.,-2.22459654847118E-15,0.));
#3787=DIRECTION('ref_axis',(0.,0.707106781186548,-0.707106781186547));
#3788=DIRECTION('',(0.,0.,1.));
#3789=DIRECTION('',(2.22459654847118E-15,-1.,0.));
#3790=DIRECTION('center_axis',(-1.,-2.22459654847118E-15,0.));
#3791=DIRECTION('ref_axis',(2.22459654847118E-15,-1.,0.));
#3792=DIRECTION('center_axis',(-1.,-2.22459654847118E-15,0.));
#3793=DIRECTION('ref_axis',(0.,-0.707106781186549,-0.707106781186546));
#3794=DIRECTION('',(2.22459654847118E-15,-1.,0.));
#3795=DIRECTION('',(0.,0.,1.));
#3796=DIRECTION('center_axis',(-1.,-2.22459654847118E-15,0.));
#3797=DIRECTION('ref_axis',(2.22459654847118E-15,-1.,0.));
#3798=DIRECTION('',(0.,0.,-1.));
#3799=DIRECTION('center_axis',(-1.,-2.22459654847118E-15,0.));
#3800=DIRECTION('ref_axis',(2.22459654847118E-15,-1.,0.));
#3801=DIRECTION('center_axis',(1.,2.22459654847118E-15,0.));
#3802=DIRECTION('ref_axis',(0.,0.707106781186548,-0.707106781186547));
#3803=DIRECTION('',(2.22459654847118E-15,-1.,0.));
#3804=DIRECTION('',(0.,0.,1.));
#3805=DIRECTION('center_axis',(-1.,-2.22459654847118E-15,0.));
#3806=DIRECTION('ref_axis',(2.22459654847118E-15,-1.,0.));
#3807=DIRECTION('center_axis',(1.,2.22459654847118E-15,0.));
#3808=DIRECTION('ref_axis',(0.,-0.707106781186549,-0.707106781186546));
#3809=DIRECTION('',(0.,0.,1.));
#3810=DIRECTION('',(2.22459654847118E-15,-1.,0.));
#3811=DIRECTION('center_axis',(0.,-1.,0.));
#3812=DIRECTION('ref_axis',(1.,0.,0.));
#3813=DIRECTION('',(-1.,0.,0.));
#3814=DIRECTION('',(0.,0.,-1.));
#3815=DIRECTION('',(0.,0.,1.));
#3816=DIRECTION('',(-1.,0.,0.));
#3817=DIRECTION('',(0.,0.,1.));
#3818=DIRECTION('',(-1.,5.46178683378813E-15,0.));
#3819=DIRECTION('',(0.,0.,1.));
#3820=DIRECTION('',(-1.,0.,0.));
#3821=DIRECTION('',(-1.,-2.22459654847118E-15,0.));
#3822=DIRECTION('center_axis',(-1.,0.,0.));
#3823=DIRECTION('ref_axis',(0.,-0.707106781186549,-0.707106781186546));
#3824=DIRECTION('',(1.,0.,0.));
#3825=DIRECTION('',(1.,0.,0.));
#3826=DIRECTION('center_axis',(1.,0.,0.));
#3827=DIRECTION('ref_axis',(0.,0.,-1.));
#3828=DIRECTION('center_axis',(1.,0.,0.));
#3829=DIRECTION('ref_axis',(0.,0.707106781186548,-0.707106781186547));
#3830=DIRECTION('',(1.,0.,0.));
#3831=DIRECTION('center_axis',(1.,0.,0.));
#3832=DIRECTION('ref_axis',(0.,1.,0.));
#3833=DIRECTION('',(-1.,0.,0.));
#3834=DIRECTION('',(-1.,0.,0.));
#3835=DIRECTION('center_axis',(0.,1.,0.));
#3836=DIRECTION('ref_axis',(-1.,0.,0.));
#3837=DIRECTION('',(0.,0.,-1.));
#3838=DIRECTION('',(1.,0.,0.));
#3839=DIRECTION('',(0.,0.,1.));
#3840=DIRECTION('',(1.,0.,0.));
#3841=DIRECTION('',(0.,0.,-1.));
#3842=DIRECTION('',(0.,0.,1.));
#3843=DIRECTION('',(0.,0.,-1.));
#3844=DIRECTION('',(1.,0.,0.));
#3845=DIRECTION('',(0.,0.,1.));
#3846=DIRECTION('',(1.,0.,0.));
#3847=DIRECTION('',(0.,0.,-1.));
#3848=DIRECTION('',(1.,0.,0.));
#3849=DIRECTION('center_axis',(0.,0.,1.));
#3850=DIRECTION('ref_axis',(1.,0.,0.));
#3851=DIRECTION('center_axis',(0.,0.,1.));
#3852=DIRECTION('ref_axis',(1.,0.,0.));
#3853=DIRECTION('',(-5.46178683378813E-15,-1.,0.));
#3854=DIRECTION('center_axis',(-1.,5.46178683378813E-15,0.));
#3855=DIRECTION('ref_axis',(-5.46178683378813E-15,-1.,0.));
#3856=DIRECTION('center_axis',(-1.,5.46178683378813E-15,0.));
#3857=DIRECTION('ref_axis',(0.,0.707106781186548,-0.707106781186547));
#3858=DIRECTION('',(0.,0.,1.));
#3859=DIRECTION('',(-5.46178683378813E-15,-1.,0.));
#3860=DIRECTION('center_axis',(-1.,5.46178683378813E-15,0.));
#3861=DIRECTION('ref_axis',(-5.46178683378813E-15,-1.,0.));
#3862=DIRECTION('center_axis',(-1.,5.46178683378813E-15,0.));
#3863=DIRECTION('ref_axis',(-5.46178683378813E-15,-1.,0.));
#3864=DIRECTION('center_axis',(-1.,5.46178683378813E-15,0.));
#3865=DIRECTION('ref_axis',(0.,-0.707106781186549,-0.707106781186546));
#3866=DIRECTION('',(-5.46178683378813E-15,-1.,0.));
#3867=DIRECTION('center_axis',(-1.,5.46178683378813E-15,0.));
#3868=DIRECTION('ref_axis',(-5.46178683378813E-15,-1.,0.));
#3869=DIRECTION('center_axis',(-1.,5.46178683378813E-15,0.));
#3870=DIRECTION('ref_axis',(-5.46178683378813E-15,-1.,0.));
#3871=DIRECTION('center_axis',(1.,-5.46178683378813E-15,0.));
#3872=DIRECTION('ref_axis',(0.,0.707106781186548,-0.707106781186547));
#3873=DIRECTION('',(-5.46178683378813E-15,-1.,0.));
#3874=DIRECTION('',(0.,0.,1.));
#3875=DIRECTION('center_axis',(-1.,5.46178683378813E-15,0.));
#3876=DIRECTION('ref_axis',(-5.46178683378813E-15,-1.,0.));
#3877=DIRECTION('center_axis',(1.,-5.46178683378813E-15,0.));
#3878=DIRECTION('ref_axis',(0.,-0.707106781186549,-0.707106781186546));
#3879=DIRECTION('',(-5.46178683378813E-15,-1.,0.));
#3880=DIRECTION('center_axis',(-1.,0.,0.));
#3881=DIRECTION('ref_axis',(0.,-0.707106781186549,-0.707106781186546));
#3882=DIRECTION('',(1.,0.,0.));
#3883=DIRECTION('center_axis',(1.,0.,0.));
#3884=DIRECTION('ref_axis',(0.,0.707106781186548,-0.707106781186547));
#3885=DIRECTION('',(-1.,0.,0.));
#3886=DIRECTION('',(1.,0.,0.));
#3887=DIRECTION('center_axis',(0.,0.,1.));
#3888=DIRECTION('ref_axis',(1.,0.,0.));
#3889=DIRECTION('center_axis',(-0.816496580927726,-0.408248290463863,0.408248290463863));
#3890=DIRECTION('ref_axis',(-0.577350269189626,0.577350269189626,-0.577350269189625));
#3891=DIRECTION('center_axis',(-1.,0.,0.));
#3892=DIRECTION('ref_axis',(0.,0.,-1.));
#3893=DIRECTION('center_axis',(0.,1.,0.));
#3894=DIRECTION('ref_axis',(-1.,0.,0.));
#3895=DIRECTION('center_axis',(-0.408248290463867,-0.408248290463861,-0.816496580927725));
#3896=DIRECTION('ref_axis',(0.577350269189627,0.577350269189623,-0.577350269189628));
#3897=DIRECTION('center_axis',(4.44089209850062E-15,1.,0.));
#3898=DIRECTION('ref_axis',(0.,0.,-1.));
#3899=DIRECTION('center_axis',(0.408248290463864,0.408248290463863,-0.816496580927725));
#3900=DIRECTION('ref_axis',(-0.577350269189627,-0.577350269189625,-0.577350269189626));
#3901=DIRECTION('center_axis',(-8.88178419700124E-15,-1.,0.));
#3902=DIRECTION('ref_axis',(0.,0.,-1.));
#3903=DIRECTION('center_axis',(-1.,0.,0.));
#3904=DIRECTION('ref_axis',(0.,-1.,0.));
#3905=DIRECTION('center_axis',(0.,0.,-1.));
#3906=DIRECTION('ref_axis',(-1.,0.,0.));
#3907=DIRECTION('center_axis',(-0.816496580927727,-0.408248290463863,-0.408248290463862));
#3908=DIRECTION('ref_axis',(0.577350269189626,-0.577350269189626,-0.577350269189625));
#3909=DIRECTION('center_axis',(0.,0.,-1.));
#3910=DIRECTION('ref_axis',(0.,-1.,0.));
#3911=DIRECTION('center_axis',(0.,-1.,-4.44089209850063E-15));
#3912=DIRECTION('ref_axis',(1.,0.,0.));
#3913=DIRECTION('center_axis',(-1.,0.,0.));
#3914=DIRECTION('ref_axis',(0.,-0.707106781186549,-0.707106781186546));
#3915=DIRECTION('',(1.,0.,0.));
#3916=DIRECTION('',(1.,0.,0.));
#3917=DIRECTION('center_axis',(0.,-1.,0.));
#3918=DIRECTION('ref_axis',(0.707106781186548,0.,-0.707106781186547));
#3919=DIRECTION('',(0.,1.,0.));
#3920=DIRECTION('',(0.,-1.,0.));
#3921=DIRECTION('',(0.,1.,0.));
#3922=DIRECTION('',(0.,1.,0.));
#3923=DIRECTION('center_axis',(0.,0.,1.));
#3924=DIRECTION('ref_axis',(0.707106781186549,-0.707106781186546,0.));
#3925=DIRECTION('',(0.,0.,1.));
#3926=DIRECTION('center_axis',(0.,0.,1.));
#3927=DIRECTION('ref_axis',(-0.707106781186546,-0.707106781186549,0.));
#3928=DIRECTION('',(0.,0.,-1.));
#3929=DIRECTION('center_axis',(0.,1.,0.));
#3930=DIRECTION('ref_axis',(-0.707106781186548,0.,-0.707106781186547));
#3931=DIRECTION('',(0.,-1.,0.));
#3932=DIRECTION('',(0.,1.,0.));
#3933=DIRECTION('',(0.,-1.,0.));
#3934=DIRECTION('',(0.,-1.,0.));
#3935=DIRECTION('center_axis',(1.,0.,0.));
#3936=DIRECTION('ref_axis',(0.,0.707106781186548,-0.707106781186547));
#3937=DIRECTION('',(-1.,0.,0.));
#3938=DIRECTION('',(-1.,0.,0.));
#3939=DIRECTION('',(1.,0.,0.));
#3940=DIRECTION('center_axis',(0.,0.,1.));
#3941=DIRECTION('ref_axis',(1.,0.,0.));
#3942=DIRECTION('center_axis',(0.,0.,1.));
#3943=DIRECTION('ref_axis',(1.,0.,0.));
#3944=DIRECTION('',(0.,0.,1.));
#3945=DIRECTION('center_axis',(0.,0.,1.));
#3946=DIRECTION('ref_axis',(1.,0.,0.));
#3947=DIRECTION('center_axis',(0.,0.,1.));
#3948=DIRECTION('ref_axis',(1.,0.,0.));
#3949=DIRECTION('center_axis',(0.,0.,1.));
#3950=DIRECTION('ref_axis',(1.,0.,0.));
#3951=DIRECTION('center_axis',(0.,0.,1.));
#3952=DIRECTION('ref_axis',(1.,0.,0.));
#3953=DIRECTION('center_axis',(0.,0.,1.));
#3954=DIRECTION('ref_axis',(1.,0.,0.));
#3955=DIRECTION('',(0.,0.,1.));
#3956=DIRECTION('center_axis',(0.,0.,1.));
#3957=DIRECTION('ref_axis',(1.,0.,0.));
#3958=DIRECTION('center_axis',(0.,0.,1.));
#3959=DIRECTION('ref_axis',(1.,0.,0.));
#3960=DIRECTION('center_axis',(0.,0.,1.));
#3961=DIRECTION('ref_axis',(1.,0.,0.));
#3962=DIRECTION('center_axis',(0.,0.,1.));
#3963=DIRECTION('ref_axis',(1.,0.,0.));
#3964=DIRECTION('center_axis',(0.,0.,1.));
#3965=DIRECTION('ref_axis',(1.,0.,0.));
#3966=DIRECTION('center_axis',(0.,0.,1.));
#3967=DIRECTION('ref_axis',(1.,0.,0.));
#3968=DIRECTION('center_axis',(0.,0.,1.));
#3969=DIRECTION('ref_axis',(1.,0.,0.));
#3970=DIRECTION('center_axis',(1.,0.,0.));
#3971=DIRECTION('ref_axis',(0.,1.,0.));
#3972=DIRECTION('center_axis',(0.,1.,0.));
#3973=DIRECTION('ref_axis',(-1.,0.,0.));
#3974=DIRECTION('',(-1.,5.46178683378813E-15,0.));
#3975=DIRECTION('',(-1.,-2.22459654847118E-15,0.));
#3976=DIRECTION('center_axis',(0.,0.,1.));
#3977=DIRECTION('ref_axis',(1.,0.,0.));
#3978=DIRECTION('center_axis',(0.,0.,1.));
#3979=DIRECTION('ref_axis',(1.,0.,0.));
#3980=DIRECTION('',(0.,0.,1.));
#3981=DIRECTION('center_axis',(0.,0.,-1.));
#3982=DIRECTION('ref_axis',(1.,0.,0.));
#3983=DIRECTION('center_axis',(0.,0.,1.));
#3984=DIRECTION('ref_axis',(1.,0.,0.));
#3985=DIRECTION('center_axis',(0.,0.,1.));
#3986=DIRECTION('ref_axis',(1.,0.,0.));
#3987=DIRECTION('',(0.,0.,1.));
#3988=DIRECTION('center_axis',(0.,0.,-1.));
#3989=DIRECTION('ref_axis',(1.,0.,0.));
#3990=DIRECTION('center_axis',(0.,0.,1.));
#3991=DIRECTION('ref_axis',(1.,0.,0.));
#3992=DIRECTION('center_axis',(0.,0.,1.));
#3993=DIRECTION('ref_axis',(1.,0.,0.));
#3994=DIRECTION('',(0.,0.,1.));
#3995=DIRECTION('center_axis',(0.,0.,-1.));
#3996=DIRECTION('ref_axis',(1.,0.,0.));
#3997=DIRECTION('center_axis',(0.,0.,1.));
#3998=DIRECTION('ref_axis',(1.,0.,0.));
#3999=DIRECTION('center_axis',(0.,0.,1.));
#4000=DIRECTION('ref_axis',(1.,0.,0.));
#4001=DIRECTION('',(0.,0.,1.));
#4002=DIRECTION('center_axis',(0.,0.,-1.));
#4003=DIRECTION('ref_axis',(1.,0.,0.));
#4004=DIRECTION('center_axis',(0.,0.,1.));
#4005=DIRECTION('ref_axis',(1.,0.,0.));
#4006=DIRECTION('center_axis',(0.,0.,1.));
#4007=DIRECTION('ref_axis',(1.,0.,0.));
#4008=DIRECTION('center_axis',(0.,0.,1.));
#4009=DIRECTION('ref_axis',(1.,0.,0.));
#4010=DIRECTION('center_axis',(0.,0.,1.));
#4011=DIRECTION('ref_axis',(1.,0.,0.));
#4012=DIRECTION('center_axis',(0.,0.,1.));
#4013=DIRECTION('ref_axis',(1.,0.,0.));
#4014=DIRECTION('center_axis',(0.,0.,1.));
#4015=DIRECTION('ref_axis',(1.,0.,0.));
#4016=DIRECTION('center_axis',(0.,0.,1.));
#4017=DIRECTION('ref_axis',(1.,0.,0.));
#4018=DIRECTION('center_axis',(0.,0.,1.));
#4019=DIRECTION('ref_axis',(1.,0.,0.));
#4020=DIRECTION('center_axis',(0.,0.,1.));
#4021=DIRECTION('ref_axis',(1.,0.,0.));
#4022=DIRECTION('center_axis',(0.,0.,1.));
#4023=DIRECTION('ref_axis',(1.,0.,0.));
#4024=DIRECTION('',(0.,0.,1.));
#4025=DIRECTION('center_axis',(0.,0.,1.));
#4026=DIRECTION('ref_axis',(1.,0.,0.));
#4027=DIRECTION('center_axis',(0.,0.,1.));
#4028=DIRECTION('ref_axis',(1.,0.,0.));
#4029=DIRECTION('center_axis',(0.,0.,1.));
#4030=DIRECTION('ref_axis',(1.,0.,0.));
#4031=DIRECTION('',(0.,0.,1.));
#4032=DIRECTION('center_axis',(-1.,0.,0.));
#4033=DIRECTION('ref_axis',(0.,-1.,0.));
#4034=DIRECTION('center_axis',(0.,0.,1.));
#4035=DIRECTION('ref_axis',(1.,0.,0.));
#4036=DIRECTION('center_axis',(0.,0.,-1.));
#4037=DIRECTION('ref_axis',(1.,0.,0.));
#4038=DIRECTION('center_axis',(0.,0.,1.));
#4039=DIRECTION('ref_axis',(1.,0.,0.));
#4040=DIRECTION('center_axis',(0.,0.,-1.));
#4041=DIRECTION('ref_axis',(1.,0.,0.));
#4042=DIRECTION('',(0.,1.,0.));
#4043=DIRECTION('center_axis',(0.,0.,-1.));
#4044=DIRECTION('ref_axis',(1.,0.,0.));
#4045=DIRECTION('center_axis',(0.,0.,1.));
#4046=DIRECTION('ref_axis',(1.,0.,0.));
#4047=DIRECTION('center_axis',(0.,0.,-1.));
#4048=DIRECTION('ref_axis',(1.,0.,0.));
#4049=DIRECTION('',(0.,0.,-1.));
#4050=DIRECTION('center_axis',(0.,0.,1.));
#4051=DIRECTION('ref_axis',(1.,0.,0.));
#4052=DIRECTION('center_axis',(0.,0.,-1.));
#4053=DIRECTION('ref_axis',(1.,0.,0.));
#4054=DIRECTION('',(0.,1.,0.));
#4055=DIRECTION('center_axis',(0.,0.,-1.));
#4056=DIRECTION('ref_axis',(1.,0.,0.));
#4057=DIRECTION('center_axis',(0.,0.,1.));
#4058=DIRECTION('ref_axis',(1.,0.,0.));
#4059=DIRECTION('',(0.,0.,-1.));
#4060=DIRECTION('center_axis',(0.,0.,1.));
#4061=DIRECTION('ref_axis',(1.,0.,0.));
#4062=DIRECTION('center_axis',(0.,0.,-1.));
#4063=DIRECTION('ref_axis',(1.,0.,0.));
#4064=DIRECTION('center_axis',(0.,0.,-1.));
#4065=DIRECTION('ref_axis',(1.,0.,0.));
#4066=DIRECTION('center_axis',(0.,0.,1.));
#4067=DIRECTION('ref_axis',(1.,0.,0.));
#4068=DIRECTION('center_axis',(0.,0.,1.));
#4069=DIRECTION('ref_axis',(1.,0.,0.));
#4070=DIRECTION('center_axis',(0.,0.,-1.));
#4071=DIRECTION('ref_axis',(1.,0.,0.));
#4072=DIRECTION('center_axis',(0.,0.,-1.));
#4073=DIRECTION('ref_axis',(1.,0.,0.));
#4074=DIRECTION('center_axis',(0.,0.,1.));
#4075=DIRECTION('ref_axis',(1.,0.,0.));
#4076=DIRECTION('center_axis',(0.,0.,-1.));
#4077=DIRECTION('ref_axis',(1.,0.,0.));
#4078=DIRECTION('center_axis',(0.,0.,1.));
#4079=DIRECTION('ref_axis',(1.,0.,0.));
#4080=DIRECTION('',(0.,1.,0.));
#4081=DIRECTION('center_axis',(0.,0.,-1.));
#4082=DIRECTION('ref_axis',(1.,0.,0.));
#4083=DIRECTION('center_axis',(0.,0.,1.));
#4084=DIRECTION('ref_axis',(1.,0.,0.));
#4085=DIRECTION('center_axis',(0.,0.,1.));
#4086=DIRECTION('ref_axis',(1.,0.,0.));
#4087=DIRECTION('',(0.,1.,0.));
#4088=DIRECTION('center_axis',(0.,0.,1.));
#4089=DIRECTION('ref_axis',(-0.707106781186547,0.707106781186548,0.));
#4090=DIRECTION('center_axis',(0.,0.,1.));
#4091=DIRECTION('ref_axis',(-0.707106781186548,-0.707106781186547,0.));
#4092=DIRECTION('center_axis',(0.,0.,1.));
#4093=DIRECTION('ref_axis',(1.,0.,0.));
#4094=DIRECTION('',(0.,0.,1.));
#4095=DIRECTION('center_axis',(0.,0.,1.));
#4096=DIRECTION('ref_axis',(1.,0.,0.));
#4097=DIRECTION('',(0.,0.,1.));
#4098=DIRECTION('center_axis',(-1.,0.,0.));
#4099=DIRECTION('ref_axis',(0.,-1.,0.));
#4100=DIRECTION('center_axis',(-1.,0.,0.));
#4101=DIRECTION('ref_axis',(0.,0.,1.));
#4102=DIRECTION('',(0.,-1.,0.));
#4103=DIRECTION('',(0.,0.,-1.));
#4104=DIRECTION('',(0.,1.,0.));
#4105=DIRECTION('',(0.,0.,-1.));
#4106=DIRECTION('center_axis',(0.,-1.,0.));
#4107=DIRECTION('ref_axis',(0.,0.,1.));
#4108=DIRECTION('',(1.,0.,0.));
#4109=DIRECTION('',(-1.,0.,0.));
#4110=DIRECTION('',(0.,0.,-1.));
#4111=DIRECTION('center_axis',(1.,-5.28677630773884E-17,0.));
#4112=DIRECTION('ref_axis',(0.,0.,1.));
#4113=DIRECTION('',(5.28677630773884E-17,1.,0.));
#4114=DIRECTION('',(-5.28677630773884E-17,-1.,0.));
#4115=DIRECTION('',(0.,0.,-1.));
#4116=DIRECTION('center_axis',(7.16272919113004E-17,1.,0.));
#4117=DIRECTION('ref_axis',(0.,0.,1.));
#4118=DIRECTION('',(-1.,7.16272919113004E-17,0.));
#4119=DIRECTION('',(1.,-7.16272919113004E-17,0.));
#4120=DIRECTION('center_axis',(0.,0.,-1.));
#4121=DIRECTION('ref_axis',(7.16272919113004E-17,1.,0.));
#4122=DIRECTION('',(0.,1.,0.));
#4123=DIRECTION('',(-1.,0.,0.));
#4124=DIRECTION('',(-5.28677630773884E-17,-1.,0.));
#4125=DIRECTION('',(1.,-7.16272919113004E-17,0.));
#4126=DIRECTION('center_axis',(1.,0.,0.));
#4127=DIRECTION('ref_axis',(0.,0.707106781186546,-0.707106781186549));
#4128=DIRECTION('',(-1.,0.,0.));
#4129=DIRECTION('center_axis',(0.707106781186547,-0.707106781186548,0.));
#4130=DIRECTION('ref_axis',(-0.707106781186548,-0.707106781186547,0.));
#4131=DIRECTION('',(1.,0.,0.));
#4132=DIRECTION('center_axis',(-0.707106781186547,-0.707106781186548,0.));
#4133=DIRECTION('ref_axis',(-0.707106781186548,0.707106781186547,0.));
#4134=DIRECTION('center_axis',(0.,-1.,0.));
#4135=DIRECTION('ref_axis',(0.707106781186547,0.,-0.707106781186548));
#4136=DIRECTION('',(0.,-1.,0.));
#4137=DIRECTION('',(0.,1.,0.));
#4138=DIRECTION('center_axis',(0.707106781186548,0.707106781186547,0.));
#4139=DIRECTION('ref_axis',(0.707106781186547,-0.707106781186548,0.));
#4140=DIRECTION('center_axis',(0.,1.,0.));
#4141=DIRECTION('ref_axis',(-0.707106781186547,0.,-0.707106781186548));
#4142=DIRECTION('',(0.,-1.,0.));
#4143=DIRECTION('',(0.,1.,0.));
#4144=DIRECTION('center_axis',(0.707106781186546,-0.707106781186549,0.));
#4145=DIRECTION('ref_axis',(-0.707106781186549,-0.707106781186546,0.));
#4146=DIRECTION('center_axis',(-1.,0.,0.));
#4147=DIRECTION('ref_axis',(0.,-0.707106781186546,-0.707106781186549));
#4148=DIRECTION('',(1.,0.,0.));
#4149=DIRECTION('',(-1.,0.,0.));
#4150=DIRECTION('center_axis',(1.,0.,-6.17934893112332E-17));
#4151=DIRECTION('ref_axis',(0.,1.,0.));
#4152=DIRECTION('',(6.17934893112332E-17,-8.23913190816443E-17,1.));
#4153=DIRECTION('',(0.,-1.,0.));
#4154=DIRECTION('',(0.,0.,-1.));
#4155=DIRECTION('center_axis',(0.,-1.,-8.23913190816443E-17));
#4156=DIRECTION('ref_axis',(1.,0.,0.));
#4157=DIRECTION('',(6.17934893112332E-17,-8.23913190816443E-17,1.));
#4158=DIRECTION('',(-1.,0.,0.));
#4159=DIRECTION('center_axis',(0.,0.,-1.));
#4160=DIRECTION('ref_axis',(-1.,0.,0.));
#4161=DIRECTION('',(0.,-1.,0.));
#4162=DIRECTION('',(-1.,0.,0.));
#4163=DIRECTION('',(-6.93889390390723E-17,1.,0.));
#4164=DIRECTION('',(1.,0.,0.));
#4165=DIRECTION('center_axis',(0.,-1.,0.));
#4166=DIRECTION('ref_axis',(-1.,0.,0.));
#4167=DIRECTION('',(1.,0.,0.));
#4168=DIRECTION('',(0.,0.,-1.));
#4169=DIRECTION('',(0.,0.,1.));
#4170=DIRECTION('center_axis',(1.,6.93889390390723E-17,0.));
#4171=DIRECTION('ref_axis',(6.93889390390723E-17,-1.,0.));
#4172=DIRECTION('',(-6.93889390390723E-17,1.,0.));
#4173=DIRECTION('',(0.,0.,1.));
#4174=DIRECTION('center_axis',(0.,1.,0.));
#4175=DIRECTION('ref_axis',(1.,0.,0.));
#4176=DIRECTION('',(-1.,0.,0.));
#4177=DIRECTION('',(0.,0.,1.));
#4178=DIRECTION('center_axis',(-1.,0.,0.));
#4179=DIRECTION('ref_axis',(0.,1.,0.));
#4180=DIRECTION('',(0.,-1.,0.));
#4181=DIRECTION('center_axis',(0.,1.,0.));
#4182=DIRECTION('ref_axis',(-0.382683432365087,0.,0.923879532511288));
#4183=DIRECTION('',(0.,-1.,0.));
#4184=DIRECTION('center_axis',(0.707106781186551,0.707106781186544,0.));
#4185=DIRECTION('ref_axis',(0.707106781186544,-0.707106781186551,0.));
#4186=DIRECTION('',(0.,1.,0.));
#4187=DIRECTION('center_axis',(0.707106781186546,-0.707106781186549,-3.92523114670944E-16));
#4188=DIRECTION('ref_axis',(-0.707106781186549,-0.707106781186546,3.92523114670946E-16));
#4189=DIRECTION('center_axis',(0.,-1.,0.));
#4190=DIRECTION('ref_axis',(0.382683432365089,0.,0.923879532511287));
#4191=DIRECTION('',(0.,1.,0.));
#4192=DIRECTION('center_axis',(-0.707106781186544,-0.707106781186551,0.));
#4193=DIRECTION('ref_axis',(-0.707106781186551,0.707106781186544,0.));
#4194=DIRECTION('',(0.,-1.,0.));
#4195=DIRECTION('center_axis',(-0.707106781186545,0.70710678118655,0.));
#4196=DIRECTION('ref_axis',(0.70710678118655,0.707106781186545,0.));
#4197=DIRECTION('center_axis',(-1.,0.,0.));
#4198=DIRECTION('ref_axis',(0.,-0.382683432365087,0.923879532511288));
#4199=DIRECTION('',(-1.,0.,0.));
#4200=DIRECTION('',(1.,0.,0.));
#4201=DIRECTION('center_axis',(1.,0.,0.));
#4202=DIRECTION('ref_axis',(0.,0.382683432365091,0.923879532511286));
#4203=DIRECTION('',(-1.,0.,0.));
#4204=DIRECTION('',(1.,0.,0.));
#4205=DIRECTION('center_axis',(0.,-0.707106781186544,0.707106781186551));
#4206=DIRECTION('ref_axis',(1.,0.,0.));
#4207=DIRECTION('',(-0.577350269189626,0.577350269189628,0.577350269189623));
#4208=DIRECTION('',(1.,0.,0.));
#4209=DIRECTION('',(-0.577350269189626,-0.577350269189628,-0.577350269189623));
#4210=DIRECTION('center_axis',(0.707106781186547,0.,0.707106781186548));
#4211=DIRECTION('ref_axis',(0.707106781186548,0.,-0.707106781186547));
#4212=DIRECTION('',(-0.577350269189626,-0.577350269189627,0.577350269189624));
#4213=DIRECTION('',(0.,1.,0.));
#4214=DIRECTION('center_axis',(0.,0.,1.));
#4215=DIRECTION('ref_axis',(1.,0.,0.));
#4216=DIRECTION('',(0.,-1.,0.));
#4217=DIRECTION('center_axis',(0.,0.,-1.));
#4218=DIRECTION('ref_axis',(0.707106781186548,0.707106781186548,0.));
#4219=DIRECTION('',(1.,0.,0.));
#4220=DIRECTION('center_axis',(0.,0.,-1.));
#4221=DIRECTION('ref_axis',(-0.707106781186548,0.707106781186548,0.));
#4222=DIRECTION('',(0.,1.,0.));
#4223=DIRECTION('center_axis',(0.,0.,-1.));
#4224=DIRECTION('ref_axis',(-0.707106781186546,-0.707106781186549,0.));
#4225=DIRECTION('',(-1.,0.,0.));
#4226=DIRECTION('center_axis',(0.,0.,-1.));
#4227=DIRECTION('ref_axis',(0.707106781186549,-0.707106781186546,0.));
#4228=DIRECTION('',(-1.,-2.5225066297716E-33,0.));
#4229=DIRECTION('',(-1.00900265190864E-32,1.,0.));
#4230=DIRECTION('',(1.,6.40328606018944E-33,0.));
#4231=DIRECTION('',(-5.55111512312578E-17,-1.,0.));
#4232=DIRECTION('',(-1.,-5.0450132595432E-33,0.));
#4233=DIRECTION('',(-5.84327907697451E-17,1.,0.));
#4234=DIRECTION('',(1.,5.84327907697451E-17,0.));
#4235=DIRECTION('',(-1.00900265190864E-32,-1.,0.));
#4236=DIRECTION('center_axis',(-0.707106781186546,0.,0.707106781186549));
#4237=DIRECTION('ref_axis',(0.707106781186549,0.,0.707106781186546));
#4238=DIRECTION('',(0.577350269189626,-0.577350269189627,0.577350269189624));
#4239=DIRECTION('center_axis',(0.,0.707106781186546,0.707106781186549));
#4240=DIRECTION('ref_axis',(1.,0.,0.));
#4241=DIRECTION('center_axis',(0.,1.,8.23913190816443E-17));
#4242=DIRECTION('ref_axis',(-1.,0.,0.));
#4243=DIRECTION('',(6.17934893112332E-17,-8.23913190816443E-17,1.));
#4244=DIRECTION('center_axis',(-1.,0.,6.17934893112332E-17));
#4245=DIRECTION('ref_axis',(0.,-1.,0.));
#4246=DIRECTION('center_axis',(2.5225066297716E-33,-1.,0.));
#4247=DIRECTION('ref_axis',(-1.,-2.5225066297716E-33,0.));
#4248=DIRECTION('',(0.,0.,-1.));
#4249=DIRECTION('',(-1.,-2.5225066297716E-33,0.));
#4250=DIRECTION('',(0.,0.,-1.));
#4251=DIRECTION('center_axis',(1.,-5.55111512312578E-17,0.));
#4252=DIRECTION('ref_axis',(-5.55111512312578E-17,-1.,0.));
#4253=DIRECTION('',(0.,0.,-1.));
#4254=DIRECTION('',(-5.55111512312578E-17,-1.,0.));
#4255=DIRECTION('center_axis',(-6.40328606018944E-33,1.,0.));
#4256=DIRECTION('ref_axis',(1.,6.40328606018944E-33,0.));
#4257=DIRECTION('',(0.,0.,-1.));
#4258=DIRECTION('',(1.,6.40328606018944E-33,0.));
#4259=DIRECTION('center_axis',(-1.,-1.00900265190864E-32,0.));
#4260=DIRECTION('ref_axis',(-1.00900265190864E-32,1.,0.));
#4261=DIRECTION('',(-1.00900265190864E-32,1.,0.));
#4262=DIRECTION('center_axis',(0.,0.,-1.));
#4263=DIRECTION('ref_axis',(-1.,0.,0.));
#4264=DIRECTION('',(-3.7837599446574E-33,1.,0.));
#4265=DIRECTION('',(1.,7.56751988931478E-33,0.));
#4266=DIRECTION('',(1.51350397786296E-32,-1.,0.));
#4267=DIRECTION('',(-1.,7.56751988931479E-33,0.));
#4268=DIRECTION('center_axis',(5.0450132595432E-33,-1.,0.));
#4269=DIRECTION('ref_axis',(-1.,-5.0450132595432E-33,0.));
#4270=DIRECTION('',(0.,0.,-1.));
#4271=DIRECTION('',(-1.,-5.0450132595432E-33,0.));
#4272=DIRECTION('',(0.,0.,-1.));
#4273=DIRECTION('center_axis',(1.,-1.00900265190864E-32,0.));
#4274=DIRECTION('ref_axis',(-1.00900265190864E-32,-1.,0.));
#4275=DIRECTION('',(0.,0.,-1.));
#4276=DIRECTION('',(-1.00900265190864E-32,-1.,0.));
#4277=DIRECTION('center_axis',(-5.84327907697451E-17,1.,0.));
#4278=DIRECTION('ref_axis',(1.,5.84327907697451E-17,0.));
#4279=DIRECTION('',(0.,0.,-1.));
#4280=DIRECTION('',(1.,5.84327907697451E-17,0.));
#4281=DIRECTION('center_axis',(-1.,-5.84327907697451E-17,0.));
#4282=DIRECTION('ref_axis',(-5.84327907697451E-17,1.,0.));
#4283=DIRECTION('',(-5.84327907697451E-17,1.,0.));
#4284=DIRECTION('center_axis',(0.,0.,-1.));
#4285=DIRECTION('ref_axis',(-1.,0.,0.));
#4286=DIRECTION('',(-1.00900265190864E-32,1.,0.));
#4287=DIRECTION('',(1.,-2.01800530381728E-32,0.));
#4288=DIRECTION('',(7.40148683083439E-17,-1.,0.));
#4289=DIRECTION('',(-1.,-7.40148683083438E-17,0.));
#4290=DIRECTION('center_axis',(7.56751988931478E-33,-1.,-1.23586978622466E-16));
#4291=DIRECTION('ref_axis',(1.,0.,6.12323399573676E-17));
#4292=DIRECTION('',(6.17934893112332E-17,-1.23586978622466E-16,1.));
#4293=DIRECTION('',(1.,7.56751988931478E-33,0.));
#4294=DIRECTION('',(6.17934893112332E-17,-1.23586978622466E-16,1.));
#4295=DIRECTION('center_axis',(1.,3.7837599446574E-33,-6.17934893112332E-17));
#4296=DIRECTION('ref_axis',(0.,1.,6.12323399573677E-17));
#4297=DIRECTION('',(6.17934893112332E-17,-1.23586978622466E-16,1.));
#4298=DIRECTION('',(-3.7837599446574E-33,1.,0.));
#4299=DIRECTION('center_axis',(-2.01800530381728E-32,-1.,-8.23913190816443E-17));
#4300=DIRECTION('ref_axis',(1.,0.,-2.44929359829471E-16));
#4301=DIRECTION('',(8.23913190816443E-17,-8.23913190816443E-17,1.));
#4302=DIRECTION('',(1.,-2.01800530381728E-32,0.));
#4303=DIRECTION('',(8.23913190816443E-17,-8.23913190816443E-17,1.));
#4304=DIRECTION('center_axis',(1.,1.00900265190864E-32,-8.23913190816443E-17));
#4305=DIRECTION('ref_axis',(0.,1.,1.22464679914736E-16));
#4306=DIRECTION('',(8.23913190816443E-17,-8.23913190816443E-17,1.));
#4307=DIRECTION('',(-1.00900265190864E-32,1.,0.));
#4308=DIRECTION('center_axis',(-1.,-1.51350397786296E-32,6.17934893112332E-17));
#4309=DIRECTION('ref_axis',(0.,-1.,-2.44929359829471E-16));
#4310=DIRECTION('',(1.51350397786296E-32,-1.,0.));
#4311=DIRECTION('',(6.17934893112332E-17,-1.23586978622466E-16,1.));
#4312=DIRECTION('center_axis',(7.56751988931479E-33,1.,1.23586978622466E-16));
#4313=DIRECTION('ref_axis',(-1.,0.,6.12323399573677E-17));
#4314=DIRECTION('',(-1.,7.56751988931479E-33,0.));
#4315=DIRECTION('center_axis',(-1.,-7.40148683083439E-17,8.23913190816443E-17));
#4316=DIRECTION('ref_axis',(7.40148683083439E-17,-1.,6.12323399573677E-17));
#4317=DIRECTION('',(7.40148683083439E-17,-1.,0.));
#4318=DIRECTION('',(8.23913190816443E-17,-8.23913190816443E-17,1.));
#4319=DIRECTION('center_axis',(-7.40148683083438E-17,1.,8.23913190816443E-17));
#4320=DIRECTION('ref_axis',(-1.,-7.40148683083438E-17,6.12323399573677E-17));
#4321=DIRECTION('',(-1.,-7.40148683083438E-17,0.));
#4322=DIRECTION('center_axis',(0.707106781186549,0.,0.707106781186546));
#4323=DIRECTION('ref_axis',(0.707106781186546,0.,-0.707106781186549));
#4324=DIRECTION('',(-0.707106781186546,0.,0.707106781186549));
#4325=DIRECTION('',(0.707106781186546,0.,-0.707106781186549));
#4326=DIRECTION('',(0.,1.,0.));
#4327=DIRECTION('center_axis',(0.,0.,-1.));
#4328=DIRECTION('ref_axis',(0.707106781186548,0.707106781186548,0.));
#4329=DIRECTION('center_axis',(0.,0.,1.));
#4330=DIRECTION('ref_axis',(0.707106781186548,0.707106781186548,0.));
#4331=DIRECTION('',(0.,-0.707106781186548,0.707106781186546));
#4332=DIRECTION('center_axis',(0.,0.70710678118655,0.707106781186545));
#4333=DIRECTION('ref_axis',(1.,0.,0.));
#4334=DIRECTION('',(0.,-0.707106781186545,0.70710678118655));
#4335=DIRECTION('',(-1.,0.,0.));
#4336=DIRECTION('center_axis',(0.,0.,-1.));
#4337=DIRECTION('ref_axis',(-0.707106781186547,0.707106781186547,0.));
#4338=DIRECTION('center_axis',(0.,0.,1.));
#4339=DIRECTION('ref_axis',(-0.707106781186548,0.707106781186548,0.));
#4340=DIRECTION('',(0.707106781186548,0.,0.707106781186548));
#4341=DIRECTION('center_axis',(-0.707106781186549,0.,0.707106781186546));
#4342=DIRECTION('ref_axis',(0.707106781186546,0.,0.707106781186549));
#4343=DIRECTION('',(0.707106781186546,0.,0.707106781186549));
#4344=DIRECTION('',(0.,-1.,0.));
#4345=DIRECTION('center_axis',(0.,0.,-1.));
#4346=DIRECTION('ref_axis',(-0.707106781186546,-0.707106781186549,0.));
#4347=DIRECTION('center_axis',(0.,0.,1.));
#4348=DIRECTION('ref_axis',(-0.707106781186546,-0.707106781186549,0.));
#4349=DIRECTION('',(0.,0.707106781186548,0.707106781186548));
#4350=DIRECTION('center_axis',(0.,-0.707106781186548,0.707106781186548));
#4351=DIRECTION('ref_axis',(1.,0.,0.));
#4352=DIRECTION('',(0.,0.707106781186548,0.707106781186548));
#4353=DIRECTION('',(1.,0.,0.));
#4354=DIRECTION('center_axis',(0.,0.,-1.));
#4355=DIRECTION('ref_axis',(0.707106781186549,-0.707106781186546,0.));
#4356=DIRECTION('center_axis',(0.,0.,1.));
#4357=DIRECTION('ref_axis',(0.707106781186549,-0.707106781186546,0.));
#4358=DIRECTION('center_axis',(0.,0.,1.));
#4359=DIRECTION('ref_axis',(-0.707106781186548,0.707106781186548,0.));
#4360=DIRECTION('',(0.,0.,-1.));
#4361=DIRECTION('center_axis',(0.,0.,1.));
#4362=DIRECTION('ref_axis',(-0.707106781186548,0.707106781186548,0.));
#4363=DIRECTION('',(0.,0.,1.));
#4364=DIRECTION('center_axis',(0.,1.,0.));
#4365=DIRECTION('ref_axis',(-1.,0.,0.));
#4366=DIRECTION('',(0.,0.,1.));
#4367=DIRECTION('',(-1.,0.,0.));
#4368=DIRECTION('center_axis',(0.,0.,1.));
#4369=DIRECTION('ref_axis',(0.707106781186548,0.707106781186548,0.));
#4370=DIRECTION('',(0.,0.,-1.));
#4371=DIRECTION('center_axis',(0.,0.,1.));
#4372=DIRECTION('ref_axis',(0.707106781186548,0.707106781186548,0.));
#4373=DIRECTION('center_axis',(1.,0.,0.));
#4374=DIRECTION('ref_axis',(0.,1.,0.));
#4375=DIRECTION('',(0.,0.,1.));
#4376=DIRECTION('',(0.,1.,0.));
#4377=DIRECTION('center_axis',(0.,0.,1.));
#4378=DIRECTION('ref_axis',(1.,0.,0.));
#4379=DIRECTION('center_axis',(0.,0.,1.));
#4380=DIRECTION('ref_axis',(0.707106781186549,-0.707106781186546,0.));
#4381=DIRECTION('',(1.,0.,0.));
#4382=DIRECTION('center_axis',(0.,0.,1.));
#4383=DIRECTION('ref_axis',(-0.707106781186546,-0.707106781186549,0.));
#4384=DIRECTION('',(0.,-1.,0.));
#4385=DIRECTION('center_axis',(0.,0.,1.));
#4386=DIRECTION('ref_axis',(-0.707106781186546,-0.707106781186549,0.));
#4387=DIRECTION('',(0.,0.,-1.));
#4388=DIRECTION('',(0.,0.,1.));
#4389=DIRECTION('center_axis',(0.,-1.,0.));
#4390=DIRECTION('ref_axis',(1.,0.,0.));
#4391=DIRECTION('',(0.,0.,-1.));
#4392=DIRECTION('center_axis',(0.,0.,1.));
#4393=DIRECTION('ref_axis',(0.707106781186549,-0.707106781186546,0.));
#4394=DIRECTION('center_axis',(0.,0.,1.));
#4395=DIRECTION('ref_axis',(1.,0.,0.));
#4396=DIRECTION('center_axis',(0.,0.,-1.));
#4397=DIRECTION('ref_axis',(1.,0.,0.));
#4398=DIRECTION('',(0.,0.,-1.));
#4399=DIRECTION('center_axis',(0.,0.,1.));
#4400=DIRECTION('ref_axis',(1.,0.,0.));
#4401=DIRECTION('center_axis',(0.,0.,1.));
#4402=DIRECTION('ref_axis',(1.,0.,0.));
#4403=DIRECTION('center_axis',(0.,0.,1.));
#4404=DIRECTION('ref_axis',(1.,0.,0.));
#4405=DIRECTION('',(0.,0.,-1.));
#4406=DIRECTION('center_axis',(0.,0.,-1.));
#4407=DIRECTION('ref_axis',(1.,0.,0.));
#4408=DIRECTION('center_axis',(0.,0.,1.));
#4409=DIRECTION('ref_axis',(1.,0.,0.));
#4410=DIRECTION('center_axis',(0.,0.,1.));
#4411=DIRECTION('ref_axis',(1.,0.,0.));
#4412=DIRECTION('',(-1.,0.,0.));
#4413=DIRECTION('',(0.,1.,0.));
#4414=DIRECTION('',(1.,0.,0.));
#4415=DIRECTION('',(0.,-1.,0.));
#4416=DIRECTION('center_axis',(0.,0.,1.));
#4417=DIRECTION('ref_axis',(1.,0.,0.));
#4418=DIRECTION('center_axis',(0.,0.,1.));
#4419=DIRECTION('ref_axis',(1.,0.,0.));
#4420=DIRECTION('center_axis',(0.,0.,1.));
#4421=DIRECTION('ref_axis',(1.,0.,0.));
#4422=DIRECTION('center_axis',(0.,0.,1.));
#4423=DIRECTION('ref_axis',(1.,0.,0.));
#4424=DIRECTION('center_axis',(0.,0.,-1.));
#4425=DIRECTION('ref_axis',(1.,0.,0.));
#4426=DIRECTION('',(0.,0.,-1.));
#4427=DIRECTION('center_axis',(0.,0.,1.));
#4428=DIRECTION('ref_axis',(1.,0.,0.));
#4429=DIRECTION('center_axis',(0.,0.,1.));
#4430=DIRECTION('ref_axis',(1.,0.,0.));
#4431=DIRECTION('',(0.,0.,-1.));
#4432=DIRECTION('center_axis',(0.,0.,-1.));
#4433=DIRECTION('ref_axis',(1.,0.,0.));
#4434=DIRECTION('center_axis',(0.,0.,1.));
#4435=DIRECTION('ref_axis',(1.,0.,0.));
#4436=DIRECTION('center_axis',(0.,0.,1.));
#4437=DIRECTION('ref_axis',(1.,0.,0.));
#4438=DIRECTION('center_axis',(0.,0.,1.));
#4439=DIRECTION('ref_axis',(1.,0.,0.));
#4440=DIRECTION('center_axis',(0.,0.,-1.));
#4441=DIRECTION('ref_axis',(1.,0.,0.));
#4442=DIRECTION('',(0.,0.,-1.));
#4443=DIRECTION('center_axis',(0.,0.,1.));
#4444=DIRECTION('ref_axis',(1.,0.,0.));
#4445=DIRECTION('center_axis',(0.,0.,1.));
#4446=DIRECTION('ref_axis',(1.,0.,0.));
#4447=DIRECTION('',(0.,0.,-1.));
#4448=DIRECTION('center_axis',(0.,0.,-1.));
#4449=DIRECTION('ref_axis',(1.,0.,0.));
#4450=DIRECTION('center_axis',(0.,0.,1.));
#4451=DIRECTION('ref_axis',(1.,0.,0.));
#4452=DIRECTION('center_axis',(0.,0.,1.));
#4453=DIRECTION('ref_axis',(1.,0.,0.));
#4454=DIRECTION('center_axis',(0.,0.,1.));
#4455=DIRECTION('ref_axis',(1.,0.,0.));
#4456=DIRECTION('center_axis',(0.,0.,-1.));
#4457=DIRECTION('ref_axis',(1.,0.,0.));
#4458=DIRECTION('',(0.,0.,-1.));
#4459=DIRECTION('center_axis',(0.,0.,1.));
#4460=DIRECTION('ref_axis',(1.,0.,0.));
#4461=DIRECTION('center_axis',(0.,0.,1.));
#4462=DIRECTION('ref_axis',(1.,0.,0.));
#4463=DIRECTION('',(0.,0.,-1.));
#4464=DIRECTION('center_axis',(0.,0.,-1.));
#4465=DIRECTION('ref_axis',(1.,0.,0.));
#4466=DIRECTION('center_axis',(0.,0.,1.));
#4467=DIRECTION('ref_axis',(1.,0.,0.));
#4468=DIRECTION('center_axis',(0.,0.,1.));
#4469=DIRECTION('ref_axis',(1.,0.,0.));
#4470=DIRECTION('center_axis',(0.,-1.,0.));
#4471=DIRECTION('ref_axis',(1.,0.,0.));
#4472=DIRECTION('',(0.,0.,1.));
#4473=DIRECTION('',(0.,0.,-1.));
#4474=DIRECTION('center_axis',(-1.,0.,0.));
#4475=DIRECTION('ref_axis',(0.,-1.,0.));
#4476=DIRECTION('',(0.,0.,-1.));
#4477=DIRECTION('center_axis',(0.,1.,0.));
#4478=DIRECTION('ref_axis',(-1.,0.,0.));
#4479=DIRECTION('',(0.,0.,-1.));
#4480=DIRECTION('center_axis',(1.,0.,0.));
#4481=DIRECTION('ref_axis',(0.,1.,0.));
#4482=DIRECTION('center_axis',(0.,0.,1.));
#4483=DIRECTION('ref_axis',(1.,0.,0.));
#4484=DIRECTION('center_axis',(-1.,0.,0.));
#4485=DIRECTION('ref_axis',(0.,-1.,0.));
#4486=CARTESIAN_POINT('',(0.,0.,0.));
#4487=CARTESIAN_POINT('Origin',(-26.,-56.8,41.));
#4488=CARTESIAN_POINT('',(-26.,-57.6228756555323,41.));
#4489=CARTESIAN_POINT('',(-26.,-57.6228756555323,42.));
#4490=CARTESIAN_POINT('',(-26.,-57.6228756555323,0.));
#4491=CARTESIAN_POINT('',(-26.,28.0228756555323,41.));
#4492=CARTESIAN_POINT('',(-26.,-56.8,41.));
#4493=CARTESIAN_POINT('',(-26.,28.0228756555323,42.));
#4494=CARTESIAN_POINT('',(-26.,28.0228756555323,0.));
#4495=CARTESIAN_POINT('',(-26.,-35.8,42.));
#4496=CARTESIAN_POINT('Origin',(-25.,28.2,41.));
#4497=CARTESIAN_POINT('',(-25.8228756555323,28.2,41.));
#4498=CARTESIAN_POINT('',(-25.8228756555323,28.2,42.));
#4499=CARTESIAN_POINT('',(-25.8228756555323,28.2,0.));
#4500=CARTESIAN_POINT('',(37.8228756555323,28.2,41.));
#4501=CARTESIAN_POINT('',(-25.,28.2,41.));
#4502=CARTESIAN_POINT('',(37.8228756555323,28.2,42.));
#4503=CARTESIAN_POINT('',(37.8228756555323,28.2,0.));
#4504=CARTESIAN_POINT('',(-9.50000000000001,28.2,42.));
#4505=CARTESIAN_POINT('Origin',(37.,-57.8,41.));
#4506=CARTESIAN_POINT('',(-25.8228756555323,-57.8,42.));
#4507=CARTESIAN_POINT('',(-25.8228756555323,-57.8,41.));
#4508=CARTESIAN_POINT('',(-25.8228756555323,-57.8,0.));
#4509=CARTESIAN_POINT('',(37.8228756555323,-57.8,42.));
#4510=CARTESIAN_POINT('',(21.5,-57.8,42.));
#4511=CARTESIAN_POINT('',(37.8228756555323,-57.8,41.));
#4512=CARTESIAN_POINT('',(37.8228756555323,-57.8,0.));
#4513=CARTESIAN_POINT('',(37.,-57.8,41.));
#4514=CARTESIAN_POINT('Origin',(38.,27.2,41.));
#4515=CARTESIAN_POINT('',(38.,-57.6228756555323,42.));
#4516=CARTESIAN_POINT('',(38.,-57.6228756555323,41.));
#4517=CARTESIAN_POINT('',(38.,-57.6228756555323,0.));
#4518=CARTESIAN_POINT('',(38.,28.0228756555323,42.));
#4519=CARTESIAN_POINT('',(38.,6.19999999999999,42.));
#4520=CARTESIAN_POINT('',(38.,28.0228756555323,41.));
#4521=CARTESIAN_POINT('',(38.,28.0228756555323,0.));
#4522=CARTESIAN_POINT('',(38.,27.2,41.));
#4523=CARTESIAN_POINT('Origin',(-25.,27.2,41.));
#4524=CARTESIAN_POINT('Origin',(-24.5,-56.3,41.));
#4525=CARTESIAN_POINT('Origin',(36.5,-56.3,41.));
#4526=CARTESIAN_POINT('Origin',(36.5,26.7,41.));
#4527=CARTESIAN_POINT('Origin',(-24.5,26.7,41.));
#4528=CARTESIAN_POINT('',(-25.,27.2,41.));
#4529=CARTESIAN_POINT('',(-25.,-56.8,41.));
#4530=CARTESIAN_POINT('',(-25.,27.95,41.));
#4531=CARTESIAN_POINT('',(37.,27.2,41.));
#4532=CARTESIAN_POINT('',(6.74999999999999,27.2,41.));
#4533=CARTESIAN_POINT('',(37.,-56.8,41.));
#4534=CARTESIAN_POINT('',(37.,-15.55,41.));
#4535=CARTESIAN_POINT('',(-25.75,-56.8,41.));
#4536=CARTESIAN_POINT('Origin',(-26.5,-56.8,0.));
#4537=CARTESIAN_POINT('',(37.,-56.8,1.5));
#4538=CARTESIAN_POINT('',(37.,-56.8,0.));
#4539=CARTESIAN_POINT('',(36.7946377224964,-56.8,1.5));
#4540=CARTESIAN_POINT('',(-10.25,-56.8,1.5));
#4541=CARTESIAN_POINT('',(36.7946377224964,-56.8,4.5));
#4542=CARTESIAN_POINT('',(36.7946377224964,-56.8,0.));
#4543=CARTESIAN_POINT('',(31.2053622775036,-56.8,4.5));
#4544=CARTESIAN_POINT('',(3.75,-56.8,4.5));
#4545=CARTESIAN_POINT('',(31.2053622775036,-56.8,1.5));
#4546=CARTESIAN_POINT('',(31.2053622775036,-56.8,0.));
#4547=CARTESIAN_POINT('',(19.0000000000002,-56.8,1.5));
#4548=CARTESIAN_POINT('',(-10.25,-56.8,1.5));
#4549=CARTESIAN_POINT('',(19.0000000000002,-56.8,17.));
#4550=CARTESIAN_POINT('',(19.0000000000002,-56.8,0.));
#4551=CARTESIAN_POINT('',(18.0000000000002,-56.8,16.));
#4552=CARTESIAN_POINT('Origin',(19.0000000000002,-56.7999999999999,16.));
#4553=CARTESIAN_POINT('',(18.0000000000002,-56.8,1.5));
#4554=CARTESIAN_POINT('',(18.0000000000002,-56.8,0.));
#4555=CARTESIAN_POINT('',(-6.00000000000035,-56.8,1.5));
#4556=CARTESIAN_POINT('',(-10.25,-56.8,1.5));
#4557=CARTESIAN_POINT('',(-6.00000000000035,-56.8,16.));
#4558=CARTESIAN_POINT('',(-6.00000000000035,-56.8,0.));
#4559=CARTESIAN_POINT('',(-7.00000000000036,-56.8,17.));
#4560=CARTESIAN_POINT('Origin',(-7.00000000000035,-56.8000000000001,16.));
#4561=CARTESIAN_POINT('',(-7.00000000000036,-56.8,1.5));
#4562=CARTESIAN_POINT('',(-7.00000000000035,-56.8,0.));
#4563=CARTESIAN_POINT('',(-19.2053622775036,-56.8,1.5));
#4564=CARTESIAN_POINT('',(-10.25,-56.8,1.5));
#4565=CARTESIAN_POINT('',(-19.2053622775036,-56.8,4.5));
#4566=CARTESIAN_POINT('',(-19.2053622775036,-56.8,0.));
#4567=CARTESIAN_POINT('',(-24.7946377224964,-56.8,4.5));
#4568=CARTESIAN_POINT('',(-24.25,-56.8,4.5));
#4569=CARTESIAN_POINT('',(-24.7946377224964,-56.8,1.5));
#4570=CARTESIAN_POINT('',(-24.7946377224964,-56.8,0.));
#4571=CARTESIAN_POINT('',(-25.,-56.8,1.5));
#4572=CARTESIAN_POINT('',(-10.25,-56.8,1.5));
#4573=CARTESIAN_POINT('',(-25.,-56.8,0.));
#4574=CARTESIAN_POINT('Origin',(37.,-58.3,0.));
#4575=CARTESIAN_POINT('',(37.,27.2,1.5));
#4576=CARTESIAN_POINT('',(37.,27.2,0.));
#4577=CARTESIAN_POINT('',(37.,26.9946377224964,1.5));
#4578=CARTESIAN_POINT('',(37.,-36.55,1.5));
#4579=CARTESIAN_POINT('',(37.,26.9946377224964,4.5));
#4580=CARTESIAN_POINT('',(37.,26.9946377224964,0.));
#4581=CARTESIAN_POINT('',(37.,21.4053622775036,4.5));
#4582=CARTESIAN_POINT('',(37.,-17.05,4.5));
#4583=CARTESIAN_POINT('',(37.,21.4053622775036,1.5));
#4584=CARTESIAN_POINT('',(37.,21.4053622775036,0.));
#4585=CARTESIAN_POINT('',(37.,-51.0053622775036,1.5));
#4586=CARTESIAN_POINT('',(37.,-36.55,1.5));
#4587=CARTESIAN_POINT('',(37.,-51.0053622775036,4.5));
#4588=CARTESIAN_POINT('',(37.,-51.0053622775036,0.));
#4589=CARTESIAN_POINT('',(37.,-56.5946377224964,4.5));
#4590=CARTESIAN_POINT('',(37.,-56.05,4.5));
#4591=CARTESIAN_POINT('',(37.,-56.5946377224964,1.5));
#4592=CARTESIAN_POINT('',(37.,-56.5946377224964,0.));
#4593=CARTESIAN_POINT('',(37.,-36.55,1.5));
#4594=CARTESIAN_POINT('Origin',(-24.5,26.7,0.));
#4595=CARTESIAN_POINT('',(-24.5,28.7,42.));
#4596=CARTESIAN_POINT('Origin',(-24.5,26.7,42.));
#4597=CARTESIAN_POINT('',(-24.5,28.7,2.));
#4598=CARTESIAN_POINT('',(-24.5,28.7,0.));
#4599=CARTESIAN_POINT('',(-26.5,26.7,2.));
#4600=CARTESIAN_POINT('Origin',(-24.5,26.7,2.));
#4601=CARTESIAN_POINT('',(-26.5,26.7,42.));
#4602=CARTESIAN_POINT('',(-26.5,26.7,0.));
#4603=CARTESIAN_POINT('Origin',(-24.5,26.7,42.));
#4604=CARTESIAN_POINT('Origin',(6.,-14.8,42.));
#4605=CARTESIAN_POINT('',(36.5,28.7,42.));
#4606=CARTESIAN_POINT('Origin',(36.5,26.7,42.));
#4607=CARTESIAN_POINT('',(22.25,28.7,42.));
#4608=CARTESIAN_POINT('Origin',(6.,-14.8,42.));
#4609=CARTESIAN_POINT('',(38.5,-56.3,42.));
#4610=CARTESIAN_POINT('Origin',(36.5,-56.3,42.));
#4611=CARTESIAN_POINT('',(38.5,26.7,42.));
#4612=CARTESIAN_POINT('',(38.5,-36.55,42.));
#4613=CARTESIAN_POINT('Origin',(36.5,26.7,42.));
#4614=CARTESIAN_POINT('Origin',(6.,-14.8,42.));
#4615=CARTESIAN_POINT('',(-24.5,-58.3,42.));
#4616=CARTESIAN_POINT('Origin',(-24.5,-56.3,42.));
#4617=CARTESIAN_POINT('',(36.5,-58.3,42.));
#4618=CARTESIAN_POINT('',(-10.25,-58.3,42.));
#4619=CARTESIAN_POINT('Origin',(36.5,-56.3,42.));
#4620=CARTESIAN_POINT('Origin',(6.,-14.8,42.));
#4621=CARTESIAN_POINT('',(-26.5,-56.3,42.));
#4622=CARTESIAN_POINT('',(-26.5,6.94999999999999,42.));
#4623=CARTESIAN_POINT('Origin',(-24.5,-56.3,42.));
#4624=CARTESIAN_POINT('Origin',(36.5,26.7,0.));
#4625=CARTESIAN_POINT('',(38.5,26.7,2.));
#4626=CARTESIAN_POINT('',(38.5,26.7,0.));
#4627=CARTESIAN_POINT('',(36.5,28.7,2.));
#4628=CARTESIAN_POINT('Origin',(36.5,26.7,2.));
#4629=CARTESIAN_POINT('',(36.5,28.7,0.));
#4630=CARTESIAN_POINT('Origin',(6.3799999999899,27.2,39.9999999999781));
#4631=CARTESIAN_POINT('',(15.3799999999899,28.7,40.));
#4632=CARTESIAN_POINT('',(6.3799999999899,28.7,39.9999999999781));
#4633=CARTESIAN_POINT('',(22.4399999999464,28.7,40.0000000000171));
#4634=CARTESIAN_POINT('',(15.3799999999899,27.2,40.));
#4635=CARTESIAN_POINT('',(15.3799999999899,27.2,40.));
#4636=CARTESIAN_POINT('',(6.3799999999899,27.2,39.9999999999781));
#4637=CARTESIAN_POINT('',(22.4399999999464,27.2,40.0000000000171));
#4638=CARTESIAN_POINT('',(6.3799999999899,27.2,39.9999999999781));
#4639=CARTESIAN_POINT('Origin',(6.37999999999528,27.2,37.4999999999592));
#4640=CARTESIAN_POINT('',(6.38000000000067,28.7,34.9999999999402));
#4641=CARTESIAN_POINT('Origin',(6.37999999999528,28.7,37.4999999999592));
#4642=CARTESIAN_POINT('',(6.38000000000067,27.2,34.9999999999402));
#4643=CARTESIAN_POINT('Origin',(6.37999999999528,27.2,37.4999999999592));
#4644=CARTESIAN_POINT('',(6.38000000000067,27.2,34.9999999999402));
#4645=CARTESIAN_POINT('Origin',(15.3800000000047,27.2,34.999999999977));
#4646=CARTESIAN_POINT('',(15.3800000000047,28.7,34.999999999977));
#4647=CARTESIAN_POINT('',(26.9399999999886,28.7,34.9999999999862));
#4648=CARTESIAN_POINT('',(15.3800000000047,27.2,34.999999999977));
#4649=CARTESIAN_POINT('',(26.9399999999886,27.2,34.9999999999862));
#4650=CARTESIAN_POINT('',(15.3800000000047,27.2,34.999999999977));
#4651=CARTESIAN_POINT('Origin',(15.3800000000008,27.2,37.4999999999592));
#4652=CARTESIAN_POINT('Origin',(15.3800000000008,28.7,37.4999999999592));
#4653=CARTESIAN_POINT('Origin',(15.3800000000008,27.2,37.4999999999592));
#4654=CARTESIAN_POINT('Origin',(-12.,-16.,0.));
#4655=CARTESIAN_POINT('',(-13.5,-16.,22.));
#4656=CARTESIAN_POINT('Origin',(-12.,-16.,22.));
#4657=CARTESIAN_POINT('',(-13.5,-16.,1.5));
#4658=CARTESIAN_POINT('',(-13.5,-16.,0.));
#4659=CARTESIAN_POINT('Origin',(-12.,-16.,1.5));
#4660=CARTESIAN_POINT('Origin',(-12.,-16.,0.));
#4661=CARTESIAN_POINT('',(-14.6,-16.,22.));
#4662=CARTESIAN_POINT('Origin',(-12.,-16.,22.));
#4663=CARTESIAN_POINT('',(-14.6,-16.,1.5));
#4664=CARTESIAN_POINT('',(-14.6,-16.,0.));
#4665=CARTESIAN_POINT('Origin',(-12.,-16.,1.5));
#4666=CARTESIAN_POINT('Origin',(6.,3.49999999999999,22.));
#4667=CARTESIAN_POINT('Origin',(6.,-14.8,1.5));
#4668=CARTESIAN_POINT('',(-6.9999999999999,27.2,1.5));
#4669=CARTESIAN_POINT('',(-7.00000000000001,6.95000000000003,1.5));
#4670=CARTESIAN_POINT('',(-19.2053622775036,27.2,1.5));
#4671=CARTESIAN_POINT('',(22.25,27.2,1.5));
#4672=CARTESIAN_POINT('',(-25.,21.4053622775036,1.5));
#4673=CARTESIAN_POINT('Origin',(-22.,24.2,1.5));
#4674=CARTESIAN_POINT('',(-25.,-51.0053622775036,1.5));
#4675=CARTESIAN_POINT('',(-25.,6.94999999999999,1.5));
#4676=CARTESIAN_POINT('Origin',(-22.,-53.8,1.5));
#4677=CARTESIAN_POINT('',(-14.6,23.,1.5));
#4678=CARTESIAN_POINT('Origin',(-12.,23.,1.5));
#4679=CARTESIAN_POINT('Origin',(-12.,23.,0.));
#4680=CARTESIAN_POINT('',(-13.5,23.,22.));
#4681=CARTESIAN_POINT('Origin',(-12.,23.,22.));
#4682=CARTESIAN_POINT('',(-13.5,23.,1.5));
#4683=CARTESIAN_POINT('',(-13.5,23.,0.));
#4684=CARTESIAN_POINT('Origin',(-12.,23.,1.5));
#4685=CARTESIAN_POINT('Origin',(-12.,23.,0.));
#4686=CARTESIAN_POINT('',(-14.6,23.,22.));
#4687=CARTESIAN_POINT('Origin',(-12.,23.,22.));
#4688=CARTESIAN_POINT('',(-14.6,23.,0.));
#4689=CARTESIAN_POINT('Origin',(6.,3.49999999999999,22.));
#4690=CARTESIAN_POINT('Origin',(6.,-14.8,1.5));
#4691=CARTESIAN_POINT('Origin',(24.,-16.,0.));
#4692=CARTESIAN_POINT('',(22.418861,-16.,22.));
#4693=CARTESIAN_POINT('Origin',(24.,-16.,22.));
#4694=CARTESIAN_POINT('',(22.418861,-16.,1.5));
#4695=CARTESIAN_POINT('',(22.418861,-16.,0.));
#4696=CARTESIAN_POINT('Origin',(24.,-16.,1.5));
#4697=CARTESIAN_POINT('Origin',(24.,-16.,0.));
#4698=CARTESIAN_POINT('',(21.4,-16.,22.));
#4699=CARTESIAN_POINT('Origin',(24.,-16.,22.));
#4700=CARTESIAN_POINT('',(21.4,-16.,1.5));
#4701=CARTESIAN_POINT('',(21.4,-16.,0.));
#4702=CARTESIAN_POINT('Origin',(24.,-16.,1.5));
#4703=CARTESIAN_POINT('Origin',(6.,3.49999999999999,22.));
#4704=CARTESIAN_POINT('Origin',(6.,-14.8,1.5));
#4705=CARTESIAN_POINT('',(19.,27.2,1.5));
#4706=CARTESIAN_POINT('',(19.,6.95,1.5));
#4707=CARTESIAN_POINT('Origin',(34.,-53.8,1.5));
#4708=CARTESIAN_POINT('',(31.2053622775036,27.2,1.5));
#4709=CARTESIAN_POINT('Origin',(34.,24.2,1.5));
#4710=CARTESIAN_POINT('',(22.25,27.2,1.5));
#4711=CARTESIAN_POINT('',(21.4,23.,1.5));
#4712=CARTESIAN_POINT('Origin',(24.,23.,1.5));
#4713=CARTESIAN_POINT('Origin',(24.,23.,0.));
#4714=CARTESIAN_POINT('',(22.5,23.,22.));
#4715=CARTESIAN_POINT('Origin',(24.,23.,22.));
#4716=CARTESIAN_POINT('',(22.5,23.,1.5));
#4717=CARTESIAN_POINT('',(22.5,23.,0.));
#4718=CARTESIAN_POINT('Origin',(24.,23.,1.5));
#4719=CARTESIAN_POINT('Origin',(24.,23.,0.));
#4720=CARTESIAN_POINT('',(21.4,23.,22.));
#4721=CARTESIAN_POINT('Origin',(24.,23.,22.));
#4722=CARTESIAN_POINT('',(21.4,23.,0.));
#4723=CARTESIAN_POINT('Origin',(6.,3.49999999999999,22.));
#4724=CARTESIAN_POINT('Origin',(6.,-14.8,1.5));
#4725=CARTESIAN_POINT('Origin',(-7.,6.94999999999999,16.));
#4726=CARTESIAN_POINT('',(-5.9999999999999,27.2,16.));
#4727=CARTESIAN_POINT('',(-6.9999999999999,27.2,17.));
#4728=CARTESIAN_POINT('Origin',(-6.99999999999989,27.2000000000002,16.));
#4729=CARTESIAN_POINT('',(-6.99999999999989,28.7,17.));
#4730=CARTESIAN_POINT('',(-6.00000000000001,6.94999999999999,16.));
#4731=CARTESIAN_POINT('Origin',(19.,6.94999999999999,16.));
#4732=CARTESIAN_POINT('',(19.,27.2,17.));
#4733=CARTESIAN_POINT('',(18.,27.2,16.));
#4734=CARTESIAN_POINT('Origin',(19.,27.1999999999999,16.));
#4735=CARTESIAN_POINT('',(18.,6.94999999999999,16.));
#4736=CARTESIAN_POINT('',(19.,28.7,17.));
#4737=CARTESIAN_POINT('Origin',(18.,28.7,0.));
#4738=CARTESIAN_POINT('',(18.,27.2,1.5));
#4739=CARTESIAN_POINT('',(18.,27.2,0.));
#4740=CARTESIAN_POINT('',(18.,6.95,1.5));
#4741=CARTESIAN_POINT('Origin',(18.,28.7,0.));
#4742=CARTESIAN_POINT('',(18.,28.7,2.));
#4743=CARTESIAN_POINT('',(18.,26.7,0.));
#4744=CARTESIAN_POINT('Origin',(18.,26.7,2.));
#4745=CARTESIAN_POINT('',(18.,28.7,0.));
#4746=CARTESIAN_POINT('',(18.,28.7,0.));
#4747=CARTESIAN_POINT('',(18.,28.7,0.));
#4748=CARTESIAN_POINT('Origin',(18.,28.7,0.));
#4749=CARTESIAN_POINT('',(18.0000000000002,-56.3,0.));
#4750=CARTESIAN_POINT('',(18.0000000000002,-58.3,2.));
#4751=CARTESIAN_POINT('Origin',(18.,-56.3,2.));
#4752=CARTESIAN_POINT('',(17.9999999999999,-58.3,0.));
#4753=CARTESIAN_POINT('',(18.,28.7,0.));
#4754=CARTESIAN_POINT('',(17.9999999999999,-58.3,0.));
#4755=CARTESIAN_POINT('Origin',(19.,28.7,0.));
#4756=CARTESIAN_POINT('',(19.,27.2,0.));
#4757=CARTESIAN_POINT('Origin',(19.,28.7,0.));
#4758=CARTESIAN_POINT('',(19.,26.7,0.));
#4759=CARTESIAN_POINT('',(19.,28.7,2.));
#4760=CARTESIAN_POINT('Origin',(19.,26.7,2.));
#4761=CARTESIAN_POINT('',(19.,28.7,0.));
#4762=CARTESIAN_POINT('',(19.,28.7,0.));
#4763=CARTESIAN_POINT('',(19.,28.7,0.));
#4764=CARTESIAN_POINT('Origin',(19.,28.7,0.));
#4765=CARTESIAN_POINT('',(19.0000000000002,-58.3,2.));
#4766=CARTESIAN_POINT('',(19.0000000000002,-56.3,0.));
#4767=CARTESIAN_POINT('Origin',(19.,-56.3,2.));
#4768=CARTESIAN_POINT('',(18.9999999999999,-58.3,0.));
#4769=CARTESIAN_POINT('',(18.9999999999999,-58.3,0.));
#4770=CARTESIAN_POINT('',(19.,28.7,0.));
#4771=CARTESIAN_POINT('Origin',(-26.5,-58.3,0.));
#4772=CARTESIAN_POINT('',(36.5,-58.3,2.));
#4773=CARTESIAN_POINT('',(-10.25,-58.3,2.));
#4774=CARTESIAN_POINT('',(36.5,-58.3,0.));
#4775=CARTESIAN_POINT('',(-24.5,-58.3,2.));
#4776=CARTESIAN_POINT('',(-24.5,-58.3,0.));
#4777=CARTESIAN_POINT('',(-7.00000000000036,-58.3,2.));
#4778=CARTESIAN_POINT('',(-10.25,-58.3,2.));
#4779=CARTESIAN_POINT('',(-7.00000000000036,-58.3,0.));
#4780=CARTESIAN_POINT('',(-7.00000000000036,-58.3,0.));
#4781=CARTESIAN_POINT('',(-6.00000000000036,-58.3,0.));
#4782=CARTESIAN_POINT('',(-6.50000000000036,-58.3,0.));
#4783=CARTESIAN_POINT('',(-6.00000000000036,-58.3,2.));
#4784=CARTESIAN_POINT('',(-6.00000000000036,-58.3,0.));
#4785=CARTESIAN_POINT('',(-10.25,-58.3,2.));
#4786=CARTESIAN_POINT('',(18.4999999999999,-58.3,0.));
#4787=CARTESIAN_POINT('Origin',(-10.25,-56.3,2.));
#4788=CARTESIAN_POINT('',(33.2858571571457,-56.3,0.));
#4789=CARTESIAN_POINT('',(-10.25,-56.3,0.));
#4790=CARTESIAN_POINT('',(34.7141428428543,-56.3,0.));
#4791=CARTESIAN_POINT('Ctrl Pts',(33.2858571571457,-56.3,2.78572195692994E-16));
#4792=CARTESIAN_POINT('Ctrl Pts',(33.5217776147033,-56.3673923624991,2.92285125690318E-16));
#4793=CARTESIAN_POINT('Ctrl Pts',(33.7657787868877,-56.4,0.00250156445618238));
#4794=CARTESIAN_POINT('Ctrl Pts',(34.,-56.4,0.00250156445618238));
#4795=CARTESIAN_POINT('Ctrl Pts',(34.2342212131123,-56.4,0.00250156445618238));
#4796=CARTESIAN_POINT('Ctrl Pts',(34.4782223852967,-56.3673923624991,2.99400202447254E-16));
#4797=CARTESIAN_POINT('Ctrl Pts',(34.7141428428543,-56.3,2.8568727244993E-16));
#4798=CARTESIAN_POINT('',(36.5,-56.3,0.));
#4799=CARTESIAN_POINT('',(-10.25,-56.3,0.));
#4800=CARTESIAN_POINT('Origin',(36.5,-56.3,2.));
#4801=CARTESIAN_POINT('Origin',(22.25,26.7,2.));
#4802=CARTESIAN_POINT('',(22.25,28.7,2.));
#4803=CARTESIAN_POINT('',(36.5,26.7,0.));
#4804=CARTESIAN_POINT('Origin',(36.5,26.7,2.));
#4805=CARTESIAN_POINT('',(34.7141428428543,26.7,0.));
#4806=CARTESIAN_POINT('',(22.25,26.7,0.));
#4807=CARTESIAN_POINT('',(33.2858571571457,26.7,0.));
#4808=CARTESIAN_POINT('Ctrl Pts',(34.7141428428543,26.7,6.7762635780344E-18));
#4809=CARTESIAN_POINT('Ctrl Pts',(34.4782223852967,26.7673923624991,1.08793706062604E-18));
#4810=CARTESIAN_POINT('Ctrl Pts',(34.2342212131123,26.8,0.00250156445618183));
#4811=CARTESIAN_POINT('Ctrl Pts',(34.,26.8,0.00250156445618183));
#4812=CARTESIAN_POINT('Ctrl Pts',(33.7657787868877,26.8,0.00250156445618183));
#4813=CARTESIAN_POINT('Ctrl Pts',(33.5217776147033,26.7673923624991,-4.67628453314674E-18));
#4814=CARTESIAN_POINT('Ctrl Pts',(33.2858571571457,26.7,0.));
#4815=CARTESIAN_POINT('',(22.25,26.7,0.));
#4816=CARTESIAN_POINT('Origin',(38.5,27.2,0.));
#4817=CARTESIAN_POINT('',(-25.,27.2,1.5));
#4818=CARTESIAN_POINT('',(-25.,27.2,0.));
#4819=CARTESIAN_POINT('',(-24.7946377224964,27.2,1.5));
#4820=CARTESIAN_POINT('',(22.25,27.2,1.5));
#4821=CARTESIAN_POINT('',(-24.7946377224964,27.2,4.5));
#4822=CARTESIAN_POINT('',(-24.7946377224964,27.2,0.));
#4823=CARTESIAN_POINT('',(-19.2053622775036,27.2,4.5));
#4824=CARTESIAN_POINT('',(8.25,27.2,4.5));
#4825=CARTESIAN_POINT('',(-19.2053622775036,27.2,0.));
#4826=CARTESIAN_POINT('',(-6.9999999999999,27.2,0.));
#4827=CARTESIAN_POINT('',(-5.99999999999989,27.2,1.5));
#4828=CARTESIAN_POINT('',(-5.9999999999999,27.2,0.));
#4829=CARTESIAN_POINT('',(22.25,27.2,1.5));
#4830=CARTESIAN_POINT('',(31.2053622775036,27.2,4.5));
#4831=CARTESIAN_POINT('',(31.2053622775036,27.2,0.));
#4832=CARTESIAN_POINT('',(36.7946377224964,27.2,4.5));
#4833=CARTESIAN_POINT('',(36.25,27.2,4.5));
#4834=CARTESIAN_POINT('',(36.7946377224964,27.2,1.5));
#4835=CARTESIAN_POINT('',(36.7946377224964,27.2,0.));
#4836=CARTESIAN_POINT('',(22.25,27.2,1.5));
#4837=CARTESIAN_POINT('Origin',(6.,-14.8,1.5));
#4838=CARTESIAN_POINT('Origin',(6.,-14.8,1.5));
#4839=CARTESIAN_POINT('',(-6.00000000000001,6.95000000000002,1.5));
#4840=CARTESIAN_POINT('Origin',(-6.99999999999989,28.7,0.));
#4841=CARTESIAN_POINT('',(-6.99999999999989,28.7,2.));
#4842=CARTESIAN_POINT('',(-6.9999999999999,26.7,0.));
#4843=CARTESIAN_POINT('Origin',(-6.99999999999989,26.7,2.));
#4844=CARTESIAN_POINT('',(-6.99999999999989,28.7,0.));
#4845=CARTESIAN_POINT('',(-6.99999999999989,28.7,0.));
#4846=CARTESIAN_POINT('',(-6.99999999999989,28.7,0.));
#4847=CARTESIAN_POINT('Origin',(-6.99999999999989,28.7,0.));
#4848=CARTESIAN_POINT('Origin',(-6.99999999999989,28.7,0.));
#4849=CARTESIAN_POINT('',(-7.00000000000035,-56.3,0.));
#4850=CARTESIAN_POINT('Origin',(-6.99999999999989,-56.3,2.));
#4851=CARTESIAN_POINT('',(-6.99999999999989,28.7,0.));
#4852=CARTESIAN_POINT('Origin',(-5.99999999999989,28.7,0.));
#4853=CARTESIAN_POINT('Origin',(-5.99999999999989,28.7,0.));
#4854=CARTESIAN_POINT('',(-5.99999999999989,26.7,0.));
#4855=CARTESIAN_POINT('',(-5.99999999999989,28.7,2.));
#4856=CARTESIAN_POINT('Origin',(-5.99999999999989,26.7,2.));
#4857=CARTESIAN_POINT('',(-5.99999999999989,28.7,0.));
#4858=CARTESIAN_POINT('',(-5.99999999999989,28.7,0.));
#4859=CARTESIAN_POINT('',(-5.99999999999989,28.7,0.));
#4860=CARTESIAN_POINT('Origin',(-5.99999999999989,28.7,0.));
#4861=CARTESIAN_POINT('',(-6.00000000000035,-56.3,0.));
#4862=CARTESIAN_POINT('Origin',(-5.99999999999989,-56.3,2.));
#4863=CARTESIAN_POINT('',(-5.99999999999989,28.7,0.));
#4864=CARTESIAN_POINT('Origin',(-10.25,-56.3,2.));
#4865=CARTESIAN_POINT('',(-10.25,-56.3,0.));
#4866=CARTESIAN_POINT('Origin',(22.25,26.7,2.));
#4867=CARTESIAN_POINT('',(22.25,26.7,0.));
#4868=CARTESIAN_POINT('',(22.25,28.7,2.));
#4869=CARTESIAN_POINT('Origin',(6.,-14.8,1.5));
#4870=CARTESIAN_POINT('Origin',(-24.5,26.7,2.));
#4871=CARTESIAN_POINT('',(-24.5,26.7,0.));
#4872=CARTESIAN_POINT('Origin',(-24.5,26.7,2.));
#4873=CARTESIAN_POINT('Origin',(-24.5,26.7,2.));
#4874=CARTESIAN_POINT('Origin',(36.5,26.7,2.));
#4875=CARTESIAN_POINT('Origin',(36.5,26.7,2.));
#4876=CARTESIAN_POINT('Origin',(-24.5,-56.3,2.));
#4877=CARTESIAN_POINT('',(-24.5,-56.3,0.));
#4878=CARTESIAN_POINT('',(-26.5,-56.3,2.));
#4879=CARTESIAN_POINT('Origin',(-24.5,-56.3,2.));
#4880=CARTESIAN_POINT('Origin',(-24.5,-56.3,2.));
#4881=CARTESIAN_POINT('Origin',(-24.5,-56.3,2.));
#4882=CARTESIAN_POINT('Origin',(36.5,-56.3,2.));
#4883=CARTESIAN_POINT('',(38.5,-56.3,2.));
#4884=CARTESIAN_POINT('Origin',(36.5,-56.3,2.));
#4885=CARTESIAN_POINT('Origin',(36.5,-56.3,2.));
#4886=CARTESIAN_POINT('Origin',(-10.25,-56.3,2.));
#4887=CARTESIAN_POINT('',(-22.7141428428543,-56.3,0.));
#4888=CARTESIAN_POINT('',(-10.25,-56.3,0.));
#4889=CARTESIAN_POINT('',(-21.2858571571457,-56.3,0.));
#4890=CARTESIAN_POINT('Ctrl Pts',(-22.7141428428543,-56.3,2.96800344717907E-16));
#4891=CARTESIAN_POINT('Ctrl Pts',(-22.4782223852967,-56.3673923624991,3.1071642923371E-16));
#4892=CARTESIAN_POINT('Ctrl Pts',(-22.2342212131123,-56.4,0.00250156445618238));
#4893=CARTESIAN_POINT('Ctrl Pts',(-22.,-56.4,0.00250156445618238));
#4894=CARTESIAN_POINT('Ctrl Pts',(-21.7657787868877,-56.4,0.00250156445618238));
#4895=CARTESIAN_POINT('Ctrl Pts',(-21.5217776147033,-56.3673923624991,3.37888312459592E-16));
#4896=CARTESIAN_POINT('Ctrl Pts',(-21.2858571571457,-56.3,3.22550146314438E-16));
#4897=CARTESIAN_POINT('',(-10.25,-56.3,0.));
#4898=CARTESIAN_POINT('Origin',(36.5,-36.55,2.));
#4899=CARTESIAN_POINT('',(36.5,23.4858571571457,0.));
#4900=CARTESIAN_POINT('',(36.5,24.9141428428543,0.));
#4901=CARTESIAN_POINT('Ctrl Pts',(36.5,23.4858571571457,-1.81603863891322E-17));
#4902=CARTESIAN_POINT('Ctrl Pts',(36.5673923624991,23.7217776147033,-2.84196895723151E-17));
#4903=CARTESIAN_POINT('Ctrl Pts',(36.6,23.9657787868877,0.00250156445618183));
#4904=CARTESIAN_POINT('Ctrl Pts',(36.6,24.2,0.00250156445618183));
#4905=CARTESIAN_POINT('Ctrl Pts',(36.6,24.4342212131123,0.00250156445618183));
#4906=CARTESIAN_POINT('Ctrl Pts',(36.5673923624991,24.6782223852967,2.26991757755661E-16));
#4907=CARTESIAN_POINT('Ctrl Pts',(36.5,24.9141428428543,2.07082614944731E-16));
#4908=CARTESIAN_POINT('',(36.5,-36.55,0.));
#4909=CARTESIAN_POINT('',(38.5,-36.55,2.));
#4910=CARTESIAN_POINT('',(36.5,-54.5141428428543,0.));
#4911=CARTESIAN_POINT('',(36.5,-36.55,0.));
#4912=CARTESIAN_POINT('',(36.5,-53.0858571571457,0.));
#4913=CARTESIAN_POINT('Ctrl Pts',(36.5,-54.5141428428543,2.24971950790742E-16));
#4914=CARTESIAN_POINT('Ctrl Pts',(36.5673923624991,-54.2782223852967,2.40208539676658E-16));
#4915=CARTESIAN_POINT('Ctrl Pts',(36.6,-54.0342212131124,0.00250156445618183));
#4916=CARTESIAN_POINT('Ctrl Pts',(36.6,-53.8,0.00250156445618183));
#4917=CARTESIAN_POINT('Ctrl Pts',(36.6,-53.5657787868877,0.00250156445618183));
#4918=CARTESIAN_POINT('Ctrl Pts',(36.5673923624991,-53.3217776147033,2.19545604373828E-16));
#4919=CARTESIAN_POINT('Ctrl Pts',(36.5,-53.0858571571457,2.11419423634673E-16));
#4920=CARTESIAN_POINT('',(36.5,-36.55,0.));
#4921=CARTESIAN_POINT('Origin',(36.5,-56.3,0.));
#4922=CARTESIAN_POINT('',(38.5,-56.3,0.));
#4923=CARTESIAN_POINT('Origin',(-24.5,-56.3,0.));
#4924=CARTESIAN_POINT('',(-26.5,-56.3,0.));
#4925=CARTESIAN_POINT('Origin',(-24.5,6.94999999999999,2.));
#4926=CARTESIAN_POINT('',(-24.5,-53.0858571571457,0.));
#4927=CARTESIAN_POINT('',(-24.6,-53.8,0.00250156445618189));
#4928=CARTESIAN_POINT('Ctrl Pts',(-24.5,-53.0858571571457,-2.16840434497101E-18));
#4929=CARTESIAN_POINT('Ctrl Pts',(-24.5673923624991,-53.3217776147033,-1.49671390091401E-17));
#4930=CARTESIAN_POINT('Ctrl Pts',(-24.6,-53.5657787868877,0.00250156445618211));
#4931=CARTESIAN_POINT('Ctrl Pts',(-24.6,-53.8,0.00250156445618211));
#4932=CARTESIAN_POINT('',(-24.5,-54.5141428428543,0.));
#4933=CARTESIAN_POINT('Ctrl Pts',(-24.6,-53.8,0.00250156445618189));
#4934=CARTESIAN_POINT('Ctrl Pts',(-24.6,-54.0342212131124,0.00250156445618191));
#4935=CARTESIAN_POINT('Ctrl Pts',(-24.5673923624991,-54.2782223852967,2.09647724328585E-16));
#4936=CARTESIAN_POINT('Ctrl Pts',(-24.5,-54.5141428428543,1.94614289961148E-16));
#4937=CARTESIAN_POINT('',(-24.5,6.94999999999999,0.));
#4938=CARTESIAN_POINT('',(-26.5,6.94999999999999,2.));
#4939=CARTESIAN_POINT('',(-24.5,24.9141428428543,0.));
#4940=CARTESIAN_POINT('',(-24.5,6.94999999999999,0.));
#4941=CARTESIAN_POINT('',(-24.6,24.2,0.00250156445618209));
#4942=CARTESIAN_POINT('Ctrl Pts',(-24.5,24.9141428428543,-2.92734586571086E-17));
#4943=CARTESIAN_POINT('Ctrl Pts',(-24.5673923624991,24.6782223852967,-3.39460125821227E-17));
#4944=CARTESIAN_POINT('Ctrl Pts',(-24.6,24.4342212131123,0.00250156445618208));
#4945=CARTESIAN_POINT('Ctrl Pts',(-24.6,24.2,0.00250156445618208));
#4946=CARTESIAN_POINT('',(-24.5,23.4858571571457,0.));
#4947=CARTESIAN_POINT('Ctrl Pts',(-24.6,24.2,0.00250156445618209));
#4948=CARTESIAN_POINT('Ctrl Pts',(-24.6,23.9657787868877,0.00250156445618209));
#4949=CARTESIAN_POINT('Ctrl Pts',(-24.5673923624991,23.7217776147033,8.97941626849962E-18));
#4950=CARTESIAN_POINT('Ctrl Pts',(-24.5,23.4858571571457,1.02999206386123E-17));
#4951=CARTESIAN_POINT('',(-24.5,6.94999999999999,0.));
#4952=CARTESIAN_POINT('Origin',(22.25,26.7,2.));
#4953=CARTESIAN_POINT('',(-21.2858571571457,26.7,0.));
#4954=CARTESIAN_POINT('',(22.25,26.7,0.));
#4955=CARTESIAN_POINT('',(-22.7141428428543,26.7,0.));
#4956=CARTESIAN_POINT('Ctrl Pts',(-21.2858571571457,26.7,-3.3881317890172E-17));
#4957=CARTESIAN_POINT('Ctrl Pts',(-21.5217776147033,26.7673923624991,-3.69286356673551E-17));
#4958=CARTESIAN_POINT('Ctrl Pts',(-21.7657787868877,26.8,0.00250156445618183));
#4959=CARTESIAN_POINT('Ctrl Pts',(-22.,26.8,0.00250156445618183));
#4960=CARTESIAN_POINT('Ctrl Pts',(-22.2342212131123,26.8,0.00250156445618183));
#4961=CARTESIAN_POINT('Ctrl Pts',(-22.4782223852967,26.7673923624991,-6.86073344225105E-17));
#4962=CARTESIAN_POINT('Ctrl Pts',(-22.7141428428543,26.7,-6.50521303491303E-17));
#4963=CARTESIAN_POINT('',(22.25,26.7,0.));
#4964=CARTESIAN_POINT('',(22.25,28.7,2.));
#4965=CARTESIAN_POINT('Origin',(-22.,-53.8,0.));
#4966=CARTESIAN_POINT('Origin',(-22.,-53.8,0.));
#4967=CARTESIAN_POINT('',(-24.6,-53.8,3.));
#4968=CARTESIAN_POINT('',(-24.6,-53.8,0.));
#4969=CARTESIAN_POINT('Origin',(-22.,-53.8,3.));
#4970=CARTESIAN_POINT('Origin',(-22.,-53.8,0.));
#4971=CARTESIAN_POINT('Origin',(-22.,24.2,0.));
#4972=CARTESIAN_POINT('Origin',(-22.,24.2,0.));
#4973=CARTESIAN_POINT('Origin',(-22.,24.2,0.));
#4974=CARTESIAN_POINT('',(-24.6,24.2,3.));
#4975=CARTESIAN_POINT('',(-24.6,24.2,0.));
#4976=CARTESIAN_POINT('Origin',(-22.,24.2,3.));
#4977=CARTESIAN_POINT('Origin',(6.,-14.8,0.));
#4978=CARTESIAN_POINT('Origin',(6.,-14.8,0.));
#4979=CARTESIAN_POINT('Origin',(34.,24.2,0.));
#4980=CARTESIAN_POINT('Origin',(6.,-14.8,0.));
#4981=CARTESIAN_POINT('Origin',(6.,-14.8,0.));
#4982=CARTESIAN_POINT('Origin',(34.,-53.8,0.));
#4983=CARTESIAN_POINT('Origin',(38.5,-58.3,0.));
#4984=CARTESIAN_POINT('Origin',(38.5,28.7,0.));
#4985=CARTESIAN_POINT('',(-6.49999999999989,28.7,0.));
#4986=CARTESIAN_POINT('',(18.5,28.7,0.));
#4987=CARTESIAN_POINT('Origin',(34.,24.2,0.));
#4988=CARTESIAN_POINT('',(32.5,24.2,3.));
#4989=CARTESIAN_POINT('Origin',(34.,24.2,3.));
#4990=CARTESIAN_POINT('',(32.5,24.2,4.5));
#4991=CARTESIAN_POINT('',(32.5,24.2,0.));
#4992=CARTESIAN_POINT('Origin',(34.,24.2,4.5));
#4993=CARTESIAN_POINT('Origin',(34.,-53.8,0.));
#4994=CARTESIAN_POINT('',(32.5,-53.8,3.));
#4995=CARTESIAN_POINT('Origin',(34.,-53.8,3.));
#4996=CARTESIAN_POINT('',(32.5,-53.8,4.5));
#4997=CARTESIAN_POINT('',(32.5,-53.8,0.));
#4998=CARTESIAN_POINT('Origin',(34.,-53.8,4.5));
#4999=CARTESIAN_POINT('Origin',(-22.,24.2,0.));
#5000=CARTESIAN_POINT('',(-23.5,24.2,3.));
#5001=CARTESIAN_POINT('Origin',(-22.,24.2,3.));
#5002=CARTESIAN_POINT('',(-23.5,24.2,4.5));
#5003=CARTESIAN_POINT('',(-23.5,24.2,0.));
#5004=CARTESIAN_POINT('Origin',(-22.,24.2,4.5));
#5005=CARTESIAN_POINT('Origin',(-22.,-53.8,0.));
#5006=CARTESIAN_POINT('',(-23.5,-53.8,3.));
#5007=CARTESIAN_POINT('Origin',(-22.,-53.8,3.));
#5008=CARTESIAN_POINT('',(-23.5,-53.8,4.5));
#5009=CARTESIAN_POINT('',(-23.5,-53.8,0.));
#5010=CARTESIAN_POINT('Origin',(-22.,-53.8,4.5));
#5011=CARTESIAN_POINT('Origin',(6.,-14.8,0.));
#5012=CARTESIAN_POINT('',(31.4,24.2,-2.84196895723151E-17));
#5013=CARTESIAN_POINT('Origin',(34.,24.2,0.));
#5014=CARTESIAN_POINT('Origin',(34.,24.2,0.));
#5015=CARTESIAN_POINT('',(31.4,-53.8,0.));
#5016=CARTESIAN_POINT('Origin',(34.,-53.8,0.));
#5017=CARTESIAN_POINT('Origin',(34.,-53.8,0.));
#5018=CARTESIAN_POINT('Origin',(-22.,24.2,3.));
#5019=CARTESIAN_POINT('Origin',(-22.,-53.8,3.));
#5020=CARTESIAN_POINT('Origin',(34.,24.2,3.));
#5021=CARTESIAN_POINT('',(31.4,24.2,3.));
#5022=CARTESIAN_POINT('Origin',(34.,24.2,3.));
#5023=CARTESIAN_POINT('Origin',(34.,24.2,0.));
#5024=CARTESIAN_POINT('',(31.4,24.2,0.));
#5025=CARTESIAN_POINT('Origin',(34.,-53.8,3.));
#5026=CARTESIAN_POINT('',(31.4,-53.8,3.));
#5027=CARTESIAN_POINT('Origin',(34.,-53.8,3.));
#5028=CARTESIAN_POINT('Origin',(34.,-53.8,0.));
#5029=CARTESIAN_POINT('',(31.4,-53.8,0.));
#5030=CARTESIAN_POINT('Origin',(-26.5,28.7,0.));
#5031=CARTESIAN_POINT('Origin',(6.,-14.8,1.5));
#5032=CARTESIAN_POINT('Origin',(34.,24.2,1.5));
#5033=CARTESIAN_POINT('Origin',(-22.,24.2,4.5));
#5034=CARTESIAN_POINT('',(-25.,26.9946377224964,4.5));
#5035=CARTESIAN_POINT('Origin',(-22.,24.2,4.5));
#5036=CARTESIAN_POINT('',(-25.,21.4053622775036,4.5));
#5037=CARTESIAN_POINT('',(-25.,26.45,4.5));
#5038=CARTESIAN_POINT('Origin',(-22.,24.2,4.5));
#5039=CARTESIAN_POINT('Origin',(-22.,24.2,0.));
#5040=CARTESIAN_POINT('',(-25.,26.9946377224964,1.5));
#5041=CARTESIAN_POINT('Origin',(-22.,24.2,1.5));
#5042=CARTESIAN_POINT('',(-25.,26.9946377224964,0.));
#5043=CARTESIAN_POINT('Origin',(-22.,-53.8,4.5));
#5044=CARTESIAN_POINT('',(-25.,-51.0053622775036,4.5));
#5045=CARTESIAN_POINT('Origin',(-22.,-53.8,4.5));
#5046=CARTESIAN_POINT('',(-25.,-56.5946377224964,4.5));
#5047=CARTESIAN_POINT('',(-25.,-12.55,4.5));
#5048=CARTESIAN_POINT('Origin',(-22.,-53.8,4.5));
#5049=CARTESIAN_POINT('Origin',(-22.,-53.8,0.));
#5050=CARTESIAN_POINT('',(-25.,-51.0053622775036,0.));
#5051=CARTESIAN_POINT('Origin',(34.,24.2,4.5));
#5052=CARTESIAN_POINT('Origin',(34.,24.2,4.5));
#5053=CARTESIAN_POINT('Origin',(34.,24.2,4.5));
#5054=CARTESIAN_POINT('Origin',(34.,24.2,0.));
#5055=CARTESIAN_POINT('Origin',(34.,-53.8,4.5));
#5056=CARTESIAN_POINT('Origin',(34.,-53.8,4.5));
#5057=CARTESIAN_POINT('Origin',(34.,-53.8,4.5));
#5058=CARTESIAN_POINT('Origin',(34.,-53.8,0.));
#5059=CARTESIAN_POINT('Origin',(34.,-53.8,1.5));
#5060=CARTESIAN_POINT('Origin',(6.,-14.8,1.5));
#5061=CARTESIAN_POINT('',(-25.,-56.5946377224964,1.5));
#5062=CARTESIAN_POINT('',(-25.,6.94999999999999,1.5));
#5063=CARTESIAN_POINT('Origin',(-22.,-53.8,1.5));
#5064=CARTESIAN_POINT('Origin',(6.,-14.8,1.5));
#5065=CARTESIAN_POINT('Origin',(6.,-14.8,1.5));
#5066=CARTESIAN_POINT('',(-25.,6.94999999999999,1.5));
#5067=CARTESIAN_POINT('Origin',(34.,-53.8,0.));
#5068=CARTESIAN_POINT('Origin',(34.,24.2,0.));
#5069=CARTESIAN_POINT('Origin',(-22.,-53.8,0.));
#5070=CARTESIAN_POINT('',(-25.,-56.5946377224964,0.));
#5071=CARTESIAN_POINT('Origin',(-22.,24.2,0.));
#5072=CARTESIAN_POINT('',(-25.,21.4053622775036,0.));
#5073=CARTESIAN_POINT('Origin',(-25.,28.7,0.));
#5074=CARTESIAN_POINT('Origin',(-25.75,-56.8,41.25));
#5075=CARTESIAN_POINT('',(-25.75,27.95,42.));
#5076=CARTESIAN_POINT('',(-25.75,-57.55,42.));
#5077=CARTESIAN_POINT('',(-25.75,-35.8,42.));
#5078=CARTESIAN_POINT('',(-25.75,27.95,41.25));
#5079=CARTESIAN_POINT('',(-25.75,27.95,42.));
#5080=CARTESIAN_POINT('',(-25.75,-57.55,41.25));
#5081=CARTESIAN_POINT('',(-25.75,0.,41.25));
#5082=CARTESIAN_POINT('',(-25.75,-57.55,42.));
#5083=CARTESIAN_POINT('Origin',(37.,-57.55,41.25));
#5084=CARTESIAN_POINT('',(37.75,-57.55,42.));
#5085=CARTESIAN_POINT('',(21.5,-57.55,42.));
#5086=CARTESIAN_POINT('',(37.75,-57.55,41.25));
#5087=CARTESIAN_POINT('',(37.,-57.55,41.25));
#5088=CARTESIAN_POINT('',(37.75,-57.55,42.));
#5089=CARTESIAN_POINT('Origin',(37.75,27.2,41.25));
#5090=CARTESIAN_POINT('',(37.75,27.95,42.));
#5091=CARTESIAN_POINT('',(37.75,6.19999999999999,42.));
#5092=CARTESIAN_POINT('',(37.75,27.95,41.25));
#5093=CARTESIAN_POINT('',(37.75,27.2,41.25));
#5094=CARTESIAN_POINT('',(37.75,27.95,42.));
#5095=CARTESIAN_POINT('Origin',(-25.,27.95,41.25));
#5096=CARTESIAN_POINT('',(-9.50000000000001,27.95,42.));
#5097=CARTESIAN_POINT('',(-25.,27.95,41.25));
#5098=CARTESIAN_POINT('Origin',(-25.,27.2,41.25));
#5099=CARTESIAN_POINT('',(-25.,-56.8,41.25));
#5100=CARTESIAN_POINT('',(-25.,27.2,41.25));
#5101=CARTESIAN_POINT('',(-25.,0.,41.25));
#5102=CARTESIAN_POINT('',(37.,-56.8,41.25));
#5103=CARTESIAN_POINT('',(37.,-56.8,41.25));
#5104=CARTESIAN_POINT('',(37.,27.2,41.25));
#5105=CARTESIAN_POINT('',(37.,27.2,41.25));
#5106=CARTESIAN_POINT('',(-25.,27.2,41.25));
#5107=CARTESIAN_POINT('Origin',(-5.13499999999999,-20.,38.5));
#5108=CARTESIAN_POINT('',(2.89000000000001,-20.,37.));
#5109=CARTESIAN_POINT('',(-8.80999999999999,-20.,37.));
#5110=CARTESIAN_POINT('',(-5.13499999999999,-20.,37.));
#5111=CARTESIAN_POINT('',(-7.30999999999999,-18.5,38.5));
#5112=CARTESIAN_POINT('Origin',(-8.80999999999999,-20.,38.5));
#5113=CARTESIAN_POINT('',(1.39000000000001,-18.5,38.5));
#5114=CARTESIAN_POINT('',(-5.13499999999999,-18.5,38.5));
#5115=CARTESIAN_POINT('Origin',(2.89000000000001,-20.,38.5));
#5116=CARTESIAN_POINT('Origin',(-8.80999999999999,-15.5,38.5));
#5117=CARTESIAN_POINT('',(-7.30999999999999,-14.5,38.5));
#5118=CARTESIAN_POINT('',(-7.30999999999999,-15.5,38.5));
#5119=CARTESIAN_POINT('',(-8.80999999999999,-13.,37.));
#5120=CARTESIAN_POINT('',(-8.80999999999999,-15.5,37.));
#5121=CARTESIAN_POINT('Origin',(-8.80999999999999,-13.,38.5));
#5122=CARTESIAN_POINT('Origin',(2.89000000000001,-17.5,38.5));
#5123=CARTESIAN_POINT('',(2.89000000000001,-13.,37.));
#5124=CARTESIAN_POINT('',(2.89000000000001,-17.5,37.));
#5125=CARTESIAN_POINT('',(1.39000000000001,-14.5,38.5));
#5126=CARTESIAN_POINT('',(1.39000000000001,-17.5,38.5));
#5127=CARTESIAN_POINT('Origin',(2.89000000000001,-13.,38.5));
#5128=CARTESIAN_POINT('Origin',(-0.784999999999988,-13.,38.5));
#5129=CARTESIAN_POINT('',(-0.784999999999988,-13.,37.));
#5130=CARTESIAN_POINT('',(-0.784999999999988,-14.5,38.5));
#5131=CARTESIAN_POINT('Origin',(1.39000000000001,-18.5,20.5));
#5132=CARTESIAN_POINT('',(1.39000000000001,-18.5,44.5));
#5133=CARTESIAN_POINT('',(1.39000000000001,-18.5,20.5));
#5134=CARTESIAN_POINT('',(1.39000000000001,-14.5,44.5));
#5135=CARTESIAN_POINT('',(1.39000000000001,-16.65,44.5));
#5136=CARTESIAN_POINT('',(1.39000000000001,-14.5,43.5));
#5137=CARTESIAN_POINT('Origin',(-7.30999999999999,-18.5,20.5));
#5138=CARTESIAN_POINT('',(-7.30999999999999,-18.5,44.5));
#5139=CARTESIAN_POINT('',(-7.30999999999999,-18.5,20.5));
#5140=CARTESIAN_POINT('',(-0.654999999999996,-18.5,44.5));
#5141=CARTESIAN_POINT('Origin',(-2.95999999999999,-16.5,37.));
#5142=CARTESIAN_POINT('',(-9.30999999999999,-20.5,37.));
#5143=CARTESIAN_POINT('',(-9.30999999999999,-12.5,37.));
#5144=CARTESIAN_POINT('',(-9.30999999999999,-17.5,37.));
#5145=CARTESIAN_POINT('',(3.39000000000001,-12.5,37.));
#5146=CARTESIAN_POINT('',(-5.13499999999999,-12.5,37.));
#5147=CARTESIAN_POINT('',(3.39000000000001,-20.5,37.));
#5148=CARTESIAN_POINT('',(3.39000000000001,-15.5,37.));
#5149=CARTESIAN_POINT('',(-0.784999999999988,-20.5,37.));
#5150=CARTESIAN_POINT('Origin',(1.39000000000001,-20.5,43.5));
#5151=CARTESIAN_POINT('',(-9.30999999999999,-20.5,43.5));
#5152=CARTESIAN_POINT('',(3.39000000000001,-20.5,43.5));
#5153=CARTESIAN_POINT('',(3.695,-20.5,43.5));
#5154=CARTESIAN_POINT('',(-9.30999999999999,-20.5,43.5));
#5155=CARTESIAN_POINT('',(3.39000000000001,-20.5,43.5));
#5156=CARTESIAN_POINT('Origin',(3.39000000000001,-14.5,43.5));
#5157=CARTESIAN_POINT('',(3.39000000000001,-12.5,43.5));
#5158=CARTESIAN_POINT('',(3.39000000000001,-14.65,43.5));
#5159=CARTESIAN_POINT('',(3.39000000000001,-12.5,43.5));
#5160=CARTESIAN_POINT('Origin',(-7.30999999999999,-12.5,43.5));
#5161=CARTESIAN_POINT('',(-9.30999999999999,-12.5,43.5));
#5162=CARTESIAN_POINT('',(-0.654999999999996,-12.5,43.5));
#5163=CARTESIAN_POINT('',(-9.30999999999999,-12.5,43.5));
#5164=CARTESIAN_POINT('Origin',(-9.30999999999999,-18.5,43.5));
#5165=CARTESIAN_POINT('',(-9.30999999999999,-16.65,43.5));
#5166=CARTESIAN_POINT('Origin',(2.09710678118657,-15.725,44.5));
#5167=CARTESIAN_POINT('',(1.74355339059329,-14.1464466094067,44.8535533905933));
#5168=CARTESIAN_POINT('',(1.74355339059329,-18.8535533905933,44.8535533905933));
#5169=CARTESIAN_POINT('',(1.74355339059329,-15.725,44.8535533905933));
#5170=CARTESIAN_POINT('',(2.09710678118657,-19.2071067811866,45.));
#5171=CARTESIAN_POINT('Origin',(2.09710678118657,-19.2071067811866,44.5));
#5172=CARTESIAN_POINT('',(2.09710678118657,-13.7928932188135,45.));
#5173=CARTESIAN_POINT('',(2.09710678118657,-15.725,45.));
#5174=CARTESIAN_POINT('Origin',(2.09710678118657,-13.7928932188135,44.5));
#5175=CARTESIAN_POINT('Origin',(-8.01710678118654,-14.725,44.5));
#5176=CARTESIAN_POINT('',(-7.66355339059326,-18.8535533905933,44.8535533905933));
#5177=CARTESIAN_POINT('',(-7.66355339059326,-14.1464466094067,44.8535533905933));
#5178=CARTESIAN_POINT('',(-7.66355339059327,-14.725,44.8535533905933));
#5179=CARTESIAN_POINT('',(-8.01710678118654,-13.7928932188135,45.));
#5180=CARTESIAN_POINT('Origin',(-8.01710678118654,-13.7928932188135,44.5));
#5181=CARTESIAN_POINT('',(-8.01710678118654,-19.2071067811866,45.));
#5182=CARTESIAN_POINT('',(-8.01710678118654,-14.725,45.));
#5183=CARTESIAN_POINT('Origin',(-8.01710678118654,-19.2071067811866,44.5));
#5184=CARTESIAN_POINT('Origin',(4.8475,-13.7928932188135,44.5));
#5185=CARTESIAN_POINT('',(4.8475,-13.7928932188135,45.));
#5186=CARTESIAN_POINT('',(4.8475,-14.1464466094067,44.8535533905933));
#5187=CARTESIAN_POINT('Origin',(2.6725,-19.2071067811866,44.5));
#5188=CARTESIAN_POINT('',(2.6725,-18.8535533905933,44.8535533905933));
#5189=CARTESIAN_POINT('',(2.6725,-19.2071067811866,45.));
#5190=CARTESIAN_POINT('Origin',(3.695,-14.25,44.75));
#5191=CARTESIAN_POINT('',(-7.30999999999999,-14.5,44.5));
#5192=CARTESIAN_POINT('',(-7.30999999999999,-14.5,44.5));
#5193=CARTESIAN_POINT('',(3.695,-14.5,44.5));
#5194=CARTESIAN_POINT('',(1.89000000000001,-14.,45.));
#5195=CARTESIAN_POINT('Origin',(-7.55999999999999,-14.65,44.75));
#5196=CARTESIAN_POINT('',(-7.30999999999999,-18.5,44.5));
#5197=CARTESIAN_POINT('',(-7.30999999999999,-14.65,44.5));
#5198=CARTESIAN_POINT('Origin',(6.,-14.8,45.));
#5199=CARTESIAN_POINT('',(37.,26.7,45.));
#5200=CARTESIAN_POINT('',(37.,-56.3,45.));
#5201=CARTESIAN_POINT('',(37.,-36.55,45.));
#5202=CARTESIAN_POINT('',(36.5,27.2,45.));
#5203=CARTESIAN_POINT('Origin',(36.5,26.7,45.));
#5204=CARTESIAN_POINT('',(-24.5,27.2,45.));
#5205=CARTESIAN_POINT('',(22.25,27.2,45.));
#5206=CARTESIAN_POINT('',(-25.,26.7,45.));
#5207=CARTESIAN_POINT('Origin',(-24.5,26.7,45.));
#5208=CARTESIAN_POINT('',(-25.,-56.3,45.));
#5209=CARTESIAN_POINT('',(-25.,6.94999999999999,45.));
#5210=CARTESIAN_POINT('',(-24.5,-56.8,45.));
#5211=CARTESIAN_POINT('Origin',(-24.5,-56.3,45.));
#5212=CARTESIAN_POINT('',(36.5,-56.8,45.));
#5213=CARTESIAN_POINT('',(-10.25,-56.8,45.));
#5214=CARTESIAN_POINT('Origin',(36.5,-56.3,45.));
#5215=CARTESIAN_POINT('',(-1.72499999999999,-9.50000000000001,45.));
#5216=CARTESIAN_POINT('',(-8.22499999999999,-9.50000000000001,45.));
#5217=CARTESIAN_POINT('',(2.1375,-9.50000000000001,45.));
#5218=CARTESIAN_POINT('',(-8.22499999999999,-4.50000000000001,45.));
#5219=CARTESIAN_POINT('',(-8.22499999999999,-12.15,45.));
#5220=CARTESIAN_POINT('',(-1.72499999999999,-4.50000000000001,45.));
#5221=CARTESIAN_POINT('',(-1.1125,-4.50000000000001,45.));
#5222=CARTESIAN_POINT('',(-1.72499999999999,-9.65000000000001,45.));
#5223=CARTESIAN_POINT('',(11.4,-11.75,45.));
#5224=CARTESIAN_POINT('',(1.90000000000001,-11.75,45.));
#5225=CARTESIAN_POINT('',(8.7,-11.75,45.));
#5226=CARTESIAN_POINT('',(1.90000000000001,-2.25000000000001,45.));
#5227=CARTESIAN_POINT('',(1.90000000000001,-13.275,45.));
#5228=CARTESIAN_POINT('',(11.4,-2.25000000000001,45.));
#5229=CARTESIAN_POINT('',(3.95,-2.25000000000001,45.));
#5230=CARTESIAN_POINT('',(11.4,-8.52500000000001,45.));
#5231=CARTESIAN_POINT('Origin',(1.64000000000001,-16.65,44.75));
#5232=CARTESIAN_POINT('',(1.39000000000001,-18.5,44.5));
#5233=CARTESIAN_POINT('Origin',(-0.654999999999996,-18.75,44.75));
#5234=CARTESIAN_POINT('Origin',(1.39000000000001,-14.5,20.5));
#5235=CARTESIAN_POINT('',(-7.30999999999999,-14.5,20.5));
#5236=CARTESIAN_POINT('Origin',(-7.30999999999999,-14.5,20.5));
#5237=CARTESIAN_POINT('Origin',(-1.72499999999999,-9.50000000000001,45.));
#5238=CARTESIAN_POINT('',(-1.72499999999999,-9.50000000000001,44.25));
#5239=CARTESIAN_POINT('',(-1.72499999999999,-9.50000000000001,45.));
#5240=CARTESIAN_POINT('',(-8.22499999999999,-9.50000000000001,44.25));
#5241=CARTESIAN_POINT('',(-3.31874999999999,-9.50000000000001,44.25));
#5242=CARTESIAN_POINT('',(-8.22499999999999,-9.50000000000001,45.));
#5243=CARTESIAN_POINT('Origin',(-1.72499999999999,-4.50000000000001,45.));
#5244=CARTESIAN_POINT('',(-1.72499999999999,-4.50000000000001,44.25));
#5245=CARTESIAN_POINT('',(-1.72499999999999,-4.50000000000001,45.));
#5246=CARTESIAN_POINT('',(-1.72499999999999,-8.25000000000001,44.25));
#5247=CARTESIAN_POINT('Origin',(-8.22499999999999,-4.50000000000001,45.));
#5248=CARTESIAN_POINT('',(-8.22499999999999,-4.50000000000001,44.25));
#5249=CARTESIAN_POINT('',(-8.22499999999999,-4.50000000000001,45.));
#5250=CARTESIAN_POINT('',(-0.0687499999999888,-4.50000000000001,44.25));
#5251=CARTESIAN_POINT('Origin',(-8.22499999999999,-9.50000000000001,45.));
#5252=CARTESIAN_POINT('',(-8.22499999999999,-5.75000000000001,44.25));
#5253=CARTESIAN_POINT('Origin',(1.58750000000001,-7.00000000000001,44.25));
#5254=CARTESIAN_POINT('',(-2.72499999999999,-8.50000000000001,44.25));
#5255=CARTESIAN_POINT('',(-2.72499999999999,-5.50000000000001,44.25));
#5256=CARTESIAN_POINT('',(-2.72499999999999,-7.75000000000001,44.25));
#5257=CARTESIAN_POINT('',(-7.22499999999999,-8.50000000000001,44.25));
#5258=CARTESIAN_POINT('',(-2.81874999999999,-8.50000000000001,44.25));
#5259=CARTESIAN_POINT('',(-7.22499999999999,-5.50000000000001,44.25));
#5260=CARTESIAN_POINT('',(-7.22499999999999,-6.25000000000001,44.25));
#5261=CARTESIAN_POINT('',(-0.568749999999989,-5.50000000000001,44.25));
#5262=CARTESIAN_POINT('Origin',(11.4,-11.75,45.));
#5263=CARTESIAN_POINT('',(11.4,-11.75,44.25));
#5264=CARTESIAN_POINT('',(11.4,-11.75,45.));
#5265=CARTESIAN_POINT('',(1.90000000000001,-11.75,44.25));
#5266=CARTESIAN_POINT('',(1.74375000000001,-11.75,44.25));
#5267=CARTESIAN_POINT('',(1.90000000000001,-11.75,45.));
#5268=CARTESIAN_POINT('Origin',(11.4,-2.25000000000001,45.));
#5269=CARTESIAN_POINT('',(11.4,-2.25000000000001,44.25));
#5270=CARTESIAN_POINT('',(11.4,-2.25000000000001,45.));
#5271=CARTESIAN_POINT('',(11.4,-9.37500000000001,44.25));
#5272=CARTESIAN_POINT('Origin',(1.90000000000001,-2.25000000000001,45.));
#5273=CARTESIAN_POINT('',(1.90000000000001,-2.25000000000001,44.25));
#5274=CARTESIAN_POINT('',(1.90000000000001,-2.25000000000001,45.));
#5275=CARTESIAN_POINT('',(6.49375000000001,-2.25000000000001,44.25));
#5276=CARTESIAN_POINT('Origin',(1.90000000000001,-11.75,45.));
#5277=CARTESIAN_POINT('',(1.90000000000001,-4.62500000000001,44.25));
#5278=CARTESIAN_POINT('Origin',(1.58750000000001,-7.00000000000001,44.25));
#5279=CARTESIAN_POINT('',(10.4,-10.75,44.25));
#5280=CARTESIAN_POINT('',(10.4,-3.25000000000002,44.25));
#5281=CARTESIAN_POINT('',(10.4,-8.87500000000001,44.25));
#5282=CARTESIAN_POINT('',(2.90000000000001,-10.75,44.25));
#5283=CARTESIAN_POINT('',(2.24375000000001,-10.75,44.25));
#5284=CARTESIAN_POINT('',(2.90000000000001,-3.25000000000002,44.25));
#5285=CARTESIAN_POINT('',(2.90000000000002,-5.12500000000001,44.25));
#5286=CARTESIAN_POINT('',(5.99375000000001,-3.25000000000002,44.25));
#5287=CARTESIAN_POINT('Origin',(-7.22499999999999,-8.50000000000001,20.5));
#5288=CARTESIAN_POINT('',(-2.72499999999999,-8.50000000000001,43.5));
#5289=CARTESIAN_POINT('',(-2.72499999999999,-8.50000000000001,20.5));
#5290=CARTESIAN_POINT('',(-7.22499999999999,-8.50000000000001,43.5));
#5291=CARTESIAN_POINT('',(-0.612499999999995,-8.50000000000001,43.5));
#5292=CARTESIAN_POINT('',(-7.22499999999999,-8.50000000000001,20.5));
#5293=CARTESIAN_POINT('Origin',(-2.72499999999999,-8.50000000000001,20.5));
#5294=CARTESIAN_POINT('',(-2.72499999999999,-5.50000000000001,43.5));
#5295=CARTESIAN_POINT('',(-2.72499999999999,-5.50000000000001,20.5));
#5296=CARTESIAN_POINT('',(-2.72499999999999,-11.65,43.5));
#5297=CARTESIAN_POINT('Origin',(2.90000000000002,-10.75,20.5));
#5298=CARTESIAN_POINT('',(10.4,-10.75,43.5));
#5299=CARTESIAN_POINT('',(10.4,-10.75,20.5));
#5300=CARTESIAN_POINT('',(2.90000000000002,-10.75,43.5));
#5301=CARTESIAN_POINT('',(4.45000000000001,-10.75,43.5));
#5302=CARTESIAN_POINT('',(2.90000000000002,-10.75,20.5));
#5303=CARTESIAN_POINT('Origin',(10.4,-10.75,20.5));
#5304=CARTESIAN_POINT('',(10.4,-3.25000000000002,43.5));
#5305=CARTESIAN_POINT('',(10.4,-3.25000000000002,20.5));
#5306=CARTESIAN_POINT('',(10.4,-12.775,43.5));
#5307=CARTESIAN_POINT('Origin',(-7.22499999999999,-5.50000000000001,20.5));
#5308=CARTESIAN_POINT('',(-7.22499999999999,-5.50000000000001,43.5));
#5309=CARTESIAN_POINT('',(-7.22499999999998,-10.15,43.5));
#5310=CARTESIAN_POINT('',(-7.22499999999999,-5.50000000000001,20.5));
#5311=CARTESIAN_POINT('Origin',(-2.72499999999999,-5.50000000000001,20.5));
#5312=CARTESIAN_POINT('',(1.6375,-5.50000000000001,43.5));
#5313=CARTESIAN_POINT('Origin',(2.90000000000002,-3.25000000000002,20.5));
#5314=CARTESIAN_POINT('',(2.90000000000002,-3.25000000000002,43.5));
#5315=CARTESIAN_POINT('',(2.90000000000002,-9.02500000000001,43.5));
#5316=CARTESIAN_POINT('',(2.90000000000002,-3.25000000000002,20.5));
#5317=CARTESIAN_POINT('Origin',(10.4,-3.25000000000002,20.5));
#5318=CARTESIAN_POINT('',(8.2,-3.25000000000002,43.5));
#5319=CARTESIAN_POINT('Origin',(37.75,-36.55,44.25));
#5320=CARTESIAN_POINT('',(38.5,26.7,43.5));
#5321=CARTESIAN_POINT('',(38.5,26.7,43.5));
#5322=CARTESIAN_POINT('',(38.5,-56.3,43.5));
#5323=CARTESIAN_POINT('',(37.,-56.3,45.));
#5324=CARTESIAN_POINT('',(38.5,-36.55,43.5));
#5325=CARTESIAN_POINT('Origin',(36.5,26.7,44.25));
#5326=CARTESIAN_POINT('',(36.5,28.7,43.5));
#5327=CARTESIAN_POINT('Origin',(36.5,26.7,43.5));
#5328=CARTESIAN_POINT('',(36.5,28.7,43.5));
#5329=CARTESIAN_POINT('Origin',(22.25,27.95,44.25));
#5330=CARTESIAN_POINT('',(-24.5,28.7,43.5));
#5331=CARTESIAN_POINT('',(-24.5,28.7,43.5));
#5332=CARTESIAN_POINT('',(22.25,28.7,43.5));
#5333=CARTESIAN_POINT('Origin',(-24.5,26.7,44.25));
#5334=CARTESIAN_POINT('',(-26.5,26.7,43.5));
#5335=CARTESIAN_POINT('Origin',(-24.5,26.7,43.5));
#5336=CARTESIAN_POINT('',(-26.5,26.7,43.5));
#5337=CARTESIAN_POINT('Origin',(-25.75,6.94999999999999,44.25));
#5338=CARTESIAN_POINT('',(-26.5,-56.3,43.5));
#5339=CARTESIAN_POINT('',(-26.5,-56.3,43.5));
#5340=CARTESIAN_POINT('',(-26.5,6.94999999999999,43.5));
#5341=CARTESIAN_POINT('Origin',(-24.5,-56.3,44.25));
#5342=CARTESIAN_POINT('',(-24.5,-58.3,43.5));
#5343=CARTESIAN_POINT('Origin',(-24.5,-56.3,43.5));
#5344=CARTESIAN_POINT('',(-24.5,-58.3,43.5));
#5345=CARTESIAN_POINT('Origin',(-10.25,-57.55,44.25));
#5346=CARTESIAN_POINT('',(36.5,-58.3,43.5));
#5347=CARTESIAN_POINT('',(36.5,-58.3,43.5));
#5348=CARTESIAN_POINT('',(-10.25,-58.3,43.5));
#5349=CARTESIAN_POINT('Origin',(36.5,-56.3,44.25));
#5350=CARTESIAN_POINT('Origin',(36.5,-56.3,43.5));
#5351=CARTESIAN_POINT('Origin',(-24.5,26.7,0.));
#5352=CARTESIAN_POINT('',(-24.5,28.7,42.));
#5353=CARTESIAN_POINT('',(-24.5,28.7,0.));
#5354=CARTESIAN_POINT('',(-26.5,26.7,42.));
#5355=CARTESIAN_POINT('Origin',(-24.5,26.7,42.));
#5356=CARTESIAN_POINT('',(-26.5,26.7,0.));
#5357=CARTESIAN_POINT('Origin',(38.5,28.7,0.));
#5358=CARTESIAN_POINT('',(36.5,28.7,42.));
#5359=CARTESIAN_POINT('',(36.5,28.7,0.));
#5360=CARTESIAN_POINT('',(22.25,28.7,42.));
#5361=CARTESIAN_POINT('Origin',(36.5,26.7,0.));
#5362=CARTESIAN_POINT('',(38.5,26.7,42.));
#5363=CARTESIAN_POINT('',(38.5,26.7,0.));
#5364=CARTESIAN_POINT('Origin',(36.5,26.7,42.));
#5365=CARTESIAN_POINT('Origin',(38.5,-58.3,0.));
#5366=CARTESIAN_POINT('',(38.5,-56.3,42.));
#5367=CARTESIAN_POINT('',(38.5,-56.3,0.));
#5368=CARTESIAN_POINT('',(38.5,-36.55,42.));
#5369=CARTESIAN_POINT('Origin',(6.,-14.8,42.));
#5370=CARTESIAN_POINT('',(36.5,-58.3,42.));
#5371=CARTESIAN_POINT('Origin',(36.5,-56.3,42.));
#5372=CARTESIAN_POINT('',(-24.5,-58.3,42.));
#5373=CARTESIAN_POINT('',(-10.25,-58.3,42.));
#5374=CARTESIAN_POINT('',(-26.5,-56.3,42.));
#5375=CARTESIAN_POINT('Origin',(-24.5,-56.3,42.));
#5376=CARTESIAN_POINT('',(-26.5,6.94999999999999,42.));
#5377=CARTESIAN_POINT('Origin',(-24.5,-56.3,0.));
#5378=CARTESIAN_POINT('',(-26.5,-56.3,0.));
#5379=CARTESIAN_POINT('',(-24.5,-58.3,0.));
#5380=CARTESIAN_POINT('Origin',(-26.5,-58.3,0.));
#5381=CARTESIAN_POINT('',(36.5,-58.3,0.));
#5382=CARTESIAN_POINT('Origin',(36.5,-56.3,0.));
#5383=CARTESIAN_POINT('Origin',(34.,-53.8,4.5));
#5384=CARTESIAN_POINT('',(32.5,-53.8,43.5));
#5385=CARTESIAN_POINT('Origin',(34.,-53.8,43.5));
#5386=CARTESIAN_POINT('',(32.5,-53.8,4.5));
#5387=CARTESIAN_POINT('',(32.5,-53.8,4.5));
#5388=CARTESIAN_POINT('Origin',(34.,-53.8,4.5));
#5389=CARTESIAN_POINT('Origin',(34.,-53.8,4.5));
#5390=CARTESIAN_POINT('',(31.4,-53.8,43.5));
#5391=CARTESIAN_POINT('Origin',(34.,-53.8,43.5));
#5392=CARTESIAN_POINT('',(31.4,-53.8,4.5));
#5393=CARTESIAN_POINT('',(31.4,-53.8,4.5));
#5394=CARTESIAN_POINT('Origin',(34.,-53.8,4.5));
#5395=CARTESIAN_POINT('Origin',(6.,-14.8,4.5));
#5396=CARTESIAN_POINT('Origin',(6.,-14.8,43.5));
#5397=CARTESIAN_POINT('',(-25.,-56.8,43.5));
#5398=CARTESIAN_POINT('',(37.,-56.8,43.5));
#5399=CARTESIAN_POINT('',(-10.25,-56.8,43.5));
#5400=CARTESIAN_POINT('',(-25.,27.2,43.5));
#5401=CARTESIAN_POINT('',(-25.,6.94999999999999,43.5));
#5402=CARTESIAN_POINT('',(37.,27.2,43.5));
#5403=CARTESIAN_POINT('',(22.25,27.2,43.5));
#5404=CARTESIAN_POINT('',(37.,-36.55,43.5));
#5405=CARTESIAN_POINT('',(31.4,24.2,43.5));
#5406=CARTESIAN_POINT('Origin',(34.,24.2,43.5));
#5407=CARTESIAN_POINT('',(-24.6,24.2,43.5));
#5408=CARTESIAN_POINT('Origin',(-22.,24.2,43.5));
#5409=CARTESIAN_POINT('',(-24.6,-53.8,43.5));
#5410=CARTESIAN_POINT('Origin',(-22.,-53.8,43.5));
#5411=CARTESIAN_POINT('Origin',(34.,24.2,4.5));
#5412=CARTESIAN_POINT('',(32.5,24.2,43.5));
#5413=CARTESIAN_POINT('Origin',(34.,24.2,43.5));
#5414=CARTESIAN_POINT('',(32.5,24.2,4.5));
#5415=CARTESIAN_POINT('',(32.5,24.2,4.5));
#5416=CARTESIAN_POINT('Origin',(34.,24.2,4.5));
#5417=CARTESIAN_POINT('Origin',(34.,24.2,4.5));
#5418=CARTESIAN_POINT('',(31.4,24.2,4.5));
#5419=CARTESIAN_POINT('',(31.4,24.2,4.5));
#5420=CARTESIAN_POINT('Origin',(34.,24.2,4.5));
#5421=CARTESIAN_POINT('Origin',(6.,-14.8,4.5));
#5422=CARTESIAN_POINT('Origin',(6.,-14.8,43.5));
#5423=CARTESIAN_POINT('Origin',(-22.,-53.8,4.5));
#5424=CARTESIAN_POINT('',(-23.5,-53.8,43.5));
#5425=CARTESIAN_POINT('Origin',(-22.,-53.8,43.5));
#5426=CARTESIAN_POINT('',(-23.5,-53.8,4.5));
#5427=CARTESIAN_POINT('',(-23.5,-53.8,4.5));
#5428=CARTESIAN_POINT('Origin',(-22.,-53.8,4.5));
#5429=CARTESIAN_POINT('Origin',(-22.,-53.8,4.5));
#5430=CARTESIAN_POINT('',(-24.6,-53.8,4.5));
#5431=CARTESIAN_POINT('',(-24.6,-53.8,4.5));
#5432=CARTESIAN_POINT('Origin',(-22.,-53.8,4.5));
#5433=CARTESIAN_POINT('Origin',(6.,-14.8,4.5));
#5434=CARTESIAN_POINT('Origin',(6.,-14.8,43.5));
#5435=CARTESIAN_POINT('Origin',(-22.,24.2,4.5));
#5436=CARTESIAN_POINT('',(-23.5,24.2,43.5));
#5437=CARTESIAN_POINT('Origin',(-22.,24.2,43.5));
#5438=CARTESIAN_POINT('',(-23.5,24.2,4.5));
#5439=CARTESIAN_POINT('',(-23.5,24.2,4.5));
#5440=CARTESIAN_POINT('Origin',(-22.,24.2,4.5));
#5441=CARTESIAN_POINT('Origin',(-22.,24.2,4.5));
#5442=CARTESIAN_POINT('',(-24.6,24.2,4.5));
#5443=CARTESIAN_POINT('',(-24.6,24.2,4.5));
#5444=CARTESIAN_POINT('Origin',(-22.,24.2,4.5));
#5445=CARTESIAN_POINT('Origin',(6.,-14.8,4.5));
#5446=CARTESIAN_POINT('Origin',(6.,-14.8,43.5));
#5447=CARTESIAN_POINT('Origin',(-26.5,-56.8,0.));
#5448=CARTESIAN_POINT('',(-25.,-56.8,0.));
#5449=CARTESIAN_POINT('',(37.,-56.8,42.));
#5450=CARTESIAN_POINT('Origin',(-25.,28.7,0.));
#5451=CARTESIAN_POINT('',(-25.,27.2,0.));
#5452=CARTESIAN_POINT('Origin',(38.5,27.2,0.));
#5453=CARTESIAN_POINT('',(37.,27.2,0.));
#5454=CARTESIAN_POINT('Origin',(37.,-58.3,0.));
#5455=CARTESIAN_POINT('Origin',(6.,-14.8,43.5));
#5456=CARTESIAN_POINT('Origin',(-26.5,28.7,0.));
#5457=UNCERTAINTY_MEASURE_WITH_UNIT(LENGTH_MEASURE(0.01),#5461,
'DISTANCE_ACCURACY_VALUE',
'Maximum model space distance between geometric entities at asserted c
onnectivities');
#5458=UNCERTAINTY_MEASURE_WITH_UNIT(LENGTH_MEASURE(0.01),#5461,
'DISTANCE_ACCURACY_VALUE',
'Maximum model space distance between geometric entities at asserted c
onnectivities');
#5459=(
GEOMETRIC_REPRESENTATION_CONTEXT(3)
GLOBAL_UNCERTAINTY_ASSIGNED_CONTEXT((#5457))
GLOBAL_UNIT_ASSIGNED_CONTEXT((#5461,#5462,#5463))
REPRESENTATION_CONTEXT('','3D')
);
#5460=(
GEOMETRIC_REPRESENTATION_CONTEXT(3)
GLOBAL_UNCERTAINTY_ASSIGNED_CONTEXT((#5458))
GLOBAL_UNIT_ASSIGNED_CONTEXT((#5461,#5462,#5463))
REPRESENTATION_CONTEXT('','3D')
);
#5461=(
LENGTH_UNIT()
NAMED_UNIT(*)
SI_UNIT(.MILLI.,.METRE.)
);
#5462=(
NAMED_UNIT(*)
PLANE_ANGLE_UNIT()
SI_UNIT($,.RADIAN.)
);
#5463=(
NAMED_UNIT(*)
SI_UNIT($,.STERADIAN.)
SOLID_ANGLE_UNIT()
);
#5464=SHAPE_DEFINITION_REPRESENTATION(#5465,#5466);
#5465=PRODUCT_DEFINITION_SHAPE('',$,#5468);
#5466=SHAPE_REPRESENTATION('',(#3227),#5459);
#5467=PRODUCT_DEFINITION_CONTEXT('part definition',#5472,'design');
#5468=PRODUCT_DEFINITION('2026-03-14-22-10-52-841',
'SensingDevice_V4 (Assembly)',#5469,#5467);
#5469=PRODUCT_DEFINITION_FORMATION('',$,#5474);
#5470=PRODUCT_RELATED_PRODUCT_CATEGORY('SensingDevice_V4 (Assembly)',
'SensingDevice_V4 (Assembly)',(#5474));
#5471=APPLICATION_PROTOCOL_DEFINITION('international standard',
'automotive_design',2009,#5472);
#5472=APPLICATION_CONTEXT(
'Core Data for Automotive Mechanical Design Process');
#5473=PRODUCT_CONTEXT('part definition',#5472,'mechanical');
#5474=PRODUCT('2026-03-14-22-10-52-841','SensingDevice_V4 (Assembly)',$,
(#5473));
#5475=PRESENTATION_STYLE_ASSIGNMENT((#5476));
#5476=SURFACE_STYLE_USAGE(.BOTH.,#5477);
#5477=SURFACE_SIDE_STYLE('',(#5478));
#5478=SURFACE_STYLE_FILL_AREA(#5479);
#5479=FILL_AREA_STYLE('Steel - Satin',(#5480));
#5480=FILL_AREA_STYLE_COLOUR('Steel - Satin',#5481);
#5481=COLOUR_RGB('Steel - Satin',0.627450980392157,0.627450980392157,0.627450980392157);
ENDSEC;
END-ISO-10303-21;
