ISO-10303-21;
HEADER;
FILE_DESCRIPTION(('KiCad electronic assembly'),'2;1');
FILE_NAME('Schematics_display_deviceV2.step','2026-03-01T15:36:56',(
    'Pcbnew'),('Kicad'),'Open CASCADE STEP processor 7.9',
  'KiCad to STEP converter','Unknown');
FILE_SCHEMA(('AUTOMOTIVE_DESIGN { 1 0 10303 214 1 1 1 1 }'));
ENDSEC;
DATA;
#1 = APPLICATION_PROTOCOL_DEFINITION('international standard',
  'automotive_design',2000,#2);
#2 = APPLICATION_CONTEXT(
  'core data for automotive mechanical design processes');
#3 = SHAPE_DEFINITION_REPRESENTATION(#4,#10);
#4 = PRODUCT_DEFINITION_SHAPE('','',#5);
#5 = PRODUCT_DEFINITION('design','',#6,#9);
#6 = PRODUCT_DEFINITION_FORMATION('','',#7);
#7 = PRODUCT('Schematics_display_deviceV2 1',
  'Schematics_display_deviceV2 1','',(#8));
#8 = PRODUCT_CONTEXT('',#2,'mechanical');
#9 = PRODUCT_DEFINITION_CONTEXT('part definition',#2,'design');
#10 = SHAPE_REPRESENTATION('',(#11,#15,#19,#23,#27,#31,#35),#39);
#11 = AXIS2_PLACEMENT_3D('',#12,#13,#14);
#12 = CARTESIAN_POINT('',(0.,0.,0.));
#13 = DIRECTION('',(0.,0.,1.));
#14 = DIRECTION('',(1.,0.,-0.));
#15 = AXIS2_PLACEMENT_3D('',#16,#17,#18);
#16 = CARTESIAN_POINT('',(89.,-93.,1.595));
#17 = DIRECTION('',(0.,0.,1.));
#18 = DIRECTION('',(1.,0.,0.));
#19 = AXIS2_PLACEMENT_3D('',#20,#21,#22);
#20 = CARTESIAN_POINT('',(58.685,-85.5,1.595));
#21 = DIRECTION('',(0.,0.,1.));
#22 = DIRECTION('',(-1.,1.224646799147E-16,0.));
#23 = AXIS2_PLACEMENT_3D('',#24,#25,#26);
#24 = CARTESIAN_POINT('',(52.17,-95.,1.595));
#25 = DIRECTION('',(0.,-0.,1.));
#26 = DIRECTION('',(1.110223024625E-16,1.,0.));
#27 = AXIS2_PLACEMENT_3D('',#28,#29,#30);
#28 = CARTESIAN_POINT('',(52.41,-85.5,1.595));
#29 = DIRECTION('',(0.,0.,1.));
#30 = DIRECTION('',(1.,0.,0.));
#31 = AXIS2_PLACEMENT_3D('',#32,#33,#34);
#32 = CARTESIAN_POINT('',(72.,-95.,1.595));
#33 = DIRECTION('',(0.,0.,1.));
#34 = DIRECTION('',(-1.,1.224646799147E-16,0.));
#35 = AXIS2_PLACEMENT_3D('',#36,#37,#38);
#36 = CARTESIAN_POINT('',(0.,0.,0.));
#37 = DIRECTION('',(0.,0.,1.));
#38 = DIRECTION('',(1.,0.,-0.));
#39 = ( GEOMETRIC_REPRESENTATION_CONTEXT(3) 
GLOBAL_UNCERTAINTY_ASSIGNED_CONTEXT((#43)) GLOBAL_UNIT_ASSIGNED_CONTEXT(
(#40,#41,#42)) REPRESENTATION_CONTEXT('Context #1',
  '3D Context with UNIT and UNCERTAINTY') );
#40 = ( LENGTH_UNIT() NAMED_UNIT(*) SI_UNIT(.MILLI.,.METRE.) );
#41 = ( NAMED_UNIT(*) PLANE_ANGLE_UNIT() SI_UNIT($,.RADIAN.) );
#42 = ( NAMED_UNIT(*) SI_UNIT($,.STERADIAN.) SOLID_ANGLE_UNIT() );
#43 = UNCERTAINTY_MEASURE_WITH_UNIT(LENGTH_MEASURE(1.E-07),#40,
  'distance_accuracy_value','confusion accuracy');
#44 = PRODUCT_RELATED_PRODUCT_CATEGORY('part',$,(#7));
#45 = SHAPE_DEFINITION_REPRESENTATION(#46,#52);
#46 = PRODUCT_DEFINITION_SHAPE('','',#47);
#47 = PRODUCT_DEFINITION('design','',#48,#51);
#48 = PRODUCT_DEFINITION_FORMATION('','',#49);
#49 = PRODUCT('SW_Push_1TS009xxxx-xxxx-xxxx_6x6x5mm',
  'SW_Push_1TS009xxxx-xxxx-xxxx_6x6x5mm','',(#50));
#50 = PRODUCT_CONTEXT('',#2,'mechanical');
#51 = PRODUCT_DEFINITION_CONTEXT('part definition',#2,'design');
#52 = SHAPE_REPRESENTATION('',(#11,#53,#57,#61),#65);
#53 = AXIS2_PLACEMENT_3D('',#54,#55,#56);
#54 = CARTESIAN_POINT('',(0.,0.,0.));
#55 = DIRECTION('',(0.,0.,1.));
#56 = DIRECTION('',(1.,0.,0.));
#57 = AXIS2_PLACEMENT_3D('',#58,#59,#60);
#58 = CARTESIAN_POINT('',(0.,0.,0.));
#59 = DIRECTION('',(0.,0.,1.));
#60 = DIRECTION('',(-1.,1.224646799147E-16,0.));
#61 = AXIS2_PLACEMENT_3D('',#62,#63,#64);
#62 = CARTESIAN_POINT('',(0.,0.,0.));
#63 = DIRECTION('',(0.,0.,1.));
#64 = DIRECTION('',(1.,0.,0.));
#65 = ( GEOMETRIC_REPRESENTATION_CONTEXT(3) 
GLOBAL_UNCERTAINTY_ASSIGNED_CONTEXT((#69)) GLOBAL_UNIT_ASSIGNED_CONTEXT(
(#66,#67,#68)) REPRESENTATION_CONTEXT('Context #1',
  '3D Context with UNIT and UNCERTAINTY') );
#66 = ( LENGTH_UNIT() NAMED_UNIT(*) SI_UNIT(.MILLI.,.METRE.) );
#67 = ( NAMED_UNIT(*) PLANE_ANGLE_UNIT() SI_UNIT($,.RADIAN.) );
#68 = ( NAMED_UNIT(*) SI_UNIT($,.STERADIAN.) SOLID_ANGLE_UNIT() );
#69 = UNCERTAINTY_MEASURE_WITH_UNIT(LENGTH_MEASURE(1.E-07),#66,
  'distance_accuracy_value','confusion accuracy');
#70 = CONTEXT_DEPENDENT_SHAPE_REPRESENTATION(#71,#73);
#71 = ( REPRESENTATION_RELATIONSHIP('','',#52,#10) 
REPRESENTATION_RELATIONSHIP_WITH_TRANSFORMATION(#72) 
SHAPE_REPRESENTATION_RELATIONSHIP() );
#72 = ITEM_DEFINED_TRANSFORMATION('','',#11,#15);
#73 = PRODUCT_DEFINITION_SHAPE('Placement','Placement of an item',#74);
#74 = NEXT_ASSEMBLY_USAGE_OCCURRENCE('4','SW1','',#5,#47,$);
#75 = PRODUCT_RELATED_PRODUCT_CATEGORY('part',$,(#49));
#76 = SHAPE_DEFINITION_REPRESENTATION(#77,#83);
#77 = PRODUCT_DEFINITION_SHAPE('','',#78);
#78 = PRODUCT_DEFINITION('design','',#79,#82);
#79 = PRODUCT_DEFINITION_FORMATION('','',#80);
#80 = PRODUCT('pin_1','pin_1','',(#81));
#81 = PRODUCT_CONTEXT('',#2,'mechanical');
#82 = PRODUCT_DEFINITION_CONTEXT('part definition',#2,'design');
#83 = ADVANCED_BREP_SHAPE_REPRESENTATION('',(#11,#84),#300);
#84 = MANIFOLD_SOLID_BREP('',#85);
#85 = CLOSED_SHELL('',(#86,#126,#157,#188,#219,#250,#272,#286));
#86 = ADVANCED_FACE('',(#87),#121,.F.);
#87 = FACE_BOUND('',#88,.F.);
#88 = EDGE_LOOP('',(#89,#99,#107,#115));
#89 = ORIENTED_EDGE('',*,*,#90,.T.);
#90 = EDGE_CURVE('',#91,#93,#95,.T.);
#91 = VERTEX_POINT('',#92);
#92 = CARTESIAN_POINT('',(-2.,0.7,-1.554312234475E-16));
#93 = VERTEX_POINT('',#94);
#94 = CARTESIAN_POINT('',(-2.,-0.7,1.554312234475E-16));
#95 = LINE('',#96,#97);
#96 = CARTESIAN_POINT('',(-2.,0.7,-1.554312234475E-16));
#97 = VECTOR('',#98,1.);
#98 = DIRECTION('',(0.,-1.,2.22044604925E-16));
#99 = ORIENTED_EDGE('',*,*,#100,.T.);
#100 = EDGE_CURVE('',#93,#101,#103,.T.);
#101 = VERTEX_POINT('',#102);
#102 = CARTESIAN_POINT('',(-2.,-0.7,0.2));
#103 = LINE('',#104,#105);
#104 = CARTESIAN_POINT('',(-2.,-0.7,2.22044604925E-16));
#105 = VECTOR('',#106,1.);
#106 = DIRECTION('',(0.,2.22044604925E-16,1.));
#107 = ORIENTED_EDGE('',*,*,#108,.F.);
#108 = EDGE_CURVE('',#109,#101,#111,.T.);
#109 = VERTEX_POINT('',#110);
#110 = CARTESIAN_POINT('',(-2.,0.7,0.2));
#111 = LINE('',#112,#113);
#112 = CARTESIAN_POINT('',(-2.,0.7,0.2));
#113 = VECTOR('',#114,1.);
#114 = DIRECTION('',(0.,-1.,2.22044604925E-16));
#115 = ORIENTED_EDGE('',*,*,#116,.F.);
#116 = EDGE_CURVE('',#91,#109,#117,.T.);
#117 = LINE('',#118,#119);
#118 = CARTESIAN_POINT('',(-2.,0.7,-2.22044604925E-16));
#119 = VECTOR('',#120,1.);
#120 = DIRECTION('',(0.,2.22044604925E-16,1.));
#121 = PLANE('',#122);
#122 = AXIS2_PLACEMENT_3D('',#123,#124,#125);
#123 = CARTESIAN_POINT('',(-2.,0.7,-1.554312234475E-16));
#124 = DIRECTION('',(-1.,-0.,0.));
#125 = DIRECTION('',(0.,2.22044604925E-16,1.));
#126 = ADVANCED_FACE('',(#127),#152,.F.);
#127 = FACE_BOUND('',#128,.F.);
#128 = EDGE_LOOP('',(#129,#130,#138,#146));
#129 = ORIENTED_EDGE('',*,*,#108,.T.);
#130 = ORIENTED_EDGE('',*,*,#131,.T.);
#131 = EDGE_CURVE('',#101,#132,#134,.T.);
#132 = VERTEX_POINT('',#133);
#133 = CARTESIAN_POINT('',(-3.,-0.7,0.2));
#134 = LINE('',#135,#136);
#135 = CARTESIAN_POINT('',(-2.,-0.7,0.2));
#136 = VECTOR('',#137,1.);
#137 = DIRECTION('',(-1.,0.,0.));
#138 = ORIENTED_EDGE('',*,*,#139,.F.);
#139 = EDGE_CURVE('',#140,#132,#142,.T.);
#140 = VERTEX_POINT('',#141);
#141 = CARTESIAN_POINT('',(-3.,0.7,0.2));
#142 = LINE('',#143,#144);
#143 = CARTESIAN_POINT('',(-3.,0.7,0.2));
#144 = VECTOR('',#145,1.);
#145 = DIRECTION('',(0.,-1.,2.22044604925E-16));
#146 = ORIENTED_EDGE('',*,*,#147,.F.);
#147 = EDGE_CURVE('',#109,#140,#148,.T.);
#148 = LINE('',#149,#150);
#149 = CARTESIAN_POINT('',(-2.,0.7,0.2));
#150 = VECTOR('',#151,1.);
#151 = DIRECTION('',(-1.,0.,0.));
#152 = PLANE('',#153);
#153 = AXIS2_PLACEMENT_3D('',#154,#155,#156);
#154 = CARTESIAN_POINT('',(-2.,0.7,0.2));
#155 = DIRECTION('',(0.,-2.22044604925E-16,-1.));
#156 = DIRECTION('',(-1.,-0.,0.));
#157 = ADVANCED_FACE('',(#158),#183,.F.);
#158 = FACE_BOUND('',#159,.F.);
#159 = EDGE_LOOP('',(#160,#161,#169,#177));
#160 = ORIENTED_EDGE('',*,*,#139,.T.);
#161 = ORIENTED_EDGE('',*,*,#162,.T.);
#162 = EDGE_CURVE('',#132,#163,#165,.T.);
#163 = VERTEX_POINT('',#164);
#164 = CARTESIAN_POINT('',(-3.1,-0.7,1.));
#165 = LINE('',#166,#167);
#166 = CARTESIAN_POINT('',(-3.,-0.7,0.2));
#167 = VECTOR('',#168,1.);
#168 = DIRECTION('',(-0.124034734589,2.203299491106E-16,0.992277876714)
  );
#169 = ORIENTED_EDGE('',*,*,#170,.F.);
#170 = EDGE_CURVE('',#171,#163,#173,.T.);
#171 = VERTEX_POINT('',#172);
#172 = CARTESIAN_POINT('',(-3.1,0.7,1.));
#173 = LINE('',#174,#175);
#174 = CARTESIAN_POINT('',(-3.1,0.7,1.));
#175 = VECTOR('',#176,1.);
#176 = DIRECTION('',(0.,-1.,2.22044604925E-16));
#177 = ORIENTED_EDGE('',*,*,#178,.F.);
#178 = EDGE_CURVE('',#140,#171,#179,.T.);
#179 = LINE('',#180,#181);
#180 = CARTESIAN_POINT('',(-3.,0.7,0.2));
#181 = VECTOR('',#182,1.);
#182 = DIRECTION('',(-0.124034734589,2.203299491106E-16,0.992277876714)
  );
#183 = PLANE('',#184);
#184 = AXIS2_PLACEMENT_3D('',#185,#186,#187);
#185 = CARTESIAN_POINT('',(-3.,0.7,0.2));
#186 = DIRECTION('',(-0.992277876714,-2.754124363883E-17,-0.124034734589
    ));
#187 = DIRECTION('',(-0.124034734589,2.203299491106E-16,0.992277876714)
  );
#188 = ADVANCED_FACE('',(#189),#214,.F.);
#189 = FACE_BOUND('',#190,.F.);
#190 = EDGE_LOOP('',(#191,#192,#200,#208));
#191 = ORIENTED_EDGE('',*,*,#170,.T.);
#192 = ORIENTED_EDGE('',*,*,#193,.T.);
#193 = EDGE_CURVE('',#163,#194,#196,.T.);
#194 = VERTEX_POINT('',#195);
#195 = CARTESIAN_POINT('',(-3.3,-0.7,1.));
#196 = LINE('',#197,#198);
#197 = CARTESIAN_POINT('',(-3.1,-0.7,1.));
#198 = VECTOR('',#199,1.);
#199 = DIRECTION('',(-1.,0.,0.));
#200 = ORIENTED_EDGE('',*,*,#201,.F.);
#201 = EDGE_CURVE('',#202,#194,#204,.T.);
#202 = VERTEX_POINT('',#203);
#203 = CARTESIAN_POINT('',(-3.3,0.7,1.));
#204 = LINE('',#205,#206);
#205 = CARTESIAN_POINT('',(-3.3,0.7,1.));
#206 = VECTOR('',#207,1.);
#207 = DIRECTION('',(0.,-1.,2.22044604925E-16));
#208 = ORIENTED_EDGE('',*,*,#209,.F.);
#209 = EDGE_CURVE('',#171,#202,#210,.T.);
#210 = LINE('',#211,#212);
#211 = CARTESIAN_POINT('',(-3.1,0.7,1.));
#212 = VECTOR('',#213,1.);
#213 = DIRECTION('',(-1.,0.,0.));
#214 = PLANE('',#215);
#215 = AXIS2_PLACEMENT_3D('',#216,#217,#218);
#216 = CARTESIAN_POINT('',(-3.1,0.7,1.));
#217 = DIRECTION('',(0.,-2.22044604925E-16,-1.));
#218 = DIRECTION('',(-1.,-0.,0.));
#219 = ADVANCED_FACE('',(#220),#245,.F.);
#220 = FACE_BOUND('',#221,.F.);
#221 = EDGE_LOOP('',(#222,#223,#231,#239));
#222 = ORIENTED_EDGE('',*,*,#201,.T.);
#223 = ORIENTED_EDGE('',*,*,#224,.T.);
#224 = EDGE_CURVE('',#194,#225,#227,.T.);
#225 = VERTEX_POINT('',#226);
#226 = CARTESIAN_POINT('',(-3.2,-0.7,1.554312234475E-16));
#227 = LINE('',#228,#229);
#228 = CARTESIAN_POINT('',(-3.3,-0.7,1.));
#229 = VECTOR('',#230,1.);
#230 = DIRECTION('',(9.9503719021E-02,-2.209426397859E-16,-0.99503719021
    ));
#231 = ORIENTED_EDGE('',*,*,#232,.F.);
#232 = EDGE_CURVE('',#233,#225,#235,.T.);
#233 = VERTEX_POINT('',#234);
#234 = CARTESIAN_POINT('',(-3.2,0.7,-1.554312234475E-16));
#235 = LINE('',#236,#237);
#236 = CARTESIAN_POINT('',(-3.2,0.7,-1.554312234475E-16));
#237 = VECTOR('',#238,1.);
#238 = DIRECTION('',(0.,-1.,2.22044604925E-16));
#239 = ORIENTED_EDGE('',*,*,#240,.F.);
#240 = EDGE_CURVE('',#202,#233,#241,.T.);
#241 = LINE('',#242,#243);
#242 = CARTESIAN_POINT('',(-3.3,0.7,1.));
#243 = VECTOR('',#244,1.);
#244 = DIRECTION('',(9.9503719021E-02,-2.209426397859E-16,-0.99503719021
    ));
#245 = PLANE('',#246);
#246 = AXIS2_PLACEMENT_3D('',#247,#248,#249);
#247 = CARTESIAN_POINT('',(-3.3,0.7,1.));
#248 = DIRECTION('',(0.99503719021,2.209426397859E-17,9.9503719021E-02)
  );
#249 = DIRECTION('',(9.9503719021E-02,-2.209426397859E-16,-0.99503719021
    ));
#250 = ADVANCED_FACE('',(#251),#267,.F.);
#251 = FACE_BOUND('',#252,.F.);
#252 = EDGE_LOOP('',(#253,#254,#260,#261));
#253 = ORIENTED_EDGE('',*,*,#232,.T.);
#254 = ORIENTED_EDGE('',*,*,#255,.T.);
#255 = EDGE_CURVE('',#225,#93,#256,.T.);
#256 = LINE('',#257,#258);
#257 = CARTESIAN_POINT('',(-3.2,-0.7,2.22044604925E-16));
#258 = VECTOR('',#259,1.);
#259 = DIRECTION('',(1.,0.,0.));
#260 = ORIENTED_EDGE('',*,*,#90,.F.);
#261 = ORIENTED_EDGE('',*,*,#262,.F.);
#262 = EDGE_CURVE('',#233,#91,#263,.T.);
#263 = LINE('',#264,#265);
#264 = CARTESIAN_POINT('',(-3.2,0.7,-2.22044604925E-16));
#265 = VECTOR('',#266,1.);
#266 = DIRECTION('',(1.,0.,0.));
#267 = PLANE('',#268);
#268 = AXIS2_PLACEMENT_3D('',#269,#270,#271);
#269 = CARTESIAN_POINT('',(-3.2,0.7,-1.554312234475E-16));
#270 = DIRECTION('',(0.,2.22044604925E-16,1.));
#271 = DIRECTION('',(1.,0.,-0.));
#272 = ADVANCED_FACE('',(#273),#281,.T.);
#273 = FACE_BOUND('',#274,.F.);
#274 = EDGE_LOOP('',(#275,#276,#277,#278,#279,#280));
#275 = ORIENTED_EDGE('',*,*,#116,.T.);
#276 = ORIENTED_EDGE('',*,*,#147,.T.);
#277 = ORIENTED_EDGE('',*,*,#178,.T.);
#278 = ORIENTED_EDGE('',*,*,#209,.T.);
#279 = ORIENTED_EDGE('',*,*,#240,.T.);
#280 = ORIENTED_EDGE('',*,*,#262,.T.);
#281 = PLANE('',#282);
#282 = AXIS2_PLACEMENT_3D('',#283,#284,#285);
#283 = CARTESIAN_POINT('',(-2.807662482876,0.7,0.318785136547));
#284 = DIRECTION('',(-1.266062631321E-48,1.,-2.22044604925E-16));
#285 = DIRECTION('',(0.,2.22044604925E-16,1.));
#286 = ADVANCED_FACE('',(#287),#295,.F.);
#287 = FACE_BOUND('',#288,.T.);
#288 = EDGE_LOOP('',(#289,#290,#291,#292,#293,#294));
#289 = ORIENTED_EDGE('',*,*,#100,.T.);
#290 = ORIENTED_EDGE('',*,*,#131,.T.);
#291 = ORIENTED_EDGE('',*,*,#162,.T.);
#292 = ORIENTED_EDGE('',*,*,#193,.T.);
#293 = ORIENTED_EDGE('',*,*,#224,.T.);
#294 = ORIENTED_EDGE('',*,*,#255,.T.);
#295 = PLANE('',#296);
#296 = AXIS2_PLACEMENT_3D('',#297,#298,#299);
#297 = CARTESIAN_POINT('',(-2.807662482876,-0.7,0.318785136547));
#298 = DIRECTION('',(-1.266062631321E-48,1.,-2.22044604925E-16));
#299 = DIRECTION('',(0.,2.22044604925E-16,1.));
#300 = ( GEOMETRIC_REPRESENTATION_CONTEXT(3) 
GLOBAL_UNCERTAINTY_ASSIGNED_CONTEXT((#304)) GLOBAL_UNIT_ASSIGNED_CONTEXT
((#301,#302,#303)) REPRESENTATION_CONTEXT('Context #1',
  '3D Context with UNIT and UNCERTAINTY') );
#301 = ( LENGTH_UNIT() NAMED_UNIT(*) SI_UNIT(.MILLI.,.METRE.) );
#302 = ( NAMED_UNIT(*) PLANE_ANGLE_UNIT() SI_UNIT($,.RADIAN.) );
#303 = ( NAMED_UNIT(*) SI_UNIT($,.STERADIAN.) SOLID_ANGLE_UNIT() );
#304 = UNCERTAINTY_MEASURE_WITH_UNIT(LENGTH_MEASURE(1.E-07),#301,
  'distance_accuracy_value','confusion accuracy');
#305 = CONTEXT_DEPENDENT_SHAPE_REPRESENTATION(#306,#308);
#306 = ( REPRESENTATION_RELATIONSHIP('','',#83,#52) 
REPRESENTATION_RELATIONSHIP_WITH_TRANSFORMATION(#307) 
SHAPE_REPRESENTATION_RELATIONSHIP() );
#307 = ITEM_DEFINED_TRANSFORMATION('','',#11,#53);
#308 = PRODUCT_DEFINITION_SHAPE('Placement','Placement of an item',#309
  );
#309 = NEXT_ASSEMBLY_USAGE_OCCURRENCE('1','pin_1','',#47,#78,$);
#310 = PRODUCT_RELATED_PRODUCT_CATEGORY('part',$,(#80));
#311 = SHAPE_DEFINITION_REPRESENTATION(#312,#318);
#312 = PRODUCT_DEFINITION_SHAPE('','',#313);
#313 = PRODUCT_DEFINITION('design','',#314,#317);
#314 = PRODUCT_DEFINITION_FORMATION('','',#315);
#315 = PRODUCT('pin_2','pin_2','',(#316));
#316 = PRODUCT_CONTEXT('',#2,'mechanical');
#317 = PRODUCT_DEFINITION_CONTEXT('part definition',#2,'design');
#318 = ADVANCED_BREP_SHAPE_REPRESENTATION('',(#11,#319),#535);
#319 = MANIFOLD_SOLID_BREP('',#320);
#320 = CLOSED_SHELL('',(#321,#361,#392,#423,#454,#485,#507,#521));
#321 = ADVANCED_FACE('',(#322),#356,.F.);
#322 = FACE_BOUND('',#323,.F.);
#323 = EDGE_LOOP('',(#324,#334,#342,#350));
#324 = ORIENTED_EDGE('',*,*,#325,.T.);
#325 = EDGE_CURVE('',#326,#328,#330,.T.);
#326 = VERTEX_POINT('',#327);
#327 = CARTESIAN_POINT('',(-2.,0.7,-0.));
#328 = VERTEX_POINT('',#329);
#329 = CARTESIAN_POINT('',(-2.,-0.7,0.));
#330 = LINE('',#331,#332);
#331 = CARTESIAN_POINT('',(-2.,0.7,-1.6E-16));
#332 = VECTOR('',#333,1.);
#333 = DIRECTION('',(0.,-1.,2.2E-16));
#334 = ORIENTED_EDGE('',*,*,#335,.T.);
#335 = EDGE_CURVE('',#328,#336,#338,.T.);
#336 = VERTEX_POINT('',#337);
#337 = CARTESIAN_POINT('',(-2.,-0.7,0.2));
#338 = LINE('',#339,#340);
#339 = CARTESIAN_POINT('',(-2.,-0.7,-1.110223024625E-16));
#340 = VECTOR('',#341,1.);
#341 = DIRECTION('',(0.,-2.2E-16,1.));
#342 = ORIENTED_EDGE('',*,*,#343,.F.);
#343 = EDGE_CURVE('',#344,#336,#346,.T.);
#344 = VERTEX_POINT('',#345);
#345 = CARTESIAN_POINT('',(-2.,0.7,0.2));
#346 = LINE('',#347,#348);
#347 = CARTESIAN_POINT('',(-2.,0.7,0.2));
#348 = VECTOR('',#349,1.);
#349 = DIRECTION('',(0.,-1.,2.2E-16));
#350 = ORIENTED_EDGE('',*,*,#351,.F.);
#351 = EDGE_CURVE('',#326,#344,#352,.T.);
#352 = LINE('',#353,#354);
#353 = CARTESIAN_POINT('',(-2.,0.7,1.110223024625E-16));
#354 = VECTOR('',#355,1.);
#355 = DIRECTION('',(0.,-2.2E-16,1.));
#356 = PLANE('',#357);
#357 = AXIS2_PLACEMENT_3D('',#358,#359,#360);
#358 = CARTESIAN_POINT('',(-2.,0.7,-1.6E-16));
#359 = DIRECTION('',(-1.,-0.,0.));
#360 = DIRECTION('',(0.,2.2E-16,1.));
#361 = ADVANCED_FACE('',(#362),#387,.F.);
#362 = FACE_BOUND('',#363,.F.);
#363 = EDGE_LOOP('',(#364,#365,#373,#381));
#364 = ORIENTED_EDGE('',*,*,#343,.T.);
#365 = ORIENTED_EDGE('',*,*,#366,.T.);
#366 = EDGE_CURVE('',#336,#367,#369,.T.);
#367 = VERTEX_POINT('',#368);
#368 = CARTESIAN_POINT('',(-3.,-0.7,0.2));
#369 = LINE('',#370,#371);
#370 = CARTESIAN_POINT('',(-2.,-0.7,0.2));
#371 = VECTOR('',#372,1.);
#372 = DIRECTION('',(-1.,0.,0.));
#373 = ORIENTED_EDGE('',*,*,#374,.F.);
#374 = EDGE_CURVE('',#375,#367,#377,.T.);
#375 = VERTEX_POINT('',#376);
#376 = CARTESIAN_POINT('',(-3.,0.7,0.2));
#377 = LINE('',#378,#379);
#378 = CARTESIAN_POINT('',(-3.,0.7,0.2));
#379 = VECTOR('',#380,1.);
#380 = DIRECTION('',(0.,-1.,2.2E-16));
#381 = ORIENTED_EDGE('',*,*,#382,.F.);
#382 = EDGE_CURVE('',#344,#375,#383,.T.);
#383 = LINE('',#384,#385);
#384 = CARTESIAN_POINT('',(-2.,0.7,0.2));
#385 = VECTOR('',#386,1.);
#386 = DIRECTION('',(-1.,0.,0.));
#387 = PLANE('',#388);
#388 = AXIS2_PLACEMENT_3D('',#389,#390,#391);
#389 = CARTESIAN_POINT('',(-2.,0.7,0.2));
#390 = DIRECTION('',(0.,-2.2E-16,-1.));
#391 = DIRECTION('',(-1.,-0.,0.));
#392 = ADVANCED_FACE('',(#393),#418,.F.);
#393 = FACE_BOUND('',#394,.F.);
#394 = EDGE_LOOP('',(#395,#396,#404,#412));
#395 = ORIENTED_EDGE('',*,*,#374,.T.);
#396 = ORIENTED_EDGE('',*,*,#397,.T.);
#397 = EDGE_CURVE('',#367,#398,#400,.T.);
#398 = VERTEX_POINT('',#399);
#399 = CARTESIAN_POINT('',(-3.1,-0.7,1.));
#400 = LINE('',#401,#402);
#401 = CARTESIAN_POINT('',(-3.,-0.7,0.2));
#402 = VECTOR('',#403,1.);
#403 = DIRECTION('',(-0.124034734589,-2.199999999999E-16,0.992277876714)
  );
#404 = ORIENTED_EDGE('',*,*,#405,.F.);
#405 = EDGE_CURVE('',#406,#398,#408,.T.);
#406 = VERTEX_POINT('',#407);
#407 = CARTESIAN_POINT('',(-3.1,0.7,1.));
#408 = LINE('',#409,#410);
#409 = CARTESIAN_POINT('',(-3.1,0.7,1.));
#410 = VECTOR('',#411,1.);
#411 = DIRECTION('',(0.,-1.,2.2E-16));
#412 = ORIENTED_EDGE('',*,*,#413,.F.);
#413 = EDGE_CURVE('',#375,#406,#414,.T.);
#414 = LINE('',#415,#416);
#415 = CARTESIAN_POINT('',(-3.,0.7,0.2));
#416 = VECTOR('',#417,1.);
#417 = DIRECTION('',(-0.124034734589,-2.199999999999E-16,0.992277876714)
  );
#418 = PLANE('',#419);
#419 = AXIS2_PLACEMENT_3D('',#420,#421,#422);
#420 = CARTESIAN_POINT('',(-3.,0.7,0.2));
#421 = DIRECTION('',(-0.992277876714,-2.999999999999E-17,-0.124034734589
    ));
#422 = DIRECTION('',(-0.124034734589,2.199999999999E-16,0.992277876714)
  );
#423 = ADVANCED_FACE('',(#424),#449,.F.);
#424 = FACE_BOUND('',#425,.F.);
#425 = EDGE_LOOP('',(#426,#427,#435,#443));
#426 = ORIENTED_EDGE('',*,*,#405,.T.);
#427 = ORIENTED_EDGE('',*,*,#428,.T.);
#428 = EDGE_CURVE('',#398,#429,#431,.T.);
#429 = VERTEX_POINT('',#430);
#430 = CARTESIAN_POINT('',(-3.3,-0.7,1.));
#431 = LINE('',#432,#433);
#432 = CARTESIAN_POINT('',(-3.1,-0.7,1.));
#433 = VECTOR('',#434,1.);
#434 = DIRECTION('',(-1.,0.,0.));
#435 = ORIENTED_EDGE('',*,*,#436,.F.);
#436 = EDGE_CURVE('',#437,#429,#439,.T.);
#437 = VERTEX_POINT('',#438);
#438 = CARTESIAN_POINT('',(-3.3,0.7,1.));
#439 = LINE('',#440,#441);
#440 = CARTESIAN_POINT('',(-3.3,0.7,1.));
#441 = VECTOR('',#442,1.);
#442 = DIRECTION('',(0.,-1.,2.2E-16));
#443 = ORIENTED_EDGE('',*,*,#444,.F.);
#444 = EDGE_CURVE('',#406,#437,#445,.T.);
#445 = LINE('',#446,#447);
#446 = CARTESIAN_POINT('',(-3.1,0.7,1.));
#447 = VECTOR('',#448,1.);
#448 = DIRECTION('',(-1.,0.,0.));
#449 = PLANE('',#450);
#450 = AXIS2_PLACEMENT_3D('',#451,#452,#453);
#451 = CARTESIAN_POINT('',(-3.1,0.7,1.));
#452 = DIRECTION('',(0.,-2.2E-16,-1.));
#453 = DIRECTION('',(-1.,-0.,0.));
#454 = ADVANCED_FACE('',(#455),#480,.F.);
#455 = FACE_BOUND('',#456,.F.);
#456 = EDGE_LOOP('',(#457,#458,#466,#474));
#457 = ORIENTED_EDGE('',*,*,#436,.T.);
#458 = ORIENTED_EDGE('',*,*,#459,.T.);
#459 = EDGE_CURVE('',#429,#460,#462,.T.);
#460 = VERTEX_POINT('',#461);
#461 = CARTESIAN_POINT('',(-3.2,-0.7,0.));
#462 = LINE('',#463,#464);
#463 = CARTESIAN_POINT('',(-3.3,-0.7,1.));
#464 = VECTOR('',#465,1.);
#465 = DIRECTION('',(9.9503719021E-02,2.2E-16,-0.99503719021));
#466 = ORIENTED_EDGE('',*,*,#467,.F.);
#467 = EDGE_CURVE('',#468,#460,#470,.T.);
#468 = VERTEX_POINT('',#469);
#469 = CARTESIAN_POINT('',(-3.2,0.7,-0.));
#470 = LINE('',#471,#472);
#471 = CARTESIAN_POINT('',(-3.2,0.7,-1.6E-16));
#472 = VECTOR('',#473,1.);
#473 = DIRECTION('',(0.,-1.,2.2E-16));
#474 = ORIENTED_EDGE('',*,*,#475,.F.);
#475 = EDGE_CURVE('',#437,#468,#476,.T.);
#476 = LINE('',#477,#478);
#477 = CARTESIAN_POINT('',(-3.3,0.7,1.));
#478 = VECTOR('',#479,1.);
#479 = DIRECTION('',(9.9503719021E-02,2.2E-16,-0.99503719021));
#480 = PLANE('',#481);
#481 = AXIS2_PLACEMENT_3D('',#482,#483,#484);
#482 = CARTESIAN_POINT('',(-3.3,0.7,1.));
#483 = DIRECTION('',(0.99503719021,2.E-17,9.9503719021E-02));
#484 = DIRECTION('',(9.9503719021E-02,-2.2E-16,-0.99503719021));
#485 = ADVANCED_FACE('',(#486),#502,.F.);
#486 = FACE_BOUND('',#487,.F.);
#487 = EDGE_LOOP('',(#488,#489,#495,#496));
#488 = ORIENTED_EDGE('',*,*,#467,.T.);
#489 = ORIENTED_EDGE('',*,*,#490,.T.);
#490 = EDGE_CURVE('',#460,#328,#491,.T.);
#491 = LINE('',#492,#493);
#492 = CARTESIAN_POINT('',(-3.2,-0.7,-1.110223024625E-16));
#493 = VECTOR('',#494,1.);
#494 = DIRECTION('',(1.,0.,0.));
#495 = ORIENTED_EDGE('',*,*,#325,.F.);
#496 = ORIENTED_EDGE('',*,*,#497,.F.);
#497 = EDGE_CURVE('',#468,#326,#498,.T.);
#498 = LINE('',#499,#500);
#499 = CARTESIAN_POINT('',(-3.2,0.7,1.110223024625E-16));
#500 = VECTOR('',#501,1.);
#501 = DIRECTION('',(1.,0.,0.));
#502 = PLANE('',#503);
#503 = AXIS2_PLACEMENT_3D('',#504,#505,#506);
#504 = CARTESIAN_POINT('',(-3.2,0.7,-1.6E-16));
#505 = DIRECTION('',(0.,2.2E-16,1.));
#506 = DIRECTION('',(1.,0.,-0.));
#507 = ADVANCED_FACE('',(#508),#516,.T.);
#508 = FACE_BOUND('',#509,.F.);
#509 = EDGE_LOOP('',(#510,#511,#512,#513,#514,#515));
#510 = ORIENTED_EDGE('',*,*,#351,.T.);
#511 = ORIENTED_EDGE('',*,*,#382,.T.);
#512 = ORIENTED_EDGE('',*,*,#413,.T.);
#513 = ORIENTED_EDGE('',*,*,#444,.T.);
#514 = ORIENTED_EDGE('',*,*,#475,.T.);
#515 = ORIENTED_EDGE('',*,*,#497,.T.);
#516 = PLANE('',#517);
#517 = AXIS2_PLACEMENT_3D('',#518,#519,#520);
#518 = CARTESIAN_POINT('',(-2.807662482876,0.7,0.318785136547));
#519 = DIRECTION('',(0.,1.,0.));
#520 = DIRECTION('',(0.,-0.,1.));
#521 = ADVANCED_FACE('',(#522),#530,.F.);
#522 = FACE_BOUND('',#523,.T.);
#523 = EDGE_LOOP('',(#524,#525,#526,#527,#528,#529));
#524 = ORIENTED_EDGE('',*,*,#335,.T.);
#525 = ORIENTED_EDGE('',*,*,#366,.T.);
#526 = ORIENTED_EDGE('',*,*,#397,.T.);
#527 = ORIENTED_EDGE('',*,*,#428,.T.);
#528 = ORIENTED_EDGE('',*,*,#459,.T.);
#529 = ORIENTED_EDGE('',*,*,#490,.T.);
#530 = PLANE('',#531);
#531 = AXIS2_PLACEMENT_3D('',#532,#533,#534);
#532 = CARTESIAN_POINT('',(-2.807662482876,-0.7,0.318785136547));
#533 = DIRECTION('',(0.,1.,0.));
#534 = DIRECTION('',(0.,-0.,1.));
#535 = ( GEOMETRIC_REPRESENTATION_CONTEXT(3) 
GLOBAL_UNCERTAINTY_ASSIGNED_CONTEXT((#539)) GLOBAL_UNIT_ASSIGNED_CONTEXT
((#536,#537,#538)) REPRESENTATION_CONTEXT('Context #1',
  '3D Context with UNIT and UNCERTAINTY') );
#536 = ( LENGTH_UNIT() NAMED_UNIT(*) SI_UNIT(.MILLI.,.METRE.) );
#537 = ( NAMED_UNIT(*) PLANE_ANGLE_UNIT() SI_UNIT($,.RADIAN.) );
#538 = ( NAMED_UNIT(*) SI_UNIT($,.STERADIAN.) SOLID_ANGLE_UNIT() );
#539 = UNCERTAINTY_MEASURE_WITH_UNIT(LENGTH_MEASURE(1.E-07),#536,
  'distance_accuracy_value','confusion accuracy');
#540 = CONTEXT_DEPENDENT_SHAPE_REPRESENTATION(#541,#543);
#541 = ( REPRESENTATION_RELATIONSHIP('','',#318,#52) 
REPRESENTATION_RELATIONSHIP_WITH_TRANSFORMATION(#542) 
SHAPE_REPRESENTATION_RELATIONSHIP() );
#542 = ITEM_DEFINED_TRANSFORMATION('','',#11,#57);
#543 = PRODUCT_DEFINITION_SHAPE('Placement','Placement of an item',#544
  );
#544 = NEXT_ASSEMBLY_USAGE_OCCURRENCE('2','pin_2','',#47,#313,$);
#545 = PRODUCT_RELATED_PRODUCT_CATEGORY('part',$,(#315));
#546 = SHAPE_DEFINITION_REPRESENTATION(#547,#553);
#547 = PRODUCT_DEFINITION_SHAPE('','',#548);
#548 = PRODUCT_DEFINITION('design','',#549,#552);
#549 = PRODUCT_DEFINITION_FORMATION('','',#550);
#550 = PRODUCT('Body','Body','',(#551));
#551 = PRODUCT_CONTEXT('',#2,'mechanical');
#552 = PRODUCT_DEFINITION_CONTEXT('part definition',#2,'design');
#553 = ADVANCED_BREP_SHAPE_REPRESENTATION('',(#11,#554),#1419);
#554 = MANIFOLD_SOLID_BREP('',#555);
#555 = CLOSED_SHELL('',(#556,#628,#746,#770,#794,#811,#835,#957,#974,
    #986,#1003,#1020,#1060,#1084,#1108,#1125,#1142,#1154,#1185,#1209,
    #1233,#1257,#1281,#1305,#1329,#1346,#1358,#1385,#1410));
#556 = ADVANCED_FACE('',(#557),#623,.T.);
#557 = FACE_BOUND('',#558,.T.);
#558 = EDGE_LOOP('',(#559,#569,#577,#585,#593,#601,#609,#617));
#559 = ORIENTED_EDGE('',*,*,#560,.F.);
#560 = EDGE_CURVE('',#561,#563,#565,.T.);
#561 = VERTEX_POINT('',#562);
#562 = CARTESIAN_POINT('',(-3.,-1.8,0.));
#563 = VERTEX_POINT('',#564);
#564 = CARTESIAN_POINT('',(-3.,-0.7,0.));
#565 = LINE('',#566,#567);
#566 = CARTESIAN_POINT('',(-3.,-1.8,0.));
#567 = VECTOR('',#568,1.);
#568 = DIRECTION('',(0.,1.,0.));
#569 = ORIENTED_EDGE('',*,*,#570,.T.);
#570 = EDGE_CURVE('',#561,#571,#573,.T.);
#571 = VERTEX_POINT('',#572);
#572 = CARTESIAN_POINT('',(-3.,-1.8,3.5));
#573 = LINE('',#574,#575);
#574 = CARTESIAN_POINT('',(-3.,-1.8,0.));
#575 = VECTOR('',#576,1.);
#576 = DIRECTION('',(0.,0.,1.));
#577 = ORIENTED_EDGE('',*,*,#578,.T.);
#578 = EDGE_CURVE('',#571,#579,#581,.T.);
#579 = VERTEX_POINT('',#580);
#580 = CARTESIAN_POINT('',(-3.,1.8,3.5));
#581 = LINE('',#582,#583);
#582 = CARTESIAN_POINT('',(-3.,-1.8,3.5));
#583 = VECTOR('',#584,1.);
#584 = DIRECTION('',(0.,1.,0.));
#585 = ORIENTED_EDGE('',*,*,#586,.F.);
#586 = EDGE_CURVE('',#587,#579,#589,.T.);
#587 = VERTEX_POINT('',#588);
#588 = CARTESIAN_POINT('',(-3.,1.8,0.));
#589 = LINE('',#590,#591);
#590 = CARTESIAN_POINT('',(-3.,1.8,0.));
#591 = VECTOR('',#592,1.);
#592 = DIRECTION('',(0.,0.,1.));
#593 = ORIENTED_EDGE('',*,*,#594,.F.);
#594 = EDGE_CURVE('',#595,#587,#597,.T.);
#595 = VERTEX_POINT('',#596);
#596 = CARTESIAN_POINT('',(-3.,0.7,0.));
#597 = LINE('',#598,#599);
#598 = CARTESIAN_POINT('',(-3.,-1.8,0.));
#599 = VECTOR('',#600,1.);
#600 = DIRECTION('',(0.,1.,0.));
#601 = ORIENTED_EDGE('',*,*,#602,.T.);
#602 = EDGE_CURVE('',#595,#603,#605,.T.);
#603 = VERTEX_POINT('',#604);
#604 = CARTESIAN_POINT('',(-3.,0.7,0.2));
#605 = LINE('',#606,#607);
#606 = CARTESIAN_POINT('',(-3.,0.7,0.));
#607 = VECTOR('',#608,1.);
#608 = DIRECTION('',(0.,0.,1.));
#609 = ORIENTED_EDGE('',*,*,#610,.F.);
#610 = EDGE_CURVE('',#611,#603,#613,.T.);
#611 = VERTEX_POINT('',#612);
#612 = CARTESIAN_POINT('',(-3.,-0.7,0.2));
#613 = LINE('',#614,#615);
#614 = CARTESIAN_POINT('',(-3.,-0.7,0.2));
#615 = VECTOR('',#616,1.);
#616 = DIRECTION('',(0.,1.,0.));
#617 = ORIENTED_EDGE('',*,*,#618,.F.);
#618 = EDGE_CURVE('',#563,#611,#619,.T.);
#619 = LINE('',#620,#621);
#620 = CARTESIAN_POINT('',(-3.,-0.7,0.));
#621 = VECTOR('',#622,1.);
#622 = DIRECTION('',(0.,0.,1.));
#623 = PLANE('',#624);
#624 = AXIS2_PLACEMENT_3D('',#625,#626,#627);
#625 = CARTESIAN_POINT('',(-3.,-1.8,0.));
#626 = DIRECTION('',(-1.,0.,0.));
#627 = DIRECTION('',(0.,1.,0.));
#628 = ADVANCED_FACE('',(#629),#741,.F.);
#629 = FACE_BOUND('',#630,.F.);
#630 = EDGE_LOOP('',(#631,#632,#640,#648,#656,#664,#672,#680,#688,#696,
    #704,#712,#718,#719,#727,#735));
#631 = ORIENTED_EDGE('',*,*,#560,.F.);
#632 = ORIENTED_EDGE('',*,*,#633,.F.);
#633 = EDGE_CURVE('',#634,#561,#636,.T.);
#634 = VERTEX_POINT('',#635);
#635 = CARTESIAN_POINT('',(-1.8,-3.,0.));
#636 = LINE('',#637,#638);
#637 = CARTESIAN_POINT('',(-1.8,-3.,0.));
#638 = VECTOR('',#639,1.);
#639 = DIRECTION('',(-0.707106781187,0.707106781187,0.));
#640 = ORIENTED_EDGE('',*,*,#641,.F.);
#641 = EDGE_CURVE('',#642,#634,#644,.T.);
#642 = VERTEX_POINT('',#643);
#643 = CARTESIAN_POINT('',(1.8,-3.,0.));
#644 = LINE('',#645,#646);
#645 = CARTESIAN_POINT('',(1.8,-3.,0.));
#646 = VECTOR('',#647,1.);
#647 = DIRECTION('',(-1.,0.,0.));
#648 = ORIENTED_EDGE('',*,*,#649,.F.);
#649 = EDGE_CURVE('',#650,#642,#652,.T.);
#650 = VERTEX_POINT('',#651);
#651 = CARTESIAN_POINT('',(3.,-1.8,0.));
#652 = LINE('',#653,#654);
#653 = CARTESIAN_POINT('',(3.,-1.8,0.));
#654 = VECTOR('',#655,1.);
#655 = DIRECTION('',(-0.707106781187,-0.707106781187,0.));
#656 = ORIENTED_EDGE('',*,*,#657,.F.);
#657 = EDGE_CURVE('',#658,#650,#660,.T.);
#658 = VERTEX_POINT('',#659);
#659 = CARTESIAN_POINT('',(3.,-0.7,0.));
#660 = LINE('',#661,#662);
#661 = CARTESIAN_POINT('',(3.,1.8,0.));
#662 = VECTOR('',#663,1.);
#663 = DIRECTION('',(0.,-1.,0.));
#664 = ORIENTED_EDGE('',*,*,#665,.F.);
#665 = EDGE_CURVE('',#666,#658,#668,.T.);
#666 = VERTEX_POINT('',#667);
#667 = CARTESIAN_POINT('',(2.,-0.7,0.));
#668 = LINE('',#669,#670);
#669 = CARTESIAN_POINT('',(2.,-0.7,0.));
#670 = VECTOR('',#671,1.);
#671 = DIRECTION('',(1.,0.,0.));
#672 = ORIENTED_EDGE('',*,*,#673,.F.);
#673 = EDGE_CURVE('',#674,#666,#676,.T.);
#674 = VERTEX_POINT('',#675);
#675 = CARTESIAN_POINT('',(2.,0.7,0.));
#676 = LINE('',#677,#678);
#677 = CARTESIAN_POINT('',(2.,0.7,0.));
#678 = VECTOR('',#679,1.);
#679 = DIRECTION('',(0.,-1.,0.));
#680 = ORIENTED_EDGE('',*,*,#681,.F.);
#681 = EDGE_CURVE('',#682,#674,#684,.T.);
#682 = VERTEX_POINT('',#683);
#683 = CARTESIAN_POINT('',(3.,0.7,0.));
#684 = LINE('',#685,#686);
#685 = CARTESIAN_POINT('',(3.,0.7,0.));
#686 = VECTOR('',#687,1.);
#687 = DIRECTION('',(-1.,0.,0.));
#688 = ORIENTED_EDGE('',*,*,#689,.F.);
#689 = EDGE_CURVE('',#690,#682,#692,.T.);
#690 = VERTEX_POINT('',#691);
#691 = CARTESIAN_POINT('',(3.,1.8,0.));
#692 = LINE('',#693,#694);
#693 = CARTESIAN_POINT('',(3.,1.8,0.));
#694 = VECTOR('',#695,1.);
#695 = DIRECTION('',(0.,-1.,0.));
#696 = ORIENTED_EDGE('',*,*,#697,.F.);
#697 = EDGE_CURVE('',#698,#690,#700,.T.);
#698 = VERTEX_POINT('',#699);
#699 = CARTESIAN_POINT('',(1.8,3.,0.));
#700 = LINE('',#701,#702);
#701 = CARTESIAN_POINT('',(1.8,3.,0.));
#702 = VECTOR('',#703,1.);
#703 = DIRECTION('',(0.707106781187,-0.707106781187,0.));
#704 = ORIENTED_EDGE('',*,*,#705,.F.);
#705 = EDGE_CURVE('',#706,#698,#708,.T.);
#706 = VERTEX_POINT('',#707);
#707 = CARTESIAN_POINT('',(-1.8,3.,0.));
#708 = LINE('',#709,#710);
#709 = CARTESIAN_POINT('',(-1.8,3.,0.));
#710 = VECTOR('',#711,1.);
#711 = DIRECTION('',(1.,0.,0.));
#712 = ORIENTED_EDGE('',*,*,#713,.F.);
#713 = EDGE_CURVE('',#587,#706,#714,.T.);
#714 = LINE('',#715,#716);
#715 = CARTESIAN_POINT('',(-3.,1.8,0.));
#716 = VECTOR('',#717,1.);
#717 = DIRECTION('',(0.707106781187,0.707106781187,0.));
#718 = ORIENTED_EDGE('',*,*,#594,.F.);
#719 = ORIENTED_EDGE('',*,*,#720,.T.);
#720 = EDGE_CURVE('',#595,#721,#723,.T.);
#721 = VERTEX_POINT('',#722);
#722 = CARTESIAN_POINT('',(-2.,0.7,0.));
#723 = LINE('',#724,#725);
#724 = CARTESIAN_POINT('',(-3.,0.7,0.));
#725 = VECTOR('',#726,1.);
#726 = DIRECTION('',(1.,0.,0.));
#727 = ORIENTED_EDGE('',*,*,#728,.T.);
#728 = EDGE_CURVE('',#721,#729,#731,.T.);
#729 = VERTEX_POINT('',#730);
#730 = CARTESIAN_POINT('',(-2.,-0.7,0.));
#731 = LINE('',#732,#733);
#732 = CARTESIAN_POINT('',(-2.,0.7,0.));
#733 = VECTOR('',#734,1.);
#734 = DIRECTION('',(0.,-1.,0.));
#735 = ORIENTED_EDGE('',*,*,#736,.T.);
#736 = EDGE_CURVE('',#729,#563,#737,.T.);
#737 = LINE('',#738,#739);
#738 = CARTESIAN_POINT('',(-2.,-0.7,0.));
#739 = VECTOR('',#740,1.);
#740 = DIRECTION('',(-1.,0.,0.));
#741 = PLANE('',#742);
#742 = AXIS2_PLACEMENT_3D('',#743,#744,#745);
#743 = CARTESIAN_POINT('',(-6.287773625685E-17,3.699306816444E-15,0.));
#744 = DIRECTION('',(0.,0.,1.));
#745 = DIRECTION('',(1.,0.,-0.));
#746 = ADVANCED_FACE('',(#747),#765,.F.);
#747 = FACE_BOUND('',#748,.F.);
#748 = EDGE_LOOP('',(#749,#757,#763,#764));
#749 = ORIENTED_EDGE('',*,*,#750,.T.);
#750 = EDGE_CURVE('',#729,#751,#753,.T.);
#751 = VERTEX_POINT('',#752);
#752 = CARTESIAN_POINT('',(-2.,-0.7,0.2));
#753 = LINE('',#754,#755);
#754 = CARTESIAN_POINT('',(-2.,-0.7,0.));
#755 = VECTOR('',#756,1.);
#756 = DIRECTION('',(0.,0.,1.));
#757 = ORIENTED_EDGE('',*,*,#758,.T.);
#758 = EDGE_CURVE('',#751,#611,#759,.T.);
#759 = LINE('',#760,#761);
#760 = CARTESIAN_POINT('',(-2.,-0.7,0.2));
#761 = VECTOR('',#762,1.);
#762 = DIRECTION('',(-1.,0.,0.));
#763 = ORIENTED_EDGE('',*,*,#618,.F.);
#764 = ORIENTED_EDGE('',*,*,#736,.F.);
#765 = PLANE('',#766);
#766 = AXIS2_PLACEMENT_3D('',#767,#768,#769);
#767 = CARTESIAN_POINT('',(-2.,-0.7,0.));
#768 = DIRECTION('',(0.,-1.,0.));
#769 = DIRECTION('',(-1.,0.,0.));
#770 = ADVANCED_FACE('',(#771),#789,.F.);
#771 = FACE_BOUND('',#772,.T.);
#772 = EDGE_LOOP('',(#773,#781,#787,#788));
#773 = ORIENTED_EDGE('',*,*,#774,.T.);
#774 = EDGE_CURVE('',#603,#775,#777,.T.);
#775 = VERTEX_POINT('',#776);
#776 = CARTESIAN_POINT('',(-2.,0.7,0.2));
#777 = LINE('',#778,#779);
#778 = CARTESIAN_POINT('',(-3.,0.7,0.2));
#779 = VECTOR('',#780,1.);
#780 = DIRECTION('',(1.,0.,0.));
#781 = ORIENTED_EDGE('',*,*,#782,.T.);
#782 = EDGE_CURVE('',#775,#751,#783,.T.);
#783 = LINE('',#784,#785);
#784 = CARTESIAN_POINT('',(-2.,0.7,0.2));
#785 = VECTOR('',#786,1.);
#786 = DIRECTION('',(0.,-1.,0.));
#787 = ORIENTED_EDGE('',*,*,#758,.T.);
#788 = ORIENTED_EDGE('',*,*,#610,.T.);
#789 = PLANE('',#790);
#790 = AXIS2_PLACEMENT_3D('',#791,#792,#793);
#791 = CARTESIAN_POINT('',(1.850371707709E-16,0.,0.2));
#792 = DIRECTION('',(0.,0.,1.));
#793 = DIRECTION('',(1.,0.,-0.));
#794 = ADVANCED_FACE('',(#795),#806,.F.);
#795 = FACE_BOUND('',#796,.F.);
#796 = EDGE_LOOP('',(#797,#798,#799,#805));
#797 = ORIENTED_EDGE('',*,*,#602,.T.);
#798 = ORIENTED_EDGE('',*,*,#774,.T.);
#799 = ORIENTED_EDGE('',*,*,#800,.F.);
#800 = EDGE_CURVE('',#721,#775,#801,.T.);
#801 = LINE('',#802,#803);
#802 = CARTESIAN_POINT('',(-2.,0.7,0.));
#803 = VECTOR('',#804,1.);
#804 = DIRECTION('',(0.,0.,1.));
#805 = ORIENTED_EDGE('',*,*,#720,.F.);
#806 = PLANE('',#807);
#807 = AXIS2_PLACEMENT_3D('',#808,#809,#810);
#808 = CARTESIAN_POINT('',(-3.,0.7,0.));
#809 = DIRECTION('',(0.,1.,0.));
#810 = DIRECTION('',(1.,0.,0.));
#811 = ADVANCED_FACE('',(#812),#830,.T.);
#812 = FACE_BOUND('',#813,.T.);
#813 = EDGE_LOOP('',(#814,#815,#823,#829));
#814 = ORIENTED_EDGE('',*,*,#586,.T.);
#815 = ORIENTED_EDGE('',*,*,#816,.T.);
#816 = EDGE_CURVE('',#579,#817,#819,.T.);
#817 = VERTEX_POINT('',#818);
#818 = CARTESIAN_POINT('',(-1.8,3.,3.5));
#819 = LINE('',#820,#821);
#820 = CARTESIAN_POINT('',(-3.,1.8,3.5));
#821 = VECTOR('',#822,1.);
#822 = DIRECTION('',(0.707106781187,0.707106781187,0.));
#823 = ORIENTED_EDGE('',*,*,#824,.F.);
#824 = EDGE_CURVE('',#706,#817,#825,.T.);
#825 = LINE('',#826,#827);
#826 = CARTESIAN_POINT('',(-1.8,3.,0.));
#827 = VECTOR('',#828,1.);
#828 = DIRECTION('',(0.,0.,1.));
#829 = ORIENTED_EDGE('',*,*,#713,.F.);
#830 = PLANE('',#831);
#831 = AXIS2_PLACEMENT_3D('',#832,#833,#834);
#832 = CARTESIAN_POINT('',(-3.,1.8,0.));
#833 = DIRECTION('',(-0.707106781187,0.707106781187,0.));
#834 = DIRECTION('',(0.707106781187,0.707106781187,0.));
#835 = ADVANCED_FACE('',(#836,#886),#952,.T.);
#836 = FACE_BOUND('',#837,.T.);
#837 = EDGE_LOOP('',(#838,#839,#847,#855,#863,#871,#879,#885));
#838 = ORIENTED_EDGE('',*,*,#578,.F.);
#839 = ORIENTED_EDGE('',*,*,#840,.F.);
#840 = EDGE_CURVE('',#841,#571,#843,.T.);
#841 = VERTEX_POINT('',#842);
#842 = CARTESIAN_POINT('',(-1.8,-3.,3.5));
#843 = LINE('',#844,#845);
#844 = CARTESIAN_POINT('',(-1.8,-3.,3.5));
#845 = VECTOR('',#846,1.);
#846 = DIRECTION('',(-0.707106781187,0.707106781187,0.));
#847 = ORIENTED_EDGE('',*,*,#848,.F.);
#848 = EDGE_CURVE('',#849,#841,#851,.T.);
#849 = VERTEX_POINT('',#850);
#850 = CARTESIAN_POINT('',(1.8,-3.,3.5));
#851 = LINE('',#852,#853);
#852 = CARTESIAN_POINT('',(1.8,-3.,3.5));
#853 = VECTOR('',#854,1.);
#854 = DIRECTION('',(-1.,0.,0.));
#855 = ORIENTED_EDGE('',*,*,#856,.F.);
#856 = EDGE_CURVE('',#857,#849,#859,.T.);
#857 = VERTEX_POINT('',#858);
#858 = CARTESIAN_POINT('',(3.,-1.8,3.5));
#859 = LINE('',#860,#861);
#860 = CARTESIAN_POINT('',(3.,-1.8,3.5));
#861 = VECTOR('',#862,1.);
#862 = DIRECTION('',(-0.707106781187,-0.707106781187,0.));
#863 = ORIENTED_EDGE('',*,*,#864,.F.);
#864 = EDGE_CURVE('',#865,#857,#867,.T.);
#865 = VERTEX_POINT('',#866);
#866 = CARTESIAN_POINT('',(3.,1.8,3.5));
#867 = LINE('',#868,#869);
#868 = CARTESIAN_POINT('',(3.,1.8,3.5));
#869 = VECTOR('',#870,1.);
#870 = DIRECTION('',(0.,-1.,0.));
#871 = ORIENTED_EDGE('',*,*,#872,.F.);
#872 = EDGE_CURVE('',#873,#865,#875,.T.);
#873 = VERTEX_POINT('',#874);
#874 = CARTESIAN_POINT('',(1.8,3.,3.5));
#875 = LINE('',#876,#877);
#876 = CARTESIAN_POINT('',(1.8,3.,3.5));
#877 = VECTOR('',#878,1.);
#878 = DIRECTION('',(0.707106781187,-0.707106781187,0.));
#879 = ORIENTED_EDGE('',*,*,#880,.F.);
#880 = EDGE_CURVE('',#817,#873,#881,.T.);
#881 = LINE('',#882,#883);
#882 = CARTESIAN_POINT('',(-1.8,3.,3.5));
#883 = VECTOR('',#884,1.);
#884 = DIRECTION('',(1.,0.,0.));
#885 = ORIENTED_EDGE('',*,*,#816,.F.);
#886 = FACE_BOUND('',#887,.T.);
#887 = EDGE_LOOP('',(#888,#898,#906,#914,#922,#930,#938,#946));
#888 = ORIENTED_EDGE('',*,*,#889,.T.);
#889 = EDGE_CURVE('',#890,#892,#894,.T.);
#890 = VERTEX_POINT('',#891);
#891 = CARTESIAN_POINT('',(-2.500000000017,1.900000000017,3.5));
#892 = VERTEX_POINT('',#893);
#893 = CARTESIAN_POINT('',(-1.9,2.5,3.5));
#894 = LINE('',#895,#896);
#895 = CARTESIAN_POINT('',(-2.500000000017,1.900000000017,3.5));
#896 = VECTOR('',#897,1.);
#897 = DIRECTION('',(0.707106781206,0.707106781167,0.));
#898 = ORIENTED_EDGE('',*,*,#899,.T.);
#899 = EDGE_CURVE('',#892,#900,#902,.T.);
#900 = VERTEX_POINT('',#901);
#901 = CARTESIAN_POINT('',(1.9,2.5,3.5));
#902 = LINE('',#903,#904);
#903 = CARTESIAN_POINT('',(-1.9,2.5,3.5));
#904 = VECTOR('',#905,1.);
#905 = DIRECTION('',(1.,0.,0.));
#906 = ORIENTED_EDGE('',*,*,#907,.T.);
#907 = EDGE_CURVE('',#900,#908,#910,.T.);
#908 = VERTEX_POINT('',#909);
#909 = CARTESIAN_POINT('',(2.500000000017,1.900000000017,3.5));
#910 = LINE('',#911,#912);
#911 = CARTESIAN_POINT('',(1.9,2.5,3.5));
#912 = VECTOR('',#913,1.);
#913 = DIRECTION('',(0.707106781206,-0.707106781167,0.));
#914 = ORIENTED_EDGE('',*,*,#915,.T.);
#915 = EDGE_CURVE('',#908,#916,#918,.T.);
#916 = VERTEX_POINT('',#917);
#917 = CARTESIAN_POINT('',(2.500000000017,-1.899999999983,3.5));
#918 = LINE('',#919,#920);
#919 = CARTESIAN_POINT('',(2.500000000017,1.900000000017,3.5));
#920 = VECTOR('',#921,1.);
#921 = DIRECTION('',(0.,-1.,0.));
#922 = ORIENTED_EDGE('',*,*,#923,.T.);
#923 = EDGE_CURVE('',#916,#924,#926,.T.);
#924 = VERTEX_POINT('',#925);
#925 = CARTESIAN_POINT('',(1.9,-2.5,3.5));
#926 = LINE('',#927,#928);
#927 = CARTESIAN_POINT('',(2.500000000017,-1.899999999983,3.5));
#928 = VECTOR('',#929,1.);
#929 = DIRECTION('',(-0.707106781187,-0.707106781187,0.));
#930 = ORIENTED_EDGE('',*,*,#931,.T.);
#931 = EDGE_CURVE('',#924,#932,#934,.T.);
#932 = VERTEX_POINT('',#933);
#933 = CARTESIAN_POINT('',(-1.9,-2.5,3.5));
#934 = LINE('',#935,#936);
#935 = CARTESIAN_POINT('',(1.9,-2.5,3.5));
#936 = VECTOR('',#937,1.);
#937 = DIRECTION('',(-1.,0.,0.));
#938 = ORIENTED_EDGE('',*,*,#939,.T.);
#939 = EDGE_CURVE('',#932,#940,#942,.T.);
#940 = VERTEX_POINT('',#941);
#941 = CARTESIAN_POINT('',(-2.500000000017,-1.899999999983,3.5));
#942 = LINE('',#943,#944);
#943 = CARTESIAN_POINT('',(-1.9,-2.5,3.5));
#944 = VECTOR('',#945,1.);
#945 = DIRECTION('',(-0.707106781187,0.707106781187,0.));
#946 = ORIENTED_EDGE('',*,*,#947,.T.);
#947 = EDGE_CURVE('',#940,#890,#948,.T.);
#948 = LINE('',#949,#950);
#949 = CARTESIAN_POINT('',(-2.500000000017,-1.899999999983,3.5));
#950 = VECTOR('',#951,1.);
#951 = DIRECTION('',(0.,1.,0.));
#952 = PLANE('',#953);
#953 = AXIS2_PLACEMENT_3D('',#954,#955,#956);
#954 = CARTESIAN_POINT('',(-6.287773625685E-17,3.699306816444E-15,3.5));
#955 = DIRECTION('',(0.,0.,1.));
#956 = DIRECTION('',(1.,0.,-0.));
#957 = ADVANCED_FACE('',(#958),#969,.T.);
#958 = FACE_BOUND('',#959,.T.);
#959 = EDGE_LOOP('',(#960,#966,#967,#968));
#960 = ORIENTED_EDGE('',*,*,#961,.T.);
#961 = EDGE_CURVE('',#634,#841,#962,.T.);
#962 = LINE('',#963,#964);
#963 = CARTESIAN_POINT('',(-1.8,-3.,0.));
#964 = VECTOR('',#965,1.);
#965 = DIRECTION('',(0.,0.,1.));
#966 = ORIENTED_EDGE('',*,*,#840,.T.);
#967 = ORIENTED_EDGE('',*,*,#570,.F.);
#968 = ORIENTED_EDGE('',*,*,#633,.F.);
#969 = PLANE('',#970);
#970 = AXIS2_PLACEMENT_3D('',#971,#972,#973);
#971 = CARTESIAN_POINT('',(-1.8,-3.,0.));
#972 = DIRECTION('',(-0.707106781187,-0.707106781187,0.));
#973 = DIRECTION('',(-0.707106781187,0.707106781187,0.));
#974 = ADVANCED_FACE('',(#975),#981,.F.);
#975 = FACE_BOUND('',#976,.F.);
#976 = EDGE_LOOP('',(#977,#978,#979,#980));
#977 = ORIENTED_EDGE('',*,*,#800,.T.);
#978 = ORIENTED_EDGE('',*,*,#782,.T.);
#979 = ORIENTED_EDGE('',*,*,#750,.F.);
#980 = ORIENTED_EDGE('',*,*,#728,.F.);
#981 = PLANE('',#982);
#982 = AXIS2_PLACEMENT_3D('',#983,#984,#985);
#983 = CARTESIAN_POINT('',(-2.,0.7,0.));
#984 = DIRECTION('',(1.,0.,0.));
#985 = DIRECTION('',(0.,-1.,0.));
#986 = ADVANCED_FACE('',(#987),#998,.T.);
#987 = FACE_BOUND('',#988,.T.);
#988 = EDGE_LOOP('',(#989,#990,#991,#997));
#989 = ORIENTED_EDGE('',*,*,#824,.T.);
#990 = ORIENTED_EDGE('',*,*,#880,.T.);
#991 = ORIENTED_EDGE('',*,*,#992,.F.);
#992 = EDGE_CURVE('',#698,#873,#993,.T.);
#993 = LINE('',#994,#995);
#994 = CARTESIAN_POINT('',(1.8,3.,0.));
#995 = VECTOR('',#996,1.);
#996 = DIRECTION('',(0.,0.,1.));
#997 = ORIENTED_EDGE('',*,*,#705,.F.);
#998 = PLANE('',#999);
#999 = AXIS2_PLACEMENT_3D('',#1000,#1001,#1002);
#1000 = CARTESIAN_POINT('',(-1.8,3.,0.));
#1001 = DIRECTION('',(0.,1.,0.));
#1002 = DIRECTION('',(1.,0.,0.));
#1003 = ADVANCED_FACE('',(#1004),#1015,.T.);
#1004 = FACE_BOUND('',#1005,.T.);
#1005 = EDGE_LOOP('',(#1006,#1007,#1008,#1014));
#1006 = ORIENTED_EDGE('',*,*,#992,.T.);
#1007 = ORIENTED_EDGE('',*,*,#872,.T.);
#1008 = ORIENTED_EDGE('',*,*,#1009,.F.);
#1009 = EDGE_CURVE('',#690,#865,#1010,.T.);
#1010 = LINE('',#1011,#1012);
#1011 = CARTESIAN_POINT('',(3.,1.8,0.));
#1012 = VECTOR('',#1013,1.);
#1013 = DIRECTION('',(0.,0.,1.));
#1014 = ORIENTED_EDGE('',*,*,#697,.F.);
#1015 = PLANE('',#1016);
#1016 = AXIS2_PLACEMENT_3D('',#1017,#1018,#1019);
#1017 = CARTESIAN_POINT('',(1.8,3.,0.));
#1018 = DIRECTION('',(0.707106781187,0.707106781187,0.));
#1019 = DIRECTION('',(0.707106781187,-0.707106781187,0.));
#1020 = ADVANCED_FACE('',(#1021),#1055,.T.);
#1021 = FACE_BOUND('',#1022,.T.);
#1022 = EDGE_LOOP('',(#1023,#1024,#1025,#1026,#1032,#1033,#1041,#1049));
#1023 = ORIENTED_EDGE('',*,*,#689,.F.);
#1024 = ORIENTED_EDGE('',*,*,#1009,.T.);
#1025 = ORIENTED_EDGE('',*,*,#864,.T.);
#1026 = ORIENTED_EDGE('',*,*,#1027,.F.);
#1027 = EDGE_CURVE('',#650,#857,#1028,.T.);
#1028 = LINE('',#1029,#1030);
#1029 = CARTESIAN_POINT('',(3.,-1.8,0.));
#1030 = VECTOR('',#1031,1.);
#1031 = DIRECTION('',(0.,0.,1.));
#1032 = ORIENTED_EDGE('',*,*,#657,.F.);
#1033 = ORIENTED_EDGE('',*,*,#1034,.T.);
#1034 = EDGE_CURVE('',#658,#1035,#1037,.T.);
#1035 = VERTEX_POINT('',#1036);
#1036 = CARTESIAN_POINT('',(3.,-0.7,0.2));
#1037 = LINE('',#1038,#1039);
#1038 = CARTESIAN_POINT('',(3.,-0.7,0.));
#1039 = VECTOR('',#1040,1.);
#1040 = DIRECTION('',(0.,0.,1.));
#1041 = ORIENTED_EDGE('',*,*,#1042,.T.);
#1042 = EDGE_CURVE('',#1035,#1043,#1045,.T.);
#1043 = VERTEX_POINT('',#1044);
#1044 = CARTESIAN_POINT('',(3.,0.7,0.2));
#1045 = LINE('',#1046,#1047);
#1046 = CARTESIAN_POINT('',(3.,-0.7,0.2));
#1047 = VECTOR('',#1048,1.);
#1048 = DIRECTION('',(0.,1.,0.));
#1049 = ORIENTED_EDGE('',*,*,#1050,.F.);
#1050 = EDGE_CURVE('',#682,#1043,#1051,.T.);
#1051 = LINE('',#1052,#1053);
#1052 = CARTESIAN_POINT('',(3.,0.7,0.));
#1053 = VECTOR('',#1054,1.);
#1054 = DIRECTION('',(0.,0.,1.));
#1055 = PLANE('',#1056);
#1056 = AXIS2_PLACEMENT_3D('',#1057,#1058,#1059);
#1057 = CARTESIAN_POINT('',(3.,1.8,0.));
#1058 = DIRECTION('',(1.,0.,0.));
#1059 = DIRECTION('',(0.,-1.,0.));
#1060 = ADVANCED_FACE('',(#1061),#1079,.T.);
#1061 = FACE_BOUND('',#1062,.T.);
#1062 = EDGE_LOOP('',(#1063,#1064,#1072,#1078));
#1063 = ORIENTED_EDGE('',*,*,#1050,.T.);
#1064 = ORIENTED_EDGE('',*,*,#1065,.T.);
#1065 = EDGE_CURVE('',#1043,#1066,#1068,.T.);
#1066 = VERTEX_POINT('',#1067);
#1067 = CARTESIAN_POINT('',(2.,0.7,0.2));
#1068 = LINE('',#1069,#1070);
#1069 = CARTESIAN_POINT('',(3.,0.7,0.2));
#1070 = VECTOR('',#1071,1.);
#1071 = DIRECTION('',(-1.,0.,0.));
#1072 = ORIENTED_EDGE('',*,*,#1073,.F.);
#1073 = EDGE_CURVE('',#674,#1066,#1074,.T.);
#1074 = LINE('',#1075,#1076);
#1075 = CARTESIAN_POINT('',(2.,0.7,0.));
#1076 = VECTOR('',#1077,1.);
#1077 = DIRECTION('',(0.,0.,1.));
#1078 = ORIENTED_EDGE('',*,*,#681,.F.);
#1079 = PLANE('',#1080);
#1080 = AXIS2_PLACEMENT_3D('',#1081,#1082,#1083);
#1081 = CARTESIAN_POINT('',(3.,0.7,0.));
#1082 = DIRECTION('',(0.,-1.,0.));
#1083 = DIRECTION('',(-1.,0.,0.));
#1084 = ADVANCED_FACE('',(#1085),#1103,.T.);
#1085 = FACE_BOUND('',#1086,.T.);
#1086 = EDGE_LOOP('',(#1087,#1088,#1096,#1102));
#1087 = ORIENTED_EDGE('',*,*,#1073,.T.);
#1088 = ORIENTED_EDGE('',*,*,#1089,.T.);
#1089 = EDGE_CURVE('',#1066,#1090,#1092,.T.);
#1090 = VERTEX_POINT('',#1091);
#1091 = CARTESIAN_POINT('',(2.,-0.7,0.2));
#1092 = LINE('',#1093,#1094);
#1093 = CARTESIAN_POINT('',(2.,0.7,0.2));
#1094 = VECTOR('',#1095,1.);
#1095 = DIRECTION('',(0.,-1.,0.));
#1096 = ORIENTED_EDGE('',*,*,#1097,.F.);
#1097 = EDGE_CURVE('',#666,#1090,#1098,.T.);
#1098 = LINE('',#1099,#1100);
#1099 = CARTESIAN_POINT('',(2.,-0.7,0.));
#1100 = VECTOR('',#1101,1.);
#1101 = DIRECTION('',(0.,0.,1.));
#1102 = ORIENTED_EDGE('',*,*,#673,.F.);
#1103 = PLANE('',#1104);
#1104 = AXIS2_PLACEMENT_3D('',#1105,#1106,#1107);
#1105 = CARTESIAN_POINT('',(2.,0.7,0.));
#1106 = DIRECTION('',(1.,0.,0.));
#1107 = DIRECTION('',(0.,-1.,0.));
#1108 = ADVANCED_FACE('',(#1109),#1120,.T.);
#1109 = FACE_BOUND('',#1110,.T.);
#1110 = EDGE_LOOP('',(#1111,#1112,#1118,#1119));
#1111 = ORIENTED_EDGE('',*,*,#1097,.T.);
#1112 = ORIENTED_EDGE('',*,*,#1113,.T.);
#1113 = EDGE_CURVE('',#1090,#1035,#1114,.T.);
#1114 = LINE('',#1115,#1116);
#1115 = CARTESIAN_POINT('',(2.,-0.7,0.2));
#1116 = VECTOR('',#1117,1.);
#1117 = DIRECTION('',(1.,0.,0.));
#1118 = ORIENTED_EDGE('',*,*,#1034,.F.);
#1119 = ORIENTED_EDGE('',*,*,#665,.F.);
#1120 = PLANE('',#1121);
#1121 = AXIS2_PLACEMENT_3D('',#1122,#1123,#1124);
#1122 = CARTESIAN_POINT('',(2.,-0.7,0.));
#1123 = DIRECTION('',(0.,1.,0.));
#1124 = DIRECTION('',(1.,0.,0.));
#1125 = ADVANCED_FACE('',(#1126),#1137,.T.);
#1126 = FACE_BOUND('',#1127,.T.);
#1127 = EDGE_LOOP('',(#1128,#1129,#1130,#1136));
#1128 = ORIENTED_EDGE('',*,*,#1027,.T.);
#1129 = ORIENTED_EDGE('',*,*,#856,.T.);
#1130 = ORIENTED_EDGE('',*,*,#1131,.F.);
#1131 = EDGE_CURVE('',#642,#849,#1132,.T.);
#1132 = LINE('',#1133,#1134);
#1133 = CARTESIAN_POINT('',(1.8,-3.,0.));
#1134 = VECTOR('',#1135,1.);
#1135 = DIRECTION('',(0.,0.,1.));
#1136 = ORIENTED_EDGE('',*,*,#649,.F.);
#1137 = PLANE('',#1138);
#1138 = AXIS2_PLACEMENT_3D('',#1139,#1140,#1141);
#1139 = CARTESIAN_POINT('',(3.,-1.8,0.));
#1140 = DIRECTION('',(0.707106781187,-0.707106781187,0.));
#1141 = DIRECTION('',(-0.707106781187,-0.707106781187,0.));
#1142 = ADVANCED_FACE('',(#1143),#1149,.T.);
#1143 = FACE_BOUND('',#1144,.T.);
#1144 = EDGE_LOOP('',(#1145,#1146,#1147,#1148));
#1145 = ORIENTED_EDGE('',*,*,#1131,.T.);
#1146 = ORIENTED_EDGE('',*,*,#848,.T.);
#1147 = ORIENTED_EDGE('',*,*,#961,.F.);
#1148 = ORIENTED_EDGE('',*,*,#641,.F.);
#1149 = PLANE('',#1150);
#1150 = AXIS2_PLACEMENT_3D('',#1151,#1152,#1153);
#1151 = CARTESIAN_POINT('',(1.8,-3.,0.));
#1152 = DIRECTION('',(0.,-1.,0.));
#1153 = DIRECTION('',(-1.,0.,0.));
#1154 = ADVANCED_FACE('',(#1155),#1180,.T.);
#1155 = FACE_BOUND('',#1156,.T.);
#1156 = EDGE_LOOP('',(#1157,#1165,#1173,#1179));
#1157 = ORIENTED_EDGE('',*,*,#1158,.T.);
#1158 = EDGE_CURVE('',#890,#1159,#1161,.T.);
#1159 = VERTEX_POINT('',#1160);
#1160 = CARTESIAN_POINT('',(-2.500000000017,1.900000000017,4.5));
#1161 = LINE('',#1162,#1163);
#1162 = CARTESIAN_POINT('',(-2.500000000017,1.900000000017,3.5));
#1163 = VECTOR('',#1164,1.);
#1164 = DIRECTION('',(0.,0.,1.));
#1165 = ORIENTED_EDGE('',*,*,#1166,.T.);
#1166 = EDGE_CURVE('',#1159,#1167,#1169,.T.);
#1167 = VERTEX_POINT('',#1168);
#1168 = CARTESIAN_POINT('',(-1.9,2.5,4.5));
#1169 = LINE('',#1170,#1171);
#1170 = CARTESIAN_POINT('',(-2.500000000017,1.900000000017,4.5));
#1171 = VECTOR('',#1172,1.);
#1172 = DIRECTION('',(0.707106781206,0.707106781167,0.));
#1173 = ORIENTED_EDGE('',*,*,#1174,.F.);
#1174 = EDGE_CURVE('',#892,#1167,#1175,.T.);
#1175 = LINE('',#1176,#1177);
#1176 = CARTESIAN_POINT('',(-1.9,2.5,3.5));
#1177 = VECTOR('',#1178,1.);
#1178 = DIRECTION('',(0.,0.,1.));
#1179 = ORIENTED_EDGE('',*,*,#889,.F.);
#1180 = PLANE('',#1181);
#1181 = AXIS2_PLACEMENT_3D('',#1182,#1183,#1184);
#1182 = CARTESIAN_POINT('',(-2.500000000017,1.900000000017,3.5));
#1183 = DIRECTION('',(-0.707106781167,0.707106781206,0.));
#1184 = DIRECTION('',(0.707106781206,0.707106781167,0.));
#1185 = ADVANCED_FACE('',(#1186),#1204,.T.);
#1186 = FACE_BOUND('',#1187,.T.);
#1187 = EDGE_LOOP('',(#1188,#1196,#1202,#1203));
#1188 = ORIENTED_EDGE('',*,*,#1189,.T.);
#1189 = EDGE_CURVE('',#940,#1190,#1192,.T.);
#1190 = VERTEX_POINT('',#1191);
#1191 = CARTESIAN_POINT('',(-2.500000000017,-1.899999999983,4.5));
#1192 = LINE('',#1193,#1194);
#1193 = CARTESIAN_POINT('',(-2.500000000017,-1.899999999983,3.5));
#1194 = VECTOR('',#1195,1.);
#1195 = DIRECTION('',(0.,0.,1.));
#1196 = ORIENTED_EDGE('',*,*,#1197,.T.);
#1197 = EDGE_CURVE('',#1190,#1159,#1198,.T.);
#1198 = LINE('',#1199,#1200);
#1199 = CARTESIAN_POINT('',(-2.500000000017,-1.899999999983,4.5));
#1200 = VECTOR('',#1201,1.);
#1201 = DIRECTION('',(0.,1.,0.));
#1202 = ORIENTED_EDGE('',*,*,#1158,.F.);
#1203 = ORIENTED_EDGE('',*,*,#947,.F.);
#1204 = PLANE('',#1205);
#1205 = AXIS2_PLACEMENT_3D('',#1206,#1207,#1208);
#1206 = CARTESIAN_POINT('',(-2.500000000017,-1.899999999983,3.5));
#1207 = DIRECTION('',(-1.,0.,0.));
#1208 = DIRECTION('',(0.,1.,0.));
#1209 = ADVANCED_FACE('',(#1210),#1228,.T.);
#1210 = FACE_BOUND('',#1211,.T.);
#1211 = EDGE_LOOP('',(#1212,#1220,#1226,#1227));
#1212 = ORIENTED_EDGE('',*,*,#1213,.T.);
#1213 = EDGE_CURVE('',#932,#1214,#1216,.T.);
#1214 = VERTEX_POINT('',#1215);
#1215 = CARTESIAN_POINT('',(-1.9,-2.5,4.5));
#1216 = LINE('',#1217,#1218);
#1217 = CARTESIAN_POINT('',(-1.9,-2.5,3.5));
#1218 = VECTOR('',#1219,1.);
#1219 = DIRECTION('',(0.,0.,1.));
#1220 = ORIENTED_EDGE('',*,*,#1221,.T.);
#1221 = EDGE_CURVE('',#1214,#1190,#1222,.T.);
#1222 = LINE('',#1223,#1224);
#1223 = CARTESIAN_POINT('',(-1.9,-2.5,4.5));
#1224 = VECTOR('',#1225,1.);
#1225 = DIRECTION('',(-0.707106781187,0.707106781187,0.));
#1226 = ORIENTED_EDGE('',*,*,#1189,.F.);
#1227 = ORIENTED_EDGE('',*,*,#939,.F.);
#1228 = PLANE('',#1229);
#1229 = AXIS2_PLACEMENT_3D('',#1230,#1231,#1232);
#1230 = CARTESIAN_POINT('',(-1.9,-2.5,3.5));
#1231 = DIRECTION('',(-0.707106781187,-0.707106781187,0.));
#1232 = DIRECTION('',(-0.707106781187,0.707106781187,0.));
#1233 = ADVANCED_FACE('',(#1234),#1252,.T.);
#1234 = FACE_BOUND('',#1235,.T.);
#1235 = EDGE_LOOP('',(#1236,#1244,#1250,#1251));
#1236 = ORIENTED_EDGE('',*,*,#1237,.T.);
#1237 = EDGE_CURVE('',#924,#1238,#1240,.T.);
#1238 = VERTEX_POINT('',#1239);
#1239 = CARTESIAN_POINT('',(1.9,-2.5,4.5));
#1240 = LINE('',#1241,#1242);
#1241 = CARTESIAN_POINT('',(1.9,-2.5,3.5));
#1242 = VECTOR('',#1243,1.);
#1243 = DIRECTION('',(0.,0.,1.));
#1244 = ORIENTED_EDGE('',*,*,#1245,.T.);
#1245 = EDGE_CURVE('',#1238,#1214,#1246,.T.);
#1246 = LINE('',#1247,#1248);
#1247 = CARTESIAN_POINT('',(1.9,-2.5,4.5));
#1248 = VECTOR('',#1249,1.);
#1249 = DIRECTION('',(-1.,0.,0.));
#1250 = ORIENTED_EDGE('',*,*,#1213,.F.);
#1251 = ORIENTED_EDGE('',*,*,#931,.F.);
#1252 = PLANE('',#1253);
#1253 = AXIS2_PLACEMENT_3D('',#1254,#1255,#1256);
#1254 = CARTESIAN_POINT('',(1.9,-2.5,3.5));
#1255 = DIRECTION('',(0.,-1.,0.));
#1256 = DIRECTION('',(-1.,0.,0.));
#1257 = ADVANCED_FACE('',(#1258),#1276,.T.);
#1258 = FACE_BOUND('',#1259,.T.);
#1259 = EDGE_LOOP('',(#1260,#1268,#1274,#1275));
#1260 = ORIENTED_EDGE('',*,*,#1261,.T.);
#1261 = EDGE_CURVE('',#916,#1262,#1264,.T.);
#1262 = VERTEX_POINT('',#1263);
#1263 = CARTESIAN_POINT('',(2.500000000017,-1.899999999983,4.5));
#1264 = LINE('',#1265,#1266);
#1265 = CARTESIAN_POINT('',(2.500000000017,-1.899999999983,3.5));
#1266 = VECTOR('',#1267,1.);
#1267 = DIRECTION('',(0.,0.,1.));
#1268 = ORIENTED_EDGE('',*,*,#1269,.T.);
#1269 = EDGE_CURVE('',#1262,#1238,#1270,.T.);
#1270 = LINE('',#1271,#1272);
#1271 = CARTESIAN_POINT('',(2.500000000017,-1.899999999983,4.5));
#1272 = VECTOR('',#1273,1.);
#1273 = DIRECTION('',(-0.707106781187,-0.707106781187,0.));
#1274 = ORIENTED_EDGE('',*,*,#1237,.F.);
#1275 = ORIENTED_EDGE('',*,*,#923,.F.);
#1276 = PLANE('',#1277);
#1277 = AXIS2_PLACEMENT_3D('',#1278,#1279,#1280);
#1278 = CARTESIAN_POINT('',(2.500000000017,-1.899999999983,3.5));
#1279 = DIRECTION('',(0.707106781187,-0.707106781187,0.));
#1280 = DIRECTION('',(-0.707106781187,-0.707106781187,0.));
#1281 = ADVANCED_FACE('',(#1282),#1300,.T.);
#1282 = FACE_BOUND('',#1283,.T.);
#1283 = EDGE_LOOP('',(#1284,#1292,#1298,#1299));
#1284 = ORIENTED_EDGE('',*,*,#1285,.T.);
#1285 = EDGE_CURVE('',#908,#1286,#1288,.T.);
#1286 = VERTEX_POINT('',#1287);
#1287 = CARTESIAN_POINT('',(2.500000000017,1.900000000017,4.5));
#1288 = LINE('',#1289,#1290);
#1289 = CARTESIAN_POINT('',(2.500000000017,1.900000000017,3.5));
#1290 = VECTOR('',#1291,1.);
#1291 = DIRECTION('',(0.,0.,1.));
#1292 = ORIENTED_EDGE('',*,*,#1293,.T.);
#1293 = EDGE_CURVE('',#1286,#1262,#1294,.T.);
#1294 = LINE('',#1295,#1296);
#1295 = CARTESIAN_POINT('',(2.500000000017,1.900000000017,4.5));
#1296 = VECTOR('',#1297,1.);
#1297 = DIRECTION('',(0.,-1.,0.));
#1298 = ORIENTED_EDGE('',*,*,#1261,.F.);
#1299 = ORIENTED_EDGE('',*,*,#915,.F.);
#1300 = PLANE('',#1301);
#1301 = AXIS2_PLACEMENT_3D('',#1302,#1303,#1304);
#1302 = CARTESIAN_POINT('',(2.500000000017,1.900000000017,3.5));
#1303 = DIRECTION('',(1.,0.,0.));
#1304 = DIRECTION('',(0.,-1.,0.));
#1305 = ADVANCED_FACE('',(#1306),#1324,.T.);
#1306 = FACE_BOUND('',#1307,.T.);
#1307 = EDGE_LOOP('',(#1308,#1316,#1322,#1323));
#1308 = ORIENTED_EDGE('',*,*,#1309,.T.);
#1309 = EDGE_CURVE('',#900,#1310,#1312,.T.);
#1310 = VERTEX_POINT('',#1311);
#1311 = CARTESIAN_POINT('',(1.9,2.5,4.5));
#1312 = LINE('',#1313,#1314);
#1313 = CARTESIAN_POINT('',(1.9,2.5,3.5));
#1314 = VECTOR('',#1315,1.);
#1315 = DIRECTION('',(0.,0.,1.));
#1316 = ORIENTED_EDGE('',*,*,#1317,.T.);
#1317 = EDGE_CURVE('',#1310,#1286,#1318,.T.);
#1318 = LINE('',#1319,#1320);
#1319 = CARTESIAN_POINT('',(1.9,2.5,4.5));
#1320 = VECTOR('',#1321,1.);
#1321 = DIRECTION('',(0.707106781206,-0.707106781167,0.));
#1322 = ORIENTED_EDGE('',*,*,#1285,.F.);
#1323 = ORIENTED_EDGE('',*,*,#907,.F.);
#1324 = PLANE('',#1325);
#1325 = AXIS2_PLACEMENT_3D('',#1326,#1327,#1328);
#1326 = CARTESIAN_POINT('',(1.9,2.5,3.5));
#1327 = DIRECTION('',(0.707106781167,0.707106781206,0.));
#1328 = DIRECTION('',(0.707106781206,-0.707106781167,0.));
#1329 = ADVANCED_FACE('',(#1330),#1341,.T.);
#1330 = FACE_BOUND('',#1331,.T.);
#1331 = EDGE_LOOP('',(#1332,#1333,#1339,#1340));
#1332 = ORIENTED_EDGE('',*,*,#1174,.T.);
#1333 = ORIENTED_EDGE('',*,*,#1334,.T.);
#1334 = EDGE_CURVE('',#1167,#1310,#1335,.T.);
#1335 = LINE('',#1336,#1337);
#1336 = CARTESIAN_POINT('',(-1.9,2.5,4.5));
#1337 = VECTOR('',#1338,1.);
#1338 = DIRECTION('',(1.,0.,0.));
#1339 = ORIENTED_EDGE('',*,*,#1309,.F.);
#1340 = ORIENTED_EDGE('',*,*,#899,.F.);
#1341 = PLANE('',#1342);
#1342 = AXIS2_PLACEMENT_3D('',#1343,#1344,#1345);
#1343 = CARTESIAN_POINT('',(-1.9,2.5,3.5));
#1344 = DIRECTION('',(0.,1.,0.));
#1345 = DIRECTION('',(1.,0.,0.));
#1346 = ADVANCED_FACE('',(#1347),#1353,.F.);
#1347 = FACE_BOUND('',#1348,.F.);
#1348 = EDGE_LOOP('',(#1349,#1350,#1351,#1352));
#1349 = ORIENTED_EDGE('',*,*,#1065,.T.);
#1350 = ORIENTED_EDGE('',*,*,#1089,.T.);
#1351 = ORIENTED_EDGE('',*,*,#1113,.T.);
#1352 = ORIENTED_EDGE('',*,*,#1042,.T.);
#1353 = PLANE('',#1354);
#1354 = AXIS2_PLACEMENT_3D('',#1355,#1356,#1357);
#1355 = CARTESIAN_POINT('',(1.850371707709E-16,0.,0.2));
#1356 = DIRECTION('',(0.,0.,1.));
#1357 = DIRECTION('',(1.,0.,-0.));
#1358 = ADVANCED_FACE('',(#1359,#1369),#1380,.T.);
#1359 = FACE_BOUND('',#1360,.T.);
#1360 = EDGE_LOOP('',(#1361,#1362,#1363,#1364,#1365,#1366,#1367,#1368));
#1361 = ORIENTED_EDGE('',*,*,#1334,.F.);
#1362 = ORIENTED_EDGE('',*,*,#1166,.F.);
#1363 = ORIENTED_EDGE('',*,*,#1197,.F.);
#1364 = ORIENTED_EDGE('',*,*,#1221,.F.);
#1365 = ORIENTED_EDGE('',*,*,#1245,.F.);
#1366 = ORIENTED_EDGE('',*,*,#1269,.F.);
#1367 = ORIENTED_EDGE('',*,*,#1293,.F.);
#1368 = ORIENTED_EDGE('',*,*,#1317,.F.);
#1369 = FACE_BOUND('',#1370,.T.);
#1370 = EDGE_LOOP('',(#1371));
#1371 = ORIENTED_EDGE('',*,*,#1372,.F.);
#1372 = EDGE_CURVE('',#1373,#1373,#1375,.T.);
#1373 = VERTEX_POINT('',#1374);
#1374 = CARTESIAN_POINT('',(2.25,0.,4.5));
#1375 = CIRCLE('',#1376,2.25);
#1376 = AXIS2_PLACEMENT_3D('',#1377,#1378,#1379);
#1377 = CARTESIAN_POINT('',(0.,0.,4.5));
#1378 = DIRECTION('',(0.,0.,1.));
#1379 = DIRECTION('',(1.,0.,-0.));
#1380 = PLANE('',#1381);
#1381 = AXIS2_PLACEMENT_3D('',#1382,#1383,#1384);
#1382 = CARTESIAN_POINT('',(1.015041259331E-16,2.775767652751E-12,4.5));
#1383 = DIRECTION('',(4.087630853375E-33,-8.175261706819E-33,1.));
#1384 = DIRECTION('',(0.,1.,8.175261706819E-33));
#1385 = ADVANCED_FACE('',(#1386),#1405,.T.);
#1386 = FACE_BOUND('',#1387,.T.);
#1387 = EDGE_LOOP('',(#1388,#1389,#1397,#1404));
#1388 = ORIENTED_EDGE('',*,*,#1372,.T.);
#1389 = ORIENTED_EDGE('',*,*,#1390,.T.);
#1390 = EDGE_CURVE('',#1373,#1391,#1393,.T.);
#1391 = VERTEX_POINT('',#1392);
#1392 = CARTESIAN_POINT('',(2.25,0.,5.));
#1393 = LINE('',#1394,#1395);
#1394 = CARTESIAN_POINT('',(2.25,0.,4.5));
#1395 = VECTOR('',#1396,1.);
#1396 = DIRECTION('',(0.,0.,1.));
#1397 = ORIENTED_EDGE('',*,*,#1398,.F.);
#1398 = EDGE_CURVE('',#1391,#1391,#1399,.T.);
#1399 = CIRCLE('',#1400,2.25);
#1400 = AXIS2_PLACEMENT_3D('',#1401,#1402,#1403);
#1401 = CARTESIAN_POINT('',(0.,0.,5.));
#1402 = DIRECTION('',(0.,0.,1.));
#1403 = DIRECTION('',(1.,0.,-0.));
#1404 = ORIENTED_EDGE('',*,*,#1390,.F.);
#1405 = CYLINDRICAL_SURFACE('',#1406,2.25);
#1406 = AXIS2_PLACEMENT_3D('',#1407,#1408,#1409);
#1407 = CARTESIAN_POINT('',(0.,0.,4.5));
#1408 = DIRECTION('',(-0.,-0.,-1.));
#1409 = DIRECTION('',(1.,0.,0.));
#1410 = ADVANCED_FACE('',(#1411),#1414,.T.);
#1411 = FACE_BOUND('',#1412,.T.);
#1412 = EDGE_LOOP('',(#1413));
#1413 = ORIENTED_EDGE('',*,*,#1398,.T.);
#1414 = PLANE('',#1415);
#1415 = AXIS2_PLACEMENT_3D('',#1416,#1417,#1418);
#1416 = CARTESIAN_POINT('',(-7.596889625219E-17,6.008928256833E-17,5.));
#1417 = DIRECTION('',(0.,0.,1.));
#1418 = DIRECTION('',(1.,0.,-0.));
#1419 = ( GEOMETRIC_REPRESENTATION_CONTEXT(3) 
GLOBAL_UNCERTAINTY_ASSIGNED_CONTEXT((#1423)) 
GLOBAL_UNIT_ASSIGNED_CONTEXT((#1420,#1421,#1422)) REPRESENTATION_CONTEXT
('Context #1','3D Context with UNIT and UNCERTAINTY') );
#1420 = ( LENGTH_UNIT() NAMED_UNIT(*) SI_UNIT(.MILLI.,.METRE.) );
#1421 = ( NAMED_UNIT(*) PLANE_ANGLE_UNIT() SI_UNIT($,.RADIAN.) );
#1422 = ( NAMED_UNIT(*) SI_UNIT($,.STERADIAN.) SOLID_ANGLE_UNIT() );
#1423 = UNCERTAINTY_MEASURE_WITH_UNIT(LENGTH_MEASURE(1.E-07),#1420,
  'distance_accuracy_value','confusion accuracy');
#1424 = CONTEXT_DEPENDENT_SHAPE_REPRESENTATION(#1425,#1427);
#1425 = ( REPRESENTATION_RELATIONSHIP('','',#553,#52) 
REPRESENTATION_RELATIONSHIP_WITH_TRANSFORMATION(#1426) 
SHAPE_REPRESENTATION_RELATIONSHIP() );
#1426 = ITEM_DEFINED_TRANSFORMATION('','',#11,#61);
#1427 = PRODUCT_DEFINITION_SHAPE('Placement','Placement of an item',
  #1428);
#1428 = NEXT_ASSEMBLY_USAGE_OCCURRENCE('3','Body','',#47,#548,$);
#1429 = PRODUCT_RELATED_PRODUCT_CATEGORY('part',$,(#550));
#1430 = SHAPE_DEFINITION_REPRESENTATION(#1431,#1437);
#1431 = PRODUCT_DEFINITION_SHAPE('','',#1432);
#1432 = PRODUCT_DEFINITION('design','',#1433,#1436);
#1433 = PRODUCT_DEFINITION_FORMATION('','',#1434);
#1434 = PRODUCT('LED_0805_2012Metric','LED_0805_2012Metric','',(#1435));
#1435 = PRODUCT_CONTEXT('',#2,'mechanical');
#1436 = PRODUCT_DEFINITION_CONTEXT('part definition',#2,'design');
#1437 = ADVANCED_BREP_SHAPE_REPRESENTATION('',(#11,#1438),#2961);
#1438 = MANIFOLD_SOLID_BREP('',#1439);
#1439 = CLOSED_SHELL('',(#1440,#1480,#1527,#1606,#1630,#1670,#1701,#1718
    ,#1751,#1775,#1842,#1963,#2030,#2054,#2085,#2118,#2174,#2198,#2222,
    #2246,#2279,#2291,#2354,#2379,#2396,#2420,#2438,#2456,#2474,#2491,
    #2508,#2539,#2564,#2589,#2613,#2630,#2661,#2685,#2702,#2730,#2755,
    #2779,#2804,#2851,#2868,#2880,#2902,#2914,#2932,#2950));
#1440 = ADVANCED_FACE('',(#1441),#1475,.F.);
#1441 = FACE_BOUND('',#1442,.F.);
#1442 = EDGE_LOOP('',(#1443,#1453,#1461,#1469));
#1443 = ORIENTED_EDGE('',*,*,#1444,.T.);
#1444 = EDGE_CURVE('',#1445,#1447,#1449,.T.);
#1445 = VERTEX_POINT('',#1446);
#1446 = CARTESIAN_POINT('',(-0.65,-0.625,0.465));
#1447 = VERTEX_POINT('',#1448);
#1448 = CARTESIAN_POINT('',(-0.585,-0.625,1.1));
#1449 = LINE('',#1450,#1451);
#1450 = CARTESIAN_POINT('',(-0.65,-0.625,0.465));
#1451 = VECTOR('',#1452,1.);
#1452 = DIRECTION('',(0.101830105936,0.,0.994801804142));
#1453 = ORIENTED_EDGE('',*,*,#1454,.T.);
#1454 = EDGE_CURVE('',#1447,#1455,#1457,.T.);
#1455 = VERTEX_POINT('',#1456);
#1456 = CARTESIAN_POINT('',(0.585,-0.625,1.1));
#1457 = LINE('',#1458,#1459);
#1458 = CARTESIAN_POINT('',(-0.585,-0.625,1.1));
#1459 = VECTOR('',#1460,1.);
#1460 = DIRECTION('',(1.,0.,0.));
#1461 = ORIENTED_EDGE('',*,*,#1462,.T.);
#1462 = EDGE_CURVE('',#1455,#1463,#1465,.T.);
#1463 = VERTEX_POINT('',#1464);
#1464 = CARTESIAN_POINT('',(0.65,-0.625,0.465));
#1465 = LINE('',#1466,#1467);
#1466 = CARTESIAN_POINT('',(0.585,-0.625,1.1));
#1467 = VECTOR('',#1468,1.);
#1468 = DIRECTION('',(0.101830105936,0.,-0.994801804142));
#1469 = ORIENTED_EDGE('',*,*,#1470,.T.);
#1470 = EDGE_CURVE('',#1463,#1445,#1471,.T.);
#1471 = LINE('',#1472,#1473);
#1472 = CARTESIAN_POINT('',(0.65,-0.625,0.465));
#1473 = VECTOR('',#1474,1.);
#1474 = DIRECTION('',(-1.,0.,-4.270088556251E-17));
#1475 = PLANE('',#1476);
#1476 = AXIS2_PLACEMENT_3D('',#1477,#1478,#1479);
#1477 = CARTESIAN_POINT('',(1.481626402817E-17,-0.625,0.771483451357));
#1478 = DIRECTION('',(-5.57234551408E-33,1.,3.18580557984E-32));
#1479 = DIRECTION('',(0.,-3.18580557984E-32,1.));
#1480 = ADVANCED_FACE('',(#1481),#1522,.T.);
#1481 = FACE_BOUND('',#1482,.T.);
#1482 = EDGE_LOOP('',(#1483,#1493,#1501,#1507,#1508,#1516));
#1483 = ORIENTED_EDGE('',*,*,#1484,.T.);
#1484 = EDGE_CURVE('',#1485,#1487,#1489,.T.);
#1485 = VERTEX_POINT('',#1486);
#1486 = CARTESIAN_POINT('',(-0.65,0.625,0.465));
#1487 = VERTEX_POINT('',#1488);
#1488 = CARTESIAN_POINT('',(-0.65,0.46875,0.465));
#1489 = LINE('',#1490,#1491);
#1490 = CARTESIAN_POINT('',(-0.65,0.625,0.465));
#1491 = VECTOR('',#1492,1.);
#1492 = DIRECTION('',(0.,-1.,0.));
#1493 = ORIENTED_EDGE('',*,*,#1494,.F.);
#1494 = EDGE_CURVE('',#1495,#1487,#1497,.T.);
#1495 = VERTEX_POINT('',#1496);
#1496 = CARTESIAN_POINT('',(-0.65,-0.46875,0.465));
#1497 = LINE('',#1498,#1499);
#1498 = CARTESIAN_POINT('',(-0.65,-0.625,0.465));
#1499 = VECTOR('',#1500,1.);
#1500 = DIRECTION('',(0.,1.,0.));
#1501 = ORIENTED_EDGE('',*,*,#1502,.T.);
#1502 = EDGE_CURVE('',#1495,#1445,#1503,.T.);
#1503 = LINE('',#1504,#1505);
#1504 = CARTESIAN_POINT('',(-0.65,0.625,0.465));
#1505 = VECTOR('',#1506,1.);
#1506 = DIRECTION('',(0.,-1.,0.));
#1507 = ORIENTED_EDGE('',*,*,#1444,.T.);
#1508 = ORIENTED_EDGE('',*,*,#1509,.F.);
#1509 = EDGE_CURVE('',#1510,#1447,#1512,.T.);
#1510 = VERTEX_POINT('',#1511);
#1511 = CARTESIAN_POINT('',(-0.585,0.625,1.1));
#1512 = LINE('',#1513,#1514);
#1513 = CARTESIAN_POINT('',(-0.585,0.625,1.1));
#1514 = VECTOR('',#1515,1.);
#1515 = DIRECTION('',(0.,-1.,0.));
#1516 = ORIENTED_EDGE('',*,*,#1517,.F.);
#1517 = EDGE_CURVE('',#1485,#1510,#1518,.T.);
#1518 = LINE('',#1519,#1520);
#1519 = CARTESIAN_POINT('',(-0.65,0.625,0.465));
#1520 = VECTOR('',#1521,1.);
#1521 = DIRECTION('',(0.101830105936,0.,0.994801804142));
#1522 = PLANE('',#1523);
#1523 = AXIS2_PLACEMENT_3D('',#1524,#1525,#1526);
#1524 = CARTESIAN_POINT('',(-0.65,0.625,0.465));
#1525 = DIRECTION('',(-0.994801804142,0.,0.101830105936));
#1526 = DIRECTION('',(0.101830105936,0.,0.994801804142));
#1527 = ADVANCED_FACE('',(#1528),#1601,.F.);
#1528 = FACE_BOUND('',#1529,.F.);
#1529 = EDGE_LOOP('',(#1530,#1540,#1548,#1556,#1562,#1563,#1571,#1579,
    #1587,#1595));
#1530 = ORIENTED_EDGE('',*,*,#1531,.F.);
#1531 = EDGE_CURVE('',#1532,#1534,#1536,.T.);
#1532 = VERTEX_POINT('',#1533);
#1533 = CARTESIAN_POINT('',(-0.965,-0.625,3.5E-02));
#1534 = VERTEX_POINT('',#1535);
#1535 = CARTESIAN_POINT('',(-0.9125,-0.625,3.5E-02));
#1536 = LINE('',#1537,#1538);
#1537 = CARTESIAN_POINT('',(-0.965,-0.625,3.5E-02));
#1538 = VECTOR('',#1539,1.);
#1539 = DIRECTION('',(1.,0.,0.));
#1540 = ORIENTED_EDGE('',*,*,#1541,.T.);
#1541 = EDGE_CURVE('',#1532,#1542,#1544,.T.);
#1542 = VERTEX_POINT('',#1543);
#1543 = CARTESIAN_POINT('',(-0.965,-0.625,0.465));
#1544 = LINE('',#1545,#1546);
#1545 = CARTESIAN_POINT('',(-0.965,-0.625,3.5E-02));
#1546 = VECTOR('',#1547,1.);
#1547 = DIRECTION('',(0.,0.,1.));
#1548 = ORIENTED_EDGE('',*,*,#1549,.T.);
#1549 = EDGE_CURVE('',#1542,#1550,#1552,.T.);
#1550 = VERTEX_POINT('',#1551);
#1551 = CARTESIAN_POINT('',(-0.9125,-0.625,0.465));
#1552 = LINE('',#1553,#1554);
#1553 = CARTESIAN_POINT('',(-0.965,-0.625,0.465));
#1554 = VECTOR('',#1555,1.);
#1555 = DIRECTION('',(1.,0.,0.));
#1556 = ORIENTED_EDGE('',*,*,#1557,.T.);
#1557 = EDGE_CURVE('',#1550,#1445,#1558,.T.);
#1558 = LINE('',#1559,#1560);
#1559 = CARTESIAN_POINT('',(-0.965,-0.625,0.465));
#1560 = VECTOR('',#1561,1.);
#1561 = DIRECTION('',(1.,0.,0.));
#1562 = ORIENTED_EDGE('',*,*,#1470,.F.);
#1563 = ORIENTED_EDGE('',*,*,#1564,.T.);
#1564 = EDGE_CURVE('',#1463,#1565,#1567,.T.);
#1565 = VERTEX_POINT('',#1566);
#1566 = CARTESIAN_POINT('',(0.9125,-0.625,0.465));
#1567 = LINE('',#1568,#1569);
#1568 = CARTESIAN_POINT('',(-0.965,-0.625,0.465));
#1569 = VECTOR('',#1570,1.);
#1570 = DIRECTION('',(1.,0.,0.));
#1571 = ORIENTED_EDGE('',*,*,#1572,.T.);
#1572 = EDGE_CURVE('',#1565,#1573,#1575,.T.);
#1573 = VERTEX_POINT('',#1574);
#1574 = CARTESIAN_POINT('',(0.965,-0.625,0.465));
#1575 = LINE('',#1576,#1577);
#1576 = CARTESIAN_POINT('',(-0.965,-0.625,0.465));
#1577 = VECTOR('',#1578,1.);
#1578 = DIRECTION('',(1.,0.,0.));
#1579 = ORIENTED_EDGE('',*,*,#1580,.F.);
#1580 = EDGE_CURVE('',#1581,#1573,#1583,.T.);
#1581 = VERTEX_POINT('',#1582);
#1582 = CARTESIAN_POINT('',(0.965,-0.625,3.5E-02));
#1583 = LINE('',#1584,#1585);
#1584 = CARTESIAN_POINT('',(0.965,-0.625,3.5E-02));
#1585 = VECTOR('',#1586,1.);
#1586 = DIRECTION('',(0.,0.,1.));
#1587 = ORIENTED_EDGE('',*,*,#1588,.F.);
#1588 = EDGE_CURVE('',#1589,#1581,#1591,.T.);
#1589 = VERTEX_POINT('',#1590);
#1590 = CARTESIAN_POINT('',(0.9125,-0.625,3.5E-02));
#1591 = LINE('',#1592,#1593);
#1592 = CARTESIAN_POINT('',(-0.965,-0.625,3.5E-02));
#1593 = VECTOR('',#1594,1.);
#1594 = DIRECTION('',(1.,0.,0.));
#1595 = ORIENTED_EDGE('',*,*,#1596,.F.);
#1596 = EDGE_CURVE('',#1534,#1589,#1597,.T.);
#1597 = LINE('',#1598,#1599);
#1598 = CARTESIAN_POINT('',(-0.965,-0.625,3.5E-02));
#1599 = VECTOR('',#1600,1.);
#1600 = DIRECTION('',(1.,0.,0.));
#1601 = PLANE('',#1602);
#1602 = AXIS2_PLACEMENT_3D('',#1603,#1604,#1605);
#1603 = CARTESIAN_POINT('',(-0.965,-0.625,3.5E-02));
#1604 = DIRECTION('',(0.,1.,0.));
#1605 = DIRECTION('',(0.,-0.,1.));
#1606 = ADVANCED_FACE('',(#1607),#1625,.T.);
#1607 = FACE_BOUND('',#1608,.T.);
#1608 = EDGE_LOOP('',(#1609,#1610,#1611,#1619));
#1609 = ORIENTED_EDGE('',*,*,#1509,.T.);
#1610 = ORIENTED_EDGE('',*,*,#1454,.T.);
#1611 = ORIENTED_EDGE('',*,*,#1612,.F.);
#1612 = EDGE_CURVE('',#1613,#1455,#1615,.T.);
#1613 = VERTEX_POINT('',#1614);
#1614 = CARTESIAN_POINT('',(0.585,0.625,1.1));
#1615 = LINE('',#1616,#1617);
#1616 = CARTESIAN_POINT('',(0.585,0.625,1.1));
#1617 = VECTOR('',#1618,1.);
#1618 = DIRECTION('',(0.,-1.,0.));
#1619 = ORIENTED_EDGE('',*,*,#1620,.F.);
#1620 = EDGE_CURVE('',#1510,#1613,#1621,.T.);
#1621 = LINE('',#1622,#1623);
#1622 = CARTESIAN_POINT('',(-0.585,0.625,1.1));
#1623 = VECTOR('',#1624,1.);
#1624 = DIRECTION('',(1.,0.,0.));
#1625 = PLANE('',#1626);
#1626 = AXIS2_PLACEMENT_3D('',#1627,#1628,#1629);
#1627 = CARTESIAN_POINT('',(-0.585,0.625,1.1));
#1628 = DIRECTION('',(0.,0.,1.));
#1629 = DIRECTION('',(1.,0.,-0.));
#1630 = ADVANCED_FACE('',(#1631),#1665,.T.);
#1631 = FACE_BOUND('',#1632,.T.);
#1632 = EDGE_LOOP('',(#1633,#1634,#1635,#1643,#1651,#1659));
#1633 = ORIENTED_EDGE('',*,*,#1612,.T.);
#1634 = ORIENTED_EDGE('',*,*,#1462,.T.);
#1635 = ORIENTED_EDGE('',*,*,#1636,.F.);
#1636 = EDGE_CURVE('',#1637,#1463,#1639,.T.);
#1637 = VERTEX_POINT('',#1638);
#1638 = CARTESIAN_POINT('',(0.65,-0.46875,0.465));
#1639 = LINE('',#1640,#1641);
#1640 = CARTESIAN_POINT('',(0.65,0.625,0.465));
#1641 = VECTOR('',#1642,1.);
#1642 = DIRECTION('',(0.,-1.,0.));
#1643 = ORIENTED_EDGE('',*,*,#1644,.F.);
#1644 = EDGE_CURVE('',#1645,#1637,#1647,.T.);
#1645 = VERTEX_POINT('',#1646);
#1646 = CARTESIAN_POINT('',(0.65,0.46875,0.465));
#1647 = LINE('',#1648,#1649);
#1648 = CARTESIAN_POINT('',(0.65,0.625,0.465));
#1649 = VECTOR('',#1650,1.);
#1650 = DIRECTION('',(0.,-1.,0.));
#1651 = ORIENTED_EDGE('',*,*,#1652,.F.);
#1652 = EDGE_CURVE('',#1653,#1645,#1655,.T.);
#1653 = VERTEX_POINT('',#1654);
#1654 = CARTESIAN_POINT('',(0.65,0.625,0.465));
#1655 = LINE('',#1656,#1657);
#1656 = CARTESIAN_POINT('',(0.65,0.625,0.465));
#1657 = VECTOR('',#1658,1.);
#1658 = DIRECTION('',(0.,-1.,0.));
#1659 = ORIENTED_EDGE('',*,*,#1660,.F.);
#1660 = EDGE_CURVE('',#1613,#1653,#1661,.T.);
#1661 = LINE('',#1662,#1663);
#1662 = CARTESIAN_POINT('',(0.585,0.625,1.1));
#1663 = VECTOR('',#1664,1.);
#1664 = DIRECTION('',(0.101830105936,0.,-0.994801804142));
#1665 = PLANE('',#1666);
#1666 = AXIS2_PLACEMENT_3D('',#1667,#1668,#1669);
#1667 = CARTESIAN_POINT('',(0.585,0.625,1.1));
#1668 = DIRECTION('',(0.994801804142,0.,0.101830105936));
#1669 = DIRECTION('',(0.101830105936,0.,-0.994801804142));
#1670 = ADVANCED_FACE('',(#1671),#1696,.T.);
#1671 = FACE_BOUND('',#1672,.T.);
#1672 = EDGE_LOOP('',(#1673,#1681,#1689,#1695));
#1673 = ORIENTED_EDGE('',*,*,#1674,.F.);
#1674 = EDGE_CURVE('',#1675,#1485,#1677,.T.);
#1675 = VERTEX_POINT('',#1676);
#1676 = CARTESIAN_POINT('',(-0.9125,0.625,0.465));
#1677 = LINE('',#1678,#1679);
#1678 = CARTESIAN_POINT('',(-0.965,0.625,0.465));
#1679 = VECTOR('',#1680,1.);
#1680 = DIRECTION('',(1.,0.,0.));
#1681 = ORIENTED_EDGE('',*,*,#1682,.F.);
#1682 = EDGE_CURVE('',#1683,#1675,#1685,.T.);
#1683 = VERTEX_POINT('',#1684);
#1684 = CARTESIAN_POINT('',(-0.9125,0.46875,0.465));
#1685 = LINE('',#1686,#1687);
#1686 = CARTESIAN_POINT('',(-0.9125,7.8125E-02,0.465));
#1687 = VECTOR('',#1688,1.);
#1688 = DIRECTION('',(0.,1.,0.));
#1689 = ORIENTED_EDGE('',*,*,#1690,.F.);
#1690 = EDGE_CURVE('',#1487,#1683,#1691,.T.);
#1691 = LINE('',#1692,#1693);
#1692 = CARTESIAN_POINT('',(-0.93875,0.46875,0.465));
#1693 = VECTOR('',#1694,1.);
#1694 = DIRECTION('',(-1.,0.,0.));
#1695 = ORIENTED_EDGE('',*,*,#1484,.F.);
#1696 = PLANE('',#1697);
#1697 = AXIS2_PLACEMENT_3D('',#1698,#1699,#1700);
#1698 = CARTESIAN_POINT('',(-0.965,-0.625,0.465));
#1699 = DIRECTION('',(0.,0.,1.));
#1700 = DIRECTION('',(1.,0.,-0.));
#1701 = ADVANCED_FACE('',(#1702),#1713,.T.);
#1702 = FACE_BOUND('',#1703,.T.);
#1703 = EDGE_LOOP('',(#1704,#1705,#1706,#1707));
#1704 = ORIENTED_EDGE('',*,*,#1517,.T.);
#1705 = ORIENTED_EDGE('',*,*,#1620,.T.);
#1706 = ORIENTED_EDGE('',*,*,#1660,.T.);
#1707 = ORIENTED_EDGE('',*,*,#1708,.T.);
#1708 = EDGE_CURVE('',#1653,#1485,#1709,.T.);
#1709 = LINE('',#1710,#1711);
#1710 = CARTESIAN_POINT('',(0.65,0.625,0.465));
#1711 = VECTOR('',#1712,1.);
#1712 = DIRECTION('',(-1.,0.,-4.270088556251E-17));
#1713 = PLANE('',#1714);
#1714 = AXIS2_PLACEMENT_3D('',#1715,#1716,#1717);
#1715 = CARTESIAN_POINT('',(1.481626402817E-17,0.625,0.771483451357));
#1716 = DIRECTION('',(-5.57234551408E-33,1.,3.18580557984E-32));
#1717 = DIRECTION('',(0.,-3.18580557984E-32,1.));
#1718 = ADVANCED_FACE('',(#1719),#1746,.T.);
#1719 = FACE_BOUND('',#1720,.T.);
#1720 = EDGE_LOOP('',(#1721,#1730,#1738,#1745));
#1721 = ORIENTED_EDGE('',*,*,#1722,.F.);
#1722 = EDGE_CURVE('',#1723,#1487,#1725,.T.);
#1723 = VERTEX_POINT('',#1724);
#1724 = CARTESIAN_POINT('',(-0.685,0.46875,0.5));
#1725 = CIRCLE('',#1726,3.5E-02);
#1726 = AXIS2_PLACEMENT_3D('',#1727,#1728,#1729);
#1727 = CARTESIAN_POINT('',(-0.685,0.46875,0.465));
#1728 = DIRECTION('',(-0.,1.,0.));
#1729 = DIRECTION('',(1.,0.,0.));
#1730 = ORIENTED_EDGE('',*,*,#1731,.F.);
#1731 = EDGE_CURVE('',#1732,#1723,#1734,.T.);
#1732 = VERTEX_POINT('',#1733);
#1733 = CARTESIAN_POINT('',(-0.685,-0.46875,0.5));
#1734 = LINE('',#1735,#1736);
#1735 = CARTESIAN_POINT('',(-0.685,-0.625,0.5));
#1736 = VECTOR('',#1737,1.);
#1737 = DIRECTION('',(0.,1.,0.));
#1738 = ORIENTED_EDGE('',*,*,#1739,.T.);
#1739 = EDGE_CURVE('',#1732,#1495,#1740,.T.);
#1740 = CIRCLE('',#1741,3.5E-02);
#1741 = AXIS2_PLACEMENT_3D('',#1742,#1743,#1744);
#1742 = CARTESIAN_POINT('',(-0.685,-0.46875,0.465));
#1743 = DIRECTION('',(-0.,1.,0.));
#1744 = DIRECTION('',(1.,0.,0.));
#1745 = ORIENTED_EDGE('',*,*,#1494,.T.);
#1746 = CYLINDRICAL_SURFACE('',#1747,3.5E-02);
#1747 = AXIS2_PLACEMENT_3D('',#1748,#1749,#1750);
#1748 = CARTESIAN_POINT('',(-0.685,-0.625,0.465));
#1749 = DIRECTION('',(0.,1.,0.));
#1750 = DIRECTION('',(1.,0.,0.));
#1751 = ADVANCED_FACE('',(#1752),#1770,.T.);
#1752 = FACE_BOUND('',#1753,.T.);
#1753 = EDGE_LOOP('',(#1754,#1762,#1763,#1764));
#1754 = ORIENTED_EDGE('',*,*,#1755,.F.);
#1755 = EDGE_CURVE('',#1550,#1756,#1758,.T.);
#1756 = VERTEX_POINT('',#1757);
#1757 = CARTESIAN_POINT('',(-0.9125,-0.46875,0.465));
#1758 = LINE('',#1759,#1760);
#1759 = CARTESIAN_POINT('',(-0.9125,-0.546875,0.465));
#1760 = VECTOR('',#1761,1.);
#1761 = DIRECTION('',(0.,1.,0.));
#1762 = ORIENTED_EDGE('',*,*,#1557,.T.);
#1763 = ORIENTED_EDGE('',*,*,#1502,.F.);
#1764 = ORIENTED_EDGE('',*,*,#1765,.F.);
#1765 = EDGE_CURVE('',#1756,#1495,#1766,.T.);
#1766 = LINE('',#1767,#1768);
#1767 = CARTESIAN_POINT('',(-2.625E-02,-0.46875,0.465));
#1768 = VECTOR('',#1769,1.);
#1769 = DIRECTION('',(1.,0.,0.));
#1770 = PLANE('',#1771);
#1771 = AXIS2_PLACEMENT_3D('',#1772,#1773,#1774);
#1772 = CARTESIAN_POINT('',(-0.965,-0.625,0.465));
#1773 = DIRECTION('',(0.,0.,1.));
#1774 = DIRECTION('',(1.,0.,-0.));
#1775 = ADVANCED_FACE('',(#1776),#1837,.F.);
#1776 = FACE_BOUND('',#1777,.F.);
#1777 = EDGE_LOOP('',(#1778,#1788,#1797,#1805,#1814,#1822,#1828,#1829,
    #1830,#1831));
#1778 = ORIENTED_EDGE('',*,*,#1779,.F.);
#1779 = EDGE_CURVE('',#1780,#1782,#1784,.T.);
#1780 = VERTEX_POINT('',#1781);
#1781 = CARTESIAN_POINT('',(-0.965,-0.625,-6.938893903907E-18));
#1782 = VERTEX_POINT('',#1783);
#1783 = CARTESIAN_POINT('',(-0.9125,-0.625,0.));
#1784 = LINE('',#1785,#1786);
#1785 = CARTESIAN_POINT('',(-1.,-0.625,0.));
#1786 = VECTOR('',#1787,1.);
#1787 = DIRECTION('',(1.,0.,0.));
#1788 = ORIENTED_EDGE('',*,*,#1789,.F.);
#1789 = EDGE_CURVE('',#1790,#1780,#1792,.T.);
#1790 = VERTEX_POINT('',#1791);
#1791 = CARTESIAN_POINT('',(-1.,-0.625,3.5E-02));
#1792 = CIRCLE('',#1793,3.5E-02);
#1793 = AXIS2_PLACEMENT_3D('',#1794,#1795,#1796);
#1794 = CARTESIAN_POINT('',(-0.965,-0.625,3.5E-02));
#1795 = DIRECTION('',(0.,-1.,0.));
#1796 = DIRECTION('',(0.,0.,1.));
#1797 = ORIENTED_EDGE('',*,*,#1798,.T.);
#1798 = EDGE_CURVE('',#1790,#1799,#1801,.T.);
#1799 = VERTEX_POINT('',#1800);
#1800 = CARTESIAN_POINT('',(-1.,-0.625,0.465));
#1801 = LINE('',#1802,#1803);
#1802 = CARTESIAN_POINT('',(-1.,-0.625,0.));
#1803 = VECTOR('',#1804,1.);
#1804 = DIRECTION('',(0.,0.,1.));
#1805 = ORIENTED_EDGE('',*,*,#1806,.T.);
#1806 = EDGE_CURVE('',#1799,#1807,#1809,.T.);
#1807 = VERTEX_POINT('',#1808);
#1808 = CARTESIAN_POINT('',(-0.965,-0.625,0.5));
#1809 = CIRCLE('',#1810,3.5E-02);
#1810 = AXIS2_PLACEMENT_3D('',#1811,#1812,#1813);
#1811 = CARTESIAN_POINT('',(-0.965,-0.625,0.465));
#1812 = DIRECTION('',(0.,1.,0.));
#1813 = DIRECTION('',(0.,-0.,1.));
#1814 = ORIENTED_EDGE('',*,*,#1815,.T.);
#1815 = EDGE_CURVE('',#1807,#1816,#1818,.T.);
#1816 = VERTEX_POINT('',#1817);
#1817 = CARTESIAN_POINT('',(-0.9125,-0.625,0.5));
#1818 = LINE('',#1819,#1820);
#1819 = CARTESIAN_POINT('',(-1.,-0.625,0.5));
#1820 = VECTOR('',#1821,1.);
#1821 = DIRECTION('',(1.,0.,0.));
#1822 = ORIENTED_EDGE('',*,*,#1823,.F.);
#1823 = EDGE_CURVE('',#1550,#1816,#1824,.T.);
#1824 = LINE('',#1825,#1826);
#1825 = CARTESIAN_POINT('',(-0.9125,-0.625,0.375));
#1826 = VECTOR('',#1827,1.);
#1827 = DIRECTION('',(0.,0.,1.));
#1828 = ORIENTED_EDGE('',*,*,#1549,.F.);
#1829 = ORIENTED_EDGE('',*,*,#1541,.F.);
#1830 = ORIENTED_EDGE('',*,*,#1531,.T.);
#1831 = ORIENTED_EDGE('',*,*,#1832,.F.);
#1832 = EDGE_CURVE('',#1782,#1534,#1833,.T.);
#1833 = LINE('',#1834,#1835);
#1834 = CARTESIAN_POINT('',(-0.9125,-0.625,0.375));
#1835 = VECTOR('',#1836,1.);
#1836 = DIRECTION('',(0.,0.,1.));
#1837 = PLANE('',#1838);
#1838 = AXIS2_PLACEMENT_3D('',#1839,#1840,#1841);
#1839 = CARTESIAN_POINT('',(-1.,-0.625,0.));
#1840 = DIRECTION('',(0.,1.,0.));
#1841 = DIRECTION('',(0.,-0.,1.));
#1842 = ADVANCED_FACE('',(#1843,#1932),#1958,.F.);
#1843 = FACE_BOUND('',#1844,.F.);
#1844 = EDGE_LOOP('',(#1845,#1853,#1854,#1862,#1870,#1878,#1886,#1894,
    #1902,#1910,#1918,#1926));
#1845 = ORIENTED_EDGE('',*,*,#1846,.F.);
#1846 = EDGE_CURVE('',#1534,#1847,#1849,.T.);
#1847 = VERTEX_POINT('',#1848);
#1848 = CARTESIAN_POINT('',(-0.9125,-0.46875,3.5E-02));
#1849 = LINE('',#1850,#1851);
#1850 = CARTESIAN_POINT('',(-0.9125,-0.546875,3.5E-02));
#1851 = VECTOR('',#1852,1.);
#1852 = DIRECTION('',(0.,1.,0.));
#1853 = ORIENTED_EDGE('',*,*,#1596,.T.);
#1854 = ORIENTED_EDGE('',*,*,#1855,.F.);
#1855 = EDGE_CURVE('',#1856,#1589,#1858,.T.);
#1856 = VERTEX_POINT('',#1857);
#1857 = CARTESIAN_POINT('',(0.9125,-0.46875,3.5E-02));
#1858 = LINE('',#1859,#1860);
#1859 = CARTESIAN_POINT('',(0.9125,-0.703125,3.5E-02));
#1860 = VECTOR('',#1861,1.);
#1861 = DIRECTION('',(0.,-1.,0.));
#1862 = ORIENTED_EDGE('',*,*,#1863,.F.);
#1863 = EDGE_CURVE('',#1864,#1856,#1866,.T.);
#1864 = VERTEX_POINT('',#1865);
#1865 = CARTESIAN_POINT('',(0.65,-0.46875,3.5E-02));
#1866 = LINE('',#1867,#1868);
#1867 = CARTESIAN_POINT('',(-2.625E-02,-0.46875,3.5E-02));
#1868 = VECTOR('',#1869,1.);
#1869 = DIRECTION('',(1.,0.,0.));
#1870 = ORIENTED_EDGE('',*,*,#1871,.T.);
#1871 = EDGE_CURVE('',#1864,#1872,#1874,.T.);
#1872 = VERTEX_POINT('',#1873);
#1873 = CARTESIAN_POINT('',(0.65,0.46875,3.5E-02));
#1874 = LINE('',#1875,#1876);
#1875 = CARTESIAN_POINT('',(0.65,-0.625,3.5E-02));
#1876 = VECTOR('',#1877,1.);
#1877 = DIRECTION('',(0.,1.,0.));
#1878 = ORIENTED_EDGE('',*,*,#1879,.F.);
#1879 = EDGE_CURVE('',#1880,#1872,#1882,.T.);
#1880 = VERTEX_POINT('',#1881);
#1881 = CARTESIAN_POINT('',(0.9125,0.46875,3.5E-02));
#1882 = LINE('',#1883,#1884);
#1883 = CARTESIAN_POINT('',(-0.93875,0.46875,3.5E-02));
#1884 = VECTOR('',#1885,1.);
#1885 = DIRECTION('',(-1.,0.,0.));
#1886 = ORIENTED_EDGE('',*,*,#1887,.F.);
#1887 = EDGE_CURVE('',#1888,#1880,#1890,.T.);
#1888 = VERTEX_POINT('',#1889);
#1889 = CARTESIAN_POINT('',(0.9125,0.625,3.5E-02));
#1890 = LINE('',#1891,#1892);
#1891 = CARTESIAN_POINT('',(0.9125,-7.8125E-02,3.5E-02));
#1892 = VECTOR('',#1893,1.);
#1893 = DIRECTION('',(0.,-1.,0.));
#1894 = ORIENTED_EDGE('',*,*,#1895,.F.);
#1895 = EDGE_CURVE('',#1896,#1888,#1898,.T.);
#1896 = VERTEX_POINT('',#1897);
#1897 = CARTESIAN_POINT('',(-0.9125,0.625,3.5E-02));
#1898 = LINE('',#1899,#1900);
#1899 = CARTESIAN_POINT('',(-0.965,0.625,3.5E-02));
#1900 = VECTOR('',#1901,1.);
#1901 = DIRECTION('',(1.,0.,0.));
#1902 = ORIENTED_EDGE('',*,*,#1903,.F.);
#1903 = EDGE_CURVE('',#1904,#1896,#1906,.T.);
#1904 = VERTEX_POINT('',#1905);
#1905 = CARTESIAN_POINT('',(-0.9125,0.46875,3.5E-02));
#1906 = LINE('',#1907,#1908);
#1907 = CARTESIAN_POINT('',(-0.9125,7.8125E-02,3.5E-02));
#1908 = VECTOR('',#1909,1.);
#1909 = DIRECTION('',(0.,1.,0.));
#1910 = ORIENTED_EDGE('',*,*,#1911,.F.);
#1911 = EDGE_CURVE('',#1912,#1904,#1914,.T.);
#1912 = VERTEX_POINT('',#1913);
#1913 = CARTESIAN_POINT('',(-0.65,0.46875,3.5E-02));
#1914 = LINE('',#1915,#1916);
#1915 = CARTESIAN_POINT('',(-0.93875,0.46875,3.5E-02));
#1916 = VECTOR('',#1917,1.);
#1917 = DIRECTION('',(-1.,0.,0.));
#1918 = ORIENTED_EDGE('',*,*,#1919,.F.);
#1919 = EDGE_CURVE('',#1920,#1912,#1922,.T.);
#1920 = VERTEX_POINT('',#1921);
#1921 = CARTESIAN_POINT('',(-0.65,-0.46875,3.5E-02));
#1922 = LINE('',#1923,#1924);
#1923 = CARTESIAN_POINT('',(-0.65,-0.625,3.5E-02));
#1924 = VECTOR('',#1925,1.);
#1925 = DIRECTION('',(0.,1.,0.));
#1926 = ORIENTED_EDGE('',*,*,#1927,.F.);
#1927 = EDGE_CURVE('',#1847,#1920,#1928,.T.);
#1928 = LINE('',#1929,#1930);
#1929 = CARTESIAN_POINT('',(-2.625E-02,-0.46875,3.5E-02));
#1930 = VECTOR('',#1931,1.);
#1931 = DIRECTION('',(1.,0.,0.));
#1932 = FACE_BOUND('',#1933,.F.);
#1933 = EDGE_LOOP('',(#1934,#1944,#1952));
#1934 = ORIENTED_EDGE('',*,*,#1935,.T.);
#1935 = EDGE_CURVE('',#1936,#1938,#1940,.T.);
#1936 = VERTEX_POINT('',#1937);
#1937 = CARTESIAN_POINT('',(0.433012701892,0.5,3.5E-02));
#1938 = VERTEX_POINT('',#1939);
#1939 = CARTESIAN_POINT('',(0.433012701892,-0.5,3.5E-02));
#1940 = LINE('',#1941,#1942);
#1941 = CARTESIAN_POINT('',(0.433012701892,0.5,3.5E-02));
#1942 = VECTOR('',#1943,1.);
#1943 = DIRECTION('',(0.,-1.,0.));
#1944 = ORIENTED_EDGE('',*,*,#1945,.T.);
#1945 = EDGE_CURVE('',#1938,#1946,#1948,.T.);
#1946 = VERTEX_POINT('',#1947);
#1947 = CARTESIAN_POINT('',(-0.433012701892,0.,3.5E-02));
#1948 = LINE('',#1949,#1950);
#1949 = CARTESIAN_POINT('',(0.433012701892,-0.5,3.5E-02));
#1950 = VECTOR('',#1951,1.);
#1951 = DIRECTION('',(-0.866025403784,0.5,0.));
#1952 = ORIENTED_EDGE('',*,*,#1953,.T.);
#1953 = EDGE_CURVE('',#1946,#1936,#1954,.T.);
#1954 = LINE('',#1955,#1956);
#1955 = CARTESIAN_POINT('',(-0.433012701892,0.,3.5E-02));
#1956 = VECTOR('',#1957,1.);
#1957 = DIRECTION('',(0.866025403784,0.5,0.));
#1958 = PLANE('',#1959);
#1959 = AXIS2_PLACEMENT_3D('',#1960,#1961,#1962);
#1960 = CARTESIAN_POINT('',(-0.965,-0.625,3.5E-02));
#1961 = DIRECTION('',(0.,0.,1.));
#1962 = DIRECTION('',(1.,0.,-0.));
#1963 = ADVANCED_FACE('',(#1964),#2025,.F.);
#1964 = FACE_BOUND('',#1965,.F.);
#1965 = EDGE_LOOP('',(#1966,#1976,#1982,#1983,#1984,#1985,#1993,#2001,
    #2010,#2018));
#1966 = ORIENTED_EDGE('',*,*,#1967,.F.);
#1967 = EDGE_CURVE('',#1968,#1970,#1972,.T.);
#1968 = VERTEX_POINT('',#1969);
#1969 = CARTESIAN_POINT('',(0.9125,-0.625,0.));
#1970 = VERTEX_POINT('',#1971);
#1971 = CARTESIAN_POINT('',(0.965,-0.625,-6.938893903907E-18));
#1972 = LINE('',#1973,#1974);
#1973 = CARTESIAN_POINT('',(0.65,-0.625,0.));
#1974 = VECTOR('',#1975,1.);
#1975 = DIRECTION('',(1.,0.,0.));
#1976 = ORIENTED_EDGE('',*,*,#1977,.F.);
#1977 = EDGE_CURVE('',#1589,#1968,#1978,.T.);
#1978 = LINE('',#1979,#1980);
#1979 = CARTESIAN_POINT('',(0.9125,-0.625,0.375));
#1980 = VECTOR('',#1981,1.);
#1981 = DIRECTION('',(0.,0.,-1.));
#1982 = ORIENTED_EDGE('',*,*,#1588,.T.);
#1983 = ORIENTED_EDGE('',*,*,#1580,.T.);
#1984 = ORIENTED_EDGE('',*,*,#1572,.F.);
#1985 = ORIENTED_EDGE('',*,*,#1986,.F.);
#1986 = EDGE_CURVE('',#1987,#1565,#1989,.T.);
#1987 = VERTEX_POINT('',#1988);
#1988 = CARTESIAN_POINT('',(0.9125,-0.625,0.5));
#1989 = LINE('',#1990,#1991);
#1990 = CARTESIAN_POINT('',(0.9125,-0.625,0.375));
#1991 = VECTOR('',#1992,1.);
#1992 = DIRECTION('',(0.,0.,-1.));
#1993 = ORIENTED_EDGE('',*,*,#1994,.T.);
#1994 = EDGE_CURVE('',#1987,#1995,#1997,.T.);
#1995 = VERTEX_POINT('',#1996);
#1996 = CARTESIAN_POINT('',(0.965,-0.625,0.5));
#1997 = LINE('',#1998,#1999);
#1998 = CARTESIAN_POINT('',(0.65,-0.625,0.5));
#1999 = VECTOR('',#2000,1.);
#2000 = DIRECTION('',(1.,0.,0.));
#2001 = ORIENTED_EDGE('',*,*,#2002,.F.);
#2002 = EDGE_CURVE('',#2003,#1995,#2005,.T.);
#2003 = VERTEX_POINT('',#2004);
#2004 = CARTESIAN_POINT('',(1.,-0.625,0.465));
#2005 = CIRCLE('',#2006,3.5E-02);
#2006 = AXIS2_PLACEMENT_3D('',#2007,#2008,#2009);
#2007 = CARTESIAN_POINT('',(0.965,-0.625,0.465));
#2008 = DIRECTION('',(0.,-1.,0.));
#2009 = DIRECTION('',(0.,0.,1.));
#2010 = ORIENTED_EDGE('',*,*,#2011,.F.);
#2011 = EDGE_CURVE('',#2012,#2003,#2014,.T.);
#2012 = VERTEX_POINT('',#2013);
#2013 = CARTESIAN_POINT('',(1.,-0.625,3.5E-02));
#2014 = LINE('',#2015,#2016);
#2015 = CARTESIAN_POINT('',(1.,-0.625,0.));
#2016 = VECTOR('',#2017,1.);
#2017 = DIRECTION('',(0.,0.,1.));
#2018 = ORIENTED_EDGE('',*,*,#2019,.T.);
#2019 = EDGE_CURVE('',#2012,#1970,#2020,.T.);
#2020 = CIRCLE('',#2021,3.5E-02);
#2021 = AXIS2_PLACEMENT_3D('',#2022,#2023,#2024);
#2022 = CARTESIAN_POINT('',(0.965,-0.625,3.5E-02));
#2023 = DIRECTION('',(0.,1.,0.));
#2024 = DIRECTION('',(0.,-0.,1.));
#2025 = PLANE('',#2026);
#2026 = AXIS2_PLACEMENT_3D('',#2027,#2028,#2029);
#2027 = CARTESIAN_POINT('',(0.65,-0.625,0.));
#2028 = DIRECTION('',(0.,1.,0.));
#2029 = DIRECTION('',(0.,-0.,1.));
#2030 = ADVANCED_FACE('',(#2031),#2049,.T.);
#2031 = FACE_BOUND('',#2032,.T.);
#2032 = EDGE_LOOP('',(#2033,#2041,#2042,#2043));
#2033 = ORIENTED_EDGE('',*,*,#2034,.F.);
#2034 = EDGE_CURVE('',#1637,#2035,#2037,.T.);
#2035 = VERTEX_POINT('',#2036);
#2036 = CARTESIAN_POINT('',(0.9125,-0.46875,0.465));
#2037 = LINE('',#2038,#2039);
#2038 = CARTESIAN_POINT('',(-2.625E-02,-0.46875,0.465));
#2039 = VECTOR('',#2040,1.);
#2040 = DIRECTION('',(1.,0.,0.));
#2041 = ORIENTED_EDGE('',*,*,#1636,.T.);
#2042 = ORIENTED_EDGE('',*,*,#1564,.T.);
#2043 = ORIENTED_EDGE('',*,*,#2044,.F.);
#2044 = EDGE_CURVE('',#2035,#1565,#2045,.T.);
#2045 = LINE('',#2046,#2047);
#2046 = CARTESIAN_POINT('',(0.9125,-0.703125,0.465));
#2047 = VECTOR('',#2048,1.);
#2048 = DIRECTION('',(0.,-1.,0.));
#2049 = PLANE('',#2050);
#2050 = AXIS2_PLACEMENT_3D('',#2051,#2052,#2053);
#2051 = CARTESIAN_POINT('',(-0.965,-0.625,0.465));
#2052 = DIRECTION('',(0.,0.,1.));
#2053 = DIRECTION('',(1.,0.,-0.));
#2054 = ADVANCED_FACE('',(#2055),#2080,.T.);
#2055 = FACE_BOUND('',#2056,.T.);
#2056 = EDGE_LOOP('',(#2057,#2065,#2066,#2074));
#2057 = ORIENTED_EDGE('',*,*,#2058,.F.);
#2058 = EDGE_CURVE('',#1653,#2059,#2061,.T.);
#2059 = VERTEX_POINT('',#2060);
#2060 = CARTESIAN_POINT('',(0.9125,0.625,0.465));
#2061 = LINE('',#2062,#2063);
#2062 = CARTESIAN_POINT('',(-0.965,0.625,0.465));
#2063 = VECTOR('',#2064,1.);
#2064 = DIRECTION('',(1.,0.,0.));
#2065 = ORIENTED_EDGE('',*,*,#1652,.T.);
#2066 = ORIENTED_EDGE('',*,*,#2067,.F.);
#2067 = EDGE_CURVE('',#2068,#1645,#2070,.T.);
#2068 = VERTEX_POINT('',#2069);
#2069 = CARTESIAN_POINT('',(0.9125,0.46875,0.465));
#2070 = LINE('',#2071,#2072);
#2071 = CARTESIAN_POINT('',(-0.93875,0.46875,0.465));
#2072 = VECTOR('',#2073,1.);
#2073 = DIRECTION('',(-1.,0.,0.));
#2074 = ORIENTED_EDGE('',*,*,#2075,.F.);
#2075 = EDGE_CURVE('',#2059,#2068,#2076,.T.);
#2076 = LINE('',#2077,#2078);
#2077 = CARTESIAN_POINT('',(0.9125,-7.8125E-02,0.465));
#2078 = VECTOR('',#2079,1.);
#2079 = DIRECTION('',(0.,-1.,0.));
#2080 = PLANE('',#2081);
#2081 = AXIS2_PLACEMENT_3D('',#2082,#2083,#2084);
#2082 = CARTESIAN_POINT('',(-0.965,-0.625,0.465));
#2083 = DIRECTION('',(0.,0.,1.));
#2084 = DIRECTION('',(1.,0.,-0.));
#2085 = ADVANCED_FACE('',(#2086),#2113,.T.);
#2086 = FACE_BOUND('',#2087,.T.);
#2087 = EDGE_LOOP('',(#2088,#2089,#2098,#2106));
#2088 = ORIENTED_EDGE('',*,*,#1644,.T.);
#2089 = ORIENTED_EDGE('',*,*,#2090,.T.);
#2090 = EDGE_CURVE('',#1637,#2091,#2093,.T.);
#2091 = VERTEX_POINT('',#2092);
#2092 = CARTESIAN_POINT('',(0.685,-0.46875,0.5));
#2093 = CIRCLE('',#2094,3.5E-02);
#2094 = AXIS2_PLACEMENT_3D('',#2095,#2096,#2097);
#2095 = CARTESIAN_POINT('',(0.685,-0.46875,0.465));
#2096 = DIRECTION('',(0.,1.,-0.));
#2097 = DIRECTION('',(-1.,0.,0.));
#2098 = ORIENTED_EDGE('',*,*,#2099,.T.);
#2099 = EDGE_CURVE('',#2091,#2100,#2102,.T.);
#2100 = VERTEX_POINT('',#2101);
#2101 = CARTESIAN_POINT('',(0.685,0.46875,0.5));
#2102 = LINE('',#2103,#2104);
#2103 = CARTESIAN_POINT('',(0.685,-0.625,0.5));
#2104 = VECTOR('',#2105,1.);
#2105 = DIRECTION('',(0.,1.,0.));
#2106 = ORIENTED_EDGE('',*,*,#2107,.F.);
#2107 = EDGE_CURVE('',#1645,#2100,#2108,.T.);
#2108 = CIRCLE('',#2109,3.5E-02);
#2109 = AXIS2_PLACEMENT_3D('',#2110,#2111,#2112);
#2110 = CARTESIAN_POINT('',(0.685,0.46875,0.465));
#2111 = DIRECTION('',(0.,1.,-0.));
#2112 = DIRECTION('',(-1.,0.,0.));
#2113 = CYLINDRICAL_SURFACE('',#2114,3.5E-02);
#2114 = AXIS2_PLACEMENT_3D('',#2115,#2116,#2117);
#2115 = CARTESIAN_POINT('',(0.685,-0.625,0.465));
#2116 = DIRECTION('',(0.,1.,0.));
#2117 = DIRECTION('',(-1.,0.,0.));
#2118 = ADVANCED_FACE('',(#2119),#2169,.T.);
#2119 = FACE_BOUND('',#2120,.T.);
#2120 = EDGE_LOOP('',(#2121,#2129,#2137,#2143,#2144,#2145,#2146,#2154,
    #2162,#2168));
#2121 = ORIENTED_EDGE('',*,*,#2122,.F.);
#2122 = EDGE_CURVE('',#2123,#1896,#2125,.T.);
#2123 = VERTEX_POINT('',#2124);
#2124 = CARTESIAN_POINT('',(-0.965,0.625,3.5E-02));
#2125 = LINE('',#2126,#2127);
#2126 = CARTESIAN_POINT('',(-0.965,0.625,3.5E-02));
#2127 = VECTOR('',#2128,1.);
#2128 = DIRECTION('',(1.,0.,0.));
#2129 = ORIENTED_EDGE('',*,*,#2130,.T.);
#2130 = EDGE_CURVE('',#2123,#2131,#2133,.T.);
#2131 = VERTEX_POINT('',#2132);
#2132 = CARTESIAN_POINT('',(-0.965,0.625,0.465));
#2133 = LINE('',#2134,#2135);
#2134 = CARTESIAN_POINT('',(-0.965,0.625,3.5E-02));
#2135 = VECTOR('',#2136,1.);
#2136 = DIRECTION('',(0.,0.,1.));
#2137 = ORIENTED_EDGE('',*,*,#2138,.T.);
#2138 = EDGE_CURVE('',#2131,#1675,#2139,.T.);
#2139 = LINE('',#2140,#2141);
#2140 = CARTESIAN_POINT('',(-0.965,0.625,0.465));
#2141 = VECTOR('',#2142,1.);
#2142 = DIRECTION('',(1.,0.,0.));
#2143 = ORIENTED_EDGE('',*,*,#1674,.T.);
#2144 = ORIENTED_EDGE('',*,*,#1708,.F.);
#2145 = ORIENTED_EDGE('',*,*,#2058,.T.);
#2146 = ORIENTED_EDGE('',*,*,#2147,.T.);
#2147 = EDGE_CURVE('',#2059,#2148,#2150,.T.);
#2148 = VERTEX_POINT('',#2149);
#2149 = CARTESIAN_POINT('',(0.965,0.625,0.465));
#2150 = LINE('',#2151,#2152);
#2151 = CARTESIAN_POINT('',(-0.965,0.625,0.465));
#2152 = VECTOR('',#2153,1.);
#2153 = DIRECTION('',(1.,0.,0.));
#2154 = ORIENTED_EDGE('',*,*,#2155,.F.);
#2155 = EDGE_CURVE('',#2156,#2148,#2158,.T.);
#2156 = VERTEX_POINT('',#2157);
#2157 = CARTESIAN_POINT('',(0.965,0.625,3.5E-02));
#2158 = LINE('',#2159,#2160);
#2159 = CARTESIAN_POINT('',(0.965,0.625,3.5E-02));
#2160 = VECTOR('',#2161,1.);
#2161 = DIRECTION('',(0.,0.,1.));
#2162 = ORIENTED_EDGE('',*,*,#2163,.F.);
#2163 = EDGE_CURVE('',#1888,#2156,#2164,.T.);
#2164 = LINE('',#2165,#2166);
#2165 = CARTESIAN_POINT('',(-0.965,0.625,3.5E-02));
#2166 = VECTOR('',#2167,1.);
#2167 = DIRECTION('',(1.,0.,0.));
#2168 = ORIENTED_EDGE('',*,*,#1895,.F.);
#2169 = PLANE('',#2170);
#2170 = AXIS2_PLACEMENT_3D('',#2171,#2172,#2173);
#2171 = CARTESIAN_POINT('',(-0.965,0.625,3.5E-02));
#2172 = DIRECTION('',(0.,1.,0.));
#2173 = DIRECTION('',(0.,-0.,1.));
#2174 = ADVANCED_FACE('',(#2175),#2193,.F.);
#2175 = FACE_BOUND('',#2176,.F.);
#2176 = EDGE_LOOP('',(#2177,#2185,#2191,#2192));
#2177 = ORIENTED_EDGE('',*,*,#2178,.F.);
#2178 = EDGE_CURVE('',#2179,#1723,#2181,.T.);
#2179 = VERTEX_POINT('',#2180);
#2180 = CARTESIAN_POINT('',(-0.9125,0.46875,0.5));
#2181 = LINE('',#2182,#2183);
#2182 = CARTESIAN_POINT('',(-0.95625,0.46875,0.5));
#2183 = VECTOR('',#2184,1.);
#2184 = DIRECTION('',(1.,0.,0.));
#2185 = ORIENTED_EDGE('',*,*,#2186,.T.);
#2186 = EDGE_CURVE('',#2179,#1683,#2187,.T.);
#2187 = LINE('',#2188,#2189);
#2188 = CARTESIAN_POINT('',(-0.9125,0.46875,0.75));
#2189 = VECTOR('',#2190,1.);
#2190 = DIRECTION('',(-0.,-0.,-1.));
#2191 = ORIENTED_EDGE('',*,*,#1690,.F.);
#2192 = ORIENTED_EDGE('',*,*,#1722,.F.);
#2193 = PLANE('',#2194);
#2194 = AXIS2_PLACEMENT_3D('',#2195,#2196,#2197);
#2195 = CARTESIAN_POINT('',(-0.9125,0.46875,0.75));
#2196 = DIRECTION('',(0.,-1.,0.));
#2197 = DIRECTION('',(1.,0.,0.));
#2198 = ADVANCED_FACE('',(#2199),#2217,.F.);
#2199 = FACE_BOUND('',#2200,.F.);
#2200 = EDGE_LOOP('',(#2201,#2202,#2210,#2216));
#2201 = ORIENTED_EDGE('',*,*,#2186,.F.);
#2202 = ORIENTED_EDGE('',*,*,#2203,.F.);
#2203 = EDGE_CURVE('',#2204,#2179,#2206,.T.);
#2204 = VERTEX_POINT('',#2205);
#2205 = CARTESIAN_POINT('',(-0.9125,0.625,0.5));
#2206 = LINE('',#2207,#2208);
#2207 = CARTESIAN_POINT('',(-0.9125,7.8125E-02,0.5));
#2208 = VECTOR('',#2209,1.);
#2209 = DIRECTION('',(0.,-1.,0.));
#2210 = ORIENTED_EDGE('',*,*,#2211,.F.);
#2211 = EDGE_CURVE('',#1675,#2204,#2212,.T.);
#2212 = LINE('',#2213,#2214);
#2213 = CARTESIAN_POINT('',(-0.9125,0.625,0.375));
#2214 = VECTOR('',#2215,1.);
#2215 = DIRECTION('',(0.,0.,1.));
#2216 = ORIENTED_EDGE('',*,*,#1682,.F.);
#2217 = PLANE('',#2218);
#2218 = AXIS2_PLACEMENT_3D('',#2219,#2220,#2221);
#2219 = CARTESIAN_POINT('',(-0.9125,0.78125,0.75));
#2220 = DIRECTION('',(-1.,0.,0.));
#2221 = DIRECTION('',(0.,-1.,0.));
#2222 = ADVANCED_FACE('',(#2223),#2241,.F.);
#2223 = FACE_BOUND('',#2224,.F.);
#2224 = EDGE_LOOP('',(#2225,#2233,#2239,#2240));
#2225 = ORIENTED_EDGE('',*,*,#2226,.F.);
#2226 = EDGE_CURVE('',#2227,#1756,#2229,.T.);
#2227 = VERTEX_POINT('',#2228);
#2228 = CARTESIAN_POINT('',(-0.9125,-0.46875,0.5));
#2229 = LINE('',#2230,#2231);
#2230 = CARTESIAN_POINT('',(-0.9125,-0.46875,0.75));
#2231 = VECTOR('',#2232,1.);
#2232 = DIRECTION('',(-0.,-0.,-1.));
#2233 = ORIENTED_EDGE('',*,*,#2234,.F.);
#2234 = EDGE_CURVE('',#1732,#2227,#2235,.T.);
#2235 = LINE('',#2236,#2237);
#2236 = CARTESIAN_POINT('',(-4.375E-02,-0.46875,0.5));
#2237 = VECTOR('',#2238,1.);
#2238 = DIRECTION('',(-1.,0.,0.));
#2239 = ORIENTED_EDGE('',*,*,#1739,.T.);
#2240 = ORIENTED_EDGE('',*,*,#1765,.F.);
#2241 = PLANE('',#2242);
#2242 = AXIS2_PLACEMENT_3D('',#2243,#2244,#2245);
#2243 = CARTESIAN_POINT('',(0.9125,-0.46875,0.75));
#2244 = DIRECTION('',(0.,1.,0.));
#2245 = DIRECTION('',(-1.,0.,0.));
#2246 = ADVANCED_FACE('',(#2247),#2274,.T.);
#2247 = FACE_BOUND('',#2248,.T.);
#2248 = EDGE_LOOP('',(#2249,#2257,#2263,#2264,#2270,#2271,#2272,#2273));
#2249 = ORIENTED_EDGE('',*,*,#2250,.F.);
#2250 = EDGE_CURVE('',#2251,#2204,#2253,.T.);
#2251 = VERTEX_POINT('',#2252);
#2252 = CARTESIAN_POINT('',(-0.965,0.625,0.5));
#2253 = LINE('',#2254,#2255);
#2254 = CARTESIAN_POINT('',(-1.,0.625,0.5));
#2255 = VECTOR('',#2256,1.);
#2256 = DIRECTION('',(1.,0.,0.));
#2257 = ORIENTED_EDGE('',*,*,#2258,.F.);
#2258 = EDGE_CURVE('',#1807,#2251,#2259,.T.);
#2259 = LINE('',#2260,#2261);
#2260 = CARTESIAN_POINT('',(-0.965,-0.625,0.5));
#2261 = VECTOR('',#2262,1.);
#2262 = DIRECTION('',(0.,1.,0.));
#2263 = ORIENTED_EDGE('',*,*,#1815,.T.);
#2264 = ORIENTED_EDGE('',*,*,#2265,.F.);
#2265 = EDGE_CURVE('',#2227,#1816,#2266,.T.);
#2266 = LINE('',#2267,#2268);
#2267 = CARTESIAN_POINT('',(-0.9125,-0.546875,0.5));
#2268 = VECTOR('',#2269,1.);
#2269 = DIRECTION('',(0.,-1.,0.));
#2270 = ORIENTED_EDGE('',*,*,#2234,.F.);
#2271 = ORIENTED_EDGE('',*,*,#1731,.T.);
#2272 = ORIENTED_EDGE('',*,*,#2178,.F.);
#2273 = ORIENTED_EDGE('',*,*,#2203,.F.);
#2274 = PLANE('',#2275);
#2275 = AXIS2_PLACEMENT_3D('',#2276,#2277,#2278);
#2276 = CARTESIAN_POINT('',(-1.,-0.625,0.5));
#2277 = DIRECTION('',(0.,0.,1.));
#2278 = DIRECTION('',(1.,0.,-0.));
#2279 = ADVANCED_FACE('',(#2280),#2286,.F.);
#2280 = FACE_BOUND('',#2281,.F.);
#2281 = EDGE_LOOP('',(#2282,#2283,#2284,#2285));
#2282 = ORIENTED_EDGE('',*,*,#2265,.F.);
#2283 = ORIENTED_EDGE('',*,*,#2226,.T.);
#2284 = ORIENTED_EDGE('',*,*,#1755,.F.);
#2285 = ORIENTED_EDGE('',*,*,#1823,.T.);
#2286 = PLANE('',#2287);
#2287 = AXIS2_PLACEMENT_3D('',#2288,#2289,#2290);
#2288 = CARTESIAN_POINT('',(-0.9125,-0.46875,0.75));
#2289 = DIRECTION('',(-1.,0.,0.));
#2290 = DIRECTION('',(0.,-1.,0.));
#2291 = ADVANCED_FACE('',(#2292),#2349,.F.);
#2292 = FACE_BOUND('',#2293,.F.);
#2293 = EDGE_LOOP('',(#2294,#2304,#2310,#2311,#2319,#2327,#2335,#2343));
#2294 = ORIENTED_EDGE('',*,*,#2295,.F.);
#2295 = EDGE_CURVE('',#2296,#2298,#2300,.T.);
#2296 = VERTEX_POINT('',#2297);
#2297 = CARTESIAN_POINT('',(-0.965,0.625,-6.938893903907E-18));
#2298 = VERTEX_POINT('',#2299);
#2299 = CARTESIAN_POINT('',(-0.9125,0.625,0.));
#2300 = LINE('',#2301,#2302);
#2301 = CARTESIAN_POINT('',(-1.,0.625,0.));
#2302 = VECTOR('',#2303,1.);
#2303 = DIRECTION('',(1.,0.,0.));
#2304 = ORIENTED_EDGE('',*,*,#2305,.F.);
#2305 = EDGE_CURVE('',#1780,#2296,#2306,.T.);
#2306 = LINE('',#2307,#2308);
#2307 = CARTESIAN_POINT('',(-0.965,-0.625,-6.938893903907E-18));
#2308 = VECTOR('',#2309,1.);
#2309 = DIRECTION('',(0.,1.,0.));
#2310 = ORIENTED_EDGE('',*,*,#1779,.T.);
#2311 = ORIENTED_EDGE('',*,*,#2312,.F.);
#2312 = EDGE_CURVE('',#2313,#1782,#2315,.T.);
#2313 = VERTEX_POINT('',#2314);
#2314 = CARTESIAN_POINT('',(-0.9125,-0.46875,0.));
#2315 = LINE('',#2316,#2317);
#2316 = CARTESIAN_POINT('',(-0.9125,-0.546875,0.));
#2317 = VECTOR('',#2318,1.);
#2318 = DIRECTION('',(0.,-1.,0.));
#2319 = ORIENTED_EDGE('',*,*,#2320,.F.);
#2320 = EDGE_CURVE('',#2321,#2313,#2323,.T.);
#2321 = VERTEX_POINT('',#2322);
#2322 = CARTESIAN_POINT('',(-0.685,-0.46875,-6.938893903907E-18));
#2323 = LINE('',#2324,#2325);
#2324 = CARTESIAN_POINT('',(-4.375E-02,-0.46875,0.));
#2325 = VECTOR('',#2326,1.);
#2326 = DIRECTION('',(-1.,0.,0.));
#2327 = ORIENTED_EDGE('',*,*,#2328,.T.);
#2328 = EDGE_CURVE('',#2321,#2329,#2331,.T.);
#2329 = VERTEX_POINT('',#2330);
#2330 = CARTESIAN_POINT('',(-0.685,0.46875,-6.938893903907E-18));
#2331 = LINE('',#2332,#2333);
#2332 = CARTESIAN_POINT('',(-0.685,-0.625,-6.938893903907E-18));
#2333 = VECTOR('',#2334,1.);
#2334 = DIRECTION('',(0.,1.,0.));
#2335 = ORIENTED_EDGE('',*,*,#2336,.F.);
#2336 = EDGE_CURVE('',#2337,#2329,#2339,.T.);
#2337 = VERTEX_POINT('',#2338);
#2338 = CARTESIAN_POINT('',(-0.9125,0.46875,0.));
#2339 = LINE('',#2340,#2341);
#2340 = CARTESIAN_POINT('',(-0.95625,0.46875,0.));
#2341 = VECTOR('',#2342,1.);
#2342 = DIRECTION('',(1.,0.,0.));
#2343 = ORIENTED_EDGE('',*,*,#2344,.F.);
#2344 = EDGE_CURVE('',#2298,#2337,#2345,.T.);
#2345 = LINE('',#2346,#2347);
#2346 = CARTESIAN_POINT('',(-0.9125,7.8125E-02,0.));
#2347 = VECTOR('',#2348,1.);
#2348 = DIRECTION('',(0.,-1.,0.));
#2349 = PLANE('',#2350);
#2350 = AXIS2_PLACEMENT_3D('',#2351,#2352,#2353);
#2351 = CARTESIAN_POINT('',(-1.,-0.625,0.));
#2352 = DIRECTION('',(0.,0.,1.));
#2353 = DIRECTION('',(1.,0.,-0.));
#2354 = ADVANCED_FACE('',(#2355),#2374,.T.);
#2355 = FACE_BOUND('',#2356,.T.);
#2356 = EDGE_LOOP('',(#2357,#2365,#2372,#2373));
#2357 = ORIENTED_EDGE('',*,*,#2358,.T.);
#2358 = EDGE_CURVE('',#1790,#2359,#2361,.T.);
#2359 = VERTEX_POINT('',#2360);
#2360 = CARTESIAN_POINT('',(-1.,0.625,3.5E-02));
#2361 = LINE('',#2362,#2363);
#2362 = CARTESIAN_POINT('',(-1.,-0.625,3.5E-02));
#2363 = VECTOR('',#2364,1.);
#2364 = DIRECTION('',(0.,1.,0.));
#2365 = ORIENTED_EDGE('',*,*,#2366,.T.);
#2366 = EDGE_CURVE('',#2359,#2296,#2367,.T.);
#2367 = CIRCLE('',#2368,3.5E-02);
#2368 = AXIS2_PLACEMENT_3D('',#2369,#2370,#2371);
#2369 = CARTESIAN_POINT('',(-0.965,0.625,3.5E-02));
#2370 = DIRECTION('',(0.,-1.,0.));
#2371 = DIRECTION('',(0.,0.,1.));
#2372 = ORIENTED_EDGE('',*,*,#2305,.F.);
#2373 = ORIENTED_EDGE('',*,*,#1789,.F.);
#2374 = CYLINDRICAL_SURFACE('',#2375,3.5E-02);
#2375 = AXIS2_PLACEMENT_3D('',#2376,#2377,#2378);
#2376 = CARTESIAN_POINT('',(-0.965,-0.625,3.5E-02));
#2377 = DIRECTION('',(0.,1.,0.));
#2378 = DIRECTION('',(-1.,0.,0.));
#2379 = ADVANCED_FACE('',(#2380),#2391,.F.);
#2380 = FACE_BOUND('',#2381,.F.);
#2381 = EDGE_LOOP('',(#2382,#2383,#2389,#2390));
#2382 = ORIENTED_EDGE('',*,*,#1846,.T.);
#2383 = ORIENTED_EDGE('',*,*,#2384,.T.);
#2384 = EDGE_CURVE('',#1847,#2313,#2385,.T.);
#2385 = LINE('',#2386,#2387);
#2386 = CARTESIAN_POINT('',(-0.9125,-0.46875,0.75));
#2387 = VECTOR('',#2388,1.);
#2388 = DIRECTION('',(-0.,-0.,-1.));
#2389 = ORIENTED_EDGE('',*,*,#2312,.T.);
#2390 = ORIENTED_EDGE('',*,*,#1832,.T.);
#2391 = PLANE('',#2392);
#2392 = AXIS2_PLACEMENT_3D('',#2393,#2394,#2395);
#2393 = CARTESIAN_POINT('',(-0.9125,-0.46875,0.75));
#2394 = DIRECTION('',(-1.,0.,0.));
#2395 = DIRECTION('',(0.,-1.,0.));
#2396 = ADVANCED_FACE('',(#2397),#2415,.F.);
#2397 = FACE_BOUND('',#2398,.F.);
#2398 = EDGE_LOOP('',(#2399,#2400,#2401,#2409));
#2399 = ORIENTED_EDGE('',*,*,#1798,.F.);
#2400 = ORIENTED_EDGE('',*,*,#2358,.T.);
#2401 = ORIENTED_EDGE('',*,*,#2402,.T.);
#2402 = EDGE_CURVE('',#2359,#2403,#2405,.T.);
#2403 = VERTEX_POINT('',#2404);
#2404 = CARTESIAN_POINT('',(-1.,0.625,0.465));
#2405 = LINE('',#2406,#2407);
#2406 = CARTESIAN_POINT('',(-1.,0.625,0.));
#2407 = VECTOR('',#2408,1.);
#2408 = DIRECTION('',(0.,0.,1.));
#2409 = ORIENTED_EDGE('',*,*,#2410,.F.);
#2410 = EDGE_CURVE('',#1799,#2403,#2411,.T.);
#2411 = LINE('',#2412,#2413);
#2412 = CARTESIAN_POINT('',(-1.,-0.625,0.465));
#2413 = VECTOR('',#2414,1.);
#2414 = DIRECTION('',(0.,1.,0.));
#2415 = PLANE('',#2416);
#2416 = AXIS2_PLACEMENT_3D('',#2417,#2418,#2419);
#2417 = CARTESIAN_POINT('',(-1.,-0.625,0.));
#2418 = DIRECTION('',(1.,0.,0.));
#2419 = DIRECTION('',(0.,0.,1.));
#2420 = ADVANCED_FACE('',(#2421),#2433,.T.);
#2421 = FACE_BOUND('',#2422,.T.);
#2422 = EDGE_LOOP('',(#2423,#2424,#2425,#2432));
#2423 = ORIENTED_EDGE('',*,*,#1806,.T.);
#2424 = ORIENTED_EDGE('',*,*,#2258,.T.);
#2425 = ORIENTED_EDGE('',*,*,#2426,.F.);
#2426 = EDGE_CURVE('',#2403,#2251,#2427,.T.);
#2427 = CIRCLE('',#2428,3.5E-02);
#2428 = AXIS2_PLACEMENT_3D('',#2429,#2430,#2431);
#2429 = CARTESIAN_POINT('',(-0.965,0.625,0.465));
#2430 = DIRECTION('',(0.,1.,0.));
#2431 = DIRECTION('',(0.,-0.,1.));
#2432 = ORIENTED_EDGE('',*,*,#2410,.F.);
#2433 = CYLINDRICAL_SURFACE('',#2434,3.5E-02);
#2434 = AXIS2_PLACEMENT_3D('',#2435,#2436,#2437);
#2435 = CARTESIAN_POINT('',(-0.965,-0.625,0.465));
#2436 = DIRECTION('',(0.,1.,0.));
#2437 = DIRECTION('',(-1.,0.,0.));
#2438 = ADVANCED_FACE('',(#2439),#2451,.F.);
#2439 = FACE_BOUND('',#2440,.F.);
#2440 = EDGE_LOOP('',(#2441,#2442,#2443,#2450));
#2441 = ORIENTED_EDGE('',*,*,#2384,.F.);
#2442 = ORIENTED_EDGE('',*,*,#1927,.T.);
#2443 = ORIENTED_EDGE('',*,*,#2444,.T.);
#2444 = EDGE_CURVE('',#1920,#2321,#2445,.T.);
#2445 = CIRCLE('',#2446,3.5E-02);
#2446 = AXIS2_PLACEMENT_3D('',#2447,#2448,#2449);
#2447 = CARTESIAN_POINT('',(-0.685,-0.46875,3.5E-02));
#2448 = DIRECTION('',(-0.,1.,0.));
#2449 = DIRECTION('',(1.,0.,0.));
#2450 = ORIENTED_EDGE('',*,*,#2320,.T.);
#2451 = PLANE('',#2452);
#2452 = AXIS2_PLACEMENT_3D('',#2453,#2454,#2455);
#2453 = CARTESIAN_POINT('',(0.9125,-0.46875,0.75));
#2454 = DIRECTION('',(0.,1.,0.));
#2455 = DIRECTION('',(-1.,0.,0.));
#2456 = ADVANCED_FACE('',(#2457),#2469,.T.);
#2457 = FACE_BOUND('',#2458,.T.);
#2458 = EDGE_LOOP('',(#2459,#2460,#2461,#2462));
#2459 = ORIENTED_EDGE('',*,*,#1919,.F.);
#2460 = ORIENTED_EDGE('',*,*,#2444,.T.);
#2461 = ORIENTED_EDGE('',*,*,#2328,.T.);
#2462 = ORIENTED_EDGE('',*,*,#2463,.F.);
#2463 = EDGE_CURVE('',#1912,#2329,#2464,.T.);
#2464 = CIRCLE('',#2465,3.5E-02);
#2465 = AXIS2_PLACEMENT_3D('',#2466,#2467,#2468);
#2466 = CARTESIAN_POINT('',(-0.685,0.46875,3.5E-02));
#2467 = DIRECTION('',(-0.,1.,0.));
#2468 = DIRECTION('',(1.,0.,0.));
#2469 = CYLINDRICAL_SURFACE('',#2470,3.5E-02);
#2470 = AXIS2_PLACEMENT_3D('',#2471,#2472,#2473);
#2471 = CARTESIAN_POINT('',(-0.685,-0.625,3.5E-02));
#2472 = DIRECTION('',(0.,1.,0.));
#2473 = DIRECTION('',(1.,0.,0.));
#2474 = ADVANCED_FACE('',(#2475),#2486,.F.);
#2475 = FACE_BOUND('',#2476,.F.);
#2476 = EDGE_LOOP('',(#2477,#2478,#2484,#2485));
#2477 = ORIENTED_EDGE('',*,*,#1911,.T.);
#2478 = ORIENTED_EDGE('',*,*,#2479,.T.);
#2479 = EDGE_CURVE('',#1904,#2337,#2480,.T.);
#2480 = LINE('',#2481,#2482);
#2481 = CARTESIAN_POINT('',(-0.9125,0.46875,0.75));
#2482 = VECTOR('',#2483,1.);
#2483 = DIRECTION('',(-0.,-0.,-1.));
#2484 = ORIENTED_EDGE('',*,*,#2336,.T.);
#2485 = ORIENTED_EDGE('',*,*,#2463,.F.);
#2486 = PLANE('',#2487);
#2487 = AXIS2_PLACEMENT_3D('',#2488,#2489,#2490);
#2488 = CARTESIAN_POINT('',(-0.9125,0.46875,0.75));
#2489 = DIRECTION('',(0.,-1.,0.));
#2490 = DIRECTION('',(1.,0.,0.));
#2491 = ADVANCED_FACE('',(#2492),#2503,.F.);
#2492 = FACE_BOUND('',#2493,.F.);
#2493 = EDGE_LOOP('',(#2494,#2495,#2496,#2502));
#2494 = ORIENTED_EDGE('',*,*,#2479,.F.);
#2495 = ORIENTED_EDGE('',*,*,#1903,.T.);
#2496 = ORIENTED_EDGE('',*,*,#2497,.F.);
#2497 = EDGE_CURVE('',#2298,#1896,#2498,.T.);
#2498 = LINE('',#2499,#2500);
#2499 = CARTESIAN_POINT('',(-0.9125,0.625,0.375));
#2500 = VECTOR('',#2501,1.);
#2501 = DIRECTION('',(0.,0.,1.));
#2502 = ORIENTED_EDGE('',*,*,#2344,.T.);
#2503 = PLANE('',#2504);
#2504 = AXIS2_PLACEMENT_3D('',#2505,#2506,#2507);
#2505 = CARTESIAN_POINT('',(-0.9125,0.78125,0.75));
#2506 = DIRECTION('',(-1.,0.,0.));
#2507 = DIRECTION('',(0.,-1.,0.));
#2508 = ADVANCED_FACE('',(#2509),#2534,.F.);
#2509 = FACE_BOUND('',#2510,.F.);
#2510 = EDGE_LOOP('',(#2511,#2512,#2520,#2528));
#2511 = ORIENTED_EDGE('',*,*,#1887,.T.);
#2512 = ORIENTED_EDGE('',*,*,#2513,.T.);
#2513 = EDGE_CURVE('',#1880,#2514,#2516,.T.);
#2514 = VERTEX_POINT('',#2515);
#2515 = CARTESIAN_POINT('',(0.9125,0.46875,0.));
#2516 = LINE('',#2517,#2518);
#2517 = CARTESIAN_POINT('',(0.9125,0.46875,0.75));
#2518 = VECTOR('',#2519,1.);
#2519 = DIRECTION('',(-0.,-0.,-1.));
#2520 = ORIENTED_EDGE('',*,*,#2521,.T.);
#2521 = EDGE_CURVE('',#2514,#2522,#2524,.T.);
#2522 = VERTEX_POINT('',#2523);
#2523 = CARTESIAN_POINT('',(0.9125,0.625,0.));
#2524 = LINE('',#2525,#2526);
#2525 = CARTESIAN_POINT('',(0.9125,-7.8125E-02,0.));
#2526 = VECTOR('',#2527,1.);
#2527 = DIRECTION('',(0.,1.,0.));
#2528 = ORIENTED_EDGE('',*,*,#2529,.F.);
#2529 = EDGE_CURVE('',#1888,#2522,#2530,.T.);
#2530 = LINE('',#2531,#2532);
#2531 = CARTESIAN_POINT('',(0.9125,0.625,0.375));
#2532 = VECTOR('',#2533,1.);
#2533 = DIRECTION('',(0.,0.,-1.));
#2534 = PLANE('',#2535);
#2535 = AXIS2_PLACEMENT_3D('',#2536,#2537,#2538);
#2536 = CARTESIAN_POINT('',(0.9125,0.46875,0.75));
#2537 = DIRECTION('',(1.,0.,0.));
#2538 = DIRECTION('',(-0.,1.,0.));
#2539 = ADVANCED_FACE('',(#2540),#2559,.F.);
#2540 = FACE_BOUND('',#2541,.F.);
#2541 = EDGE_LOOP('',(#2542,#2543,#2544,#2553));
#2542 = ORIENTED_EDGE('',*,*,#2513,.F.);
#2543 = ORIENTED_EDGE('',*,*,#1879,.T.);
#2544 = ORIENTED_EDGE('',*,*,#2545,.F.);
#2545 = EDGE_CURVE('',#2546,#1872,#2548,.T.);
#2546 = VERTEX_POINT('',#2547);
#2547 = CARTESIAN_POINT('',(0.685,0.46875,-6.938893903907E-18));
#2548 = CIRCLE('',#2549,3.5E-02);
#2549 = AXIS2_PLACEMENT_3D('',#2550,#2551,#2552);
#2550 = CARTESIAN_POINT('',(0.685,0.46875,3.5E-02));
#2551 = DIRECTION('',(0.,1.,-0.));
#2552 = DIRECTION('',(-1.,0.,0.));
#2553 = ORIENTED_EDGE('',*,*,#2554,.T.);
#2554 = EDGE_CURVE('',#2546,#2514,#2555,.T.);
#2555 = LINE('',#2556,#2557);
#2556 = CARTESIAN_POINT('',(-0.13125,0.46875,0.));
#2557 = VECTOR('',#2558,1.);
#2558 = DIRECTION('',(1.,0.,0.));
#2559 = PLANE('',#2560);
#2560 = AXIS2_PLACEMENT_3D('',#2561,#2562,#2563);
#2561 = CARTESIAN_POINT('',(-0.9125,0.46875,0.75));
#2562 = DIRECTION('',(0.,-1.,0.));
#2563 = DIRECTION('',(1.,0.,0.));
#2564 = ADVANCED_FACE('',(#2565),#2584,.T.);
#2565 = FACE_BOUND('',#2566,.T.);
#2566 = EDGE_LOOP('',(#2567,#2568,#2576,#2583));
#2567 = ORIENTED_EDGE('',*,*,#2545,.F.);
#2568 = ORIENTED_EDGE('',*,*,#2569,.F.);
#2569 = EDGE_CURVE('',#2570,#2546,#2572,.T.);
#2570 = VERTEX_POINT('',#2571);
#2571 = CARTESIAN_POINT('',(0.685,-0.46875,-6.938893903907E-18));
#2572 = LINE('',#2573,#2574);
#2573 = CARTESIAN_POINT('',(0.685,-0.625,-6.938893903907E-18));
#2574 = VECTOR('',#2575,1.);
#2575 = DIRECTION('',(0.,1.,0.));
#2576 = ORIENTED_EDGE('',*,*,#2577,.T.);
#2577 = EDGE_CURVE('',#2570,#1864,#2578,.T.);
#2578 = CIRCLE('',#2579,3.5E-02);
#2579 = AXIS2_PLACEMENT_3D('',#2580,#2581,#2582);
#2580 = CARTESIAN_POINT('',(0.685,-0.46875,3.5E-02));
#2581 = DIRECTION('',(0.,1.,-0.));
#2582 = DIRECTION('',(-1.,0.,0.));
#2583 = ORIENTED_EDGE('',*,*,#1871,.T.);
#2584 = CYLINDRICAL_SURFACE('',#2585,3.5E-02);
#2585 = AXIS2_PLACEMENT_3D('',#2586,#2587,#2588);
#2586 = CARTESIAN_POINT('',(0.685,-0.625,3.5E-02));
#2587 = DIRECTION('',(0.,1.,0.));
#2588 = DIRECTION('',(-1.,0.,0.));
#2589 = ADVANCED_FACE('',(#2590),#2608,.F.);
#2590 = FACE_BOUND('',#2591,.F.);
#2591 = EDGE_LOOP('',(#2592,#2593,#2601,#2607));
#2592 = ORIENTED_EDGE('',*,*,#1863,.T.);
#2593 = ORIENTED_EDGE('',*,*,#2594,.T.);
#2594 = EDGE_CURVE('',#1856,#2595,#2597,.T.);
#2595 = VERTEX_POINT('',#2596);
#2596 = CARTESIAN_POINT('',(0.9125,-0.46875,0.));
#2597 = LINE('',#2598,#2599);
#2598 = CARTESIAN_POINT('',(0.9125,-0.46875,0.75));
#2599 = VECTOR('',#2600,1.);
#2600 = DIRECTION('',(-0.,-0.,-1.));
#2601 = ORIENTED_EDGE('',*,*,#2602,.T.);
#2602 = EDGE_CURVE('',#2595,#2570,#2603,.T.);
#2603 = LINE('',#2604,#2605);
#2604 = CARTESIAN_POINT('',(0.78125,-0.46875,0.));
#2605 = VECTOR('',#2606,1.);
#2606 = DIRECTION('',(-1.,0.,0.));
#2607 = ORIENTED_EDGE('',*,*,#2577,.T.);
#2608 = PLANE('',#2609);
#2609 = AXIS2_PLACEMENT_3D('',#2610,#2611,#2612);
#2610 = CARTESIAN_POINT('',(0.9125,-0.46875,0.75));
#2611 = DIRECTION('',(0.,1.,0.));
#2612 = DIRECTION('',(-1.,0.,0.));
#2613 = ADVANCED_FACE('',(#2614),#2625,.F.);
#2614 = FACE_BOUND('',#2615,.F.);
#2615 = EDGE_LOOP('',(#2616,#2617,#2618,#2619));
#2616 = ORIENTED_EDGE('',*,*,#2594,.F.);
#2617 = ORIENTED_EDGE('',*,*,#1855,.T.);
#2618 = ORIENTED_EDGE('',*,*,#1977,.T.);
#2619 = ORIENTED_EDGE('',*,*,#2620,.T.);
#2620 = EDGE_CURVE('',#1968,#2595,#2621,.T.);
#2621 = LINE('',#2622,#2623);
#2622 = CARTESIAN_POINT('',(0.9125,-0.703125,0.));
#2623 = VECTOR('',#2624,1.);
#2624 = DIRECTION('',(0.,1.,0.));
#2625 = PLANE('',#2626);
#2626 = AXIS2_PLACEMENT_3D('',#2627,#2628,#2629);
#2627 = CARTESIAN_POINT('',(0.9125,-0.78125,0.75));
#2628 = DIRECTION('',(1.,0.,0.));
#2629 = DIRECTION('',(-0.,1.,0.));
#2630 = ADVANCED_FACE('',(#2631),#2656,.T.);
#2631 = FACE_BOUND('',#2632,.T.);
#2632 = EDGE_LOOP('',(#2633,#2641,#2642,#2650));
#2633 = ORIENTED_EDGE('',*,*,#2634,.T.);
#2634 = EDGE_CURVE('',#2635,#1936,#2637,.T.);
#2635 = VERTEX_POINT('',#2636);
#2636 = CARTESIAN_POINT('',(0.433012701892,0.5,1.75E-02));
#2637 = LINE('',#2638,#2639);
#2638 = CARTESIAN_POINT('',(0.433012701892,0.5,1.75E-02));
#2639 = VECTOR('',#2640,1.);
#2640 = DIRECTION('',(0.,0.,1.));
#2641 = ORIENTED_EDGE('',*,*,#1935,.T.);
#2642 = ORIENTED_EDGE('',*,*,#2643,.F.);
#2643 = EDGE_CURVE('',#2644,#1938,#2646,.T.);
#2644 = VERTEX_POINT('',#2645);
#2645 = CARTESIAN_POINT('',(0.433012701892,-0.5,1.75E-02));
#2646 = LINE('',#2647,#2648);
#2647 = CARTESIAN_POINT('',(0.433012701892,-0.5,1.75E-02));
#2648 = VECTOR('',#2649,1.);
#2649 = DIRECTION('',(0.,0.,1.));
#2650 = ORIENTED_EDGE('',*,*,#2651,.F.);
#2651 = EDGE_CURVE('',#2635,#2644,#2652,.T.);
#2652 = LINE('',#2653,#2654);
#2653 = CARTESIAN_POINT('',(0.433012701892,0.5,1.75E-02));
#2654 = VECTOR('',#2655,1.);
#2655 = DIRECTION('',(0.,-1.,0.));
#2656 = PLANE('',#2657);
#2657 = AXIS2_PLACEMENT_3D('',#2658,#2659,#2660);
#2658 = CARTESIAN_POINT('',(0.433012701892,0.5,1.75E-02));
#2659 = DIRECTION('',(1.,0.,0.));
#2660 = DIRECTION('',(0.,-1.,0.));
#2661 = ADVANCED_FACE('',(#2662),#2680,.T.);
#2662 = FACE_BOUND('',#2663,.T.);
#2663 = EDGE_LOOP('',(#2664,#2672,#2673,#2674));
#2664 = ORIENTED_EDGE('',*,*,#2665,.T.);
#2665 = EDGE_CURVE('',#2666,#1946,#2668,.T.);
#2666 = VERTEX_POINT('',#2667);
#2667 = CARTESIAN_POINT('',(-0.433012701892,0.,1.75E-02));
#2668 = LINE('',#2669,#2670);
#2669 = CARTESIAN_POINT('',(-0.433012701892,0.,1.75E-02));
#2670 = VECTOR('',#2671,1.);
#2671 = DIRECTION('',(0.,0.,1.));
#2672 = ORIENTED_EDGE('',*,*,#1953,.T.);
#2673 = ORIENTED_EDGE('',*,*,#2634,.F.);
#2674 = ORIENTED_EDGE('',*,*,#2675,.F.);
#2675 = EDGE_CURVE('',#2666,#2635,#2676,.T.);
#2676 = LINE('',#2677,#2678);
#2677 = CARTESIAN_POINT('',(-0.433012701892,0.,1.75E-02));
#2678 = VECTOR('',#2679,1.);
#2679 = DIRECTION('',(0.866025403784,0.5,0.));
#2680 = PLANE('',#2681);
#2681 = AXIS2_PLACEMENT_3D('',#2682,#2683,#2684);
#2682 = CARTESIAN_POINT('',(-0.433012701892,0.,1.75E-02));
#2683 = DIRECTION('',(-0.5,0.866025403784,0.));
#2684 = DIRECTION('',(0.866025403784,0.5,0.));
#2685 = ADVANCED_FACE('',(#2686),#2697,.T.);
#2686 = FACE_BOUND('',#2687,.T.);
#2687 = EDGE_LOOP('',(#2688,#2689,#2690,#2691));
#2688 = ORIENTED_EDGE('',*,*,#2643,.T.);
#2689 = ORIENTED_EDGE('',*,*,#1945,.T.);
#2690 = ORIENTED_EDGE('',*,*,#2665,.F.);
#2691 = ORIENTED_EDGE('',*,*,#2692,.F.);
#2692 = EDGE_CURVE('',#2644,#2666,#2693,.T.);
#2693 = LINE('',#2694,#2695);
#2694 = CARTESIAN_POINT('',(0.433012701892,-0.5,1.75E-02));
#2695 = VECTOR('',#2696,1.);
#2696 = DIRECTION('',(-0.866025403784,0.5,0.));
#2697 = PLANE('',#2698);
#2698 = AXIS2_PLACEMENT_3D('',#2699,#2700,#2701);
#2699 = CARTESIAN_POINT('',(0.433012701892,-0.5,1.75E-02));
#2700 = DIRECTION('',(-0.5,-0.866025403784,0.));
#2701 = DIRECTION('',(-0.866025403784,0.5,0.));
#2702 = ADVANCED_FACE('',(#2703),#2725,.F.);
#2703 = FACE_BOUND('',#2704,.F.);
#2704 = EDGE_LOOP('',(#2705,#2713,#2714,#2715,#2716,#2717,#2718,#2719));
#2705 = ORIENTED_EDGE('',*,*,#2706,.F.);
#2706 = EDGE_CURVE('',#2522,#2707,#2709,.T.);
#2707 = VERTEX_POINT('',#2708);
#2708 = CARTESIAN_POINT('',(0.965,0.625,-6.938893903907E-18));
#2709 = LINE('',#2710,#2711);
#2710 = CARTESIAN_POINT('',(0.65,0.625,0.));
#2711 = VECTOR('',#2712,1.);
#2712 = DIRECTION('',(1.,0.,0.));
#2713 = ORIENTED_EDGE('',*,*,#2521,.F.);
#2714 = ORIENTED_EDGE('',*,*,#2554,.F.);
#2715 = ORIENTED_EDGE('',*,*,#2569,.F.);
#2716 = ORIENTED_EDGE('',*,*,#2602,.F.);
#2717 = ORIENTED_EDGE('',*,*,#2620,.F.);
#2718 = ORIENTED_EDGE('',*,*,#1967,.T.);
#2719 = ORIENTED_EDGE('',*,*,#2720,.T.);
#2720 = EDGE_CURVE('',#1970,#2707,#2721,.T.);
#2721 = LINE('',#2722,#2723);
#2722 = CARTESIAN_POINT('',(0.965,-0.625,-6.938893903907E-18));
#2723 = VECTOR('',#2724,1.);
#2724 = DIRECTION('',(0.,1.,0.));
#2725 = PLANE('',#2726);
#2726 = AXIS2_PLACEMENT_3D('',#2727,#2728,#2729);
#2727 = CARTESIAN_POINT('',(0.65,-0.625,0.));
#2728 = DIRECTION('',(0.,0.,1.));
#2729 = DIRECTION('',(1.,0.,-0.));
#2730 = ADVANCED_FACE('',(#2731),#2750,.T.);
#2731 = FACE_BOUND('',#2732,.T.);
#2732 = EDGE_LOOP('',(#2733,#2734,#2735,#2744));
#2733 = ORIENTED_EDGE('',*,*,#2019,.T.);
#2734 = ORIENTED_EDGE('',*,*,#2720,.T.);
#2735 = ORIENTED_EDGE('',*,*,#2736,.F.);
#2736 = EDGE_CURVE('',#2737,#2707,#2739,.T.);
#2737 = VERTEX_POINT('',#2738);
#2738 = CARTESIAN_POINT('',(1.,0.625,3.5E-02));
#2739 = CIRCLE('',#2740,3.5E-02);
#2740 = AXIS2_PLACEMENT_3D('',#2741,#2742,#2743);
#2741 = CARTESIAN_POINT('',(0.965,0.625,3.5E-02));
#2742 = DIRECTION('',(0.,1.,0.));
#2743 = DIRECTION('',(0.,-0.,1.));
#2744 = ORIENTED_EDGE('',*,*,#2745,.F.);
#2745 = EDGE_CURVE('',#2012,#2737,#2746,.T.);
#2746 = LINE('',#2747,#2748);
#2747 = CARTESIAN_POINT('',(1.,-0.625,3.5E-02));
#2748 = VECTOR('',#2749,1.);
#2749 = DIRECTION('',(0.,1.,0.));
#2750 = CYLINDRICAL_SURFACE('',#2751,3.5E-02);
#2751 = AXIS2_PLACEMENT_3D('',#2752,#2753,#2754);
#2752 = CARTESIAN_POINT('',(0.965,-0.625,3.5E-02));
#2753 = DIRECTION('',(0.,1.,0.));
#2754 = DIRECTION('',(1.,0.,0.));
#2755 = ADVANCED_FACE('',(#2756),#2774,.T.);
#2756 = FACE_BOUND('',#2757,.T.);
#2757 = EDGE_LOOP('',(#2758,#2759,#2760,#2768));
#2758 = ORIENTED_EDGE('',*,*,#2011,.F.);
#2759 = ORIENTED_EDGE('',*,*,#2745,.T.);
#2760 = ORIENTED_EDGE('',*,*,#2761,.T.);
#2761 = EDGE_CURVE('',#2737,#2762,#2764,.T.);
#2762 = VERTEX_POINT('',#2763);
#2763 = CARTESIAN_POINT('',(1.,0.625,0.465));
#2764 = LINE('',#2765,#2766);
#2765 = CARTESIAN_POINT('',(1.,0.625,0.));
#2766 = VECTOR('',#2767,1.);
#2767 = DIRECTION('',(0.,0.,1.));
#2768 = ORIENTED_EDGE('',*,*,#2769,.F.);
#2769 = EDGE_CURVE('',#2003,#2762,#2770,.T.);
#2770 = LINE('',#2771,#2772);
#2771 = CARTESIAN_POINT('',(1.,-0.625,0.465));
#2772 = VECTOR('',#2773,1.);
#2773 = DIRECTION('',(0.,1.,0.));
#2774 = PLANE('',#2775);
#2775 = AXIS2_PLACEMENT_3D('',#2776,#2777,#2778);
#2776 = CARTESIAN_POINT('',(1.,-0.625,0.));
#2777 = DIRECTION('',(1.,0.,0.));
#2778 = DIRECTION('',(0.,0.,1.));
#2779 = ADVANCED_FACE('',(#2780),#2799,.T.);
#2780 = FACE_BOUND('',#2781,.T.);
#2781 = EDGE_LOOP('',(#2782,#2783,#2792,#2798));
#2782 = ORIENTED_EDGE('',*,*,#2769,.T.);
#2783 = ORIENTED_EDGE('',*,*,#2784,.T.);
#2784 = EDGE_CURVE('',#2762,#2785,#2787,.T.);
#2785 = VERTEX_POINT('',#2786);
#2786 = CARTESIAN_POINT('',(0.965,0.625,0.5));
#2787 = CIRCLE('',#2788,3.5E-02);
#2788 = AXIS2_PLACEMENT_3D('',#2789,#2790,#2791);
#2789 = CARTESIAN_POINT('',(0.965,0.625,0.465));
#2790 = DIRECTION('',(0.,-1.,0.));
#2791 = DIRECTION('',(0.,0.,1.));
#2792 = ORIENTED_EDGE('',*,*,#2793,.F.);
#2793 = EDGE_CURVE('',#1995,#2785,#2794,.T.);
#2794 = LINE('',#2795,#2796);
#2795 = CARTESIAN_POINT('',(0.965,-0.625,0.5));
#2796 = VECTOR('',#2797,1.);
#2797 = DIRECTION('',(0.,1.,0.));
#2798 = ORIENTED_EDGE('',*,*,#2002,.F.);
#2799 = CYLINDRICAL_SURFACE('',#2800,3.5E-02);
#2800 = AXIS2_PLACEMENT_3D('',#2801,#2802,#2803);
#2801 = CARTESIAN_POINT('',(0.965,-0.625,0.465));
#2802 = DIRECTION('',(0.,1.,0.));
#2803 = DIRECTION('',(1.,0.,0.));
#2804 = ADVANCED_FACE('',(#2805),#2846,.T.);
#2805 = FACE_BOUND('',#2806,.T.);
#2806 = EDGE_LOOP('',(#2807,#2815,#2823,#2829,#2830,#2838,#2844,#2845));
#2807 = ORIENTED_EDGE('',*,*,#2808,.F.);
#2808 = EDGE_CURVE('',#2809,#2785,#2811,.T.);
#2809 = VERTEX_POINT('',#2810);
#2810 = CARTESIAN_POINT('',(0.9125,0.625,0.5));
#2811 = LINE('',#2812,#2813);
#2812 = CARTESIAN_POINT('',(0.65,0.625,0.5));
#2813 = VECTOR('',#2814,1.);
#2814 = DIRECTION('',(1.,0.,0.));
#2815 = ORIENTED_EDGE('',*,*,#2816,.F.);
#2816 = EDGE_CURVE('',#2817,#2809,#2819,.T.);
#2817 = VERTEX_POINT('',#2818);
#2818 = CARTESIAN_POINT('',(0.9125,0.46875,0.5));
#2819 = LINE('',#2820,#2821);
#2820 = CARTESIAN_POINT('',(0.9125,-7.8125E-02,0.5));
#2821 = VECTOR('',#2822,1.);
#2822 = DIRECTION('',(0.,1.,0.));
#2823 = ORIENTED_EDGE('',*,*,#2824,.F.);
#2824 = EDGE_CURVE('',#2100,#2817,#2825,.T.);
#2825 = LINE('',#2826,#2827);
#2826 = CARTESIAN_POINT('',(-0.13125,0.46875,0.5));
#2827 = VECTOR('',#2828,1.);
#2828 = DIRECTION('',(1.,0.,0.));
#2829 = ORIENTED_EDGE('',*,*,#2099,.F.);
#2830 = ORIENTED_EDGE('',*,*,#2831,.F.);
#2831 = EDGE_CURVE('',#2832,#2091,#2834,.T.);
#2832 = VERTEX_POINT('',#2833);
#2833 = CARTESIAN_POINT('',(0.9125,-0.46875,0.5));
#2834 = LINE('',#2835,#2836);
#2835 = CARTESIAN_POINT('',(0.78125,-0.46875,0.5));
#2836 = VECTOR('',#2837,1.);
#2837 = DIRECTION('',(-1.,0.,0.));
#2838 = ORIENTED_EDGE('',*,*,#2839,.F.);
#2839 = EDGE_CURVE('',#1987,#2832,#2840,.T.);
#2840 = LINE('',#2841,#2842);
#2841 = CARTESIAN_POINT('',(0.9125,-0.703125,0.5));
#2842 = VECTOR('',#2843,1.);
#2843 = DIRECTION('',(0.,1.,0.));
#2844 = ORIENTED_EDGE('',*,*,#1994,.T.);
#2845 = ORIENTED_EDGE('',*,*,#2793,.T.);
#2846 = PLANE('',#2847);
#2847 = AXIS2_PLACEMENT_3D('',#2848,#2849,#2850);
#2848 = CARTESIAN_POINT('',(0.65,-0.625,0.5));
#2849 = DIRECTION('',(0.,0.,1.));
#2850 = DIRECTION('',(1.,0.,-0.));
#2851 = ADVANCED_FACE('',(#2852),#2863,.F.);
#2852 = FACE_BOUND('',#2853,.F.);
#2853 = EDGE_LOOP('',(#2854,#2860,#2861,#2862));
#2854 = ORIENTED_EDGE('',*,*,#2855,.F.);
#2855 = EDGE_CURVE('',#2832,#2035,#2856,.T.);
#2856 = LINE('',#2857,#2858);
#2857 = CARTESIAN_POINT('',(0.9125,-0.46875,0.75));
#2858 = VECTOR('',#2859,1.);
#2859 = DIRECTION('',(-0.,-0.,-1.));
#2860 = ORIENTED_EDGE('',*,*,#2839,.F.);
#2861 = ORIENTED_EDGE('',*,*,#1986,.T.);
#2862 = ORIENTED_EDGE('',*,*,#2044,.F.);
#2863 = PLANE('',#2864);
#2864 = AXIS2_PLACEMENT_3D('',#2865,#2866,#2867);
#2865 = CARTESIAN_POINT('',(0.9125,-0.78125,0.75));
#2866 = DIRECTION('',(1.,0.,0.));
#2867 = DIRECTION('',(-0.,1.,0.));
#2868 = ADVANCED_FACE('',(#2869),#2875,.F.);
#2869 = FACE_BOUND('',#2870,.F.);
#2870 = EDGE_LOOP('',(#2871,#2872,#2873,#2874));
#2871 = ORIENTED_EDGE('',*,*,#2831,.F.);
#2872 = ORIENTED_EDGE('',*,*,#2855,.T.);
#2873 = ORIENTED_EDGE('',*,*,#2034,.F.);
#2874 = ORIENTED_EDGE('',*,*,#2090,.T.);
#2875 = PLANE('',#2876);
#2876 = AXIS2_PLACEMENT_3D('',#2877,#2878,#2879);
#2877 = CARTESIAN_POINT('',(0.9125,-0.46875,0.75));
#2878 = DIRECTION('',(0.,1.,0.));
#2879 = DIRECTION('',(-1.,0.,0.));
#2880 = ADVANCED_FACE('',(#2881),#2897,.F.);
#2881 = FACE_BOUND('',#2882,.F.);
#2882 = EDGE_LOOP('',(#2883,#2884,#2890,#2891));
#2883 = ORIENTED_EDGE('',*,*,#2816,.F.);
#2884 = ORIENTED_EDGE('',*,*,#2885,.T.);
#2885 = EDGE_CURVE('',#2817,#2068,#2886,.T.);
#2886 = LINE('',#2887,#2888);
#2887 = CARTESIAN_POINT('',(0.9125,0.46875,0.75));
#2888 = VECTOR('',#2889,1.);
#2889 = DIRECTION('',(-0.,-0.,-1.));
#2890 = ORIENTED_EDGE('',*,*,#2075,.F.);
#2891 = ORIENTED_EDGE('',*,*,#2892,.F.);
#2892 = EDGE_CURVE('',#2809,#2059,#2893,.T.);
#2893 = LINE('',#2894,#2895);
#2894 = CARTESIAN_POINT('',(0.9125,0.625,0.375));
#2895 = VECTOR('',#2896,1.);
#2896 = DIRECTION('',(0.,0.,-1.));
#2897 = PLANE('',#2898);
#2898 = AXIS2_PLACEMENT_3D('',#2899,#2900,#2901);
#2899 = CARTESIAN_POINT('',(0.9125,0.46875,0.75));
#2900 = DIRECTION('',(1.,0.,0.));
#2901 = DIRECTION('',(-0.,1.,0.));
#2902 = ADVANCED_FACE('',(#2903),#2909,.F.);
#2903 = FACE_BOUND('',#2904,.F.);
#2904 = EDGE_LOOP('',(#2905,#2906,#2907,#2908));
#2905 = ORIENTED_EDGE('',*,*,#2885,.F.);
#2906 = ORIENTED_EDGE('',*,*,#2824,.F.);
#2907 = ORIENTED_EDGE('',*,*,#2107,.F.);
#2908 = ORIENTED_EDGE('',*,*,#2067,.F.);
#2909 = PLANE('',#2910);
#2910 = AXIS2_PLACEMENT_3D('',#2911,#2912,#2913);
#2911 = CARTESIAN_POINT('',(-0.9125,0.46875,0.75));
#2912 = DIRECTION('',(0.,-1.,0.));
#2913 = DIRECTION('',(1.,0.,0.));
#2914 = ADVANCED_FACE('',(#2915),#2927,.T.);
#2915 = FACE_BOUND('',#2916,.T.);
#2916 = EDGE_LOOP('',(#2917,#2918,#2919,#2920,#2921,#2922,#2923,#2924,
    #2925,#2926));
#2917 = ORIENTED_EDGE('',*,*,#2295,.F.);
#2918 = ORIENTED_EDGE('',*,*,#2366,.F.);
#2919 = ORIENTED_EDGE('',*,*,#2402,.T.);
#2920 = ORIENTED_EDGE('',*,*,#2426,.T.);
#2921 = ORIENTED_EDGE('',*,*,#2250,.T.);
#2922 = ORIENTED_EDGE('',*,*,#2211,.F.);
#2923 = ORIENTED_EDGE('',*,*,#2138,.F.);
#2924 = ORIENTED_EDGE('',*,*,#2130,.F.);
#2925 = ORIENTED_EDGE('',*,*,#2122,.T.);
#2926 = ORIENTED_EDGE('',*,*,#2497,.F.);
#2927 = PLANE('',#2928);
#2928 = AXIS2_PLACEMENT_3D('',#2929,#2930,#2931);
#2929 = CARTESIAN_POINT('',(-1.,0.625,0.));
#2930 = DIRECTION('',(0.,1.,0.));
#2931 = DIRECTION('',(0.,-0.,1.));
#2932 = ADVANCED_FACE('',(#2933),#2945,.T.);
#2933 = FACE_BOUND('',#2934,.T.);
#2934 = EDGE_LOOP('',(#2935,#2936,#2937,#2938,#2939,#2940,#2941,#2942,
    #2943,#2944));
#2935 = ORIENTED_EDGE('',*,*,#2706,.F.);
#2936 = ORIENTED_EDGE('',*,*,#2529,.F.);
#2937 = ORIENTED_EDGE('',*,*,#2163,.T.);
#2938 = ORIENTED_EDGE('',*,*,#2155,.T.);
#2939 = ORIENTED_EDGE('',*,*,#2147,.F.);
#2940 = ORIENTED_EDGE('',*,*,#2892,.F.);
#2941 = ORIENTED_EDGE('',*,*,#2808,.T.);
#2942 = ORIENTED_EDGE('',*,*,#2784,.F.);
#2943 = ORIENTED_EDGE('',*,*,#2761,.F.);
#2944 = ORIENTED_EDGE('',*,*,#2736,.T.);
#2945 = PLANE('',#2946);
#2946 = AXIS2_PLACEMENT_3D('',#2947,#2948,#2949);
#2947 = CARTESIAN_POINT('',(0.65,0.625,0.));
#2948 = DIRECTION('',(0.,1.,0.));
#2949 = DIRECTION('',(0.,-0.,1.));
#2950 = ADVANCED_FACE('',(#2951),#2956,.T.);
#2951 = FACE_BOUND('',#2952,.T.);
#2952 = EDGE_LOOP('',(#2953,#2954,#2955));
#2953 = ORIENTED_EDGE('',*,*,#2675,.T.);
#2954 = ORIENTED_EDGE('',*,*,#2651,.T.);
#2955 = ORIENTED_EDGE('',*,*,#2692,.T.);
#2956 = PLANE('',#2957);
#2957 = AXIS2_PLACEMENT_3D('',#2958,#2959,#2960);
#2958 = CARTESIAN_POINT('',(0.144337567297,9.251858538543E-18,1.75E-02)
  );
#2959 = DIRECTION('',(-0.,-0.,-1.));
#2960 = DIRECTION('',(-1.,0.,0.));
#2961 = ( GEOMETRIC_REPRESENTATION_CONTEXT(3) 
GLOBAL_UNCERTAINTY_ASSIGNED_CONTEXT((#2965)) 
GLOBAL_UNIT_ASSIGNED_CONTEXT((#2962,#2963,#2964)) REPRESENTATION_CONTEXT
('Context #1','3D Context with UNIT and UNCERTAINTY') );
#2962 = ( LENGTH_UNIT() NAMED_UNIT(*) SI_UNIT(.MILLI.,.METRE.) );
#2963 = ( NAMED_UNIT(*) PLANE_ANGLE_UNIT() SI_UNIT($,.RADIAN.) );
#2964 = ( NAMED_UNIT(*) SI_UNIT($,.STERADIAN.) SOLID_ANGLE_UNIT() );
#2965 = UNCERTAINTY_MEASURE_WITH_UNIT(LENGTH_MEASURE(1.E-07),#2962,
  'distance_accuracy_value','confusion accuracy');
#2966 = CONTEXT_DEPENDENT_SHAPE_REPRESENTATION(#2967,#2969);
#2967 = ( REPRESENTATION_RELATIONSHIP('','',#1437,#10) 
REPRESENTATION_RELATIONSHIP_WITH_TRANSFORMATION(#2968) 
SHAPE_REPRESENTATION_RELATIONSHIP() );
#2968 = ITEM_DEFINED_TRANSFORMATION('','',#11,#19);
#2969 = PRODUCT_DEFINITION_SHAPE('Placement','Placement of an item',
  #2970);
#2970 = NEXT_ASSEMBLY_USAGE_OCCURRENCE('5','D1','',#5,#1432,$);
#2971 = PRODUCT_RELATED_PRODUCT_CATEGORY('part',$,(#1434));
#2972 = SHAPE_DEFINITION_REPRESENTATION(#2973,#2979);
#2973 = PRODUCT_DEFINITION_SHAPE('','',#2974);
#2974 = PRODUCT_DEFINITION('design','',#2975,#2978);
#2975 = PRODUCT_DEFINITION_FORMATION('','',#2976);
#2976 = PRODUCT('PinHeader_1x03_P2.54mm_Vertical',
  'PinHeader_1x03_P2.54mm_Vertical','',(#2977));
#2977 = PRODUCT_CONTEXT('',#2,'mechanical');
#2978 = PRODUCT_DEFINITION_CONTEXT('part definition',#2,'design');
#2979 = ADVANCED_BREP_SHAPE_REPRESENTATION('',(#11,#2980),#5086);
#2980 = MANIFOLD_SOLID_BREP('',#2981);
#2981 = CLOSED_SHELL('',(#2982,#3022,#3053,#3084,#3331,#3578,#3595,#3612
    ,#3629,#3646,#3663,#3680,#3697,#3714,#3731,#3748,#3765,#3782,#3799,
    #3816,#3833,#3850,#3862,#3893,#3917,#3941,#3958,#3989,#4013,#4037,
    #4054,#4085,#4109,#4133,#4150,#4181,#4205,#4229,#4246,#4277,#4301,
    #4325,#4342,#4373,#4397,#4421,#4438,#4469,#4493,#4517,#4534,#4565,
    #4589,#4613,#4630,#4661,#4685,#4709,#4726,#4757,#4781,#4805,#4822,
    #4853,#4877,#4901,#4918,#4949,#4973,#4997,#5014,#5026,#5038,#5050,
    #5062,#5074));
#2982 = ADVANCED_FACE('',(#2983),#3017,.F.);
#2983 = FACE_BOUND('',#2984,.F.);
#2984 = EDGE_LOOP('',(#2985,#2995,#3003,#3011));
#2985 = ORIENTED_EDGE('',*,*,#2986,.T.);
#2986 = EDGE_CURVE('',#2987,#2989,#2991,.T.);
#2987 = VERTEX_POINT('',#2988);
#2988 = CARTESIAN_POINT('',(-1.016,1.27,0.));
#2989 = VERTEX_POINT('',#2990);
#2990 = CARTESIAN_POINT('',(-1.016,1.27,2.54));
#2991 = LINE('',#2992,#2993);
#2992 = CARTESIAN_POINT('',(-1.016,1.27,0.));
#2993 = VECTOR('',#2994,1.);
#2994 = DIRECTION('',(0.,0.,1.));
#2995 = ORIENTED_EDGE('',*,*,#2996,.T.);
#2996 = EDGE_CURVE('',#2989,#2997,#2999,.T.);
#2997 = VERTEX_POINT('',#2998);
#2998 = CARTESIAN_POINT('',(-1.27,1.016,2.54));
#2999 = LINE('',#3000,#3001);
#3000 = CARTESIAN_POINT('',(-1.016,1.27,2.54));
#3001 = VECTOR('',#3002,1.);
#3002 = DIRECTION('',(-0.707106781187,-0.707106781187,0.));
#3003 = ORIENTED_EDGE('',*,*,#3004,.F.);
#3004 = EDGE_CURVE('',#3005,#2997,#3007,.T.);
#3005 = VERTEX_POINT('',#3006);
#3006 = CARTESIAN_POINT('',(-1.27,1.016,0.));
#3007 = LINE('',#3008,#3009);
#3008 = CARTESIAN_POINT('',(-1.27,1.016,0.));
#3009 = VECTOR('',#3010,1.);
#3010 = DIRECTION('',(0.,0.,1.));
#3011 = ORIENTED_EDGE('',*,*,#3012,.F.);
#3012 = EDGE_CURVE('',#2987,#3005,#3013,.T.);
#3013 = LINE('',#3014,#3015);
#3014 = CARTESIAN_POINT('',(-1.016,1.27,0.));
#3015 = VECTOR('',#3016,1.);
#3016 = DIRECTION('',(-0.707106781187,-0.707106781187,0.));
#3017 = PLANE('',#3018);
#3018 = AXIS2_PLACEMENT_3D('',#3019,#3020,#3021);
#3019 = CARTESIAN_POINT('',(-1.016,1.27,0.));
#3020 = DIRECTION('',(0.707106781187,-0.707106781187,0.));
#3021 = DIRECTION('',(-0.707106781187,-0.707106781187,0.));
#3022 = ADVANCED_FACE('',(#3023),#3048,.F.);
#3023 = FACE_BOUND('',#3024,.F.);
#3024 = EDGE_LOOP('',(#3025,#3035,#3041,#3042));
#3025 = ORIENTED_EDGE('',*,*,#3026,.T.);
#3026 = EDGE_CURVE('',#3027,#3029,#3031,.T.);
#3027 = VERTEX_POINT('',#3028);
#3028 = CARTESIAN_POINT('',(1.016,1.27,0.));
#3029 = VERTEX_POINT('',#3030);
#3030 = CARTESIAN_POINT('',(1.016,1.27,2.54));
#3031 = LINE('',#3032,#3033);
#3032 = CARTESIAN_POINT('',(1.016,1.27,0.));
#3033 = VECTOR('',#3034,1.);
#3034 = DIRECTION('',(0.,0.,1.));
#3035 = ORIENTED_EDGE('',*,*,#3036,.T.);
#3036 = EDGE_CURVE('',#3029,#2989,#3037,.T.);
#3037 = LINE('',#3038,#3039);
#3038 = CARTESIAN_POINT('',(1.016,1.27,2.54));
#3039 = VECTOR('',#3040,1.);
#3040 = DIRECTION('',(-1.,0.,0.));
#3041 = ORIENTED_EDGE('',*,*,#2986,.F.);
#3042 = ORIENTED_EDGE('',*,*,#3043,.F.);
#3043 = EDGE_CURVE('',#3027,#2987,#3044,.T.);
#3044 = LINE('',#3045,#3046);
#3045 = CARTESIAN_POINT('',(1.016,1.27,0.));
#3046 = VECTOR('',#3047,1.);
#3047 = DIRECTION('',(-1.,0.,0.));
#3048 = PLANE('',#3049);
#3049 = AXIS2_PLACEMENT_3D('',#3050,#3051,#3052);
#3050 = CARTESIAN_POINT('',(1.016,1.27,0.));
#3051 = DIRECTION('',(0.,-1.,0.));
#3052 = DIRECTION('',(-1.,0.,0.));
#3053 = ADVANCED_FACE('',(#3054),#3079,.F.);
#3054 = FACE_BOUND('',#3055,.F.);
#3055 = EDGE_LOOP('',(#3056,#3057,#3065,#3073));
#3056 = ORIENTED_EDGE('',*,*,#3004,.T.);
#3057 = ORIENTED_EDGE('',*,*,#3058,.T.);
#3058 = EDGE_CURVE('',#2997,#3059,#3061,.T.);
#3059 = VERTEX_POINT('',#3060);
#3060 = CARTESIAN_POINT('',(-1.27,-1.016,2.54));
#3061 = LINE('',#3062,#3063);
#3062 = CARTESIAN_POINT('',(-1.27,1.016,2.54));
#3063 = VECTOR('',#3064,1.);
#3064 = DIRECTION('',(0.,-1.,0.));
#3065 = ORIENTED_EDGE('',*,*,#3066,.F.);
#3066 = EDGE_CURVE('',#3067,#3059,#3069,.T.);
#3067 = VERTEX_POINT('',#3068);
#3068 = CARTESIAN_POINT('',(-1.27,-1.016,0.));
#3069 = LINE('',#3070,#3071);
#3070 = CARTESIAN_POINT('',(-1.27,-1.016,0.));
#3071 = VECTOR('',#3072,1.);
#3072 = DIRECTION('',(0.,0.,1.));
#3073 = ORIENTED_EDGE('',*,*,#3074,.F.);
#3074 = EDGE_CURVE('',#3005,#3067,#3075,.T.);
#3075 = LINE('',#3076,#3077);
#3076 = CARTESIAN_POINT('',(-1.27,1.016,0.));
#3077 = VECTOR('',#3078,1.);
#3078 = DIRECTION('',(0.,-1.,0.));
#3079 = PLANE('',#3080);
#3080 = AXIS2_PLACEMENT_3D('',#3081,#3082,#3083);
#3081 = CARTESIAN_POINT('',(-1.27,1.016,0.));
#3082 = DIRECTION('',(1.,0.,0.));
#3083 = DIRECTION('',(0.,-1.,0.));
#3084 = ADVANCED_FACE('',(#3085,#3224,#3258,#3292),#3326,.F.);
#3085 = FACE_BOUND('',#3086,.F.);
#3086 = EDGE_LOOP('',(#3087,#3088,#3089,#3097,#3105,#3113,#3121,#3129,
    #3137,#3145,#3153,#3161,#3169,#3177,#3185,#3193,#3201,#3209,#3217,
    #3223));
#3087 = ORIENTED_EDGE('',*,*,#3012,.T.);
#3088 = ORIENTED_EDGE('',*,*,#3074,.T.);
#3089 = ORIENTED_EDGE('',*,*,#3090,.T.);
#3090 = EDGE_CURVE('',#3067,#3091,#3093,.T.);
#3091 = VERTEX_POINT('',#3092);
#3092 = CARTESIAN_POINT('',(-1.016,-1.27,0.));
#3093 = LINE('',#3094,#3095);
#3094 = CARTESIAN_POINT('',(-1.27,-1.016,0.));
#3095 = VECTOR('',#3096,1.);
#3096 = DIRECTION('',(0.707106781187,-0.707106781187,0.));
#3097 = ORIENTED_EDGE('',*,*,#3098,.T.);
#3098 = EDGE_CURVE('',#3091,#3099,#3101,.T.);
#3099 = VERTEX_POINT('',#3100);
#3100 = CARTESIAN_POINT('',(-1.27,-1.524,0.));
#3101 = LINE('',#3102,#3103);
#3102 = CARTESIAN_POINT('',(-1.016,-1.27,0.));
#3103 = VECTOR('',#3104,1.);
#3104 = DIRECTION('',(-0.707106781187,-0.707106781187,0.));
#3105 = ORIENTED_EDGE('',*,*,#3106,.T.);
#3106 = EDGE_CURVE('',#3099,#3107,#3109,.T.);
#3107 = VERTEX_POINT('',#3108);
#3108 = CARTESIAN_POINT('',(-1.27,-3.556,0.));
#3109 = LINE('',#3110,#3111);
#3110 = CARTESIAN_POINT('',(-1.27,-1.524,0.));
#3111 = VECTOR('',#3112,1.);
#3112 = DIRECTION('',(0.,-1.,0.));
#3113 = ORIENTED_EDGE('',*,*,#3114,.T.);
#3114 = EDGE_CURVE('',#3107,#3115,#3117,.T.);
#3115 = VERTEX_POINT('',#3116);
#3116 = CARTESIAN_POINT('',(-1.016,-3.81,0.));
#3117 = LINE('',#3118,#3119);
#3118 = CARTESIAN_POINT('',(-1.27,-3.556,0.));
#3119 = VECTOR('',#3120,1.);
#3120 = DIRECTION('',(0.707106781187,-0.707106781187,0.));
#3121 = ORIENTED_EDGE('',*,*,#3122,.T.);
#3122 = EDGE_CURVE('',#3115,#3123,#3125,.T.);
#3123 = VERTEX_POINT('',#3124);
#3124 = CARTESIAN_POINT('',(-1.27,-4.064,0.));
#3125 = LINE('',#3126,#3127);
#3126 = CARTESIAN_POINT('',(-1.016,-3.81,0.));
#3127 = VECTOR('',#3128,1.);
#3128 = DIRECTION('',(-0.707106781187,-0.707106781187,0.));
#3129 = ORIENTED_EDGE('',*,*,#3130,.T.);
#3130 = EDGE_CURVE('',#3123,#3131,#3133,.T.);
#3131 = VERTEX_POINT('',#3132);
#3132 = CARTESIAN_POINT('',(-1.27,-6.096,0.));
#3133 = LINE('',#3134,#3135);
#3134 = CARTESIAN_POINT('',(-1.27,-4.064,0.));
#3135 = VECTOR('',#3136,1.);
#3136 = DIRECTION('',(0.,-1.,0.));
#3137 = ORIENTED_EDGE('',*,*,#3138,.T.);
#3138 = EDGE_CURVE('',#3131,#3139,#3141,.T.);
#3139 = VERTEX_POINT('',#3140);
#3140 = CARTESIAN_POINT('',(-1.016,-6.35,0.));
#3141 = LINE('',#3142,#3143);
#3142 = CARTESIAN_POINT('',(-1.27,-6.096,0.));
#3143 = VECTOR('',#3144,1.);
#3144 = DIRECTION('',(0.707106781187,-0.707106781187,0.));
#3145 = ORIENTED_EDGE('',*,*,#3146,.T.);
#3146 = EDGE_CURVE('',#3139,#3147,#3149,.T.);
#3147 = VERTEX_POINT('',#3148);
#3148 = CARTESIAN_POINT('',(1.016,-6.35,0.));
#3149 = LINE('',#3150,#3151);
#3150 = CARTESIAN_POINT('',(-1.016,-6.35,0.));
#3151 = VECTOR('',#3152,1.);
#3152 = DIRECTION('',(1.,0.,0.));
#3153 = ORIENTED_EDGE('',*,*,#3154,.T.);
#3154 = EDGE_CURVE('',#3147,#3155,#3157,.T.);
#3155 = VERTEX_POINT('',#3156);
#3156 = CARTESIAN_POINT('',(1.27,-6.096,0.));
#3157 = LINE('',#3158,#3159);
#3158 = CARTESIAN_POINT('',(1.016,-6.35,0.));
#3159 = VECTOR('',#3160,1.);
#3160 = DIRECTION('',(0.707106781187,0.707106781187,0.));
#3161 = ORIENTED_EDGE('',*,*,#3162,.T.);
#3162 = EDGE_CURVE('',#3155,#3163,#3165,.T.);
#3163 = VERTEX_POINT('',#3164);
#3164 = CARTESIAN_POINT('',(1.27,-4.064,0.));
#3165 = LINE('',#3166,#3167);
#3166 = CARTESIAN_POINT('',(1.27,-6.096,0.));
#3167 = VECTOR('',#3168,1.);
#3168 = DIRECTION('',(0.,1.,0.));
#3169 = ORIENTED_EDGE('',*,*,#3170,.T.);
#3170 = EDGE_CURVE('',#3163,#3171,#3173,.T.);
#3171 = VERTEX_POINT('',#3172);
#3172 = CARTESIAN_POINT('',(1.016,-3.81,0.));
#3173 = LINE('',#3174,#3175);
#3174 = CARTESIAN_POINT('',(1.27,-4.064,0.));
#3175 = VECTOR('',#3176,1.);
#3176 = DIRECTION('',(-0.707106781187,0.707106781187,0.));
#3177 = ORIENTED_EDGE('',*,*,#3178,.T.);
#3178 = EDGE_CURVE('',#3171,#3179,#3181,.T.);
#3179 = VERTEX_POINT('',#3180);
#3180 = CARTESIAN_POINT('',(1.27,-3.556,0.));
#3181 = LINE('',#3182,#3183);
#3182 = CARTESIAN_POINT('',(1.016,-3.81,0.));
#3183 = VECTOR('',#3184,1.);
#3184 = DIRECTION('',(0.707106781187,0.707106781187,0.));
#3185 = ORIENTED_EDGE('',*,*,#3186,.T.);
#3186 = EDGE_CURVE('',#3179,#3187,#3189,.T.);
#3187 = VERTEX_POINT('',#3188);
#3188 = CARTESIAN_POINT('',(1.27,-1.524,0.));
#3189 = LINE('',#3190,#3191);
#3190 = CARTESIAN_POINT('',(1.27,-3.556,0.));
#3191 = VECTOR('',#3192,1.);
#3192 = DIRECTION('',(0.,1.,0.));
#3193 = ORIENTED_EDGE('',*,*,#3194,.T.);
#3194 = EDGE_CURVE('',#3187,#3195,#3197,.T.);
#3195 = VERTEX_POINT('',#3196);
#3196 = CARTESIAN_POINT('',(1.016,-1.27,0.));
#3197 = LINE('',#3198,#3199);
#3198 = CARTESIAN_POINT('',(1.27,-1.524,0.));
#3199 = VECTOR('',#3200,1.);
#3200 = DIRECTION('',(-0.707106781187,0.707106781187,0.));
#3201 = ORIENTED_EDGE('',*,*,#3202,.T.);
#3202 = EDGE_CURVE('',#3195,#3203,#3205,.T.);
#3203 = VERTEX_POINT('',#3204);
#3204 = CARTESIAN_POINT('',(1.27,-1.016,0.));
#3205 = LINE('',#3206,#3207);
#3206 = CARTESIAN_POINT('',(1.016,-1.27,0.));
#3207 = VECTOR('',#3208,1.);
#3208 = DIRECTION('',(0.707106781187,0.707106781187,0.));
#3209 = ORIENTED_EDGE('',*,*,#3210,.T.);
#3210 = EDGE_CURVE('',#3203,#3211,#3213,.T.);
#3211 = VERTEX_POINT('',#3212);
#3212 = CARTESIAN_POINT('',(1.27,1.016,0.));
#3213 = LINE('',#3214,#3215);
#3214 = CARTESIAN_POINT('',(1.27,-1.016,0.));
#3215 = VECTOR('',#3216,1.);
#3216 = DIRECTION('',(0.,1.,0.));
#3217 = ORIENTED_EDGE('',*,*,#3218,.T.);
#3218 = EDGE_CURVE('',#3211,#3027,#3219,.T.);
#3219 = LINE('',#3220,#3221);
#3220 = CARTESIAN_POINT('',(1.27,1.016,0.));
#3221 = VECTOR('',#3222,1.);
#3222 = DIRECTION('',(-0.707106781187,0.707106781187,0.));
#3223 = ORIENTED_EDGE('',*,*,#3043,.T.);
#3224 = FACE_BOUND('',#3225,.F.);
#3225 = EDGE_LOOP('',(#3226,#3236,#3244,#3252));
#3226 = ORIENTED_EDGE('',*,*,#3227,.F.);
#3227 = EDGE_CURVE('',#3228,#3230,#3232,.T.);
#3228 = VERTEX_POINT('',#3229);
#3229 = CARTESIAN_POINT('',(0.32,-0.32,0.));
#3230 = VERTEX_POINT('',#3231);
#3231 = CARTESIAN_POINT('',(0.32,0.32,0.));
#3232 = LINE('',#3233,#3234);
#3233 = CARTESIAN_POINT('',(0.32,-1.43,0.));
#3234 = VECTOR('',#3235,1.);
#3235 = DIRECTION('',(0.,1.,0.));
#3236 = ORIENTED_EDGE('',*,*,#3237,.T.);
#3237 = EDGE_CURVE('',#3228,#3238,#3240,.T.);
#3238 = VERTEX_POINT('',#3239);
#3239 = CARTESIAN_POINT('',(-0.32,-0.32,0.));
#3240 = LINE('',#3241,#3242);
#3241 = CARTESIAN_POINT('',(-0.16,-0.32,0.));
#3242 = VECTOR('',#3243,1.);
#3243 = DIRECTION('',(-1.,0.,0.));
#3244 = ORIENTED_EDGE('',*,*,#3245,.T.);
#3245 = EDGE_CURVE('',#3238,#3246,#3248,.T.);
#3246 = VERTEX_POINT('',#3247);
#3247 = CARTESIAN_POINT('',(-0.32,0.32,0.));
#3248 = LINE('',#3249,#3250);
#3249 = CARTESIAN_POINT('',(-0.32,-1.43,0.));
#3250 = VECTOR('',#3251,1.);
#3251 = DIRECTION('',(0.,1.,0.));
#3252 = ORIENTED_EDGE('',*,*,#3253,.F.);
#3253 = EDGE_CURVE('',#3230,#3246,#3254,.T.);
#3254 = LINE('',#3255,#3256);
#3255 = CARTESIAN_POINT('',(-0.16,0.32,0.));
#3256 = VECTOR('',#3257,1.);
#3257 = DIRECTION('',(-1.,0.,0.));
#3258 = FACE_BOUND('',#3259,.F.);
#3259 = EDGE_LOOP('',(#3260,#3270,#3278,#3286));
#3260 = ORIENTED_EDGE('',*,*,#3261,.T.);
#3261 = EDGE_CURVE('',#3262,#3264,#3266,.T.);
#3262 = VERTEX_POINT('',#3263);
#3263 = CARTESIAN_POINT('',(0.32,-2.86,0.));
#3264 = VERTEX_POINT('',#3265);
#3265 = CARTESIAN_POINT('',(-0.32,-2.86,0.));
#3266 = LINE('',#3267,#3268);
#3267 = CARTESIAN_POINT('',(-0.16,-2.86,0.));
#3268 = VECTOR('',#3269,1.);
#3269 = DIRECTION('',(-1.,0.,0.));
#3270 = ORIENTED_EDGE('',*,*,#3271,.T.);
#3271 = EDGE_CURVE('',#3264,#3272,#3274,.T.);
#3272 = VERTEX_POINT('',#3273);
#3273 = CARTESIAN_POINT('',(-0.32,-2.22,0.));
#3274 = LINE('',#3275,#3276);
#3275 = CARTESIAN_POINT('',(-0.32,-2.7,0.));
#3276 = VECTOR('',#3277,1.);
#3277 = DIRECTION('',(0.,1.,0.));
#3278 = ORIENTED_EDGE('',*,*,#3279,.F.);
#3279 = EDGE_CURVE('',#3280,#3272,#3282,.T.);
#3280 = VERTEX_POINT('',#3281);
#3281 = CARTESIAN_POINT('',(0.32,-2.22,0.));
#3282 = LINE('',#3283,#3284);
#3283 = CARTESIAN_POINT('',(-0.16,-2.22,0.));
#3284 = VECTOR('',#3285,1.);
#3285 = DIRECTION('',(-1.,0.,0.));
#3286 = ORIENTED_EDGE('',*,*,#3287,.F.);
#3287 = EDGE_CURVE('',#3262,#3280,#3288,.T.);
#3288 = LINE('',#3289,#3290);
#3289 = CARTESIAN_POINT('',(0.32,-2.7,0.));
#3290 = VECTOR('',#3291,1.);
#3291 = DIRECTION('',(0.,1.,0.));
#3292 = FACE_BOUND('',#3293,.F.);
#3293 = EDGE_LOOP('',(#3294,#3304,#3312,#3320));
#3294 = ORIENTED_EDGE('',*,*,#3295,.F.);
#3295 = EDGE_CURVE('',#3296,#3298,#3300,.T.);
#3296 = VERTEX_POINT('',#3297);
#3297 = CARTESIAN_POINT('',(0.32,-4.76,0.));
#3298 = VERTEX_POINT('',#3299);
#3299 = CARTESIAN_POINT('',(-0.32,-4.76,0.));
#3300 = LINE('',#3301,#3302);
#3301 = CARTESIAN_POINT('',(-0.16,-4.76,0.));
#3302 = VECTOR('',#3303,1.);
#3303 = DIRECTION('',(-1.,0.,0.));
#3304 = ORIENTED_EDGE('',*,*,#3305,.F.);
#3305 = EDGE_CURVE('',#3306,#3296,#3308,.T.);
#3306 = VERTEX_POINT('',#3307);
#3307 = CARTESIAN_POINT('',(0.32,-5.4,0.));
#3308 = LINE('',#3309,#3310);
#3309 = CARTESIAN_POINT('',(0.32,-3.97,0.));
#3310 = VECTOR('',#3311,1.);
#3311 = DIRECTION('',(0.,1.,0.));
#3312 = ORIENTED_EDGE('',*,*,#3313,.T.);
#3313 = EDGE_CURVE('',#3306,#3314,#3316,.T.);
#3314 = VERTEX_POINT('',#3315);
#3315 = CARTESIAN_POINT('',(-0.32,-5.4,0.));
#3316 = LINE('',#3317,#3318);
#3317 = CARTESIAN_POINT('',(-0.16,-5.4,0.));
#3318 = VECTOR('',#3319,1.);
#3319 = DIRECTION('',(-1.,0.,0.));
#3320 = ORIENTED_EDGE('',*,*,#3321,.T.);
#3321 = EDGE_CURVE('',#3314,#3298,#3322,.T.);
#3322 = LINE('',#3323,#3324);
#3323 = CARTESIAN_POINT('',(-0.32,-3.97,0.));
#3324 = VECTOR('',#3325,1.);
#3325 = DIRECTION('',(0.,1.,0.));
#3326 = PLANE('',#3327);
#3327 = AXIS2_PLACEMENT_3D('',#3328,#3329,#3330);
#3328 = CARTESIAN_POINT('',(5.398204781459E-17,-2.54,0.));
#3329 = DIRECTION('',(0.,0.,1.));
#3330 = DIRECTION('',(1.,0.,-0.));
#3331 = ADVANCED_FACE('',(#3332,#3471,#3505,#3539),#3573,.T.);
#3332 = FACE_BOUND('',#3333,.T.);
#3333 = EDGE_LOOP('',(#3334,#3335,#3336,#3344,#3352,#3360,#3368,#3376,
    #3384,#3392,#3400,#3408,#3416,#3424,#3432,#3440,#3448,#3456,#3464,
    #3470));
#3334 = ORIENTED_EDGE('',*,*,#2996,.T.);
#3335 = ORIENTED_EDGE('',*,*,#3058,.T.);
#3336 = ORIENTED_EDGE('',*,*,#3337,.T.);
#3337 = EDGE_CURVE('',#3059,#3338,#3340,.T.);
#3338 = VERTEX_POINT('',#3339);
#3339 = CARTESIAN_POINT('',(-1.016,-1.27,2.54));
#3340 = LINE('',#3341,#3342);
#3341 = CARTESIAN_POINT('',(-1.27,-1.016,2.54));
#3342 = VECTOR('',#3343,1.);
#3343 = DIRECTION('',(0.707106781187,-0.707106781187,0.));
#3344 = ORIENTED_EDGE('',*,*,#3345,.T.);
#3345 = EDGE_CURVE('',#3338,#3346,#3348,.T.);
#3346 = VERTEX_POINT('',#3347);
#3347 = CARTESIAN_POINT('',(-1.27,-1.524,2.54));
#3348 = LINE('',#3349,#3350);
#3349 = CARTESIAN_POINT('',(-1.016,-1.27,2.54));
#3350 = VECTOR('',#3351,1.);
#3351 = DIRECTION('',(-0.707106781187,-0.707106781187,0.));
#3352 = ORIENTED_EDGE('',*,*,#3353,.T.);
#3353 = EDGE_CURVE('',#3346,#3354,#3356,.T.);
#3354 = VERTEX_POINT('',#3355);
#3355 = CARTESIAN_POINT('',(-1.27,-3.556,2.54));
#3356 = LINE('',#3357,#3358);
#3357 = CARTESIAN_POINT('',(-1.27,-1.524,2.54));
#3358 = VECTOR('',#3359,1.);
#3359 = DIRECTION('',(0.,-1.,0.));
#3360 = ORIENTED_EDGE('',*,*,#3361,.T.);
#3361 = EDGE_CURVE('',#3354,#3362,#3364,.T.);
#3362 = VERTEX_POINT('',#3363);
#3363 = CARTESIAN_POINT('',(-1.016,-3.81,2.54));
#3364 = LINE('',#3365,#3366);
#3365 = CARTESIAN_POINT('',(-1.27,-3.556,2.54));
#3366 = VECTOR('',#3367,1.);
#3367 = DIRECTION('',(0.707106781187,-0.707106781187,0.));
#3368 = ORIENTED_EDGE('',*,*,#3369,.T.);
#3369 = EDGE_CURVE('',#3362,#3370,#3372,.T.);
#3370 = VERTEX_POINT('',#3371);
#3371 = CARTESIAN_POINT('',(-1.27,-4.064,2.54));
#3372 = LINE('',#3373,#3374);
#3373 = CARTESIAN_POINT('',(-1.016,-3.81,2.54));
#3374 = VECTOR('',#3375,1.);
#3375 = DIRECTION('',(-0.707106781187,-0.707106781187,0.));
#3376 = ORIENTED_EDGE('',*,*,#3377,.T.);
#3377 = EDGE_CURVE('',#3370,#3378,#3380,.T.);
#3378 = VERTEX_POINT('',#3379);
#3379 = CARTESIAN_POINT('',(-1.27,-6.096,2.54));
#3380 = LINE('',#3381,#3382);
#3381 = CARTESIAN_POINT('',(-1.27,-4.064,2.54));
#3382 = VECTOR('',#3383,1.);
#3383 = DIRECTION('',(0.,-1.,0.));
#3384 = ORIENTED_EDGE('',*,*,#3385,.T.);
#3385 = EDGE_CURVE('',#3378,#3386,#3388,.T.);
#3386 = VERTEX_POINT('',#3387);
#3387 = CARTESIAN_POINT('',(-1.016,-6.35,2.54));
#3388 = LINE('',#3389,#3390);
#3389 = CARTESIAN_POINT('',(-1.27,-6.096,2.54));
#3390 = VECTOR('',#3391,1.);
#3391 = DIRECTION('',(0.707106781187,-0.707106781187,0.));
#3392 = ORIENTED_EDGE('',*,*,#3393,.T.);
#3393 = EDGE_CURVE('',#3386,#3394,#3396,.T.);
#3394 = VERTEX_POINT('',#3395);
#3395 = CARTESIAN_POINT('',(1.016,-6.35,2.54));
#3396 = LINE('',#3397,#3398);
#3397 = CARTESIAN_POINT('',(-1.016,-6.35,2.54));
#3398 = VECTOR('',#3399,1.);
#3399 = DIRECTION('',(1.,0.,0.));
#3400 = ORIENTED_EDGE('',*,*,#3401,.T.);
#3401 = EDGE_CURVE('',#3394,#3402,#3404,.T.);
#3402 = VERTEX_POINT('',#3403);
#3403 = CARTESIAN_POINT('',(1.27,-6.096,2.54));
#3404 = LINE('',#3405,#3406);
#3405 = CARTESIAN_POINT('',(1.016,-6.35,2.54));
#3406 = VECTOR('',#3407,1.);
#3407 = DIRECTION('',(0.707106781187,0.707106781187,0.));
#3408 = ORIENTED_EDGE('',*,*,#3409,.T.);
#3409 = EDGE_CURVE('',#3402,#3410,#3412,.T.);
#3410 = VERTEX_POINT('',#3411);
#3411 = CARTESIAN_POINT('',(1.27,-4.064,2.54));
#3412 = LINE('',#3413,#3414);
#3413 = CARTESIAN_POINT('',(1.27,-6.096,2.54));
#3414 = VECTOR('',#3415,1.);
#3415 = DIRECTION('',(0.,1.,0.));
#3416 = ORIENTED_EDGE('',*,*,#3417,.T.);
#3417 = EDGE_CURVE('',#3410,#3418,#3420,.T.);
#3418 = VERTEX_POINT('',#3419);
#3419 = CARTESIAN_POINT('',(1.016,-3.81,2.54));
#3420 = LINE('',#3421,#3422);
#3421 = CARTESIAN_POINT('',(1.27,-4.064,2.54));
#3422 = VECTOR('',#3423,1.);
#3423 = DIRECTION('',(-0.707106781187,0.707106781187,0.));
#3424 = ORIENTED_EDGE('',*,*,#3425,.T.);
#3425 = EDGE_CURVE('',#3418,#3426,#3428,.T.);
#3426 = VERTEX_POINT('',#3427);
#3427 = CARTESIAN_POINT('',(1.27,-3.556,2.54));
#3428 = LINE('',#3429,#3430);
#3429 = CARTESIAN_POINT('',(1.016,-3.81,2.54));
#3430 = VECTOR('',#3431,1.);
#3431 = DIRECTION('',(0.707106781187,0.707106781187,0.));
#3432 = ORIENTED_EDGE('',*,*,#3433,.T.);
#3433 = EDGE_CURVE('',#3426,#3434,#3436,.T.);
#3434 = VERTEX_POINT('',#3435);
#3435 = CARTESIAN_POINT('',(1.27,-1.524,2.54));
#3436 = LINE('',#3437,#3438);
#3437 = CARTESIAN_POINT('',(1.27,-3.556,2.54));
#3438 = VECTOR('',#3439,1.);
#3439 = DIRECTION('',(0.,1.,0.));
#3440 = ORIENTED_EDGE('',*,*,#3441,.T.);
#3441 = EDGE_CURVE('',#3434,#3442,#3444,.T.);
#3442 = VERTEX_POINT('',#3443);
#3443 = CARTESIAN_POINT('',(1.016,-1.27,2.54));
#3444 = LINE('',#3445,#3446);
#3445 = CARTESIAN_POINT('',(1.27,-1.524,2.54));
#3446 = VECTOR('',#3447,1.);
#3447 = DIRECTION('',(-0.707106781187,0.707106781187,0.));
#3448 = ORIENTED_EDGE('',*,*,#3449,.T.);
#3449 = EDGE_CURVE('',#3442,#3450,#3452,.T.);
#3450 = VERTEX_POINT('',#3451);
#3451 = CARTESIAN_POINT('',(1.27,-1.016,2.54));
#3452 = LINE('',#3453,#3454);
#3453 = CARTESIAN_POINT('',(1.016,-1.27,2.54));
#3454 = VECTOR('',#3455,1.);
#3455 = DIRECTION('',(0.707106781187,0.707106781187,0.));
#3456 = ORIENTED_EDGE('',*,*,#3457,.T.);
#3457 = EDGE_CURVE('',#3450,#3458,#3460,.T.);
#3458 = VERTEX_POINT('',#3459);
#3459 = CARTESIAN_POINT('',(1.27,1.016,2.54));
#3460 = LINE('',#3461,#3462);
#3461 = CARTESIAN_POINT('',(1.27,-1.016,2.54));
#3462 = VECTOR('',#3463,1.);
#3463 = DIRECTION('',(0.,1.,0.));
#3464 = ORIENTED_EDGE('',*,*,#3465,.T.);
#3465 = EDGE_CURVE('',#3458,#3029,#3466,.T.);
#3466 = LINE('',#3467,#3468);
#3467 = CARTESIAN_POINT('',(1.27,1.016,2.54));
#3468 = VECTOR('',#3469,1.);
#3469 = DIRECTION('',(-0.707106781187,0.707106781187,0.));
#3470 = ORIENTED_EDGE('',*,*,#3036,.T.);
#3471 = FACE_BOUND('',#3472,.T.);
#3472 = EDGE_LOOP('',(#3473,#3483,#3491,#3499));
#3473 = ORIENTED_EDGE('',*,*,#3474,.F.);
#3474 = EDGE_CURVE('',#3475,#3477,#3479,.T.);
#3475 = VERTEX_POINT('',#3476);
#3476 = CARTESIAN_POINT('',(0.32,-0.32,2.54));
#3477 = VERTEX_POINT('',#3478);
#3478 = CARTESIAN_POINT('',(0.32,0.32,2.54));
#3479 = LINE('',#3480,#3481);
#3480 = CARTESIAN_POINT('',(0.32,-1.43,2.54));
#3481 = VECTOR('',#3482,1.);
#3482 = DIRECTION('',(0.,1.,0.));
#3483 = ORIENTED_EDGE('',*,*,#3484,.T.);
#3484 = EDGE_CURVE('',#3475,#3485,#3487,.T.);
#3485 = VERTEX_POINT('',#3486);
#3486 = CARTESIAN_POINT('',(-0.32,-0.32,2.54));
#3487 = LINE('',#3488,#3489);
#3488 = CARTESIAN_POINT('',(-0.16,-0.32,2.54));
#3489 = VECTOR('',#3490,1.);
#3490 = DIRECTION('',(-1.,0.,0.));
#3491 = ORIENTED_EDGE('',*,*,#3492,.T.);
#3492 = EDGE_CURVE('',#3485,#3493,#3495,.T.);
#3493 = VERTEX_POINT('',#3494);
#3494 = CARTESIAN_POINT('',(-0.32,0.32,2.54));
#3495 = LINE('',#3496,#3497);
#3496 = CARTESIAN_POINT('',(-0.32,-1.43,2.54));
#3497 = VECTOR('',#3498,1.);
#3498 = DIRECTION('',(0.,1.,0.));
#3499 = ORIENTED_EDGE('',*,*,#3500,.F.);
#3500 = EDGE_CURVE('',#3477,#3493,#3501,.T.);
#3501 = LINE('',#3502,#3503);
#3502 = CARTESIAN_POINT('',(-0.16,0.32,2.54));
#3503 = VECTOR('',#3504,1.);
#3504 = DIRECTION('',(-1.,0.,0.));
#3505 = FACE_BOUND('',#3506,.T.);
#3506 = EDGE_LOOP('',(#3507,#3517,#3525,#3533));
#3507 = ORIENTED_EDGE('',*,*,#3508,.T.);
#3508 = EDGE_CURVE('',#3509,#3511,#3513,.T.);
#3509 = VERTEX_POINT('',#3510);
#3510 = CARTESIAN_POINT('',(0.32,-2.86,2.54));
#3511 = VERTEX_POINT('',#3512);
#3512 = CARTESIAN_POINT('',(-0.32,-2.86,2.54));
#3513 = LINE('',#3514,#3515);
#3514 = CARTESIAN_POINT('',(-0.16,-2.86,2.54));
#3515 = VECTOR('',#3516,1.);
#3516 = DIRECTION('',(-1.,0.,0.));
#3517 = ORIENTED_EDGE('',*,*,#3518,.T.);
#3518 = EDGE_CURVE('',#3511,#3519,#3521,.T.);
#3519 = VERTEX_POINT('',#3520);
#3520 = CARTESIAN_POINT('',(-0.32,-2.22,2.54));
#3521 = LINE('',#3522,#3523);
#3522 = CARTESIAN_POINT('',(-0.32,-2.7,2.54));
#3523 = VECTOR('',#3524,1.);
#3524 = DIRECTION('',(0.,1.,0.));
#3525 = ORIENTED_EDGE('',*,*,#3526,.F.);
#3526 = EDGE_CURVE('',#3527,#3519,#3529,.T.);
#3527 = VERTEX_POINT('',#3528);
#3528 = CARTESIAN_POINT('',(0.32,-2.22,2.54));
#3529 = LINE('',#3530,#3531);
#3530 = CARTESIAN_POINT('',(-0.16,-2.22,2.54));
#3531 = VECTOR('',#3532,1.);
#3532 = DIRECTION('',(-1.,0.,0.));
#3533 = ORIENTED_EDGE('',*,*,#3534,.F.);
#3534 = EDGE_CURVE('',#3509,#3527,#3535,.T.);
#3535 = LINE('',#3536,#3537);
#3536 = CARTESIAN_POINT('',(0.32,-2.7,2.54));
#3537 = VECTOR('',#3538,1.);
#3538 = DIRECTION('',(0.,1.,0.));
#3539 = FACE_BOUND('',#3540,.T.);
#3540 = EDGE_LOOP('',(#3541,#3551,#3559,#3567));
#3541 = ORIENTED_EDGE('',*,*,#3542,.F.);
#3542 = EDGE_CURVE('',#3543,#3545,#3547,.T.);
#3543 = VERTEX_POINT('',#3544);
#3544 = CARTESIAN_POINT('',(0.32,-4.76,2.54));
#3545 = VERTEX_POINT('',#3546);
#3546 = CARTESIAN_POINT('',(-0.32,-4.76,2.54));
#3547 = LINE('',#3548,#3549);
#3548 = CARTESIAN_POINT('',(-0.16,-4.76,2.54));
#3549 = VECTOR('',#3550,1.);
#3550 = DIRECTION('',(-1.,0.,0.));
#3551 = ORIENTED_EDGE('',*,*,#3552,.F.);
#3552 = EDGE_CURVE('',#3553,#3543,#3555,.T.);
#3553 = VERTEX_POINT('',#3554);
#3554 = CARTESIAN_POINT('',(0.32,-5.4,2.54));
#3555 = LINE('',#3556,#3557);
#3556 = CARTESIAN_POINT('',(0.32,-3.97,2.54));
#3557 = VECTOR('',#3558,1.);
#3558 = DIRECTION('',(0.,1.,0.));
#3559 = ORIENTED_EDGE('',*,*,#3560,.T.);
#3560 = EDGE_CURVE('',#3553,#3561,#3563,.T.);
#3561 = VERTEX_POINT('',#3562);
#3562 = CARTESIAN_POINT('',(-0.32,-5.4,2.54));
#3563 = LINE('',#3564,#3565);
#3564 = CARTESIAN_POINT('',(-0.16,-5.4,2.54));
#3565 = VECTOR('',#3566,1.);
#3566 = DIRECTION('',(-1.,0.,0.));
#3567 = ORIENTED_EDGE('',*,*,#3568,.T.);
#3568 = EDGE_CURVE('',#3561,#3545,#3569,.T.);
#3569 = LINE('',#3570,#3571);
#3570 = CARTESIAN_POINT('',(-0.32,-3.97,2.54));
#3571 = VECTOR('',#3572,1.);
#3572 = DIRECTION('',(0.,1.,0.));
#3573 = PLANE('',#3574);
#3574 = AXIS2_PLACEMENT_3D('',#3575,#3576,#3577);
#3575 = CARTESIAN_POINT('',(5.398204781459E-17,-2.54,2.54));
#3576 = DIRECTION('',(0.,0.,1.));
#3577 = DIRECTION('',(1.,0.,-0.));
#3578 = ADVANCED_FACE('',(#3579),#3590,.F.);
#3579 = FACE_BOUND('',#3580,.F.);
#3580 = EDGE_LOOP('',(#3581,#3587,#3588,#3589));
#3581 = ORIENTED_EDGE('',*,*,#3582,.T.);
#3582 = EDGE_CURVE('',#3211,#3458,#3583,.T.);
#3583 = LINE('',#3584,#3585);
#3584 = CARTESIAN_POINT('',(1.27,1.016,0.));
#3585 = VECTOR('',#3586,1.);
#3586 = DIRECTION('',(0.,0.,1.));
#3587 = ORIENTED_EDGE('',*,*,#3465,.T.);
#3588 = ORIENTED_EDGE('',*,*,#3026,.F.);
#3589 = ORIENTED_EDGE('',*,*,#3218,.F.);
#3590 = PLANE('',#3591);
#3591 = AXIS2_PLACEMENT_3D('',#3592,#3593,#3594);
#3592 = CARTESIAN_POINT('',(1.27,1.016,0.));
#3593 = DIRECTION('',(-0.707106781187,-0.707106781187,0.));
#3594 = DIRECTION('',(-0.707106781187,0.707106781187,0.));
#3595 = ADVANCED_FACE('',(#3596),#3607,.F.);
#3596 = FACE_BOUND('',#3597,.F.);
#3597 = EDGE_LOOP('',(#3598,#3599,#3600,#3606));
#3598 = ORIENTED_EDGE('',*,*,#3066,.T.);
#3599 = ORIENTED_EDGE('',*,*,#3337,.T.);
#3600 = ORIENTED_EDGE('',*,*,#3601,.F.);
#3601 = EDGE_CURVE('',#3091,#3338,#3602,.T.);
#3602 = LINE('',#3603,#3604);
#3603 = CARTESIAN_POINT('',(-1.016,-1.27,0.));
#3604 = VECTOR('',#3605,1.);
#3605 = DIRECTION('',(0.,0.,1.));
#3606 = ORIENTED_EDGE('',*,*,#3090,.F.);
#3607 = PLANE('',#3608);
#3608 = AXIS2_PLACEMENT_3D('',#3609,#3610,#3611);
#3609 = CARTESIAN_POINT('',(-1.27,-1.016,0.));
#3610 = DIRECTION('',(0.707106781187,0.707106781187,0.));
#3611 = DIRECTION('',(0.707106781187,-0.707106781187,0.));
#3612 = ADVANCED_FACE('',(#3613),#3624,.F.);
#3613 = FACE_BOUND('',#3614,.F.);
#3614 = EDGE_LOOP('',(#3615,#3621,#3622,#3623));
#3615 = ORIENTED_EDGE('',*,*,#3616,.T.);
#3616 = EDGE_CURVE('',#3203,#3450,#3617,.T.);
#3617 = LINE('',#3618,#3619);
#3618 = CARTESIAN_POINT('',(1.27,-1.016,0.));
#3619 = VECTOR('',#3620,1.);
#3620 = DIRECTION('',(0.,0.,1.));
#3621 = ORIENTED_EDGE('',*,*,#3457,.T.);
#3622 = ORIENTED_EDGE('',*,*,#3582,.F.);
#3623 = ORIENTED_EDGE('',*,*,#3210,.F.);
#3624 = PLANE('',#3625);
#3625 = AXIS2_PLACEMENT_3D('',#3626,#3627,#3628);
#3626 = CARTESIAN_POINT('',(1.27,-1.016,0.));
#3627 = DIRECTION('',(-1.,0.,0.));
#3628 = DIRECTION('',(0.,1.,0.));
#3629 = ADVANCED_FACE('',(#3630),#3641,.F.);
#3630 = FACE_BOUND('',#3631,.F.);
#3631 = EDGE_LOOP('',(#3632,#3633,#3634,#3640));
#3632 = ORIENTED_EDGE('',*,*,#3601,.T.);
#3633 = ORIENTED_EDGE('',*,*,#3345,.T.);
#3634 = ORIENTED_EDGE('',*,*,#3635,.F.);
#3635 = EDGE_CURVE('',#3099,#3346,#3636,.T.);
#3636 = LINE('',#3637,#3638);
#3637 = CARTESIAN_POINT('',(-1.27,-1.524,0.));
#3638 = VECTOR('',#3639,1.);
#3639 = DIRECTION('',(0.,0.,1.));
#3640 = ORIENTED_EDGE('',*,*,#3098,.F.);
#3641 = PLANE('',#3642);
#3642 = AXIS2_PLACEMENT_3D('',#3643,#3644,#3645);
#3643 = CARTESIAN_POINT('',(-1.016,-1.27,0.));
#3644 = DIRECTION('',(0.707106781187,-0.707106781187,0.));
#3645 = DIRECTION('',(-0.707106781187,-0.707106781187,0.));
#3646 = ADVANCED_FACE('',(#3647),#3658,.F.);
#3647 = FACE_BOUND('',#3648,.F.);
#3648 = EDGE_LOOP('',(#3649,#3655,#3656,#3657));
#3649 = ORIENTED_EDGE('',*,*,#3650,.T.);
#3650 = EDGE_CURVE('',#3195,#3442,#3651,.T.);
#3651 = LINE('',#3652,#3653);
#3652 = CARTESIAN_POINT('',(1.016,-1.27,0.));
#3653 = VECTOR('',#3654,1.);
#3654 = DIRECTION('',(0.,0.,1.));
#3655 = ORIENTED_EDGE('',*,*,#3449,.T.);
#3656 = ORIENTED_EDGE('',*,*,#3616,.F.);
#3657 = ORIENTED_EDGE('',*,*,#3202,.F.);
#3658 = PLANE('',#3659);
#3659 = AXIS2_PLACEMENT_3D('',#3660,#3661,#3662);
#3660 = CARTESIAN_POINT('',(1.016,-1.27,0.));
#3661 = DIRECTION('',(-0.707106781187,0.707106781187,0.));
#3662 = DIRECTION('',(0.707106781187,0.707106781187,0.));
#3663 = ADVANCED_FACE('',(#3664),#3675,.F.);
#3664 = FACE_BOUND('',#3665,.F.);
#3665 = EDGE_LOOP('',(#3666,#3667,#3668,#3674));
#3666 = ORIENTED_EDGE('',*,*,#3635,.T.);
#3667 = ORIENTED_EDGE('',*,*,#3353,.T.);
#3668 = ORIENTED_EDGE('',*,*,#3669,.F.);
#3669 = EDGE_CURVE('',#3107,#3354,#3670,.T.);
#3670 = LINE('',#3671,#3672);
#3671 = CARTESIAN_POINT('',(-1.27,-3.556,0.));
#3672 = VECTOR('',#3673,1.);
#3673 = DIRECTION('',(0.,0.,1.));
#3674 = ORIENTED_EDGE('',*,*,#3106,.F.);
#3675 = PLANE('',#3676);
#3676 = AXIS2_PLACEMENT_3D('',#3677,#3678,#3679);
#3677 = CARTESIAN_POINT('',(-1.27,-1.524,0.));
#3678 = DIRECTION('',(1.,0.,0.));
#3679 = DIRECTION('',(0.,-1.,0.));
#3680 = ADVANCED_FACE('',(#3681),#3692,.F.);
#3681 = FACE_BOUND('',#3682,.F.);
#3682 = EDGE_LOOP('',(#3683,#3689,#3690,#3691));
#3683 = ORIENTED_EDGE('',*,*,#3684,.T.);
#3684 = EDGE_CURVE('',#3187,#3434,#3685,.T.);
#3685 = LINE('',#3686,#3687);
#3686 = CARTESIAN_POINT('',(1.27,-1.524,0.));
#3687 = VECTOR('',#3688,1.);
#3688 = DIRECTION('',(0.,0.,1.));
#3689 = ORIENTED_EDGE('',*,*,#3441,.T.);
#3690 = ORIENTED_EDGE('',*,*,#3650,.F.);
#3691 = ORIENTED_EDGE('',*,*,#3194,.F.);
#3692 = PLANE('',#3693);
#3693 = AXIS2_PLACEMENT_3D('',#3694,#3695,#3696);
#3694 = CARTESIAN_POINT('',(1.27,-1.524,0.));
#3695 = DIRECTION('',(-0.707106781187,-0.707106781187,0.));
#3696 = DIRECTION('',(-0.707106781187,0.707106781187,0.));
#3697 = ADVANCED_FACE('',(#3698),#3709,.F.);
#3698 = FACE_BOUND('',#3699,.F.);
#3699 = EDGE_LOOP('',(#3700,#3701,#3702,#3708));
#3700 = ORIENTED_EDGE('',*,*,#3669,.T.);
#3701 = ORIENTED_EDGE('',*,*,#3361,.T.);
#3702 = ORIENTED_EDGE('',*,*,#3703,.F.);
#3703 = EDGE_CURVE('',#3115,#3362,#3704,.T.);
#3704 = LINE('',#3705,#3706);
#3705 = CARTESIAN_POINT('',(-1.016,-3.81,0.));
#3706 = VECTOR('',#3707,1.);
#3707 = DIRECTION('',(0.,0.,1.));
#3708 = ORIENTED_EDGE('',*,*,#3114,.F.);
#3709 = PLANE('',#3710);
#3710 = AXIS2_PLACEMENT_3D('',#3711,#3712,#3713);
#3711 = CARTESIAN_POINT('',(-1.27,-3.556,0.));
#3712 = DIRECTION('',(0.707106781187,0.707106781187,0.));
#3713 = DIRECTION('',(0.707106781187,-0.707106781187,0.));
#3714 = ADVANCED_FACE('',(#3715),#3726,.F.);
#3715 = FACE_BOUND('',#3716,.F.);
#3716 = EDGE_LOOP('',(#3717,#3723,#3724,#3725));
#3717 = ORIENTED_EDGE('',*,*,#3718,.T.);
#3718 = EDGE_CURVE('',#3179,#3426,#3719,.T.);
#3719 = LINE('',#3720,#3721);
#3720 = CARTESIAN_POINT('',(1.27,-3.556,0.));
#3721 = VECTOR('',#3722,1.);
#3722 = DIRECTION('',(0.,0.,1.));
#3723 = ORIENTED_EDGE('',*,*,#3433,.T.);
#3724 = ORIENTED_EDGE('',*,*,#3684,.F.);
#3725 = ORIENTED_EDGE('',*,*,#3186,.F.);
#3726 = PLANE('',#3727);
#3727 = AXIS2_PLACEMENT_3D('',#3728,#3729,#3730);
#3728 = CARTESIAN_POINT('',(1.27,-3.556,0.));
#3729 = DIRECTION('',(-1.,0.,0.));
#3730 = DIRECTION('',(0.,1.,0.));
#3731 = ADVANCED_FACE('',(#3732),#3743,.F.);
#3732 = FACE_BOUND('',#3733,.F.);
#3733 = EDGE_LOOP('',(#3734,#3735,#3736,#3742));
#3734 = ORIENTED_EDGE('',*,*,#3703,.T.);
#3735 = ORIENTED_EDGE('',*,*,#3369,.T.);
#3736 = ORIENTED_EDGE('',*,*,#3737,.F.);
#3737 = EDGE_CURVE('',#3123,#3370,#3738,.T.);
#3738 = LINE('',#3739,#3740);
#3739 = CARTESIAN_POINT('',(-1.27,-4.064,0.));
#3740 = VECTOR('',#3741,1.);
#3741 = DIRECTION('',(0.,0.,1.));
#3742 = ORIENTED_EDGE('',*,*,#3122,.F.);
#3743 = PLANE('',#3744);
#3744 = AXIS2_PLACEMENT_3D('',#3745,#3746,#3747);
#3745 = CARTESIAN_POINT('',(-1.016,-3.81,0.));
#3746 = DIRECTION('',(0.707106781187,-0.707106781187,0.));
#3747 = DIRECTION('',(-0.707106781187,-0.707106781187,0.));
#3748 = ADVANCED_FACE('',(#3749),#3760,.F.);
#3749 = FACE_BOUND('',#3750,.F.);
#3750 = EDGE_LOOP('',(#3751,#3757,#3758,#3759));
#3751 = ORIENTED_EDGE('',*,*,#3752,.T.);
#3752 = EDGE_CURVE('',#3171,#3418,#3753,.T.);
#3753 = LINE('',#3754,#3755);
#3754 = CARTESIAN_POINT('',(1.016,-3.81,0.));
#3755 = VECTOR('',#3756,1.);
#3756 = DIRECTION('',(0.,0.,1.));
#3757 = ORIENTED_EDGE('',*,*,#3425,.T.);
#3758 = ORIENTED_EDGE('',*,*,#3718,.F.);
#3759 = ORIENTED_EDGE('',*,*,#3178,.F.);
#3760 = PLANE('',#3761);
#3761 = AXIS2_PLACEMENT_3D('',#3762,#3763,#3764);
#3762 = CARTESIAN_POINT('',(1.016,-3.81,0.));
#3763 = DIRECTION('',(-0.707106781187,0.707106781187,0.));
#3764 = DIRECTION('',(0.707106781187,0.707106781187,0.));
#3765 = ADVANCED_FACE('',(#3766),#3777,.F.);
#3766 = FACE_BOUND('',#3767,.F.);
#3767 = EDGE_LOOP('',(#3768,#3769,#3770,#3776));
#3768 = ORIENTED_EDGE('',*,*,#3737,.T.);
#3769 = ORIENTED_EDGE('',*,*,#3377,.T.);
#3770 = ORIENTED_EDGE('',*,*,#3771,.F.);
#3771 = EDGE_CURVE('',#3131,#3378,#3772,.T.);
#3772 = LINE('',#3773,#3774);
#3773 = CARTESIAN_POINT('',(-1.27,-6.096,0.));
#3774 = VECTOR('',#3775,1.);
#3775 = DIRECTION('',(0.,0.,1.));
#3776 = ORIENTED_EDGE('',*,*,#3130,.F.);
#3777 = PLANE('',#3778);
#3778 = AXIS2_PLACEMENT_3D('',#3779,#3780,#3781);
#3779 = CARTESIAN_POINT('',(-1.27,-4.064,0.));
#3780 = DIRECTION('',(1.,0.,0.));
#3781 = DIRECTION('',(0.,-1.,0.));
#3782 = ADVANCED_FACE('',(#3783),#3794,.F.);
#3783 = FACE_BOUND('',#3784,.F.);
#3784 = EDGE_LOOP('',(#3785,#3791,#3792,#3793));
#3785 = ORIENTED_EDGE('',*,*,#3786,.T.);
#3786 = EDGE_CURVE('',#3163,#3410,#3787,.T.);
#3787 = LINE('',#3788,#3789);
#3788 = CARTESIAN_POINT('',(1.27,-4.064,0.));
#3789 = VECTOR('',#3790,1.);
#3790 = DIRECTION('',(0.,0.,1.));
#3791 = ORIENTED_EDGE('',*,*,#3417,.T.);
#3792 = ORIENTED_EDGE('',*,*,#3752,.F.);
#3793 = ORIENTED_EDGE('',*,*,#3170,.F.);
#3794 = PLANE('',#3795);
#3795 = AXIS2_PLACEMENT_3D('',#3796,#3797,#3798);
#3796 = CARTESIAN_POINT('',(1.27,-4.064,0.));
#3797 = DIRECTION('',(-0.707106781187,-0.707106781187,0.));
#3798 = DIRECTION('',(-0.707106781187,0.707106781187,0.));
#3799 = ADVANCED_FACE('',(#3800),#3811,.F.);
#3800 = FACE_BOUND('',#3801,.F.);
#3801 = EDGE_LOOP('',(#3802,#3803,#3804,#3810));
#3802 = ORIENTED_EDGE('',*,*,#3771,.T.);
#3803 = ORIENTED_EDGE('',*,*,#3385,.T.);
#3804 = ORIENTED_EDGE('',*,*,#3805,.F.);
#3805 = EDGE_CURVE('',#3139,#3386,#3806,.T.);
#3806 = LINE('',#3807,#3808);
#3807 = CARTESIAN_POINT('',(-1.016,-6.35,0.));
#3808 = VECTOR('',#3809,1.);
#3809 = DIRECTION('',(0.,0.,1.));
#3810 = ORIENTED_EDGE('',*,*,#3138,.F.);
#3811 = PLANE('',#3812);
#3812 = AXIS2_PLACEMENT_3D('',#3813,#3814,#3815);
#3813 = CARTESIAN_POINT('',(-1.27,-6.096,0.));
#3814 = DIRECTION('',(0.707106781187,0.707106781187,0.));
#3815 = DIRECTION('',(0.707106781187,-0.707106781187,0.));
#3816 = ADVANCED_FACE('',(#3817),#3828,.F.);
#3817 = FACE_BOUND('',#3818,.F.);
#3818 = EDGE_LOOP('',(#3819,#3825,#3826,#3827));
#3819 = ORIENTED_EDGE('',*,*,#3820,.T.);
#3820 = EDGE_CURVE('',#3155,#3402,#3821,.T.);
#3821 = LINE('',#3822,#3823);
#3822 = CARTESIAN_POINT('',(1.27,-6.096,0.));
#3823 = VECTOR('',#3824,1.);
#3824 = DIRECTION('',(0.,0.,1.));
#3825 = ORIENTED_EDGE('',*,*,#3409,.T.);
#3826 = ORIENTED_EDGE('',*,*,#3786,.F.);
#3827 = ORIENTED_EDGE('',*,*,#3162,.F.);
#3828 = PLANE('',#3829);
#3829 = AXIS2_PLACEMENT_3D('',#3830,#3831,#3832);
#3830 = CARTESIAN_POINT('',(1.27,-6.096,0.));
#3831 = DIRECTION('',(-1.,0.,0.));
#3832 = DIRECTION('',(0.,1.,0.));
#3833 = ADVANCED_FACE('',(#3834),#3845,.F.);
#3834 = FACE_BOUND('',#3835,.F.);
#3835 = EDGE_LOOP('',(#3836,#3837,#3838,#3844));
#3836 = ORIENTED_EDGE('',*,*,#3805,.T.);
#3837 = ORIENTED_EDGE('',*,*,#3393,.T.);
#3838 = ORIENTED_EDGE('',*,*,#3839,.F.);
#3839 = EDGE_CURVE('',#3147,#3394,#3840,.T.);
#3840 = LINE('',#3841,#3842);
#3841 = CARTESIAN_POINT('',(1.016,-6.35,0.));
#3842 = VECTOR('',#3843,1.);
#3843 = DIRECTION('',(0.,0.,1.));
#3844 = ORIENTED_EDGE('',*,*,#3146,.F.);
#3845 = PLANE('',#3846);
#3846 = AXIS2_PLACEMENT_3D('',#3847,#3848,#3849);
#3847 = CARTESIAN_POINT('',(-1.016,-6.35,0.));
#3848 = DIRECTION('',(0.,1.,0.));
#3849 = DIRECTION('',(1.,0.,0.));
#3850 = ADVANCED_FACE('',(#3851),#3857,.F.);
#3851 = FACE_BOUND('',#3852,.F.);
#3852 = EDGE_LOOP('',(#3853,#3854,#3855,#3856));
#3853 = ORIENTED_EDGE('',*,*,#3839,.T.);
#3854 = ORIENTED_EDGE('',*,*,#3401,.T.);
#3855 = ORIENTED_EDGE('',*,*,#3820,.F.);
#3856 = ORIENTED_EDGE('',*,*,#3154,.F.);
#3857 = PLANE('',#3858);
#3858 = AXIS2_PLACEMENT_3D('',#3859,#3860,#3861);
#3859 = CARTESIAN_POINT('',(1.016,-6.35,0.));
#3860 = DIRECTION('',(-0.707106781187,0.707106781187,0.));
#3861 = DIRECTION('',(0.707106781187,0.707106781187,0.));
#3862 = ADVANCED_FACE('',(#3863),#3888,.T.);
#3863 = FACE_BOUND('',#3864,.T.);
#3864 = EDGE_LOOP('',(#3865,#3873,#3881,#3887));
#3865 = ORIENTED_EDGE('',*,*,#3866,.F.);
#3866 = EDGE_CURVE('',#3867,#3228,#3869,.T.);
#3867 = VERTEX_POINT('',#3868);
#3868 = CARTESIAN_POINT('',(0.32,-0.32,-2.84));
#3869 = LINE('',#3870,#3871);
#3870 = CARTESIAN_POINT('',(0.32,-0.32,-3.));
#3871 = VECTOR('',#3872,1.);
#3872 = DIRECTION('',(0.,0.,1.));
#3873 = ORIENTED_EDGE('',*,*,#3874,.T.);
#3874 = EDGE_CURVE('',#3867,#3875,#3877,.T.);
#3875 = VERTEX_POINT('',#3876);
#3876 = CARTESIAN_POINT('',(0.32,0.32,-2.84));
#3877 = LINE('',#3878,#3879);
#3878 = CARTESIAN_POINT('',(0.32,-0.32,-2.84));
#3879 = VECTOR('',#3880,1.);
#3880 = DIRECTION('',(0.,1.,0.));
#3881 = ORIENTED_EDGE('',*,*,#3882,.T.);
#3882 = EDGE_CURVE('',#3875,#3230,#3883,.T.);
#3883 = LINE('',#3884,#3885);
#3884 = CARTESIAN_POINT('',(0.32,0.32,-3.));
#3885 = VECTOR('',#3886,1.);
#3886 = DIRECTION('',(0.,0.,1.));
#3887 = ORIENTED_EDGE('',*,*,#3227,.F.);
#3888 = PLANE('',#3889);
#3889 = AXIS2_PLACEMENT_3D('',#3890,#3891,#3892);
#3890 = CARTESIAN_POINT('',(0.32,-0.32,-3.));
#3891 = DIRECTION('',(1.,0.,0.));
#3892 = DIRECTION('',(0.,0.,1.));
#3893 = ADVANCED_FACE('',(#3894),#3912,.T.);
#3894 = FACE_BOUND('',#3895,.T.);
#3895 = EDGE_LOOP('',(#3896,#3897,#3905,#3911));
#3896 = ORIENTED_EDGE('',*,*,#3882,.F.);
#3897 = ORIENTED_EDGE('',*,*,#3898,.F.);
#3898 = EDGE_CURVE('',#3899,#3875,#3901,.T.);
#3899 = VERTEX_POINT('',#3900);
#3900 = CARTESIAN_POINT('',(-0.32,0.32,-2.84));
#3901 = LINE('',#3902,#3903);
#3902 = CARTESIAN_POINT('',(-0.32,0.32,-2.84));
#3903 = VECTOR('',#3904,1.);
#3904 = DIRECTION('',(1.,0.,0.));
#3905 = ORIENTED_EDGE('',*,*,#3906,.T.);
#3906 = EDGE_CURVE('',#3899,#3246,#3907,.T.);
#3907 = LINE('',#3908,#3909);
#3908 = CARTESIAN_POINT('',(-0.32,0.32,-3.));
#3909 = VECTOR('',#3910,1.);
#3910 = DIRECTION('',(0.,0.,1.));
#3911 = ORIENTED_EDGE('',*,*,#3253,.F.);
#3912 = PLANE('',#3913);
#3913 = AXIS2_PLACEMENT_3D('',#3914,#3915,#3916);
#3914 = CARTESIAN_POINT('',(-0.32,0.32,-3.));
#3915 = DIRECTION('',(0.,1.,0.));
#3916 = DIRECTION('',(0.,-0.,1.));
#3917 = ADVANCED_FACE('',(#3918),#3936,.F.);
#3918 = FACE_BOUND('',#3919,.F.);
#3919 = EDGE_LOOP('',(#3920,#3928,#3934,#3935));
#3920 = ORIENTED_EDGE('',*,*,#3921,.F.);
#3921 = EDGE_CURVE('',#3922,#3238,#3924,.T.);
#3922 = VERTEX_POINT('',#3923);
#3923 = CARTESIAN_POINT('',(-0.32,-0.32,-2.84));
#3924 = LINE('',#3925,#3926);
#3925 = CARTESIAN_POINT('',(-0.32,-0.32,-3.));
#3926 = VECTOR('',#3927,1.);
#3927 = DIRECTION('',(0.,0.,1.));
#3928 = ORIENTED_EDGE('',*,*,#3929,.T.);
#3929 = EDGE_CURVE('',#3922,#3899,#3930,.T.);
#3930 = LINE('',#3931,#3932);
#3931 = CARTESIAN_POINT('',(-0.32,-0.32,-2.84));
#3932 = VECTOR('',#3933,1.);
#3933 = DIRECTION('',(0.,1.,0.));
#3934 = ORIENTED_EDGE('',*,*,#3906,.T.);
#3935 = ORIENTED_EDGE('',*,*,#3245,.F.);
#3936 = PLANE('',#3937);
#3937 = AXIS2_PLACEMENT_3D('',#3938,#3939,#3940);
#3938 = CARTESIAN_POINT('',(-0.32,-0.32,-3.));
#3939 = DIRECTION('',(1.,0.,0.));
#3940 = DIRECTION('',(0.,0.,1.));
#3941 = ADVANCED_FACE('',(#3942),#3953,.F.);
#3942 = FACE_BOUND('',#3943,.F.);
#3943 = EDGE_LOOP('',(#3944,#3945,#3951,#3952));
#3944 = ORIENTED_EDGE('',*,*,#3866,.F.);
#3945 = ORIENTED_EDGE('',*,*,#3946,.F.);
#3946 = EDGE_CURVE('',#3922,#3867,#3947,.T.);
#3947 = LINE('',#3948,#3949);
#3948 = CARTESIAN_POINT('',(-0.32,-0.32,-2.84));
#3949 = VECTOR('',#3950,1.);
#3950 = DIRECTION('',(1.,0.,0.));
#3951 = ORIENTED_EDGE('',*,*,#3921,.T.);
#3952 = ORIENTED_EDGE('',*,*,#3237,.F.);
#3953 = PLANE('',#3954);
#3954 = AXIS2_PLACEMENT_3D('',#3955,#3956,#3957);
#3955 = CARTESIAN_POINT('',(-0.32,-0.32,-3.));
#3956 = DIRECTION('',(0.,1.,0.));
#3957 = DIRECTION('',(0.,-0.,1.));
#3958 = ADVANCED_FACE('',(#3959),#3984,.F.);
#3959 = FACE_BOUND('',#3960,.F.);
#3960 = EDGE_LOOP('',(#3961,#3969,#3977,#3983));
#3961 = ORIENTED_EDGE('',*,*,#3962,.F.);
#3962 = EDGE_CURVE('',#3963,#3262,#3965,.T.);
#3963 = VERTEX_POINT('',#3964);
#3964 = CARTESIAN_POINT('',(0.32,-2.86,-2.84));
#3965 = LINE('',#3966,#3967);
#3966 = CARTESIAN_POINT('',(0.32,-2.86,-3.));
#3967 = VECTOR('',#3968,1.);
#3968 = DIRECTION('',(0.,0.,1.));
#3969 = ORIENTED_EDGE('',*,*,#3970,.F.);
#3970 = EDGE_CURVE('',#3971,#3963,#3973,.T.);
#3971 = VERTEX_POINT('',#3972);
#3972 = CARTESIAN_POINT('',(-0.32,-2.86,-2.84));
#3973 = LINE('',#3974,#3975);
#3974 = CARTESIAN_POINT('',(-0.32,-2.86,-2.84));
#3975 = VECTOR('',#3976,1.);
#3976 = DIRECTION('',(1.,0.,0.));
#3977 = ORIENTED_EDGE('',*,*,#3978,.T.);
#3978 = EDGE_CURVE('',#3971,#3264,#3979,.T.);
#3979 = LINE('',#3980,#3981);
#3980 = CARTESIAN_POINT('',(-0.32,-2.86,-3.));
#3981 = VECTOR('',#3982,1.);
#3982 = DIRECTION('',(0.,0.,1.));
#3983 = ORIENTED_EDGE('',*,*,#3261,.F.);
#3984 = PLANE('',#3985);
#3985 = AXIS2_PLACEMENT_3D('',#3986,#3987,#3988);
#3986 = CARTESIAN_POINT('',(-0.32,-2.86,-3.));
#3987 = DIRECTION('',(0.,1.,0.));
#3988 = DIRECTION('',(0.,-0.,1.));
#3989 = ADVANCED_FACE('',(#3990),#4008,.T.);
#3990 = FACE_BOUND('',#3991,.T.);
#3991 = EDGE_LOOP('',(#3992,#3993,#4001,#4007));
#3992 = ORIENTED_EDGE('',*,*,#3962,.F.);
#3993 = ORIENTED_EDGE('',*,*,#3994,.T.);
#3994 = EDGE_CURVE('',#3963,#3995,#3997,.T.);
#3995 = VERTEX_POINT('',#3996);
#3996 = CARTESIAN_POINT('',(0.32,-2.22,-2.84));
#3997 = LINE('',#3998,#3999);
#3998 = CARTESIAN_POINT('',(0.32,-2.86,-2.84));
#3999 = VECTOR('',#4000,1.);
#4000 = DIRECTION('',(0.,1.,0.));
#4001 = ORIENTED_EDGE('',*,*,#4002,.T.);
#4002 = EDGE_CURVE('',#3995,#3280,#4003,.T.);
#4003 = LINE('',#4004,#4005);
#4004 = CARTESIAN_POINT('',(0.32,-2.22,-3.));
#4005 = VECTOR('',#4006,1.);
#4006 = DIRECTION('',(0.,0.,1.));
#4007 = ORIENTED_EDGE('',*,*,#3287,.F.);
#4008 = PLANE('',#4009);
#4009 = AXIS2_PLACEMENT_3D('',#4010,#4011,#4012);
#4010 = CARTESIAN_POINT('',(0.32,-2.86,-3.));
#4011 = DIRECTION('',(1.,0.,0.));
#4012 = DIRECTION('',(0.,0.,1.));
#4013 = ADVANCED_FACE('',(#4014),#4032,.T.);
#4014 = FACE_BOUND('',#4015,.T.);
#4015 = EDGE_LOOP('',(#4016,#4017,#4025,#4031));
#4016 = ORIENTED_EDGE('',*,*,#4002,.F.);
#4017 = ORIENTED_EDGE('',*,*,#4018,.F.);
#4018 = EDGE_CURVE('',#4019,#3995,#4021,.T.);
#4019 = VERTEX_POINT('',#4020);
#4020 = CARTESIAN_POINT('',(-0.32,-2.22,-2.84));
#4021 = LINE('',#4022,#4023);
#4022 = CARTESIAN_POINT('',(-0.32,-2.22,-2.84));
#4023 = VECTOR('',#4024,1.);
#4024 = DIRECTION('',(1.,0.,0.));
#4025 = ORIENTED_EDGE('',*,*,#4026,.T.);
#4026 = EDGE_CURVE('',#4019,#3272,#4027,.T.);
#4027 = LINE('',#4028,#4029);
#4028 = CARTESIAN_POINT('',(-0.32,-2.22,-3.));
#4029 = VECTOR('',#4030,1.);
#4030 = DIRECTION('',(0.,0.,1.));
#4031 = ORIENTED_EDGE('',*,*,#3279,.F.);
#4032 = PLANE('',#4033);
#4033 = AXIS2_PLACEMENT_3D('',#4034,#4035,#4036);
#4034 = CARTESIAN_POINT('',(-0.32,-2.22,-3.));
#4035 = DIRECTION('',(0.,1.,0.));
#4036 = DIRECTION('',(0.,-0.,1.));
#4037 = ADVANCED_FACE('',(#4038),#4049,.F.);
#4038 = FACE_BOUND('',#4039,.F.);
#4039 = EDGE_LOOP('',(#4040,#4041,#4047,#4048));
#4040 = ORIENTED_EDGE('',*,*,#3978,.F.);
#4041 = ORIENTED_EDGE('',*,*,#4042,.T.);
#4042 = EDGE_CURVE('',#3971,#4019,#4043,.T.);
#4043 = LINE('',#4044,#4045);
#4044 = CARTESIAN_POINT('',(-0.32,-2.86,-2.84));
#4045 = VECTOR('',#4046,1.);
#4046 = DIRECTION('',(0.,1.,0.));
#4047 = ORIENTED_EDGE('',*,*,#4026,.T.);
#4048 = ORIENTED_EDGE('',*,*,#3271,.F.);
#4049 = PLANE('',#4050);
#4050 = AXIS2_PLACEMENT_3D('',#4051,#4052,#4053);
#4051 = CARTESIAN_POINT('',(-0.32,-2.86,-3.));
#4052 = DIRECTION('',(1.,0.,0.));
#4053 = DIRECTION('',(0.,0.,1.));
#4054 = ADVANCED_FACE('',(#4055),#4080,.T.);
#4055 = FACE_BOUND('',#4056,.T.);
#4056 = EDGE_LOOP('',(#4057,#4065,#4073,#4079));
#4057 = ORIENTED_EDGE('',*,*,#4058,.F.);
#4058 = EDGE_CURVE('',#4059,#3296,#4061,.T.);
#4059 = VERTEX_POINT('',#4060);
#4060 = CARTESIAN_POINT('',(0.32,-4.76,-2.84));
#4061 = LINE('',#4062,#4063);
#4062 = CARTESIAN_POINT('',(0.32,-4.76,-3.));
#4063 = VECTOR('',#4064,1.);
#4064 = DIRECTION('',(0.,0.,1.));
#4065 = ORIENTED_EDGE('',*,*,#4066,.F.);
#4066 = EDGE_CURVE('',#4067,#4059,#4069,.T.);
#4067 = VERTEX_POINT('',#4068);
#4068 = CARTESIAN_POINT('',(-0.32,-4.76,-2.84));
#4069 = LINE('',#4070,#4071);
#4070 = CARTESIAN_POINT('',(-0.32,-4.76,-2.84));
#4071 = VECTOR('',#4072,1.);
#4072 = DIRECTION('',(1.,0.,0.));
#4073 = ORIENTED_EDGE('',*,*,#4074,.T.);
#4074 = EDGE_CURVE('',#4067,#3298,#4075,.T.);
#4075 = LINE('',#4076,#4077);
#4076 = CARTESIAN_POINT('',(-0.32,-4.76,-3.));
#4077 = VECTOR('',#4078,1.);
#4078 = DIRECTION('',(0.,0.,1.));
#4079 = ORIENTED_EDGE('',*,*,#3295,.F.);
#4080 = PLANE('',#4081);
#4081 = AXIS2_PLACEMENT_3D('',#4082,#4083,#4084);
#4082 = CARTESIAN_POINT('',(-0.32,-4.76,-3.));
#4083 = DIRECTION('',(0.,1.,0.));
#4084 = DIRECTION('',(0.,-0.,1.));
#4085 = ADVANCED_FACE('',(#4086),#4104,.F.);
#4086 = FACE_BOUND('',#4087,.F.);
#4087 = EDGE_LOOP('',(#4088,#4096,#4102,#4103));
#4088 = ORIENTED_EDGE('',*,*,#4089,.F.);
#4089 = EDGE_CURVE('',#4090,#3314,#4092,.T.);
#4090 = VERTEX_POINT('',#4091);
#4091 = CARTESIAN_POINT('',(-0.32,-5.4,-2.84));
#4092 = LINE('',#4093,#4094);
#4093 = CARTESIAN_POINT('',(-0.32,-5.4,-3.));
#4094 = VECTOR('',#4095,1.);
#4095 = DIRECTION('',(0.,0.,1.));
#4096 = ORIENTED_EDGE('',*,*,#4097,.T.);
#4097 = EDGE_CURVE('',#4090,#4067,#4098,.T.);
#4098 = LINE('',#4099,#4100);
#4099 = CARTESIAN_POINT('',(-0.32,-5.4,-2.84));
#4100 = VECTOR('',#4101,1.);
#4101 = DIRECTION('',(0.,1.,0.));
#4102 = ORIENTED_EDGE('',*,*,#4074,.T.);
#4103 = ORIENTED_EDGE('',*,*,#3321,.F.);
#4104 = PLANE('',#4105);
#4105 = AXIS2_PLACEMENT_3D('',#4106,#4107,#4108);
#4106 = CARTESIAN_POINT('',(-0.32,-5.4,-3.));
#4107 = DIRECTION('',(1.,0.,0.));
#4108 = DIRECTION('',(0.,0.,1.));
#4109 = ADVANCED_FACE('',(#4110),#4128,.F.);
#4110 = FACE_BOUND('',#4111,.F.);
#4111 = EDGE_LOOP('',(#4112,#4120,#4126,#4127));
#4112 = ORIENTED_EDGE('',*,*,#4113,.F.);
#4113 = EDGE_CURVE('',#4114,#3306,#4116,.T.);
#4114 = VERTEX_POINT('',#4115);
#4115 = CARTESIAN_POINT('',(0.32,-5.4,-2.84));
#4116 = LINE('',#4117,#4118);
#4117 = CARTESIAN_POINT('',(0.32,-5.4,-3.));
#4118 = VECTOR('',#4119,1.);
#4119 = DIRECTION('',(0.,0.,1.));
#4120 = ORIENTED_EDGE('',*,*,#4121,.F.);
#4121 = EDGE_CURVE('',#4090,#4114,#4122,.T.);
#4122 = LINE('',#4123,#4124);
#4123 = CARTESIAN_POINT('',(-0.32,-5.4,-2.84));
#4124 = VECTOR('',#4125,1.);
#4125 = DIRECTION('',(1.,0.,0.));
#4126 = ORIENTED_EDGE('',*,*,#4089,.T.);
#4127 = ORIENTED_EDGE('',*,*,#3313,.F.);
#4128 = PLANE('',#4129);
#4129 = AXIS2_PLACEMENT_3D('',#4130,#4131,#4132);
#4130 = CARTESIAN_POINT('',(-0.32,-5.4,-3.));
#4131 = DIRECTION('',(0.,1.,0.));
#4132 = DIRECTION('',(0.,-0.,1.));
#4133 = ADVANCED_FACE('',(#4134),#4145,.T.);
#4134 = FACE_BOUND('',#4135,.T.);
#4135 = EDGE_LOOP('',(#4136,#4137,#4143,#4144));
#4136 = ORIENTED_EDGE('',*,*,#4113,.F.);
#4137 = ORIENTED_EDGE('',*,*,#4138,.T.);
#4138 = EDGE_CURVE('',#4114,#4059,#4139,.T.);
#4139 = LINE('',#4140,#4141);
#4140 = CARTESIAN_POINT('',(0.32,-5.4,-2.84));
#4141 = VECTOR('',#4142,1.);
#4142 = DIRECTION('',(0.,1.,0.));
#4143 = ORIENTED_EDGE('',*,*,#4058,.T.);
#4144 = ORIENTED_EDGE('',*,*,#3305,.F.);
#4145 = PLANE('',#4146);
#4146 = AXIS2_PLACEMENT_3D('',#4147,#4148,#4149);
#4147 = CARTESIAN_POINT('',(0.32,-5.4,-3.));
#4148 = DIRECTION('',(1.,0.,0.));
#4149 = DIRECTION('',(0.,0.,1.));
#4150 = ADVANCED_FACE('',(#4151),#4176,.T.);
#4151 = FACE_BOUND('',#4152,.T.);
#4152 = EDGE_LOOP('',(#4153,#4161,#4162,#4170));
#4153 = ORIENTED_EDGE('',*,*,#4154,.F.);
#4154 = EDGE_CURVE('',#3475,#4155,#4157,.T.);
#4155 = VERTEX_POINT('',#4156);
#4156 = CARTESIAN_POINT('',(0.32,-0.32,8.38));
#4157 = LINE('',#4158,#4159);
#4158 = CARTESIAN_POINT('',(0.32,-0.32,-3.));
#4159 = VECTOR('',#4160,1.);
#4160 = DIRECTION('',(0.,0.,1.));
#4161 = ORIENTED_EDGE('',*,*,#3474,.T.);
#4162 = ORIENTED_EDGE('',*,*,#4163,.T.);
#4163 = EDGE_CURVE('',#3477,#4164,#4166,.T.);
#4164 = VERTEX_POINT('',#4165);
#4165 = CARTESIAN_POINT('',(0.32,0.32,8.38));
#4166 = LINE('',#4167,#4168);
#4167 = CARTESIAN_POINT('',(0.32,0.32,-3.));
#4168 = VECTOR('',#4169,1.);
#4169 = DIRECTION('',(0.,0.,1.));
#4170 = ORIENTED_EDGE('',*,*,#4171,.F.);
#4171 = EDGE_CURVE('',#4155,#4164,#4172,.T.);
#4172 = LINE('',#4173,#4174);
#4173 = CARTESIAN_POINT('',(0.32,-0.32,8.38));
#4174 = VECTOR('',#4175,1.);
#4175 = DIRECTION('',(0.,1.,0.));
#4176 = PLANE('',#4177);
#4177 = AXIS2_PLACEMENT_3D('',#4178,#4179,#4180);
#4178 = CARTESIAN_POINT('',(0.32,-0.32,-3.));
#4179 = DIRECTION('',(1.,0.,0.));
#4180 = DIRECTION('',(0.,0.,1.));
#4181 = ADVANCED_FACE('',(#4182),#4200,.T.);
#4182 = FACE_BOUND('',#4183,.T.);
#4183 = EDGE_LOOP('',(#4184,#4185,#4186,#4194));
#4184 = ORIENTED_EDGE('',*,*,#4163,.F.);
#4185 = ORIENTED_EDGE('',*,*,#3500,.T.);
#4186 = ORIENTED_EDGE('',*,*,#4187,.T.);
#4187 = EDGE_CURVE('',#3493,#4188,#4190,.T.);
#4188 = VERTEX_POINT('',#4189);
#4189 = CARTESIAN_POINT('',(-0.32,0.32,8.38));
#4190 = LINE('',#4191,#4192);
#4191 = CARTESIAN_POINT('',(-0.32,0.32,-3.));
#4192 = VECTOR('',#4193,1.);
#4193 = DIRECTION('',(0.,0.,1.));
#4194 = ORIENTED_EDGE('',*,*,#4195,.T.);
#4195 = EDGE_CURVE('',#4188,#4164,#4196,.T.);
#4196 = LINE('',#4197,#4198);
#4197 = CARTESIAN_POINT('',(-0.32,0.32,8.38));
#4198 = VECTOR('',#4199,1.);
#4199 = DIRECTION('',(1.,0.,0.));
#4200 = PLANE('',#4201);
#4201 = AXIS2_PLACEMENT_3D('',#4202,#4203,#4204);
#4202 = CARTESIAN_POINT('',(-0.32,0.32,-3.));
#4203 = DIRECTION('',(0.,1.,0.));
#4204 = DIRECTION('',(0.,-0.,1.));
#4205 = ADVANCED_FACE('',(#4206),#4224,.F.);
#4206 = FACE_BOUND('',#4207,.F.);
#4207 = EDGE_LOOP('',(#4208,#4216,#4217,#4218));
#4208 = ORIENTED_EDGE('',*,*,#4209,.F.);
#4209 = EDGE_CURVE('',#3485,#4210,#4212,.T.);
#4210 = VERTEX_POINT('',#4211);
#4211 = CARTESIAN_POINT('',(-0.32,-0.32,8.38));
#4212 = LINE('',#4213,#4214);
#4213 = CARTESIAN_POINT('',(-0.32,-0.32,-3.));
#4214 = VECTOR('',#4215,1.);
#4215 = DIRECTION('',(0.,0.,1.));
#4216 = ORIENTED_EDGE('',*,*,#3492,.T.);
#4217 = ORIENTED_EDGE('',*,*,#4187,.T.);
#4218 = ORIENTED_EDGE('',*,*,#4219,.F.);
#4219 = EDGE_CURVE('',#4210,#4188,#4220,.T.);
#4220 = LINE('',#4221,#4222);
#4221 = CARTESIAN_POINT('',(-0.32,-0.32,8.38));
#4222 = VECTOR('',#4223,1.);
#4223 = DIRECTION('',(0.,1.,0.));
#4224 = PLANE('',#4225);
#4225 = AXIS2_PLACEMENT_3D('',#4226,#4227,#4228);
#4226 = CARTESIAN_POINT('',(-0.32,-0.32,-3.));
#4227 = DIRECTION('',(1.,0.,0.));
#4228 = DIRECTION('',(0.,0.,1.));
#4229 = ADVANCED_FACE('',(#4230),#4241,.F.);
#4230 = FACE_BOUND('',#4231,.F.);
#4231 = EDGE_LOOP('',(#4232,#4233,#4234,#4235));
#4232 = ORIENTED_EDGE('',*,*,#4154,.F.);
#4233 = ORIENTED_EDGE('',*,*,#3484,.T.);
#4234 = ORIENTED_EDGE('',*,*,#4209,.T.);
#4235 = ORIENTED_EDGE('',*,*,#4236,.T.);
#4236 = EDGE_CURVE('',#4210,#4155,#4237,.T.);
#4237 = LINE('',#4238,#4239);
#4238 = CARTESIAN_POINT('',(-0.32,-0.32,8.38));
#4239 = VECTOR('',#4240,1.);
#4240 = DIRECTION('',(1.,0.,0.));
#4241 = PLANE('',#4242);
#4242 = AXIS2_PLACEMENT_3D('',#4243,#4244,#4245);
#4243 = CARTESIAN_POINT('',(-0.32,-0.32,-3.));
#4244 = DIRECTION('',(0.,1.,0.));
#4245 = DIRECTION('',(0.,-0.,1.));
#4246 = ADVANCED_FACE('',(#4247),#4272,.F.);
#4247 = FACE_BOUND('',#4248,.F.);
#4248 = EDGE_LOOP('',(#4249,#4257,#4258,#4266));
#4249 = ORIENTED_EDGE('',*,*,#4250,.F.);
#4250 = EDGE_CURVE('',#3509,#4251,#4253,.T.);
#4251 = VERTEX_POINT('',#4252);
#4252 = CARTESIAN_POINT('',(0.32,-2.86,8.38));
#4253 = LINE('',#4254,#4255);
#4254 = CARTESIAN_POINT('',(0.32,-2.86,-3.));
#4255 = VECTOR('',#4256,1.);
#4256 = DIRECTION('',(0.,0.,1.));
#4257 = ORIENTED_EDGE('',*,*,#3508,.T.);
#4258 = ORIENTED_EDGE('',*,*,#4259,.T.);
#4259 = EDGE_CURVE('',#3511,#4260,#4262,.T.);
#4260 = VERTEX_POINT('',#4261);
#4261 = CARTESIAN_POINT('',(-0.32,-2.86,8.38));
#4262 = LINE('',#4263,#4264);
#4263 = CARTESIAN_POINT('',(-0.32,-2.86,-3.));
#4264 = VECTOR('',#4265,1.);
#4265 = DIRECTION('',(0.,0.,1.));
#4266 = ORIENTED_EDGE('',*,*,#4267,.T.);
#4267 = EDGE_CURVE('',#4260,#4251,#4268,.T.);
#4268 = LINE('',#4269,#4270);
#4269 = CARTESIAN_POINT('',(-0.32,-2.86,8.38));
#4270 = VECTOR('',#4271,1.);
#4271 = DIRECTION('',(1.,0.,0.));
#4272 = PLANE('',#4273);
#4273 = AXIS2_PLACEMENT_3D('',#4274,#4275,#4276);
#4274 = CARTESIAN_POINT('',(-0.32,-2.86,-3.));
#4275 = DIRECTION('',(0.,1.,0.));
#4276 = DIRECTION('',(0.,-0.,1.));
#4277 = ADVANCED_FACE('',(#4278),#4296,.T.);
#4278 = FACE_BOUND('',#4279,.T.);
#4279 = EDGE_LOOP('',(#4280,#4281,#4282,#4290));
#4280 = ORIENTED_EDGE('',*,*,#4250,.F.);
#4281 = ORIENTED_EDGE('',*,*,#3534,.T.);
#4282 = ORIENTED_EDGE('',*,*,#4283,.T.);
#4283 = EDGE_CURVE('',#3527,#4284,#4286,.T.);
#4284 = VERTEX_POINT('',#4285);
#4285 = CARTESIAN_POINT('',(0.32,-2.22,8.38));
#4286 = LINE('',#4287,#4288);
#4287 = CARTESIAN_POINT('',(0.32,-2.22,-3.));
#4288 = VECTOR('',#4289,1.);
#4289 = DIRECTION('',(0.,0.,1.));
#4290 = ORIENTED_EDGE('',*,*,#4291,.F.);
#4291 = EDGE_CURVE('',#4251,#4284,#4292,.T.);
#4292 = LINE('',#4293,#4294);
#4293 = CARTESIAN_POINT('',(0.32,-2.86,8.38));
#4294 = VECTOR('',#4295,1.);
#4295 = DIRECTION('',(0.,1.,0.));
#4296 = PLANE('',#4297);
#4297 = AXIS2_PLACEMENT_3D('',#4298,#4299,#4300);
#4298 = CARTESIAN_POINT('',(0.32,-2.86,-3.));
#4299 = DIRECTION('',(1.,0.,0.));
#4300 = DIRECTION('',(0.,0.,1.));
#4301 = ADVANCED_FACE('',(#4302),#4320,.T.);
#4302 = FACE_BOUND('',#4303,.T.);
#4303 = EDGE_LOOP('',(#4304,#4305,#4306,#4314));
#4304 = ORIENTED_EDGE('',*,*,#4283,.F.);
#4305 = ORIENTED_EDGE('',*,*,#3526,.T.);
#4306 = ORIENTED_EDGE('',*,*,#4307,.T.);
#4307 = EDGE_CURVE('',#3519,#4308,#4310,.T.);
#4308 = VERTEX_POINT('',#4309);
#4309 = CARTESIAN_POINT('',(-0.32,-2.22,8.38));
#4310 = LINE('',#4311,#4312);
#4311 = CARTESIAN_POINT('',(-0.32,-2.22,-3.));
#4312 = VECTOR('',#4313,1.);
#4313 = DIRECTION('',(0.,0.,1.));
#4314 = ORIENTED_EDGE('',*,*,#4315,.T.);
#4315 = EDGE_CURVE('',#4308,#4284,#4316,.T.);
#4316 = LINE('',#4317,#4318);
#4317 = CARTESIAN_POINT('',(-0.32,-2.22,8.38));
#4318 = VECTOR('',#4319,1.);
#4319 = DIRECTION('',(1.,0.,0.));
#4320 = PLANE('',#4321);
#4321 = AXIS2_PLACEMENT_3D('',#4322,#4323,#4324);
#4322 = CARTESIAN_POINT('',(-0.32,-2.22,-3.));
#4323 = DIRECTION('',(0.,1.,0.));
#4324 = DIRECTION('',(0.,-0.,1.));
#4325 = ADVANCED_FACE('',(#4326),#4337,.F.);
#4326 = FACE_BOUND('',#4327,.F.);
#4327 = EDGE_LOOP('',(#4328,#4329,#4330,#4331));
#4328 = ORIENTED_EDGE('',*,*,#4259,.F.);
#4329 = ORIENTED_EDGE('',*,*,#3518,.T.);
#4330 = ORIENTED_EDGE('',*,*,#4307,.T.);
#4331 = ORIENTED_EDGE('',*,*,#4332,.F.);
#4332 = EDGE_CURVE('',#4260,#4308,#4333,.T.);
#4333 = LINE('',#4334,#4335);
#4334 = CARTESIAN_POINT('',(-0.32,-2.86,8.38));
#4335 = VECTOR('',#4336,1.);
#4336 = DIRECTION('',(0.,1.,0.));
#4337 = PLANE('',#4338);
#4338 = AXIS2_PLACEMENT_3D('',#4339,#4340,#4341);
#4339 = CARTESIAN_POINT('',(-0.32,-2.86,-3.));
#4340 = DIRECTION('',(1.,0.,0.));
#4341 = DIRECTION('',(0.,0.,1.));
#4342 = ADVANCED_FACE('',(#4343),#4368,.T.);
#4343 = FACE_BOUND('',#4344,.T.);
#4344 = EDGE_LOOP('',(#4345,#4353,#4354,#4362));
#4345 = ORIENTED_EDGE('',*,*,#4346,.F.);
#4346 = EDGE_CURVE('',#3543,#4347,#4349,.T.);
#4347 = VERTEX_POINT('',#4348);
#4348 = CARTESIAN_POINT('',(0.32,-4.76,8.38));
#4349 = LINE('',#4350,#4351);
#4350 = CARTESIAN_POINT('',(0.32,-4.76,-3.));
#4351 = VECTOR('',#4352,1.);
#4352 = DIRECTION('',(0.,0.,1.));
#4353 = ORIENTED_EDGE('',*,*,#3542,.T.);
#4354 = ORIENTED_EDGE('',*,*,#4355,.T.);
#4355 = EDGE_CURVE('',#3545,#4356,#4358,.T.);
#4356 = VERTEX_POINT('',#4357);
#4357 = CARTESIAN_POINT('',(-0.32,-4.76,8.38));
#4358 = LINE('',#4359,#4360);
#4359 = CARTESIAN_POINT('',(-0.32,-4.76,-3.));
#4360 = VECTOR('',#4361,1.);
#4361 = DIRECTION('',(0.,0.,1.));
#4362 = ORIENTED_EDGE('',*,*,#4363,.T.);
#4363 = EDGE_CURVE('',#4356,#4347,#4364,.T.);
#4364 = LINE('',#4365,#4366);
#4365 = CARTESIAN_POINT('',(-0.32,-4.76,8.38));
#4366 = VECTOR('',#4367,1.);
#4367 = DIRECTION('',(1.,0.,0.));
#4368 = PLANE('',#4369);
#4369 = AXIS2_PLACEMENT_3D('',#4370,#4371,#4372);
#4370 = CARTESIAN_POINT('',(-0.32,-4.76,-3.));
#4371 = DIRECTION('',(0.,1.,0.));
#4372 = DIRECTION('',(0.,-0.,1.));
#4373 = ADVANCED_FACE('',(#4374),#4392,.F.);
#4374 = FACE_BOUND('',#4375,.F.);
#4375 = EDGE_LOOP('',(#4376,#4384,#4385,#4386));
#4376 = ORIENTED_EDGE('',*,*,#4377,.F.);
#4377 = EDGE_CURVE('',#3561,#4378,#4380,.T.);
#4378 = VERTEX_POINT('',#4379);
#4379 = CARTESIAN_POINT('',(-0.32,-5.4,8.38));
#4380 = LINE('',#4381,#4382);
#4381 = CARTESIAN_POINT('',(-0.32,-5.4,-3.));
#4382 = VECTOR('',#4383,1.);
#4383 = DIRECTION('',(0.,0.,1.));
#4384 = ORIENTED_EDGE('',*,*,#3568,.T.);
#4385 = ORIENTED_EDGE('',*,*,#4355,.T.);
#4386 = ORIENTED_EDGE('',*,*,#4387,.F.);
#4387 = EDGE_CURVE('',#4378,#4356,#4388,.T.);
#4388 = LINE('',#4389,#4390);
#4389 = CARTESIAN_POINT('',(-0.32,-5.4,8.38));
#4390 = VECTOR('',#4391,1.);
#4391 = DIRECTION('',(0.,1.,0.));
#4392 = PLANE('',#4393);
#4393 = AXIS2_PLACEMENT_3D('',#4394,#4395,#4396);
#4394 = CARTESIAN_POINT('',(-0.32,-5.4,-3.));
#4395 = DIRECTION('',(1.,0.,0.));
#4396 = DIRECTION('',(0.,0.,1.));
#4397 = ADVANCED_FACE('',(#4398),#4416,.F.);
#4398 = FACE_BOUND('',#4399,.F.);
#4399 = EDGE_LOOP('',(#4400,#4408,#4409,#4410));
#4400 = ORIENTED_EDGE('',*,*,#4401,.F.);
#4401 = EDGE_CURVE('',#3553,#4402,#4404,.T.);
#4402 = VERTEX_POINT('',#4403);
#4403 = CARTESIAN_POINT('',(0.32,-5.4,8.38));
#4404 = LINE('',#4405,#4406);
#4405 = CARTESIAN_POINT('',(0.32,-5.4,-3.));
#4406 = VECTOR('',#4407,1.);
#4407 = DIRECTION('',(0.,0.,1.));
#4408 = ORIENTED_EDGE('',*,*,#3560,.T.);
#4409 = ORIENTED_EDGE('',*,*,#4377,.T.);
#4410 = ORIENTED_EDGE('',*,*,#4411,.T.);
#4411 = EDGE_CURVE('',#4378,#4402,#4412,.T.);
#4412 = LINE('',#4413,#4414);
#4413 = CARTESIAN_POINT('',(-0.32,-5.4,8.38));
#4414 = VECTOR('',#4415,1.);
#4415 = DIRECTION('',(1.,0.,0.));
#4416 = PLANE('',#4417);
#4417 = AXIS2_PLACEMENT_3D('',#4418,#4419,#4420);
#4418 = CARTESIAN_POINT('',(-0.32,-5.4,-3.));
#4419 = DIRECTION('',(0.,1.,0.));
#4420 = DIRECTION('',(0.,-0.,1.));
#4421 = ADVANCED_FACE('',(#4422),#4433,.T.);
#4422 = FACE_BOUND('',#4423,.T.);
#4423 = EDGE_LOOP('',(#4424,#4425,#4426,#4427));
#4424 = ORIENTED_EDGE('',*,*,#4401,.F.);
#4425 = ORIENTED_EDGE('',*,*,#3552,.T.);
#4426 = ORIENTED_EDGE('',*,*,#4346,.T.);
#4427 = ORIENTED_EDGE('',*,*,#4428,.F.);
#4428 = EDGE_CURVE('',#4402,#4347,#4429,.T.);
#4429 = LINE('',#4430,#4431);
#4430 = CARTESIAN_POINT('',(0.32,-5.4,8.38));
#4431 = VECTOR('',#4432,1.);
#4432 = DIRECTION('',(0.,1.,0.));
#4433 = PLANE('',#4434);
#4434 = AXIS2_PLACEMENT_3D('',#4435,#4436,#4437);
#4435 = CARTESIAN_POINT('',(0.32,-5.4,-3.));
#4436 = DIRECTION('',(1.,0.,0.));
#4437 = DIRECTION('',(0.,0.,1.));
#4438 = ADVANCED_FACE('',(#4439),#4464,.F.);
#4439 = FACE_BOUND('',#4440,.F.);
#4440 = EDGE_LOOP('',(#4441,#4449,#4450,#4458));
#4441 = ORIENTED_EDGE('',*,*,#4442,.F.);
#4442 = EDGE_CURVE('',#3867,#4443,#4445,.T.);
#4443 = VERTEX_POINT('',#4444);
#4444 = CARTESIAN_POINT('',(0.16,-0.16,-3.));
#4445 = LINE('',#4446,#4447);
#4446 = CARTESIAN_POINT('',(0.16,-0.16,-3.));
#4447 = VECTOR('',#4448,1.);
#4448 = DIRECTION('',(-0.57735026919,0.57735026919,-0.57735026919));
#4449 = ORIENTED_EDGE('',*,*,#3874,.T.);
#4450 = ORIENTED_EDGE('',*,*,#4451,.T.);
#4451 = EDGE_CURVE('',#3875,#4452,#4454,.T.);
#4452 = VERTEX_POINT('',#4453);
#4453 = CARTESIAN_POINT('',(0.16,0.16,-3.));
#4454 = LINE('',#4455,#4456);
#4455 = CARTESIAN_POINT('',(5.333333333333E-02,5.333333333333E-02,
    -3.106666666667));
#4456 = VECTOR('',#4457,1.);
#4457 = DIRECTION('',(-0.57735026919,-0.57735026919,-0.57735026919));
#4458 = ORIENTED_EDGE('',*,*,#4459,.F.);
#4459 = EDGE_CURVE('',#4443,#4452,#4460,.T.);
#4460 = LINE('',#4461,#4462);
#4461 = CARTESIAN_POINT('',(0.16,-0.32,-3.));
#4462 = VECTOR('',#4463,1.);
#4463 = DIRECTION('',(0.,1.,0.));
#4464 = PLANE('',#4465);
#4465 = AXIS2_PLACEMENT_3D('',#4466,#4467,#4468);
#4466 = CARTESIAN_POINT('',(0.24,-0.32,-2.92));
#4467 = DIRECTION('',(-0.707106781187,1.735167508357E-18,0.707106781187)
  );
#4468 = DIRECTION('',(1.226948711654E-18,1.,-1.226948711654E-18));
#4469 = ADVANCED_FACE('',(#4470),#4488,.F.);
#4470 = FACE_BOUND('',#4471,.T.);
#4471 = EDGE_LOOP('',(#4472,#4480,#4481,#4482));
#4472 = ORIENTED_EDGE('',*,*,#4473,.F.);
#4473 = EDGE_CURVE('',#3899,#4474,#4476,.T.);
#4474 = VERTEX_POINT('',#4475);
#4475 = CARTESIAN_POINT('',(-0.16,0.16,-3.));
#4476 = LINE('',#4477,#4478);
#4477 = CARTESIAN_POINT('',(-0.16,0.16,-3.));
#4478 = VECTOR('',#4479,1.);
#4479 = DIRECTION('',(0.57735026919,-0.57735026919,-0.57735026919));
#4480 = ORIENTED_EDGE('',*,*,#3898,.T.);
#4481 = ORIENTED_EDGE('',*,*,#4451,.T.);
#4482 = ORIENTED_EDGE('',*,*,#4483,.F.);
#4483 = EDGE_CURVE('',#4474,#4452,#4484,.T.);
#4484 = LINE('',#4485,#4486);
#4485 = CARTESIAN_POINT('',(-0.32,0.16,-3.));
#4486 = VECTOR('',#4487,1.);
#4487 = DIRECTION('',(1.,0.,0.));
#4488 = PLANE('',#4489);
#4489 = AXIS2_PLACEMENT_3D('',#4490,#4491,#4492);
#4490 = CARTESIAN_POINT('',(-0.32,0.24,-2.92));
#4491 = DIRECTION('',(-1.735167508357E-18,-0.707106781187,0.707106781187
    ));
#4492 = DIRECTION('',(-1.,1.226948711654E-18,-1.226948711654E-18));
#4493 = ADVANCED_FACE('',(#4494),#4512,.T.);
#4494 = FACE_BOUND('',#4495,.T.);
#4495 = EDGE_LOOP('',(#4496,#4504,#4505,#4506));
#4496 = ORIENTED_EDGE('',*,*,#4497,.F.);
#4497 = EDGE_CURVE('',#3922,#4498,#4500,.T.);
#4498 = VERTEX_POINT('',#4499);
#4499 = CARTESIAN_POINT('',(-0.16,-0.16,-3.));
#4500 = LINE('',#4501,#4502);
#4501 = CARTESIAN_POINT('',(-0.266666666667,-0.266666666667,
    -2.893333333333));
#4502 = VECTOR('',#4503,1.);
#4503 = DIRECTION('',(0.57735026919,0.57735026919,-0.57735026919));
#4504 = ORIENTED_EDGE('',*,*,#3929,.T.);
#4505 = ORIENTED_EDGE('',*,*,#4473,.T.);
#4506 = ORIENTED_EDGE('',*,*,#4507,.F.);
#4507 = EDGE_CURVE('',#4498,#4474,#4508,.T.);
#4508 = LINE('',#4509,#4510);
#4509 = CARTESIAN_POINT('',(-0.16,-0.32,-3.));
#4510 = VECTOR('',#4511,1.);
#4511 = DIRECTION('',(0.,1.,0.));
#4512 = PLANE('',#4513);
#4513 = AXIS2_PLACEMENT_3D('',#4514,#4515,#4516);
#4514 = CARTESIAN_POINT('',(-0.24,-0.32,-2.92));
#4515 = DIRECTION('',(-0.707106781187,-1.735167508357E-18,
    -0.707106781187));
#4516 = DIRECTION('',(-1.226948711654E-18,1.,-1.226948711654E-18));
#4517 = ADVANCED_FACE('',(#4518),#4529,.T.);
#4518 = FACE_BOUND('',#4519,.F.);
#4519 = EDGE_LOOP('',(#4520,#4521,#4522,#4523));
#4520 = ORIENTED_EDGE('',*,*,#4497,.F.);
#4521 = ORIENTED_EDGE('',*,*,#3946,.T.);
#4522 = ORIENTED_EDGE('',*,*,#4442,.T.);
#4523 = ORIENTED_EDGE('',*,*,#4524,.F.);
#4524 = EDGE_CURVE('',#4498,#4443,#4525,.T.);
#4525 = LINE('',#4526,#4527);
#4526 = CARTESIAN_POINT('',(-0.32,-0.16,-3.));
#4527 = VECTOR('',#4528,1.);
#4528 = DIRECTION('',(1.,0.,0.));
#4529 = PLANE('',#4530);
#4530 = AXIS2_PLACEMENT_3D('',#4531,#4532,#4533);
#4531 = CARTESIAN_POINT('',(-0.32,-0.24,-2.92));
#4532 = DIRECTION('',(1.735167508357E-18,-0.707106781187,-0.707106781187
    ));
#4533 = DIRECTION('',(-1.,-1.226948711654E-18,-1.226948711654E-18));
#4534 = ADVANCED_FACE('',(#4535),#4560,.T.);
#4535 = FACE_BOUND('',#4536,.F.);
#4536 = EDGE_LOOP('',(#4537,#4545,#4546,#4554));
#4537 = ORIENTED_EDGE('',*,*,#4538,.F.);
#4538 = EDGE_CURVE('',#3971,#4539,#4541,.T.);
#4539 = VERTEX_POINT('',#4540);
#4540 = CARTESIAN_POINT('',(-0.16,-2.7,-3.));
#4541 = LINE('',#4542,#4543);
#4542 = CARTESIAN_POINT('',(-0.266666666667,-2.806666666667,
    -2.893333333333));
#4543 = VECTOR('',#4544,1.);
#4544 = DIRECTION('',(0.57735026919,0.57735026919,-0.57735026919));
#4545 = ORIENTED_EDGE('',*,*,#3970,.T.);
#4546 = ORIENTED_EDGE('',*,*,#4547,.T.);
#4547 = EDGE_CURVE('',#3963,#4548,#4550,.T.);
#4548 = VERTEX_POINT('',#4549);
#4549 = CARTESIAN_POINT('',(0.16,-2.7,-3.));
#4550 = LINE('',#4551,#4552);
#4551 = CARTESIAN_POINT('',(0.16,-2.7,-3.));
#4552 = VECTOR('',#4553,1.);
#4553 = DIRECTION('',(-0.57735026919,0.57735026919,-0.57735026919));
#4554 = ORIENTED_EDGE('',*,*,#4555,.F.);
#4555 = EDGE_CURVE('',#4539,#4548,#4556,.T.);
#4556 = LINE('',#4557,#4558);
#4557 = CARTESIAN_POINT('',(-0.32,-2.7,-3.));
#4558 = VECTOR('',#4559,1.);
#4559 = DIRECTION('',(1.,0.,0.));
#4560 = PLANE('',#4561);
#4561 = AXIS2_PLACEMENT_3D('',#4562,#4563,#4564);
#4562 = CARTESIAN_POINT('',(-0.32,-2.78,-2.92));
#4563 = DIRECTION('',(1.735167508357E-18,-0.707106781187,-0.707106781187
    ));
#4564 = DIRECTION('',(-1.,-1.226948711654E-18,-1.226948711654E-18));
#4565 = ADVANCED_FACE('',(#4566),#4584,.F.);
#4566 = FACE_BOUND('',#4567,.F.);
#4567 = EDGE_LOOP('',(#4568,#4569,#4570,#4578));
#4568 = ORIENTED_EDGE('',*,*,#4547,.F.);
#4569 = ORIENTED_EDGE('',*,*,#3994,.T.);
#4570 = ORIENTED_EDGE('',*,*,#4571,.T.);
#4571 = EDGE_CURVE('',#3995,#4572,#4574,.T.);
#4572 = VERTEX_POINT('',#4573);
#4573 = CARTESIAN_POINT('',(0.16,-2.38,-3.));
#4574 = LINE('',#4575,#4576);
#4575 = CARTESIAN_POINT('',(5.333333333333E-02,-2.486666666667,
    -3.106666666667));
#4576 = VECTOR('',#4577,1.);
#4577 = DIRECTION('',(-0.57735026919,-0.57735026919,-0.57735026919));
#4578 = ORIENTED_EDGE('',*,*,#4579,.F.);
#4579 = EDGE_CURVE('',#4548,#4572,#4580,.T.);
#4580 = LINE('',#4581,#4582);
#4581 = CARTESIAN_POINT('',(0.16,-2.86,-3.));
#4582 = VECTOR('',#4583,1.);
#4583 = DIRECTION('',(0.,1.,0.));
#4584 = PLANE('',#4585);
#4585 = AXIS2_PLACEMENT_3D('',#4586,#4587,#4588);
#4586 = CARTESIAN_POINT('',(0.24,-2.86,-2.92));
#4587 = DIRECTION('',(-0.707106781187,1.735167508357E-18,0.707106781187)
  );
#4588 = DIRECTION('',(1.226948711654E-18,1.,-1.226948711654E-18));
#4589 = ADVANCED_FACE('',(#4590),#4608,.F.);
#4590 = FACE_BOUND('',#4591,.T.);
#4591 = EDGE_LOOP('',(#4592,#4600,#4601,#4602));
#4592 = ORIENTED_EDGE('',*,*,#4593,.F.);
#4593 = EDGE_CURVE('',#4019,#4594,#4596,.T.);
#4594 = VERTEX_POINT('',#4595);
#4595 = CARTESIAN_POINT('',(-0.16,-2.38,-3.));
#4596 = LINE('',#4597,#4598);
#4597 = CARTESIAN_POINT('',(-0.16,-2.38,-3.));
#4598 = VECTOR('',#4599,1.);
#4599 = DIRECTION('',(0.57735026919,-0.57735026919,-0.57735026919));
#4600 = ORIENTED_EDGE('',*,*,#4018,.T.);
#4601 = ORIENTED_EDGE('',*,*,#4571,.T.);
#4602 = ORIENTED_EDGE('',*,*,#4603,.F.);
#4603 = EDGE_CURVE('',#4594,#4572,#4604,.T.);
#4604 = LINE('',#4605,#4606);
#4605 = CARTESIAN_POINT('',(-0.32,-2.38,-3.));
#4606 = VECTOR('',#4607,1.);
#4607 = DIRECTION('',(1.,0.,0.));
#4608 = PLANE('',#4609);
#4609 = AXIS2_PLACEMENT_3D('',#4610,#4611,#4612);
#4610 = CARTESIAN_POINT('',(-0.32,-2.3,-2.92));
#4611 = DIRECTION('',(-1.735167508357E-18,-0.707106781187,0.707106781187
    ));
#4612 = DIRECTION('',(-1.,1.226948711654E-18,-1.226948711654E-18));
#4613 = ADVANCED_FACE('',(#4614),#4625,.T.);
#4614 = FACE_BOUND('',#4615,.T.);
#4615 = EDGE_LOOP('',(#4616,#4617,#4618,#4619));
#4616 = ORIENTED_EDGE('',*,*,#4538,.F.);
#4617 = ORIENTED_EDGE('',*,*,#4042,.T.);
#4618 = ORIENTED_EDGE('',*,*,#4593,.T.);
#4619 = ORIENTED_EDGE('',*,*,#4620,.F.);
#4620 = EDGE_CURVE('',#4539,#4594,#4621,.T.);
#4621 = LINE('',#4622,#4623);
#4622 = CARTESIAN_POINT('',(-0.16,-2.86,-3.));
#4623 = VECTOR('',#4624,1.);
#4624 = DIRECTION('',(0.,1.,0.));
#4625 = PLANE('',#4626);
#4626 = AXIS2_PLACEMENT_3D('',#4627,#4628,#4629);
#4627 = CARTESIAN_POINT('',(-0.24,-2.86,-2.92));
#4628 = DIRECTION('',(-0.707106781187,-1.735167508357E-18,
    -0.707106781187));
#4629 = DIRECTION('',(-1.226948711654E-18,1.,-1.226948711654E-18));
#4630 = ADVANCED_FACE('',(#4631),#4656,.F.);
#4631 = FACE_BOUND('',#4632,.T.);
#4632 = EDGE_LOOP('',(#4633,#4641,#4642,#4650));
#4633 = ORIENTED_EDGE('',*,*,#4634,.F.);
#4634 = EDGE_CURVE('',#4067,#4635,#4637,.T.);
#4635 = VERTEX_POINT('',#4636);
#4636 = CARTESIAN_POINT('',(-0.16,-4.92,-3.));
#4637 = LINE('',#4638,#4639);
#4638 = CARTESIAN_POINT('',(-0.16,-4.92,-3.));
#4639 = VECTOR('',#4640,1.);
#4640 = DIRECTION('',(0.57735026919,-0.57735026919,-0.57735026919));
#4641 = ORIENTED_EDGE('',*,*,#4066,.T.);
#4642 = ORIENTED_EDGE('',*,*,#4643,.T.);
#4643 = EDGE_CURVE('',#4059,#4644,#4646,.T.);
#4644 = VERTEX_POINT('',#4645);
#4645 = CARTESIAN_POINT('',(0.16,-4.92,-3.));
#4646 = LINE('',#4647,#4648);
#4647 = CARTESIAN_POINT('',(5.333333333333E-02,-5.026666666667,
    -3.106666666667));
#4648 = VECTOR('',#4649,1.);
#4649 = DIRECTION('',(-0.57735026919,-0.57735026919,-0.57735026919));
#4650 = ORIENTED_EDGE('',*,*,#4651,.F.);
#4651 = EDGE_CURVE('',#4635,#4644,#4652,.T.);
#4652 = LINE('',#4653,#4654);
#4653 = CARTESIAN_POINT('',(-0.32,-4.92,-3.));
#4654 = VECTOR('',#4655,1.);
#4655 = DIRECTION('',(1.,0.,0.));
#4656 = PLANE('',#4657);
#4657 = AXIS2_PLACEMENT_3D('',#4658,#4659,#4660);
#4658 = CARTESIAN_POINT('',(-0.32,-4.84,-2.92));
#4659 = DIRECTION('',(-1.735167508357E-18,-0.707106781187,0.707106781187
    ));
#4660 = DIRECTION('',(-1.,1.226948711654E-18,-1.226948711654E-18));
#4661 = ADVANCED_FACE('',(#4662),#4680,.T.);
#4662 = FACE_BOUND('',#4663,.T.);
#4663 = EDGE_LOOP('',(#4664,#4672,#4673,#4674));
#4664 = ORIENTED_EDGE('',*,*,#4665,.F.);
#4665 = EDGE_CURVE('',#4090,#4666,#4668,.T.);
#4666 = VERTEX_POINT('',#4667);
#4667 = CARTESIAN_POINT('',(-0.16,-5.24,-3.));
#4668 = LINE('',#4669,#4670);
#4669 = CARTESIAN_POINT('',(-0.266666666667,-5.346666666667,
    -2.893333333333));
#4670 = VECTOR('',#4671,1.);
#4671 = DIRECTION('',(0.57735026919,0.57735026919,-0.57735026919));
#4672 = ORIENTED_EDGE('',*,*,#4097,.T.);
#4673 = ORIENTED_EDGE('',*,*,#4634,.T.);
#4674 = ORIENTED_EDGE('',*,*,#4675,.F.);
#4675 = EDGE_CURVE('',#4666,#4635,#4676,.T.);
#4676 = LINE('',#4677,#4678);
#4677 = CARTESIAN_POINT('',(-0.16,-5.4,-3.));
#4678 = VECTOR('',#4679,1.);
#4679 = DIRECTION('',(0.,1.,0.));
#4680 = PLANE('',#4681);
#4681 = AXIS2_PLACEMENT_3D('',#4682,#4683,#4684);
#4682 = CARTESIAN_POINT('',(-0.24,-5.4,-2.92));
#4683 = DIRECTION('',(-0.707106781187,-1.735167508357E-18,
    -0.707106781187));
#4684 = DIRECTION('',(-1.226948711654E-18,1.,-1.226948711654E-18));
#4685 = ADVANCED_FACE('',(#4686),#4704,.T.);
#4686 = FACE_BOUND('',#4687,.F.);
#4687 = EDGE_LOOP('',(#4688,#4689,#4690,#4698));
#4688 = ORIENTED_EDGE('',*,*,#4665,.F.);
#4689 = ORIENTED_EDGE('',*,*,#4121,.T.);
#4690 = ORIENTED_EDGE('',*,*,#4691,.T.);
#4691 = EDGE_CURVE('',#4114,#4692,#4694,.T.);
#4692 = VERTEX_POINT('',#4693);
#4693 = CARTESIAN_POINT('',(0.16,-5.24,-3.));
#4694 = LINE('',#4695,#4696);
#4695 = CARTESIAN_POINT('',(0.16,-5.24,-3.));
#4696 = VECTOR('',#4697,1.);
#4697 = DIRECTION('',(-0.57735026919,0.57735026919,-0.57735026919));
#4698 = ORIENTED_EDGE('',*,*,#4699,.F.);
#4699 = EDGE_CURVE('',#4666,#4692,#4700,.T.);
#4700 = LINE('',#4701,#4702);
#4701 = CARTESIAN_POINT('',(-0.32,-5.24,-3.));
#4702 = VECTOR('',#4703,1.);
#4703 = DIRECTION('',(1.,0.,0.));
#4704 = PLANE('',#4705);
#4705 = AXIS2_PLACEMENT_3D('',#4706,#4707,#4708);
#4706 = CARTESIAN_POINT('',(-0.32,-5.32,-2.92));
#4707 = DIRECTION('',(1.735167508357E-18,-0.707106781187,-0.707106781187
    ));
#4708 = DIRECTION('',(-1.,-1.226948711654E-18,-1.226948711654E-18));
#4709 = ADVANCED_FACE('',(#4710),#4721,.F.);
#4710 = FACE_BOUND('',#4711,.F.);
#4711 = EDGE_LOOP('',(#4712,#4713,#4714,#4715));
#4712 = ORIENTED_EDGE('',*,*,#4691,.F.);
#4713 = ORIENTED_EDGE('',*,*,#4138,.T.);
#4714 = ORIENTED_EDGE('',*,*,#4643,.T.);
#4715 = ORIENTED_EDGE('',*,*,#4716,.F.);
#4716 = EDGE_CURVE('',#4692,#4644,#4717,.T.);
#4717 = LINE('',#4718,#4719);
#4718 = CARTESIAN_POINT('',(0.16,-5.4,-3.));
#4719 = VECTOR('',#4720,1.);
#4720 = DIRECTION('',(0.,1.,0.));
#4721 = PLANE('',#4722);
#4722 = AXIS2_PLACEMENT_3D('',#4723,#4724,#4725);
#4723 = CARTESIAN_POINT('',(0.24,-5.4,-2.92));
#4724 = DIRECTION('',(-0.707106781187,1.735167508357E-18,0.707106781187)
  );
#4725 = DIRECTION('',(1.226948711654E-18,1.,-1.226948711654E-18));
#4726 = ADVANCED_FACE('',(#4727),#4752,.T.);
#4727 = FACE_BOUND('',#4728,.T.);
#4728 = EDGE_LOOP('',(#4729,#4737,#4738,#4746));
#4729 = ORIENTED_EDGE('',*,*,#4730,.F.);
#4730 = EDGE_CURVE('',#4155,#4731,#4733,.T.);
#4731 = VERTEX_POINT('',#4732);
#4732 = CARTESIAN_POINT('',(0.16,-0.16,8.54));
#4733 = LINE('',#4734,#4735);
#4734 = CARTESIAN_POINT('',(0.16,-0.16,8.54));
#4735 = VECTOR('',#4736,1.);
#4736 = DIRECTION('',(-0.57735026919,0.57735026919,0.57735026919));
#4737 = ORIENTED_EDGE('',*,*,#4171,.T.);
#4738 = ORIENTED_EDGE('',*,*,#4739,.T.);
#4739 = EDGE_CURVE('',#4164,#4740,#4742,.T.);
#4740 = VERTEX_POINT('',#4741);
#4741 = CARTESIAN_POINT('',(0.16,0.16,8.54));
#4742 = LINE('',#4743,#4744);
#4743 = CARTESIAN_POINT('',(5.333333333333E-02,5.333333333333E-02,
    8.646666666667));
#4744 = VECTOR('',#4745,1.);
#4745 = DIRECTION('',(-0.57735026919,-0.57735026919,0.57735026919));
#4746 = ORIENTED_EDGE('',*,*,#4747,.F.);
#4747 = EDGE_CURVE('',#4731,#4740,#4748,.T.);
#4748 = LINE('',#4749,#4750);
#4749 = CARTESIAN_POINT('',(0.16,-0.32,8.54));
#4750 = VECTOR('',#4751,1.);
#4751 = DIRECTION('',(0.,1.,0.));
#4752 = PLANE('',#4753);
#4753 = AXIS2_PLACEMENT_3D('',#4754,#4755,#4756);
#4754 = CARTESIAN_POINT('',(0.24,-0.32,8.46));
#4755 = DIRECTION('',(0.707106781187,-1.735167508357E-18,0.707106781187)
  );
#4756 = DIRECTION('',(1.226948711654E-18,1.,1.226948711654E-18));
#4757 = ADVANCED_FACE('',(#4758),#4776,.T.);
#4758 = FACE_BOUND('',#4759,.F.);
#4759 = EDGE_LOOP('',(#4760,#4768,#4769,#4770));
#4760 = ORIENTED_EDGE('',*,*,#4761,.F.);
#4761 = EDGE_CURVE('',#4188,#4762,#4764,.T.);
#4762 = VERTEX_POINT('',#4763);
#4763 = CARTESIAN_POINT('',(-0.16,0.16,8.54));
#4764 = LINE('',#4765,#4766);
#4765 = CARTESIAN_POINT('',(-0.16,0.16,8.54));
#4766 = VECTOR('',#4767,1.);
#4767 = DIRECTION('',(0.57735026919,-0.57735026919,0.57735026919));
#4768 = ORIENTED_EDGE('',*,*,#4195,.T.);
#4769 = ORIENTED_EDGE('',*,*,#4739,.T.);
#4770 = ORIENTED_EDGE('',*,*,#4771,.F.);
#4771 = EDGE_CURVE('',#4762,#4740,#4772,.T.);
#4772 = LINE('',#4773,#4774);
#4773 = CARTESIAN_POINT('',(-0.32,0.16,8.54));
#4774 = VECTOR('',#4775,1.);
#4775 = DIRECTION('',(1.,0.,0.));
#4776 = PLANE('',#4777);
#4777 = AXIS2_PLACEMENT_3D('',#4778,#4779,#4780);
#4778 = CARTESIAN_POINT('',(-0.32,0.24,8.46));
#4779 = DIRECTION('',(1.735167508357E-18,0.707106781187,0.707106781187)
  );
#4780 = DIRECTION('',(-1.,1.226948711654E-18,1.226948711654E-18));
#4781 = ADVANCED_FACE('',(#4782),#4800,.F.);
#4782 = FACE_BOUND('',#4783,.F.);
#4783 = EDGE_LOOP('',(#4784,#4792,#4793,#4794));
#4784 = ORIENTED_EDGE('',*,*,#4785,.F.);
#4785 = EDGE_CURVE('',#4210,#4786,#4788,.T.);
#4786 = VERTEX_POINT('',#4787);
#4787 = CARTESIAN_POINT('',(-0.16,-0.16,8.54));
#4788 = LINE('',#4789,#4790);
#4789 = CARTESIAN_POINT('',(-0.266666666667,-0.266666666667,
    8.433333333333));
#4790 = VECTOR('',#4791,1.);
#4791 = DIRECTION('',(0.57735026919,0.57735026919,0.57735026919));
#4792 = ORIENTED_EDGE('',*,*,#4219,.T.);
#4793 = ORIENTED_EDGE('',*,*,#4761,.T.);
#4794 = ORIENTED_EDGE('',*,*,#4795,.F.);
#4795 = EDGE_CURVE('',#4786,#4762,#4796,.T.);
#4796 = LINE('',#4797,#4798);
#4797 = CARTESIAN_POINT('',(-0.16,-0.32,8.54));
#4798 = VECTOR('',#4799,1.);
#4799 = DIRECTION('',(0.,1.,0.));
#4800 = PLANE('',#4801);
#4801 = AXIS2_PLACEMENT_3D('',#4802,#4803,#4804);
#4802 = CARTESIAN_POINT('',(-0.24,-0.32,8.46));
#4803 = DIRECTION('',(0.707106781187,1.735167508357E-18,-0.707106781187)
  );
#4804 = DIRECTION('',(-1.226948711654E-18,1.,1.226948711654E-18));
#4805 = ADVANCED_FACE('',(#4806),#4817,.F.);
#4806 = FACE_BOUND('',#4807,.T.);
#4807 = EDGE_LOOP('',(#4808,#4809,#4810,#4811));
#4808 = ORIENTED_EDGE('',*,*,#4785,.F.);
#4809 = ORIENTED_EDGE('',*,*,#4236,.T.);
#4810 = ORIENTED_EDGE('',*,*,#4730,.T.);
#4811 = ORIENTED_EDGE('',*,*,#4812,.F.);
#4812 = EDGE_CURVE('',#4786,#4731,#4813,.T.);
#4813 = LINE('',#4814,#4815);
#4814 = CARTESIAN_POINT('',(-0.32,-0.16,8.54));
#4815 = VECTOR('',#4816,1.);
#4816 = DIRECTION('',(1.,0.,0.));
#4817 = PLANE('',#4818);
#4818 = AXIS2_PLACEMENT_3D('',#4819,#4820,#4821);
#4819 = CARTESIAN_POINT('',(-0.32,-0.24,8.46));
#4820 = DIRECTION('',(-1.735167508357E-18,0.707106781187,-0.707106781187
    ));
#4821 = DIRECTION('',(-1.,-1.226948711654E-18,1.226948711654E-18));
#4822 = ADVANCED_FACE('',(#4823),#4848,.F.);
#4823 = FACE_BOUND('',#4824,.T.);
#4824 = EDGE_LOOP('',(#4825,#4833,#4834,#4842));
#4825 = ORIENTED_EDGE('',*,*,#4826,.F.);
#4826 = EDGE_CURVE('',#4260,#4827,#4829,.T.);
#4827 = VERTEX_POINT('',#4828);
#4828 = CARTESIAN_POINT('',(-0.16,-2.7,8.54));
#4829 = LINE('',#4830,#4831);
#4830 = CARTESIAN_POINT('',(-0.266666666667,-2.806666666667,
    8.433333333333));
#4831 = VECTOR('',#4832,1.);
#4832 = DIRECTION('',(0.57735026919,0.57735026919,0.57735026919));
#4833 = ORIENTED_EDGE('',*,*,#4267,.T.);
#4834 = ORIENTED_EDGE('',*,*,#4835,.T.);
#4835 = EDGE_CURVE('',#4251,#4836,#4838,.T.);
#4836 = VERTEX_POINT('',#4837);
#4837 = CARTESIAN_POINT('',(0.16,-2.7,8.54));
#4838 = LINE('',#4839,#4840);
#4839 = CARTESIAN_POINT('',(0.16,-2.7,8.54));
#4840 = VECTOR('',#4841,1.);
#4841 = DIRECTION('',(-0.57735026919,0.57735026919,0.57735026919));
#4842 = ORIENTED_EDGE('',*,*,#4843,.F.);
#4843 = EDGE_CURVE('',#4827,#4836,#4844,.T.);
#4844 = LINE('',#4845,#4846);
#4845 = CARTESIAN_POINT('',(-0.32,-2.7,8.54));
#4846 = VECTOR('',#4847,1.);
#4847 = DIRECTION('',(1.,0.,0.));
#4848 = PLANE('',#4849);
#4849 = AXIS2_PLACEMENT_3D('',#4850,#4851,#4852);
#4850 = CARTESIAN_POINT('',(-0.32,-2.78,8.46));
#4851 = DIRECTION('',(-1.735167508357E-18,0.707106781187,-0.707106781187
    ));
#4852 = DIRECTION('',(-1.,-1.226948711654E-18,1.226948711654E-18));
#4853 = ADVANCED_FACE('',(#4854),#4872,.T.);
#4854 = FACE_BOUND('',#4855,.T.);
#4855 = EDGE_LOOP('',(#4856,#4857,#4858,#4866));
#4856 = ORIENTED_EDGE('',*,*,#4835,.F.);
#4857 = ORIENTED_EDGE('',*,*,#4291,.T.);
#4858 = ORIENTED_EDGE('',*,*,#4859,.T.);
#4859 = EDGE_CURVE('',#4284,#4860,#4862,.T.);
#4860 = VERTEX_POINT('',#4861);
#4861 = CARTESIAN_POINT('',(0.16,-2.38,8.54));
#4862 = LINE('',#4863,#4864);
#4863 = CARTESIAN_POINT('',(5.333333333333E-02,-2.486666666667,
    8.646666666667));
#4864 = VECTOR('',#4865,1.);
#4865 = DIRECTION('',(-0.57735026919,-0.57735026919,0.57735026919));
#4866 = ORIENTED_EDGE('',*,*,#4867,.F.);
#4867 = EDGE_CURVE('',#4836,#4860,#4868,.T.);
#4868 = LINE('',#4869,#4870);
#4869 = CARTESIAN_POINT('',(0.16,-2.86,8.54));
#4870 = VECTOR('',#4871,1.);
#4871 = DIRECTION('',(0.,1.,0.));
#4872 = PLANE('',#4873);
#4873 = AXIS2_PLACEMENT_3D('',#4874,#4875,#4876);
#4874 = CARTESIAN_POINT('',(0.24,-2.86,8.46));
#4875 = DIRECTION('',(0.707106781187,-1.735167508357E-18,0.707106781187)
  );
#4876 = DIRECTION('',(1.226948711654E-18,1.,1.226948711654E-18));
#4877 = ADVANCED_FACE('',(#4878),#4896,.T.);
#4878 = FACE_BOUND('',#4879,.F.);
#4879 = EDGE_LOOP('',(#4880,#4888,#4889,#4890));
#4880 = ORIENTED_EDGE('',*,*,#4881,.F.);
#4881 = EDGE_CURVE('',#4308,#4882,#4884,.T.);
#4882 = VERTEX_POINT('',#4883);
#4883 = CARTESIAN_POINT('',(-0.16,-2.38,8.54));
#4884 = LINE('',#4885,#4886);
#4885 = CARTESIAN_POINT('',(-0.16,-2.38,8.54));
#4886 = VECTOR('',#4887,1.);
#4887 = DIRECTION('',(0.57735026919,-0.57735026919,0.57735026919));
#4888 = ORIENTED_EDGE('',*,*,#4315,.T.);
#4889 = ORIENTED_EDGE('',*,*,#4859,.T.);
#4890 = ORIENTED_EDGE('',*,*,#4891,.F.);
#4891 = EDGE_CURVE('',#4882,#4860,#4892,.T.);
#4892 = LINE('',#4893,#4894);
#4893 = CARTESIAN_POINT('',(-0.32,-2.38,8.54));
#4894 = VECTOR('',#4895,1.);
#4895 = DIRECTION('',(1.,0.,0.));
#4896 = PLANE('',#4897);
#4897 = AXIS2_PLACEMENT_3D('',#4898,#4899,#4900);
#4898 = CARTESIAN_POINT('',(-0.32,-2.3,8.46));
#4899 = DIRECTION('',(1.735167508357E-18,0.707106781187,0.707106781187)
  );
#4900 = DIRECTION('',(-1.,1.226948711654E-18,1.226948711654E-18));
#4901 = ADVANCED_FACE('',(#4902),#4913,.F.);
#4902 = FACE_BOUND('',#4903,.F.);
#4903 = EDGE_LOOP('',(#4904,#4905,#4906,#4907));
#4904 = ORIENTED_EDGE('',*,*,#4826,.F.);
#4905 = ORIENTED_EDGE('',*,*,#4332,.T.);
#4906 = ORIENTED_EDGE('',*,*,#4881,.T.);
#4907 = ORIENTED_EDGE('',*,*,#4908,.F.);
#4908 = EDGE_CURVE('',#4827,#4882,#4909,.T.);
#4909 = LINE('',#4910,#4911);
#4910 = CARTESIAN_POINT('',(-0.16,-2.86,8.54));
#4911 = VECTOR('',#4912,1.);
#4912 = DIRECTION('',(0.,1.,0.));
#4913 = PLANE('',#4914);
#4914 = AXIS2_PLACEMENT_3D('',#4915,#4916,#4917);
#4915 = CARTESIAN_POINT('',(-0.24,-2.86,8.46));
#4916 = DIRECTION('',(0.707106781187,1.735167508357E-18,-0.707106781187)
  );
#4917 = DIRECTION('',(-1.226948711654E-18,1.,1.226948711654E-18));
#4918 = ADVANCED_FACE('',(#4919),#4944,.T.);
#4919 = FACE_BOUND('',#4920,.F.);
#4920 = EDGE_LOOP('',(#4921,#4929,#4930,#4938));
#4921 = ORIENTED_EDGE('',*,*,#4922,.F.);
#4922 = EDGE_CURVE('',#4356,#4923,#4925,.T.);
#4923 = VERTEX_POINT('',#4924);
#4924 = CARTESIAN_POINT('',(-0.16,-4.92,8.54));
#4925 = LINE('',#4926,#4927);
#4926 = CARTESIAN_POINT('',(-0.16,-4.92,8.54));
#4927 = VECTOR('',#4928,1.);
#4928 = DIRECTION('',(0.57735026919,-0.57735026919,0.57735026919));
#4929 = ORIENTED_EDGE('',*,*,#4363,.T.);
#4930 = ORIENTED_EDGE('',*,*,#4931,.T.);
#4931 = EDGE_CURVE('',#4347,#4932,#4934,.T.);
#4932 = VERTEX_POINT('',#4933);
#4933 = CARTESIAN_POINT('',(0.16,-4.92,8.54));
#4934 = LINE('',#4935,#4936);
#4935 = CARTESIAN_POINT('',(5.333333333333E-02,-5.026666666667,
    8.646666666667));
#4936 = VECTOR('',#4937,1.);
#4937 = DIRECTION('',(-0.57735026919,-0.57735026919,0.57735026919));
#4938 = ORIENTED_EDGE('',*,*,#4939,.F.);
#4939 = EDGE_CURVE('',#4923,#4932,#4940,.T.);
#4940 = LINE('',#4941,#4942);
#4941 = CARTESIAN_POINT('',(-0.32,-4.92,8.54));
#4942 = VECTOR('',#4943,1.);
#4943 = DIRECTION('',(1.,0.,0.));
#4944 = PLANE('',#4945);
#4945 = AXIS2_PLACEMENT_3D('',#4946,#4947,#4948);
#4946 = CARTESIAN_POINT('',(-0.32,-4.84,8.46));
#4947 = DIRECTION('',(1.735167508357E-18,0.707106781187,0.707106781187)
  );
#4948 = DIRECTION('',(-1.,1.226948711654E-18,1.226948711654E-18));
#4949 = ADVANCED_FACE('',(#4950),#4968,.F.);
#4950 = FACE_BOUND('',#4951,.F.);
#4951 = EDGE_LOOP('',(#4952,#4960,#4961,#4962));
#4952 = ORIENTED_EDGE('',*,*,#4953,.F.);
#4953 = EDGE_CURVE('',#4378,#4954,#4956,.T.);
#4954 = VERTEX_POINT('',#4955);
#4955 = CARTESIAN_POINT('',(-0.16,-5.24,8.54));
#4956 = LINE('',#4957,#4958);
#4957 = CARTESIAN_POINT('',(-0.266666666667,-5.346666666667,
    8.433333333333));
#4958 = VECTOR('',#4959,1.);
#4959 = DIRECTION('',(0.57735026919,0.57735026919,0.57735026919));
#4960 = ORIENTED_EDGE('',*,*,#4387,.T.);
#4961 = ORIENTED_EDGE('',*,*,#4922,.T.);
#4962 = ORIENTED_EDGE('',*,*,#4963,.F.);
#4963 = EDGE_CURVE('',#4954,#4923,#4964,.T.);
#4964 = LINE('',#4965,#4966);
#4965 = CARTESIAN_POINT('',(-0.16,-5.4,8.54));
#4966 = VECTOR('',#4967,1.);
#4967 = DIRECTION('',(0.,1.,0.));
#4968 = PLANE('',#4969);
#4969 = AXIS2_PLACEMENT_3D('',#4970,#4971,#4972);
#4970 = CARTESIAN_POINT('',(-0.24,-5.4,8.46));
#4971 = DIRECTION('',(0.707106781187,1.735167508357E-18,-0.707106781187)
  );
#4972 = DIRECTION('',(-1.226948711654E-18,1.,1.226948711654E-18));
#4973 = ADVANCED_FACE('',(#4974),#4992,.F.);
#4974 = FACE_BOUND('',#4975,.T.);
#4975 = EDGE_LOOP('',(#4976,#4977,#4978,#4986));
#4976 = ORIENTED_EDGE('',*,*,#4953,.F.);
#4977 = ORIENTED_EDGE('',*,*,#4411,.T.);
#4978 = ORIENTED_EDGE('',*,*,#4979,.T.);
#4979 = EDGE_CURVE('',#4402,#4980,#4982,.T.);
#4980 = VERTEX_POINT('',#4981);
#4981 = CARTESIAN_POINT('',(0.16,-5.24,8.54));
#4982 = LINE('',#4983,#4984);
#4983 = CARTESIAN_POINT('',(0.16,-5.24,8.54));
#4984 = VECTOR('',#4985,1.);
#4985 = DIRECTION('',(-0.57735026919,0.57735026919,0.57735026919));
#4986 = ORIENTED_EDGE('',*,*,#4987,.F.);
#4987 = EDGE_CURVE('',#4954,#4980,#4988,.T.);
#4988 = LINE('',#4989,#4990);
#4989 = CARTESIAN_POINT('',(-0.32,-5.24,8.54));
#4990 = VECTOR('',#4991,1.);
#4991 = DIRECTION('',(1.,0.,0.));
#4992 = PLANE('',#4993);
#4993 = AXIS2_PLACEMENT_3D('',#4994,#4995,#4996);
#4994 = CARTESIAN_POINT('',(-0.32,-5.32,8.46));
#4995 = DIRECTION('',(-1.735167508357E-18,0.707106781187,-0.707106781187
    ));
#4996 = DIRECTION('',(-1.,-1.226948711654E-18,1.226948711654E-18));
#4997 = ADVANCED_FACE('',(#4998),#5009,.T.);
#4998 = FACE_BOUND('',#4999,.T.);
#4999 = EDGE_LOOP('',(#5000,#5001,#5002,#5003));
#5000 = ORIENTED_EDGE('',*,*,#4979,.F.);
#5001 = ORIENTED_EDGE('',*,*,#4428,.T.);
#5002 = ORIENTED_EDGE('',*,*,#4931,.T.);
#5003 = ORIENTED_EDGE('',*,*,#5004,.F.);
#5004 = EDGE_CURVE('',#4980,#4932,#5005,.T.);
#5005 = LINE('',#5006,#5007);
#5006 = CARTESIAN_POINT('',(0.16,-5.4,8.54));
#5007 = VECTOR('',#5008,1.);
#5008 = DIRECTION('',(0.,1.,0.));
#5009 = PLANE('',#5010);
#5010 = AXIS2_PLACEMENT_3D('',#5011,#5012,#5013);
#5011 = CARTESIAN_POINT('',(0.24,-5.4,8.46));
#5012 = DIRECTION('',(0.707106781187,-1.735167508357E-18,0.707106781187)
  );
#5013 = DIRECTION('',(1.226948711654E-18,1.,1.226948711654E-18));
#5014 = ADVANCED_FACE('',(#5015),#5021,.F.);
#5015 = FACE_BOUND('',#5016,.F.);
#5016 = EDGE_LOOP('',(#5017,#5018,#5019,#5020));
#5017 = ORIENTED_EDGE('',*,*,#4483,.F.);
#5018 = ORIENTED_EDGE('',*,*,#4507,.F.);
#5019 = ORIENTED_EDGE('',*,*,#4524,.T.);
#5020 = ORIENTED_EDGE('',*,*,#4459,.T.);
#5021 = PLANE('',#5022);
#5022 = AXIS2_PLACEMENT_3D('',#5023,#5024,#5025);
#5023 = CARTESIAN_POINT('',(-0.32,-0.32,-3.));
#5024 = DIRECTION('',(0.,0.,1.));
#5025 = DIRECTION('',(1.,0.,-0.));
#5026 = ADVANCED_FACE('',(#5027),#5033,.F.);
#5027 = FACE_BOUND('',#5028,.F.);
#5028 = EDGE_LOOP('',(#5029,#5030,#5031,#5032));
#5029 = ORIENTED_EDGE('',*,*,#4603,.F.);
#5030 = ORIENTED_EDGE('',*,*,#4620,.F.);
#5031 = ORIENTED_EDGE('',*,*,#4555,.T.);
#5032 = ORIENTED_EDGE('',*,*,#4579,.T.);
#5033 = PLANE('',#5034);
#5034 = AXIS2_PLACEMENT_3D('',#5035,#5036,#5037);
#5035 = CARTESIAN_POINT('',(-0.32,-2.86,-3.));
#5036 = DIRECTION('',(0.,0.,1.));
#5037 = DIRECTION('',(1.,0.,-0.));
#5038 = ADVANCED_FACE('',(#5039),#5045,.F.);
#5039 = FACE_BOUND('',#5040,.F.);
#5040 = EDGE_LOOP('',(#5041,#5042,#5043,#5044));
#5041 = ORIENTED_EDGE('',*,*,#4651,.F.);
#5042 = ORIENTED_EDGE('',*,*,#4675,.F.);
#5043 = ORIENTED_EDGE('',*,*,#4699,.T.);
#5044 = ORIENTED_EDGE('',*,*,#4716,.T.);
#5045 = PLANE('',#5046);
#5046 = AXIS2_PLACEMENT_3D('',#5047,#5048,#5049);
#5047 = CARTESIAN_POINT('',(-0.32,-5.4,-3.));
#5048 = DIRECTION('',(0.,0.,1.));
#5049 = DIRECTION('',(1.,0.,-0.));
#5050 = ADVANCED_FACE('',(#5051),#5057,.T.);
#5051 = FACE_BOUND('',#5052,.T.);
#5052 = EDGE_LOOP('',(#5053,#5054,#5055,#5056));
#5053 = ORIENTED_EDGE('',*,*,#4812,.T.);
#5054 = ORIENTED_EDGE('',*,*,#4747,.T.);
#5055 = ORIENTED_EDGE('',*,*,#4771,.F.);
#5056 = ORIENTED_EDGE('',*,*,#4795,.F.);
#5057 = PLANE('',#5058);
#5058 = AXIS2_PLACEMENT_3D('',#5059,#5060,#5061);
#5059 = CARTESIAN_POINT('',(-0.32,-0.32,8.54));
#5060 = DIRECTION('',(0.,0.,1.));
#5061 = DIRECTION('',(1.,0.,-0.));
#5062 = ADVANCED_FACE('',(#5063),#5069,.T.);
#5063 = FACE_BOUND('',#5064,.T.);
#5064 = EDGE_LOOP('',(#5065,#5066,#5067,#5068));
#5065 = ORIENTED_EDGE('',*,*,#4843,.T.);
#5066 = ORIENTED_EDGE('',*,*,#4867,.T.);
#5067 = ORIENTED_EDGE('',*,*,#4891,.F.);
#5068 = ORIENTED_EDGE('',*,*,#4908,.F.);
#5069 = PLANE('',#5070);
#5070 = AXIS2_PLACEMENT_3D('',#5071,#5072,#5073);
#5071 = CARTESIAN_POINT('',(-0.32,-2.86,8.54));
#5072 = DIRECTION('',(0.,0.,1.));
#5073 = DIRECTION('',(1.,0.,-0.));
#5074 = ADVANCED_FACE('',(#5075),#5081,.T.);
#5075 = FACE_BOUND('',#5076,.T.);
#5076 = EDGE_LOOP('',(#5077,#5078,#5079,#5080));
#5077 = ORIENTED_EDGE('',*,*,#4987,.T.);
#5078 = ORIENTED_EDGE('',*,*,#5004,.T.);
#5079 = ORIENTED_EDGE('',*,*,#4939,.F.);
#5080 = ORIENTED_EDGE('',*,*,#4963,.F.);
#5081 = PLANE('',#5082);
#5082 = AXIS2_PLACEMENT_3D('',#5083,#5084,#5085);
#5083 = CARTESIAN_POINT('',(-0.32,-5.4,8.54));
#5084 = DIRECTION('',(0.,0.,1.));
#5085 = DIRECTION('',(1.,0.,-0.));
#5086 = ( GEOMETRIC_REPRESENTATION_CONTEXT(3) 
GLOBAL_UNCERTAINTY_ASSIGNED_CONTEXT((#5090)) 
GLOBAL_UNIT_ASSIGNED_CONTEXT((#5087,#5088,#5089)) REPRESENTATION_CONTEXT
('Context #1','3D Context with UNIT and UNCERTAINTY') );
#5087 = ( LENGTH_UNIT() NAMED_UNIT(*) SI_UNIT(.MILLI.,.METRE.) );
#5088 = ( NAMED_UNIT(*) PLANE_ANGLE_UNIT() SI_UNIT($,.RADIAN.) );
#5089 = ( NAMED_UNIT(*) SI_UNIT($,.STERADIAN.) SOLID_ANGLE_UNIT() );
#5090 = UNCERTAINTY_MEASURE_WITH_UNIT(LENGTH_MEASURE(1.E-07),#5087,
  'distance_accuracy_value','confusion accuracy');
#5091 = CONTEXT_DEPENDENT_SHAPE_REPRESENTATION(#5092,#5094);
#5092 = ( REPRESENTATION_RELATIONSHIP('','',#2979,#10) 
REPRESENTATION_RELATIONSHIP_WITH_TRANSFORMATION(#5093) 
SHAPE_REPRESENTATION_RELATIONSHIP() );
#5093 = ITEM_DEFINED_TRANSFORMATION('','',#11,#23);
#5094 = PRODUCT_DEFINITION_SHAPE('Placement','Placement of an item',
  #5095);
#5095 = NEXT_ASSEMBLY_USAGE_OCCURRENCE('6','SW2','',#5,#2974,$);
#5096 = PRODUCT_RELATED_PRODUCT_CATEGORY('part',$,(#2976));
#5097 = SHAPE_DEFINITION_REPRESENTATION(#5098,#5104);
#5098 = PRODUCT_DEFINITION_SHAPE('','',#5099);
#5099 = PRODUCT_DEFINITION('design','',#5100,#5103);
#5100 = PRODUCT_DEFINITION_FORMATION('','',#5101);
#5101 = PRODUCT('R_0805_2012Metric','R_0805_2012Metric','',(#5102));
#5102 = PRODUCT_CONTEXT('',#2,'mechanical');
#5103 = PRODUCT_DEFINITION_CONTEXT('part definition',#2,'design');
#5104 = ADVANCED_BREP_SHAPE_REPRESENTATION('',(#11,#5105),#5895);
#5105 = MANIFOLD_SOLID_BREP('',#5106);
#5106 = CLOSED_SHELL('',(#5107,#5147,#5230,#5255,#5280,#5347,#5364,#5381
    ,#5430,#5447,#5464,#5513,#5530,#5599,#5630,#5654,#5723,#5747,#5764,
    #5781,#5798,#5815,#5832,#5849,#5866,#5883));
#5107 = ADVANCED_FACE('',(#5108),#5142,.F.);
#5108 = FACE_BOUND('',#5109,.F.);
#5109 = EDGE_LOOP('',(#5110,#5120,#5128,#5136));
#5110 = ORIENTED_EDGE('',*,*,#5111,.F.);
#5111 = EDGE_CURVE('',#5112,#5114,#5116,.T.);
#5112 = VERTEX_POINT('',#5113);
#5113 = CARTESIAN_POINT('',(-1.,-0.6,4.5E-02));
#5114 = VERTEX_POINT('',#5115);
#5115 = CARTESIAN_POINT('',(-1.,-0.6,0.405));
#5116 = LINE('',#5117,#5118);
#5117 = CARTESIAN_POINT('',(-1.,-0.6,0.));
#5118 = VECTOR('',#5119,1.);
#5119 = DIRECTION('',(0.,0.,1.));
#5120 = ORIENTED_EDGE('',*,*,#5121,.T.);
#5121 = EDGE_CURVE('',#5112,#5122,#5124,.T.);
#5122 = VERTEX_POINT('',#5123);
#5123 = CARTESIAN_POINT('',(-1.,0.6,4.5E-02));
#5124 = LINE('',#5125,#5126);
#5125 = CARTESIAN_POINT('',(-1.,-0.6,4.5E-02));
#5126 = VECTOR('',#5127,1.);
#5127 = DIRECTION('',(0.,1.,0.));
#5128 = ORIENTED_EDGE('',*,*,#5129,.T.);
#5129 = EDGE_CURVE('',#5122,#5130,#5132,.T.);
#5130 = VERTEX_POINT('',#5131);
#5131 = CARTESIAN_POINT('',(-1.,0.6,0.405));
#5132 = LINE('',#5133,#5134);
#5133 = CARTESIAN_POINT('',(-1.,0.6,0.));
#5134 = VECTOR('',#5135,1.);
#5135 = DIRECTION('',(0.,0.,1.));
#5136 = ORIENTED_EDGE('',*,*,#5137,.F.);
#5137 = EDGE_CURVE('',#5114,#5130,#5138,.T.);
#5138 = LINE('',#5139,#5140);
#5139 = CARTESIAN_POINT('',(-1.,-0.6,0.405));
#5140 = VECTOR('',#5141,1.);
#5141 = DIRECTION('',(0.,1.,0.));
#5142 = PLANE('',#5143);
#5143 = AXIS2_PLACEMENT_3D('',#5144,#5145,#5146);
#5144 = CARTESIAN_POINT('',(-1.,-0.6,0.));
#5145 = DIRECTION('',(1.,0.,0.));
#5146 = DIRECTION('',(0.,0.,1.));
#5147 = ADVANCED_FACE('',(#5148),#5225,.F.);
#5148 = FACE_BOUND('',#5149,.F.);
#5149 = EDGE_LOOP('',(#5150,#5160,#5167,#5168,#5177,#5185,#5194,#5202,
    #5210,#5218));
#5150 = ORIENTED_EDGE('',*,*,#5151,.F.);
#5151 = EDGE_CURVE('',#5152,#5154,#5156,.T.);
#5152 = VERTEX_POINT('',#5153);
#5153 = CARTESIAN_POINT('',(-0.955,-0.6,-2.775557561563E-17));
#5154 = VERTEX_POINT('',#5155);
#5155 = CARTESIAN_POINT('',(-0.745,-0.6,-2.775557561563E-17));
#5156 = LINE('',#5157,#5158);
#5157 = CARTESIAN_POINT('',(-1.,-0.6,0.));
#5158 = VECTOR('',#5159,1.);
#5159 = DIRECTION('',(1.,0.,0.));
#5160 = ORIENTED_EDGE('',*,*,#5161,.F.);
#5161 = EDGE_CURVE('',#5112,#5152,#5162,.T.);
#5162 = CIRCLE('',#5163,4.5E-02);
#5163 = AXIS2_PLACEMENT_3D('',#5164,#5165,#5166);
#5164 = CARTESIAN_POINT('',(-0.955,-0.6,4.5E-02));
#5165 = DIRECTION('',(0.,-1.,0.));
#5166 = DIRECTION('',(0.,0.,1.));
#5167 = ORIENTED_EDGE('',*,*,#5111,.T.);
#5168 = ORIENTED_EDGE('',*,*,#5169,.T.);
#5169 = EDGE_CURVE('',#5114,#5170,#5172,.T.);
#5170 = VERTEX_POINT('',#5171);
#5171 = CARTESIAN_POINT('',(-0.955,-0.6,0.45));
#5172 = CIRCLE('',#5173,4.5E-02);
#5173 = AXIS2_PLACEMENT_3D('',#5174,#5175,#5176);
#5174 = CARTESIAN_POINT('',(-0.955,-0.6,0.405));
#5175 = DIRECTION('',(0.,1.,0.));
#5176 = DIRECTION('',(0.,-0.,1.));
#5177 = ORIENTED_EDGE('',*,*,#5178,.T.);
#5178 = EDGE_CURVE('',#5170,#5179,#5181,.T.);
#5179 = VERTEX_POINT('',#5180);
#5180 = CARTESIAN_POINT('',(-0.745,-0.6,0.45));
#5181 = LINE('',#5182,#5183);
#5182 = CARTESIAN_POINT('',(-1.,-0.6,0.45));
#5183 = VECTOR('',#5184,1.);
#5184 = DIRECTION('',(1.,0.,0.));
#5185 = ORIENTED_EDGE('',*,*,#5186,.F.);
#5186 = EDGE_CURVE('',#5187,#5179,#5189,.T.);
#5187 = VERTEX_POINT('',#5188);
#5188 = CARTESIAN_POINT('',(-0.7,-0.6,0.405));
#5189 = CIRCLE('',#5190,4.5E-02);
#5190 = AXIS2_PLACEMENT_3D('',#5191,#5192,#5193);
#5191 = CARTESIAN_POINT('',(-0.745,-0.6,0.405));
#5192 = DIRECTION('',(0.,-1.,0.));
#5193 = DIRECTION('',(0.,0.,1.));
#5194 = ORIENTED_EDGE('',*,*,#5195,.F.);
#5195 = EDGE_CURVE('',#5196,#5187,#5198,.T.);
#5196 = VERTEX_POINT('',#5197);
#5197 = CARTESIAN_POINT('',(-0.955,-0.6,0.405));
#5198 = LINE('',#5199,#5200);
#5199 = CARTESIAN_POINT('',(-0.955,-0.6,0.405));
#5200 = VECTOR('',#5201,1.);
#5201 = DIRECTION('',(1.,0.,0.));
#5202 = ORIENTED_EDGE('',*,*,#5203,.F.);
#5203 = EDGE_CURVE('',#5204,#5196,#5206,.T.);
#5204 = VERTEX_POINT('',#5205);
#5205 = CARTESIAN_POINT('',(-0.955,-0.6,4.5E-02));
#5206 = LINE('',#5207,#5208);
#5207 = CARTESIAN_POINT('',(-0.955,-0.6,4.5E-02));
#5208 = VECTOR('',#5209,1.);
#5209 = DIRECTION('',(0.,0.,1.));
#5210 = ORIENTED_EDGE('',*,*,#5211,.T.);
#5211 = EDGE_CURVE('',#5204,#5212,#5214,.T.);
#5212 = VERTEX_POINT('',#5213);
#5213 = CARTESIAN_POINT('',(-0.7,-0.6,4.5E-02));
#5214 = LINE('',#5215,#5216);
#5215 = CARTESIAN_POINT('',(-0.955,-0.6,4.5E-02));
#5216 = VECTOR('',#5217,1.);
#5217 = DIRECTION('',(1.,0.,0.));
#5218 = ORIENTED_EDGE('',*,*,#5219,.T.);
#5219 = EDGE_CURVE('',#5212,#5154,#5220,.T.);
#5220 = CIRCLE('',#5221,4.5E-02);
#5221 = AXIS2_PLACEMENT_3D('',#5222,#5223,#5224);
#5222 = CARTESIAN_POINT('',(-0.745,-0.6,4.5E-02));
#5223 = DIRECTION('',(0.,1.,0.));
#5224 = DIRECTION('',(0.,-0.,1.));
#5225 = PLANE('',#5226);
#5226 = AXIS2_PLACEMENT_3D('',#5227,#5228,#5229);
#5227 = CARTESIAN_POINT('',(-1.,-0.6,0.));
#5228 = DIRECTION('',(0.,1.,0.));
#5229 = DIRECTION('',(0.,-0.,1.));
#5230 = ADVANCED_FACE('',(#5231),#5250,.T.);
#5231 = FACE_BOUND('',#5232,.T.);
#5232 = EDGE_LOOP('',(#5233,#5234,#5243,#5249));
#5233 = ORIENTED_EDGE('',*,*,#5121,.T.);
#5234 = ORIENTED_EDGE('',*,*,#5235,.T.);
#5235 = EDGE_CURVE('',#5122,#5236,#5238,.T.);
#5236 = VERTEX_POINT('',#5237);
#5237 = CARTESIAN_POINT('',(-0.955,0.6,-2.775557561563E-17));
#5238 = CIRCLE('',#5239,4.5E-02);
#5239 = AXIS2_PLACEMENT_3D('',#5240,#5241,#5242);
#5240 = CARTESIAN_POINT('',(-0.955,0.6,4.5E-02));
#5241 = DIRECTION('',(0.,-1.,0.));
#5242 = DIRECTION('',(0.,0.,1.));
#5243 = ORIENTED_EDGE('',*,*,#5244,.F.);
#5244 = EDGE_CURVE('',#5152,#5236,#5245,.T.);
#5245 = LINE('',#5246,#5247);
#5246 = CARTESIAN_POINT('',(-0.955,-0.6,-2.775557561563E-17));
#5247 = VECTOR('',#5248,1.);
#5248 = DIRECTION('',(0.,1.,0.));
#5249 = ORIENTED_EDGE('',*,*,#5161,.F.);
#5250 = CYLINDRICAL_SURFACE('',#5251,4.5E-02);
#5251 = AXIS2_PLACEMENT_3D('',#5252,#5253,#5254);
#5252 = CARTESIAN_POINT('',(-0.955,-0.6,4.5E-02));
#5253 = DIRECTION('',(0.,1.,0.));
#5254 = DIRECTION('',(-1.,0.,0.));
#5255 = ADVANCED_FACE('',(#5256),#5275,.T.);
#5256 = FACE_BOUND('',#5257,.T.);
#5257 = EDGE_LOOP('',(#5258,#5259,#5267,#5274));
#5258 = ORIENTED_EDGE('',*,*,#5169,.T.);
#5259 = ORIENTED_EDGE('',*,*,#5260,.T.);
#5260 = EDGE_CURVE('',#5170,#5261,#5263,.T.);
#5261 = VERTEX_POINT('',#5262);
#5262 = CARTESIAN_POINT('',(-0.955,0.6,0.45));
#5263 = LINE('',#5264,#5265);
#5264 = CARTESIAN_POINT('',(-0.955,-0.6,0.45));
#5265 = VECTOR('',#5266,1.);
#5266 = DIRECTION('',(0.,1.,0.));
#5267 = ORIENTED_EDGE('',*,*,#5268,.F.);
#5268 = EDGE_CURVE('',#5130,#5261,#5269,.T.);
#5269 = CIRCLE('',#5270,4.5E-02);
#5270 = AXIS2_PLACEMENT_3D('',#5271,#5272,#5273);
#5271 = CARTESIAN_POINT('',(-0.955,0.6,0.405));
#5272 = DIRECTION('',(0.,1.,0.));
#5273 = DIRECTION('',(0.,-0.,1.));
#5274 = ORIENTED_EDGE('',*,*,#5137,.F.);
#5275 = CYLINDRICAL_SURFACE('',#5276,4.5E-02);
#5276 = AXIS2_PLACEMENT_3D('',#5277,#5278,#5279);
#5277 = CARTESIAN_POINT('',(-0.955,-0.6,0.405));
#5278 = DIRECTION('',(0.,1.,0.));
#5279 = DIRECTION('',(-1.,0.,0.));
#5280 = ADVANCED_FACE('',(#5281),#5342,.T.);
#5281 = FACE_BOUND('',#5282,.T.);
#5282 = EDGE_LOOP('',(#5283,#5291,#5292,#5293,#5294,#5302,#5311,#5319,
    #5327,#5335));
#5283 = ORIENTED_EDGE('',*,*,#5284,.F.);
#5284 = EDGE_CURVE('',#5236,#5285,#5287,.T.);
#5285 = VERTEX_POINT('',#5286);
#5286 = CARTESIAN_POINT('',(-0.745,0.6,-2.775557561563E-17));
#5287 = LINE('',#5288,#5289);
#5288 = CARTESIAN_POINT('',(-1.,0.6,0.));
#5289 = VECTOR('',#5290,1.);
#5290 = DIRECTION('',(1.,0.,0.));
#5291 = ORIENTED_EDGE('',*,*,#5235,.F.);
#5292 = ORIENTED_EDGE('',*,*,#5129,.T.);
#5293 = ORIENTED_EDGE('',*,*,#5268,.T.);
#5294 = ORIENTED_EDGE('',*,*,#5295,.T.);
#5295 = EDGE_CURVE('',#5261,#5296,#5298,.T.);
#5296 = VERTEX_POINT('',#5297);
#5297 = CARTESIAN_POINT('',(-0.745,0.6,0.45));
#5298 = LINE('',#5299,#5300);
#5299 = CARTESIAN_POINT('',(-1.,0.6,0.45));
#5300 = VECTOR('',#5301,1.);
#5301 = DIRECTION('',(1.,0.,0.));
#5302 = ORIENTED_EDGE('',*,*,#5303,.F.);
#5303 = EDGE_CURVE('',#5304,#5296,#5306,.T.);
#5304 = VERTEX_POINT('',#5305);
#5305 = CARTESIAN_POINT('',(-0.7,0.6,0.405));
#5306 = CIRCLE('',#5307,4.5E-02);
#5307 = AXIS2_PLACEMENT_3D('',#5308,#5309,#5310);
#5308 = CARTESIAN_POINT('',(-0.745,0.6,0.405));
#5309 = DIRECTION('',(0.,-1.,0.));
#5310 = DIRECTION('',(0.,0.,1.));
#5311 = ORIENTED_EDGE('',*,*,#5312,.F.);
#5312 = EDGE_CURVE('',#5313,#5304,#5315,.T.);
#5313 = VERTEX_POINT('',#5314);
#5314 = CARTESIAN_POINT('',(-0.955,0.6,0.405));
#5315 = LINE('',#5316,#5317);
#5316 = CARTESIAN_POINT('',(-0.955,0.6,0.405));
#5317 = VECTOR('',#5318,1.);
#5318 = DIRECTION('',(1.,0.,0.));
#5319 = ORIENTED_EDGE('',*,*,#5320,.F.);
#5320 = EDGE_CURVE('',#5321,#5313,#5323,.T.);
#5321 = VERTEX_POINT('',#5322);
#5322 = CARTESIAN_POINT('',(-0.955,0.6,4.5E-02));
#5323 = LINE('',#5324,#5325);
#5324 = CARTESIAN_POINT('',(-0.955,0.6,4.5E-02));
#5325 = VECTOR('',#5326,1.);
#5326 = DIRECTION('',(0.,0.,1.));
#5327 = ORIENTED_EDGE('',*,*,#5328,.T.);
#5328 = EDGE_CURVE('',#5321,#5329,#5331,.T.);
#5329 = VERTEX_POINT('',#5330);
#5330 = CARTESIAN_POINT('',(-0.7,0.6,4.5E-02));
#5331 = LINE('',#5332,#5333);
#5332 = CARTESIAN_POINT('',(-0.955,0.6,4.5E-02));
#5333 = VECTOR('',#5334,1.);
#5334 = DIRECTION('',(1.,0.,0.));
#5335 = ORIENTED_EDGE('',*,*,#5336,.T.);
#5336 = EDGE_CURVE('',#5329,#5285,#5337,.T.);
#5337 = CIRCLE('',#5338,4.5E-02);
#5338 = AXIS2_PLACEMENT_3D('',#5339,#5340,#5341);
#5339 = CARTESIAN_POINT('',(-0.745,0.6,4.5E-02));
#5340 = DIRECTION('',(0.,1.,0.));
#5341 = DIRECTION('',(0.,-0.,1.));
#5342 = PLANE('',#5343);
#5343 = AXIS2_PLACEMENT_3D('',#5344,#5345,#5346);
#5344 = CARTESIAN_POINT('',(-1.,0.6,0.));
#5345 = DIRECTION('',(0.,1.,0.));
#5346 = DIRECTION('',(0.,-0.,1.));
#5347 = ADVANCED_FACE('',(#5348),#5359,.F.);
#5348 = FACE_BOUND('',#5349,.F.);
#5349 = EDGE_LOOP('',(#5350,#5351,#5352,#5353));
#5350 = ORIENTED_EDGE('',*,*,#5284,.F.);
#5351 = ORIENTED_EDGE('',*,*,#5244,.F.);
#5352 = ORIENTED_EDGE('',*,*,#5151,.T.);
#5353 = ORIENTED_EDGE('',*,*,#5354,.T.);
#5354 = EDGE_CURVE('',#5154,#5285,#5355,.T.);
#5355 = LINE('',#5356,#5357);
#5356 = CARTESIAN_POINT('',(-0.745,-0.6,-2.775557561563E-17));
#5357 = VECTOR('',#5358,1.);
#5358 = DIRECTION('',(0.,1.,0.));
#5359 = PLANE('',#5360);
#5360 = AXIS2_PLACEMENT_3D('',#5361,#5362,#5363);
#5361 = CARTESIAN_POINT('',(-1.,-0.6,0.));
#5362 = DIRECTION('',(0.,0.,1.));
#5363 = DIRECTION('',(1.,0.,-0.));
#5364 = ADVANCED_FACE('',(#5365),#5376,.T.);
#5365 = FACE_BOUND('',#5366,.T.);
#5366 = EDGE_LOOP('',(#5367,#5368,#5369,#5370));
#5367 = ORIENTED_EDGE('',*,*,#5219,.T.);
#5368 = ORIENTED_EDGE('',*,*,#5354,.T.);
#5369 = ORIENTED_EDGE('',*,*,#5336,.F.);
#5370 = ORIENTED_EDGE('',*,*,#5371,.F.);
#5371 = EDGE_CURVE('',#5212,#5329,#5372,.T.);
#5372 = LINE('',#5373,#5374);
#5373 = CARTESIAN_POINT('',(-0.7,-0.6,4.5E-02));
#5374 = VECTOR('',#5375,1.);
#5375 = DIRECTION('',(0.,1.,0.));
#5376 = CYLINDRICAL_SURFACE('',#5377,4.5E-02);
#5377 = AXIS2_PLACEMENT_3D('',#5378,#5379,#5380);
#5378 = CARTESIAN_POINT('',(-0.745,-0.6,4.5E-02));
#5379 = DIRECTION('',(0.,1.,0.));
#5380 = DIRECTION('',(1.,0.,0.));
#5381 = ADVANCED_FACE('',(#5382),#5425,.F.);
#5382 = FACE_BOUND('',#5383,.F.);
#5383 = EDGE_LOOP('',(#5384,#5385,#5386,#5387,#5395,#5403,#5411,#5419));
#5384 = ORIENTED_EDGE('',*,*,#5211,.F.);
#5385 = ORIENTED_EDGE('',*,*,#5203,.T.);
#5386 = ORIENTED_EDGE('',*,*,#5195,.T.);
#5387 = ORIENTED_EDGE('',*,*,#5388,.T.);
#5388 = EDGE_CURVE('',#5187,#5389,#5391,.T.);
#5389 = VERTEX_POINT('',#5390);
#5390 = CARTESIAN_POINT('',(0.7,-0.6,0.405));
#5391 = LINE('',#5392,#5393);
#5392 = CARTESIAN_POINT('',(-0.7,-0.6,0.405));
#5393 = VECTOR('',#5394,1.);
#5394 = DIRECTION('',(1.,0.,0.));
#5395 = ORIENTED_EDGE('',*,*,#5396,.T.);
#5396 = EDGE_CURVE('',#5389,#5397,#5399,.T.);
#5397 = VERTEX_POINT('',#5398);
#5398 = CARTESIAN_POINT('',(0.955,-0.6,0.405));
#5399 = LINE('',#5400,#5401);
#5400 = CARTESIAN_POINT('',(-0.955,-0.6,0.405));
#5401 = VECTOR('',#5402,1.);
#5402 = DIRECTION('',(1.,0.,0.));
#5403 = ORIENTED_EDGE('',*,*,#5404,.F.);
#5404 = EDGE_CURVE('',#5405,#5397,#5407,.T.);
#5405 = VERTEX_POINT('',#5406);
#5406 = CARTESIAN_POINT('',(0.955,-0.6,4.5E-02));
#5407 = LINE('',#5408,#5409);
#5408 = CARTESIAN_POINT('',(0.955,-0.6,4.5E-02));
#5409 = VECTOR('',#5410,1.);
#5410 = DIRECTION('',(0.,0.,1.));
#5411 = ORIENTED_EDGE('',*,*,#5412,.F.);
#5412 = EDGE_CURVE('',#5413,#5405,#5415,.T.);
#5413 = VERTEX_POINT('',#5414);
#5414 = CARTESIAN_POINT('',(0.7,-0.6,4.5E-02));
#5415 = LINE('',#5416,#5417);
#5416 = CARTESIAN_POINT('',(-0.955,-0.6,4.5E-02));
#5417 = VECTOR('',#5418,1.);
#5418 = DIRECTION('',(1.,0.,0.));
#5419 = ORIENTED_EDGE('',*,*,#5420,.F.);
#5420 = EDGE_CURVE('',#5212,#5413,#5421,.T.);
#5421 = LINE('',#5422,#5423);
#5422 = CARTESIAN_POINT('',(-0.955,-0.6,4.5E-02));
#5423 = VECTOR('',#5424,1.);
#5424 = DIRECTION('',(1.,0.,0.));
#5425 = PLANE('',#5426);
#5426 = AXIS2_PLACEMENT_3D('',#5427,#5428,#5429);
#5427 = CARTESIAN_POINT('',(-0.955,-0.6,4.5E-02));
#5428 = DIRECTION('',(0.,1.,0.));
#5429 = DIRECTION('',(0.,-0.,1.));
#5430 = ADVANCED_FACE('',(#5431),#5442,.T.);
#5431 = FACE_BOUND('',#5432,.T.);
#5432 = EDGE_LOOP('',(#5433,#5434,#5435,#5436));
#5433 = ORIENTED_EDGE('',*,*,#5295,.F.);
#5434 = ORIENTED_EDGE('',*,*,#5260,.F.);
#5435 = ORIENTED_EDGE('',*,*,#5178,.T.);
#5436 = ORIENTED_EDGE('',*,*,#5437,.T.);
#5437 = EDGE_CURVE('',#5179,#5296,#5438,.T.);
#5438 = LINE('',#5439,#5440);
#5439 = CARTESIAN_POINT('',(-0.745,-0.6,0.45));
#5440 = VECTOR('',#5441,1.);
#5441 = DIRECTION('',(0.,1.,0.));
#5442 = PLANE('',#5443);
#5443 = AXIS2_PLACEMENT_3D('',#5444,#5445,#5446);
#5444 = CARTESIAN_POINT('',(-1.,-0.6,0.45));
#5445 = DIRECTION('',(0.,0.,1.));
#5446 = DIRECTION('',(1.,0.,-0.));
#5447 = ADVANCED_FACE('',(#5448),#5459,.T.);
#5448 = FACE_BOUND('',#5449,.T.);
#5449 = EDGE_LOOP('',(#5450,#5456,#5457,#5458));
#5450 = ORIENTED_EDGE('',*,*,#5451,.T.);
#5451 = EDGE_CURVE('',#5187,#5304,#5452,.T.);
#5452 = LINE('',#5453,#5454);
#5453 = CARTESIAN_POINT('',(-0.7,-0.6,0.405));
#5454 = VECTOR('',#5455,1.);
#5455 = DIRECTION('',(0.,1.,0.));
#5456 = ORIENTED_EDGE('',*,*,#5303,.T.);
#5457 = ORIENTED_EDGE('',*,*,#5437,.F.);
#5458 = ORIENTED_EDGE('',*,*,#5186,.F.);
#5459 = CYLINDRICAL_SURFACE('',#5460,4.5E-02);
#5460 = AXIS2_PLACEMENT_3D('',#5461,#5462,#5463);
#5461 = CARTESIAN_POINT('',(-0.745,-0.6,0.405));
#5462 = DIRECTION('',(0.,1.,0.));
#5463 = DIRECTION('',(1.,0.,0.));
#5464 = ADVANCED_FACE('',(#5465),#5508,.T.);
#5465 = FACE_BOUND('',#5466,.T.);
#5466 = EDGE_LOOP('',(#5467,#5468,#5469,#5470,#5478,#5486,#5494,#5502));
#5467 = ORIENTED_EDGE('',*,*,#5328,.F.);
#5468 = ORIENTED_EDGE('',*,*,#5320,.T.);
#5469 = ORIENTED_EDGE('',*,*,#5312,.T.);
#5470 = ORIENTED_EDGE('',*,*,#5471,.T.);
#5471 = EDGE_CURVE('',#5304,#5472,#5474,.T.);
#5472 = VERTEX_POINT('',#5473);
#5473 = CARTESIAN_POINT('',(0.7,0.6,0.405));
#5474 = LINE('',#5475,#5476);
#5475 = CARTESIAN_POINT('',(-0.7,0.6,0.405));
#5476 = VECTOR('',#5477,1.);
#5477 = DIRECTION('',(1.,0.,0.));
#5478 = ORIENTED_EDGE('',*,*,#5479,.T.);
#5479 = EDGE_CURVE('',#5472,#5480,#5482,.T.);
#5480 = VERTEX_POINT('',#5481);
#5481 = CARTESIAN_POINT('',(0.955,0.6,0.405));
#5482 = LINE('',#5483,#5484);
#5483 = CARTESIAN_POINT('',(-0.955,0.6,0.405));
#5484 = VECTOR('',#5485,1.);
#5485 = DIRECTION('',(1.,0.,0.));
#5486 = ORIENTED_EDGE('',*,*,#5487,.F.);
#5487 = EDGE_CURVE('',#5488,#5480,#5490,.T.);
#5488 = VERTEX_POINT('',#5489);
#5489 = CARTESIAN_POINT('',(0.955,0.6,4.5E-02));
#5490 = LINE('',#5491,#5492);
#5491 = CARTESIAN_POINT('',(0.955,0.6,4.5E-02));
#5492 = VECTOR('',#5493,1.);
#5493 = DIRECTION('',(0.,0.,1.));
#5494 = ORIENTED_EDGE('',*,*,#5495,.F.);
#5495 = EDGE_CURVE('',#5496,#5488,#5498,.T.);
#5496 = VERTEX_POINT('',#5497);
#5497 = CARTESIAN_POINT('',(0.7,0.6,4.5E-02));
#5498 = LINE('',#5499,#5500);
#5499 = CARTESIAN_POINT('',(-0.955,0.6,4.5E-02));
#5500 = VECTOR('',#5501,1.);
#5501 = DIRECTION('',(1.,0.,0.));
#5502 = ORIENTED_EDGE('',*,*,#5503,.F.);
#5503 = EDGE_CURVE('',#5329,#5496,#5504,.T.);
#5504 = LINE('',#5505,#5506);
#5505 = CARTESIAN_POINT('',(-0.955,0.6,4.5E-02));
#5506 = VECTOR('',#5507,1.);
#5507 = DIRECTION('',(1.,0.,0.));
#5508 = PLANE('',#5509);
#5509 = AXIS2_PLACEMENT_3D('',#5510,#5511,#5512);
#5510 = CARTESIAN_POINT('',(-0.955,0.6,4.5E-02));
#5511 = DIRECTION('',(0.,1.,0.));
#5512 = DIRECTION('',(0.,-0.,1.));
#5513 = ADVANCED_FACE('',(#5514),#5525,.F.);
#5514 = FACE_BOUND('',#5515,.F.);
#5515 = EDGE_LOOP('',(#5516,#5517,#5518,#5524));
#5516 = ORIENTED_EDGE('',*,*,#5371,.F.);
#5517 = ORIENTED_EDGE('',*,*,#5420,.T.);
#5518 = ORIENTED_EDGE('',*,*,#5519,.T.);
#5519 = EDGE_CURVE('',#5413,#5496,#5520,.T.);
#5520 = LINE('',#5521,#5522);
#5521 = CARTESIAN_POINT('',(0.7,-0.6,4.5E-02));
#5522 = VECTOR('',#5523,1.);
#5523 = DIRECTION('',(0.,1.,0.));
#5524 = ORIENTED_EDGE('',*,*,#5503,.F.);
#5525 = PLANE('',#5526);
#5526 = AXIS2_PLACEMENT_3D('',#5527,#5528,#5529);
#5527 = CARTESIAN_POINT('',(-0.955,-0.6,4.5E-02));
#5528 = DIRECTION('',(0.,0.,1.));
#5529 = DIRECTION('',(1.,0.,-0.));
#5530 = ADVANCED_FACE('',(#5531),#5594,.F.);
#5531 = FACE_BOUND('',#5532,.F.);
#5532 = EDGE_LOOP('',(#5533,#5543,#5550,#5551,#5552,#5553,#5562,#5570,
    #5579,#5587));
#5533 = ORIENTED_EDGE('',*,*,#5534,.F.);
#5534 = EDGE_CURVE('',#5535,#5537,#5539,.T.);
#5535 = VERTEX_POINT('',#5536);
#5536 = CARTESIAN_POINT('',(0.745,-0.6,-2.775557561563E-17));
#5537 = VERTEX_POINT('',#5538);
#5538 = CARTESIAN_POINT('',(0.955,-0.6,-2.775557561563E-17));
#5539 = LINE('',#5540,#5541);
#5540 = CARTESIAN_POINT('',(0.7,-0.6,0.));
#5541 = VECTOR('',#5542,1.);
#5542 = DIRECTION('',(1.,0.,0.));
#5543 = ORIENTED_EDGE('',*,*,#5544,.F.);
#5544 = EDGE_CURVE('',#5413,#5535,#5545,.T.);
#5545 = CIRCLE('',#5546,4.5E-02);
#5546 = AXIS2_PLACEMENT_3D('',#5547,#5548,#5549);
#5547 = CARTESIAN_POINT('',(0.745,-0.6,4.5E-02));
#5548 = DIRECTION('',(0.,-1.,0.));
#5549 = DIRECTION('',(0.,0.,1.));
#5550 = ORIENTED_EDGE('',*,*,#5412,.T.);
#5551 = ORIENTED_EDGE('',*,*,#5404,.T.);
#5552 = ORIENTED_EDGE('',*,*,#5396,.F.);
#5553 = ORIENTED_EDGE('',*,*,#5554,.T.);
#5554 = EDGE_CURVE('',#5389,#5555,#5557,.T.);
#5555 = VERTEX_POINT('',#5556);
#5556 = CARTESIAN_POINT('',(0.745,-0.6,0.45));
#5557 = CIRCLE('',#5558,4.5E-02);
#5558 = AXIS2_PLACEMENT_3D('',#5559,#5560,#5561);
#5559 = CARTESIAN_POINT('',(0.745,-0.6,0.405));
#5560 = DIRECTION('',(0.,1.,0.));
#5561 = DIRECTION('',(0.,-0.,1.));
#5562 = ORIENTED_EDGE('',*,*,#5563,.T.);
#5563 = EDGE_CURVE('',#5555,#5564,#5566,.T.);
#5564 = VERTEX_POINT('',#5565);
#5565 = CARTESIAN_POINT('',(0.955,-0.6,0.45));
#5566 = LINE('',#5567,#5568);
#5567 = CARTESIAN_POINT('',(0.7,-0.6,0.45));
#5568 = VECTOR('',#5569,1.);
#5569 = DIRECTION('',(1.,0.,0.));
#5570 = ORIENTED_EDGE('',*,*,#5571,.F.);
#5571 = EDGE_CURVE('',#5572,#5564,#5574,.T.);
#5572 = VERTEX_POINT('',#5573);
#5573 = CARTESIAN_POINT('',(1.,-0.6,0.405));
#5574 = CIRCLE('',#5575,4.5E-02);
#5575 = AXIS2_PLACEMENT_3D('',#5576,#5577,#5578);
#5576 = CARTESIAN_POINT('',(0.955,-0.6,0.405));
#5577 = DIRECTION('',(0.,-1.,0.));
#5578 = DIRECTION('',(0.,0.,1.));
#5579 = ORIENTED_EDGE('',*,*,#5580,.F.);
#5580 = EDGE_CURVE('',#5581,#5572,#5583,.T.);
#5581 = VERTEX_POINT('',#5582);
#5582 = CARTESIAN_POINT('',(1.,-0.6,4.5E-02));
#5583 = LINE('',#5584,#5585);
#5584 = CARTESIAN_POINT('',(1.,-0.6,0.));
#5585 = VECTOR('',#5586,1.);
#5586 = DIRECTION('',(0.,0.,1.));
#5587 = ORIENTED_EDGE('',*,*,#5588,.T.);
#5588 = EDGE_CURVE('',#5581,#5537,#5589,.T.);
#5589 = CIRCLE('',#5590,4.5E-02);
#5590 = AXIS2_PLACEMENT_3D('',#5591,#5592,#5593);
#5591 = CARTESIAN_POINT('',(0.955,-0.6,4.5E-02));
#5592 = DIRECTION('',(0.,1.,0.));
#5593 = DIRECTION('',(0.,-0.,1.));
#5594 = PLANE('',#5595);
#5595 = AXIS2_PLACEMENT_3D('',#5596,#5597,#5598);
#5596 = CARTESIAN_POINT('',(0.7,-0.6,0.));
#5597 = DIRECTION('',(0.,1.,0.));
#5598 = DIRECTION('',(0.,-0.,1.));
#5599 = ADVANCED_FACE('',(#5600),#5625,.F.);
#5600 = FACE_BOUND('',#5601,.F.);
#5601 = EDGE_LOOP('',(#5602,#5603,#5611,#5619));
#5602 = ORIENTED_EDGE('',*,*,#5388,.F.);
#5603 = ORIENTED_EDGE('',*,*,#5604,.T.);
#5604 = EDGE_CURVE('',#5187,#5605,#5607,.T.);
#5605 = VERTEX_POINT('',#5606);
#5606 = CARTESIAN_POINT('',(-0.7,-0.6,0.45));
#5607 = LINE('',#5608,#5609);
#5608 = CARTESIAN_POINT('',(-0.7,-0.6,0.405));
#5609 = VECTOR('',#5610,1.);
#5610 = DIRECTION('',(0.,0.,1.));
#5611 = ORIENTED_EDGE('',*,*,#5612,.T.);
#5612 = EDGE_CURVE('',#5605,#5613,#5615,.T.);
#5613 = VERTEX_POINT('',#5614);
#5614 = CARTESIAN_POINT('',(0.7,-0.6,0.45));
#5615 = LINE('',#5616,#5617);
#5616 = CARTESIAN_POINT('',(-0.7,-0.6,0.45));
#5617 = VECTOR('',#5618,1.);
#5618 = DIRECTION('',(1.,0.,0.));
#5619 = ORIENTED_EDGE('',*,*,#5620,.F.);
#5620 = EDGE_CURVE('',#5389,#5613,#5621,.T.);
#5621 = LINE('',#5622,#5623);
#5622 = CARTESIAN_POINT('',(0.7,-0.6,0.405));
#5623 = VECTOR('',#5624,1.);
#5624 = DIRECTION('',(0.,0.,1.));
#5625 = PLANE('',#5626);
#5626 = AXIS2_PLACEMENT_3D('',#5627,#5628,#5629);
#5627 = CARTESIAN_POINT('',(-0.7,-0.6,0.405));
#5628 = DIRECTION('',(0.,1.,0.));
#5629 = DIRECTION('',(0.,-0.,1.));
#5630 = ADVANCED_FACE('',(#5631),#5649,.F.);
#5631 = FACE_BOUND('',#5632,.F.);
#5632 = EDGE_LOOP('',(#5633,#5634,#5635,#5643));
#5633 = ORIENTED_EDGE('',*,*,#5604,.F.);
#5634 = ORIENTED_EDGE('',*,*,#5451,.T.);
#5635 = ORIENTED_EDGE('',*,*,#5636,.T.);
#5636 = EDGE_CURVE('',#5304,#5637,#5639,.T.);
#5637 = VERTEX_POINT('',#5638);
#5638 = CARTESIAN_POINT('',(-0.7,0.6,0.45));
#5639 = LINE('',#5640,#5641);
#5640 = CARTESIAN_POINT('',(-0.7,0.6,0.405));
#5641 = VECTOR('',#5642,1.);
#5642 = DIRECTION('',(0.,0.,1.));
#5643 = ORIENTED_EDGE('',*,*,#5644,.F.);
#5644 = EDGE_CURVE('',#5605,#5637,#5645,.T.);
#5645 = LINE('',#5646,#5647);
#5646 = CARTESIAN_POINT('',(-0.7,-0.6,0.45));
#5647 = VECTOR('',#5648,1.);
#5648 = DIRECTION('',(0.,1.,0.));
#5649 = PLANE('',#5650);
#5650 = AXIS2_PLACEMENT_3D('',#5651,#5652,#5653);
#5651 = CARTESIAN_POINT('',(-0.7,-0.6,0.405));
#5652 = DIRECTION('',(1.,0.,0.));
#5653 = DIRECTION('',(0.,0.,1.));
#5654 = ADVANCED_FACE('',(#5655),#5718,.T.);
#5655 = FACE_BOUND('',#5656,.T.);
#5656 = EDGE_LOOP('',(#5657,#5667,#5674,#5675,#5676,#5677,#5686,#5694,
    #5703,#5711));
#5657 = ORIENTED_EDGE('',*,*,#5658,.F.);
#5658 = EDGE_CURVE('',#5659,#5661,#5663,.T.);
#5659 = VERTEX_POINT('',#5660);
#5660 = CARTESIAN_POINT('',(0.745,0.6,-2.775557561563E-17));
#5661 = VERTEX_POINT('',#5662);
#5662 = CARTESIAN_POINT('',(0.955,0.6,-2.775557561563E-17));
#5663 = LINE('',#5664,#5665);
#5664 = CARTESIAN_POINT('',(0.7,0.6,0.));
#5665 = VECTOR('',#5666,1.);
#5666 = DIRECTION('',(1.,0.,0.));
#5667 = ORIENTED_EDGE('',*,*,#5668,.F.);
#5668 = EDGE_CURVE('',#5496,#5659,#5669,.T.);
#5669 = CIRCLE('',#5670,4.5E-02);
#5670 = AXIS2_PLACEMENT_3D('',#5671,#5672,#5673);
#5671 = CARTESIAN_POINT('',(0.745,0.6,4.5E-02));
#5672 = DIRECTION('',(0.,-1.,0.));
#5673 = DIRECTION('',(0.,0.,1.));
#5674 = ORIENTED_EDGE('',*,*,#5495,.T.);
#5675 = ORIENTED_EDGE('',*,*,#5487,.T.);
#5676 = ORIENTED_EDGE('',*,*,#5479,.F.);
#5677 = ORIENTED_EDGE('',*,*,#5678,.T.);
#5678 = EDGE_CURVE('',#5472,#5679,#5681,.T.);
#5679 = VERTEX_POINT('',#5680);
#5680 = CARTESIAN_POINT('',(0.745,0.6,0.45));
#5681 = CIRCLE('',#5682,4.5E-02);
#5682 = AXIS2_PLACEMENT_3D('',#5683,#5684,#5685);
#5683 = CARTESIAN_POINT('',(0.745,0.6,0.405));
#5684 = DIRECTION('',(0.,1.,0.));
#5685 = DIRECTION('',(0.,-0.,1.));
#5686 = ORIENTED_EDGE('',*,*,#5687,.T.);
#5687 = EDGE_CURVE('',#5679,#5688,#5690,.T.);
#5688 = VERTEX_POINT('',#5689);
#5689 = CARTESIAN_POINT('',(0.955,0.6,0.45));
#5690 = LINE('',#5691,#5692);
#5691 = CARTESIAN_POINT('',(0.7,0.6,0.45));
#5692 = VECTOR('',#5693,1.);
#5693 = DIRECTION('',(1.,0.,0.));
#5694 = ORIENTED_EDGE('',*,*,#5695,.F.);
#5695 = EDGE_CURVE('',#5696,#5688,#5698,.T.);
#5696 = VERTEX_POINT('',#5697);
#5697 = CARTESIAN_POINT('',(1.,0.6,0.405));
#5698 = CIRCLE('',#5699,4.5E-02);
#5699 = AXIS2_PLACEMENT_3D('',#5700,#5701,#5702);
#5700 = CARTESIAN_POINT('',(0.955,0.6,0.405));
#5701 = DIRECTION('',(0.,-1.,0.));
#5702 = DIRECTION('',(0.,0.,1.));
#5703 = ORIENTED_EDGE('',*,*,#5704,.F.);
#5704 = EDGE_CURVE('',#5705,#5696,#5707,.T.);
#5705 = VERTEX_POINT('',#5706);
#5706 = CARTESIAN_POINT('',(1.,0.6,4.5E-02));
#5707 = LINE('',#5708,#5709);
#5708 = CARTESIAN_POINT('',(1.,0.6,0.));
#5709 = VECTOR('',#5710,1.);
#5710 = DIRECTION('',(0.,0.,1.));
#5711 = ORIENTED_EDGE('',*,*,#5712,.T.);
#5712 = EDGE_CURVE('',#5705,#5661,#5713,.T.);
#5713 = CIRCLE('',#5714,4.5E-02);
#5714 = AXIS2_PLACEMENT_3D('',#5715,#5716,#5717);
#5715 = CARTESIAN_POINT('',(0.955,0.6,4.5E-02));
#5716 = DIRECTION('',(0.,1.,0.));
#5717 = DIRECTION('',(0.,-0.,1.));
#5718 = PLANE('',#5719);
#5719 = AXIS2_PLACEMENT_3D('',#5720,#5721,#5722);
#5720 = CARTESIAN_POINT('',(0.7,0.6,0.));
#5721 = DIRECTION('',(0.,1.,0.));
#5722 = DIRECTION('',(0.,-0.,1.));
#5723 = ADVANCED_FACE('',(#5724),#5742,.T.);
#5724 = FACE_BOUND('',#5725,.T.);
#5725 = EDGE_LOOP('',(#5726,#5727,#5728,#5736));
#5726 = ORIENTED_EDGE('',*,*,#5471,.F.);
#5727 = ORIENTED_EDGE('',*,*,#5636,.T.);
#5728 = ORIENTED_EDGE('',*,*,#5729,.T.);
#5729 = EDGE_CURVE('',#5637,#5730,#5732,.T.);
#5730 = VERTEX_POINT('',#5731);
#5731 = CARTESIAN_POINT('',(0.7,0.6,0.45));
#5732 = LINE('',#5733,#5734);
#5733 = CARTESIAN_POINT('',(-0.7,0.6,0.45));
#5734 = VECTOR('',#5735,1.);
#5735 = DIRECTION('',(1.,0.,0.));
#5736 = ORIENTED_EDGE('',*,*,#5737,.F.);
#5737 = EDGE_CURVE('',#5472,#5730,#5738,.T.);
#5738 = LINE('',#5739,#5740);
#5739 = CARTESIAN_POINT('',(0.7,0.6,0.405));
#5740 = VECTOR('',#5741,1.);
#5741 = DIRECTION('',(0.,0.,1.));
#5742 = PLANE('',#5743);
#5743 = AXIS2_PLACEMENT_3D('',#5744,#5745,#5746);
#5744 = CARTESIAN_POINT('',(-0.7,0.6,0.405));
#5745 = DIRECTION('',(0.,1.,0.));
#5746 = DIRECTION('',(0.,-0.,1.));
#5747 = ADVANCED_FACE('',(#5748),#5759,.T.);
#5748 = FACE_BOUND('',#5749,.T.);
#5749 = EDGE_LOOP('',(#5750,#5751,#5752,#5758));
#5750 = ORIENTED_EDGE('',*,*,#5519,.T.);
#5751 = ORIENTED_EDGE('',*,*,#5668,.T.);
#5752 = ORIENTED_EDGE('',*,*,#5753,.F.);
#5753 = EDGE_CURVE('',#5535,#5659,#5754,.T.);
#5754 = LINE('',#5755,#5756);
#5755 = CARTESIAN_POINT('',(0.745,-0.6,-2.775557561563E-17));
#5756 = VECTOR('',#5757,1.);
#5757 = DIRECTION('',(0.,1.,0.));
#5758 = ORIENTED_EDGE('',*,*,#5544,.F.);
#5759 = CYLINDRICAL_SURFACE('',#5760,4.5E-02);
#5760 = AXIS2_PLACEMENT_3D('',#5761,#5762,#5763);
#5761 = CARTESIAN_POINT('',(0.745,-0.6,4.5E-02));
#5762 = DIRECTION('',(0.,1.,0.));
#5763 = DIRECTION('',(-1.,0.,0.));
#5764 = ADVANCED_FACE('',(#5765),#5776,.F.);
#5765 = FACE_BOUND('',#5766,.F.);
#5766 = EDGE_LOOP('',(#5767,#5768,#5769,#5770));
#5767 = ORIENTED_EDGE('',*,*,#5658,.F.);
#5768 = ORIENTED_EDGE('',*,*,#5753,.F.);
#5769 = ORIENTED_EDGE('',*,*,#5534,.T.);
#5770 = ORIENTED_EDGE('',*,*,#5771,.T.);
#5771 = EDGE_CURVE('',#5537,#5661,#5772,.T.);
#5772 = LINE('',#5773,#5774);
#5773 = CARTESIAN_POINT('',(0.955,-0.6,-2.775557561563E-17));
#5774 = VECTOR('',#5775,1.);
#5775 = DIRECTION('',(0.,1.,0.));
#5776 = PLANE('',#5777);
#5777 = AXIS2_PLACEMENT_3D('',#5778,#5779,#5780);
#5778 = CARTESIAN_POINT('',(0.7,-0.6,0.));
#5779 = DIRECTION('',(0.,0.,1.));
#5780 = DIRECTION('',(1.,0.,-0.));
#5781 = ADVANCED_FACE('',(#5782),#5793,.T.);
#5782 = FACE_BOUND('',#5783,.T.);
#5783 = EDGE_LOOP('',(#5784,#5785,#5786,#5787));
#5784 = ORIENTED_EDGE('',*,*,#5588,.T.);
#5785 = ORIENTED_EDGE('',*,*,#5771,.T.);
#5786 = ORIENTED_EDGE('',*,*,#5712,.F.);
#5787 = ORIENTED_EDGE('',*,*,#5788,.F.);
#5788 = EDGE_CURVE('',#5581,#5705,#5789,.T.);
#5789 = LINE('',#5790,#5791);
#5790 = CARTESIAN_POINT('',(1.,-0.6,4.5E-02));
#5791 = VECTOR('',#5792,1.);
#5792 = DIRECTION('',(0.,1.,0.));
#5793 = CYLINDRICAL_SURFACE('',#5794,4.5E-02);
#5794 = AXIS2_PLACEMENT_3D('',#5795,#5796,#5797);
#5795 = CARTESIAN_POINT('',(0.955,-0.6,4.5E-02));
#5796 = DIRECTION('',(0.,1.,0.));
#5797 = DIRECTION('',(1.,0.,0.));
#5798 = ADVANCED_FACE('',(#5799),#5810,.T.);
#5799 = FACE_BOUND('',#5800,.T.);
#5800 = EDGE_LOOP('',(#5801,#5802,#5803,#5804));
#5801 = ORIENTED_EDGE('',*,*,#5580,.F.);
#5802 = ORIENTED_EDGE('',*,*,#5788,.T.);
#5803 = ORIENTED_EDGE('',*,*,#5704,.T.);
#5804 = ORIENTED_EDGE('',*,*,#5805,.F.);
#5805 = EDGE_CURVE('',#5572,#5696,#5806,.T.);
#5806 = LINE('',#5807,#5808);
#5807 = CARTESIAN_POINT('',(1.,-0.6,0.405));
#5808 = VECTOR('',#5809,1.);
#5809 = DIRECTION('',(0.,1.,0.));
#5810 = PLANE('',#5811);
#5811 = AXIS2_PLACEMENT_3D('',#5812,#5813,#5814);
#5812 = CARTESIAN_POINT('',(1.,-0.6,0.));
#5813 = DIRECTION('',(1.,0.,0.));
#5814 = DIRECTION('',(0.,0.,1.));
#5815 = ADVANCED_FACE('',(#5816),#5827,.T.);
#5816 = FACE_BOUND('',#5817,.T.);
#5817 = EDGE_LOOP('',(#5818,#5819,#5820,#5826));
#5818 = ORIENTED_EDGE('',*,*,#5805,.T.);
#5819 = ORIENTED_EDGE('',*,*,#5695,.T.);
#5820 = ORIENTED_EDGE('',*,*,#5821,.F.);
#5821 = EDGE_CURVE('',#5564,#5688,#5822,.T.);
#5822 = LINE('',#5823,#5824);
#5823 = CARTESIAN_POINT('',(0.955,-0.6,0.45));
#5824 = VECTOR('',#5825,1.);
#5825 = DIRECTION('',(0.,1.,0.));
#5826 = ORIENTED_EDGE('',*,*,#5571,.F.);
#5827 = CYLINDRICAL_SURFACE('',#5828,4.5E-02);
#5828 = AXIS2_PLACEMENT_3D('',#5829,#5830,#5831);
#5829 = CARTESIAN_POINT('',(0.955,-0.6,0.405));
#5830 = DIRECTION('',(0.,1.,0.));
#5831 = DIRECTION('',(1.,0.,0.));
#5832 = ADVANCED_FACE('',(#5833),#5844,.T.);
#5833 = FACE_BOUND('',#5834,.T.);
#5834 = EDGE_LOOP('',(#5835,#5836,#5842,#5843));
#5835 = ORIENTED_EDGE('',*,*,#5687,.F.);
#5836 = ORIENTED_EDGE('',*,*,#5837,.F.);
#5837 = EDGE_CURVE('',#5555,#5679,#5838,.T.);
#5838 = LINE('',#5839,#5840);
#5839 = CARTESIAN_POINT('',(0.745,-0.6,0.45));
#5840 = VECTOR('',#5841,1.);
#5841 = DIRECTION('',(0.,1.,0.));
#5842 = ORIENTED_EDGE('',*,*,#5563,.T.);
#5843 = ORIENTED_EDGE('',*,*,#5821,.T.);
#5844 = PLANE('',#5845);
#5845 = AXIS2_PLACEMENT_3D('',#5846,#5847,#5848);
#5846 = CARTESIAN_POINT('',(0.7,-0.6,0.45));
#5847 = DIRECTION('',(0.,0.,1.));
#5848 = DIRECTION('',(1.,0.,-0.));
#5849 = ADVANCED_FACE('',(#5850),#5861,.T.);
#5850 = FACE_BOUND('',#5851,.T.);
#5851 = EDGE_LOOP('',(#5852,#5853,#5854,#5855));
#5852 = ORIENTED_EDGE('',*,*,#5554,.T.);
#5853 = ORIENTED_EDGE('',*,*,#5837,.T.);
#5854 = ORIENTED_EDGE('',*,*,#5678,.F.);
#5855 = ORIENTED_EDGE('',*,*,#5856,.F.);
#5856 = EDGE_CURVE('',#5389,#5472,#5857,.T.);
#5857 = LINE('',#5858,#5859);
#5858 = CARTESIAN_POINT('',(0.7,-0.6,0.405));
#5859 = VECTOR('',#5860,1.);
#5860 = DIRECTION('',(0.,1.,0.));
#5861 = CYLINDRICAL_SURFACE('',#5862,4.5E-02);
#5862 = AXIS2_PLACEMENT_3D('',#5863,#5864,#5865);
#5863 = CARTESIAN_POINT('',(0.745,-0.6,0.405));
#5864 = DIRECTION('',(0.,1.,0.));
#5865 = DIRECTION('',(-1.,0.,0.));
#5866 = ADVANCED_FACE('',(#5867),#5878,.T.);
#5867 = FACE_BOUND('',#5868,.T.);
#5868 = EDGE_LOOP('',(#5869,#5870,#5871,#5872));
#5869 = ORIENTED_EDGE('',*,*,#5620,.F.);
#5870 = ORIENTED_EDGE('',*,*,#5856,.T.);
#5871 = ORIENTED_EDGE('',*,*,#5737,.T.);
#5872 = ORIENTED_EDGE('',*,*,#5873,.F.);
#5873 = EDGE_CURVE('',#5613,#5730,#5874,.T.);
#5874 = LINE('',#5875,#5876);
#5875 = CARTESIAN_POINT('',(0.7,-0.6,0.45));
#5876 = VECTOR('',#5877,1.);
#5877 = DIRECTION('',(0.,1.,0.));
#5878 = PLANE('',#5879);
#5879 = AXIS2_PLACEMENT_3D('',#5880,#5881,#5882);
#5880 = CARTESIAN_POINT('',(0.7,-0.6,0.405));
#5881 = DIRECTION('',(1.,0.,0.));
#5882 = DIRECTION('',(0.,0.,1.));
#5883 = ADVANCED_FACE('',(#5884),#5890,.T.);
#5884 = FACE_BOUND('',#5885,.T.);
#5885 = EDGE_LOOP('',(#5886,#5887,#5888,#5889));
#5886 = ORIENTED_EDGE('',*,*,#5644,.F.);
#5887 = ORIENTED_EDGE('',*,*,#5612,.T.);
#5888 = ORIENTED_EDGE('',*,*,#5873,.T.);
#5889 = ORIENTED_EDGE('',*,*,#5729,.F.);
#5890 = PLANE('',#5891);
#5891 = AXIS2_PLACEMENT_3D('',#5892,#5893,#5894);
#5892 = CARTESIAN_POINT('',(-0.7,-0.6,0.45));
#5893 = DIRECTION('',(0.,0.,1.));
#5894 = DIRECTION('',(1.,0.,-0.));
#5895 = ( GEOMETRIC_REPRESENTATION_CONTEXT(3) 
GLOBAL_UNCERTAINTY_ASSIGNED_CONTEXT((#5899)) 
GLOBAL_UNIT_ASSIGNED_CONTEXT((#5896,#5897,#5898)) REPRESENTATION_CONTEXT
('Context #1','3D Context with UNIT and UNCERTAINTY') );
#5896 = ( LENGTH_UNIT() NAMED_UNIT(*) SI_UNIT(.MILLI.,.METRE.) );
#5897 = ( NAMED_UNIT(*) PLANE_ANGLE_UNIT() SI_UNIT($,.RADIAN.) );
#5898 = ( NAMED_UNIT(*) SI_UNIT($,.STERADIAN.) SOLID_ANGLE_UNIT() );
#5899 = UNCERTAINTY_MEASURE_WITH_UNIT(LENGTH_MEASURE(1.E-07),#5896,
  'distance_accuracy_value','confusion accuracy');
#5900 = CONTEXT_DEPENDENT_SHAPE_REPRESENTATION(#5901,#5903);
#5901 = ( REPRESENTATION_RELATIONSHIP('','',#5104,#10) 
REPRESENTATION_RELATIONSHIP_WITH_TRANSFORMATION(#5902) 
SHAPE_REPRESENTATION_RELATIONSHIP() );
#5902 = ITEM_DEFINED_TRANSFORMATION('','',#11,#27);
#5903 = PRODUCT_DEFINITION_SHAPE('Placement','Placement of an item',
  #5904);
#5904 = NEXT_ASSEMBLY_USAGE_OCCURRENCE('7','R1','',#5,#5099,$);
#5905 = PRODUCT_RELATED_PRODUCT_CATEGORY('part',$,(#5101));
#5906 = SHAPE_DEFINITION_REPRESENTATION(#5907,#5913);
#5907 = PRODUCT_DEFINITION_SHAPE('','',#5908);
#5908 = PRODUCT_DEFINITION('design','',#5909,#5912);
#5909 = PRODUCT_DEFINITION_FORMATION('','',#5910);
#5910 = PRODUCT('JST_PH_B2B-PH-K_1x02_P2.00mm_Vertical',
  'JST_PH_B2B-PH-K_1x02_P2.00mm_Vertical','',(#5911));
#5911 = PRODUCT_CONTEXT('',#2,'mechanical');
#5912 = PRODUCT_DEFINITION_CONTEXT('part definition',#2,'design');
#5913 = ADVANCED_BREP_SHAPE_REPRESENTATION('',(#11,#5914),#8806);
#5914 = MANIFOLD_SOLID_BREP('',#5915);
#5915 = CLOSED_SHELL('',(#5916,#5956,#6020,#6108,#6148,#6359,#6399,#6423
    ,#6448,#6472,#6521,#6543,#6576,#6600,#6631,#6648,#6681,#6698,#6741,
    #6758,#6804,#6821,#6884,#6908,#6955,#6979,#7003,#7020,#7037,#7061,
    #7085,#7102,#7133,#7157,#7181,#7198,#7233,#7273,#7297,#7338,#7387,
    #7433,#7450,#7462,#7493,#7549,#7573,#7622,#7634,#7737,#7761,#7785,
    #7802,#7833,#7889,#7913,#7962,#7979,#8026,#8052,#8069,#8095,#8128,
    #8140,#8171,#8195,#8219,#8236,#8267,#8291,#8315,#8332,#8349,#8396,
    #8422,#8439,#8465,#8498,#8515,#8532,#8544,#8575,#8599,#8623,#8640,
    #8671,#8695,#8719,#8736,#8753,#8770,#8782,#8794));
#5916 = ADVANCED_FACE('',(#5917),#5951,.F.);
#5917 = FACE_BOUND('',#5918,.F.);
#5918 = EDGE_LOOP('',(#5919,#5929,#5937,#5945));
#5919 = ORIENTED_EDGE('',*,*,#5920,.T.);
#5920 = EDGE_CURVE('',#5921,#5923,#5925,.T.);
#5921 = VERTEX_POINT('',#5922);
#5922 = CARTESIAN_POINT('',(3.95,-2.8,0.));
#5923 = VERTEX_POINT('',#5924);
#5924 = CARTESIAN_POINT('',(3.95,1.7,0.));
#5925 = LINE('',#5926,#5927);
#5926 = CARTESIAN_POINT('',(3.95,-2.8,0.));
#5927 = VECTOR('',#5928,1.);
#5928 = DIRECTION('',(1.224646799147E-16,1.,0.));
#5929 = ORIENTED_EDGE('',*,*,#5930,.T.);
#5930 = EDGE_CURVE('',#5923,#5931,#5933,.T.);
#5931 = VERTEX_POINT('',#5932);
#5932 = CARTESIAN_POINT('',(2.75,1.7,0.));
#5933 = LINE('',#5934,#5935);
#5934 = CARTESIAN_POINT('',(3.95,1.7,0.));
#5935 = VECTOR('',#5936,1.);
#5936 = DIRECTION('',(-1.,1.224646799147E-16,0.));
#5937 = ORIENTED_EDGE('',*,*,#5938,.F.);
#5938 = EDGE_CURVE('',#5939,#5931,#5941,.T.);
#5939 = VERTEX_POINT('',#5940);
#5940 = CARTESIAN_POINT('',(2.75,-2.8,0.));
#5941 = LINE('',#5942,#5943);
#5942 = CARTESIAN_POINT('',(2.75,-2.8,0.));
#5943 = VECTOR('',#5944,1.);
#5944 = DIRECTION('',(1.224646799147E-16,1.,0.));
#5945 = ORIENTED_EDGE('',*,*,#5946,.T.);
#5946 = EDGE_CURVE('',#5939,#5921,#5947,.T.);
#5947 = LINE('',#5948,#5949);
#5948 = CARTESIAN_POINT('',(-1.95,-2.8,0.));
#5949 = VECTOR('',#5950,1.);
#5950 = DIRECTION('',(1.,-1.224646799147E-16,0.));
#5951 = PLANE('',#5952);
#5952 = AXIS2_PLACEMENT_3D('',#5953,#5954,#5955);
#5953 = CARTESIAN_POINT('',(1.,-0.55,0.));
#5954 = DIRECTION('',(0.,0.,1.));
#5955 = DIRECTION('',(-1.,1.224646799147E-16,0.));
#5956 = ADVANCED_FACE('',(#5957),#6015,.F.);
#5957 = FACE_BOUND('',#5958,.F.);
#5958 = EDGE_LOOP('',(#5959,#5960,#5968,#5976,#5984,#5993,#6001,#6009));
#5959 = ORIENTED_EDGE('',*,*,#5920,.F.);
#5960 = ORIENTED_EDGE('',*,*,#5961,.T.);
#5961 = EDGE_CURVE('',#5921,#5962,#5964,.T.);
#5962 = VERTEX_POINT('',#5963);
#5963 = CARTESIAN_POINT('',(3.95,-2.8,6.));
#5964 = LINE('',#5965,#5966);
#5965 = CARTESIAN_POINT('',(3.95,-2.8,0.));
#5966 = VECTOR('',#5967,1.);
#5967 = DIRECTION('',(0.,0.,1.));
#5968 = ORIENTED_EDGE('',*,*,#5969,.T.);
#5969 = EDGE_CURVE('',#5962,#5970,#5972,.T.);
#5970 = VERTEX_POINT('',#5971);
#5971 = CARTESIAN_POINT('',(3.95,-0.6,6.));
#5972 = LINE('',#5973,#5974);
#5973 = CARTESIAN_POINT('',(3.95,-2.8,6.));
#5974 = VECTOR('',#5975,1.);
#5975 = DIRECTION('',(1.224646799147E-16,1.,0.));
#5976 = ORIENTED_EDGE('',*,*,#5977,.F.);
#5977 = EDGE_CURVE('',#5978,#5970,#5980,.T.);
#5978 = VERTEX_POINT('',#5979);
#5979 = CARTESIAN_POINT('',(3.95,-0.6,4.4));
#5980 = LINE('',#5981,#5982);
#5981 = CARTESIAN_POINT('',(3.95,-0.6,4.4));
#5982 = VECTOR('',#5983,1.);
#5983 = DIRECTION('',(0.,0.,1.));
#5984 = ORIENTED_EDGE('',*,*,#5985,.F.);
#5985 = EDGE_CURVE('',#5986,#5978,#5988,.T.);
#5986 = VERTEX_POINT('',#5987);
#5987 = CARTESIAN_POINT('',(3.95,0.2,4.4));
#5988 = CIRCLE('',#5989,0.4);
#5989 = AXIS2_PLACEMENT_3D('',#5990,#5991,#5992);
#5990 = CARTESIAN_POINT('',(3.95,-0.2,4.4));
#5991 = DIRECTION('',(-1.,1.224646799147E-16,0.));
#5992 = DIRECTION('',(1.224646799147E-16,1.,0.));
#5993 = ORIENTED_EDGE('',*,*,#5994,.F.);
#5994 = EDGE_CURVE('',#5995,#5986,#5997,.T.);
#5995 = VERTEX_POINT('',#5996);
#5996 = CARTESIAN_POINT('',(3.95,0.2,6.));
#5997 = LINE('',#5998,#5999);
#5998 = CARTESIAN_POINT('',(3.95,0.2,6.));
#5999 = VECTOR('',#6000,1.);
#6000 = DIRECTION('',(-0.,0.,-1.));
#6001 = ORIENTED_EDGE('',*,*,#6002,.T.);
#6002 = EDGE_CURVE('',#5995,#6003,#6005,.T.);
#6003 = VERTEX_POINT('',#6004);
#6004 = CARTESIAN_POINT('',(3.95,1.7,6.));
#6005 = LINE('',#6006,#6007);
#6006 = CARTESIAN_POINT('',(3.95,-2.8,6.));
#6007 = VECTOR('',#6008,1.);
#6008 = DIRECTION('',(1.224646799147E-16,1.,0.));
#6009 = ORIENTED_EDGE('',*,*,#6010,.F.);
#6010 = EDGE_CURVE('',#5923,#6003,#6011,.T.);
#6011 = LINE('',#6012,#6013);
#6012 = CARTESIAN_POINT('',(3.95,1.7,0.));
#6013 = VECTOR('',#6014,1.);
#6014 = DIRECTION('',(0.,0.,1.));
#6015 = PLANE('',#6016);
#6016 = AXIS2_PLACEMENT_3D('',#6017,#6018,#6019);
#6017 = CARTESIAN_POINT('',(3.95,-2.8,0.));
#6018 = DIRECTION('',(-1.,1.224646799147E-16,0.));
#6019 = DIRECTION('',(1.224646799147E-16,1.,0.));
#6020 = ADVANCED_FACE('',(#6021),#6103,.F.);
#6021 = FACE_BOUND('',#6022,.F.);
#6022 = EDGE_LOOP('',(#6023,#6033,#6041,#6047,#6048,#6049,#6057,#6065,
    #6073,#6081,#6089,#6097));
#6023 = ORIENTED_EDGE('',*,*,#6024,.F.);
#6024 = EDGE_CURVE('',#6025,#6027,#6029,.T.);
#6025 = VERTEX_POINT('',#6026);
#6026 = CARTESIAN_POINT('',(-1.95,-2.8,0.));
#6027 = VERTEX_POINT('',#6028);
#6028 = CARTESIAN_POINT('',(-0.75,-2.8,0.));
#6029 = LINE('',#6030,#6031);
#6030 = CARTESIAN_POINT('',(-1.95,-2.8,0.));
#6031 = VECTOR('',#6032,1.);
#6032 = DIRECTION('',(1.,-1.224646799147E-16,0.));
#6033 = ORIENTED_EDGE('',*,*,#6034,.T.);
#6034 = EDGE_CURVE('',#6025,#6035,#6037,.T.);
#6035 = VERTEX_POINT('',#6036);
#6036 = CARTESIAN_POINT('',(-1.95,-2.8,6.));
#6037 = LINE('',#6038,#6039);
#6038 = CARTESIAN_POINT('',(-1.95,-2.8,0.));
#6039 = VECTOR('',#6040,1.);
#6040 = DIRECTION('',(0.,0.,1.));
#6041 = ORIENTED_EDGE('',*,*,#6042,.T.);
#6042 = EDGE_CURVE('',#6035,#5962,#6043,.T.);
#6043 = LINE('',#6044,#6045);
#6044 = CARTESIAN_POINT('',(-1.95,-2.8,6.));
#6045 = VECTOR('',#6046,1.);
#6046 = DIRECTION('',(1.,-1.224646799147E-16,0.));
#6047 = ORIENTED_EDGE('',*,*,#5961,.F.);
#6048 = ORIENTED_EDGE('',*,*,#5946,.F.);
#6049 = ORIENTED_EDGE('',*,*,#6050,.F.);
#6050 = EDGE_CURVE('',#6051,#5939,#6053,.T.);
#6051 = VERTEX_POINT('',#6052);
#6052 = CARTESIAN_POINT('',(2.75,-2.8,0.2));
#6053 = LINE('',#6054,#6055);
#6054 = CARTESIAN_POINT('',(2.75,-2.8,0.2));
#6055 = VECTOR('',#6056,1.);
#6056 = DIRECTION('',(-0.,0.,-1.));
#6057 = ORIENTED_EDGE('',*,*,#6058,.T.);
#6058 = EDGE_CURVE('',#6051,#6059,#6061,.T.);
#6059 = VERTEX_POINT('',#6060);
#6060 = CARTESIAN_POINT('',(1.25,-2.8,0.2));
#6061 = LINE('',#6062,#6063);
#6062 = CARTESIAN_POINT('',(2.75,-2.8,0.2));
#6063 = VECTOR('',#6064,1.);
#6064 = DIRECTION('',(-1.,1.224646799147E-16,0.));
#6065 = ORIENTED_EDGE('',*,*,#6066,.T.);
#6066 = EDGE_CURVE('',#6059,#6067,#6069,.T.);
#6067 = VERTEX_POINT('',#6068);
#6068 = CARTESIAN_POINT('',(1.25,-2.8,0.));
#6069 = LINE('',#6070,#6071);
#6070 = CARTESIAN_POINT('',(1.25,-2.8,0.2));
#6071 = VECTOR('',#6072,1.);
#6072 = DIRECTION('',(-0.,0.,-1.));
#6073 = ORIENTED_EDGE('',*,*,#6074,.F.);
#6074 = EDGE_CURVE('',#6075,#6067,#6077,.T.);
#6075 = VERTEX_POINT('',#6076);
#6076 = CARTESIAN_POINT('',(0.75,-2.8,0.));
#6077 = LINE('',#6078,#6079);
#6078 = CARTESIAN_POINT('',(-1.95,-2.8,0.));
#6079 = VECTOR('',#6080,1.);
#6080 = DIRECTION('',(1.,-1.224646799147E-16,0.));
#6081 = ORIENTED_EDGE('',*,*,#6082,.F.);
#6082 = EDGE_CURVE('',#6083,#6075,#6085,.T.);
#6083 = VERTEX_POINT('',#6084);
#6084 = CARTESIAN_POINT('',(0.75,-2.8,0.2));
#6085 = LINE('',#6086,#6087);
#6086 = CARTESIAN_POINT('',(0.75,-2.8,0.2));
#6087 = VECTOR('',#6088,1.);
#6088 = DIRECTION('',(-0.,0.,-1.));
#6089 = ORIENTED_EDGE('',*,*,#6090,.T.);
#6090 = EDGE_CURVE('',#6083,#6091,#6093,.T.);
#6091 = VERTEX_POINT('',#6092);
#6092 = CARTESIAN_POINT('',(-0.75,-2.8,0.2));
#6093 = LINE('',#6094,#6095);
#6094 = CARTESIAN_POINT('',(0.75,-2.8,0.2));
#6095 = VECTOR('',#6096,1.);
#6096 = DIRECTION('',(-1.,1.224646799147E-16,0.));
#6097 = ORIENTED_EDGE('',*,*,#6098,.T.);
#6098 = EDGE_CURVE('',#6091,#6027,#6099,.T.);
#6099 = LINE('',#6100,#6101);
#6100 = CARTESIAN_POINT('',(-0.75,-2.8,0.2));
#6101 = VECTOR('',#6102,1.);
#6102 = DIRECTION('',(-0.,0.,-1.));
#6103 = PLANE('',#6104);
#6104 = AXIS2_PLACEMENT_3D('',#6105,#6106,#6107);
#6105 = CARTESIAN_POINT('',(-1.95,-2.8,0.));
#6106 = DIRECTION('',(1.224646799147E-16,1.,0.));
#6107 = DIRECTION('',(1.,-1.224646799147E-16,0.));
#6108 = ADVANCED_FACE('',(#6109),#6143,.F.);
#6109 = FACE_BOUND('',#6110,.F.);
#6110 = EDGE_LOOP('',(#6111,#6119,#6127,#6135,#6141,#6142));
#6111 = ORIENTED_EDGE('',*,*,#6112,.T.);
#6112 = EDGE_CURVE('',#5931,#6113,#6115,.T.);
#6113 = VERTEX_POINT('',#6114);
#6114 = CARTESIAN_POINT('',(2.75,1.7,0.2));
#6115 = LINE('',#6116,#6117);
#6116 = CARTESIAN_POINT('',(2.75,1.7,0.));
#6117 = VECTOR('',#6118,1.);
#6118 = DIRECTION('',(0.,0.,1.));
#6119 = ORIENTED_EDGE('',*,*,#6120,.T.);
#6120 = EDGE_CURVE('',#6113,#6121,#6123,.T.);
#6121 = VERTEX_POINT('',#6122);
#6122 = CARTESIAN_POINT('',(2.75,0.5,0.1));
#6123 = LINE('',#6124,#6125);
#6124 = CARTESIAN_POINT('',(2.75,1.7,0.2));
#6125 = VECTOR('',#6126,1.);
#6126 = DIRECTION('',(-1.220416573038E-16,-0.996545758245,
    -8.304547985373E-02));
#6127 = ORIENTED_EDGE('',*,*,#6128,.T.);
#6128 = EDGE_CURVE('',#6121,#6129,#6131,.T.);
#6129 = VERTEX_POINT('',#6130);
#6130 = CARTESIAN_POINT('',(2.75,-0.5,0.1));
#6131 = LINE('',#6132,#6133);
#6132 = CARTESIAN_POINT('',(2.75,0.5,0.1));
#6133 = VECTOR('',#6134,1.);
#6134 = DIRECTION('',(-1.224646799147E-16,-1.,0.));
#6135 = ORIENTED_EDGE('',*,*,#6136,.T.);
#6136 = EDGE_CURVE('',#6129,#6051,#6137,.T.);
#6137 = LINE('',#6138,#6139);
#6138 = CARTESIAN_POINT('',(2.75,-0.5,0.1));
#6139 = VECTOR('',#6140,1.);
#6140 = DIRECTION('',(-1.223490926498E-16,-0.999056158355,
    4.343722427631E-02));
#6141 = ORIENTED_EDGE('',*,*,#6050,.T.);
#6142 = ORIENTED_EDGE('',*,*,#5938,.T.);
#6143 = PLANE('',#6144);
#6144 = AXIS2_PLACEMENT_3D('',#6145,#6146,#6147);
#6145 = CARTESIAN_POINT('',(2.75,-0.549524476701,7.07980355453E-02));
#6146 = DIRECTION('',(1.,-1.224646799147E-16,-0.));
#6147 = DIRECTION('',(-0.,0.,-1.));
#6148 = ADVANCED_FACE('',(#6149,#6320),#6354,.F.);
#6149 = FACE_BOUND('',#6150,.F.);
#6150 = EDGE_LOOP('',(#6151,#6152,#6153,#6161,#6169,#6177,#6185,#6193,
    #6201,#6209,#6217,#6225,#6233,#6241,#6249,#6257,#6265,#6273,#6281,
    #6289,#6297,#6305,#6313,#6319));
#6151 = ORIENTED_EDGE('',*,*,#5930,.F.);
#6152 = ORIENTED_EDGE('',*,*,#6010,.T.);
#6153 = ORIENTED_EDGE('',*,*,#6154,.T.);
#6154 = EDGE_CURVE('',#6003,#6155,#6157,.T.);
#6155 = VERTEX_POINT('',#6156);
#6156 = CARTESIAN_POINT('',(1.45,1.7,6.));
#6157 = LINE('',#6158,#6159);
#6158 = CARTESIAN_POINT('',(3.95,1.7,6.));
#6159 = VECTOR('',#6160,1.);
#6160 = DIRECTION('',(-1.,1.224646799147E-16,0.));
#6161 = ORIENTED_EDGE('',*,*,#6162,.T.);
#6162 = EDGE_CURVE('',#6155,#6163,#6165,.T.);
#6163 = VERTEX_POINT('',#6164);
#6164 = CARTESIAN_POINT('',(1.45,1.7,2.1));
#6165 = LINE('',#6166,#6167);
#6166 = CARTESIAN_POINT('',(1.45,1.7,6.));
#6167 = VECTOR('',#6168,1.);
#6168 = DIRECTION('',(-0.,0.,-1.));
#6169 = ORIENTED_EDGE('',*,*,#6170,.T.);
#6170 = EDGE_CURVE('',#6163,#6171,#6173,.T.);
#6171 = VERTEX_POINT('',#6172);
#6172 = CARTESIAN_POINT('',(0.55,1.7,2.1));
#6173 = LINE('',#6174,#6175);
#6174 = CARTESIAN_POINT('',(1.45,1.7,2.1));
#6175 = VECTOR('',#6176,1.);
#6176 = DIRECTION('',(-1.,1.224646799147E-16,0.));
#6177 = ORIENTED_EDGE('',*,*,#6178,.T.);
#6178 = EDGE_CURVE('',#6171,#6179,#6181,.T.);
#6179 = VERTEX_POINT('',#6180);
#6180 = CARTESIAN_POINT('',(0.55,1.7,6.));
#6181 = LINE('',#6182,#6183);
#6182 = CARTESIAN_POINT('',(0.55,1.7,2.1));
#6183 = VECTOR('',#6184,1.);
#6184 = DIRECTION('',(0.,0.,1.));
#6185 = ORIENTED_EDGE('',*,*,#6186,.T.);
#6186 = EDGE_CURVE('',#6179,#6187,#6189,.T.);
#6187 = VERTEX_POINT('',#6188);
#6188 = CARTESIAN_POINT('',(-0.45,1.7,6.));
#6189 = LINE('',#6190,#6191);
#6190 = CARTESIAN_POINT('',(3.95,1.7,6.));
#6191 = VECTOR('',#6192,1.);
#6192 = DIRECTION('',(-1.,1.224646799147E-16,0.));
#6193 = ORIENTED_EDGE('',*,*,#6194,.F.);
#6194 = EDGE_CURVE('',#6195,#6187,#6197,.T.);
#6195 = VERTEX_POINT('',#6196);
#6196 = CARTESIAN_POINT('',(-0.45,1.7,4.2));
#6197 = LINE('',#6198,#6199);
#6198 = CARTESIAN_POINT('',(-0.45,1.7,4.2));
#6199 = VECTOR('',#6200,1.);
#6200 = DIRECTION('',(0.,0.,1.));
#6201 = ORIENTED_EDGE('',*,*,#6202,.F.);
#6202 = EDGE_CURVE('',#6203,#6195,#6205,.T.);
#6203 = VERTEX_POINT('',#6204);
#6204 = CARTESIAN_POINT('',(-0.4,1.7,4.2));
#6205 = LINE('',#6206,#6207);
#6206 = CARTESIAN_POINT('',(-0.4,1.7,4.2));
#6207 = VECTOR('',#6208,1.);
#6208 = DIRECTION('',(-1.,1.224646799147E-16,0.));
#6209 = ORIENTED_EDGE('',*,*,#6210,.F.);
#6210 = EDGE_CURVE('',#6211,#6203,#6213,.T.);
#6211 = VERTEX_POINT('',#6212);
#6212 = CARTESIAN_POINT('',(-0.4,1.7,2.4));
#6213 = LINE('',#6214,#6215);
#6214 = CARTESIAN_POINT('',(-0.4,1.7,2.4));
#6215 = VECTOR('',#6216,1.);
#6216 = DIRECTION('',(0.,0.,1.));
#6217 = ORIENTED_EDGE('',*,*,#6218,.F.);
#6218 = EDGE_CURVE('',#6219,#6211,#6221,.T.);
#6219 = VERTEX_POINT('',#6220);
#6220 = CARTESIAN_POINT('',(-1.4,1.7,2.4));
#6221 = LINE('',#6222,#6223);
#6222 = CARTESIAN_POINT('',(-1.4,1.7,2.4));
#6223 = VECTOR('',#6224,1.);
#6224 = DIRECTION('',(1.,-1.224646799147E-16,0.));
#6225 = ORIENTED_EDGE('',*,*,#6226,.F.);
#6226 = EDGE_CURVE('',#6227,#6219,#6229,.T.);
#6227 = VERTEX_POINT('',#6228);
#6228 = CARTESIAN_POINT('',(-1.4,1.7,4.2));
#6229 = LINE('',#6230,#6231);
#6230 = CARTESIAN_POINT('',(-1.4,1.7,4.2));
#6231 = VECTOR('',#6232,1.);
#6232 = DIRECTION('',(-0.,0.,-1.));
#6233 = ORIENTED_EDGE('',*,*,#6234,.F.);
#6234 = EDGE_CURVE('',#6235,#6227,#6237,.T.);
#6235 = VERTEX_POINT('',#6236);
#6236 = CARTESIAN_POINT('',(-0.95,1.7,4.2));
#6237 = LINE('',#6238,#6239);
#6238 = CARTESIAN_POINT('',(-0.4,1.7,4.2));
#6239 = VECTOR('',#6240,1.);
#6240 = DIRECTION('',(-1.,1.224646799147E-16,0.));
#6241 = ORIENTED_EDGE('',*,*,#6242,.T.);
#6242 = EDGE_CURVE('',#6235,#6243,#6245,.T.);
#6243 = VERTEX_POINT('',#6244);
#6244 = CARTESIAN_POINT('',(-0.95,1.7,6.));
#6245 = LINE('',#6246,#6247);
#6246 = CARTESIAN_POINT('',(-0.95,1.7,4.2));
#6247 = VECTOR('',#6248,1.);
#6248 = DIRECTION('',(0.,0.,1.));
#6249 = ORIENTED_EDGE('',*,*,#6250,.T.);
#6250 = EDGE_CURVE('',#6243,#6251,#6253,.T.);
#6251 = VERTEX_POINT('',#6252);
#6252 = CARTESIAN_POINT('',(-1.95,1.7,6.));
#6253 = LINE('',#6254,#6255);
#6254 = CARTESIAN_POINT('',(3.95,1.7,6.));
#6255 = VECTOR('',#6256,1.);
#6256 = DIRECTION('',(-1.,1.224646799147E-16,0.));
#6257 = ORIENTED_EDGE('',*,*,#6258,.F.);
#6258 = EDGE_CURVE('',#6259,#6251,#6261,.T.);
#6259 = VERTEX_POINT('',#6260);
#6260 = CARTESIAN_POINT('',(-1.95,1.7,0.));
#6261 = LINE('',#6262,#6263);
#6262 = CARTESIAN_POINT('',(-1.95,1.7,0.));
#6263 = VECTOR('',#6264,1.);
#6264 = DIRECTION('',(0.,0.,1.));
#6265 = ORIENTED_EDGE('',*,*,#6266,.F.);
#6266 = EDGE_CURVE('',#6267,#6259,#6269,.T.);
#6267 = VERTEX_POINT('',#6268);
#6268 = CARTESIAN_POINT('',(-0.75,1.7,0.));
#6269 = LINE('',#6270,#6271);
#6270 = CARTESIAN_POINT('',(3.95,1.7,0.));
#6271 = VECTOR('',#6272,1.);
#6272 = DIRECTION('',(-1.,1.224646799147E-16,0.));
#6273 = ORIENTED_EDGE('',*,*,#6274,.T.);
#6274 = EDGE_CURVE('',#6267,#6275,#6277,.T.);
#6275 = VERTEX_POINT('',#6276);
#6276 = CARTESIAN_POINT('',(-0.75,1.7,0.2));
#6277 = LINE('',#6278,#6279);
#6278 = CARTESIAN_POINT('',(-0.75,1.7,0.));
#6279 = VECTOR('',#6280,1.);
#6280 = DIRECTION('',(0.,0.,1.));
#6281 = ORIENTED_EDGE('',*,*,#6282,.F.);
#6282 = EDGE_CURVE('',#6283,#6275,#6285,.T.);
#6283 = VERTEX_POINT('',#6284);
#6284 = CARTESIAN_POINT('',(0.75,1.7,0.2));
#6285 = LINE('',#6286,#6287);
#6286 = CARTESIAN_POINT('',(0.75,1.7,0.2));
#6287 = VECTOR('',#6288,1.);
#6288 = DIRECTION('',(-1.,1.224646799147E-16,0.));
#6289 = ORIENTED_EDGE('',*,*,#6290,.F.);
#6290 = EDGE_CURVE('',#6291,#6283,#6293,.T.);
#6291 = VERTEX_POINT('',#6292);
#6292 = CARTESIAN_POINT('',(0.75,1.7,0.));
#6293 = LINE('',#6294,#6295);
#6294 = CARTESIAN_POINT('',(0.75,1.7,0.));
#6295 = VECTOR('',#6296,1.);
#6296 = DIRECTION('',(0.,0.,1.));
#6297 = ORIENTED_EDGE('',*,*,#6298,.F.);
#6298 = EDGE_CURVE('',#6299,#6291,#6301,.T.);
#6299 = VERTEX_POINT('',#6300);
#6300 = CARTESIAN_POINT('',(1.25,1.7,0.));
#6301 = LINE('',#6302,#6303);
#6302 = CARTESIAN_POINT('',(3.95,1.7,0.));
#6303 = VECTOR('',#6304,1.);
#6304 = DIRECTION('',(-1.,1.224646799147E-16,0.));
#6305 = ORIENTED_EDGE('',*,*,#6306,.T.);
#6306 = EDGE_CURVE('',#6299,#6307,#6309,.T.);
#6307 = VERTEX_POINT('',#6308);
#6308 = CARTESIAN_POINT('',(1.25,1.7,0.2));
#6309 = LINE('',#6310,#6311);
#6310 = CARTESIAN_POINT('',(1.25,1.7,0.));
#6311 = VECTOR('',#6312,1.);
#6312 = DIRECTION('',(0.,0.,1.));
#6313 = ORIENTED_EDGE('',*,*,#6314,.F.);
#6314 = EDGE_CURVE('',#6113,#6307,#6315,.T.);
#6315 = LINE('',#6316,#6317);
#6316 = CARTESIAN_POINT('',(2.75,1.7,0.2));
#6317 = VECTOR('',#6318,1.);
#6318 = DIRECTION('',(-1.,1.224646799147E-16,0.));
#6319 = ORIENTED_EDGE('',*,*,#6112,.F.);
#6320 = FACE_BOUND('',#6321,.F.);
#6321 = EDGE_LOOP('',(#6322,#6332,#6340,#6348));
#6322 = ORIENTED_EDGE('',*,*,#6323,.T.);
#6323 = EDGE_CURVE('',#6324,#6326,#6328,.T.);
#6324 = VERTEX_POINT('',#6325);
#6325 = CARTESIAN_POINT('',(2.4,1.7,4.2));
#6326 = VERTEX_POINT('',#6327);
#6327 = CARTESIAN_POINT('',(3.4,1.7,4.2));
#6328 = LINE('',#6329,#6330);
#6329 = CARTESIAN_POINT('',(2.4,1.7,4.2));
#6330 = VECTOR('',#6331,1.);
#6331 = DIRECTION('',(1.,-1.224646799147E-16,0.));
#6332 = ORIENTED_EDGE('',*,*,#6333,.T.);
#6333 = EDGE_CURVE('',#6326,#6334,#6336,.T.);
#6334 = VERTEX_POINT('',#6335);
#6335 = CARTESIAN_POINT('',(3.4,1.7,2.4));
#6336 = LINE('',#6337,#6338);
#6337 = CARTESIAN_POINT('',(3.4,1.7,4.2));
#6338 = VECTOR('',#6339,1.);
#6339 = DIRECTION('',(-0.,0.,-1.));
#6340 = ORIENTED_EDGE('',*,*,#6341,.T.);
#6341 = EDGE_CURVE('',#6334,#6342,#6344,.T.);
#6342 = VERTEX_POINT('',#6343);
#6343 = CARTESIAN_POINT('',(2.4,1.7,2.4));
#6344 = LINE('',#6345,#6346);
#6345 = CARTESIAN_POINT('',(3.4,1.7,2.4));
#6346 = VECTOR('',#6347,1.);
#6347 = DIRECTION('',(-1.,1.224646799147E-16,0.));
#6348 = ORIENTED_EDGE('',*,*,#6349,.T.);
#6349 = EDGE_CURVE('',#6342,#6324,#6350,.T.);
#6350 = LINE('',#6351,#6352);
#6351 = CARTESIAN_POINT('',(2.4,1.7,2.4));
#6352 = VECTOR('',#6353,1.);
#6353 = DIRECTION('',(0.,0.,1.));
#6354 = PLANE('',#6355);
#6355 = AXIS2_PLACEMENT_3D('',#6356,#6357,#6358);
#6356 = CARTESIAN_POINT('',(3.95,1.7,0.));
#6357 = DIRECTION('',(-1.224646799147E-16,-1.,0.));
#6358 = DIRECTION('',(-1.,1.224646799147E-16,0.));
#6359 = ADVANCED_FACE('',(#6360),#6394,.T.);
#6360 = FACE_BOUND('',#6361,.T.);
#6361 = EDGE_LOOP('',(#6362,#6370,#6371,#6372,#6380,#6388));
#6362 = ORIENTED_EDGE('',*,*,#6363,.F.);
#6363 = EDGE_CURVE('',#5995,#6364,#6366,.T.);
#6364 = VERTEX_POINT('',#6365);
#6365 = CARTESIAN_POINT('',(3.45,0.2,6.));
#6366 = LINE('',#6367,#6368);
#6367 = CARTESIAN_POINT('',(3.95,0.2,6.));
#6368 = VECTOR('',#6369,1.);
#6369 = DIRECTION('',(-1.,1.224646799147E-16,0.));
#6370 = ORIENTED_EDGE('',*,*,#6002,.T.);
#6371 = ORIENTED_EDGE('',*,*,#6154,.T.);
#6372 = ORIENTED_EDGE('',*,*,#6373,.T.);
#6373 = EDGE_CURVE('',#6155,#6374,#6376,.T.);
#6374 = VERTEX_POINT('',#6375);
#6375 = CARTESIAN_POINT('',(1.45,1.1,6.));
#6376 = LINE('',#6377,#6378);
#6377 = CARTESIAN_POINT('',(1.45,1.7,6.));
#6378 = VECTOR('',#6379,1.);
#6379 = DIRECTION('',(-1.224646799147E-16,-1.,0.));
#6380 = ORIENTED_EDGE('',*,*,#6381,.F.);
#6381 = EDGE_CURVE('',#6382,#6374,#6384,.T.);
#6382 = VERTEX_POINT('',#6383);
#6383 = CARTESIAN_POINT('',(3.45,1.1,6.));
#6384 = LINE('',#6385,#6386);
#6385 = CARTESIAN_POINT('',(3.45,1.1,6.));
#6386 = VECTOR('',#6387,1.);
#6387 = DIRECTION('',(-1.,1.224646799147E-16,0.));
#6388 = ORIENTED_EDGE('',*,*,#6389,.F.);
#6389 = EDGE_CURVE('',#6364,#6382,#6390,.T.);
#6390 = LINE('',#6391,#6392);
#6391 = CARTESIAN_POINT('',(3.45,-2.3,6.));
#6392 = VECTOR('',#6393,1.);
#6393 = DIRECTION('',(1.224646799147E-16,1.,0.));
#6394 = PLANE('',#6395);
#6395 = AXIS2_PLACEMENT_3D('',#6396,#6397,#6398);
#6396 = CARTESIAN_POINT('',(1.,-0.55,6.));
#6397 = DIRECTION('',(0.,0.,1.));
#6398 = DIRECTION('',(-1.,1.224646799147E-16,0.));
#6399 = ADVANCED_FACE('',(#6400),#6418,.T.);
#6400 = FACE_BOUND('',#6401,.T.);
#6401 = EDGE_LOOP('',(#6402,#6403,#6404,#6412));
#6402 = ORIENTED_EDGE('',*,*,#5994,.F.);
#6403 = ORIENTED_EDGE('',*,*,#6363,.T.);
#6404 = ORIENTED_EDGE('',*,*,#6405,.T.);
#6405 = EDGE_CURVE('',#6364,#6406,#6408,.T.);
#6406 = VERTEX_POINT('',#6407);
#6407 = CARTESIAN_POINT('',(3.45,0.2,4.4));
#6408 = LINE('',#6409,#6410);
#6409 = CARTESIAN_POINT('',(3.45,0.2,6.));
#6410 = VECTOR('',#6411,1.);
#6411 = DIRECTION('',(-0.,0.,-1.));
#6412 = ORIENTED_EDGE('',*,*,#6413,.F.);
#6413 = EDGE_CURVE('',#5986,#6406,#6414,.T.);
#6414 = LINE('',#6415,#6416);
#6415 = CARTESIAN_POINT('',(3.95,0.2,4.4));
#6416 = VECTOR('',#6417,1.);
#6417 = DIRECTION('',(-1.,1.224646799147E-16,0.));
#6418 = PLANE('',#6419);
#6419 = AXIS2_PLACEMENT_3D('',#6420,#6421,#6422);
#6420 = CARTESIAN_POINT('',(3.95,0.2,6.));
#6421 = DIRECTION('',(-1.224646799147E-16,-1.,0.));
#6422 = DIRECTION('',(-0.,0.,-1.));
#6423 = ADVANCED_FACE('',(#6424),#6443,.F.);
#6424 = FACE_BOUND('',#6425,.F.);
#6425 = EDGE_LOOP('',(#6426,#6434,#6441,#6442));
#6426 = ORIENTED_EDGE('',*,*,#6427,.T.);
#6427 = EDGE_CURVE('',#5978,#6428,#6430,.T.);
#6428 = VERTEX_POINT('',#6429);
#6429 = CARTESIAN_POINT('',(3.45,-0.6,4.4));
#6430 = LINE('',#6431,#6432);
#6431 = CARTESIAN_POINT('',(3.95,-0.6,4.4));
#6432 = VECTOR('',#6433,1.);
#6433 = DIRECTION('',(-1.,1.224646799147E-16,0.));
#6434 = ORIENTED_EDGE('',*,*,#6435,.T.);
#6435 = EDGE_CURVE('',#6428,#6406,#6436,.T.);
#6436 = CIRCLE('',#6437,0.4);
#6437 = AXIS2_PLACEMENT_3D('',#6438,#6439,#6440);
#6438 = CARTESIAN_POINT('',(3.45,-0.2,4.4));
#6439 = DIRECTION('',(1.,-1.224646799147E-16,0.));
#6440 = DIRECTION('',(1.224646799147E-16,1.,0.));
#6441 = ORIENTED_EDGE('',*,*,#6413,.F.);
#6442 = ORIENTED_EDGE('',*,*,#5985,.T.);
#6443 = CYLINDRICAL_SURFACE('',#6444,0.4);
#6444 = AXIS2_PLACEMENT_3D('',#6445,#6446,#6447);
#6445 = CARTESIAN_POINT('',(3.95,-0.2,4.4));
#6446 = DIRECTION('',(1.,-1.224646799147E-16,-0.));
#6447 = DIRECTION('',(1.224646799147E-16,1.,0.));
#6448 = ADVANCED_FACE('',(#6449),#6467,.T.);
#6449 = FACE_BOUND('',#6450,.T.);
#6450 = EDGE_LOOP('',(#6451,#6452,#6453,#6461));
#6451 = ORIENTED_EDGE('',*,*,#5977,.F.);
#6452 = ORIENTED_EDGE('',*,*,#6427,.T.);
#6453 = ORIENTED_EDGE('',*,*,#6454,.T.);
#6454 = EDGE_CURVE('',#6428,#6455,#6457,.T.);
#6455 = VERTEX_POINT('',#6456);
#6456 = CARTESIAN_POINT('',(3.45,-0.6,6.));
#6457 = LINE('',#6458,#6459);
#6458 = CARTESIAN_POINT('',(3.45,-0.6,5.2));
#6459 = VECTOR('',#6460,1.);
#6460 = DIRECTION('',(0.,0.,1.));
#6461 = ORIENTED_EDGE('',*,*,#6462,.F.);
#6462 = EDGE_CURVE('',#5970,#6455,#6463,.T.);
#6463 = LINE('',#6464,#6465);
#6464 = CARTESIAN_POINT('',(3.95,-0.6,6.));
#6465 = VECTOR('',#6466,1.);
#6466 = DIRECTION('',(-1.,1.224646799147E-16,0.));
#6467 = PLANE('',#6468);
#6468 = AXIS2_PLACEMENT_3D('',#6469,#6470,#6471);
#6469 = CARTESIAN_POINT('',(3.95,-0.6,4.4));
#6470 = DIRECTION('',(1.224646799147E-16,1.,0.));
#6471 = DIRECTION('',(0.,-0.,1.));
#6472 = ADVANCED_FACE('',(#6473),#6516,.T.);
#6473 = FACE_BOUND('',#6474,.T.);
#6474 = EDGE_LOOP('',(#6475,#6476,#6477,#6485,#6493,#6501,#6509,#6515));
#6475 = ORIENTED_EDGE('',*,*,#5969,.T.);
#6476 = ORIENTED_EDGE('',*,*,#6462,.T.);
#6477 = ORIENTED_EDGE('',*,*,#6478,.F.);
#6478 = EDGE_CURVE('',#6479,#6455,#6481,.T.);
#6479 = VERTEX_POINT('',#6480);
#6480 = CARTESIAN_POINT('',(3.45,-2.3,6.));
#6481 = LINE('',#6482,#6483);
#6482 = CARTESIAN_POINT('',(3.45,-2.3,6.));
#6483 = VECTOR('',#6484,1.);
#6484 = DIRECTION('',(1.224646799147E-16,1.,0.));
#6485 = ORIENTED_EDGE('',*,*,#6486,.F.);
#6486 = EDGE_CURVE('',#6487,#6479,#6489,.T.);
#6487 = VERTEX_POINT('',#6488);
#6488 = CARTESIAN_POINT('',(-1.45,-2.3,6.));
#6489 = LINE('',#6490,#6491);
#6490 = CARTESIAN_POINT('',(-1.45,-2.3,6.));
#6491 = VECTOR('',#6492,1.);
#6492 = DIRECTION('',(1.,-1.224646799147E-16,0.));
#6493 = ORIENTED_EDGE('',*,*,#6494,.F.);
#6494 = EDGE_CURVE('',#6495,#6487,#6497,.T.);
#6495 = VERTEX_POINT('',#6496);
#6496 = CARTESIAN_POINT('',(-1.45,-0.6,6.));
#6497 = LINE('',#6498,#6499);
#6498 = CARTESIAN_POINT('',(-1.45,1.1,6.));
#6499 = VECTOR('',#6500,1.);
#6500 = DIRECTION('',(-1.224646799147E-16,-1.,0.));
#6501 = ORIENTED_EDGE('',*,*,#6502,.T.);
#6502 = EDGE_CURVE('',#6495,#6503,#6505,.T.);
#6503 = VERTEX_POINT('',#6504);
#6504 = CARTESIAN_POINT('',(-1.95,-0.6,6.));
#6505 = LINE('',#6506,#6507);
#6506 = CARTESIAN_POINT('',(3.95,-0.6,6.));
#6507 = VECTOR('',#6508,1.);
#6508 = DIRECTION('',(-1.,1.224646799147E-16,0.));
#6509 = ORIENTED_EDGE('',*,*,#6510,.T.);
#6510 = EDGE_CURVE('',#6503,#6035,#6511,.T.);
#6511 = LINE('',#6512,#6513);
#6512 = CARTESIAN_POINT('',(-1.95,1.7,6.));
#6513 = VECTOR('',#6514,1.);
#6514 = DIRECTION('',(-1.224646799147E-16,-1.,0.));
#6515 = ORIENTED_EDGE('',*,*,#6042,.T.);
#6516 = PLANE('',#6517);
#6517 = AXIS2_PLACEMENT_3D('',#6518,#6519,#6520);
#6518 = CARTESIAN_POINT('',(1.,-0.55,6.));
#6519 = DIRECTION('',(0.,0.,1.));
#6520 = DIRECTION('',(-1.,1.224646799147E-16,0.));
#6521 = ADVANCED_FACE('',(#6522),#6538,.F.);
#6522 = FACE_BOUND('',#6523,.F.);
#6523 = EDGE_LOOP('',(#6524,#6525,#6531,#6532));
#6524 = ORIENTED_EDGE('',*,*,#6024,.T.);
#6525 = ORIENTED_EDGE('',*,*,#6526,.T.);
#6526 = EDGE_CURVE('',#6027,#6267,#6527,.T.);
#6527 = LINE('',#6528,#6529);
#6528 = CARTESIAN_POINT('',(-0.75,-2.8,0.));
#6529 = VECTOR('',#6530,1.);
#6530 = DIRECTION('',(1.224646799147E-16,1.,0.));
#6531 = ORIENTED_EDGE('',*,*,#6266,.T.);
#6532 = ORIENTED_EDGE('',*,*,#6533,.T.);
#6533 = EDGE_CURVE('',#6259,#6025,#6534,.T.);
#6534 = LINE('',#6535,#6536);
#6535 = CARTESIAN_POINT('',(-1.95,1.7,0.));
#6536 = VECTOR('',#6537,1.);
#6537 = DIRECTION('',(-1.224646799147E-16,-1.,0.));
#6538 = PLANE('',#6539);
#6539 = AXIS2_PLACEMENT_3D('',#6540,#6541,#6542);
#6540 = CARTESIAN_POINT('',(1.,-0.55,0.));
#6541 = DIRECTION('',(0.,0.,1.));
#6542 = DIRECTION('',(-1.,1.224646799147E-16,0.));
#6543 = ADVANCED_FACE('',(#6544),#6571,.T.);
#6544 = FACE_BOUND('',#6545,.T.);
#6545 = EDGE_LOOP('',(#6546,#6547,#6555,#6563,#6569,#6570));
#6546 = ORIENTED_EDGE('',*,*,#6274,.T.);
#6547 = ORIENTED_EDGE('',*,*,#6548,.T.);
#6548 = EDGE_CURVE('',#6275,#6549,#6551,.T.);
#6549 = VERTEX_POINT('',#6550);
#6550 = CARTESIAN_POINT('',(-0.75,0.5,0.1));
#6551 = LINE('',#6552,#6553);
#6552 = CARTESIAN_POINT('',(-0.75,1.7,0.2));
#6553 = VECTOR('',#6554,1.);
#6554 = DIRECTION('',(-1.220416573038E-16,-0.996545758245,
    -8.304547985373E-02));
#6555 = ORIENTED_EDGE('',*,*,#6556,.T.);
#6556 = EDGE_CURVE('',#6549,#6557,#6559,.T.);
#6557 = VERTEX_POINT('',#6558);
#6558 = CARTESIAN_POINT('',(-0.75,-0.5,0.1));
#6559 = LINE('',#6560,#6561);
#6560 = CARTESIAN_POINT('',(-0.75,0.5,0.1));
#6561 = VECTOR('',#6562,1.);
#6562 = DIRECTION('',(-1.224646799147E-16,-1.,0.));
#6563 = ORIENTED_EDGE('',*,*,#6564,.T.);
#6564 = EDGE_CURVE('',#6557,#6091,#6565,.T.);
#6565 = LINE('',#6566,#6567);
#6566 = CARTESIAN_POINT('',(-0.75,-0.5,0.1));
#6567 = VECTOR('',#6568,1.);
#6568 = DIRECTION('',(-1.223490926498E-16,-0.999056158355,
    4.343722427631E-02));
#6569 = ORIENTED_EDGE('',*,*,#6098,.T.);
#6570 = ORIENTED_EDGE('',*,*,#6526,.T.);
#6571 = PLANE('',#6572);
#6572 = AXIS2_PLACEMENT_3D('',#6573,#6574,#6575);
#6573 = CARTESIAN_POINT('',(-0.75,-0.549524476701,7.07980355453E-02));
#6574 = DIRECTION('',(1.,-1.224646799147E-16,-0.));
#6575 = DIRECTION('',(-0.,0.,-1.));
#6576 = ADVANCED_FACE('',(#6577),#6595,.F.);
#6577 = FACE_BOUND('',#6578,.F.);
#6578 = EDGE_LOOP('',(#6579,#6587,#6588,#6589));
#6579 = ORIENTED_EDGE('',*,*,#6580,.T.);
#6580 = EDGE_CURVE('',#6581,#6557,#6583,.T.);
#6581 = VERTEX_POINT('',#6582);
#6582 = CARTESIAN_POINT('',(0.75,-0.5,0.1));
#6583 = LINE('',#6584,#6585);
#6584 = CARTESIAN_POINT('',(0.75,-0.5,0.1));
#6585 = VECTOR('',#6586,1.);
#6586 = DIRECTION('',(-1.,1.224646799147E-16,0.));
#6587 = ORIENTED_EDGE('',*,*,#6564,.T.);
#6588 = ORIENTED_EDGE('',*,*,#6090,.F.);
#6589 = ORIENTED_EDGE('',*,*,#6590,.F.);
#6590 = EDGE_CURVE('',#6581,#6083,#6591,.T.);
#6591 = LINE('',#6592,#6593);
#6592 = CARTESIAN_POINT('',(0.75,-0.5,0.1));
#6593 = VECTOR('',#6594,1.);
#6594 = DIRECTION('',(-1.223490926498E-16,-0.999056158355,
    4.343722427631E-02));
#6595 = PLANE('',#6596);
#6596 = AXIS2_PLACEMENT_3D('',#6597,#6598,#6599);
#6597 = CARTESIAN_POINT('',(0.75,-0.5,0.1));
#6598 = DIRECTION('',(5.319525767383E-18,4.343722427631E-02,
    0.999056158355));
#6599 = DIRECTION('',(-1.223490926498E-16,-0.999056158355,
    4.343722427631E-02));
#6600 = ADVANCED_FACE('',(#6601),#6626,.F.);
#6601 = FACE_BOUND('',#6602,.F.);
#6602 = EDGE_LOOP('',(#6603,#6604,#6612,#6618,#6619,#6620));
#6603 = ORIENTED_EDGE('',*,*,#6290,.T.);
#6604 = ORIENTED_EDGE('',*,*,#6605,.T.);
#6605 = EDGE_CURVE('',#6283,#6606,#6608,.T.);
#6606 = VERTEX_POINT('',#6607);
#6607 = CARTESIAN_POINT('',(0.75,0.5,0.1));
#6608 = LINE('',#6609,#6610);
#6609 = CARTESIAN_POINT('',(0.75,1.7,0.2));
#6610 = VECTOR('',#6611,1.);
#6611 = DIRECTION('',(-1.220416573038E-16,-0.996545758245,
    -8.304547985373E-02));
#6612 = ORIENTED_EDGE('',*,*,#6613,.T.);
#6613 = EDGE_CURVE('',#6606,#6581,#6614,.T.);
#6614 = LINE('',#6615,#6616);
#6615 = CARTESIAN_POINT('',(0.75,0.5,0.1));
#6616 = VECTOR('',#6617,1.);
#6617 = DIRECTION('',(-1.224646799147E-16,-1.,0.));
#6618 = ORIENTED_EDGE('',*,*,#6590,.T.);
#6619 = ORIENTED_EDGE('',*,*,#6082,.T.);
#6620 = ORIENTED_EDGE('',*,*,#6621,.T.);
#6621 = EDGE_CURVE('',#6075,#6291,#6622,.T.);
#6622 = LINE('',#6623,#6624);
#6623 = CARTESIAN_POINT('',(0.75,-2.8,0.));
#6624 = VECTOR('',#6625,1.);
#6625 = DIRECTION('',(1.224646799147E-16,1.,0.));
#6626 = PLANE('',#6627);
#6627 = AXIS2_PLACEMENT_3D('',#6628,#6629,#6630);
#6628 = CARTESIAN_POINT('',(0.75,-0.549524476701,7.07980355453E-02));
#6629 = DIRECTION('',(1.,-1.224646799147E-16,-0.));
#6630 = DIRECTION('',(-0.,0.,-1.));
#6631 = ADVANCED_FACE('',(#6632),#6643,.F.);
#6632 = FACE_BOUND('',#6633,.F.);
#6633 = EDGE_LOOP('',(#6634,#6635,#6641,#6642));
#6634 = ORIENTED_EDGE('',*,*,#6074,.T.);
#6635 = ORIENTED_EDGE('',*,*,#6636,.T.);
#6636 = EDGE_CURVE('',#6067,#6299,#6637,.T.);
#6637 = LINE('',#6638,#6639);
#6638 = CARTESIAN_POINT('',(1.25,-2.8,0.));
#6639 = VECTOR('',#6640,1.);
#6640 = DIRECTION('',(1.224646799147E-16,1.,0.));
#6641 = ORIENTED_EDGE('',*,*,#6298,.T.);
#6642 = ORIENTED_EDGE('',*,*,#6621,.F.);
#6643 = PLANE('',#6644);
#6644 = AXIS2_PLACEMENT_3D('',#6645,#6646,#6647);
#6645 = CARTESIAN_POINT('',(1.,-0.55,0.));
#6646 = DIRECTION('',(0.,0.,1.));
#6647 = DIRECTION('',(-1.,1.224646799147E-16,0.));
#6648 = ADVANCED_FACE('',(#6649),#6676,.T.);
#6649 = FACE_BOUND('',#6650,.T.);
#6650 = EDGE_LOOP('',(#6651,#6652,#6660,#6668,#6674,#6675));
#6651 = ORIENTED_EDGE('',*,*,#6306,.T.);
#6652 = ORIENTED_EDGE('',*,*,#6653,.T.);
#6653 = EDGE_CURVE('',#6307,#6654,#6656,.T.);
#6654 = VERTEX_POINT('',#6655);
#6655 = CARTESIAN_POINT('',(1.25,0.5,0.1));
#6656 = LINE('',#6657,#6658);
#6657 = CARTESIAN_POINT('',(1.25,1.7,0.2));
#6658 = VECTOR('',#6659,1.);
#6659 = DIRECTION('',(-1.220416573038E-16,-0.996545758245,
    -8.304547985373E-02));
#6660 = ORIENTED_EDGE('',*,*,#6661,.T.);
#6661 = EDGE_CURVE('',#6654,#6662,#6664,.T.);
#6662 = VERTEX_POINT('',#6663);
#6663 = CARTESIAN_POINT('',(1.25,-0.5,0.1));
#6664 = LINE('',#6665,#6666);
#6665 = CARTESIAN_POINT('',(1.25,0.5,0.1));
#6666 = VECTOR('',#6667,1.);
#6667 = DIRECTION('',(-1.224646799147E-16,-1.,0.));
#6668 = ORIENTED_EDGE('',*,*,#6669,.T.);
#6669 = EDGE_CURVE('',#6662,#6059,#6670,.T.);
#6670 = LINE('',#6671,#6672);
#6671 = CARTESIAN_POINT('',(1.25,-0.5,0.1));
#6672 = VECTOR('',#6673,1.);
#6673 = DIRECTION('',(-1.223490926498E-16,-0.999056158355,
    4.343722427631E-02));
#6674 = ORIENTED_EDGE('',*,*,#6066,.T.);
#6675 = ORIENTED_EDGE('',*,*,#6636,.T.);
#6676 = PLANE('',#6677);
#6677 = AXIS2_PLACEMENT_3D('',#6678,#6679,#6680);
#6678 = CARTESIAN_POINT('',(1.25,-0.549524476701,7.07980355453E-02));
#6679 = DIRECTION('',(1.,-1.224646799147E-16,-0.));
#6680 = DIRECTION('',(-0.,0.,-1.));
#6681 = ADVANCED_FACE('',(#6682),#6693,.F.);
#6682 = FACE_BOUND('',#6683,.F.);
#6683 = EDGE_LOOP('',(#6684,#6690,#6691,#6692));
#6684 = ORIENTED_EDGE('',*,*,#6685,.T.);
#6685 = EDGE_CURVE('',#6129,#6662,#6686,.T.);
#6686 = LINE('',#6687,#6688);
#6687 = CARTESIAN_POINT('',(2.75,-0.5,0.1));
#6688 = VECTOR('',#6689,1.);
#6689 = DIRECTION('',(-1.,1.224646799147E-16,0.));
#6690 = ORIENTED_EDGE('',*,*,#6669,.T.);
#6691 = ORIENTED_EDGE('',*,*,#6058,.F.);
#6692 = ORIENTED_EDGE('',*,*,#6136,.F.);
#6693 = PLANE('',#6694);
#6694 = AXIS2_PLACEMENT_3D('',#6695,#6696,#6697);
#6695 = CARTESIAN_POINT('',(2.75,-0.5,0.1));
#6696 = DIRECTION('',(5.319525767383E-18,4.343722427631E-02,
    0.999056158355));
#6697 = DIRECTION('',(-1.223490926498E-16,-0.999056158355,
    4.343722427631E-02));
#6698 = ADVANCED_FACE('',(#6699),#6736,.F.);
#6699 = FACE_BOUND('',#6700,.F.);
#6700 = EDGE_LOOP('',(#6701,#6702,#6703,#6711,#6719,#6728,#6734,#6735));
#6701 = ORIENTED_EDGE('',*,*,#6533,.F.);
#6702 = ORIENTED_EDGE('',*,*,#6258,.T.);
#6703 = ORIENTED_EDGE('',*,*,#6704,.T.);
#6704 = EDGE_CURVE('',#6251,#6705,#6707,.T.);
#6705 = VERTEX_POINT('',#6706);
#6706 = CARTESIAN_POINT('',(-1.95,0.2,6.));
#6707 = LINE('',#6708,#6709);
#6708 = CARTESIAN_POINT('',(-1.95,1.7,6.));
#6709 = VECTOR('',#6710,1.);
#6710 = DIRECTION('',(-1.224646799147E-16,-1.,0.));
#6711 = ORIENTED_EDGE('',*,*,#6712,.T.);
#6712 = EDGE_CURVE('',#6705,#6713,#6715,.T.);
#6713 = VERTEX_POINT('',#6714);
#6714 = CARTESIAN_POINT('',(-1.95,0.2,4.4));
#6715 = LINE('',#6716,#6717);
#6716 = CARTESIAN_POINT('',(-1.95,0.2,3.));
#6717 = VECTOR('',#6718,1.);
#6718 = DIRECTION('',(-0.,0.,-1.));
#6719 = ORIENTED_EDGE('',*,*,#6720,.F.);
#6720 = EDGE_CURVE('',#6721,#6713,#6723,.T.);
#6721 = VERTEX_POINT('',#6722);
#6722 = CARTESIAN_POINT('',(-1.95,-0.6,4.4));
#6723 = CIRCLE('',#6724,0.4);
#6724 = AXIS2_PLACEMENT_3D('',#6725,#6726,#6727);
#6725 = CARTESIAN_POINT('',(-1.95,-0.2,4.4));
#6726 = DIRECTION('',(1.,-1.224646799147E-16,0.));
#6727 = DIRECTION('',(1.224646799147E-16,1.,0.));
#6728 = ORIENTED_EDGE('',*,*,#6729,.T.);
#6729 = EDGE_CURVE('',#6721,#6503,#6730,.T.);
#6730 = LINE('',#6731,#6732);
#6731 = CARTESIAN_POINT('',(-1.95,-0.6,2.2));
#6732 = VECTOR('',#6733,1.);
#6733 = DIRECTION('',(0.,0.,1.));
#6734 = ORIENTED_EDGE('',*,*,#6510,.T.);
#6735 = ORIENTED_EDGE('',*,*,#6034,.F.);
#6736 = PLANE('',#6737);
#6737 = AXIS2_PLACEMENT_3D('',#6738,#6739,#6740);
#6738 = CARTESIAN_POINT('',(-1.95,1.7,0.));
#6739 = DIRECTION('',(1.,-1.224646799147E-16,0.));
#6740 = DIRECTION('',(-1.224646799147E-16,-1.,0.));
#6741 = ADVANCED_FACE('',(#6742),#6753,.F.);
#6742 = FACE_BOUND('',#6743,.F.);
#6743 = EDGE_LOOP('',(#6744,#6745,#6746,#6752));
#6744 = ORIENTED_EDGE('',*,*,#6314,.T.);
#6745 = ORIENTED_EDGE('',*,*,#6653,.T.);
#6746 = ORIENTED_EDGE('',*,*,#6747,.F.);
#6747 = EDGE_CURVE('',#6121,#6654,#6748,.T.);
#6748 = LINE('',#6749,#6750);
#6749 = CARTESIAN_POINT('',(2.75,0.5,0.1));
#6750 = VECTOR('',#6751,1.);
#6751 = DIRECTION('',(-1.,1.224646799147E-16,0.));
#6752 = ORIENTED_EDGE('',*,*,#6120,.F.);
#6753 = PLANE('',#6754);
#6754 = AXIS2_PLACEMENT_3D('',#6755,#6756,#6757);
#6755 = CARTESIAN_POINT('',(2.75,1.7,0.2));
#6756 = DIRECTION('',(-1.017013810865E-17,-8.304547985373E-02,
    0.996545758245));
#6757 = DIRECTION('',(-1.220416573038E-16,-0.996545758245,
    -8.304547985373E-02));
#6758 = ADVANCED_FACE('',(#6759,#6765),#6799,.F.);
#6759 = FACE_BOUND('',#6760,.F.);
#6760 = EDGE_LOOP('',(#6761,#6762,#6763,#6764));
#6761 = ORIENTED_EDGE('',*,*,#6747,.T.);
#6762 = ORIENTED_EDGE('',*,*,#6661,.T.);
#6763 = ORIENTED_EDGE('',*,*,#6685,.F.);
#6764 = ORIENTED_EDGE('',*,*,#6128,.F.);
#6765 = FACE_BOUND('',#6766,.F.);
#6766 = EDGE_LOOP('',(#6767,#6777,#6785,#6793));
#6767 = ORIENTED_EDGE('',*,*,#6768,.T.);
#6768 = EDGE_CURVE('',#6769,#6771,#6773,.T.);
#6769 = VERTEX_POINT('',#6770);
#6770 = CARTESIAN_POINT('',(1.75,0.25,0.1));
#6771 = VERTEX_POINT('',#6772);
#6772 = CARTESIAN_POINT('',(2.25,0.25,0.1));
#6773 = LINE('',#6774,#6775);
#6774 = CARTESIAN_POINT('',(2.5,0.25,0.1));
#6775 = VECTOR('',#6776,1.);
#6776 = DIRECTION('',(1.,-1.224646799147E-16,0.));
#6777 = ORIENTED_EDGE('',*,*,#6778,.T.);
#6778 = EDGE_CURVE('',#6771,#6779,#6781,.T.);
#6779 = VERTEX_POINT('',#6780);
#6780 = CARTESIAN_POINT('',(2.25,-0.25,0.1));
#6781 = LINE('',#6782,#6783);
#6782 = CARTESIAN_POINT('',(2.25,0.271633216363,0.1));
#6783 = VECTOR('',#6784,1.);
#6784 = DIRECTION('',(-1.224646799147E-16,-1.,0.));
#6785 = ORIENTED_EDGE('',*,*,#6786,.T.);
#6786 = EDGE_CURVE('',#6779,#6787,#6789,.T.);
#6787 = VERTEX_POINT('',#6788);
#6788 = CARTESIAN_POINT('',(1.75,-0.25,0.1));
#6789 = LINE('',#6790,#6791);
#6790 = CARTESIAN_POINT('',(2.5,-0.25,0.1));
#6791 = VECTOR('',#6792,1.);
#6792 = DIRECTION('',(-1.,1.224646799147E-16,0.));
#6793 = ORIENTED_EDGE('',*,*,#6794,.F.);
#6794 = EDGE_CURVE('',#6769,#6787,#6795,.T.);
#6795 = LINE('',#6796,#6797);
#6796 = CARTESIAN_POINT('',(1.75,0.271633216363,0.1));
#6797 = VECTOR('',#6798,1.);
#6798 = DIRECTION('',(-1.224646799147E-16,-1.,0.));
#6799 = PLANE('',#6800);
#6800 = AXIS2_PLACEMENT_3D('',#6801,#6802,#6803);
#6801 = CARTESIAN_POINT('',(2.75,0.5,0.1));
#6802 = DIRECTION('',(0.,0.,1.));
#6803 = DIRECTION('',(-1.224646799147E-16,-1.,0.));
#6804 = ADVANCED_FACE('',(#6805),#6816,.F.);
#6805 = FACE_BOUND('',#6806,.F.);
#6806 = EDGE_LOOP('',(#6807,#6808,#6809,#6815));
#6807 = ORIENTED_EDGE('',*,*,#6282,.T.);
#6808 = ORIENTED_EDGE('',*,*,#6548,.T.);
#6809 = ORIENTED_EDGE('',*,*,#6810,.F.);
#6810 = EDGE_CURVE('',#6606,#6549,#6811,.T.);
#6811 = LINE('',#6812,#6813);
#6812 = CARTESIAN_POINT('',(0.75,0.5,0.1));
#6813 = VECTOR('',#6814,1.);
#6814 = DIRECTION('',(-1.,1.224646799147E-16,0.));
#6815 = ORIENTED_EDGE('',*,*,#6605,.F.);
#6816 = PLANE('',#6817);
#6817 = AXIS2_PLACEMENT_3D('',#6818,#6819,#6820);
#6818 = CARTESIAN_POINT('',(0.75,1.7,0.2));
#6819 = DIRECTION('',(-1.017013810865E-17,-8.304547985373E-02,
    0.996545758245));
#6820 = DIRECTION('',(-1.220416573038E-16,-0.996545758245,
    -8.304547985373E-02));
#6821 = ADVANCED_FACE('',(#6822),#6879,.T.);
#6822 = FACE_BOUND('',#6823,.T.);
#6823 = EDGE_LOOP('',(#6824,#6832,#6833,#6841,#6849,#6855,#6856,#6857,
    #6865,#6873));
#6824 = ORIENTED_EDGE('',*,*,#6825,.F.);
#6825 = EDGE_CURVE('',#6179,#6826,#6828,.T.);
#6826 = VERTEX_POINT('',#6827);
#6827 = CARTESIAN_POINT('',(0.55,1.1,6.));
#6828 = LINE('',#6829,#6830);
#6829 = CARTESIAN_POINT('',(0.55,1.7,6.));
#6830 = VECTOR('',#6831,1.);
#6831 = DIRECTION('',(-1.224646799147E-16,-1.,0.));
#6832 = ORIENTED_EDGE('',*,*,#6186,.T.);
#6833 = ORIENTED_EDGE('',*,*,#6834,.T.);
#6834 = EDGE_CURVE('',#6187,#6835,#6837,.T.);
#6835 = VERTEX_POINT('',#6836);
#6836 = CARTESIAN_POINT('',(-0.45,1.75,6.));
#6837 = LINE('',#6838,#6839);
#6838 = CARTESIAN_POINT('',(-0.45,1.7,6.));
#6839 = VECTOR('',#6840,1.);
#6840 = DIRECTION('',(1.224646799147E-16,1.,0.));
#6841 = ORIENTED_EDGE('',*,*,#6842,.T.);
#6842 = EDGE_CURVE('',#6835,#6843,#6845,.T.);
#6843 = VERTEX_POINT('',#6844);
#6844 = CARTESIAN_POINT('',(-0.95,1.75,6.));
#6845 = LINE('',#6846,#6847);
#6846 = CARTESIAN_POINT('',(-0.45,1.75,6.));
#6847 = VECTOR('',#6848,1.);
#6848 = DIRECTION('',(-1.,1.224646799147E-16,0.));
#6849 = ORIENTED_EDGE('',*,*,#6850,.T.);
#6850 = EDGE_CURVE('',#6843,#6243,#6851,.T.);
#6851 = LINE('',#6852,#6853);
#6852 = CARTESIAN_POINT('',(-0.95,1.75,6.));
#6853 = VECTOR('',#6854,1.);
#6854 = DIRECTION('',(-1.224646799147E-16,-1.,0.));
#6855 = ORIENTED_EDGE('',*,*,#6250,.T.);
#6856 = ORIENTED_EDGE('',*,*,#6704,.T.);
#6857 = ORIENTED_EDGE('',*,*,#6858,.F.);
#6858 = EDGE_CURVE('',#6859,#6705,#6861,.T.);
#6859 = VERTEX_POINT('',#6860);
#6860 = CARTESIAN_POINT('',(-1.45,0.2,6.));
#6861 = LINE('',#6862,#6863);
#6862 = CARTESIAN_POINT('',(3.95,0.2,6.));
#6863 = VECTOR('',#6864,1.);
#6864 = DIRECTION('',(-1.,1.224646799147E-16,0.));
#6865 = ORIENTED_EDGE('',*,*,#6866,.F.);
#6866 = EDGE_CURVE('',#6867,#6859,#6869,.T.);
#6867 = VERTEX_POINT('',#6868);
#6868 = CARTESIAN_POINT('',(-1.45,1.1,6.));
#6869 = LINE('',#6870,#6871);
#6870 = CARTESIAN_POINT('',(-1.45,1.1,6.));
#6871 = VECTOR('',#6872,1.);
#6872 = DIRECTION('',(-1.224646799147E-16,-1.,0.));
#6873 = ORIENTED_EDGE('',*,*,#6874,.F.);
#6874 = EDGE_CURVE('',#6826,#6867,#6875,.T.);
#6875 = LINE('',#6876,#6877);
#6876 = CARTESIAN_POINT('',(3.45,1.1,6.));
#6877 = VECTOR('',#6878,1.);
#6878 = DIRECTION('',(-1.,1.224646799147E-16,0.));
#6879 = PLANE('',#6880);
#6880 = AXIS2_PLACEMENT_3D('',#6881,#6882,#6883);
#6881 = CARTESIAN_POINT('',(-0.922222222222,1.18487654321,6.));
#6882 = DIRECTION('',(0.,0.,1.));
#6883 = DIRECTION('',(-1.,1.224646799147E-16,0.));
#6884 = ADVANCED_FACE('',(#6885),#6903,.F.);
#6885 = FACE_BOUND('',#6886,.F.);
#6886 = EDGE_LOOP('',(#6887,#6895,#6896,#6897));
#6887 = ORIENTED_EDGE('',*,*,#6888,.T.);
#6888 = EDGE_CURVE('',#6889,#6843,#6891,.T.);
#6889 = VERTEX_POINT('',#6890);
#6890 = CARTESIAN_POINT('',(-0.95,1.75,4.2));
#6891 = LINE('',#6892,#6893);
#6892 = CARTESIAN_POINT('',(-0.95,1.75,4.2));
#6893 = VECTOR('',#6894,1.);
#6894 = DIRECTION('',(0.,0.,1.));
#6895 = ORIENTED_EDGE('',*,*,#6850,.T.);
#6896 = ORIENTED_EDGE('',*,*,#6242,.F.);
#6897 = ORIENTED_EDGE('',*,*,#6898,.F.);
#6898 = EDGE_CURVE('',#6889,#6235,#6899,.T.);
#6899 = LINE('',#6900,#6901);
#6900 = CARTESIAN_POINT('',(-0.95,1.75,4.2));
#6901 = VECTOR('',#6902,1.);
#6902 = DIRECTION('',(-1.224646799147E-16,-1.,0.));
#6903 = PLANE('',#6904);
#6904 = AXIS2_PLACEMENT_3D('',#6905,#6906,#6907);
#6905 = CARTESIAN_POINT('',(-0.95,1.75,4.2));
#6906 = DIRECTION('',(1.,-1.224646799147E-16,0.));
#6907 = DIRECTION('',(-1.224646799147E-16,-1.,0.));
#6908 = ADVANCED_FACE('',(#6909),#6950,.T.);
#6909 = FACE_BOUND('',#6910,.T.);
#6910 = EDGE_LOOP('',(#6911,#6912,#6920,#6928,#6934,#6935,#6936,#6944));
#6911 = ORIENTED_EDGE('',*,*,#6202,.F.);
#6912 = ORIENTED_EDGE('',*,*,#6913,.T.);
#6913 = EDGE_CURVE('',#6203,#6914,#6916,.T.);
#6914 = VERTEX_POINT('',#6915);
#6915 = CARTESIAN_POINT('',(-0.4,1.1,4.2));
#6916 = LINE('',#6917,#6918);
#6917 = CARTESIAN_POINT('',(-0.4,1.7,4.2));
#6918 = VECTOR('',#6919,1.);
#6919 = DIRECTION('',(-1.224646799147E-16,-1.,0.));
#6920 = ORIENTED_EDGE('',*,*,#6921,.T.);
#6921 = EDGE_CURVE('',#6914,#6922,#6924,.T.);
#6922 = VERTEX_POINT('',#6923);
#6923 = CARTESIAN_POINT('',(-1.4,1.1,4.2));
#6924 = LINE('',#6925,#6926);
#6925 = CARTESIAN_POINT('',(1.525,1.1,4.2));
#6926 = VECTOR('',#6927,1.);
#6927 = DIRECTION('',(-1.,1.224646799147E-16,0.));
#6928 = ORIENTED_EDGE('',*,*,#6929,.F.);
#6929 = EDGE_CURVE('',#6227,#6922,#6930,.T.);
#6930 = LINE('',#6931,#6932);
#6931 = CARTESIAN_POINT('',(-1.4,1.7,4.2));
#6932 = VECTOR('',#6933,1.);
#6933 = DIRECTION('',(-1.224646799147E-16,-1.,0.));
#6934 = ORIENTED_EDGE('',*,*,#6234,.F.);
#6935 = ORIENTED_EDGE('',*,*,#6898,.F.);
#6936 = ORIENTED_EDGE('',*,*,#6937,.F.);
#6937 = EDGE_CURVE('',#6938,#6889,#6940,.T.);
#6938 = VERTEX_POINT('',#6939);
#6939 = CARTESIAN_POINT('',(-0.45,1.75,4.2));
#6940 = LINE('',#6941,#6942);
#6941 = CARTESIAN_POINT('',(-0.45,1.75,4.2));
#6942 = VECTOR('',#6943,1.);
#6943 = DIRECTION('',(-1.,1.224646799147E-16,0.));
#6944 = ORIENTED_EDGE('',*,*,#6945,.F.);
#6945 = EDGE_CURVE('',#6195,#6938,#6946,.T.);
#6946 = LINE('',#6947,#6948);
#6947 = CARTESIAN_POINT('',(-0.45,1.7,4.2));
#6948 = VECTOR('',#6949,1.);
#6949 = DIRECTION('',(1.224646799147E-16,1.,0.));
#6950 = PLANE('',#6951);
#6951 = AXIS2_PLACEMENT_3D('',#6952,#6953,#6954);
#6952 = CARTESIAN_POINT('',(-0.893939393939,1.417424242424,4.2));
#6953 = DIRECTION('',(-2.590322521168E-30,-2.221330562073E-31,-1.));
#6954 = DIRECTION('',(1.,-1.224646799147E-16,-2.590322521168E-30));
#6955 = ADVANCED_FACE('',(#6956),#6974,.T.);
#6956 = FACE_BOUND('',#6957,.T.);
#6957 = EDGE_LOOP('',(#6958,#6959,#6960,#6968));
#6958 = ORIENTED_EDGE('',*,*,#6226,.F.);
#6959 = ORIENTED_EDGE('',*,*,#6929,.T.);
#6960 = ORIENTED_EDGE('',*,*,#6961,.T.);
#6961 = EDGE_CURVE('',#6922,#6962,#6964,.T.);
#6962 = VERTEX_POINT('',#6963);
#6963 = CARTESIAN_POINT('',(-1.4,1.1,2.4));
#6964 = LINE('',#6965,#6966);
#6965 = CARTESIAN_POINT('',(-1.4,1.1,5.1));
#6966 = VECTOR('',#6967,1.);
#6967 = DIRECTION('',(-0.,0.,-1.));
#6968 = ORIENTED_EDGE('',*,*,#6969,.F.);
#6969 = EDGE_CURVE('',#6219,#6962,#6970,.T.);
#6970 = LINE('',#6971,#6972);
#6971 = CARTESIAN_POINT('',(-1.4,1.7,2.4));
#6972 = VECTOR('',#6973,1.);
#6973 = DIRECTION('',(-1.224646799147E-16,-1.,0.));
#6974 = PLANE('',#6975);
#6975 = AXIS2_PLACEMENT_3D('',#6976,#6977,#6978);
#6976 = CARTESIAN_POINT('',(-1.4,1.7,4.2));
#6977 = DIRECTION('',(1.,-1.224646799147E-16,-0.));
#6978 = DIRECTION('',(-0.,0.,-1.));
#6979 = ADVANCED_FACE('',(#6980),#6998,.T.);
#6980 = FACE_BOUND('',#6981,.T.);
#6981 = EDGE_LOOP('',(#6982,#6983,#6984,#6992));
#6982 = ORIENTED_EDGE('',*,*,#6218,.F.);
#6983 = ORIENTED_EDGE('',*,*,#6969,.T.);
#6984 = ORIENTED_EDGE('',*,*,#6985,.T.);
#6985 = EDGE_CURVE('',#6962,#6986,#6988,.T.);
#6986 = VERTEX_POINT('',#6987);
#6987 = CARTESIAN_POINT('',(-0.4,1.1,2.4));
#6988 = LINE('',#6989,#6990);
#6989 = CARTESIAN_POINT('',(1.025,1.1,2.4));
#6990 = VECTOR('',#6991,1.);
#6991 = DIRECTION('',(1.,-1.224646799147E-16,0.));
#6992 = ORIENTED_EDGE('',*,*,#6993,.F.);
#6993 = EDGE_CURVE('',#6211,#6986,#6994,.T.);
#6994 = LINE('',#6995,#6996);
#6995 = CARTESIAN_POINT('',(-0.4,1.7,2.4));
#6996 = VECTOR('',#6997,1.);
#6997 = DIRECTION('',(-1.224646799147E-16,-1.,0.));
#6998 = PLANE('',#6999);
#6999 = AXIS2_PLACEMENT_3D('',#7000,#7001,#7002);
#7000 = CARTESIAN_POINT('',(-1.4,1.7,2.4));
#7001 = DIRECTION('',(0.,0.,1.));
#7002 = DIRECTION('',(1.,-1.224646799147E-16,0.));
#7003 = ADVANCED_FACE('',(#7004),#7015,.T.);
#7004 = FACE_BOUND('',#7005,.T.);
#7005 = EDGE_LOOP('',(#7006,#7007,#7008,#7014));
#7006 = ORIENTED_EDGE('',*,*,#6210,.F.);
#7007 = ORIENTED_EDGE('',*,*,#6993,.T.);
#7008 = ORIENTED_EDGE('',*,*,#7009,.T.);
#7009 = EDGE_CURVE('',#6986,#6914,#7010,.T.);
#7010 = LINE('',#7011,#7012);
#7011 = CARTESIAN_POINT('',(-0.4,1.1,4.2));
#7012 = VECTOR('',#7013,1.);
#7013 = DIRECTION('',(0.,0.,1.));
#7014 = ORIENTED_EDGE('',*,*,#6913,.F.);
#7015 = PLANE('',#7016);
#7016 = AXIS2_PLACEMENT_3D('',#7017,#7018,#7019);
#7017 = CARTESIAN_POINT('',(-0.4,1.7,2.4));
#7018 = DIRECTION('',(-1.,1.224646799147E-16,0.));
#7019 = DIRECTION('',(0.,0.,1.));
#7020 = ADVANCED_FACE('',(#7021),#7032,.F.);
#7021 = FACE_BOUND('',#7022,.F.);
#7022 = EDGE_LOOP('',(#7023,#7024,#7025,#7031));
#7023 = ORIENTED_EDGE('',*,*,#6194,.T.);
#7024 = ORIENTED_EDGE('',*,*,#6834,.T.);
#7025 = ORIENTED_EDGE('',*,*,#7026,.F.);
#7026 = EDGE_CURVE('',#6938,#6835,#7027,.T.);
#7027 = LINE('',#7028,#7029);
#7028 = CARTESIAN_POINT('',(-0.45,1.75,4.2));
#7029 = VECTOR('',#7030,1.);
#7030 = DIRECTION('',(0.,0.,1.));
#7031 = ORIENTED_EDGE('',*,*,#6945,.F.);
#7032 = PLANE('',#7033);
#7033 = AXIS2_PLACEMENT_3D('',#7034,#7035,#7036);
#7034 = CARTESIAN_POINT('',(-0.45,1.7,4.2));
#7035 = DIRECTION('',(-1.,1.224646799147E-16,0.));
#7036 = DIRECTION('',(1.224646799147E-16,1.,0.));
#7037 = ADVANCED_FACE('',(#7038),#7056,.F.);
#7038 = FACE_BOUND('',#7039,.F.);
#7039 = EDGE_LOOP('',(#7040,#7041,#7049,#7055));
#7040 = ORIENTED_EDGE('',*,*,#6178,.F.);
#7041 = ORIENTED_EDGE('',*,*,#7042,.T.);
#7042 = EDGE_CURVE('',#6171,#7043,#7045,.T.);
#7043 = VERTEX_POINT('',#7044);
#7044 = CARTESIAN_POINT('',(0.55,1.1,2.1));
#7045 = LINE('',#7046,#7047);
#7046 = CARTESIAN_POINT('',(0.55,1.7,2.1));
#7047 = VECTOR('',#7048,1.);
#7048 = DIRECTION('',(-1.224646799147E-16,-1.,0.));
#7049 = ORIENTED_EDGE('',*,*,#7050,.T.);
#7050 = EDGE_CURVE('',#7043,#6826,#7051,.T.);
#7051 = LINE('',#7052,#7053);
#7052 = CARTESIAN_POINT('',(0.55,1.1,4.05));
#7053 = VECTOR('',#7054,1.);
#7054 = DIRECTION('',(0.,0.,1.));
#7055 = ORIENTED_EDGE('',*,*,#6825,.F.);
#7056 = PLANE('',#7057);
#7057 = AXIS2_PLACEMENT_3D('',#7058,#7059,#7060);
#7058 = CARTESIAN_POINT('',(0.55,1.7,2.1));
#7059 = DIRECTION('',(-1.,1.224646799147E-16,0.));
#7060 = DIRECTION('',(0.,0.,1.));
#7061 = ADVANCED_FACE('',(#7062),#7080,.F.);
#7062 = FACE_BOUND('',#7063,.F.);
#7063 = EDGE_LOOP('',(#7064,#7065,#7073,#7079));
#7064 = ORIENTED_EDGE('',*,*,#6170,.F.);
#7065 = ORIENTED_EDGE('',*,*,#7066,.T.);
#7066 = EDGE_CURVE('',#6163,#7067,#7069,.T.);
#7067 = VERTEX_POINT('',#7068);
#7068 = CARTESIAN_POINT('',(1.45,1.1,2.1));
#7069 = LINE('',#7070,#7071);
#7070 = CARTESIAN_POINT('',(1.45,1.7,2.1));
#7071 = VECTOR('',#7072,1.);
#7072 = DIRECTION('',(-1.224646799147E-16,-1.,0.));
#7073 = ORIENTED_EDGE('',*,*,#7074,.T.);
#7074 = EDGE_CURVE('',#7067,#7043,#7075,.T.);
#7075 = LINE('',#7076,#7077);
#7076 = CARTESIAN_POINT('',(2.45,1.1,2.1));
#7077 = VECTOR('',#7078,1.);
#7078 = DIRECTION('',(-1.,1.224646799147E-16,0.));
#7079 = ORIENTED_EDGE('',*,*,#7042,.F.);
#7080 = PLANE('',#7081);
#7081 = AXIS2_PLACEMENT_3D('',#7082,#7083,#7084);
#7082 = CARTESIAN_POINT('',(1.45,1.7,2.1));
#7083 = DIRECTION('',(-0.,0.,-1.));
#7084 = DIRECTION('',(-1.,1.224646799147E-16,0.));
#7085 = ADVANCED_FACE('',(#7086),#7097,.F.);
#7086 = FACE_BOUND('',#7087,.F.);
#7087 = EDGE_LOOP('',(#7088,#7089,#7090,#7096));
#7088 = ORIENTED_EDGE('',*,*,#6162,.F.);
#7089 = ORIENTED_EDGE('',*,*,#6373,.T.);
#7090 = ORIENTED_EDGE('',*,*,#7091,.T.);
#7091 = EDGE_CURVE('',#6374,#7067,#7092,.T.);
#7092 = LINE('',#7093,#7094);
#7093 = CARTESIAN_POINT('',(1.45,1.1,6.));
#7094 = VECTOR('',#7095,1.);
#7095 = DIRECTION('',(-0.,0.,-1.));
#7096 = ORIENTED_EDGE('',*,*,#7066,.F.);
#7097 = PLANE('',#7098);
#7098 = AXIS2_PLACEMENT_3D('',#7099,#7100,#7101);
#7099 = CARTESIAN_POINT('',(1.45,1.7,6.));
#7100 = DIRECTION('',(1.,-1.224646799147E-16,0.));
#7101 = DIRECTION('',(0.,-0.,-1.));
#7102 = ADVANCED_FACE('',(#7103),#7128,.F.);
#7103 = FACE_BOUND('',#7104,.F.);
#7104 = EDGE_LOOP('',(#7105,#7106,#7114,#7122));
#7105 = ORIENTED_EDGE('',*,*,#6323,.F.);
#7106 = ORIENTED_EDGE('',*,*,#7107,.T.);
#7107 = EDGE_CURVE('',#6324,#7108,#7110,.T.);
#7108 = VERTEX_POINT('',#7109);
#7109 = CARTESIAN_POINT('',(2.4,1.1,4.2));
#7110 = LINE('',#7111,#7112);
#7111 = CARTESIAN_POINT('',(2.4,1.7,4.2));
#7112 = VECTOR('',#7113,1.);
#7113 = DIRECTION('',(-1.224646799147E-16,-1.,0.));
#7114 = ORIENTED_EDGE('',*,*,#7115,.T.);
#7115 = EDGE_CURVE('',#7108,#7116,#7118,.T.);
#7116 = VERTEX_POINT('',#7117);
#7117 = CARTESIAN_POINT('',(3.4,1.1,4.2));
#7118 = LINE('',#7119,#7120);
#7119 = CARTESIAN_POINT('',(2.925,1.1,4.2));
#7120 = VECTOR('',#7121,1.);
#7121 = DIRECTION('',(1.,-1.224646799147E-16,0.));
#7122 = ORIENTED_EDGE('',*,*,#7123,.F.);
#7123 = EDGE_CURVE('',#6326,#7116,#7124,.T.);
#7124 = LINE('',#7125,#7126);
#7125 = CARTESIAN_POINT('',(3.4,1.7,4.2));
#7126 = VECTOR('',#7127,1.);
#7127 = DIRECTION('',(-1.224646799147E-16,-1.,0.));
#7128 = PLANE('',#7129);
#7129 = AXIS2_PLACEMENT_3D('',#7130,#7131,#7132);
#7130 = CARTESIAN_POINT('',(2.4,1.7,4.2));
#7131 = DIRECTION('',(0.,0.,1.));
#7132 = DIRECTION('',(1.,-1.224646799147E-16,0.));
#7133 = ADVANCED_FACE('',(#7134),#7152,.F.);
#7134 = FACE_BOUND('',#7135,.F.);
#7135 = EDGE_LOOP('',(#7136,#7137,#7145,#7151));
#7136 = ORIENTED_EDGE('',*,*,#6349,.F.);
#7137 = ORIENTED_EDGE('',*,*,#7138,.T.);
#7138 = EDGE_CURVE('',#6342,#7139,#7141,.T.);
#7139 = VERTEX_POINT('',#7140);
#7140 = CARTESIAN_POINT('',(2.4,1.1,2.4));
#7141 = LINE('',#7142,#7143);
#7142 = CARTESIAN_POINT('',(2.4,1.7,2.4));
#7143 = VECTOR('',#7144,1.);
#7144 = DIRECTION('',(-1.224646799147E-16,-1.,0.));
#7145 = ORIENTED_EDGE('',*,*,#7146,.T.);
#7146 = EDGE_CURVE('',#7139,#7108,#7147,.T.);
#7147 = LINE('',#7148,#7149);
#7148 = CARTESIAN_POINT('',(2.4,1.1,4.2));
#7149 = VECTOR('',#7150,1.);
#7150 = DIRECTION('',(0.,0.,1.));
#7151 = ORIENTED_EDGE('',*,*,#7107,.F.);
#7152 = PLANE('',#7153);
#7153 = AXIS2_PLACEMENT_3D('',#7154,#7155,#7156);
#7154 = CARTESIAN_POINT('',(2.4,1.7,2.4));
#7155 = DIRECTION('',(-1.,1.224646799147E-16,0.));
#7156 = DIRECTION('',(0.,0.,1.));
#7157 = ADVANCED_FACE('',(#7158),#7176,.F.);
#7158 = FACE_BOUND('',#7159,.F.);
#7159 = EDGE_LOOP('',(#7160,#7161,#7162,#7170));
#7160 = ORIENTED_EDGE('',*,*,#6333,.F.);
#7161 = ORIENTED_EDGE('',*,*,#7123,.T.);
#7162 = ORIENTED_EDGE('',*,*,#7163,.T.);
#7163 = EDGE_CURVE('',#7116,#7164,#7166,.T.);
#7164 = VERTEX_POINT('',#7165);
#7165 = CARTESIAN_POINT('',(3.4,1.1,2.4));
#7166 = LINE('',#7167,#7168);
#7167 = CARTESIAN_POINT('',(3.4,1.1,5.1));
#7168 = VECTOR('',#7169,1.);
#7169 = DIRECTION('',(-0.,0.,-1.));
#7170 = ORIENTED_EDGE('',*,*,#7171,.F.);
#7171 = EDGE_CURVE('',#6334,#7164,#7172,.T.);
#7172 = LINE('',#7173,#7174);
#7173 = CARTESIAN_POINT('',(3.4,1.7,2.4));
#7174 = VECTOR('',#7175,1.);
#7175 = DIRECTION('',(-1.224646799147E-16,-1.,0.));
#7176 = PLANE('',#7177);
#7177 = AXIS2_PLACEMENT_3D('',#7178,#7179,#7180);
#7178 = CARTESIAN_POINT('',(3.4,1.7,4.2));
#7179 = DIRECTION('',(1.,-1.224646799147E-16,-0.));
#7180 = DIRECTION('',(-0.,0.,-1.));
#7181 = ADVANCED_FACE('',(#7182),#7193,.F.);
#7182 = FACE_BOUND('',#7183,.F.);
#7183 = EDGE_LOOP('',(#7184,#7185,#7186,#7192));
#7184 = ORIENTED_EDGE('',*,*,#6341,.F.);
#7185 = ORIENTED_EDGE('',*,*,#7171,.T.);
#7186 = ORIENTED_EDGE('',*,*,#7187,.T.);
#7187 = EDGE_CURVE('',#7164,#7139,#7188,.T.);
#7188 = LINE('',#7189,#7190);
#7189 = CARTESIAN_POINT('',(3.425,1.1,2.4));
#7190 = VECTOR('',#7191,1.);
#7191 = DIRECTION('',(-1.,1.224646799147E-16,0.));
#7192 = ORIENTED_EDGE('',*,*,#7138,.F.);
#7193 = PLANE('',#7194);
#7194 = AXIS2_PLACEMENT_3D('',#7195,#7196,#7197);
#7195 = CARTESIAN_POINT('',(3.4,1.7,2.4));
#7196 = DIRECTION('',(-0.,0.,-1.));
#7197 = DIRECTION('',(-1.,1.224646799147E-16,0.));
#7198 = ADVANCED_FACE('',(#7199),#7228,.F.);
#7199 = FACE_BOUND('',#7200,.F.);
#7200 = EDGE_LOOP('',(#7201,#7202,#7210,#7218,#7224,#7225,#7226,#7227));
#7201 = ORIENTED_EDGE('',*,*,#6478,.F.);
#7202 = ORIENTED_EDGE('',*,*,#7203,.T.);
#7203 = EDGE_CURVE('',#6479,#7204,#7206,.T.);
#7204 = VERTEX_POINT('',#7205);
#7205 = CARTESIAN_POINT('',(3.45,-2.3,1.8));
#7206 = LINE('',#7207,#7208);
#7207 = CARTESIAN_POINT('',(3.45,-2.3,6.));
#7208 = VECTOR('',#7209,1.);
#7209 = DIRECTION('',(0.,0.,-1.));
#7210 = ORIENTED_EDGE('',*,*,#7211,.T.);
#7211 = EDGE_CURVE('',#7204,#7212,#7214,.T.);
#7212 = VERTEX_POINT('',#7213);
#7213 = CARTESIAN_POINT('',(3.45,1.1,1.8));
#7214 = LINE('',#7215,#7216);
#7215 = CARTESIAN_POINT('',(3.45,-2.3,1.8));
#7216 = VECTOR('',#7217,1.);
#7217 = DIRECTION('',(1.224646799147E-16,1.,0.));
#7218 = ORIENTED_EDGE('',*,*,#7219,.F.);
#7219 = EDGE_CURVE('',#6382,#7212,#7220,.T.);
#7220 = LINE('',#7221,#7222);
#7221 = CARTESIAN_POINT('',(3.45,1.1,6.));
#7222 = VECTOR('',#7223,1.);
#7223 = DIRECTION('',(0.,0.,-1.));
#7224 = ORIENTED_EDGE('',*,*,#6389,.F.);
#7225 = ORIENTED_EDGE('',*,*,#6405,.T.);
#7226 = ORIENTED_EDGE('',*,*,#6435,.F.);
#7227 = ORIENTED_EDGE('',*,*,#6454,.T.);
#7228 = PLANE('',#7229);
#7229 = AXIS2_PLACEMENT_3D('',#7230,#7231,#7232);
#7230 = CARTESIAN_POINT('',(3.45,-2.3,6.));
#7231 = DIRECTION('',(1.,-1.224646799147E-16,0.));
#7232 = DIRECTION('',(1.224646799147E-16,1.,0.));
#7233 = ADVANCED_FACE('',(#7234,#7256,#7262),#7268,.F.);
#7234 = FACE_BOUND('',#7235,.F.);
#7235 = EDGE_LOOP('',(#7236,#7237,#7238,#7246,#7252,#7253,#7254,#7255));
#7236 = ORIENTED_EDGE('',*,*,#6381,.F.);
#7237 = ORIENTED_EDGE('',*,*,#7219,.T.);
#7238 = ORIENTED_EDGE('',*,*,#7239,.T.);
#7239 = EDGE_CURVE('',#7212,#7240,#7242,.T.);
#7240 = VERTEX_POINT('',#7241);
#7241 = CARTESIAN_POINT('',(-1.45,1.1,1.8));
#7242 = LINE('',#7243,#7244);
#7243 = CARTESIAN_POINT('',(3.45,1.1,1.8));
#7244 = VECTOR('',#7245,1.);
#7245 = DIRECTION('',(-1.,1.224646799147E-16,0.));
#7246 = ORIENTED_EDGE('',*,*,#7247,.F.);
#7247 = EDGE_CURVE('',#6867,#7240,#7248,.T.);
#7248 = LINE('',#7249,#7250);
#7249 = CARTESIAN_POINT('',(-1.45,1.1,6.));
#7250 = VECTOR('',#7251,1.);
#7251 = DIRECTION('',(0.,0.,-1.));
#7252 = ORIENTED_EDGE('',*,*,#6874,.F.);
#7253 = ORIENTED_EDGE('',*,*,#7050,.F.);
#7254 = ORIENTED_EDGE('',*,*,#7074,.F.);
#7255 = ORIENTED_EDGE('',*,*,#7091,.F.);
#7256 = FACE_BOUND('',#7257,.F.);
#7257 = EDGE_LOOP('',(#7258,#7259,#7260,#7261));
#7258 = ORIENTED_EDGE('',*,*,#6921,.T.);
#7259 = ORIENTED_EDGE('',*,*,#6961,.T.);
#7260 = ORIENTED_EDGE('',*,*,#6985,.T.);
#7261 = ORIENTED_EDGE('',*,*,#7009,.T.);
#7262 = FACE_BOUND('',#7263,.F.);
#7263 = EDGE_LOOP('',(#7264,#7265,#7266,#7267));
#7264 = ORIENTED_EDGE('',*,*,#7187,.F.);
#7265 = ORIENTED_EDGE('',*,*,#7163,.F.);
#7266 = ORIENTED_EDGE('',*,*,#7115,.F.);
#7267 = ORIENTED_EDGE('',*,*,#7146,.F.);
#7268 = PLANE('',#7269);
#7269 = AXIS2_PLACEMENT_3D('',#7270,#7271,#7272);
#7270 = CARTESIAN_POINT('',(3.45,1.1,6.));
#7271 = DIRECTION('',(1.224646799147E-16,1.,0.));
#7272 = DIRECTION('',(-1.,1.224646799147E-16,0.));
#7273 = ADVANCED_FACE('',(#7274),#7292,.T.);
#7274 = FACE_BOUND('',#7275,.T.);
#7275 = EDGE_LOOP('',(#7276,#7284,#7290,#7291));
#7276 = ORIENTED_EDGE('',*,*,#7277,.T.);
#7277 = EDGE_CURVE('',#6495,#7278,#7280,.T.);
#7278 = VERTEX_POINT('',#7279);
#7279 = CARTESIAN_POINT('',(-1.45,-0.6,4.4));
#7280 = LINE('',#7281,#7282);
#7281 = CARTESIAN_POINT('',(-1.45,-0.6,5.2));
#7282 = VECTOR('',#7283,1.);
#7283 = DIRECTION('',(-0.,0.,-1.));
#7284 = ORIENTED_EDGE('',*,*,#7285,.T.);
#7285 = EDGE_CURVE('',#7278,#6721,#7286,.T.);
#7286 = LINE('',#7287,#7288);
#7287 = CARTESIAN_POINT('',(3.95,-0.6,4.4));
#7288 = VECTOR('',#7289,1.);
#7289 = DIRECTION('',(-1.,1.224646799147E-16,0.));
#7290 = ORIENTED_EDGE('',*,*,#6729,.T.);
#7291 = ORIENTED_EDGE('',*,*,#6502,.F.);
#7292 = PLANE('',#7293);
#7293 = AXIS2_PLACEMENT_3D('',#7294,#7295,#7296);
#7294 = CARTESIAN_POINT('',(3.95,-0.6,4.4));
#7295 = DIRECTION('',(1.224646799147E-16,1.,0.));
#7296 = DIRECTION('',(0.,-0.,1.));
#7297 = ADVANCED_FACE('',(#7298),#7333,.F.);
#7298 = FACE_BOUND('',#7299,.F.);
#7299 = EDGE_LOOP('',(#7300,#7301,#7302,#7310,#7316,#7317,#7318,#7327));
#7300 = ORIENTED_EDGE('',*,*,#6866,.F.);
#7301 = ORIENTED_EDGE('',*,*,#7247,.T.);
#7302 = ORIENTED_EDGE('',*,*,#7303,.T.);
#7303 = EDGE_CURVE('',#7240,#7304,#7306,.T.);
#7304 = VERTEX_POINT('',#7305);
#7305 = CARTESIAN_POINT('',(-1.45,-2.3,1.8));
#7306 = LINE('',#7307,#7308);
#7307 = CARTESIAN_POINT('',(-1.45,1.1,1.8));
#7308 = VECTOR('',#7309,1.);
#7309 = DIRECTION('',(-1.224646799147E-16,-1.,0.));
#7310 = ORIENTED_EDGE('',*,*,#7311,.F.);
#7311 = EDGE_CURVE('',#6487,#7304,#7312,.T.);
#7312 = LINE('',#7313,#7314);
#7313 = CARTESIAN_POINT('',(-1.45,-2.3,6.));
#7314 = VECTOR('',#7315,1.);
#7315 = DIRECTION('',(0.,0.,-1.));
#7316 = ORIENTED_EDGE('',*,*,#6494,.F.);
#7317 = ORIENTED_EDGE('',*,*,#7277,.T.);
#7318 = ORIENTED_EDGE('',*,*,#7319,.T.);
#7319 = EDGE_CURVE('',#7278,#7320,#7322,.T.);
#7320 = VERTEX_POINT('',#7321);
#7321 = CARTESIAN_POINT('',(-1.45,0.2,4.4));
#7322 = CIRCLE('',#7323,0.4);
#7323 = AXIS2_PLACEMENT_3D('',#7324,#7325,#7326);
#7324 = CARTESIAN_POINT('',(-1.45,-0.2,4.4));
#7325 = DIRECTION('',(1.,-1.224646799147E-16,0.));
#7326 = DIRECTION('',(1.224646799147E-16,1.,0.));
#7327 = ORIENTED_EDGE('',*,*,#7328,.T.);
#7328 = EDGE_CURVE('',#7320,#6859,#7329,.T.);
#7329 = LINE('',#7330,#7331);
#7330 = CARTESIAN_POINT('',(-1.45,0.2,6.));
#7331 = VECTOR('',#7332,1.);
#7332 = DIRECTION('',(0.,0.,1.));
#7333 = PLANE('',#7334);
#7334 = AXIS2_PLACEMENT_3D('',#7335,#7336,#7337);
#7335 = CARTESIAN_POINT('',(-1.45,1.1,6.));
#7336 = DIRECTION('',(-1.,1.224646799147E-16,0.));
#7337 = DIRECTION('',(-1.224646799147E-16,-1.,0.));
#7338 = ADVANCED_FACE('',(#7339),#7382,.F.);
#7339 = FACE_BOUND('',#7340,.F.);
#7340 = EDGE_LOOP('',(#7341,#7342,#7343,#7351,#7359,#7367,#7375,#7381));
#7341 = ORIENTED_EDGE('',*,*,#6486,.F.);
#7342 = ORIENTED_EDGE('',*,*,#7311,.T.);
#7343 = ORIENTED_EDGE('',*,*,#7344,.T.);
#7344 = EDGE_CURVE('',#7304,#7345,#7347,.T.);
#7345 = VERTEX_POINT('',#7346);
#7346 = CARTESIAN_POINT('',(0.8,-2.3,1.8));
#7347 = LINE('',#7348,#7349);
#7348 = CARTESIAN_POINT('',(-1.45,-2.3,1.8));
#7349 = VECTOR('',#7350,1.);
#7350 = DIRECTION('',(1.,-1.224646799147E-16,0.));
#7351 = ORIENTED_EDGE('',*,*,#7352,.T.);
#7352 = EDGE_CURVE('',#7345,#7353,#7355,.T.);
#7353 = VERTEX_POINT('',#7354);
#7354 = CARTESIAN_POINT('',(0.8,-2.3,3.7));
#7355 = LINE('',#7356,#7357);
#7356 = CARTESIAN_POINT('',(0.8,-2.3,1.8));
#7357 = VECTOR('',#7358,1.);
#7358 = DIRECTION('',(0.,0.,1.));
#7359 = ORIENTED_EDGE('',*,*,#7360,.T.);
#7360 = EDGE_CURVE('',#7353,#7361,#7363,.T.);
#7361 = VERTEX_POINT('',#7362);
#7362 = CARTESIAN_POINT('',(1.2,-2.3,3.7));
#7363 = LINE('',#7364,#7365);
#7364 = CARTESIAN_POINT('',(0.8,-2.3,3.7));
#7365 = VECTOR('',#7366,1.);
#7366 = DIRECTION('',(1.,-1.224646799147E-16,0.));
#7367 = ORIENTED_EDGE('',*,*,#7368,.F.);
#7368 = EDGE_CURVE('',#7369,#7361,#7371,.T.);
#7369 = VERTEX_POINT('',#7370);
#7370 = CARTESIAN_POINT('',(1.2,-2.3,1.8));
#7371 = LINE('',#7372,#7373);
#7372 = CARTESIAN_POINT('',(1.2,-2.3,1.8));
#7373 = VECTOR('',#7374,1.);
#7374 = DIRECTION('',(0.,0.,1.));
#7375 = ORIENTED_EDGE('',*,*,#7376,.T.);
#7376 = EDGE_CURVE('',#7369,#7204,#7377,.T.);
#7377 = LINE('',#7378,#7379);
#7378 = CARTESIAN_POINT('',(-1.45,-2.3,1.8));
#7379 = VECTOR('',#7380,1.);
#7380 = DIRECTION('',(1.,-1.224646799147E-16,0.));
#7381 = ORIENTED_EDGE('',*,*,#7203,.F.);
#7382 = PLANE('',#7383);
#7383 = AXIS2_PLACEMENT_3D('',#7384,#7385,#7386);
#7384 = CARTESIAN_POINT('',(-1.45,-2.3,6.));
#7385 = DIRECTION('',(-1.224646799147E-16,-1.,0.));
#7386 = DIRECTION('',(1.,-1.224646799147E-16,0.));
#7387 = ADVANCED_FACE('',(#7388,#7394),#7428,.F.);
#7388 = FACE_BOUND('',#7389,.F.);
#7389 = EDGE_LOOP('',(#7390,#7391,#7392,#7393));
#7390 = ORIENTED_EDGE('',*,*,#6810,.T.);
#7391 = ORIENTED_EDGE('',*,*,#6556,.T.);
#7392 = ORIENTED_EDGE('',*,*,#6580,.F.);
#7393 = ORIENTED_EDGE('',*,*,#6613,.F.);
#7394 = FACE_BOUND('',#7395,.F.);
#7395 = EDGE_LOOP('',(#7396,#7406,#7414,#7422));
#7396 = ORIENTED_EDGE('',*,*,#7397,.T.);
#7397 = EDGE_CURVE('',#7398,#7400,#7402,.T.);
#7398 = VERTEX_POINT('',#7399);
#7399 = CARTESIAN_POINT('',(-0.25,0.25,0.1));
#7400 = VERTEX_POINT('',#7401);
#7401 = CARTESIAN_POINT('',(0.25,0.25,0.1));
#7402 = LINE('',#7403,#7404);
#7403 = CARTESIAN_POINT('',(0.5,0.25,0.1));
#7404 = VECTOR('',#7405,1.);
#7405 = DIRECTION('',(1.,-1.224646799147E-16,0.));
#7406 = ORIENTED_EDGE('',*,*,#7407,.T.);
#7407 = EDGE_CURVE('',#7400,#7408,#7410,.T.);
#7408 = VERTEX_POINT('',#7409);
#7409 = CARTESIAN_POINT('',(0.25,-0.25,0.1));
#7410 = LINE('',#7411,#7412);
#7411 = CARTESIAN_POINT('',(0.25,0.271633216363,0.1));
#7412 = VECTOR('',#7413,1.);
#7413 = DIRECTION('',(-1.224646799147E-16,-1.,0.));
#7414 = ORIENTED_EDGE('',*,*,#7415,.T.);
#7415 = EDGE_CURVE('',#7408,#7416,#7418,.T.);
#7416 = VERTEX_POINT('',#7417);
#7417 = CARTESIAN_POINT('',(-0.25,-0.25,0.1));
#7418 = LINE('',#7419,#7420);
#7419 = CARTESIAN_POINT('',(0.5,-0.25,0.1));
#7420 = VECTOR('',#7421,1.);
#7421 = DIRECTION('',(-1.,1.224646799147E-16,0.));
#7422 = ORIENTED_EDGE('',*,*,#7423,.F.);
#7423 = EDGE_CURVE('',#7398,#7416,#7424,.T.);
#7424 = LINE('',#7425,#7426);
#7425 = CARTESIAN_POINT('',(-0.25,0.271633216363,0.1));
#7426 = VECTOR('',#7427,1.);
#7427 = DIRECTION('',(-1.224646799147E-16,-1.,0.));
#7428 = PLANE('',#7429);
#7429 = AXIS2_PLACEMENT_3D('',#7430,#7431,#7432);
#7430 = CARTESIAN_POINT('',(0.75,0.5,0.1));
#7431 = DIRECTION('',(0.,0.,1.));
#7432 = DIRECTION('',(-1.224646799147E-16,-1.,0.));
#7433 = ADVANCED_FACE('',(#7434),#7445,.F.);
#7434 = FACE_BOUND('',#7435,.F.);
#7435 = EDGE_LOOP('',(#7436,#7437,#7438,#7444));
#7436 = ORIENTED_EDGE('',*,*,#7285,.T.);
#7437 = ORIENTED_EDGE('',*,*,#6720,.T.);
#7438 = ORIENTED_EDGE('',*,*,#7439,.F.);
#7439 = EDGE_CURVE('',#7320,#6713,#7440,.T.);
#7440 = LINE('',#7441,#7442);
#7441 = CARTESIAN_POINT('',(3.95,0.2,4.4));
#7442 = VECTOR('',#7443,1.);
#7443 = DIRECTION('',(-1.,1.224646799147E-16,0.));
#7444 = ORIENTED_EDGE('',*,*,#7319,.F.);
#7445 = CYLINDRICAL_SURFACE('',#7446,0.4);
#7446 = AXIS2_PLACEMENT_3D('',#7447,#7448,#7449);
#7447 = CARTESIAN_POINT('',(3.95,-0.2,4.4));
#7448 = DIRECTION('',(1.,-1.224646799147E-16,-0.));
#7449 = DIRECTION('',(1.224646799147E-16,1.,0.));
#7450 = ADVANCED_FACE('',(#7451),#7457,.T.);
#7451 = FACE_BOUND('',#7452,.T.);
#7452 = EDGE_LOOP('',(#7453,#7454,#7455,#7456));
#7453 = ORIENTED_EDGE('',*,*,#7328,.T.);
#7454 = ORIENTED_EDGE('',*,*,#6858,.T.);
#7455 = ORIENTED_EDGE('',*,*,#6712,.T.);
#7456 = ORIENTED_EDGE('',*,*,#7439,.F.);
#7457 = PLANE('',#7458);
#7458 = AXIS2_PLACEMENT_3D('',#7459,#7460,#7461);
#7459 = CARTESIAN_POINT('',(3.95,0.2,6.));
#7460 = DIRECTION('',(-1.224646799147E-16,-1.,0.));
#7461 = DIRECTION('',(-0.,0.,-1.));
#7462 = ADVANCED_FACE('',(#7463),#7488,.F.);
#7463 = FACE_BOUND('',#7464,.F.);
#7464 = EDGE_LOOP('',(#7465,#7473,#7474,#7482));
#7465 = ORIENTED_EDGE('',*,*,#7466,.F.);
#7466 = EDGE_CURVE('',#6771,#7467,#7469,.T.);
#7467 = VERTEX_POINT('',#7468);
#7468 = CARTESIAN_POINT('',(2.25,0.25,-0.9));
#7469 = LINE('',#7470,#7471);
#7470 = CARTESIAN_POINT('',(2.25,0.25,5.));
#7471 = VECTOR('',#7472,1.);
#7472 = DIRECTION('',(-0.,0.,-1.));
#7473 = ORIENTED_EDGE('',*,*,#6768,.F.);
#7474 = ORIENTED_EDGE('',*,*,#7475,.T.);
#7475 = EDGE_CURVE('',#6769,#7476,#7478,.T.);
#7476 = VERTEX_POINT('',#7477);
#7477 = CARTESIAN_POINT('',(1.75,0.25,-0.9));
#7478 = LINE('',#7479,#7480);
#7479 = CARTESIAN_POINT('',(1.75,0.25,5.));
#7480 = VECTOR('',#7481,1.);
#7481 = DIRECTION('',(-0.,0.,-1.));
#7482 = ORIENTED_EDGE('',*,*,#7483,.F.);
#7483 = EDGE_CURVE('',#7467,#7476,#7484,.T.);
#7484 = LINE('',#7485,#7486);
#7485 = CARTESIAN_POINT('',(2.25,0.25,-0.9));
#7486 = VECTOR('',#7487,1.);
#7487 = DIRECTION('',(-1.,1.224646799147E-16,0.));
#7488 = PLANE('',#7489);
#7489 = AXIS2_PLACEMENT_3D('',#7490,#7491,#7492);
#7490 = CARTESIAN_POINT('',(2.25,0.25,5.));
#7491 = DIRECTION('',(-1.224646799147E-16,-1.,0.));
#7492 = DIRECTION('',(-0.,0.,-1.));
#7493 = ADVANCED_FACE('',(#7494),#7544,.T.);
#7494 = FACE_BOUND('',#7495,.T.);
#7495 = EDGE_LOOP('',(#7496,#7506,#7514,#7522,#7528,#7529,#7530,#7538));
#7496 = ORIENTED_EDGE('',*,*,#7497,.T.);
#7497 = EDGE_CURVE('',#7498,#7500,#7502,.T.);
#7498 = VERTEX_POINT('',#7499);
#7499 = CARTESIAN_POINT('',(1.75,0.281578947368,-3.2));
#7500 = VERTEX_POINT('',#7501);
#7501 = CARTESIAN_POINT('',(1.75,-0.218421052632,-3.2));
#7502 = LINE('',#7503,#7504);
#7503 = CARTESIAN_POINT('',(1.75,0.25,-3.2));
#7504 = VECTOR('',#7505,1.);
#7505 = DIRECTION('',(-1.224646799147E-16,-1.,0.));
#7506 = ORIENTED_EDGE('',*,*,#7507,.T.);
#7507 = EDGE_CURVE('',#7500,#7508,#7510,.T.);
#7508 = VERTEX_POINT('',#7509);
#7509 = CARTESIAN_POINT('',(1.75,5.E-02,-1.5));
#7510 = LINE('',#7511,#7512);
#7511 = CARTESIAN_POINT('',(1.75,-0.25,-3.4));
#7512 = VECTOR('',#7513,1.);
#7513 = DIRECTION('',(1.909990663905E-17,0.155962573473,0.987762965329)
  );
#7514 = ORIENTED_EDGE('',*,*,#7515,.T.);
#7515 = EDGE_CURVE('',#7508,#7516,#7518,.T.);
#7516 = VERTEX_POINT('',#7517);
#7517 = CARTESIAN_POINT('',(1.75,-0.25,-0.9));
#7518 = LINE('',#7519,#7520);
#7519 = CARTESIAN_POINT('',(1.75,5.E-02,-1.5));
#7520 = VECTOR('',#7521,1.);
#7521 = DIRECTION('',(-5.476786982641E-17,-0.4472135955,0.894427191));
#7522 = ORIENTED_EDGE('',*,*,#7523,.T.);
#7523 = EDGE_CURVE('',#7516,#6787,#7524,.T.);
#7524 = LINE('',#7525,#7526);
#7525 = CARTESIAN_POINT('',(1.75,-0.25,-0.9));
#7526 = VECTOR('',#7527,1.);
#7527 = DIRECTION('',(0.,0.,1.));
#7528 = ORIENTED_EDGE('',*,*,#6794,.F.);
#7529 = ORIENTED_EDGE('',*,*,#7475,.T.);
#7530 = ORIENTED_EDGE('',*,*,#7531,.T.);
#7531 = EDGE_CURVE('',#7476,#7532,#7534,.T.);
#7532 = VERTEX_POINT('',#7533);
#7533 = CARTESIAN_POINT('',(1.75,0.55,-1.5));
#7534 = LINE('',#7535,#7536);
#7535 = CARTESIAN_POINT('',(1.75,0.25,-0.9));
#7536 = VECTOR('',#7537,1.);
#7537 = DIRECTION('',(5.476786982641E-17,0.4472135955,-0.894427191));
#7538 = ORIENTED_EDGE('',*,*,#7539,.T.);
#7539 = EDGE_CURVE('',#7532,#7498,#7540,.T.);
#7540 = LINE('',#7541,#7542);
#7541 = CARTESIAN_POINT('',(1.75,0.55,-1.5));
#7542 = VECTOR('',#7543,1.);
#7543 = DIRECTION('',(-1.909990663905E-17,-0.155962573473,
    -0.987762965329));
#7544 = PLANE('',#7545);
#7545 = AXIS2_PLACEMENT_3D('',#7546,#7547,#7548);
#7546 = CARTESIAN_POINT('',(1.75,4.326643272645E-02,0.775746953017));
#7547 = DIRECTION('',(-1.,1.224646799147E-16,0.));
#7548 = DIRECTION('',(0.,0.,1.));
#7549 = ADVANCED_FACE('',(#7550),#7568,.F.);
#7550 = FACE_BOUND('',#7551,.F.);
#7551 = EDGE_LOOP('',(#7552,#7560,#7566,#7567));
#7552 = ORIENTED_EDGE('',*,*,#7553,.F.);
#7553 = EDGE_CURVE('',#7554,#6779,#7556,.T.);
#7554 = VERTEX_POINT('',#7555);
#7555 = CARTESIAN_POINT('',(2.25,-0.25,-0.9));
#7556 = LINE('',#7557,#7558);
#7557 = CARTESIAN_POINT('',(2.25,-0.25,-0.9));
#7558 = VECTOR('',#7559,1.);
#7559 = DIRECTION('',(0.,0.,1.));
#7560 = ORIENTED_EDGE('',*,*,#7561,.T.);
#7561 = EDGE_CURVE('',#7554,#7516,#7562,.T.);
#7562 = LINE('',#7563,#7564);
#7563 = CARTESIAN_POINT('',(2.25,-0.25,-0.9));
#7564 = VECTOR('',#7565,1.);
#7565 = DIRECTION('',(-1.,1.224646799147E-16,0.));
#7566 = ORIENTED_EDGE('',*,*,#7523,.T.);
#7567 = ORIENTED_EDGE('',*,*,#6786,.F.);
#7568 = PLANE('',#7569);
#7569 = AXIS2_PLACEMENT_3D('',#7570,#7571,#7572);
#7570 = CARTESIAN_POINT('',(2.25,-0.25,-0.9));
#7571 = DIRECTION('',(1.224646799147E-16,1.,0.));
#7572 = DIRECTION('',(0.,-0.,1.));
#7573 = ADVANCED_FACE('',(#7574),#7617,.F.);
#7574 = FACE_BOUND('',#7575,.F.);
#7575 = EDGE_LOOP('',(#7576,#7586,#7594,#7600,#7601,#7602,#7603,#7611));
#7576 = ORIENTED_EDGE('',*,*,#7577,.T.);
#7577 = EDGE_CURVE('',#7578,#7580,#7582,.T.);
#7578 = VERTEX_POINT('',#7579);
#7579 = CARTESIAN_POINT('',(2.25,0.281578947368,-3.2));
#7580 = VERTEX_POINT('',#7581);
#7581 = CARTESIAN_POINT('',(2.25,-0.218421052632,-3.2));
#7582 = LINE('',#7583,#7584);
#7583 = CARTESIAN_POINT('',(2.25,0.25,-3.2));
#7584 = VECTOR('',#7585,1.);
#7585 = DIRECTION('',(-1.224646799147E-16,-1.,0.));
#7586 = ORIENTED_EDGE('',*,*,#7587,.T.);
#7587 = EDGE_CURVE('',#7580,#7588,#7590,.T.);
#7588 = VERTEX_POINT('',#7589);
#7589 = CARTESIAN_POINT('',(2.25,5.E-02,-1.5));
#7590 = LINE('',#7591,#7592);
#7591 = CARTESIAN_POINT('',(2.25,-0.25,-3.4));
#7592 = VECTOR('',#7593,1.);
#7593 = DIRECTION('',(1.909990663905E-17,0.155962573473,0.987762965329)
  );
#7594 = ORIENTED_EDGE('',*,*,#7595,.T.);
#7595 = EDGE_CURVE('',#7588,#7554,#7596,.T.);
#7596 = LINE('',#7597,#7598);
#7597 = CARTESIAN_POINT('',(2.25,5.E-02,-1.5));
#7598 = VECTOR('',#7599,1.);
#7599 = DIRECTION('',(-5.476786982641E-17,-0.4472135955,0.894427191));
#7600 = ORIENTED_EDGE('',*,*,#7553,.T.);
#7601 = ORIENTED_EDGE('',*,*,#6778,.F.);
#7602 = ORIENTED_EDGE('',*,*,#7466,.T.);
#7603 = ORIENTED_EDGE('',*,*,#7604,.T.);
#7604 = EDGE_CURVE('',#7467,#7605,#7607,.T.);
#7605 = VERTEX_POINT('',#7606);
#7606 = CARTESIAN_POINT('',(2.25,0.55,-1.5));
#7607 = LINE('',#7608,#7609);
#7608 = CARTESIAN_POINT('',(2.25,0.25,-0.9));
#7609 = VECTOR('',#7610,1.);
#7610 = DIRECTION('',(5.476786982641E-17,0.4472135955,-0.894427191));
#7611 = ORIENTED_EDGE('',*,*,#7612,.T.);
#7612 = EDGE_CURVE('',#7605,#7578,#7613,.T.);
#7613 = LINE('',#7614,#7615);
#7614 = CARTESIAN_POINT('',(2.25,0.55,-1.5));
#7615 = VECTOR('',#7616,1.);
#7616 = DIRECTION('',(-1.909990663905E-17,-0.155962573473,
    -0.987762965329));
#7617 = PLANE('',#7618);
#7618 = AXIS2_PLACEMENT_3D('',#7619,#7620,#7621);
#7619 = CARTESIAN_POINT('',(2.25,4.326643272645E-02,0.775746953017));
#7620 = DIRECTION('',(-1.,1.224646799147E-16,0.));
#7621 = DIRECTION('',(0.,0.,1.));
#7622 = ADVANCED_FACE('',(#7623),#7629,.F.);
#7623 = FACE_BOUND('',#7624,.F.);
#7624 = EDGE_LOOP('',(#7625,#7626,#7627,#7628));
#7625 = ORIENTED_EDGE('',*,*,#7026,.T.);
#7626 = ORIENTED_EDGE('',*,*,#6842,.T.);
#7627 = ORIENTED_EDGE('',*,*,#6888,.F.);
#7628 = ORIENTED_EDGE('',*,*,#6937,.F.);
#7629 = PLANE('',#7630);
#7630 = AXIS2_PLACEMENT_3D('',#7631,#7632,#7633);
#7631 = CARTESIAN_POINT('',(-0.45,1.75,4.2));
#7632 = DIRECTION('',(-1.224646799147E-16,-1.,0.));
#7633 = DIRECTION('',(-1.,1.224646799147E-16,0.));
#7634 = ADVANCED_FACE('',(#7635,#7664,#7698),#7732,.T.);
#7635 = FACE_BOUND('',#7636,.T.);
#7636 = EDGE_LOOP('',(#7637,#7638,#7639,#7640,#7641,#7649,#7657,#7663));
#7637 = ORIENTED_EDGE('',*,*,#7211,.T.);
#7638 = ORIENTED_EDGE('',*,*,#7239,.T.);
#7639 = ORIENTED_EDGE('',*,*,#7303,.T.);
#7640 = ORIENTED_EDGE('',*,*,#7344,.T.);
#7641 = ORIENTED_EDGE('',*,*,#7642,.F.);
#7642 = EDGE_CURVE('',#7643,#7345,#7645,.T.);
#7643 = VERTEX_POINT('',#7644);
#7644 = CARTESIAN_POINT('',(0.8,-2.,1.8));
#7645 = LINE('',#7646,#7647);
#7646 = CARTESIAN_POINT('',(0.8,-2.,1.8));
#7647 = VECTOR('',#7648,1.);
#7648 = DIRECTION('',(-1.224646799147E-16,-1.,0.));
#7649 = ORIENTED_EDGE('',*,*,#7650,.F.);
#7650 = EDGE_CURVE('',#7651,#7643,#7653,.T.);
#7651 = VERTEX_POINT('',#7652);
#7652 = CARTESIAN_POINT('',(1.2,-2.,1.8));
#7653 = LINE('',#7654,#7655);
#7654 = CARTESIAN_POINT('',(1.2,-2.,1.8));
#7655 = VECTOR('',#7656,1.);
#7656 = DIRECTION('',(-1.,1.224646799147E-16,0.));
#7657 = ORIENTED_EDGE('',*,*,#7658,.F.);
#7658 = EDGE_CURVE('',#7369,#7651,#7659,.T.);
#7659 = LINE('',#7660,#7661);
#7660 = CARTESIAN_POINT('',(1.2,-2.3,1.8));
#7661 = VECTOR('',#7662,1.);
#7662 = DIRECTION('',(1.224646799147E-16,1.,0.));
#7663 = ORIENTED_EDGE('',*,*,#7376,.T.);
#7664 = FACE_BOUND('',#7665,.T.);
#7665 = EDGE_LOOP('',(#7666,#7676,#7684,#7692));
#7666 = ORIENTED_EDGE('',*,*,#7667,.T.);
#7667 = EDGE_CURVE('',#7668,#7670,#7672,.T.);
#7668 = VERTEX_POINT('',#7669);
#7669 = CARTESIAN_POINT('',(1.75,0.25,1.8));
#7670 = VERTEX_POINT('',#7671);
#7671 = CARTESIAN_POINT('',(2.25,0.25,1.8));
#7672 = LINE('',#7673,#7674);
#7673 = CARTESIAN_POINT('',(1.625,0.25,1.8));
#7674 = VECTOR('',#7675,1.);
#7675 = DIRECTION('',(1.,-1.224646799147E-16,0.));
#7676 = ORIENTED_EDGE('',*,*,#7677,.T.);
#7677 = EDGE_CURVE('',#7670,#7678,#7680,.T.);
#7678 = VERTEX_POINT('',#7679);
#7679 = CARTESIAN_POINT('',(2.25,-0.25,1.8));
#7680 = LINE('',#7681,#7682);
#7681 = CARTESIAN_POINT('',(2.25,-0.278366783637,1.8));
#7682 = VECTOR('',#7683,1.);
#7683 = DIRECTION('',(-1.224646799147E-16,-1.,0.));
#7684 = ORIENTED_EDGE('',*,*,#7685,.T.);
#7685 = EDGE_CURVE('',#7678,#7686,#7688,.T.);
#7686 = VERTEX_POINT('',#7687);
#7687 = CARTESIAN_POINT('',(1.75,-0.25,1.8));
#7688 = LINE('',#7689,#7690);
#7689 = CARTESIAN_POINT('',(1.625,-0.25,1.8));
#7690 = VECTOR('',#7691,1.);
#7691 = DIRECTION('',(-1.,1.224646799147E-16,0.));
#7692 = ORIENTED_EDGE('',*,*,#7693,.F.);
#7693 = EDGE_CURVE('',#7668,#7686,#7694,.T.);
#7694 = LINE('',#7695,#7696);
#7695 = CARTESIAN_POINT('',(1.75,-0.278366783637,1.8));
#7696 = VECTOR('',#7697,1.);
#7697 = DIRECTION('',(-1.224646799147E-16,-1.,0.));
#7698 = FACE_BOUND('',#7699,.T.);
#7699 = EDGE_LOOP('',(#7700,#7710,#7718,#7726));
#7700 = ORIENTED_EDGE('',*,*,#7701,.T.);
#7701 = EDGE_CURVE('',#7702,#7704,#7706,.T.);
#7702 = VERTEX_POINT('',#7703);
#7703 = CARTESIAN_POINT('',(-0.25,0.25,1.8));
#7704 = VERTEX_POINT('',#7705);
#7705 = CARTESIAN_POINT('',(0.25,0.25,1.8));
#7706 = LINE('',#7707,#7708);
#7707 = CARTESIAN_POINT('',(0.625,0.25,1.8));
#7708 = VECTOR('',#7709,1.);
#7709 = DIRECTION('',(1.,-1.224646799147E-16,0.));
#7710 = ORIENTED_EDGE('',*,*,#7711,.T.);
#7711 = EDGE_CURVE('',#7704,#7712,#7714,.T.);
#7712 = VERTEX_POINT('',#7713);
#7713 = CARTESIAN_POINT('',(0.25,-0.25,1.8));
#7714 = LINE('',#7715,#7716);
#7715 = CARTESIAN_POINT('',(0.25,-0.278366783637,1.8));
#7716 = VECTOR('',#7717,1.);
#7717 = DIRECTION('',(-1.224646799147E-16,-1.,0.));
#7718 = ORIENTED_EDGE('',*,*,#7719,.T.);
#7719 = EDGE_CURVE('',#7712,#7720,#7722,.T.);
#7720 = VERTEX_POINT('',#7721);
#7721 = CARTESIAN_POINT('',(-0.25,-0.25,1.8));
#7722 = LINE('',#7723,#7724);
#7723 = CARTESIAN_POINT('',(0.625,-0.25,1.8));
#7724 = VECTOR('',#7725,1.);
#7725 = DIRECTION('',(-1.,1.224646799147E-16,0.));
#7726 = ORIENTED_EDGE('',*,*,#7727,.F.);
#7727 = EDGE_CURVE('',#7702,#7720,#7728,.T.);
#7728 = LINE('',#7729,#7730);
#7729 = CARTESIAN_POINT('',(-0.25,-0.278366783637,1.8));
#7730 = VECTOR('',#7731,1.);
#7731 = DIRECTION('',(-1.224646799147E-16,-1.,0.));
#7732 = PLANE('',#7733);
#7733 = AXIS2_PLACEMENT_3D('',#7734,#7735,#7736);
#7734 = CARTESIAN_POINT('',(1.,-0.6,1.8));
#7735 = DIRECTION('',(0.,0.,1.));
#7736 = DIRECTION('',(-1.,1.224646799147E-16,0.));
#7737 = ADVANCED_FACE('',(#7738),#7756,.F.);
#7738 = FACE_BOUND('',#7739,.F.);
#7739 = EDGE_LOOP('',(#7740,#7741,#7749,#7755));
#7740 = ORIENTED_EDGE('',*,*,#7368,.T.);
#7741 = ORIENTED_EDGE('',*,*,#7742,.T.);
#7742 = EDGE_CURVE('',#7361,#7743,#7745,.T.);
#7743 = VERTEX_POINT('',#7744);
#7744 = CARTESIAN_POINT('',(1.2,-2.,3.7));
#7745 = LINE('',#7746,#7747);
#7746 = CARTESIAN_POINT('',(1.2,-2.3,3.7));
#7747 = VECTOR('',#7748,1.);
#7748 = DIRECTION('',(1.224646799147E-16,1.,0.));
#7749 = ORIENTED_EDGE('',*,*,#7750,.F.);
#7750 = EDGE_CURVE('',#7651,#7743,#7751,.T.);
#7751 = LINE('',#7752,#7753);
#7752 = CARTESIAN_POINT('',(1.2,-2.,1.8));
#7753 = VECTOR('',#7754,1.);
#7754 = DIRECTION('',(0.,0.,1.));
#7755 = ORIENTED_EDGE('',*,*,#7658,.F.);
#7756 = PLANE('',#7757);
#7757 = AXIS2_PLACEMENT_3D('',#7758,#7759,#7760);
#7758 = CARTESIAN_POINT('',(1.2,-2.3,1.8));
#7759 = DIRECTION('',(-1.,1.224646799147E-16,0.));
#7760 = DIRECTION('',(1.224646799147E-16,1.,0.));
#7761 = ADVANCED_FACE('',(#7762),#7780,.T.);
#7762 = FACE_BOUND('',#7763,.T.);
#7763 = EDGE_LOOP('',(#7764,#7772,#7778,#7779));
#7764 = ORIENTED_EDGE('',*,*,#7765,.T.);
#7765 = EDGE_CURVE('',#7743,#7766,#7768,.T.);
#7766 = VERTEX_POINT('',#7767);
#7767 = CARTESIAN_POINT('',(0.8,-2.,3.7));
#7768 = LINE('',#7769,#7770);
#7769 = CARTESIAN_POINT('',(1.2,-2.,3.7));
#7770 = VECTOR('',#7771,1.);
#7771 = DIRECTION('',(-1.,1.224646799147E-16,0.));
#7772 = ORIENTED_EDGE('',*,*,#7773,.T.);
#7773 = EDGE_CURVE('',#7766,#7353,#7774,.T.);
#7774 = LINE('',#7775,#7776);
#7775 = CARTESIAN_POINT('',(0.8,-2.,3.7));
#7776 = VECTOR('',#7777,1.);
#7777 = DIRECTION('',(-1.224646799147E-16,-1.,0.));
#7778 = ORIENTED_EDGE('',*,*,#7360,.T.);
#7779 = ORIENTED_EDGE('',*,*,#7742,.T.);
#7780 = PLANE('',#7781);
#7781 = AXIS2_PLACEMENT_3D('',#7782,#7783,#7784);
#7782 = CARTESIAN_POINT('',(1.,-2.15,3.7));
#7783 = DIRECTION('',(0.,0.,1.));
#7784 = DIRECTION('',(-1.,1.224646799147E-16,0.));
#7785 = ADVANCED_FACE('',(#7786),#7797,.F.);
#7786 = FACE_BOUND('',#7787,.F.);
#7787 = EDGE_LOOP('',(#7788,#7794,#7795,#7796));
#7788 = ORIENTED_EDGE('',*,*,#7789,.T.);
#7789 = EDGE_CURVE('',#7643,#7766,#7790,.T.);
#7790 = LINE('',#7791,#7792);
#7791 = CARTESIAN_POINT('',(0.8,-2.,1.8));
#7792 = VECTOR('',#7793,1.);
#7793 = DIRECTION('',(0.,0.,1.));
#7794 = ORIENTED_EDGE('',*,*,#7773,.T.);
#7795 = ORIENTED_EDGE('',*,*,#7352,.F.);
#7796 = ORIENTED_EDGE('',*,*,#7642,.F.);
#7797 = PLANE('',#7798);
#7798 = AXIS2_PLACEMENT_3D('',#7799,#7800,#7801);
#7799 = CARTESIAN_POINT('',(0.8,-2.,1.8));
#7800 = DIRECTION('',(1.,-1.224646799147E-16,0.));
#7801 = DIRECTION('',(-1.224646799147E-16,-1.,0.));
#7802 = ADVANCED_FACE('',(#7803),#7828,.F.);
#7803 = FACE_BOUND('',#7804,.F.);
#7804 = EDGE_LOOP('',(#7805,#7813,#7814,#7822));
#7805 = ORIENTED_EDGE('',*,*,#7806,.F.);
#7806 = EDGE_CURVE('',#7400,#7807,#7809,.T.);
#7807 = VERTEX_POINT('',#7808);
#7808 = CARTESIAN_POINT('',(0.25,0.25,-0.9));
#7809 = LINE('',#7810,#7811);
#7810 = CARTESIAN_POINT('',(0.25,0.25,5.));
#7811 = VECTOR('',#7812,1.);
#7812 = DIRECTION('',(-0.,0.,-1.));
#7813 = ORIENTED_EDGE('',*,*,#7397,.F.);
#7814 = ORIENTED_EDGE('',*,*,#7815,.T.);
#7815 = EDGE_CURVE('',#7398,#7816,#7818,.T.);
#7816 = VERTEX_POINT('',#7817);
#7817 = CARTESIAN_POINT('',(-0.25,0.25,-0.9));
#7818 = LINE('',#7819,#7820);
#7819 = CARTESIAN_POINT('',(-0.25,0.25,5.));
#7820 = VECTOR('',#7821,1.);
#7821 = DIRECTION('',(-0.,0.,-1.));
#7822 = ORIENTED_EDGE('',*,*,#7823,.F.);
#7823 = EDGE_CURVE('',#7807,#7816,#7824,.T.);
#7824 = LINE('',#7825,#7826);
#7825 = CARTESIAN_POINT('',(0.25,0.25,-0.9));
#7826 = VECTOR('',#7827,1.);
#7827 = DIRECTION('',(-1.,1.224646799147E-16,0.));
#7828 = PLANE('',#7829);
#7829 = AXIS2_PLACEMENT_3D('',#7830,#7831,#7832);
#7830 = CARTESIAN_POINT('',(0.25,0.25,5.));
#7831 = DIRECTION('',(-1.224646799147E-16,-1.,0.));
#7832 = DIRECTION('',(-0.,0.,-1.));
#7833 = ADVANCED_FACE('',(#7834),#7884,.T.);
#7834 = FACE_BOUND('',#7835,.T.);
#7835 = EDGE_LOOP('',(#7836,#7846,#7854,#7862,#7868,#7869,#7870,#7878));
#7836 = ORIENTED_EDGE('',*,*,#7837,.T.);
#7837 = EDGE_CURVE('',#7838,#7840,#7842,.T.);
#7838 = VERTEX_POINT('',#7839);
#7839 = CARTESIAN_POINT('',(-0.25,0.281578947368,-3.2));
#7840 = VERTEX_POINT('',#7841);
#7841 = CARTESIAN_POINT('',(-0.25,-0.218421052632,-3.2));
#7842 = LINE('',#7843,#7844);
#7843 = CARTESIAN_POINT('',(-0.25,0.25,-3.2));
#7844 = VECTOR('',#7845,1.);
#7845 = DIRECTION('',(-1.224646799147E-16,-1.,0.));
#7846 = ORIENTED_EDGE('',*,*,#7847,.T.);
#7847 = EDGE_CURVE('',#7840,#7848,#7850,.T.);
#7848 = VERTEX_POINT('',#7849);
#7849 = CARTESIAN_POINT('',(-0.25,5.E-02,-1.5));
#7850 = LINE('',#7851,#7852);
#7851 = CARTESIAN_POINT('',(-0.25,-0.25,-3.4));
#7852 = VECTOR('',#7853,1.);
#7853 = DIRECTION('',(1.909990663905E-17,0.155962573473,0.987762965329)
  );
#7854 = ORIENTED_EDGE('',*,*,#7855,.T.);
#7855 = EDGE_CURVE('',#7848,#7856,#7858,.T.);
#7856 = VERTEX_POINT('',#7857);
#7857 = CARTESIAN_POINT('',(-0.25,-0.25,-0.9));
#7858 = LINE('',#7859,#7860);
#7859 = CARTESIAN_POINT('',(-0.25,5.E-02,-1.5));
#7860 = VECTOR('',#7861,1.);
#7861 = DIRECTION('',(-5.476786982641E-17,-0.4472135955,0.894427191));
#7862 = ORIENTED_EDGE('',*,*,#7863,.T.);
#7863 = EDGE_CURVE('',#7856,#7416,#7864,.T.);
#7864 = LINE('',#7865,#7866);
#7865 = CARTESIAN_POINT('',(-0.25,-0.25,-0.9));
#7866 = VECTOR('',#7867,1.);
#7867 = DIRECTION('',(0.,0.,1.));
#7868 = ORIENTED_EDGE('',*,*,#7423,.F.);
#7869 = ORIENTED_EDGE('',*,*,#7815,.T.);
#7870 = ORIENTED_EDGE('',*,*,#7871,.T.);
#7871 = EDGE_CURVE('',#7816,#7872,#7874,.T.);
#7872 = VERTEX_POINT('',#7873);
#7873 = CARTESIAN_POINT('',(-0.25,0.55,-1.5));
#7874 = LINE('',#7875,#7876);
#7875 = CARTESIAN_POINT('',(-0.25,0.25,-0.9));
#7876 = VECTOR('',#7877,1.);
#7877 = DIRECTION('',(5.476786982641E-17,0.4472135955,-0.894427191));
#7878 = ORIENTED_EDGE('',*,*,#7879,.T.);
#7879 = EDGE_CURVE('',#7872,#7838,#7880,.T.);
#7880 = LINE('',#7881,#7882);
#7881 = CARTESIAN_POINT('',(-0.25,0.55,-1.5));
#7882 = VECTOR('',#7883,1.);
#7883 = DIRECTION('',(-1.909990663905E-17,-0.155962573473,
    -0.987762965329));
#7884 = PLANE('',#7885);
#7885 = AXIS2_PLACEMENT_3D('',#7886,#7887,#7888);
#7886 = CARTESIAN_POINT('',(-0.25,4.326643272645E-02,0.775746953017));
#7887 = DIRECTION('',(-1.,1.224646799147E-16,0.));
#7888 = DIRECTION('',(0.,0.,1.));
#7889 = ADVANCED_FACE('',(#7890),#7908,.F.);
#7890 = FACE_BOUND('',#7891,.F.);
#7891 = EDGE_LOOP('',(#7892,#7900,#7906,#7907));
#7892 = ORIENTED_EDGE('',*,*,#7893,.F.);
#7893 = EDGE_CURVE('',#7894,#7408,#7896,.T.);
#7894 = VERTEX_POINT('',#7895);
#7895 = CARTESIAN_POINT('',(0.25,-0.25,-0.9));
#7896 = LINE('',#7897,#7898);
#7897 = CARTESIAN_POINT('',(0.25,-0.25,-0.9));
#7898 = VECTOR('',#7899,1.);
#7899 = DIRECTION('',(0.,0.,1.));
#7900 = ORIENTED_EDGE('',*,*,#7901,.T.);
#7901 = EDGE_CURVE('',#7894,#7856,#7902,.T.);
#7902 = LINE('',#7903,#7904);
#7903 = CARTESIAN_POINT('',(0.25,-0.25,-0.9));
#7904 = VECTOR('',#7905,1.);
#7905 = DIRECTION('',(-1.,1.224646799147E-16,0.));
#7906 = ORIENTED_EDGE('',*,*,#7863,.T.);
#7907 = ORIENTED_EDGE('',*,*,#7415,.F.);
#7908 = PLANE('',#7909);
#7909 = AXIS2_PLACEMENT_3D('',#7910,#7911,#7912);
#7910 = CARTESIAN_POINT('',(0.25,-0.25,-0.9));
#7911 = DIRECTION('',(1.224646799147E-16,1.,0.));
#7912 = DIRECTION('',(0.,-0.,1.));
#7913 = ADVANCED_FACE('',(#7914),#7957,.F.);
#7914 = FACE_BOUND('',#7915,.F.);
#7915 = EDGE_LOOP('',(#7916,#7926,#7934,#7940,#7941,#7942,#7943,#7951));
#7916 = ORIENTED_EDGE('',*,*,#7917,.T.);
#7917 = EDGE_CURVE('',#7918,#7920,#7922,.T.);
#7918 = VERTEX_POINT('',#7919);
#7919 = CARTESIAN_POINT('',(0.25,0.281578947368,-3.2));
#7920 = VERTEX_POINT('',#7921);
#7921 = CARTESIAN_POINT('',(0.25,-0.218421052632,-3.2));
#7922 = LINE('',#7923,#7924);
#7923 = CARTESIAN_POINT('',(0.25,0.25,-3.2));
#7924 = VECTOR('',#7925,1.);
#7925 = DIRECTION('',(-1.224646799147E-16,-1.,0.));
#7926 = ORIENTED_EDGE('',*,*,#7927,.T.);
#7927 = EDGE_CURVE('',#7920,#7928,#7930,.T.);
#7928 = VERTEX_POINT('',#7929);
#7929 = CARTESIAN_POINT('',(0.25,5.E-02,-1.5));
#7930 = LINE('',#7931,#7932);
#7931 = CARTESIAN_POINT('',(0.25,-0.25,-3.4));
#7932 = VECTOR('',#7933,1.);
#7933 = DIRECTION('',(1.909990663905E-17,0.155962573473,0.987762965329)
  );
#7934 = ORIENTED_EDGE('',*,*,#7935,.T.);
#7935 = EDGE_CURVE('',#7928,#7894,#7936,.T.);
#7936 = LINE('',#7937,#7938);
#7937 = CARTESIAN_POINT('',(0.25,5.E-02,-1.5));
#7938 = VECTOR('',#7939,1.);
#7939 = DIRECTION('',(-5.476786982641E-17,-0.4472135955,0.894427191));
#7940 = ORIENTED_EDGE('',*,*,#7893,.T.);
#7941 = ORIENTED_EDGE('',*,*,#7407,.F.);
#7942 = ORIENTED_EDGE('',*,*,#7806,.T.);
#7943 = ORIENTED_EDGE('',*,*,#7944,.T.);
#7944 = EDGE_CURVE('',#7807,#7945,#7947,.T.);
#7945 = VERTEX_POINT('',#7946);
#7946 = CARTESIAN_POINT('',(0.25,0.55,-1.5));
#7947 = LINE('',#7948,#7949);
#7948 = CARTESIAN_POINT('',(0.25,0.25,-0.9));
#7949 = VECTOR('',#7950,1.);
#7950 = DIRECTION('',(5.476786982641E-17,0.4472135955,-0.894427191));
#7951 = ORIENTED_EDGE('',*,*,#7952,.T.);
#7952 = EDGE_CURVE('',#7945,#7918,#7953,.T.);
#7953 = LINE('',#7954,#7955);
#7954 = CARTESIAN_POINT('',(0.25,0.55,-1.5));
#7955 = VECTOR('',#7956,1.);
#7956 = DIRECTION('',(-1.909990663905E-17,-0.155962573473,
    -0.987762965329));
#7957 = PLANE('',#7958);
#7958 = AXIS2_PLACEMENT_3D('',#7959,#7960,#7961);
#7959 = CARTESIAN_POINT('',(0.25,4.326643272645E-02,0.775746953017));
#7960 = DIRECTION('',(-1.,1.224646799147E-16,0.));
#7961 = DIRECTION('',(0.,0.,1.));
#7962 = ADVANCED_FACE('',(#7963),#7974,.F.);
#7963 = FACE_BOUND('',#7964,.F.);
#7964 = EDGE_LOOP('',(#7965,#7966,#7967,#7973));
#7965 = ORIENTED_EDGE('',*,*,#7483,.T.);
#7966 = ORIENTED_EDGE('',*,*,#7531,.T.);
#7967 = ORIENTED_EDGE('',*,*,#7968,.F.);
#7968 = EDGE_CURVE('',#7605,#7532,#7969,.T.);
#7969 = LINE('',#7970,#7971);
#7970 = CARTESIAN_POINT('',(2.25,0.55,-1.5));
#7971 = VECTOR('',#7972,1.);
#7972 = DIRECTION('',(-1.,1.224646799147E-16,0.));
#7973 = ORIENTED_EDGE('',*,*,#7604,.F.);
#7974 = PLANE('',#7975);
#7975 = AXIS2_PLACEMENT_3D('',#7976,#7977,#7978);
#7976 = CARTESIAN_POINT('',(2.25,0.25,-0.9));
#7977 = DIRECTION('',(-1.095357396528E-16,-0.894427191,-0.4472135955));
#7978 = DIRECTION('',(5.476786982641E-17,0.4472135955,-0.894427191));
#7979 = ADVANCED_FACE('',(#7980),#8021,.F.);
#7980 = FACE_BOUND('',#7981,.T.);
#7981 = EDGE_LOOP('',(#7982,#7992,#7998,#7999,#8007,#8015));
#7982 = ORIENTED_EDGE('',*,*,#7983,.T.);
#7983 = EDGE_CURVE('',#7984,#7986,#7988,.T.);
#7984 = VERTEX_POINT('',#7985);
#7985 = CARTESIAN_POINT('',(1.95,-5.E-02,-3.4));
#7986 = VERTEX_POINT('',#7987);
#7987 = CARTESIAN_POINT('',(1.752447406934,-0.218807485305,
    -3.202447406934));
#7988 = LINE('',#7989,#7990);
#7989 = CARTESIAN_POINT('',(1.983963101414,-2.097873708559E-02,
    -3.433963101414));
#7990 = VECTOR('',#7991,1.);
#7991 = DIRECTION('',(-0.605209817607,-0.517148096144,0.605209817607));
#7992 = ORIENTED_EDGE('',*,*,#7993,.T.);
#7993 = EDGE_CURVE('',#7986,#7500,#7994,.T.);
#7994 = LINE('',#7995,#7996);
#7995 = CARTESIAN_POINT('',(1.955198358413,-0.250820793434,
    -3.405198358413));
#7996 = VECTOR('',#7997,1.);
#7997 = DIRECTION('',(-0.702740385383,0.110959008218,0.702740385383));
#7998 = ORIENTED_EDGE('',*,*,#7497,.F.);
#7999 = ORIENTED_EDGE('',*,*,#8000,.F.);
#8000 = EDGE_CURVE('',#8001,#7498,#8003,.T.);
#8001 = VERTEX_POINT('',#8002);
#8002 = CARTESIAN_POINT('',(1.752447406934,0.281192514695,
    -3.202447406934));
#8003 = LINE('',#8004,#8005);
#8004 = CARTESIAN_POINT('',(1.493844049248,0.322024623803,
    -2.943844049248));
#8005 = VECTOR('',#8006,1.);
#8006 = DIRECTION('',(-0.702740385383,0.110959008218,0.702740385383));
#8007 = ORIENTED_EDGE('',*,*,#8008,.F.);
#8008 = EDGE_CURVE('',#8009,#8001,#8011,.T.);
#8009 = VERTEX_POINT('',#8010);
#8010 = CARTESIAN_POINT('',(1.95,5.E-02,-3.4));
#8011 = LINE('',#8012,#8013);
#8012 = CARTESIAN_POINT('',(1.895376695718,0.113924744707,
    -3.345376695718));
#8013 = VECTOR('',#8014,1.);
#8014 = DIRECTION('',(-0.544770019249,0.63753529491,0.544770019249));
#8015 = ORIENTED_EDGE('',*,*,#8016,.T.);
#8016 = EDGE_CURVE('',#8009,#7984,#8017,.T.);
#8017 = LINE('',#8018,#8019);
#8018 = CARTESIAN_POINT('',(1.95,0.25,-3.4));
#8019 = VECTOR('',#8020,1.);
#8020 = DIRECTION('',(-1.224646799147E-16,-1.,0.));
#8021 = PLANE('',#8022);
#8022 = AXIS2_PLACEMENT_3D('',#8023,#8024,#8025);
#8023 = CARTESIAN_POINT('',(1.85,0.25,-3.3));
#8024 = DIRECTION('',(0.707106781187,-8.833102285013E-17,0.707106781187)
  );
#8025 = DIRECTION('',(1.236918052038E-16,1.,1.227125289097E-18));
#8026 = ADVANCED_FACE('',(#8027),#8047,.F.);
#8027 = FACE_BOUND('',#8028,.F.);
#8028 = EDGE_LOOP('',(#8029,#8030,#8031,#8032,#8033,#8041));
#8029 = ORIENTED_EDGE('',*,*,#7612,.F.);
#8030 = ORIENTED_EDGE('',*,*,#7968,.T.);
#8031 = ORIENTED_EDGE('',*,*,#7539,.T.);
#8032 = ORIENTED_EDGE('',*,*,#8000,.F.);
#8033 = ORIENTED_EDGE('',*,*,#8034,.F.);
#8034 = EDGE_CURVE('',#8035,#8001,#8037,.T.);
#8035 = VERTEX_POINT('',#8036);
#8036 = CARTESIAN_POINT('',(2.247552593066,0.281192514695,
    -3.202447406934));
#8037 = LINE('',#8038,#8039);
#8038 = CARTESIAN_POINT('',(2.25,0.281192514695,-3.202447406934));
#8039 = VECTOR('',#8040,1.);
#8040 = DIRECTION('',(-1.,1.224646799147E-16,0.));
#8041 = ORIENTED_EDGE('',*,*,#8042,.T.);
#8042 = EDGE_CURVE('',#8035,#7578,#8043,.T.);
#8043 = LINE('',#8044,#8045);
#8044 = CARTESIAN_POINT('',(2.629616963064,0.341518467852,
    -2.820383036936));
#8045 = VECTOR('',#8046,1.);
#8046 = DIRECTION('',(0.702740385383,0.110959008218,0.702740385383));
#8047 = PLANE('',#8048);
#8048 = AXIS2_PLACEMENT_3D('',#8049,#8050,#8051);
#8049 = CARTESIAN_POINT('',(2.25,0.55,-1.5));
#8050 = DIRECTION('',(-1.209660753807E-16,-0.987762965329,0.155962573473
    ));
#8051 = DIRECTION('',(-1.909990663905E-17,-0.155962573473,
    -0.987762965329));
#8052 = ADVANCED_FACE('',(#8053),#8064,.F.);
#8053 = FACE_BOUND('',#8054,.F.);
#8054 = EDGE_LOOP('',(#8055,#8061,#8062,#8063));
#8055 = ORIENTED_EDGE('',*,*,#8056,.T.);
#8056 = EDGE_CURVE('',#7588,#7508,#8057,.T.);
#8057 = LINE('',#8058,#8059);
#8058 = CARTESIAN_POINT('',(2.25,5.E-02,-1.5));
#8059 = VECTOR('',#8060,1.);
#8060 = DIRECTION('',(-1.,1.224646799147E-16,0.));
#8061 = ORIENTED_EDGE('',*,*,#7515,.T.);
#8062 = ORIENTED_EDGE('',*,*,#7561,.F.);
#8063 = ORIENTED_EDGE('',*,*,#7595,.F.);
#8064 = PLANE('',#8065);
#8065 = AXIS2_PLACEMENT_3D('',#8066,#8067,#8068);
#8066 = CARTESIAN_POINT('',(2.25,5.E-02,-1.5));
#8067 = DIRECTION('',(1.095357396528E-16,0.894427191,0.4472135955));
#8068 = DIRECTION('',(-5.476786982641E-17,-0.4472135955,0.894427191));
#8069 = ADVANCED_FACE('',(#8070),#8090,.F.);
#8070 = FACE_BOUND('',#8071,.F.);
#8071 = EDGE_LOOP('',(#8072,#8073,#8081,#8087,#8088,#8089));
#8072 = ORIENTED_EDGE('',*,*,#7587,.F.);
#8073 = ORIENTED_EDGE('',*,*,#8074,.F.);
#8074 = EDGE_CURVE('',#8075,#7580,#8077,.T.);
#8075 = VERTEX_POINT('',#8076);
#8076 = CARTESIAN_POINT('',(2.247552593066,-0.218807485305,
    -3.202447406934));
#8077 = LINE('',#8078,#8079);
#8078 = CARTESIAN_POINT('',(2.168262653899,-0.231326949384,
    -3.281737346101));
#8079 = VECTOR('',#8080,1.);
#8080 = DIRECTION('',(0.702740385383,0.110959008218,0.702740385383));
#8081 = ORIENTED_EDGE('',*,*,#8082,.T.);
#8082 = EDGE_CURVE('',#8075,#7986,#8083,.T.);
#8083 = LINE('',#8084,#8085);
#8084 = CARTESIAN_POINT('',(2.25,-0.218807485305,-3.202447406934));
#8085 = VECTOR('',#8086,1.);
#8086 = DIRECTION('',(-1.,1.224646799147E-16,0.));
#8087 = ORIENTED_EDGE('',*,*,#7993,.T.);
#8088 = ORIENTED_EDGE('',*,*,#7507,.T.);
#8089 = ORIENTED_EDGE('',*,*,#8056,.F.);
#8090 = PLANE('',#8091);
#8091 = AXIS2_PLACEMENT_3D('',#8092,#8093,#8094);
#8092 = CARTESIAN_POINT('',(2.25,-0.25,-3.4));
#8093 = DIRECTION('',(1.209660753807E-16,0.987762965329,-0.155962573473)
  );
#8094 = DIRECTION('',(1.909990663905E-17,0.155962573473,0.987762965329)
  );
#8095 = ADVANCED_FACE('',(#8096),#8123,.T.);
#8096 = FACE_BOUND('',#8097,.F.);
#8097 = EDGE_LOOP('',(#8098,#8106,#8107,#8108,#8109,#8117));
#8098 = ORIENTED_EDGE('',*,*,#8099,.T.);
#8099 = EDGE_CURVE('',#8100,#8075,#8102,.T.);
#8100 = VERTEX_POINT('',#8101);
#8101 = CARTESIAN_POINT('',(2.05,-5.E-02,-3.4));
#8102 = LINE('',#8103,#8104);
#8103 = CARTESIAN_POINT('',(2.107606629418,-9.922451332131E-02,
    -3.342393370582));
#8104 = VECTOR('',#8105,1.);
#8105 = DIRECTION('',(0.605209817607,-0.517148096144,0.605209817607));
#8106 = ORIENTED_EDGE('',*,*,#8074,.T.);
#8107 = ORIENTED_EDGE('',*,*,#7577,.F.);
#8108 = ORIENTED_EDGE('',*,*,#8042,.F.);
#8109 = ORIENTED_EDGE('',*,*,#8110,.F.);
#8110 = EDGE_CURVE('',#8111,#8035,#8113,.T.);
#8111 = VERTEX_POINT('',#8112);
#8112 = CARTESIAN_POINT('',(2.05,5.E-02,-3.4));
#8113 = LINE('',#8114,#8115);
#8114 = CARTESIAN_POINT('',(2.17881689775,0.200752273427,-3.27118310225)
  );
#8115 = VECTOR('',#8116,1.);
#8116 = DIRECTION('',(0.544770019249,0.63753529491,0.544770019249));
#8117 = ORIENTED_EDGE('',*,*,#8118,.T.);
#8118 = EDGE_CURVE('',#8111,#8100,#8119,.T.);
#8119 = LINE('',#8120,#8121);
#8120 = CARTESIAN_POINT('',(2.05,0.25,-3.4));
#8121 = VECTOR('',#8122,1.);
#8122 = DIRECTION('',(-1.224646799147E-16,-1.,0.));
#8123 = PLANE('',#8124);
#8124 = AXIS2_PLACEMENT_3D('',#8125,#8126,#8127);
#8125 = CARTESIAN_POINT('',(2.15,0.25,-3.3));
#8126 = DIRECTION('',(0.707106781187,-8.486018839685E-17,-0.707106781187
    ));
#8127 = DIRECTION('',(1.212375546256E-16,1.,1.227125289196E-18));
#8128 = ADVANCED_FACE('',(#8129),#8135,.F.);
#8129 = FACE_BOUND('',#8130,.F.);
#8130 = EDGE_LOOP('',(#8131,#8132,#8133,#8134));
#8131 = ORIENTED_EDGE('',*,*,#7750,.T.);
#8132 = ORIENTED_EDGE('',*,*,#7765,.T.);
#8133 = ORIENTED_EDGE('',*,*,#7789,.F.);
#8134 = ORIENTED_EDGE('',*,*,#7650,.F.);
#8135 = PLANE('',#8136);
#8136 = AXIS2_PLACEMENT_3D('',#8137,#8138,#8139);
#8137 = CARTESIAN_POINT('',(1.2,-2.,1.8));
#8138 = DIRECTION('',(-1.224646799147E-16,-1.,0.));
#8139 = DIRECTION('',(-1.,1.224646799147E-16,0.));
#8140 = ADVANCED_FACE('',(#8141),#8166,.F.);
#8141 = FACE_BOUND('',#8142,.F.);
#8142 = EDGE_LOOP('',(#8143,#8151,#8159,#8165));
#8143 = ORIENTED_EDGE('',*,*,#8144,.F.);
#8144 = EDGE_CURVE('',#8145,#7670,#8147,.T.);
#8145 = VERTEX_POINT('',#8146);
#8146 = CARTESIAN_POINT('',(2.25,0.25,4.8));
#8147 = LINE('',#8148,#8149);
#8148 = CARTESIAN_POINT('',(2.25,0.25,5.));
#8149 = VECTOR('',#8150,1.);
#8150 = DIRECTION('',(-0.,0.,-1.));
#8151 = ORIENTED_EDGE('',*,*,#8152,.T.);
#8152 = EDGE_CURVE('',#8145,#8153,#8155,.T.);
#8153 = VERTEX_POINT('',#8154);
#8154 = CARTESIAN_POINT('',(1.75,0.25,4.8));
#8155 = LINE('',#8156,#8157);
#8156 = CARTESIAN_POINT('',(2.25,0.25,4.8));
#8157 = VECTOR('',#8158,1.);
#8158 = DIRECTION('',(-1.,1.224646799147E-16,0.));
#8159 = ORIENTED_EDGE('',*,*,#8160,.T.);
#8160 = EDGE_CURVE('',#8153,#7668,#8161,.T.);
#8161 = LINE('',#8162,#8163);
#8162 = CARTESIAN_POINT('',(1.75,0.25,5.));
#8163 = VECTOR('',#8164,1.);
#8164 = DIRECTION('',(-0.,0.,-1.));
#8165 = ORIENTED_EDGE('',*,*,#7667,.T.);
#8166 = PLANE('',#8167);
#8167 = AXIS2_PLACEMENT_3D('',#8168,#8169,#8170);
#8168 = CARTESIAN_POINT('',(2.25,0.25,5.));
#8169 = DIRECTION('',(-1.224646799147E-16,-1.,0.));
#8170 = DIRECTION('',(-0.,0.,-1.));
#8171 = ADVANCED_FACE('',(#8172),#8190,.T.);
#8172 = FACE_BOUND('',#8173,.T.);
#8173 = EDGE_LOOP('',(#8174,#8175,#8183,#8189));
#8174 = ORIENTED_EDGE('',*,*,#7693,.T.);
#8175 = ORIENTED_EDGE('',*,*,#8176,.T.);
#8176 = EDGE_CURVE('',#7686,#8177,#8179,.T.);
#8177 = VERTEX_POINT('',#8178);
#8178 = CARTESIAN_POINT('',(1.75,-0.25,4.8));
#8179 = LINE('',#8180,#8181);
#8180 = CARTESIAN_POINT('',(1.75,-0.25,-0.9));
#8181 = VECTOR('',#8182,1.);
#8182 = DIRECTION('',(0.,0.,1.));
#8183 = ORIENTED_EDGE('',*,*,#8184,.T.);
#8184 = EDGE_CURVE('',#8177,#8153,#8185,.T.);
#8185 = LINE('',#8186,#8187);
#8186 = CARTESIAN_POINT('',(1.75,-0.25,4.8));
#8187 = VECTOR('',#8188,1.);
#8188 = DIRECTION('',(1.224646799147E-16,1.,0.));
#8189 = ORIENTED_EDGE('',*,*,#8160,.T.);
#8190 = PLANE('',#8191);
#8191 = AXIS2_PLACEMENT_3D('',#8192,#8193,#8194);
#8192 = CARTESIAN_POINT('',(1.75,4.326643272645E-02,0.775746953017));
#8193 = DIRECTION('',(-1.,1.224646799147E-16,0.));
#8194 = DIRECTION('',(0.,0.,1.));
#8195 = ADVANCED_FACE('',(#8196),#8214,.F.);
#8196 = FACE_BOUND('',#8197,.F.);
#8197 = EDGE_LOOP('',(#8198,#8206,#8207,#8208));
#8198 = ORIENTED_EDGE('',*,*,#8199,.F.);
#8199 = EDGE_CURVE('',#7678,#8200,#8202,.T.);
#8200 = VERTEX_POINT('',#8201);
#8201 = CARTESIAN_POINT('',(2.25,-0.25,4.8));
#8202 = LINE('',#8203,#8204);
#8203 = CARTESIAN_POINT('',(2.25,-0.25,-0.9));
#8204 = VECTOR('',#8205,1.);
#8205 = DIRECTION('',(0.,0.,1.));
#8206 = ORIENTED_EDGE('',*,*,#7685,.T.);
#8207 = ORIENTED_EDGE('',*,*,#8176,.T.);
#8208 = ORIENTED_EDGE('',*,*,#8209,.F.);
#8209 = EDGE_CURVE('',#8200,#8177,#8210,.T.);
#8210 = LINE('',#8211,#8212);
#8211 = CARTESIAN_POINT('',(2.25,-0.25,4.8));
#8212 = VECTOR('',#8213,1.);
#8213 = DIRECTION('',(-1.,1.224646799147E-16,0.));
#8214 = PLANE('',#8215);
#8215 = AXIS2_PLACEMENT_3D('',#8216,#8217,#8218);
#8216 = CARTESIAN_POINT('',(2.25,-0.25,-0.9));
#8217 = DIRECTION('',(1.224646799147E-16,1.,0.));
#8218 = DIRECTION('',(0.,-0.,1.));
#8219 = ADVANCED_FACE('',(#8220),#8231,.F.);
#8220 = FACE_BOUND('',#8221,.F.);
#8221 = EDGE_LOOP('',(#8222,#8223,#8224,#8230));
#8222 = ORIENTED_EDGE('',*,*,#7677,.T.);
#8223 = ORIENTED_EDGE('',*,*,#8199,.T.);
#8224 = ORIENTED_EDGE('',*,*,#8225,.T.);
#8225 = EDGE_CURVE('',#8200,#8145,#8226,.T.);
#8226 = LINE('',#8227,#8228);
#8227 = CARTESIAN_POINT('',(2.25,-0.25,4.8));
#8228 = VECTOR('',#8229,1.);
#8229 = DIRECTION('',(1.224646799147E-16,1.,0.));
#8230 = ORIENTED_EDGE('',*,*,#8144,.T.);
#8231 = PLANE('',#8232);
#8232 = AXIS2_PLACEMENT_3D('',#8233,#8234,#8235);
#8233 = CARTESIAN_POINT('',(2.25,4.326643272645E-02,0.775746953017));
#8234 = DIRECTION('',(-1.,1.224646799147E-16,0.));
#8235 = DIRECTION('',(0.,0.,1.));
#8236 = ADVANCED_FACE('',(#8237),#8262,.F.);
#8237 = FACE_BOUND('',#8238,.F.);
#8238 = EDGE_LOOP('',(#8239,#8247,#8255,#8261));
#8239 = ORIENTED_EDGE('',*,*,#8240,.F.);
#8240 = EDGE_CURVE('',#8241,#7704,#8243,.T.);
#8241 = VERTEX_POINT('',#8242);
#8242 = CARTESIAN_POINT('',(0.25,0.25,4.8));
#8243 = LINE('',#8244,#8245);
#8244 = CARTESIAN_POINT('',(0.25,0.25,5.));
#8245 = VECTOR('',#8246,1.);
#8246 = DIRECTION('',(-0.,0.,-1.));
#8247 = ORIENTED_EDGE('',*,*,#8248,.T.);
#8248 = EDGE_CURVE('',#8241,#8249,#8251,.T.);
#8249 = VERTEX_POINT('',#8250);
#8250 = CARTESIAN_POINT('',(-0.25,0.25,4.8));
#8251 = LINE('',#8252,#8253);
#8252 = CARTESIAN_POINT('',(0.25,0.25,4.8));
#8253 = VECTOR('',#8254,1.);
#8254 = DIRECTION('',(-1.,1.224646799147E-16,0.));
#8255 = ORIENTED_EDGE('',*,*,#8256,.T.);
#8256 = EDGE_CURVE('',#8249,#7702,#8257,.T.);
#8257 = LINE('',#8258,#8259);
#8258 = CARTESIAN_POINT('',(-0.25,0.25,5.));
#8259 = VECTOR('',#8260,1.);
#8260 = DIRECTION('',(-0.,0.,-1.));
#8261 = ORIENTED_EDGE('',*,*,#7701,.T.);
#8262 = PLANE('',#8263);
#8263 = AXIS2_PLACEMENT_3D('',#8264,#8265,#8266);
#8264 = CARTESIAN_POINT('',(0.25,0.25,5.));
#8265 = DIRECTION('',(-1.224646799147E-16,-1.,0.));
#8266 = DIRECTION('',(-0.,0.,-1.));
#8267 = ADVANCED_FACE('',(#8268),#8286,.T.);
#8268 = FACE_BOUND('',#8269,.T.);
#8269 = EDGE_LOOP('',(#8270,#8271,#8279,#8285));
#8270 = ORIENTED_EDGE('',*,*,#7727,.T.);
#8271 = ORIENTED_EDGE('',*,*,#8272,.T.);
#8272 = EDGE_CURVE('',#7720,#8273,#8275,.T.);
#8273 = VERTEX_POINT('',#8274);
#8274 = CARTESIAN_POINT('',(-0.25,-0.25,4.8));
#8275 = LINE('',#8276,#8277);
#8276 = CARTESIAN_POINT('',(-0.25,-0.25,-0.9));
#8277 = VECTOR('',#8278,1.);
#8278 = DIRECTION('',(0.,0.,1.));
#8279 = ORIENTED_EDGE('',*,*,#8280,.T.);
#8280 = EDGE_CURVE('',#8273,#8249,#8281,.T.);
#8281 = LINE('',#8282,#8283);
#8282 = CARTESIAN_POINT('',(-0.25,-0.25,4.8));
#8283 = VECTOR('',#8284,1.);
#8284 = DIRECTION('',(1.224646799147E-16,1.,0.));
#8285 = ORIENTED_EDGE('',*,*,#8256,.T.);
#8286 = PLANE('',#8287);
#8287 = AXIS2_PLACEMENT_3D('',#8288,#8289,#8290);
#8288 = CARTESIAN_POINT('',(-0.25,4.326643272645E-02,0.775746953017));
#8289 = DIRECTION('',(-1.,1.224646799147E-16,0.));
#8290 = DIRECTION('',(0.,0.,1.));
#8291 = ADVANCED_FACE('',(#8292),#8310,.F.);
#8292 = FACE_BOUND('',#8293,.F.);
#8293 = EDGE_LOOP('',(#8294,#8302,#8303,#8304));
#8294 = ORIENTED_EDGE('',*,*,#8295,.F.);
#8295 = EDGE_CURVE('',#7712,#8296,#8298,.T.);
#8296 = VERTEX_POINT('',#8297);
#8297 = CARTESIAN_POINT('',(0.25,-0.25,4.8));
#8298 = LINE('',#8299,#8300);
#8299 = CARTESIAN_POINT('',(0.25,-0.25,-0.9));
#8300 = VECTOR('',#8301,1.);
#8301 = DIRECTION('',(0.,0.,1.));
#8302 = ORIENTED_EDGE('',*,*,#7719,.T.);
#8303 = ORIENTED_EDGE('',*,*,#8272,.T.);
#8304 = ORIENTED_EDGE('',*,*,#8305,.F.);
#8305 = EDGE_CURVE('',#8296,#8273,#8306,.T.);
#8306 = LINE('',#8307,#8308);
#8307 = CARTESIAN_POINT('',(0.25,-0.25,4.8));
#8308 = VECTOR('',#8309,1.);
#8309 = DIRECTION('',(-1.,1.224646799147E-16,0.));
#8310 = PLANE('',#8311);
#8311 = AXIS2_PLACEMENT_3D('',#8312,#8313,#8314);
#8312 = CARTESIAN_POINT('',(0.25,-0.25,-0.9));
#8313 = DIRECTION('',(1.224646799147E-16,1.,0.));
#8314 = DIRECTION('',(0.,-0.,1.));
#8315 = ADVANCED_FACE('',(#8316),#8327,.F.);
#8316 = FACE_BOUND('',#8317,.F.);
#8317 = EDGE_LOOP('',(#8318,#8319,#8320,#8326));
#8318 = ORIENTED_EDGE('',*,*,#7711,.T.);
#8319 = ORIENTED_EDGE('',*,*,#8295,.T.);
#8320 = ORIENTED_EDGE('',*,*,#8321,.T.);
#8321 = EDGE_CURVE('',#8296,#8241,#8322,.T.);
#8322 = LINE('',#8323,#8324);
#8323 = CARTESIAN_POINT('',(0.25,-0.25,4.8));
#8324 = VECTOR('',#8325,1.);
#8325 = DIRECTION('',(1.224646799147E-16,1.,0.));
#8326 = ORIENTED_EDGE('',*,*,#8240,.T.);
#8327 = PLANE('',#8328);
#8328 = AXIS2_PLACEMENT_3D('',#8329,#8330,#8331);
#8329 = CARTESIAN_POINT('',(0.25,4.326643272645E-02,0.775746953017));
#8330 = DIRECTION('',(-1.,1.224646799147E-16,0.));
#8331 = DIRECTION('',(0.,0.,1.));
#8332 = ADVANCED_FACE('',(#8333),#8344,.F.);
#8333 = FACE_BOUND('',#8334,.F.);
#8334 = EDGE_LOOP('',(#8335,#8336,#8337,#8343));
#8335 = ORIENTED_EDGE('',*,*,#7823,.T.);
#8336 = ORIENTED_EDGE('',*,*,#7871,.T.);
#8337 = ORIENTED_EDGE('',*,*,#8338,.F.);
#8338 = EDGE_CURVE('',#7945,#7872,#8339,.T.);
#8339 = LINE('',#8340,#8341);
#8340 = CARTESIAN_POINT('',(0.25,0.55,-1.5));
#8341 = VECTOR('',#8342,1.);
#8342 = DIRECTION('',(-1.,1.224646799147E-16,0.));
#8343 = ORIENTED_EDGE('',*,*,#7944,.F.);
#8344 = PLANE('',#8345);
#8345 = AXIS2_PLACEMENT_3D('',#8346,#8347,#8348);
#8346 = CARTESIAN_POINT('',(0.25,0.25,-0.9));
#8347 = DIRECTION('',(-1.095357396528E-16,-0.894427191,-0.4472135955));
#8348 = DIRECTION('',(5.476786982641E-17,0.4472135955,-0.894427191));
#8349 = ADVANCED_FACE('',(#8350),#8391,.F.);
#8350 = FACE_BOUND('',#8351,.T.);
#8351 = EDGE_LOOP('',(#8352,#8362,#8368,#8369,#8377,#8385));
#8352 = ORIENTED_EDGE('',*,*,#8353,.T.);
#8353 = EDGE_CURVE('',#8354,#8356,#8358,.T.);
#8354 = VERTEX_POINT('',#8355);
#8355 = CARTESIAN_POINT('',(-5.E-02,-5.E-02,-3.4));
#8356 = VERTEX_POINT('',#8357);
#8357 = CARTESIAN_POINT('',(-0.247552593066,-0.218807485305,
    -3.202447406934));
#8358 = LINE('',#8359,#8360);
#8359 = CARTESIAN_POINT('',(-1.603689858649E-02,-2.097873708559E-02,
    -3.433963101414));
#8360 = VECTOR('',#8361,1.);
#8361 = DIRECTION('',(-0.605209817607,-0.517148096144,0.605209817607));
#8362 = ORIENTED_EDGE('',*,*,#8363,.T.);
#8363 = EDGE_CURVE('',#8356,#7840,#8364,.T.);
#8364 = LINE('',#8365,#8366);
#8365 = CARTESIAN_POINT('',(-4.480164158687E-02,-0.250820793434,
    -3.405198358413));
#8366 = VECTOR('',#8367,1.);
#8367 = DIRECTION('',(-0.702740385383,0.110959008218,0.702740385383));
#8368 = ORIENTED_EDGE('',*,*,#7837,.F.);
#8369 = ORIENTED_EDGE('',*,*,#8370,.F.);
#8370 = EDGE_CURVE('',#8371,#7838,#8373,.T.);
#8371 = VERTEX_POINT('',#8372);
#8372 = CARTESIAN_POINT('',(-0.247552593066,0.281192514695,
    -3.202447406934));
#8373 = LINE('',#8374,#8375);
#8374 = CARTESIAN_POINT('',(-0.506155950752,0.322024623803,
    -2.943844049248));
#8375 = VECTOR('',#8376,1.);
#8376 = DIRECTION('',(-0.702740385383,0.110959008218,0.702740385383));
#8377 = ORIENTED_EDGE('',*,*,#8378,.F.);
#8378 = EDGE_CURVE('',#8379,#8371,#8381,.T.);
#8379 = VERTEX_POINT('',#8380);
#8380 = CARTESIAN_POINT('',(-5.E-02,5.E-02,-3.4));
#8381 = LINE('',#8382,#8383);
#8382 = CARTESIAN_POINT('',(-0.104623304282,0.113924744707,
    -3.345376695718));
#8383 = VECTOR('',#8384,1.);
#8384 = DIRECTION('',(-0.544770019249,0.63753529491,0.544770019249));
#8385 = ORIENTED_EDGE('',*,*,#8386,.T.);
#8386 = EDGE_CURVE('',#8379,#8354,#8387,.T.);
#8387 = LINE('',#8388,#8389);
#8388 = CARTESIAN_POINT('',(-5.E-02,0.25,-3.4));
#8389 = VECTOR('',#8390,1.);
#8390 = DIRECTION('',(-1.224646799147E-16,-1.,0.));
#8391 = PLANE('',#8392);
#8392 = AXIS2_PLACEMENT_3D('',#8393,#8394,#8395);
#8393 = CARTESIAN_POINT('',(-0.15,0.25,-3.3));
#8394 = DIRECTION('',(0.707106781187,-8.833102285013E-17,0.707106781187)
  );
#8395 = DIRECTION('',(1.236918052038E-16,1.,1.227125289097E-18));
#8396 = ADVANCED_FACE('',(#8397),#8417,.F.);
#8397 = FACE_BOUND('',#8398,.F.);
#8398 = EDGE_LOOP('',(#8399,#8400,#8401,#8402,#8403,#8411));
#8399 = ORIENTED_EDGE('',*,*,#7952,.F.);
#8400 = ORIENTED_EDGE('',*,*,#8338,.T.);
#8401 = ORIENTED_EDGE('',*,*,#7879,.T.);
#8402 = ORIENTED_EDGE('',*,*,#8370,.F.);
#8403 = ORIENTED_EDGE('',*,*,#8404,.F.);
#8404 = EDGE_CURVE('',#8405,#8371,#8407,.T.);
#8405 = VERTEX_POINT('',#8406);
#8406 = CARTESIAN_POINT('',(0.247552593066,0.281192514695,
    -3.202447406934));
#8407 = LINE('',#8408,#8409);
#8408 = CARTESIAN_POINT('',(0.25,0.281192514695,-3.202447406934));
#8409 = VECTOR('',#8410,1.);
#8410 = DIRECTION('',(-1.,1.224646799147E-16,0.));
#8411 = ORIENTED_EDGE('',*,*,#8412,.T.);
#8412 = EDGE_CURVE('',#8405,#7918,#8413,.T.);
#8413 = LINE('',#8414,#8415);
#8414 = CARTESIAN_POINT('',(0.629616963064,0.341518467852,
    -2.820383036936));
#8415 = VECTOR('',#8416,1.);
#8416 = DIRECTION('',(0.702740385383,0.110959008218,0.702740385383));
#8417 = PLANE('',#8418);
#8418 = AXIS2_PLACEMENT_3D('',#8419,#8420,#8421);
#8419 = CARTESIAN_POINT('',(0.25,0.55,-1.5));
#8420 = DIRECTION('',(-1.209660753807E-16,-0.987762965329,0.155962573473
    ));
#8421 = DIRECTION('',(-1.909990663905E-17,-0.155962573473,
    -0.987762965329));
#8422 = ADVANCED_FACE('',(#8423),#8434,.F.);
#8423 = FACE_BOUND('',#8424,.F.);
#8424 = EDGE_LOOP('',(#8425,#8431,#8432,#8433));
#8425 = ORIENTED_EDGE('',*,*,#8426,.T.);
#8426 = EDGE_CURVE('',#7928,#7848,#8427,.T.);
#8427 = LINE('',#8428,#8429);
#8428 = CARTESIAN_POINT('',(0.25,5.E-02,-1.5));
#8429 = VECTOR('',#8430,1.);
#8430 = DIRECTION('',(-1.,1.224646799147E-16,0.));
#8431 = ORIENTED_EDGE('',*,*,#7855,.T.);
#8432 = ORIENTED_EDGE('',*,*,#7901,.F.);
#8433 = ORIENTED_EDGE('',*,*,#7935,.F.);
#8434 = PLANE('',#8435);
#8435 = AXIS2_PLACEMENT_3D('',#8436,#8437,#8438);
#8436 = CARTESIAN_POINT('',(0.25,5.E-02,-1.5));
#8437 = DIRECTION('',(1.095357396528E-16,0.894427191,0.4472135955));
#8438 = DIRECTION('',(-5.476786982641E-17,-0.4472135955,0.894427191));
#8439 = ADVANCED_FACE('',(#8440),#8460,.F.);
#8440 = FACE_BOUND('',#8441,.F.);
#8441 = EDGE_LOOP('',(#8442,#8443,#8451,#8457,#8458,#8459));
#8442 = ORIENTED_EDGE('',*,*,#7927,.F.);
#8443 = ORIENTED_EDGE('',*,*,#8444,.F.);
#8444 = EDGE_CURVE('',#8445,#7920,#8447,.T.);
#8445 = VERTEX_POINT('',#8446);
#8446 = CARTESIAN_POINT('',(0.247552593066,-0.218807485305,
    -3.202447406934));
#8447 = LINE('',#8448,#8449);
#8448 = CARTESIAN_POINT('',(0.168262653899,-0.231326949384,
    -3.281737346101));
#8449 = VECTOR('',#8450,1.);
#8450 = DIRECTION('',(0.702740385383,0.110959008218,0.702740385383));
#8451 = ORIENTED_EDGE('',*,*,#8452,.T.);
#8452 = EDGE_CURVE('',#8445,#8356,#8453,.T.);
#8453 = LINE('',#8454,#8455);
#8454 = CARTESIAN_POINT('',(0.25,-0.218807485305,-3.202447406934));
#8455 = VECTOR('',#8456,1.);
#8456 = DIRECTION('',(-1.,1.224646799147E-16,0.));
#8457 = ORIENTED_EDGE('',*,*,#8363,.T.);
#8458 = ORIENTED_EDGE('',*,*,#7847,.T.);
#8459 = ORIENTED_EDGE('',*,*,#8426,.F.);
#8460 = PLANE('',#8461);
#8461 = AXIS2_PLACEMENT_3D('',#8462,#8463,#8464);
#8462 = CARTESIAN_POINT('',(0.25,-0.25,-3.4));
#8463 = DIRECTION('',(1.209660753807E-16,0.987762965329,-0.155962573473)
  );
#8464 = DIRECTION('',(1.909990663905E-17,0.155962573473,0.987762965329)
  );
#8465 = ADVANCED_FACE('',(#8466),#8493,.T.);
#8466 = FACE_BOUND('',#8467,.F.);
#8467 = EDGE_LOOP('',(#8468,#8476,#8477,#8478,#8479,#8487));
#8468 = ORIENTED_EDGE('',*,*,#8469,.T.);
#8469 = EDGE_CURVE('',#8470,#8445,#8472,.T.);
#8470 = VERTEX_POINT('',#8471);
#8471 = CARTESIAN_POINT('',(5.E-02,-5.E-02,-3.4));
#8472 = LINE('',#8473,#8474);
#8473 = CARTESIAN_POINT('',(0.107606629418,-9.922451332131E-02,
    -3.342393370582));
#8474 = VECTOR('',#8475,1.);
#8475 = DIRECTION('',(0.605209817607,-0.517148096144,0.605209817607));
#8476 = ORIENTED_EDGE('',*,*,#8444,.T.);
#8477 = ORIENTED_EDGE('',*,*,#7917,.F.);
#8478 = ORIENTED_EDGE('',*,*,#8412,.F.);
#8479 = ORIENTED_EDGE('',*,*,#8480,.F.);
#8480 = EDGE_CURVE('',#8481,#8405,#8483,.T.);
#8481 = VERTEX_POINT('',#8482);
#8482 = CARTESIAN_POINT('',(5.E-02,5.E-02,-3.4));
#8483 = LINE('',#8484,#8485);
#8484 = CARTESIAN_POINT('',(0.17881689775,0.200752273427,-3.27118310225)
  );
#8485 = VECTOR('',#8486,1.);
#8486 = DIRECTION('',(0.544770019249,0.63753529491,0.544770019249));
#8487 = ORIENTED_EDGE('',*,*,#8488,.T.);
#8488 = EDGE_CURVE('',#8481,#8470,#8489,.T.);
#8489 = LINE('',#8490,#8491);
#8490 = CARTESIAN_POINT('',(5.E-02,0.25,-3.4));
#8491 = VECTOR('',#8492,1.);
#8492 = DIRECTION('',(-1.224646799147E-16,-1.,0.));
#8493 = PLANE('',#8494);
#8494 = AXIS2_PLACEMENT_3D('',#8495,#8496,#8497);
#8495 = CARTESIAN_POINT('',(0.15,0.25,-3.3));
#8496 = DIRECTION('',(0.707106781187,-8.486018839685E-17,-0.707106781187
    ));
#8497 = DIRECTION('',(1.212375546256E-16,1.,1.227125289196E-18));
#8498 = ADVANCED_FACE('',(#8499),#8510,.T.);
#8499 = FACE_BOUND('',#8500,.F.);
#8500 = EDGE_LOOP('',(#8501,#8502,#8508,#8509));
#8501 = ORIENTED_EDGE('',*,*,#8099,.F.);
#8502 = ORIENTED_EDGE('',*,*,#8503,.T.);
#8503 = EDGE_CURVE('',#8100,#7984,#8504,.T.);
#8504 = LINE('',#8505,#8506);
#8505 = CARTESIAN_POINT('',(2.25,-5.E-02,-3.4));
#8506 = VECTOR('',#8507,1.);
#8507 = DIRECTION('',(-1.,1.224646799147E-16,0.));
#8508 = ORIENTED_EDGE('',*,*,#7983,.T.);
#8509 = ORIENTED_EDGE('',*,*,#8082,.F.);
#8510 = PLANE('',#8511);
#8511 = AXIS2_PLACEMENT_3D('',#8512,#8513,#8514);
#8512 = CARTESIAN_POINT('',(2.25,-0.134403742653,-3.301223703467));
#8513 = DIRECTION('',(-9.136856246232E-17,-0.760250805153,-0.64962967394
    ));
#8514 = DIRECTION('',(1.,-1.211454098155E-16,1.127308249542E-18));
#8515 = ADVANCED_FACE('',(#8516),#8527,.F.);
#8516 = FACE_BOUND('',#8517,.F.);
#8517 = EDGE_LOOP('',(#8518,#8519,#8520,#8526));
#8518 = ORIENTED_EDGE('',*,*,#8503,.F.);
#8519 = ORIENTED_EDGE('',*,*,#8118,.F.);
#8520 = ORIENTED_EDGE('',*,*,#8521,.T.);
#8521 = EDGE_CURVE('',#8111,#8009,#8522,.T.);
#8522 = LINE('',#8523,#8524);
#8523 = CARTESIAN_POINT('',(2.25,5.E-02,-3.4));
#8524 = VECTOR('',#8525,1.);
#8525 = DIRECTION('',(-1.,1.224646799147E-16,0.));
#8526 = ORIENTED_EDGE('',*,*,#8016,.T.);
#8527 = PLANE('',#8528);
#8528 = AXIS2_PLACEMENT_3D('',#8529,#8530,#8531);
#8529 = CARTESIAN_POINT('',(2.25,0.25,-3.4));
#8530 = DIRECTION('',(0.,0.,1.));
#8531 = DIRECTION('',(-1.224646799147E-16,-1.,0.));
#8532 = ADVANCED_FACE('',(#8533),#8539,.T.);
#8533 = FACE_BOUND('',#8534,.T.);
#8534 = EDGE_LOOP('',(#8535,#8536,#8537,#8538));
#8535 = ORIENTED_EDGE('',*,*,#8110,.F.);
#8536 = ORIENTED_EDGE('',*,*,#8521,.T.);
#8537 = ORIENTED_EDGE('',*,*,#8008,.T.);
#8538 = ORIENTED_EDGE('',*,*,#8034,.F.);
#8539 = PLANE('',#8540);
#8540 = AXIS2_PLACEMENT_3D('',#8541,#8542,#8543);
#8541 = CARTESIAN_POINT('',(2.25,0.165596257347,-3.301223703467));
#8542 = DIRECTION('',(8.302774088379E-17,0.64962967394,-0.760250805153)
  );
#8543 = DIRECTION('',(-1.,1.247195775152E-16,-2.638869166629E-18));
#8544 = ADVANCED_FACE('',(#8545),#8570,.T.);
#8545 = FACE_BOUND('',#8546,.F.);
#8546 = EDGE_LOOP('',(#8547,#8555,#8563,#8569));
#8547 = ORIENTED_EDGE('',*,*,#8548,.F.);
#8548 = EDGE_CURVE('',#8549,#8145,#8551,.T.);
#8549 = VERTEX_POINT('',#8550);
#8550 = CARTESIAN_POINT('',(2.05,5.E-02,5.));
#8551 = LINE('',#8552,#8553);
#8552 = CARTESIAN_POINT('',(2.1,0.1,4.95));
#8553 = VECTOR('',#8554,1.);
#8554 = DIRECTION('',(0.57735026919,0.57735026919,-0.57735026919));
#8555 = ORIENTED_EDGE('',*,*,#8556,.T.);
#8556 = EDGE_CURVE('',#8549,#8557,#8559,.T.);
#8557 = VERTEX_POINT('',#8558);
#8558 = CARTESIAN_POINT('',(1.95,5.E-02,5.));
#8559 = LINE('',#8560,#8561);
#8560 = CARTESIAN_POINT('',(2.25,5.E-02,5.));
#8561 = VECTOR('',#8562,1.);
#8562 = DIRECTION('',(-1.,1.224646799147E-16,0.));
#8563 = ORIENTED_EDGE('',*,*,#8564,.T.);
#8564 = EDGE_CURVE('',#8557,#8153,#8565,.T.);
#8565 = LINE('',#8566,#8567);
#8566 = CARTESIAN_POINT('',(1.983333333333,1.666666666667E-02,
    5.033333333333));
#8567 = VECTOR('',#8568,1.);
#8568 = DIRECTION('',(-0.57735026919,0.57735026919,-0.57735026919));
#8569 = ORIENTED_EDGE('',*,*,#8152,.F.);
#8570 = PLANE('',#8571);
#8571 = AXIS2_PLACEMENT_3D('',#8572,#8573,#8574);
#8572 = CARTESIAN_POINT('',(2.25,0.15,4.9));
#8573 = DIRECTION('',(8.833102285013E-17,0.707106781187,0.707106781187)
  );
#8574 = DIRECTION('',(1.,-1.236918052038E-16,-1.227125289097E-18));
#8575 = ADVANCED_FACE('',(#8576),#8594,.F.);
#8576 = FACE_BOUND('',#8577,.T.);
#8577 = EDGE_LOOP('',(#8578,#8586,#8592,#8593));
#8578 = ORIENTED_EDGE('',*,*,#8579,.F.);
#8579 = EDGE_CURVE('',#8580,#8177,#8582,.T.);
#8580 = VERTEX_POINT('',#8581);
#8581 = CARTESIAN_POINT('',(1.95,-5.E-02,5.));
#8582 = LINE('',#8583,#8584);
#8583 = CARTESIAN_POINT('',(1.9,-0.1,4.95));
#8584 = VECTOR('',#8585,1.);
#8585 = DIRECTION('',(-0.57735026919,-0.57735026919,-0.57735026919));
#8586 = ORIENTED_EDGE('',*,*,#8587,.T.);
#8587 = EDGE_CURVE('',#8580,#8557,#8588,.T.);
#8588 = LINE('',#8589,#8590);
#8589 = CARTESIAN_POINT('',(1.95,-0.25,5.));
#8590 = VECTOR('',#8591,1.);
#8591 = DIRECTION('',(1.224646799147E-16,1.,0.));
#8592 = ORIENTED_EDGE('',*,*,#8564,.T.);
#8593 = ORIENTED_EDGE('',*,*,#8184,.F.);
#8594 = PLANE('',#8595);
#8595 = AXIS2_PLACEMENT_3D('',#8596,#8597,#8598);
#8596 = CARTESIAN_POINT('',(1.85,-0.25,4.9));
#8597 = DIRECTION('',(0.707106781187,-8.486018839685E-17,-0.707106781187
    ));
#8598 = DIRECTION('',(-1.212375546256E-16,-1.,-1.227125289196E-18));
#8599 = ADVANCED_FACE('',(#8600),#8618,.T.);
#8600 = FACE_BOUND('',#8601,.F.);
#8601 = EDGE_LOOP('',(#8602,#8610,#8611,#8612));
#8602 = ORIENTED_EDGE('',*,*,#8603,.F.);
#8603 = EDGE_CURVE('',#8200,#8604,#8606,.T.);
#8604 = VERTEX_POINT('',#8605);
#8605 = CARTESIAN_POINT('',(2.05,-5.E-02,5.));
#8606 = LINE('',#8607,#8608);
#8607 = CARTESIAN_POINT('',(2.183333333333,-0.183333333333,
    4.866666666667));
#8608 = VECTOR('',#8609,1.);
#8609 = DIRECTION('',(-0.57735026919,0.57735026919,0.57735026919));
#8610 = ORIENTED_EDGE('',*,*,#8209,.T.);
#8611 = ORIENTED_EDGE('',*,*,#8579,.F.);
#8612 = ORIENTED_EDGE('',*,*,#8613,.F.);
#8613 = EDGE_CURVE('',#8604,#8580,#8614,.T.);
#8614 = LINE('',#8615,#8616);
#8615 = CARTESIAN_POINT('',(2.25,-5.E-02,5.));
#8616 = VECTOR('',#8617,1.);
#8617 = DIRECTION('',(-1.,1.224646799147E-16,0.));
#8618 = PLANE('',#8619);
#8619 = AXIS2_PLACEMENT_3D('',#8620,#8621,#8622);
#8620 = CARTESIAN_POINT('',(2.25,-0.15,4.9));
#8621 = DIRECTION('',(-8.833102285013E-17,-0.707106781187,0.707106781187
    ));
#8622 = DIRECTION('',(1.,-1.236918052038E-16,1.227125289097E-18));
#8623 = ADVANCED_FACE('',(#8624),#8635,.T.);
#8624 = FACE_BOUND('',#8625,.F.);
#8625 = EDGE_LOOP('',(#8626,#8627,#8633,#8634));
#8626 = ORIENTED_EDGE('',*,*,#8603,.T.);
#8627 = ORIENTED_EDGE('',*,*,#8628,.T.);
#8628 = EDGE_CURVE('',#8604,#8549,#8629,.T.);
#8629 = LINE('',#8630,#8631);
#8630 = CARTESIAN_POINT('',(2.05,-0.25,5.));
#8631 = VECTOR('',#8632,1.);
#8632 = DIRECTION('',(1.224646799147E-16,1.,0.));
#8633 = ORIENTED_EDGE('',*,*,#8548,.T.);
#8634 = ORIENTED_EDGE('',*,*,#8225,.F.);
#8635 = PLANE('',#8636);
#8636 = AXIS2_PLACEMENT_3D('',#8637,#8638,#8639);
#8637 = CARTESIAN_POINT('',(2.15,-0.25,4.9));
#8638 = DIRECTION('',(0.707106781187,-8.833102285013E-17,0.707106781187)
  );
#8639 = DIRECTION('',(-1.236918052038E-16,-1.,-1.227125289097E-18));
#8640 = ADVANCED_FACE('',(#8641),#8666,.T.);
#8641 = FACE_BOUND('',#8642,.F.);
#8642 = EDGE_LOOP('',(#8643,#8651,#8659,#8665));
#8643 = ORIENTED_EDGE('',*,*,#8644,.F.);
#8644 = EDGE_CURVE('',#8645,#8241,#8647,.T.);
#8645 = VERTEX_POINT('',#8646);
#8646 = CARTESIAN_POINT('',(5.E-02,5.E-02,5.));
#8647 = LINE('',#8648,#8649);
#8648 = CARTESIAN_POINT('',(0.1,0.1,4.95));
#8649 = VECTOR('',#8650,1.);
#8650 = DIRECTION('',(0.57735026919,0.57735026919,-0.57735026919));
#8651 = ORIENTED_EDGE('',*,*,#8652,.T.);
#8652 = EDGE_CURVE('',#8645,#8653,#8655,.T.);
#8653 = VERTEX_POINT('',#8654);
#8654 = CARTESIAN_POINT('',(-5.E-02,5.E-02,5.));
#8655 = LINE('',#8656,#8657);
#8656 = CARTESIAN_POINT('',(0.25,5.E-02,5.));
#8657 = VECTOR('',#8658,1.);
#8658 = DIRECTION('',(-1.,1.224646799147E-16,0.));
#8659 = ORIENTED_EDGE('',*,*,#8660,.T.);
#8660 = EDGE_CURVE('',#8653,#8249,#8661,.T.);
#8661 = LINE('',#8662,#8663);
#8662 = CARTESIAN_POINT('',(-1.666666666667E-02,1.666666666667E-02,
    5.033333333333));
#8663 = VECTOR('',#8664,1.);
#8664 = DIRECTION('',(-0.57735026919,0.57735026919,-0.57735026919));
#8665 = ORIENTED_EDGE('',*,*,#8248,.F.);
#8666 = PLANE('',#8667);
#8667 = AXIS2_PLACEMENT_3D('',#8668,#8669,#8670);
#8668 = CARTESIAN_POINT('',(0.25,0.15,4.9));
#8669 = DIRECTION('',(8.833102285013E-17,0.707106781187,0.707106781187)
  );
#8670 = DIRECTION('',(1.,-1.236918052038E-16,-1.227125289097E-18));
#8671 = ADVANCED_FACE('',(#8672),#8690,.F.);
#8672 = FACE_BOUND('',#8673,.T.);
#8673 = EDGE_LOOP('',(#8674,#8682,#8688,#8689));
#8674 = ORIENTED_EDGE('',*,*,#8675,.F.);
#8675 = EDGE_CURVE('',#8676,#8273,#8678,.T.);
#8676 = VERTEX_POINT('',#8677);
#8677 = CARTESIAN_POINT('',(-5.E-02,-5.E-02,5.));
#8678 = LINE('',#8679,#8680);
#8679 = CARTESIAN_POINT('',(-0.1,-0.1,4.95));
#8680 = VECTOR('',#8681,1.);
#8681 = DIRECTION('',(-0.57735026919,-0.57735026919,-0.57735026919));
#8682 = ORIENTED_EDGE('',*,*,#8683,.T.);
#8683 = EDGE_CURVE('',#8676,#8653,#8684,.T.);
#8684 = LINE('',#8685,#8686);
#8685 = CARTESIAN_POINT('',(-5.E-02,-0.25,5.));
#8686 = VECTOR('',#8687,1.);
#8687 = DIRECTION('',(1.224646799147E-16,1.,0.));
#8688 = ORIENTED_EDGE('',*,*,#8660,.T.);
#8689 = ORIENTED_EDGE('',*,*,#8280,.F.);
#8690 = PLANE('',#8691);
#8691 = AXIS2_PLACEMENT_3D('',#8692,#8693,#8694);
#8692 = CARTESIAN_POINT('',(-0.15,-0.25,4.9));
#8693 = DIRECTION('',(0.707106781187,-8.486018839685E-17,-0.707106781187
    ));
#8694 = DIRECTION('',(-1.212375546256E-16,-1.,-1.227125289196E-18));
#8695 = ADVANCED_FACE('',(#8696),#8714,.T.);
#8696 = FACE_BOUND('',#8697,.F.);
#8697 = EDGE_LOOP('',(#8698,#8706,#8707,#8708));
#8698 = ORIENTED_EDGE('',*,*,#8699,.F.);
#8699 = EDGE_CURVE('',#8296,#8700,#8702,.T.);
#8700 = VERTEX_POINT('',#8701);
#8701 = CARTESIAN_POINT('',(5.E-02,-5.E-02,5.));
#8702 = LINE('',#8703,#8704);
#8703 = CARTESIAN_POINT('',(0.183333333333,-0.183333333333,
    4.866666666667));
#8704 = VECTOR('',#8705,1.);
#8705 = DIRECTION('',(-0.57735026919,0.57735026919,0.57735026919));
#8706 = ORIENTED_EDGE('',*,*,#8305,.T.);
#8707 = ORIENTED_EDGE('',*,*,#8675,.F.);
#8708 = ORIENTED_EDGE('',*,*,#8709,.F.);
#8709 = EDGE_CURVE('',#8700,#8676,#8710,.T.);
#8710 = LINE('',#8711,#8712);
#8711 = CARTESIAN_POINT('',(0.25,-5.E-02,5.));
#8712 = VECTOR('',#8713,1.);
#8713 = DIRECTION('',(-1.,1.224646799147E-16,0.));
#8714 = PLANE('',#8715);
#8715 = AXIS2_PLACEMENT_3D('',#8716,#8717,#8718);
#8716 = CARTESIAN_POINT('',(0.25,-0.15,4.9));
#8717 = DIRECTION('',(-8.833102285013E-17,-0.707106781187,0.707106781187
    ));
#8718 = DIRECTION('',(1.,-1.236918052038E-16,1.227125289097E-18));
#8719 = ADVANCED_FACE('',(#8720),#8731,.T.);
#8720 = FACE_BOUND('',#8721,.F.);
#8721 = EDGE_LOOP('',(#8722,#8723,#8729,#8730));
#8722 = ORIENTED_EDGE('',*,*,#8699,.T.);
#8723 = ORIENTED_EDGE('',*,*,#8724,.T.);
#8724 = EDGE_CURVE('',#8700,#8645,#8725,.T.);
#8725 = LINE('',#8726,#8727);
#8726 = CARTESIAN_POINT('',(5.E-02,-0.25,5.));
#8727 = VECTOR('',#8728,1.);
#8728 = DIRECTION('',(1.224646799147E-16,1.,0.));
#8729 = ORIENTED_EDGE('',*,*,#8644,.T.);
#8730 = ORIENTED_EDGE('',*,*,#8321,.F.);
#8731 = PLANE('',#8732);
#8732 = AXIS2_PLACEMENT_3D('',#8733,#8734,#8735);
#8733 = CARTESIAN_POINT('',(0.15,-0.25,4.9));
#8734 = DIRECTION('',(0.707106781187,-8.833102285013E-17,0.707106781187)
  );
#8735 = DIRECTION('',(-1.236918052038E-16,-1.,-1.227125289097E-18));
#8736 = ADVANCED_FACE('',(#8737),#8748,.T.);
#8737 = FACE_BOUND('',#8738,.F.);
#8738 = EDGE_LOOP('',(#8739,#8740,#8746,#8747));
#8739 = ORIENTED_EDGE('',*,*,#8469,.F.);
#8740 = ORIENTED_EDGE('',*,*,#8741,.T.);
#8741 = EDGE_CURVE('',#8470,#8354,#8742,.T.);
#8742 = LINE('',#8743,#8744);
#8743 = CARTESIAN_POINT('',(0.25,-5.E-02,-3.4));
#8744 = VECTOR('',#8745,1.);
#8745 = DIRECTION('',(-1.,1.224646799147E-16,0.));
#8746 = ORIENTED_EDGE('',*,*,#8353,.T.);
#8747 = ORIENTED_EDGE('',*,*,#8452,.F.);
#8748 = PLANE('',#8749);
#8749 = AXIS2_PLACEMENT_3D('',#8750,#8751,#8752);
#8750 = CARTESIAN_POINT('',(0.25,-0.134403742653,-3.301223703467));
#8751 = DIRECTION('',(-9.136856246232E-17,-0.760250805153,-0.64962967394
    ));
#8752 = DIRECTION('',(1.,-1.211454098155E-16,1.127308249542E-18));
#8753 = ADVANCED_FACE('',(#8754),#8765,.F.);
#8754 = FACE_BOUND('',#8755,.F.);
#8755 = EDGE_LOOP('',(#8756,#8757,#8758,#8764));
#8756 = ORIENTED_EDGE('',*,*,#8741,.F.);
#8757 = ORIENTED_EDGE('',*,*,#8488,.F.);
#8758 = ORIENTED_EDGE('',*,*,#8759,.T.);
#8759 = EDGE_CURVE('',#8481,#8379,#8760,.T.);
#8760 = LINE('',#8761,#8762);
#8761 = CARTESIAN_POINT('',(0.25,5.E-02,-3.4));
#8762 = VECTOR('',#8763,1.);
#8763 = DIRECTION('',(-1.,1.224646799147E-16,0.));
#8764 = ORIENTED_EDGE('',*,*,#8386,.T.);
#8765 = PLANE('',#8766);
#8766 = AXIS2_PLACEMENT_3D('',#8767,#8768,#8769);
#8767 = CARTESIAN_POINT('',(0.25,0.25,-3.4));
#8768 = DIRECTION('',(0.,0.,1.));
#8769 = DIRECTION('',(-1.224646799147E-16,-1.,0.));
#8770 = ADVANCED_FACE('',(#8771),#8777,.T.);
#8771 = FACE_BOUND('',#8772,.T.);
#8772 = EDGE_LOOP('',(#8773,#8774,#8775,#8776));
#8773 = ORIENTED_EDGE('',*,*,#8480,.F.);
#8774 = ORIENTED_EDGE('',*,*,#8759,.T.);
#8775 = ORIENTED_EDGE('',*,*,#8378,.T.);
#8776 = ORIENTED_EDGE('',*,*,#8404,.F.);
#8777 = PLANE('',#8778);
#8778 = AXIS2_PLACEMENT_3D('',#8779,#8780,#8781);
#8779 = CARTESIAN_POINT('',(0.25,0.165596257347,-3.301223703467));
#8780 = DIRECTION('',(8.302774088379E-17,0.64962967394,-0.760250805153)
  );
#8781 = DIRECTION('',(-1.,1.247195775152E-16,-2.638869166629E-18));
#8782 = ADVANCED_FACE('',(#8783),#8789,.F.);
#8783 = FACE_BOUND('',#8784,.F.);
#8784 = EDGE_LOOP('',(#8785,#8786,#8787,#8788));
#8785 = ORIENTED_EDGE('',*,*,#8587,.T.);
#8786 = ORIENTED_EDGE('',*,*,#8556,.F.);
#8787 = ORIENTED_EDGE('',*,*,#8628,.F.);
#8788 = ORIENTED_EDGE('',*,*,#8613,.T.);
#8789 = PLANE('',#8790);
#8790 = AXIS2_PLACEMENT_3D('',#8791,#8792,#8793);
#8791 = CARTESIAN_POINT('',(2.25,-0.25,5.));
#8792 = DIRECTION('',(-0.,0.,-1.));
#8793 = DIRECTION('',(1.224646799147E-16,1.,0.));
#8794 = ADVANCED_FACE('',(#8795),#8801,.F.);
#8795 = FACE_BOUND('',#8796,.F.);
#8796 = EDGE_LOOP('',(#8797,#8798,#8799,#8800));
#8797 = ORIENTED_EDGE('',*,*,#8683,.T.);
#8798 = ORIENTED_EDGE('',*,*,#8652,.F.);
#8799 = ORIENTED_EDGE('',*,*,#8724,.F.);
#8800 = ORIENTED_EDGE('',*,*,#8709,.T.);
#8801 = PLANE('',#8802);
#8802 = AXIS2_PLACEMENT_3D('',#8803,#8804,#8805);
#8803 = CARTESIAN_POINT('',(0.25,-0.25,5.));
#8804 = DIRECTION('',(-0.,0.,-1.));
#8805 = DIRECTION('',(1.224646799147E-16,1.,0.));
#8806 = ( GEOMETRIC_REPRESENTATION_CONTEXT(3) 
GLOBAL_UNCERTAINTY_ASSIGNED_CONTEXT((#8810)) 
GLOBAL_UNIT_ASSIGNED_CONTEXT((#8807,#8808,#8809)) REPRESENTATION_CONTEXT
('Context #1','3D Context with UNIT and UNCERTAINTY') );
#8807 = ( LENGTH_UNIT() NAMED_UNIT(*) SI_UNIT(.MILLI.,.METRE.) );
#8808 = ( NAMED_UNIT(*) PLANE_ANGLE_UNIT() SI_UNIT($,.RADIAN.) );
#8809 = ( NAMED_UNIT(*) SI_UNIT($,.STERADIAN.) SOLID_ANGLE_UNIT() );
#8810 = UNCERTAINTY_MEASURE_WITH_UNIT(LENGTH_MEASURE(1.E-07),#8807,
  'distance_accuracy_value','confusion accuracy');
#8811 = CONTEXT_DEPENDENT_SHAPE_REPRESENTATION(#8812,#8814);
#8812 = ( REPRESENTATION_RELATIONSHIP('','',#5913,#10) 
REPRESENTATION_RELATIONSHIP_WITH_TRANSFORMATION(#8813) 
SHAPE_REPRESENTATION_RELATIONSHIP() );
#8813 = ITEM_DEFINED_TRANSFORMATION('','',#11,#31);
#8814 = PRODUCT_DEFINITION_SHAPE('Placement','Placement of an item',
  #8815);
#8815 = NEXT_ASSEMBLY_USAGE_OCCURRENCE('8','BT1','',#5,#5908,$);
#8816 = PRODUCT_RELATED_PRODUCT_CATEGORY('part',$,(#5910));
#8817 = SHAPE_DEFINITION_REPRESENTATION(#8818,#8824);
#8818 = PRODUCT_DEFINITION_SHAPE('','',#8819);
#8819 = PRODUCT_DEFINITION('design','',#8820,#8823);
#8820 = PRODUCT_DEFINITION_FORMATION('','',#8821);
#8821 = PRODUCT('Schematics_display_deviceV2_PCB',
  'Schematics_display_deviceV2_PCB','',(#8822));
#8822 = PRODUCT_CONTEXT('',#2,'mechanical');
#8823 = PRODUCT_DEFINITION_CONTEXT('part definition',#2,'design');
#8824 = ADVANCED_BREP_SHAPE_REPRESENTATION('',(#11,#8825),#10402);
#8825 = MANIFOLD_SOLID_BREP('',#8826);
#8826 = CLOSED_SHELL('',(#8827,#8869,#8900,#8931,#9346,#9761,#9778,#9795
    ,#9812,#9829,#9841,#9858,#9875,#9892,#9909,#9926,#9943,#9960,#9977,
    #9994,#10011,#10028,#10045,#10062,#10079,#10096,#10113,#10130,#10147
    ,#10164,#10181,#10198,#10215,#10232,#10249,#10266,#10283,#10300,
    #10317,#10334,#10351,#10368,#10385));
#8827 = ADVANCED_FACE('',(#8828),#8864,.T.);
#8828 = FACE_BOUND('',#8829,.T.);
#8829 = EDGE_LOOP('',(#8830,#8840,#8849,#8857));
#8830 = ORIENTED_EDGE('',*,*,#8831,.T.);
#8831 = EDGE_CURVE('',#8832,#8834,#8836,.T.);
#8832 = VERTEX_POINT('',#8833);
#8833 = CARTESIAN_POINT('',(99.25,-25.5,0.));
#8834 = VERTEX_POINT('',#8835);
#8835 = CARTESIAN_POINT('',(99.25,-25.5,1.51));
#8836 = LINE('',#8837,#8838);
#8837 = CARTESIAN_POINT('',(99.25,-25.5,0.));
#8838 = VECTOR('',#8839,1.);
#8839 = DIRECTION('',(0.,0.,1.));
#8840 = ORIENTED_EDGE('',*,*,#8841,.T.);
#8841 = EDGE_CURVE('',#8834,#8842,#8844,.T.);
#8842 = VERTEX_POINT('',#8843);
#8843 = CARTESIAN_POINT('',(100.25,-26.5,1.51));
#8844 = CIRCLE('',#8845,0.999999252925);
#8845 = AXIS2_PLACEMENT_3D('',#8846,#8847,#8848);
#8846 = CARTESIAN_POINT('',(99.250000747075,-26.49999925292,1.51));
#8847 = DIRECTION('',(0.,0.,-1.));
#8848 = DIRECTION('',(-7.470757349539E-07,1.,0.));
#8849 = ORIENTED_EDGE('',*,*,#8850,.F.);
#8850 = EDGE_CURVE('',#8851,#8842,#8853,.T.);
#8851 = VERTEX_POINT('',#8852);
#8852 = CARTESIAN_POINT('',(100.25,-26.5,0.));
#8853 = LINE('',#8854,#8855);
#8854 = CARTESIAN_POINT('',(100.25,-26.5,0.));
#8855 = VECTOR('',#8856,1.);
#8856 = DIRECTION('',(0.,0.,1.));
#8857 = ORIENTED_EDGE('',*,*,#8858,.F.);
#8858 = EDGE_CURVE('',#8832,#8851,#8859,.T.);
#8859 = CIRCLE('',#8860,0.999999252925);
#8860 = AXIS2_PLACEMENT_3D('',#8861,#8862,#8863);
#8861 = CARTESIAN_POINT('',(99.250000747075,-26.49999925292,0.));
#8862 = DIRECTION('',(0.,0.,-1.));
#8863 = DIRECTION('',(-7.470757349539E-07,1.,0.));
#8864 = CYLINDRICAL_SURFACE('',#8865,0.999999252925);
#8865 = AXIS2_PLACEMENT_3D('',#8866,#8867,#8868);
#8866 = CARTESIAN_POINT('',(99.250000747075,-26.49999925292,0.));
#8867 = DIRECTION('',(0.,0.,-1.));
#8868 = DIRECTION('',(-7.470757349539E-07,1.,0.));
#8869 = ADVANCED_FACE('',(#8870),#8895,.T.);
#8870 = FACE_BOUND('',#8871,.T.);
#8871 = EDGE_LOOP('',(#8872,#8882,#8888,#8889));
#8872 = ORIENTED_EDGE('',*,*,#8873,.T.);
#8873 = EDGE_CURVE('',#8874,#8876,#8878,.T.);
#8874 = VERTEX_POINT('',#8875);
#8875 = CARTESIAN_POINT('',(46.,-25.5,0.));
#8876 = VERTEX_POINT('',#8877);
#8877 = CARTESIAN_POINT('',(46.,-25.5,1.51));
#8878 = LINE('',#8879,#8880);
#8879 = CARTESIAN_POINT('',(46.,-25.5,0.));
#8880 = VECTOR('',#8881,1.);
#8881 = DIRECTION('',(0.,0.,1.));
#8882 = ORIENTED_EDGE('',*,*,#8883,.T.);
#8883 = EDGE_CURVE('',#8876,#8834,#8884,.T.);
#8884 = LINE('',#8885,#8886);
#8885 = CARTESIAN_POINT('',(46.,-25.5,1.51));
#8886 = VECTOR('',#8887,1.);
#8887 = DIRECTION('',(1.,0.,0.));
#8888 = ORIENTED_EDGE('',*,*,#8831,.F.);
#8889 = ORIENTED_EDGE('',*,*,#8890,.F.);
#8890 = EDGE_CURVE('',#8874,#8832,#8891,.T.);
#8891 = LINE('',#8892,#8893);
#8892 = CARTESIAN_POINT('',(46.,-25.5,0.));
#8893 = VECTOR('',#8894,1.);
#8894 = DIRECTION('',(1.,0.,0.));
#8895 = PLANE('',#8896);
#8896 = AXIS2_PLACEMENT_3D('',#8897,#8898,#8899);
#8897 = CARTESIAN_POINT('',(46.,-25.5,0.));
#8898 = DIRECTION('',(0.,1.,0.));
#8899 = DIRECTION('',(1.,0.,0.));
#8900 = ADVANCED_FACE('',(#8901),#8926,.T.);
#8901 = FACE_BOUND('',#8902,.T.);
#8902 = EDGE_LOOP('',(#8903,#8904,#8912,#8920));
#8903 = ORIENTED_EDGE('',*,*,#8850,.T.);
#8904 = ORIENTED_EDGE('',*,*,#8905,.T.);
#8905 = EDGE_CURVE('',#8842,#8906,#8908,.T.);
#8906 = VERTEX_POINT('',#8907);
#8907 = CARTESIAN_POINT('',(100.25,-102.,1.51));
#8908 = LINE('',#8909,#8910);
#8909 = CARTESIAN_POINT('',(100.25,-26.5,1.51));
#8910 = VECTOR('',#8911,1.);
#8911 = DIRECTION('',(0.,-1.,0.));
#8912 = ORIENTED_EDGE('',*,*,#8913,.F.);
#8913 = EDGE_CURVE('',#8914,#8906,#8916,.T.);
#8914 = VERTEX_POINT('',#8915);
#8915 = CARTESIAN_POINT('',(100.25,-102.,0.));
#8916 = LINE('',#8917,#8918);
#8917 = CARTESIAN_POINT('',(100.25,-102.,0.));
#8918 = VECTOR('',#8919,1.);
#8919 = DIRECTION('',(0.,0.,1.));
#8920 = ORIENTED_EDGE('',*,*,#8921,.F.);
#8921 = EDGE_CURVE('',#8851,#8914,#8922,.T.);
#8922 = LINE('',#8923,#8924);
#8923 = CARTESIAN_POINT('',(100.25,-26.5,0.));
#8924 = VECTOR('',#8925,1.);
#8925 = DIRECTION('',(0.,-1.,0.));
#8926 = PLANE('',#8927);
#8927 = AXIS2_PLACEMENT_3D('',#8928,#8929,#8930);
#8928 = CARTESIAN_POINT('',(100.25,-26.5,0.));
#8929 = DIRECTION('',(1.,0.,-0.));
#8930 = DIRECTION('',(0.,-1.,0.));
#8931 = ADVANCED_FACE('',(#8932,#8978,#8989,#9000,#9011,#9022,#9033,
    #9044,#9055,#9066,#9077,#9088,#9099,#9110,#9121,#9132,#9143,#9154,
    #9165,#9176,#9187,#9198,#9209,#9220,#9231,#9242,#9253,#9264,#9275,
    #9286,#9297,#9308,#9319,#9330),#9341,.F.);
#8932 = FACE_BOUND('',#8933,.F.);
#8933 = EDGE_LOOP('',(#8934,#8935,#8936,#8945,#8953,#8962,#8970,#8977));
#8934 = ORIENTED_EDGE('',*,*,#8858,.F.);
#8935 = ORIENTED_EDGE('',*,*,#8890,.F.);
#8936 = ORIENTED_EDGE('',*,*,#8937,.F.);
#8937 = EDGE_CURVE('',#8938,#8874,#8940,.T.);
#8938 = VERTEX_POINT('',#8939);
#8939 = CARTESIAN_POINT('',(45.,-26.5,0.));
#8940 = CIRCLE('',#8941,0.999999252925);
#8941 = AXIS2_PLACEMENT_3D('',#8942,#8943,#8944);
#8942 = CARTESIAN_POINT('',(45.999999252925,-26.49999925292,0.));
#8943 = DIRECTION('',(0.,0.,-1.));
#8944 = DIRECTION('',(-1.,-7.470757420593E-07,-0.));
#8945 = ORIENTED_EDGE('',*,*,#8946,.F.);
#8946 = EDGE_CURVE('',#8947,#8938,#8949,.T.);
#8947 = VERTEX_POINT('',#8948);
#8948 = CARTESIAN_POINT('',(45.,-102.,0.));
#8949 = LINE('',#8950,#8951);
#8950 = CARTESIAN_POINT('',(45.,-102.,0.));
#8951 = VECTOR('',#8952,1.);
#8952 = DIRECTION('',(0.,1.,0.));
#8953 = ORIENTED_EDGE('',*,*,#8954,.F.);
#8954 = EDGE_CURVE('',#8955,#8947,#8957,.T.);
#8955 = VERTEX_POINT('',#8956);
#8956 = CARTESIAN_POINT('',(46.,-103.,0.));
#8957 = CIRCLE('',#8958,0.999999252925);
#8958 = AXIS2_PLACEMENT_3D('',#8959,#8960,#8961);
#8959 = CARTESIAN_POINT('',(45.999999252925,-102.000000747,0.));
#8960 = DIRECTION('',(0.,0.,-1.));
#8961 = DIRECTION('',(7.470757349539E-07,-1.,0.));
#8962 = ORIENTED_EDGE('',*,*,#8963,.F.);
#8963 = EDGE_CURVE('',#8964,#8955,#8966,.T.);
#8964 = VERTEX_POINT('',#8965);
#8965 = CARTESIAN_POINT('',(99.25,-103.,0.));
#8966 = LINE('',#8967,#8968);
#8967 = CARTESIAN_POINT('',(99.25,-103.,0.));
#8968 = VECTOR('',#8969,1.);
#8969 = DIRECTION('',(-1.,0.,0.));
#8970 = ORIENTED_EDGE('',*,*,#8971,.F.);
#8971 = EDGE_CURVE('',#8914,#8964,#8972,.T.);
#8972 = CIRCLE('',#8973,0.999999252925);
#8973 = AXIS2_PLACEMENT_3D('',#8974,#8975,#8976);
#8974 = CARTESIAN_POINT('',(99.250000747075,-102.000000747,0.));
#8975 = DIRECTION('',(0.,0.,-1.));
#8976 = DIRECTION('',(1.,7.47075720743E-07,0.));
#8977 = ORIENTED_EDGE('',*,*,#8921,.F.);
#8978 = FACE_BOUND('',#8979,.F.);
#8979 = EDGE_LOOP('',(#8980));
#8980 = ORIENTED_EDGE('',*,*,#8981,.F.);
#8981 = EDGE_CURVE('',#8982,#8982,#8984,.T.);
#8982 = VERTEX_POINT('',#8983);
#8983 = CARTESIAN_POINT('',(48.5,-101.,0.));
#8984 = CIRCLE('',#8985,1.5);
#8985 = AXIS2_PLACEMENT_3D('',#8986,#8987,#8988);
#8986 = CARTESIAN_POINT('',(47.,-101.,0.));
#8987 = DIRECTION('',(0.,0.,1.));
#8988 = DIRECTION('',(1.,0.,-0.));
#8989 = FACE_BOUND('',#8990,.F.);
#8990 = EDGE_LOOP('',(#8991));
#8991 = ORIENTED_EDGE('',*,*,#8992,.T.);
#8992 = EDGE_CURVE('',#8993,#8993,#8995,.T.);
#8993 = VERTEX_POINT('',#8994);
#8994 = CARTESIAN_POINT('',(52.17,-95.5,0.));
#8995 = CIRCLE('',#8996,0.5);
#8996 = AXIS2_PLACEMENT_3D('',#8997,#8998,#8999);
#8997 = CARTESIAN_POINT('',(52.17,-95.,0.));
#8998 = DIRECTION('',(-0.,0.,-1.));
#8999 = DIRECTION('',(-0.,-1.,0.));
#9000 = FACE_BOUND('',#9001,.F.);
#9001 = EDGE_LOOP('',(#9002));
#9002 = ORIENTED_EDGE('',*,*,#9003,.T.);
#9003 = EDGE_CURVE('',#9004,#9004,#9006,.T.);
#9004 = VERTEX_POINT('',#9005);
#9005 = CARTESIAN_POINT('',(54.71,-95.5,0.));
#9006 = CIRCLE('',#9007,0.5);
#9007 = AXIS2_PLACEMENT_3D('',#9008,#9009,#9010);
#9008 = CARTESIAN_POINT('',(54.71,-95.,0.));
#9009 = DIRECTION('',(-0.,0.,-1.));
#9010 = DIRECTION('',(-0.,-1.,0.));
#9011 = FACE_BOUND('',#9012,.F.);
#9012 = EDGE_LOOP('',(#9013));
#9013 = ORIENTED_EDGE('',*,*,#9014,.T.);
#9014 = EDGE_CURVE('',#9015,#9015,#9017,.T.);
#9015 = VERTEX_POINT('',#9016);
#9016 = CARTESIAN_POINT('',(57.25,-95.5,0.));
#9017 = CIRCLE('',#9018,0.5);
#9018 = AXIS2_PLACEMENT_3D('',#9019,#9020,#9021);
#9019 = CARTESIAN_POINT('',(57.25,-95.,0.));
#9020 = DIRECTION('',(-0.,0.,-1.));
#9021 = DIRECTION('',(-0.,-1.,0.));
#9022 = FACE_BOUND('',#9023,.F.);
#9023 = EDGE_LOOP('',(#9024));
#9024 = ORIENTED_EDGE('',*,*,#9025,.T.);
#9025 = EDGE_CURVE('',#9026,#9026,#9028,.T.);
#9026 = VERTEX_POINT('',#9027);
#9027 = CARTESIAN_POINT('',(70.,-95.375,0.));
#9028 = CIRCLE('',#9029,0.375);
#9029 = AXIS2_PLACEMENT_3D('',#9030,#9031,#9032);
#9030 = CARTESIAN_POINT('',(70.,-95.,0.));
#9031 = DIRECTION('',(-0.,0.,-1.));
#9032 = DIRECTION('',(-0.,-1.,0.));
#9033 = FACE_BOUND('',#9034,.F.);
#9034 = EDGE_LOOP('',(#9035));
#9035 = ORIENTED_EDGE('',*,*,#9036,.T.);
#9036 = EDGE_CURVE('',#9037,#9037,#9039,.T.);
#9037 = VERTEX_POINT('',#9038);
#9038 = CARTESIAN_POINT('',(72.,-95.375,0.));
#9039 = CIRCLE('',#9040,0.375);
#9040 = AXIS2_PLACEMENT_3D('',#9041,#9042,#9043);
#9041 = CARTESIAN_POINT('',(72.,-95.,0.));
#9042 = DIRECTION('',(-0.,0.,-1.));
#9043 = DIRECTION('',(-0.,-1.,0.));
#9044 = FACE_BOUND('',#9045,.F.);
#9045 = EDGE_LOOP('',(#9046));
#9046 = ORIENTED_EDGE('',*,*,#9047,.T.);
#9047 = EDGE_CURVE('',#9048,#9048,#9050,.T.);
#9048 = VERTEX_POINT('',#9049);
#9049 = CARTESIAN_POINT('',(71.6,-79.168,0.));
#9050 = CIRCLE('',#9051,0.508);
#9051 = AXIS2_PLACEMENT_3D('',#9052,#9053,#9054);
#9052 = CARTESIAN_POINT('',(71.6,-78.66,0.));
#9053 = DIRECTION('',(-0.,0.,-1.));
#9054 = DIRECTION('',(-0.,-1.,0.));
#9055 = FACE_BOUND('',#9056,.F.);
#9056 = EDGE_LOOP('',(#9057));
#9057 = ORIENTED_EDGE('',*,*,#9058,.T.);
#9058 = EDGE_CURVE('',#9059,#9059,#9061,.T.);
#9059 = VERTEX_POINT('',#9060);
#9060 = CARTESIAN_POINT('',(71.6,-74.088,0.));
#9061 = CIRCLE('',#9062,0.508);
#9062 = AXIS2_PLACEMENT_3D('',#9063,#9064,#9065);
#9063 = CARTESIAN_POINT('',(71.6,-73.58,0.));
#9064 = DIRECTION('',(-0.,0.,-1.));
#9065 = DIRECTION('',(-0.,-1.,0.));
#9066 = FACE_BOUND('',#9067,.F.);
#9067 = EDGE_LOOP('',(#9068));
#9068 = ORIENTED_EDGE('',*,*,#9069,.T.);
#9069 = EDGE_CURVE('',#9070,#9070,#9072,.T.);
#9070 = VERTEX_POINT('',#9071);
#9071 = CARTESIAN_POINT('',(81.76,-84.248,0.));
#9072 = CIRCLE('',#9073,0.508);
#9073 = AXIS2_PLACEMENT_3D('',#9074,#9075,#9076);
#9074 = CARTESIAN_POINT('',(81.76,-83.74,0.));
#9075 = DIRECTION('',(-0.,0.,-1.));
#9076 = DIRECTION('',(2.797412345512E-14,-1.,-0.));
#9077 = FACE_BOUND('',#9078,.F.);
#9078 = EDGE_LOOP('',(#9079));
#9079 = ORIENTED_EDGE('',*,*,#9080,.T.);
#9080 = EDGE_CURVE('',#9081,#9081,#9083,.T.);
#9081 = VERTEX_POINT('',#9082);
#9082 = CARTESIAN_POINT('',(84.3,-84.248,0.));
#9083 = CIRCLE('',#9084,0.508);
#9084 = AXIS2_PLACEMENT_3D('',#9085,#9086,#9087);
#9085 = CARTESIAN_POINT('',(84.3,-83.74,0.));
#9086 = DIRECTION('',(-0.,0.,-1.));
#9087 = DIRECTION('',(-2.797412345512E-14,-1.,0.));
#9088 = FACE_BOUND('',#9089,.F.);
#9089 = EDGE_LOOP('',(#9090));
#9090 = ORIENTED_EDGE('',*,*,#9091,.F.);
#9091 = EDGE_CURVE('',#9092,#9092,#9094,.T.);
#9092 = VERTEX_POINT('',#9093);
#9093 = CARTESIAN_POINT('',(99.75,-101.,0.));
#9094 = CIRCLE('',#9095,1.5);
#9095 = AXIS2_PLACEMENT_3D('',#9096,#9097,#9098);
#9096 = CARTESIAN_POINT('',(98.25,-101.,0.));
#9097 = DIRECTION('',(0.,0.,1.));
#9098 = DIRECTION('',(1.,0.,-0.));
#9099 = FACE_BOUND('',#9100,.F.);
#9100 = EDGE_LOOP('',(#9101));
#9101 = ORIENTED_EDGE('',*,*,#9102,.T.);
#9102 = EDGE_CURVE('',#9103,#9103,#9105,.T.);
#9103 = VERTEX_POINT('',#9104);
#9104 = CARTESIAN_POINT('',(86.84,-84.248,0.));
#9105 = CIRCLE('',#9106,0.508);
#9106 = AXIS2_PLACEMENT_3D('',#9107,#9108,#9109);
#9107 = CARTESIAN_POINT('',(86.84,-83.74,0.));
#9108 = DIRECTION('',(-0.,0.,-1.));
#9109 = DIRECTION('',(-0.,-1.,0.));
#9110 = FACE_BOUND('',#9111,.F.);
#9111 = EDGE_LOOP('',(#9112));
#9112 = ORIENTED_EDGE('',*,*,#9113,.T.);
#9113 = EDGE_CURVE('',#9114,#9114,#9116,.T.);
#9114 = VERTEX_POINT('',#9115);
#9115 = CARTESIAN_POINT('',(89.38,-84.248,0.));
#9116 = CIRCLE('',#9117,0.508);
#9117 = AXIS2_PLACEMENT_3D('',#9118,#9119,#9120);
#9118 = CARTESIAN_POINT('',(89.38,-83.74,0.));
#9119 = DIRECTION('',(-0.,0.,-1.));
#9120 = DIRECTION('',(-0.,-1.,0.));
#9121 = FACE_BOUND('',#9122,.F.);
#9122 = EDGE_LOOP('',(#9123));
#9123 = ORIENTED_EDGE('',*,*,#9124,.T.);
#9124 = EDGE_CURVE('',#9125,#9125,#9127,.T.);
#9125 = VERTEX_POINT('',#9126);
#9126 = CARTESIAN_POINT('',(91.92,-84.248,0.));
#9127 = CIRCLE('',#9128,0.508);
#9128 = AXIS2_PLACEMENT_3D('',#9129,#9130,#9131);
#9129 = CARTESIAN_POINT('',(91.92,-83.74,0.));
#9130 = DIRECTION('',(-0.,0.,-1.));
#9131 = DIRECTION('',(-0.,-1.,0.));
#9132 = FACE_BOUND('',#9133,.F.);
#9133 = EDGE_LOOP('',(#9134));
#9134 = ORIENTED_EDGE('',*,*,#9135,.T.);
#9135 = EDGE_CURVE('',#9136,#9136,#9138,.T.);
#9136 = VERTEX_POINT('',#9137);
#9137 = CARTESIAN_POINT('',(94.46,-84.248,0.));
#9138 = CIRCLE('',#9139,0.508);
#9139 = AXIS2_PLACEMENT_3D('',#9140,#9141,#9142);
#9140 = CARTESIAN_POINT('',(94.46,-83.74,0.));
#9141 = DIRECTION('',(-0.,0.,-1.));
#9142 = DIRECTION('',(-2.797412345512E-14,-1.,0.));
#9143 = FACE_BOUND('',#9144,.F.);
#9144 = EDGE_LOOP('',(#9145));
#9145 = ORIENTED_EDGE('',*,*,#9146,.T.);
#9146 = EDGE_CURVE('',#9147,#9147,#9149,.T.);
#9147 = VERTEX_POINT('',#9148);
#9148 = CARTESIAN_POINT('',(97.,-84.248,0.));
#9149 = CIRCLE('',#9150,0.508);
#9150 = AXIS2_PLACEMENT_3D('',#9151,#9152,#9153);
#9151 = CARTESIAN_POINT('',(97.,-83.74,0.));
#9152 = DIRECTION('',(-0.,0.,-1.));
#9153 = DIRECTION('',(-0.,-1.,0.));
#9154 = FACE_BOUND('',#9155,.F.);
#9155 = EDGE_LOOP('',(#9156));
#9156 = ORIENTED_EDGE('',*,*,#9157,.T.);
#9157 = EDGE_CURVE('',#9158,#9158,#9160,.T.);
#9158 = VERTEX_POINT('',#9159);
#9159 = CARTESIAN_POINT('',(81.76,-69.008,0.));
#9160 = CIRCLE('',#9161,0.508);
#9161 = AXIS2_PLACEMENT_3D('',#9162,#9163,#9164);
#9162 = CARTESIAN_POINT('',(81.76,-68.5,0.));
#9163 = DIRECTION('',(-0.,0.,-1.));
#9164 = DIRECTION('',(2.797412345512E-14,-1.,-0.));
#9165 = FACE_BOUND('',#9166,.F.);
#9166 = EDGE_LOOP('',(#9167));
#9167 = ORIENTED_EDGE('',*,*,#9168,.T.);
#9168 = EDGE_CURVE('',#9169,#9169,#9171,.T.);
#9169 = VERTEX_POINT('',#9170);
#9170 = CARTESIAN_POINT('',(84.3,-69.008,0.));
#9171 = CIRCLE('',#9172,0.508);
#9172 = AXIS2_PLACEMENT_3D('',#9173,#9174,#9175);
#9173 = CARTESIAN_POINT('',(84.3,-68.5,0.));
#9174 = DIRECTION('',(-0.,0.,-1.));
#9175 = DIRECTION('',(-2.797412345512E-14,-1.,0.));
#9176 = FACE_BOUND('',#9177,.F.);
#9177 = EDGE_LOOP('',(#9178));
#9178 = ORIENTED_EDGE('',*,*,#9179,.T.);
#9179 = EDGE_CURVE('',#9180,#9180,#9182,.T.);
#9180 = VERTEX_POINT('',#9181);
#9181 = CARTESIAN_POINT('',(86.84,-69.008,0.));
#9182 = CIRCLE('',#9183,0.508);
#9183 = AXIS2_PLACEMENT_3D('',#9184,#9185,#9186);
#9184 = CARTESIAN_POINT('',(86.84,-68.5,0.));
#9185 = DIRECTION('',(-0.,0.,-1.));
#9186 = DIRECTION('',(-0.,-1.,0.));
#9187 = FACE_BOUND('',#9188,.F.);
#9188 = EDGE_LOOP('',(#9189));
#9189 = ORIENTED_EDGE('',*,*,#9190,.T.);
#9190 = EDGE_CURVE('',#9191,#9191,#9193,.T.);
#9191 = VERTEX_POINT('',#9192);
#9192 = CARTESIAN_POINT('',(89.38,-69.008,0.));
#9193 = CIRCLE('',#9194,0.508);
#9194 = AXIS2_PLACEMENT_3D('',#9195,#9196,#9197);
#9195 = CARTESIAN_POINT('',(89.38,-68.5,0.));
#9196 = DIRECTION('',(-0.,0.,-1.));
#9197 = DIRECTION('',(-0.,-1.,0.));
#9198 = FACE_BOUND('',#9199,.F.);
#9199 = EDGE_LOOP('',(#9200));
#9200 = ORIENTED_EDGE('',*,*,#9201,.T.);
#9201 = EDGE_CURVE('',#9202,#9202,#9204,.T.);
#9202 = VERTEX_POINT('',#9203);
#9203 = CARTESIAN_POINT('',(91.92,-69.008,0.));
#9204 = CIRCLE('',#9205,0.508);
#9205 = AXIS2_PLACEMENT_3D('',#9206,#9207,#9208);
#9206 = CARTESIAN_POINT('',(91.92,-68.5,0.));
#9207 = DIRECTION('',(-0.,0.,-1.));
#9208 = DIRECTION('',(-0.,-1.,0.));
#9209 = FACE_BOUND('',#9210,.F.);
#9210 = EDGE_LOOP('',(#9211));
#9211 = ORIENTED_EDGE('',*,*,#9212,.T.);
#9212 = EDGE_CURVE('',#9213,#9213,#9215,.T.);
#9213 = VERTEX_POINT('',#9214);
#9214 = CARTESIAN_POINT('',(94.46,-69.008,0.));
#9215 = CIRCLE('',#9216,0.508);
#9216 = AXIS2_PLACEMENT_3D('',#9217,#9218,#9219);
#9217 = CARTESIAN_POINT('',(94.46,-68.5,0.));
#9218 = DIRECTION('',(-0.,0.,-1.));
#9219 = DIRECTION('',(-2.797412345512E-14,-1.,0.));
#9220 = FACE_BOUND('',#9221,.F.);
#9221 = EDGE_LOOP('',(#9222));
#9222 = ORIENTED_EDGE('',*,*,#9223,.T.);
#9223 = EDGE_CURVE('',#9224,#9224,#9226,.T.);
#9224 = VERTEX_POINT('',#9225);
#9225 = CARTESIAN_POINT('',(97.,-69.008,0.));
#9226 = CIRCLE('',#9227,0.508);
#9227 = AXIS2_PLACEMENT_3D('',#9228,#9229,#9230);
#9228 = CARTESIAN_POINT('',(97.,-68.5,0.));
#9229 = DIRECTION('',(-0.,0.,-1.));
#9230 = DIRECTION('',(-0.,-1.,0.));
#9231 = FACE_BOUND('',#9232,.F.);
#9232 = EDGE_LOOP('',(#9233));
#9233 = ORIENTED_EDGE('',*,*,#9234,.F.);
#9234 = EDGE_CURVE('',#9235,#9235,#9237,.T.);
#9235 = VERTEX_POINT('',#9236);
#9236 = CARTESIAN_POINT('',(65.37,-53.31,0.));
#9237 = CIRCLE('',#9238,1.3);
#9238 = AXIS2_PLACEMENT_3D('',#9239,#9240,#9241);
#9239 = CARTESIAN_POINT('',(64.07,-53.31,0.));
#9240 = DIRECTION('',(0.,0.,1.));
#9241 = DIRECTION('',(1.,0.,-0.));
#9242 = FACE_BOUND('',#9243,.F.);
#9243 = EDGE_LOOP('',(#9244));
#9244 = ORIENTED_EDGE('',*,*,#9245,.T.);
#9245 = EDGE_CURVE('',#9246,#9246,#9248,.T.);
#9246 = VERTEX_POINT('',#9247);
#9247 = CARTESIAN_POINT('',(61.64,-48.545,0.));
#9248 = CIRCLE('',#9249,0.425);
#9249 = AXIS2_PLACEMENT_3D('',#9250,#9251,#9252);
#9250 = CARTESIAN_POINT('',(61.64,-48.12,0.));
#9251 = DIRECTION('',(-0.,0.,-1.));
#9252 = DIRECTION('',(-0.,-1.,0.));
#9253 = FACE_BOUND('',#9254,.F.);
#9254 = EDGE_LOOP('',(#9255));
#9255 = ORIENTED_EDGE('',*,*,#9256,.F.);
#9256 = EDGE_CURVE('',#9257,#9257,#9259,.T.);
#9257 = VERTEX_POINT('',#9258);
#9258 = CARTESIAN_POINT('',(48.5,-27.5,0.));
#9259 = CIRCLE('',#9260,1.5);
#9260 = AXIS2_PLACEMENT_3D('',#9261,#9262,#9263);
#9261 = CARTESIAN_POINT('',(47.,-27.5,0.));
#9262 = DIRECTION('',(0.,0.,1.));
#9263 = DIRECTION('',(1.,0.,-0.));
#9264 = FACE_BOUND('',#9265,.F.);
#9265 = EDGE_LOOP('',(#9266));
#9266 = ORIENTED_EDGE('',*,*,#9267,.F.);
#9267 = EDGE_CURVE('',#9268,#9268,#9270,.T.);
#9268 = VERTEX_POINT('',#9269);
#9269 = CARTESIAN_POINT('',(60.52,-44.31,0.));
#9270 = CIRCLE('',#9271,0.95);
#9271 = AXIS2_PLACEMENT_3D('',#9272,#9273,#9274);
#9272 = CARTESIAN_POINT('',(59.57,-44.31,0.));
#9273 = DIRECTION('',(0.,0.,1.));
#9274 = DIRECTION('',(1.,0.,-0.));
#9275 = FACE_BOUND('',#9276,.F.);
#9276 = EDGE_LOOP('',(#9277));
#9277 = ORIENTED_EDGE('',*,*,#9278,.T.);
#9278 = EDGE_CURVE('',#9279,#9279,#9281,.T.);
#9279 = VERTEX_POINT('',#9280);
#9280 = CARTESIAN_POINT('',(61.64,-40.925,0.));
#9281 = CIRCLE('',#9282,0.425);
#9282 = AXIS2_PLACEMENT_3D('',#9283,#9284,#9285);
#9283 = CARTESIAN_POINT('',(61.64,-40.5,0.));
#9284 = DIRECTION('',(-0.,0.,-1.));
#9285 = DIRECTION('',(-0.,-1.,0.));
#9286 = FACE_BOUND('',#9287,.F.);
#9287 = EDGE_LOOP('',(#9288));
#9288 = ORIENTED_EDGE('',*,*,#9289,.T.);
#9289 = EDGE_CURVE('',#9290,#9290,#9292,.T.);
#9290 = VERTEX_POINT('',#9291);
#9291 = CARTESIAN_POINT('',(84.5,-48.545,0.));
#9292 = CIRCLE('',#9293,0.425);
#9293 = AXIS2_PLACEMENT_3D('',#9294,#9295,#9296);
#9294 = CARTESIAN_POINT('',(84.5,-48.12,0.));
#9295 = DIRECTION('',(-0.,0.,-1.));
#9296 = DIRECTION('',(-0.,-1.,0.));
#9297 = FACE_BOUND('',#9298,.F.);
#9298 = EDGE_LOOP('',(#9299));
#9299 = ORIENTED_EDGE('',*,*,#9300,.T.);
#9300 = EDGE_CURVE('',#9301,#9301,#9303,.T.);
#9301 = VERTEX_POINT('',#9302);
#9302 = CARTESIAN_POINT('',(84.5,-40.925,0.));
#9303 = CIRCLE('',#9304,0.425);
#9304 = AXIS2_PLACEMENT_3D('',#9305,#9306,#9307);
#9305 = CARTESIAN_POINT('',(84.5,-40.5,0.));
#9306 = DIRECTION('',(-0.,0.,-1.));
#9307 = DIRECTION('',(-0.,-1.,0.));
#9308 = FACE_BOUND('',#9309,.F.);
#9309 = EDGE_LOOP('',(#9310));
#9310 = ORIENTED_EDGE('',*,*,#9311,.F.);
#9311 = EDGE_CURVE('',#9312,#9312,#9314,.T.);
#9312 = VERTEX_POINT('',#9313);
#9313 = CARTESIAN_POINT('',(75.02,-34.31,0.));
#9314 = CIRCLE('',#9315,1.95);
#9315 = AXIS2_PLACEMENT_3D('',#9316,#9317,#9318);
#9316 = CARTESIAN_POINT('',(73.07,-34.31,0.));
#9317 = DIRECTION('',(0.,0.,1.));
#9318 = DIRECTION('',(1.,0.,-0.));
#9319 = FACE_BOUND('',#9320,.F.);
#9320 = EDGE_LOOP('',(#9321));
#9321 = ORIENTED_EDGE('',*,*,#9322,.F.);
#9322 = EDGE_CURVE('',#9323,#9323,#9325,.T.);
#9323 = VERTEX_POINT('',#9324);
#9324 = CARTESIAN_POINT('',(87.52,-44.31,0.));
#9325 = CIRCLE('',#9326,0.95);
#9326 = AXIS2_PLACEMENT_3D('',#9327,#9328,#9329);
#9327 = CARTESIAN_POINT('',(86.57,-44.31,0.));
#9328 = DIRECTION('',(0.,0.,1.));
#9329 = DIRECTION('',(1.,0.,-0.));
#9330 = FACE_BOUND('',#9331,.F.);
#9331 = EDGE_LOOP('',(#9332));
#9332 = ORIENTED_EDGE('',*,*,#9333,.F.);
#9333 = EDGE_CURVE('',#9334,#9334,#9336,.T.);
#9334 = VERTEX_POINT('',#9335);
#9335 = CARTESIAN_POINT('',(99.75,-27.5,0.));
#9336 = CIRCLE('',#9337,1.5);
#9337 = AXIS2_PLACEMENT_3D('',#9338,#9339,#9340);
#9338 = CARTESIAN_POINT('',(98.25,-27.5,0.));
#9339 = DIRECTION('',(0.,0.,1.));
#9340 = DIRECTION('',(1.,0.,-0.));
#9341 = PLANE('',#9342);
#9342 = AXIS2_PLACEMENT_3D('',#9343,#9344,#9345);
#9343 = CARTESIAN_POINT('',(0.,0.,0.));
#9344 = DIRECTION('',(0.,0.,1.));
#9345 = DIRECTION('',(1.,0.,-0.));
#9346 = ADVANCED_FACE('',(#9347,#9393,#9404,#9415,#9426,#9437,#9448,
    #9459,#9470,#9481,#9492,#9503,#9514,#9525,#9536,#9547,#9558,#9569,
    #9580,#9591,#9602,#9613,#9624,#9635,#9646,#9657,#9668,#9679,#9690,
    #9701,#9712,#9723,#9734,#9745),#9756,.T.);
#9347 = FACE_BOUND('',#9348,.T.);
#9348 = EDGE_LOOP('',(#9349,#9350,#9351,#9360,#9368,#9377,#9385,#9392));
#9349 = ORIENTED_EDGE('',*,*,#8841,.F.);
#9350 = ORIENTED_EDGE('',*,*,#8883,.F.);
#9351 = ORIENTED_EDGE('',*,*,#9352,.F.);
#9352 = EDGE_CURVE('',#9353,#8876,#9355,.T.);
#9353 = VERTEX_POINT('',#9354);
#9354 = CARTESIAN_POINT('',(45.,-26.5,1.51));
#9355 = CIRCLE('',#9356,0.999999252925);
#9356 = AXIS2_PLACEMENT_3D('',#9357,#9358,#9359);
#9357 = CARTESIAN_POINT('',(45.999999252925,-26.49999925292,1.51));
#9358 = DIRECTION('',(0.,0.,-1.));
#9359 = DIRECTION('',(-1.,-7.470757420593E-07,-0.));
#9360 = ORIENTED_EDGE('',*,*,#9361,.F.);
#9361 = EDGE_CURVE('',#9362,#9353,#9364,.T.);
#9362 = VERTEX_POINT('',#9363);
#9363 = CARTESIAN_POINT('',(45.,-102.,1.51));
#9364 = LINE('',#9365,#9366);
#9365 = CARTESIAN_POINT('',(45.,-102.,1.51));
#9366 = VECTOR('',#9367,1.);
#9367 = DIRECTION('',(0.,1.,0.));
#9368 = ORIENTED_EDGE('',*,*,#9369,.F.);
#9369 = EDGE_CURVE('',#9370,#9362,#9372,.T.);
#9370 = VERTEX_POINT('',#9371);
#9371 = CARTESIAN_POINT('',(46.,-103.,1.51));
#9372 = CIRCLE('',#9373,0.999999252925);
#9373 = AXIS2_PLACEMENT_3D('',#9374,#9375,#9376);
#9374 = CARTESIAN_POINT('',(45.999999252925,-102.000000747,1.51));
#9375 = DIRECTION('',(0.,0.,-1.));
#9376 = DIRECTION('',(7.470757349539E-07,-1.,0.));
#9377 = ORIENTED_EDGE('',*,*,#9378,.F.);
#9378 = EDGE_CURVE('',#9379,#9370,#9381,.T.);
#9379 = VERTEX_POINT('',#9380);
#9380 = CARTESIAN_POINT('',(99.25,-103.,1.51));
#9381 = LINE('',#9382,#9383);
#9382 = CARTESIAN_POINT('',(99.25,-103.,1.51));
#9383 = VECTOR('',#9384,1.);
#9384 = DIRECTION('',(-1.,0.,0.));
#9385 = ORIENTED_EDGE('',*,*,#9386,.F.);
#9386 = EDGE_CURVE('',#8906,#9379,#9387,.T.);
#9387 = CIRCLE('',#9388,0.999999252925);
#9388 = AXIS2_PLACEMENT_3D('',#9389,#9390,#9391);
#9389 = CARTESIAN_POINT('',(99.250000747075,-102.000000747,1.51));
#9390 = DIRECTION('',(0.,0.,-1.));
#9391 = DIRECTION('',(1.,7.47075720743E-07,0.));
#9392 = ORIENTED_EDGE('',*,*,#8905,.F.);
#9393 = FACE_BOUND('',#9394,.T.);
#9394 = EDGE_LOOP('',(#9395));
#9395 = ORIENTED_EDGE('',*,*,#9396,.F.);
#9396 = EDGE_CURVE('',#9397,#9397,#9399,.T.);
#9397 = VERTEX_POINT('',#9398);
#9398 = CARTESIAN_POINT('',(48.5,-101.,1.51));
#9399 = CIRCLE('',#9400,1.5);
#9400 = AXIS2_PLACEMENT_3D('',#9401,#9402,#9403);
#9401 = CARTESIAN_POINT('',(47.,-101.,1.51));
#9402 = DIRECTION('',(0.,0.,1.));
#9403 = DIRECTION('',(1.,0.,-0.));
#9404 = FACE_BOUND('',#9405,.T.);
#9405 = EDGE_LOOP('',(#9406));
#9406 = ORIENTED_EDGE('',*,*,#9407,.T.);
#9407 = EDGE_CURVE('',#9408,#9408,#9410,.T.);
#9408 = VERTEX_POINT('',#9409);
#9409 = CARTESIAN_POINT('',(52.17,-95.5,1.51));
#9410 = CIRCLE('',#9411,0.5);
#9411 = AXIS2_PLACEMENT_3D('',#9412,#9413,#9414);
#9412 = CARTESIAN_POINT('',(52.17,-95.,1.51));
#9413 = DIRECTION('',(-0.,0.,-1.));
#9414 = DIRECTION('',(-0.,-1.,0.));
#9415 = FACE_BOUND('',#9416,.T.);
#9416 = EDGE_LOOP('',(#9417));
#9417 = ORIENTED_EDGE('',*,*,#9418,.T.);
#9418 = EDGE_CURVE('',#9419,#9419,#9421,.T.);
#9419 = VERTEX_POINT('',#9420);
#9420 = CARTESIAN_POINT('',(54.71,-95.5,1.51));
#9421 = CIRCLE('',#9422,0.5);
#9422 = AXIS2_PLACEMENT_3D('',#9423,#9424,#9425);
#9423 = CARTESIAN_POINT('',(54.71,-95.,1.51));
#9424 = DIRECTION('',(-0.,0.,-1.));
#9425 = DIRECTION('',(-0.,-1.,0.));
#9426 = FACE_BOUND('',#9427,.T.);
#9427 = EDGE_LOOP('',(#9428));
#9428 = ORIENTED_EDGE('',*,*,#9429,.T.);
#9429 = EDGE_CURVE('',#9430,#9430,#9432,.T.);
#9430 = VERTEX_POINT('',#9431);
#9431 = CARTESIAN_POINT('',(57.25,-95.5,1.51));
#9432 = CIRCLE('',#9433,0.5);
#9433 = AXIS2_PLACEMENT_3D('',#9434,#9435,#9436);
#9434 = CARTESIAN_POINT('',(57.25,-95.,1.51));
#9435 = DIRECTION('',(-0.,0.,-1.));
#9436 = DIRECTION('',(-0.,-1.,0.));
#9437 = FACE_BOUND('',#9438,.T.);
#9438 = EDGE_LOOP('',(#9439));
#9439 = ORIENTED_EDGE('',*,*,#9440,.T.);
#9440 = EDGE_CURVE('',#9441,#9441,#9443,.T.);
#9441 = VERTEX_POINT('',#9442);
#9442 = CARTESIAN_POINT('',(70.,-95.375,1.51));
#9443 = CIRCLE('',#9444,0.375);
#9444 = AXIS2_PLACEMENT_3D('',#9445,#9446,#9447);
#9445 = CARTESIAN_POINT('',(70.,-95.,1.51));
#9446 = DIRECTION('',(-0.,0.,-1.));
#9447 = DIRECTION('',(-0.,-1.,0.));
#9448 = FACE_BOUND('',#9449,.T.);
#9449 = EDGE_LOOP('',(#9450));
#9450 = ORIENTED_EDGE('',*,*,#9451,.T.);
#9451 = EDGE_CURVE('',#9452,#9452,#9454,.T.);
#9452 = VERTEX_POINT('',#9453);
#9453 = CARTESIAN_POINT('',(72.,-95.375,1.51));
#9454 = CIRCLE('',#9455,0.375);
#9455 = AXIS2_PLACEMENT_3D('',#9456,#9457,#9458);
#9456 = CARTESIAN_POINT('',(72.,-95.,1.51));
#9457 = DIRECTION('',(-0.,0.,-1.));
#9458 = DIRECTION('',(-0.,-1.,0.));
#9459 = FACE_BOUND('',#9460,.T.);
#9460 = EDGE_LOOP('',(#9461));
#9461 = ORIENTED_EDGE('',*,*,#9462,.T.);
#9462 = EDGE_CURVE('',#9463,#9463,#9465,.T.);
#9463 = VERTEX_POINT('',#9464);
#9464 = CARTESIAN_POINT('',(71.6,-79.168,1.51));
#9465 = CIRCLE('',#9466,0.508);
#9466 = AXIS2_PLACEMENT_3D('',#9467,#9468,#9469);
#9467 = CARTESIAN_POINT('',(71.6,-78.66,1.51));
#9468 = DIRECTION('',(-0.,0.,-1.));
#9469 = DIRECTION('',(-0.,-1.,0.));
#9470 = FACE_BOUND('',#9471,.T.);
#9471 = EDGE_LOOP('',(#9472));
#9472 = ORIENTED_EDGE('',*,*,#9473,.T.);
#9473 = EDGE_CURVE('',#9474,#9474,#9476,.T.);
#9474 = VERTEX_POINT('',#9475);
#9475 = CARTESIAN_POINT('',(71.6,-74.088,1.51));
#9476 = CIRCLE('',#9477,0.508);
#9477 = AXIS2_PLACEMENT_3D('',#9478,#9479,#9480);
#9478 = CARTESIAN_POINT('',(71.6,-73.58,1.51));
#9479 = DIRECTION('',(-0.,0.,-1.));
#9480 = DIRECTION('',(-0.,-1.,0.));
#9481 = FACE_BOUND('',#9482,.T.);
#9482 = EDGE_LOOP('',(#9483));
#9483 = ORIENTED_EDGE('',*,*,#9484,.T.);
#9484 = EDGE_CURVE('',#9485,#9485,#9487,.T.);
#9485 = VERTEX_POINT('',#9486);
#9486 = CARTESIAN_POINT('',(81.76,-84.248,1.51));
#9487 = CIRCLE('',#9488,0.508);
#9488 = AXIS2_PLACEMENT_3D('',#9489,#9490,#9491);
#9489 = CARTESIAN_POINT('',(81.76,-83.74,1.51));
#9490 = DIRECTION('',(-0.,0.,-1.));
#9491 = DIRECTION('',(2.797412345512E-14,-1.,-0.));
#9492 = FACE_BOUND('',#9493,.T.);
#9493 = EDGE_LOOP('',(#9494));
#9494 = ORIENTED_EDGE('',*,*,#9495,.T.);
#9495 = EDGE_CURVE('',#9496,#9496,#9498,.T.);
#9496 = VERTEX_POINT('',#9497);
#9497 = CARTESIAN_POINT('',(84.3,-84.248,1.51));
#9498 = CIRCLE('',#9499,0.508);
#9499 = AXIS2_PLACEMENT_3D('',#9500,#9501,#9502);
#9500 = CARTESIAN_POINT('',(84.3,-83.74,1.51));
#9501 = DIRECTION('',(-0.,0.,-1.));
#9502 = DIRECTION('',(-2.797412345512E-14,-1.,0.));
#9503 = FACE_BOUND('',#9504,.T.);
#9504 = EDGE_LOOP('',(#9505));
#9505 = ORIENTED_EDGE('',*,*,#9506,.F.);
#9506 = EDGE_CURVE('',#9507,#9507,#9509,.T.);
#9507 = VERTEX_POINT('',#9508);
#9508 = CARTESIAN_POINT('',(99.75,-101.,1.51));
#9509 = CIRCLE('',#9510,1.5);
#9510 = AXIS2_PLACEMENT_3D('',#9511,#9512,#9513);
#9511 = CARTESIAN_POINT('',(98.25,-101.,1.51));
#9512 = DIRECTION('',(0.,0.,1.));
#9513 = DIRECTION('',(1.,0.,-0.));
#9514 = FACE_BOUND('',#9515,.T.);
#9515 = EDGE_LOOP('',(#9516));
#9516 = ORIENTED_EDGE('',*,*,#9517,.T.);
#9517 = EDGE_CURVE('',#9518,#9518,#9520,.T.);
#9518 = VERTEX_POINT('',#9519);
#9519 = CARTESIAN_POINT('',(86.84,-84.248,1.51));
#9520 = CIRCLE('',#9521,0.508);
#9521 = AXIS2_PLACEMENT_3D('',#9522,#9523,#9524);
#9522 = CARTESIAN_POINT('',(86.84,-83.74,1.51));
#9523 = DIRECTION('',(-0.,0.,-1.));
#9524 = DIRECTION('',(-0.,-1.,0.));
#9525 = FACE_BOUND('',#9526,.T.);
#9526 = EDGE_LOOP('',(#9527));
#9527 = ORIENTED_EDGE('',*,*,#9528,.T.);
#9528 = EDGE_CURVE('',#9529,#9529,#9531,.T.);
#9529 = VERTEX_POINT('',#9530);
#9530 = CARTESIAN_POINT('',(89.38,-84.248,1.51));
#9531 = CIRCLE('',#9532,0.508);
#9532 = AXIS2_PLACEMENT_3D('',#9533,#9534,#9535);
#9533 = CARTESIAN_POINT('',(89.38,-83.74,1.51));
#9534 = DIRECTION('',(-0.,0.,-1.));
#9535 = DIRECTION('',(-0.,-1.,0.));
#9536 = FACE_BOUND('',#9537,.T.);
#9537 = EDGE_LOOP('',(#9538));
#9538 = ORIENTED_EDGE('',*,*,#9539,.T.);
#9539 = EDGE_CURVE('',#9540,#9540,#9542,.T.);
#9540 = VERTEX_POINT('',#9541);
#9541 = CARTESIAN_POINT('',(91.92,-84.248,1.51));
#9542 = CIRCLE('',#9543,0.508);
#9543 = AXIS2_PLACEMENT_3D('',#9544,#9545,#9546);
#9544 = CARTESIAN_POINT('',(91.92,-83.74,1.51));
#9545 = DIRECTION('',(-0.,0.,-1.));
#9546 = DIRECTION('',(-0.,-1.,0.));
#9547 = FACE_BOUND('',#9548,.T.);
#9548 = EDGE_LOOP('',(#9549));
#9549 = ORIENTED_EDGE('',*,*,#9550,.T.);
#9550 = EDGE_CURVE('',#9551,#9551,#9553,.T.);
#9551 = VERTEX_POINT('',#9552);
#9552 = CARTESIAN_POINT('',(94.46,-84.248,1.51));
#9553 = CIRCLE('',#9554,0.508);
#9554 = AXIS2_PLACEMENT_3D('',#9555,#9556,#9557);
#9555 = CARTESIAN_POINT('',(94.46,-83.74,1.51));
#9556 = DIRECTION('',(-0.,0.,-1.));
#9557 = DIRECTION('',(-2.797412345512E-14,-1.,0.));
#9558 = FACE_BOUND('',#9559,.T.);
#9559 = EDGE_LOOP('',(#9560));
#9560 = ORIENTED_EDGE('',*,*,#9561,.T.);
#9561 = EDGE_CURVE('',#9562,#9562,#9564,.T.);
#9562 = VERTEX_POINT('',#9563);
#9563 = CARTESIAN_POINT('',(97.,-84.248,1.51));
#9564 = CIRCLE('',#9565,0.508);
#9565 = AXIS2_PLACEMENT_3D('',#9566,#9567,#9568);
#9566 = CARTESIAN_POINT('',(97.,-83.74,1.51));
#9567 = DIRECTION('',(-0.,0.,-1.));
#9568 = DIRECTION('',(-0.,-1.,0.));
#9569 = FACE_BOUND('',#9570,.T.);
#9570 = EDGE_LOOP('',(#9571));
#9571 = ORIENTED_EDGE('',*,*,#9572,.T.);
#9572 = EDGE_CURVE('',#9573,#9573,#9575,.T.);
#9573 = VERTEX_POINT('',#9574);
#9574 = CARTESIAN_POINT('',(81.76,-69.008,1.51));
#9575 = CIRCLE('',#9576,0.508);
#9576 = AXIS2_PLACEMENT_3D('',#9577,#9578,#9579);
#9577 = CARTESIAN_POINT('',(81.76,-68.5,1.51));
#9578 = DIRECTION('',(-0.,0.,-1.));
#9579 = DIRECTION('',(2.797412345512E-14,-1.,-0.));
#9580 = FACE_BOUND('',#9581,.T.);
#9581 = EDGE_LOOP('',(#9582));
#9582 = ORIENTED_EDGE('',*,*,#9583,.T.);
#9583 = EDGE_CURVE('',#9584,#9584,#9586,.T.);
#9584 = VERTEX_POINT('',#9585);
#9585 = CARTESIAN_POINT('',(84.3,-69.008,1.51));
#9586 = CIRCLE('',#9587,0.508);
#9587 = AXIS2_PLACEMENT_3D('',#9588,#9589,#9590);
#9588 = CARTESIAN_POINT('',(84.3,-68.5,1.51));
#9589 = DIRECTION('',(-0.,0.,-1.));
#9590 = DIRECTION('',(-2.797412345512E-14,-1.,0.));
#9591 = FACE_BOUND('',#9592,.T.);
#9592 = EDGE_LOOP('',(#9593));
#9593 = ORIENTED_EDGE('',*,*,#9594,.T.);
#9594 = EDGE_CURVE('',#9595,#9595,#9597,.T.);
#9595 = VERTEX_POINT('',#9596);
#9596 = CARTESIAN_POINT('',(86.84,-69.008,1.51));
#9597 = CIRCLE('',#9598,0.508);
#9598 = AXIS2_PLACEMENT_3D('',#9599,#9600,#9601);
#9599 = CARTESIAN_POINT('',(86.84,-68.5,1.51));
#9600 = DIRECTION('',(-0.,0.,-1.));
#9601 = DIRECTION('',(-0.,-1.,0.));
#9602 = FACE_BOUND('',#9603,.T.);
#9603 = EDGE_LOOP('',(#9604));
#9604 = ORIENTED_EDGE('',*,*,#9605,.T.);
#9605 = EDGE_CURVE('',#9606,#9606,#9608,.T.);
#9606 = VERTEX_POINT('',#9607);
#9607 = CARTESIAN_POINT('',(89.38,-69.008,1.51));
#9608 = CIRCLE('',#9609,0.508);
#9609 = AXIS2_PLACEMENT_3D('',#9610,#9611,#9612);
#9610 = CARTESIAN_POINT('',(89.38,-68.5,1.51));
#9611 = DIRECTION('',(-0.,0.,-1.));
#9612 = DIRECTION('',(-0.,-1.,0.));
#9613 = FACE_BOUND('',#9614,.T.);
#9614 = EDGE_LOOP('',(#9615));
#9615 = ORIENTED_EDGE('',*,*,#9616,.T.);
#9616 = EDGE_CURVE('',#9617,#9617,#9619,.T.);
#9617 = VERTEX_POINT('',#9618);
#9618 = CARTESIAN_POINT('',(91.92,-69.008,1.51));
#9619 = CIRCLE('',#9620,0.508);
#9620 = AXIS2_PLACEMENT_3D('',#9621,#9622,#9623);
#9621 = CARTESIAN_POINT('',(91.92,-68.5,1.51));
#9622 = DIRECTION('',(-0.,0.,-1.));
#9623 = DIRECTION('',(-0.,-1.,0.));
#9624 = FACE_BOUND('',#9625,.T.);
#9625 = EDGE_LOOP('',(#9626));
#9626 = ORIENTED_EDGE('',*,*,#9627,.T.);
#9627 = EDGE_CURVE('',#9628,#9628,#9630,.T.);
#9628 = VERTEX_POINT('',#9629);
#9629 = CARTESIAN_POINT('',(94.46,-69.008,1.51));
#9630 = CIRCLE('',#9631,0.508);
#9631 = AXIS2_PLACEMENT_3D('',#9632,#9633,#9634);
#9632 = CARTESIAN_POINT('',(94.46,-68.5,1.51));
#9633 = DIRECTION('',(-0.,0.,-1.));
#9634 = DIRECTION('',(-2.797412345512E-14,-1.,0.));
#9635 = FACE_BOUND('',#9636,.T.);
#9636 = EDGE_LOOP('',(#9637));
#9637 = ORIENTED_EDGE('',*,*,#9638,.T.);
#9638 = EDGE_CURVE('',#9639,#9639,#9641,.T.);
#9639 = VERTEX_POINT('',#9640);
#9640 = CARTESIAN_POINT('',(97.,-69.008,1.51));
#9641 = CIRCLE('',#9642,0.508);
#9642 = AXIS2_PLACEMENT_3D('',#9643,#9644,#9645);
#9643 = CARTESIAN_POINT('',(97.,-68.5,1.51));
#9644 = DIRECTION('',(-0.,0.,-1.));
#9645 = DIRECTION('',(-0.,-1.,0.));
#9646 = FACE_BOUND('',#9647,.T.);
#9647 = EDGE_LOOP('',(#9648));
#9648 = ORIENTED_EDGE('',*,*,#9649,.F.);
#9649 = EDGE_CURVE('',#9650,#9650,#9652,.T.);
#9650 = VERTEX_POINT('',#9651);
#9651 = CARTESIAN_POINT('',(65.37,-53.31,1.51));
#9652 = CIRCLE('',#9653,1.3);
#9653 = AXIS2_PLACEMENT_3D('',#9654,#9655,#9656);
#9654 = CARTESIAN_POINT('',(64.07,-53.31,1.51));
#9655 = DIRECTION('',(0.,0.,1.));
#9656 = DIRECTION('',(1.,0.,-0.));
#9657 = FACE_BOUND('',#9658,.T.);
#9658 = EDGE_LOOP('',(#9659));
#9659 = ORIENTED_EDGE('',*,*,#9660,.T.);
#9660 = EDGE_CURVE('',#9661,#9661,#9663,.T.);
#9661 = VERTEX_POINT('',#9662);
#9662 = CARTESIAN_POINT('',(61.64,-48.545,1.51));
#9663 = CIRCLE('',#9664,0.425);
#9664 = AXIS2_PLACEMENT_3D('',#9665,#9666,#9667);
#9665 = CARTESIAN_POINT('',(61.64,-48.12,1.51));
#9666 = DIRECTION('',(-0.,0.,-1.));
#9667 = DIRECTION('',(-0.,-1.,0.));
#9668 = FACE_BOUND('',#9669,.T.);
#9669 = EDGE_LOOP('',(#9670));
#9670 = ORIENTED_EDGE('',*,*,#9671,.F.);
#9671 = EDGE_CURVE('',#9672,#9672,#9674,.T.);
#9672 = VERTEX_POINT('',#9673);
#9673 = CARTESIAN_POINT('',(48.5,-27.5,1.51));
#9674 = CIRCLE('',#9675,1.5);
#9675 = AXIS2_PLACEMENT_3D('',#9676,#9677,#9678);
#9676 = CARTESIAN_POINT('',(47.,-27.5,1.51));
#9677 = DIRECTION('',(0.,0.,1.));
#9678 = DIRECTION('',(1.,0.,-0.));
#9679 = FACE_BOUND('',#9680,.T.);
#9680 = EDGE_LOOP('',(#9681));
#9681 = ORIENTED_EDGE('',*,*,#9682,.F.);
#9682 = EDGE_CURVE('',#9683,#9683,#9685,.T.);
#9683 = VERTEX_POINT('',#9684);
#9684 = CARTESIAN_POINT('',(60.52,-44.31,1.51));
#9685 = CIRCLE('',#9686,0.95);
#9686 = AXIS2_PLACEMENT_3D('',#9687,#9688,#9689);
#9687 = CARTESIAN_POINT('',(59.57,-44.31,1.51));
#9688 = DIRECTION('',(0.,0.,1.));
#9689 = DIRECTION('',(1.,0.,-0.));
#9690 = FACE_BOUND('',#9691,.T.);
#9691 = EDGE_LOOP('',(#9692));
#9692 = ORIENTED_EDGE('',*,*,#9693,.T.);
#9693 = EDGE_CURVE('',#9694,#9694,#9696,.T.);
#9694 = VERTEX_POINT('',#9695);
#9695 = CARTESIAN_POINT('',(61.64,-40.925,1.51));
#9696 = CIRCLE('',#9697,0.425);
#9697 = AXIS2_PLACEMENT_3D('',#9698,#9699,#9700);
#9698 = CARTESIAN_POINT('',(61.64,-40.5,1.51));
#9699 = DIRECTION('',(-0.,0.,-1.));
#9700 = DIRECTION('',(-0.,-1.,0.));
#9701 = FACE_BOUND('',#9702,.T.);
#9702 = EDGE_LOOP('',(#9703));
#9703 = ORIENTED_EDGE('',*,*,#9704,.T.);
#9704 = EDGE_CURVE('',#9705,#9705,#9707,.T.);
#9705 = VERTEX_POINT('',#9706);
#9706 = CARTESIAN_POINT('',(84.5,-48.545,1.51));
#9707 = CIRCLE('',#9708,0.425);
#9708 = AXIS2_PLACEMENT_3D('',#9709,#9710,#9711);
#9709 = CARTESIAN_POINT('',(84.5,-48.12,1.51));
#9710 = DIRECTION('',(-0.,0.,-1.));
#9711 = DIRECTION('',(-0.,-1.,0.));
#9712 = FACE_BOUND('',#9713,.T.);
#9713 = EDGE_LOOP('',(#9714));
#9714 = ORIENTED_EDGE('',*,*,#9715,.T.);
#9715 = EDGE_CURVE('',#9716,#9716,#9718,.T.);
#9716 = VERTEX_POINT('',#9717);
#9717 = CARTESIAN_POINT('',(84.5,-40.925,1.51));
#9718 = CIRCLE('',#9719,0.425);
#9719 = AXIS2_PLACEMENT_3D('',#9720,#9721,#9722);
#9720 = CARTESIAN_POINT('',(84.5,-40.5,1.51));
#9721 = DIRECTION('',(-0.,0.,-1.));
#9722 = DIRECTION('',(-0.,-1.,0.));
#9723 = FACE_BOUND('',#9724,.T.);
#9724 = EDGE_LOOP('',(#9725));
#9725 = ORIENTED_EDGE('',*,*,#9726,.F.);
#9726 = EDGE_CURVE('',#9727,#9727,#9729,.T.);
#9727 = VERTEX_POINT('',#9728);
#9728 = CARTESIAN_POINT('',(75.02,-34.31,1.51));
#9729 = CIRCLE('',#9730,1.95);
#9730 = AXIS2_PLACEMENT_3D('',#9731,#9732,#9733);
#9731 = CARTESIAN_POINT('',(73.07,-34.31,1.51));
#9732 = DIRECTION('',(0.,0.,1.));
#9733 = DIRECTION('',(1.,0.,-0.));
#9734 = FACE_BOUND('',#9735,.T.);
#9735 = EDGE_LOOP('',(#9736));
#9736 = ORIENTED_EDGE('',*,*,#9737,.F.);
#9737 = EDGE_CURVE('',#9738,#9738,#9740,.T.);
#9738 = VERTEX_POINT('',#9739);
#9739 = CARTESIAN_POINT('',(87.52,-44.31,1.51));
#9740 = CIRCLE('',#9741,0.95);
#9741 = AXIS2_PLACEMENT_3D('',#9742,#9743,#9744);
#9742 = CARTESIAN_POINT('',(86.57,-44.31,1.51));
#9743 = DIRECTION('',(0.,0.,1.));
#9744 = DIRECTION('',(1.,0.,-0.));
#9745 = FACE_BOUND('',#9746,.T.);
#9746 = EDGE_LOOP('',(#9747));
#9747 = ORIENTED_EDGE('',*,*,#9748,.F.);
#9748 = EDGE_CURVE('',#9749,#9749,#9751,.T.);
#9749 = VERTEX_POINT('',#9750);
#9750 = CARTESIAN_POINT('',(99.75,-27.5,1.51));
#9751 = CIRCLE('',#9752,1.5);
#9752 = AXIS2_PLACEMENT_3D('',#9753,#9754,#9755);
#9753 = CARTESIAN_POINT('',(98.25,-27.5,1.51));
#9754 = DIRECTION('',(0.,0.,1.));
#9755 = DIRECTION('',(1.,0.,-0.));
#9756 = PLANE('',#9757);
#9757 = AXIS2_PLACEMENT_3D('',#9758,#9759,#9760);
#9758 = CARTESIAN_POINT('',(0.,0.,1.51));
#9759 = DIRECTION('',(0.,0.,1.));
#9760 = DIRECTION('',(1.,0.,-0.));
#9761 = ADVANCED_FACE('',(#9762),#9773,.T.);
#9762 = FACE_BOUND('',#9763,.T.);
#9763 = EDGE_LOOP('',(#9764,#9770,#9771,#9772));
#9764 = ORIENTED_EDGE('',*,*,#9765,.T.);
#9765 = EDGE_CURVE('',#8938,#9353,#9766,.T.);
#9766 = LINE('',#9767,#9768);
#9767 = CARTESIAN_POINT('',(45.,-26.5,0.));
#9768 = VECTOR('',#9769,1.);
#9769 = DIRECTION('',(0.,0.,1.));
#9770 = ORIENTED_EDGE('',*,*,#9352,.T.);
#9771 = ORIENTED_EDGE('',*,*,#8873,.F.);
#9772 = ORIENTED_EDGE('',*,*,#8937,.F.);
#9773 = CYLINDRICAL_SURFACE('',#9774,0.999999252925);
#9774 = AXIS2_PLACEMENT_3D('',#9775,#9776,#9777);
#9775 = CARTESIAN_POINT('',(45.999999252925,-26.49999925292,0.));
#9776 = DIRECTION('',(0.,0.,-1.));
#9777 = DIRECTION('',(-1.,-7.470757420593E-07,-0.));
#9778 = ADVANCED_FACE('',(#9779),#9790,.T.);
#9779 = FACE_BOUND('',#9780,.T.);
#9780 = EDGE_LOOP('',(#9781,#9782,#9783,#9789));
#9781 = ORIENTED_EDGE('',*,*,#8913,.T.);
#9782 = ORIENTED_EDGE('',*,*,#9386,.T.);
#9783 = ORIENTED_EDGE('',*,*,#9784,.F.);
#9784 = EDGE_CURVE('',#8964,#9379,#9785,.T.);
#9785 = LINE('',#9786,#9787);
#9786 = CARTESIAN_POINT('',(99.25,-103.,0.));
#9787 = VECTOR('',#9788,1.);
#9788 = DIRECTION('',(0.,0.,1.));
#9789 = ORIENTED_EDGE('',*,*,#8971,.F.);
#9790 = CYLINDRICAL_SURFACE('',#9791,0.999999252925);
#9791 = AXIS2_PLACEMENT_3D('',#9792,#9793,#9794);
#9792 = CARTESIAN_POINT('',(99.250000747075,-102.000000747,0.));
#9793 = DIRECTION('',(0.,0.,-1.));
#9794 = DIRECTION('',(1.,7.47075720743E-07,0.));
#9795 = ADVANCED_FACE('',(#9796),#9807,.T.);
#9796 = FACE_BOUND('',#9797,.T.);
#9797 = EDGE_LOOP('',(#9798,#9804,#9805,#9806));
#9798 = ORIENTED_EDGE('',*,*,#9799,.T.);
#9799 = EDGE_CURVE('',#8947,#9362,#9800,.T.);
#9800 = LINE('',#9801,#9802);
#9801 = CARTESIAN_POINT('',(45.,-102.,0.));
#9802 = VECTOR('',#9803,1.);
#9803 = DIRECTION('',(0.,0.,1.));
#9804 = ORIENTED_EDGE('',*,*,#9361,.T.);
#9805 = ORIENTED_EDGE('',*,*,#9765,.F.);
#9806 = ORIENTED_EDGE('',*,*,#8946,.F.);
#9807 = PLANE('',#9808);
#9808 = AXIS2_PLACEMENT_3D('',#9809,#9810,#9811);
#9809 = CARTESIAN_POINT('',(45.,-102.,0.));
#9810 = DIRECTION('',(-1.,0.,0.));
#9811 = DIRECTION('',(0.,1.,0.));
#9812 = ADVANCED_FACE('',(#9813),#9824,.T.);
#9813 = FACE_BOUND('',#9814,.T.);
#9814 = EDGE_LOOP('',(#9815,#9816,#9817,#9823));
#9815 = ORIENTED_EDGE('',*,*,#9784,.T.);
#9816 = ORIENTED_EDGE('',*,*,#9378,.T.);
#9817 = ORIENTED_EDGE('',*,*,#9818,.F.);
#9818 = EDGE_CURVE('',#8955,#9370,#9819,.T.);
#9819 = LINE('',#9820,#9821);
#9820 = CARTESIAN_POINT('',(46.,-103.,0.));
#9821 = VECTOR('',#9822,1.);
#9822 = DIRECTION('',(0.,0.,1.));
#9823 = ORIENTED_EDGE('',*,*,#8963,.F.);
#9824 = PLANE('',#9825);
#9825 = AXIS2_PLACEMENT_3D('',#9826,#9827,#9828);
#9826 = CARTESIAN_POINT('',(99.25,-103.,0.));
#9827 = DIRECTION('',(0.,-1.,0.));
#9828 = DIRECTION('',(-1.,0.,0.));
#9829 = ADVANCED_FACE('',(#9830),#9836,.T.);
#9830 = FACE_BOUND('',#9831,.T.);
#9831 = EDGE_LOOP('',(#9832,#9833,#9834,#9835));
#9832 = ORIENTED_EDGE('',*,*,#9818,.T.);
#9833 = ORIENTED_EDGE('',*,*,#9369,.T.);
#9834 = ORIENTED_EDGE('',*,*,#9799,.F.);
#9835 = ORIENTED_EDGE('',*,*,#8954,.F.);
#9836 = CYLINDRICAL_SURFACE('',#9837,0.999999252925);
#9837 = AXIS2_PLACEMENT_3D('',#9838,#9839,#9840);
#9838 = CARTESIAN_POINT('',(45.999999252925,-102.000000747,0.));
#9839 = DIRECTION('',(0.,0.,-1.));
#9840 = DIRECTION('',(7.470757349539E-07,-1.,0.));
#9841 = ADVANCED_FACE('',(#9842),#9853,.F.);
#9842 = FACE_BOUND('',#9843,.T.);
#9843 = EDGE_LOOP('',(#9844,#9850,#9851,#9852));
#9844 = ORIENTED_EDGE('',*,*,#9845,.T.);
#9845 = EDGE_CURVE('',#8982,#9397,#9846,.T.);
#9846 = LINE('',#9847,#9848);
#9847 = CARTESIAN_POINT('',(48.5,-101.,0.));
#9848 = VECTOR('',#9849,1.);
#9849 = DIRECTION('',(0.,0.,1.));
#9850 = ORIENTED_EDGE('',*,*,#9396,.T.);
#9851 = ORIENTED_EDGE('',*,*,#9845,.F.);
#9852 = ORIENTED_EDGE('',*,*,#8981,.F.);
#9853 = CYLINDRICAL_SURFACE('',#9854,1.5);
#9854 = AXIS2_PLACEMENT_3D('',#9855,#9856,#9857);
#9855 = CARTESIAN_POINT('',(47.,-101.,0.));
#9856 = DIRECTION('',(-0.,-0.,-1.));
#9857 = DIRECTION('',(1.,0.,-0.));
#9858 = ADVANCED_FACE('',(#9859),#9870,.F.);
#9859 = FACE_BOUND('',#9860,.T.);
#9860 = EDGE_LOOP('',(#9861,#9862,#9868,#9869));
#9861 = ORIENTED_EDGE('',*,*,#8992,.T.);
#9862 = ORIENTED_EDGE('',*,*,#9863,.T.);
#9863 = EDGE_CURVE('',#8993,#9408,#9864,.T.);
#9864 = LINE('',#9865,#9866);
#9865 = CARTESIAN_POINT('',(52.17,-95.5,-4.6E-02));
#9866 = VECTOR('',#9867,1.);
#9867 = DIRECTION('',(0.,0.,1.));
#9868 = ORIENTED_EDGE('',*,*,#9407,.F.);
#9869 = ORIENTED_EDGE('',*,*,#9863,.F.);
#9870 = CYLINDRICAL_SURFACE('',#9871,0.5);
#9871 = AXIS2_PLACEMENT_3D('',#9872,#9873,#9874);
#9872 = CARTESIAN_POINT('',(52.17,-95.,-4.6E-02));
#9873 = DIRECTION('',(-0.,-0.,-1.));
#9874 = DIRECTION('',(-0.,-1.,0.));
#9875 = ADVANCED_FACE('',(#9876),#9887,.F.);
#9876 = FACE_BOUND('',#9877,.T.);
#9877 = EDGE_LOOP('',(#9878,#9879,#9885,#9886));
#9878 = ORIENTED_EDGE('',*,*,#9003,.T.);
#9879 = ORIENTED_EDGE('',*,*,#9880,.T.);
#9880 = EDGE_CURVE('',#9004,#9419,#9881,.T.);
#9881 = LINE('',#9882,#9883);
#9882 = CARTESIAN_POINT('',(54.71,-95.5,-4.6E-02));
#9883 = VECTOR('',#9884,1.);
#9884 = DIRECTION('',(0.,0.,1.));
#9885 = ORIENTED_EDGE('',*,*,#9418,.F.);
#9886 = ORIENTED_EDGE('',*,*,#9880,.F.);
#9887 = CYLINDRICAL_SURFACE('',#9888,0.5);
#9888 = AXIS2_PLACEMENT_3D('',#9889,#9890,#9891);
#9889 = CARTESIAN_POINT('',(54.71,-95.,-4.6E-02));
#9890 = DIRECTION('',(-0.,-0.,-1.));
#9891 = DIRECTION('',(-0.,-1.,0.));
#9892 = ADVANCED_FACE('',(#9893),#9904,.F.);
#9893 = FACE_BOUND('',#9894,.T.);
#9894 = EDGE_LOOP('',(#9895,#9896,#9902,#9903));
#9895 = ORIENTED_EDGE('',*,*,#9014,.T.);
#9896 = ORIENTED_EDGE('',*,*,#9897,.T.);
#9897 = EDGE_CURVE('',#9015,#9430,#9898,.T.);
#9898 = LINE('',#9899,#9900);
#9899 = CARTESIAN_POINT('',(57.25,-95.5,-4.6E-02));
#9900 = VECTOR('',#9901,1.);
#9901 = DIRECTION('',(0.,0.,1.));
#9902 = ORIENTED_EDGE('',*,*,#9429,.F.);
#9903 = ORIENTED_EDGE('',*,*,#9897,.F.);
#9904 = CYLINDRICAL_SURFACE('',#9905,0.5);
#9905 = AXIS2_PLACEMENT_3D('',#9906,#9907,#9908);
#9906 = CARTESIAN_POINT('',(57.25,-95.,-4.6E-02));
#9907 = DIRECTION('',(-0.,-0.,-1.));
#9908 = DIRECTION('',(-0.,-1.,0.));
#9909 = ADVANCED_FACE('',(#9910),#9921,.F.);
#9910 = FACE_BOUND('',#9911,.T.);
#9911 = EDGE_LOOP('',(#9912,#9913,#9919,#9920));
#9912 = ORIENTED_EDGE('',*,*,#9025,.T.);
#9913 = ORIENTED_EDGE('',*,*,#9914,.T.);
#9914 = EDGE_CURVE('',#9026,#9441,#9915,.T.);
#9915 = LINE('',#9916,#9917);
#9916 = CARTESIAN_POINT('',(70.,-95.375,-4.6E-02));
#9917 = VECTOR('',#9918,1.);
#9918 = DIRECTION('',(0.,0.,1.));
#9919 = ORIENTED_EDGE('',*,*,#9440,.F.);
#9920 = ORIENTED_EDGE('',*,*,#9914,.F.);
#9921 = CYLINDRICAL_SURFACE('',#9922,0.375);
#9922 = AXIS2_PLACEMENT_3D('',#9923,#9924,#9925);
#9923 = CARTESIAN_POINT('',(70.,-95.,-4.6E-02));
#9924 = DIRECTION('',(-0.,-0.,-1.));
#9925 = DIRECTION('',(-0.,-1.,0.));
#9926 = ADVANCED_FACE('',(#9927),#9938,.F.);
#9927 = FACE_BOUND('',#9928,.T.);
#9928 = EDGE_LOOP('',(#9929,#9930,#9936,#9937));
#9929 = ORIENTED_EDGE('',*,*,#9036,.T.);
#9930 = ORIENTED_EDGE('',*,*,#9931,.T.);
#9931 = EDGE_CURVE('',#9037,#9452,#9932,.T.);
#9932 = LINE('',#9933,#9934);
#9933 = CARTESIAN_POINT('',(72.,-95.375,-4.6E-02));
#9934 = VECTOR('',#9935,1.);
#9935 = DIRECTION('',(0.,0.,1.));
#9936 = ORIENTED_EDGE('',*,*,#9451,.F.);
#9937 = ORIENTED_EDGE('',*,*,#9931,.F.);
#9938 = CYLINDRICAL_SURFACE('',#9939,0.375);
#9939 = AXIS2_PLACEMENT_3D('',#9940,#9941,#9942);
#9940 = CARTESIAN_POINT('',(72.,-95.,-4.6E-02));
#9941 = DIRECTION('',(-0.,-0.,-1.));
#9942 = DIRECTION('',(-0.,-1.,0.));
#9943 = ADVANCED_FACE('',(#9944),#9955,.F.);
#9944 = FACE_BOUND('',#9945,.T.);
#9945 = EDGE_LOOP('',(#9946,#9947,#9953,#9954));
#9946 = ORIENTED_EDGE('',*,*,#9047,.T.);
#9947 = ORIENTED_EDGE('',*,*,#9948,.T.);
#9948 = EDGE_CURVE('',#9048,#9463,#9949,.T.);
#9949 = LINE('',#9950,#9951);
#9950 = CARTESIAN_POINT('',(71.6,-79.168,-4.6E-02));
#9951 = VECTOR('',#9952,1.);
#9952 = DIRECTION('',(0.,0.,1.));
#9953 = ORIENTED_EDGE('',*,*,#9462,.F.);
#9954 = ORIENTED_EDGE('',*,*,#9948,.F.);
#9955 = CYLINDRICAL_SURFACE('',#9956,0.508);
#9956 = AXIS2_PLACEMENT_3D('',#9957,#9958,#9959);
#9957 = CARTESIAN_POINT('',(71.6,-78.66,-4.6E-02));
#9958 = DIRECTION('',(-0.,-0.,-1.));
#9959 = DIRECTION('',(-0.,-1.,0.));
#9960 = ADVANCED_FACE('',(#9961),#9972,.F.);
#9961 = FACE_BOUND('',#9962,.T.);
#9962 = EDGE_LOOP('',(#9963,#9964,#9970,#9971));
#9963 = ORIENTED_EDGE('',*,*,#9058,.T.);
#9964 = ORIENTED_EDGE('',*,*,#9965,.T.);
#9965 = EDGE_CURVE('',#9059,#9474,#9966,.T.);
#9966 = LINE('',#9967,#9968);
#9967 = CARTESIAN_POINT('',(71.6,-74.088,-4.6E-02));
#9968 = VECTOR('',#9969,1.);
#9969 = DIRECTION('',(0.,0.,1.));
#9970 = ORIENTED_EDGE('',*,*,#9473,.F.);
#9971 = ORIENTED_EDGE('',*,*,#9965,.F.);
#9972 = CYLINDRICAL_SURFACE('',#9973,0.508);
#9973 = AXIS2_PLACEMENT_3D('',#9974,#9975,#9976);
#9974 = CARTESIAN_POINT('',(71.6,-73.58,-4.6E-02));
#9975 = DIRECTION('',(-0.,-0.,-1.));
#9976 = DIRECTION('',(-0.,-1.,0.));
#9977 = ADVANCED_FACE('',(#9978),#9989,.F.);
#9978 = FACE_BOUND('',#9979,.T.);
#9979 = EDGE_LOOP('',(#9980,#9981,#9987,#9988));
#9980 = ORIENTED_EDGE('',*,*,#9069,.T.);
#9981 = ORIENTED_EDGE('',*,*,#9982,.T.);
#9982 = EDGE_CURVE('',#9070,#9485,#9983,.T.);
#9983 = LINE('',#9984,#9985);
#9984 = CARTESIAN_POINT('',(81.76,-84.248,-4.6E-02));
#9985 = VECTOR('',#9986,1.);
#9986 = DIRECTION('',(0.,0.,1.));
#9987 = ORIENTED_EDGE('',*,*,#9484,.F.);
#9988 = ORIENTED_EDGE('',*,*,#9982,.F.);
#9989 = CYLINDRICAL_SURFACE('',#9990,0.508);
#9990 = AXIS2_PLACEMENT_3D('',#9991,#9992,#9993);
#9991 = CARTESIAN_POINT('',(81.76,-83.74,-4.6E-02));
#9992 = DIRECTION('',(-0.,0.,-1.));
#9993 = DIRECTION('',(2.797412345512E-14,-1.,-0.));
#9994 = ADVANCED_FACE('',(#9995),#10006,.F.);
#9995 = FACE_BOUND('',#9996,.T.);
#9996 = EDGE_LOOP('',(#9997,#9998,#10004,#10005));
#9997 = ORIENTED_EDGE('',*,*,#9080,.T.);
#9998 = ORIENTED_EDGE('',*,*,#9999,.T.);
#9999 = EDGE_CURVE('',#9081,#9496,#10000,.T.);
#10000 = LINE('',#10001,#10002);
#10001 = CARTESIAN_POINT('',(84.3,-84.248,-4.6E-02));
#10002 = VECTOR('',#10003,1.);
#10003 = DIRECTION('',(0.,0.,1.));
#10004 = ORIENTED_EDGE('',*,*,#9495,.F.);
#10005 = ORIENTED_EDGE('',*,*,#9999,.F.);
#10006 = CYLINDRICAL_SURFACE('',#10007,0.508);
#10007 = AXIS2_PLACEMENT_3D('',#10008,#10009,#10010);
#10008 = CARTESIAN_POINT('',(84.3,-83.74,-4.6E-02));
#10009 = DIRECTION('',(-0.,-0.,-1.));
#10010 = DIRECTION('',(-2.797412345512E-14,-1.,0.));
#10011 = ADVANCED_FACE('',(#10012),#10023,.F.);
#10012 = FACE_BOUND('',#10013,.T.);
#10013 = EDGE_LOOP('',(#10014,#10020,#10021,#10022));
#10014 = ORIENTED_EDGE('',*,*,#10015,.T.);
#10015 = EDGE_CURVE('',#9092,#9507,#10016,.T.);
#10016 = LINE('',#10017,#10018);
#10017 = CARTESIAN_POINT('',(99.75,-101.,0.));
#10018 = VECTOR('',#10019,1.);
#10019 = DIRECTION('',(0.,0.,1.));
#10020 = ORIENTED_EDGE('',*,*,#9506,.T.);
#10021 = ORIENTED_EDGE('',*,*,#10015,.F.);
#10022 = ORIENTED_EDGE('',*,*,#9091,.F.);
#10023 = CYLINDRICAL_SURFACE('',#10024,1.5);
#10024 = AXIS2_PLACEMENT_3D('',#10025,#10026,#10027);
#10025 = CARTESIAN_POINT('',(98.25,-101.,0.));
#10026 = DIRECTION('',(-0.,-0.,-1.));
#10027 = DIRECTION('',(1.,0.,-0.));
#10028 = ADVANCED_FACE('',(#10029),#10040,.F.);
#10029 = FACE_BOUND('',#10030,.T.);
#10030 = EDGE_LOOP('',(#10031,#10032,#10038,#10039));
#10031 = ORIENTED_EDGE('',*,*,#9102,.T.);
#10032 = ORIENTED_EDGE('',*,*,#10033,.T.);
#10033 = EDGE_CURVE('',#9103,#9518,#10034,.T.);
#10034 = LINE('',#10035,#10036);
#10035 = CARTESIAN_POINT('',(86.84,-84.248,-4.6E-02));
#10036 = VECTOR('',#10037,1.);
#10037 = DIRECTION('',(0.,0.,1.));
#10038 = ORIENTED_EDGE('',*,*,#9517,.F.);
#10039 = ORIENTED_EDGE('',*,*,#10033,.F.);
#10040 = CYLINDRICAL_SURFACE('',#10041,0.508);
#10041 = AXIS2_PLACEMENT_3D('',#10042,#10043,#10044);
#10042 = CARTESIAN_POINT('',(86.84,-83.74,-4.6E-02));
#10043 = DIRECTION('',(-0.,-0.,-1.));
#10044 = DIRECTION('',(-0.,-1.,0.));
#10045 = ADVANCED_FACE('',(#10046),#10057,.F.);
#10046 = FACE_BOUND('',#10047,.T.);
#10047 = EDGE_LOOP('',(#10048,#10049,#10055,#10056));
#10048 = ORIENTED_EDGE('',*,*,#9113,.T.);
#10049 = ORIENTED_EDGE('',*,*,#10050,.T.);
#10050 = EDGE_CURVE('',#9114,#9529,#10051,.T.);
#10051 = LINE('',#10052,#10053);
#10052 = CARTESIAN_POINT('',(89.38,-84.248,-4.6E-02));
#10053 = VECTOR('',#10054,1.);
#10054 = DIRECTION('',(0.,0.,1.));
#10055 = ORIENTED_EDGE('',*,*,#9528,.F.);
#10056 = ORIENTED_EDGE('',*,*,#10050,.F.);
#10057 = CYLINDRICAL_SURFACE('',#10058,0.508);
#10058 = AXIS2_PLACEMENT_3D('',#10059,#10060,#10061);
#10059 = CARTESIAN_POINT('',(89.38,-83.74,-4.6E-02));
#10060 = DIRECTION('',(-0.,-0.,-1.));
#10061 = DIRECTION('',(-0.,-1.,0.));
#10062 = ADVANCED_FACE('',(#10063),#10074,.F.);
#10063 = FACE_BOUND('',#10064,.T.);
#10064 = EDGE_LOOP('',(#10065,#10066,#10072,#10073));
#10065 = ORIENTED_EDGE('',*,*,#9124,.T.);
#10066 = ORIENTED_EDGE('',*,*,#10067,.T.);
#10067 = EDGE_CURVE('',#9125,#9540,#10068,.T.);
#10068 = LINE('',#10069,#10070);
#10069 = CARTESIAN_POINT('',(91.92,-84.248,-4.6E-02));
#10070 = VECTOR('',#10071,1.);
#10071 = DIRECTION('',(0.,0.,1.));
#10072 = ORIENTED_EDGE('',*,*,#9539,.F.);
#10073 = ORIENTED_EDGE('',*,*,#10067,.F.);
#10074 = CYLINDRICAL_SURFACE('',#10075,0.508);
#10075 = AXIS2_PLACEMENT_3D('',#10076,#10077,#10078);
#10076 = CARTESIAN_POINT('',(91.92,-83.74,-4.6E-02));
#10077 = DIRECTION('',(-0.,-0.,-1.));
#10078 = DIRECTION('',(-0.,-1.,0.));
#10079 = ADVANCED_FACE('',(#10080),#10091,.F.);
#10080 = FACE_BOUND('',#10081,.T.);
#10081 = EDGE_LOOP('',(#10082,#10083,#10089,#10090));
#10082 = ORIENTED_EDGE('',*,*,#9135,.T.);
#10083 = ORIENTED_EDGE('',*,*,#10084,.T.);
#10084 = EDGE_CURVE('',#9136,#9551,#10085,.T.);
#10085 = LINE('',#10086,#10087);
#10086 = CARTESIAN_POINT('',(94.46,-84.248,-4.6E-02));
#10087 = VECTOR('',#10088,1.);
#10088 = DIRECTION('',(0.,0.,1.));
#10089 = ORIENTED_EDGE('',*,*,#9550,.F.);
#10090 = ORIENTED_EDGE('',*,*,#10084,.F.);
#10091 = CYLINDRICAL_SURFACE('',#10092,0.508);
#10092 = AXIS2_PLACEMENT_3D('',#10093,#10094,#10095);
#10093 = CARTESIAN_POINT('',(94.46,-83.74,-4.6E-02));
#10094 = DIRECTION('',(-0.,-0.,-1.));
#10095 = DIRECTION('',(-2.797412345512E-14,-1.,0.));
#10096 = ADVANCED_FACE('',(#10097),#10108,.F.);
#10097 = FACE_BOUND('',#10098,.T.);
#10098 = EDGE_LOOP('',(#10099,#10100,#10106,#10107));
#10099 = ORIENTED_EDGE('',*,*,#9146,.T.);
#10100 = ORIENTED_EDGE('',*,*,#10101,.T.);
#10101 = EDGE_CURVE('',#9147,#9562,#10102,.T.);
#10102 = LINE('',#10103,#10104);
#10103 = CARTESIAN_POINT('',(97.,-84.248,-4.6E-02));
#10104 = VECTOR('',#10105,1.);
#10105 = DIRECTION('',(0.,0.,1.));
#10106 = ORIENTED_EDGE('',*,*,#9561,.F.);
#10107 = ORIENTED_EDGE('',*,*,#10101,.F.);
#10108 = CYLINDRICAL_SURFACE('',#10109,0.508);
#10109 = AXIS2_PLACEMENT_3D('',#10110,#10111,#10112);
#10110 = CARTESIAN_POINT('',(97.,-83.74,-4.6E-02));
#10111 = DIRECTION('',(-0.,-0.,-1.));
#10112 = DIRECTION('',(-0.,-1.,0.));
#10113 = ADVANCED_FACE('',(#10114),#10125,.F.);
#10114 = FACE_BOUND('',#10115,.T.);
#10115 = EDGE_LOOP('',(#10116,#10117,#10123,#10124));
#10116 = ORIENTED_EDGE('',*,*,#9157,.T.);
#10117 = ORIENTED_EDGE('',*,*,#10118,.T.);
#10118 = EDGE_CURVE('',#9158,#9573,#10119,.T.);
#10119 = LINE('',#10120,#10121);
#10120 = CARTESIAN_POINT('',(81.76,-69.008,-4.6E-02));
#10121 = VECTOR('',#10122,1.);
#10122 = DIRECTION('',(0.,0.,1.));
#10123 = ORIENTED_EDGE('',*,*,#9572,.F.);
#10124 = ORIENTED_EDGE('',*,*,#10118,.F.);
#10125 = CYLINDRICAL_SURFACE('',#10126,0.508);
#10126 = AXIS2_PLACEMENT_3D('',#10127,#10128,#10129);
#10127 = CARTESIAN_POINT('',(81.76,-68.5,-4.6E-02));
#10128 = DIRECTION('',(-0.,0.,-1.));
#10129 = DIRECTION('',(2.797412345512E-14,-1.,-0.));
#10130 = ADVANCED_FACE('',(#10131),#10142,.F.);
#10131 = FACE_BOUND('',#10132,.T.);
#10132 = EDGE_LOOP('',(#10133,#10134,#10140,#10141));
#10133 = ORIENTED_EDGE('',*,*,#9168,.T.);
#10134 = ORIENTED_EDGE('',*,*,#10135,.T.);
#10135 = EDGE_CURVE('',#9169,#9584,#10136,.T.);
#10136 = LINE('',#10137,#10138);
#10137 = CARTESIAN_POINT('',(84.3,-69.008,-4.6E-02));
#10138 = VECTOR('',#10139,1.);
#10139 = DIRECTION('',(0.,0.,1.));
#10140 = ORIENTED_EDGE('',*,*,#9583,.F.);
#10141 = ORIENTED_EDGE('',*,*,#10135,.F.);
#10142 = CYLINDRICAL_SURFACE('',#10143,0.508);
#10143 = AXIS2_PLACEMENT_3D('',#10144,#10145,#10146);
#10144 = CARTESIAN_POINT('',(84.3,-68.5,-4.6E-02));
#10145 = DIRECTION('',(-0.,-0.,-1.));
#10146 = DIRECTION('',(-2.797412345512E-14,-1.,0.));
#10147 = ADVANCED_FACE('',(#10148),#10159,.F.);
#10148 = FACE_BOUND('',#10149,.T.);
#10149 = EDGE_LOOP('',(#10150,#10151,#10157,#10158));
#10150 = ORIENTED_EDGE('',*,*,#9179,.T.);
#10151 = ORIENTED_EDGE('',*,*,#10152,.T.);
#10152 = EDGE_CURVE('',#9180,#9595,#10153,.T.);
#10153 = LINE('',#10154,#10155);
#10154 = CARTESIAN_POINT('',(86.84,-69.008,-4.6E-02));
#10155 = VECTOR('',#10156,1.);
#10156 = DIRECTION('',(0.,0.,1.));
#10157 = ORIENTED_EDGE('',*,*,#9594,.F.);
#10158 = ORIENTED_EDGE('',*,*,#10152,.F.);
#10159 = CYLINDRICAL_SURFACE('',#10160,0.508);
#10160 = AXIS2_PLACEMENT_3D('',#10161,#10162,#10163);
#10161 = CARTESIAN_POINT('',(86.84,-68.5,-4.6E-02));
#10162 = DIRECTION('',(-0.,-0.,-1.));
#10163 = DIRECTION('',(-0.,-1.,0.));
#10164 = ADVANCED_FACE('',(#10165),#10176,.F.);
#10165 = FACE_BOUND('',#10166,.T.);
#10166 = EDGE_LOOP('',(#10167,#10168,#10174,#10175));
#10167 = ORIENTED_EDGE('',*,*,#9190,.T.);
#10168 = ORIENTED_EDGE('',*,*,#10169,.T.);
#10169 = EDGE_CURVE('',#9191,#9606,#10170,.T.);
#10170 = LINE('',#10171,#10172);
#10171 = CARTESIAN_POINT('',(89.38,-69.008,-4.6E-02));
#10172 = VECTOR('',#10173,1.);
#10173 = DIRECTION('',(0.,0.,1.));
#10174 = ORIENTED_EDGE('',*,*,#9605,.F.);
#10175 = ORIENTED_EDGE('',*,*,#10169,.F.);
#10176 = CYLINDRICAL_SURFACE('',#10177,0.508);
#10177 = AXIS2_PLACEMENT_3D('',#10178,#10179,#10180);
#10178 = CARTESIAN_POINT('',(89.38,-68.5,-4.6E-02));
#10179 = DIRECTION('',(-0.,-0.,-1.));
#10180 = DIRECTION('',(-0.,-1.,0.));
#10181 = ADVANCED_FACE('',(#10182),#10193,.F.);
#10182 = FACE_BOUND('',#10183,.T.);
#10183 = EDGE_LOOP('',(#10184,#10185,#10191,#10192));
#10184 = ORIENTED_EDGE('',*,*,#9201,.T.);
#10185 = ORIENTED_EDGE('',*,*,#10186,.T.);
#10186 = EDGE_CURVE('',#9202,#9617,#10187,.T.);
#10187 = LINE('',#10188,#10189);
#10188 = CARTESIAN_POINT('',(91.92,-69.008,-4.6E-02));
#10189 = VECTOR('',#10190,1.);
#10190 = DIRECTION('',(0.,0.,1.));
#10191 = ORIENTED_EDGE('',*,*,#9616,.F.);
#10192 = ORIENTED_EDGE('',*,*,#10186,.F.);
#10193 = CYLINDRICAL_SURFACE('',#10194,0.508);
#10194 = AXIS2_PLACEMENT_3D('',#10195,#10196,#10197);
#10195 = CARTESIAN_POINT('',(91.92,-68.5,-4.6E-02));
#10196 = DIRECTION('',(-0.,-0.,-1.));
#10197 = DIRECTION('',(-0.,-1.,0.));
#10198 = ADVANCED_FACE('',(#10199),#10210,.F.);
#10199 = FACE_BOUND('',#10200,.T.);
#10200 = EDGE_LOOP('',(#10201,#10202,#10208,#10209));
#10201 = ORIENTED_EDGE('',*,*,#9212,.T.);
#10202 = ORIENTED_EDGE('',*,*,#10203,.T.);
#10203 = EDGE_CURVE('',#9213,#9628,#10204,.T.);
#10204 = LINE('',#10205,#10206);
#10205 = CARTESIAN_POINT('',(94.46,-69.008,-4.6E-02));
#10206 = VECTOR('',#10207,1.);
#10207 = DIRECTION('',(0.,0.,1.));
#10208 = ORIENTED_EDGE('',*,*,#9627,.F.);
#10209 = ORIENTED_EDGE('',*,*,#10203,.F.);
#10210 = CYLINDRICAL_SURFACE('',#10211,0.508);
#10211 = AXIS2_PLACEMENT_3D('',#10212,#10213,#10214);
#10212 = CARTESIAN_POINT('',(94.46,-68.5,-4.6E-02));
#10213 = DIRECTION('',(-0.,-0.,-1.));
#10214 = DIRECTION('',(-2.797412345512E-14,-1.,0.));
#10215 = ADVANCED_FACE('',(#10216),#10227,.F.);
#10216 = FACE_BOUND('',#10217,.T.);
#10217 = EDGE_LOOP('',(#10218,#10219,#10225,#10226));
#10218 = ORIENTED_EDGE('',*,*,#9223,.T.);
#10219 = ORIENTED_EDGE('',*,*,#10220,.T.);
#10220 = EDGE_CURVE('',#9224,#9639,#10221,.T.);
#10221 = LINE('',#10222,#10223);
#10222 = CARTESIAN_POINT('',(97.,-69.008,-4.6E-02));
#10223 = VECTOR('',#10224,1.);
#10224 = DIRECTION('',(0.,0.,1.));
#10225 = ORIENTED_EDGE('',*,*,#9638,.F.);
#10226 = ORIENTED_EDGE('',*,*,#10220,.F.);
#10227 = CYLINDRICAL_SURFACE('',#10228,0.508);
#10228 = AXIS2_PLACEMENT_3D('',#10229,#10230,#10231);
#10229 = CARTESIAN_POINT('',(97.,-68.5,-4.6E-02));
#10230 = DIRECTION('',(-0.,-0.,-1.));
#10231 = DIRECTION('',(-0.,-1.,0.));
#10232 = ADVANCED_FACE('',(#10233),#10244,.F.);
#10233 = FACE_BOUND('',#10234,.T.);
#10234 = EDGE_LOOP('',(#10235,#10241,#10242,#10243));
#10235 = ORIENTED_EDGE('',*,*,#10236,.T.);
#10236 = EDGE_CURVE('',#9235,#9650,#10237,.T.);
#10237 = LINE('',#10238,#10239);
#10238 = CARTESIAN_POINT('',(65.37,-53.31,0.));
#10239 = VECTOR('',#10240,1.);
#10240 = DIRECTION('',(0.,0.,1.));
#10241 = ORIENTED_EDGE('',*,*,#9649,.T.);
#10242 = ORIENTED_EDGE('',*,*,#10236,.F.);
#10243 = ORIENTED_EDGE('',*,*,#9234,.F.);
#10244 = CYLINDRICAL_SURFACE('',#10245,1.3);
#10245 = AXIS2_PLACEMENT_3D('',#10246,#10247,#10248);
#10246 = CARTESIAN_POINT('',(64.07,-53.31,0.));
#10247 = DIRECTION('',(-0.,-0.,-1.));
#10248 = DIRECTION('',(1.,0.,-0.));
#10249 = ADVANCED_FACE('',(#10250),#10261,.F.);
#10250 = FACE_BOUND('',#10251,.T.);
#10251 = EDGE_LOOP('',(#10252,#10253,#10259,#10260));
#10252 = ORIENTED_EDGE('',*,*,#9245,.T.);
#10253 = ORIENTED_EDGE('',*,*,#10254,.T.);
#10254 = EDGE_CURVE('',#9246,#9661,#10255,.T.);
#10255 = LINE('',#10256,#10257);
#10256 = CARTESIAN_POINT('',(61.64,-48.545,-4.6E-02));
#10257 = VECTOR('',#10258,1.);
#10258 = DIRECTION('',(0.,0.,1.));
#10259 = ORIENTED_EDGE('',*,*,#9660,.F.);
#10260 = ORIENTED_EDGE('',*,*,#10254,.F.);
#10261 = CYLINDRICAL_SURFACE('',#10262,0.425);
#10262 = AXIS2_PLACEMENT_3D('',#10263,#10264,#10265);
#10263 = CARTESIAN_POINT('',(61.64,-48.12,-4.6E-02));
#10264 = DIRECTION('',(-0.,-0.,-1.));
#10265 = DIRECTION('',(-0.,-1.,0.));
#10266 = ADVANCED_FACE('',(#10267),#10278,.F.);
#10267 = FACE_BOUND('',#10268,.T.);
#10268 = EDGE_LOOP('',(#10269,#10275,#10276,#10277));
#10269 = ORIENTED_EDGE('',*,*,#10270,.T.);
#10270 = EDGE_CURVE('',#9257,#9672,#10271,.T.);
#10271 = LINE('',#10272,#10273);
#10272 = CARTESIAN_POINT('',(48.5,-27.5,0.));
#10273 = VECTOR('',#10274,1.);
#10274 = DIRECTION('',(0.,0.,1.));
#10275 = ORIENTED_EDGE('',*,*,#9671,.T.);
#10276 = ORIENTED_EDGE('',*,*,#10270,.F.);
#10277 = ORIENTED_EDGE('',*,*,#9256,.F.);
#10278 = CYLINDRICAL_SURFACE('',#10279,1.5);
#10279 = AXIS2_PLACEMENT_3D('',#10280,#10281,#10282);
#10280 = CARTESIAN_POINT('',(47.,-27.5,0.));
#10281 = DIRECTION('',(-0.,-0.,-1.));
#10282 = DIRECTION('',(1.,0.,-0.));
#10283 = ADVANCED_FACE('',(#10284),#10295,.F.);
#10284 = FACE_BOUND('',#10285,.T.);
#10285 = EDGE_LOOP('',(#10286,#10292,#10293,#10294));
#10286 = ORIENTED_EDGE('',*,*,#10287,.T.);
#10287 = EDGE_CURVE('',#9268,#9683,#10288,.T.);
#10288 = LINE('',#10289,#10290);
#10289 = CARTESIAN_POINT('',(60.52,-44.31,0.));
#10290 = VECTOR('',#10291,1.);
#10291 = DIRECTION('',(0.,0.,1.));
#10292 = ORIENTED_EDGE('',*,*,#9682,.T.);
#10293 = ORIENTED_EDGE('',*,*,#10287,.F.);
#10294 = ORIENTED_EDGE('',*,*,#9267,.F.);
#10295 = CYLINDRICAL_SURFACE('',#10296,0.95);
#10296 = AXIS2_PLACEMENT_3D('',#10297,#10298,#10299);
#10297 = CARTESIAN_POINT('',(59.57,-44.31,0.));
#10298 = DIRECTION('',(-0.,-0.,-1.));
#10299 = DIRECTION('',(1.,0.,-0.));
#10300 = ADVANCED_FACE('',(#10301),#10312,.F.);
#10301 = FACE_BOUND('',#10302,.T.);
#10302 = EDGE_LOOP('',(#10303,#10304,#10310,#10311));
#10303 = ORIENTED_EDGE('',*,*,#9278,.T.);
#10304 = ORIENTED_EDGE('',*,*,#10305,.T.);
#10305 = EDGE_CURVE('',#9279,#9694,#10306,.T.);
#10306 = LINE('',#10307,#10308);
#10307 = CARTESIAN_POINT('',(61.64,-40.925,-4.6E-02));
#10308 = VECTOR('',#10309,1.);
#10309 = DIRECTION('',(0.,0.,1.));
#10310 = ORIENTED_EDGE('',*,*,#9693,.F.);
#10311 = ORIENTED_EDGE('',*,*,#10305,.F.);
#10312 = CYLINDRICAL_SURFACE('',#10313,0.425);
#10313 = AXIS2_PLACEMENT_3D('',#10314,#10315,#10316);
#10314 = CARTESIAN_POINT('',(61.64,-40.5,-4.6E-02));
#10315 = DIRECTION('',(-0.,-0.,-1.));
#10316 = DIRECTION('',(-0.,-1.,0.));
#10317 = ADVANCED_FACE('',(#10318),#10329,.F.);
#10318 = FACE_BOUND('',#10319,.T.);
#10319 = EDGE_LOOP('',(#10320,#10321,#10327,#10328));
#10320 = ORIENTED_EDGE('',*,*,#9289,.T.);
#10321 = ORIENTED_EDGE('',*,*,#10322,.T.);
#10322 = EDGE_CURVE('',#9290,#9705,#10323,.T.);
#10323 = LINE('',#10324,#10325);
#10324 = CARTESIAN_POINT('',(84.5,-48.545,-4.6E-02));
#10325 = VECTOR('',#10326,1.);
#10326 = DIRECTION('',(0.,0.,1.));
#10327 = ORIENTED_EDGE('',*,*,#9704,.F.);
#10328 = ORIENTED_EDGE('',*,*,#10322,.F.);
#10329 = CYLINDRICAL_SURFACE('',#10330,0.425);
#10330 = AXIS2_PLACEMENT_3D('',#10331,#10332,#10333);
#10331 = CARTESIAN_POINT('',(84.5,-48.12,-4.6E-02));
#10332 = DIRECTION('',(-0.,-0.,-1.));
#10333 = DIRECTION('',(-0.,-1.,0.));
#10334 = ADVANCED_FACE('',(#10335),#10346,.F.);
#10335 = FACE_BOUND('',#10336,.T.);
#10336 = EDGE_LOOP('',(#10337,#10338,#10344,#10345));
#10337 = ORIENTED_EDGE('',*,*,#9300,.T.);
#10338 = ORIENTED_EDGE('',*,*,#10339,.T.);
#10339 = EDGE_CURVE('',#9301,#9716,#10340,.T.);
#10340 = LINE('',#10341,#10342);
#10341 = CARTESIAN_POINT('',(84.5,-40.925,-4.6E-02));
#10342 = VECTOR('',#10343,1.);
#10343 = DIRECTION('',(0.,0.,1.));
#10344 = ORIENTED_EDGE('',*,*,#9715,.F.);
#10345 = ORIENTED_EDGE('',*,*,#10339,.F.);
#10346 = CYLINDRICAL_SURFACE('',#10347,0.425);
#10347 = AXIS2_PLACEMENT_3D('',#10348,#10349,#10350);
#10348 = CARTESIAN_POINT('',(84.5,-40.5,-4.6E-02));
#10349 = DIRECTION('',(-0.,-0.,-1.));
#10350 = DIRECTION('',(-0.,-1.,0.));
#10351 = ADVANCED_FACE('',(#10352),#10363,.F.);
#10352 = FACE_BOUND('',#10353,.T.);
#10353 = EDGE_LOOP('',(#10354,#10360,#10361,#10362));
#10354 = ORIENTED_EDGE('',*,*,#10355,.T.);
#10355 = EDGE_CURVE('',#9312,#9727,#10356,.T.);
#10356 = LINE('',#10357,#10358);
#10357 = CARTESIAN_POINT('',(75.02,-34.31,0.));
#10358 = VECTOR('',#10359,1.);
#10359 = DIRECTION('',(0.,0.,1.));
#10360 = ORIENTED_EDGE('',*,*,#9726,.T.);
#10361 = ORIENTED_EDGE('',*,*,#10355,.F.);
#10362 = ORIENTED_EDGE('',*,*,#9311,.F.);
#10363 = CYLINDRICAL_SURFACE('',#10364,1.95);
#10364 = AXIS2_PLACEMENT_3D('',#10365,#10366,#10367);
#10365 = CARTESIAN_POINT('',(73.07,-34.31,0.));
#10366 = DIRECTION('',(-0.,-0.,-1.));
#10367 = DIRECTION('',(1.,0.,-0.));
#10368 = ADVANCED_FACE('',(#10369),#10380,.F.);
#10369 = FACE_BOUND('',#10370,.T.);
#10370 = EDGE_LOOP('',(#10371,#10377,#10378,#10379));
#10371 = ORIENTED_EDGE('',*,*,#10372,.T.);
#10372 = EDGE_CURVE('',#9323,#9738,#10373,.T.);
#10373 = LINE('',#10374,#10375);
#10374 = CARTESIAN_POINT('',(87.52,-44.31,0.));
#10375 = VECTOR('',#10376,1.);
#10376 = DIRECTION('',(0.,0.,1.));
#10377 = ORIENTED_EDGE('',*,*,#9737,.T.);
#10378 = ORIENTED_EDGE('',*,*,#10372,.F.);
#10379 = ORIENTED_EDGE('',*,*,#9322,.F.);
#10380 = CYLINDRICAL_SURFACE('',#10381,0.95);
#10381 = AXIS2_PLACEMENT_3D('',#10382,#10383,#10384);
#10382 = CARTESIAN_POINT('',(86.57,-44.31,0.));
#10383 = DIRECTION('',(-0.,-0.,-1.));
#10384 = DIRECTION('',(1.,0.,-0.));
#10385 = ADVANCED_FACE('',(#10386),#10397,.F.);
#10386 = FACE_BOUND('',#10387,.T.);
#10387 = EDGE_LOOP('',(#10388,#10394,#10395,#10396));
#10388 = ORIENTED_EDGE('',*,*,#10389,.T.);
#10389 = EDGE_CURVE('',#9334,#9749,#10390,.T.);
#10390 = LINE('',#10391,#10392);
#10391 = CARTESIAN_POINT('',(99.75,-27.5,0.));
#10392 = VECTOR('',#10393,1.);
#10393 = DIRECTION('',(0.,0.,1.));
#10394 = ORIENTED_EDGE('',*,*,#9748,.T.);
#10395 = ORIENTED_EDGE('',*,*,#10389,.F.);
#10396 = ORIENTED_EDGE('',*,*,#9333,.F.);
#10397 = CYLINDRICAL_SURFACE('',#10398,1.5);
#10398 = AXIS2_PLACEMENT_3D('',#10399,#10400,#10401);
#10399 = CARTESIAN_POINT('',(98.25,-27.5,0.));
#10400 = DIRECTION('',(-0.,-0.,-1.));
#10401 = DIRECTION('',(1.,0.,-0.));
#10402 = ( GEOMETRIC_REPRESENTATION_CONTEXT(3) 
GLOBAL_UNCERTAINTY_ASSIGNED_CONTEXT((#10406)) 
GLOBAL_UNIT_ASSIGNED_CONTEXT((#10403,#10404,#10405)) 
REPRESENTATION_CONTEXT('Context #1',
  '3D Context with UNIT and UNCERTAINTY') );
#10403 = ( LENGTH_UNIT() NAMED_UNIT(*) SI_UNIT(.MILLI.,.METRE.) );
#10404 = ( NAMED_UNIT(*) PLANE_ANGLE_UNIT() SI_UNIT($,.RADIAN.) );
#10405 = ( NAMED_UNIT(*) SI_UNIT($,.STERADIAN.) SOLID_ANGLE_UNIT() );
#10406 = UNCERTAINTY_MEASURE_WITH_UNIT(LENGTH_MEASURE(1.E-07),#10403,
  'distance_accuracy_value','confusion accuracy');
#10407 = CONTEXT_DEPENDENT_SHAPE_REPRESENTATION(#10408,#10410);
#10408 = ( REPRESENTATION_RELATIONSHIP('','',#8824,#10) 
REPRESENTATION_RELATIONSHIP_WITH_TRANSFORMATION(#10409) 
SHAPE_REPRESENTATION_RELATIONSHIP() );
#10409 = ITEM_DEFINED_TRANSFORMATION('','',#11,#35);
#10410 = PRODUCT_DEFINITION_SHAPE('Placement','Placement of an item',
  #10411);
#10411 = NEXT_ASSEMBLY_USAGE_OCCURRENCE('9','=>[0:1:1:7]','',#5,#8819,$
  );
#10412 = PRODUCT_RELATED_PRODUCT_CATEGORY('part',$,(#8821));
#10413 = MECHANICAL_DESIGN_GEOMETRIC_PRESENTATION_REPRESENTATION('',(
    #10414,#10422,#10429,#10436,#10443,#10450,#10457,#10464,#10472,
    #10479,#10486,#10493,#10500,#10507,#10515,#10522,#10529,#10536,
    #10543,#10550,#10557,#10564,#10571,#10578,#10585,#10592),#5895);
#10414 = STYLED_ITEM('color',(#10415),#5107);
#10415 = PRESENTATION_STYLE_ASSIGNMENT((#10416));
#10416 = SURFACE_STYLE_USAGE(.BOTH.,#10417);
#10417 = SURFACE_SIDE_STYLE('',(#10418));
#10418 = SURFACE_STYLE_FILL_AREA(#10419);
#10419 = FILL_AREA_STYLE('',(#10420));
#10420 = FILL_AREA_STYLE_COLOUR('',#10421);
#10421 = COLOUR_RGB('',0.823999987314,0.819999987296,0.781000009244);
#10422 = STYLED_ITEM('color',(#10423),#5147);
#10423 = PRESENTATION_STYLE_ASSIGNMENT((#10424));
#10424 = SURFACE_STYLE_USAGE(.BOTH.,#10425);
#10425 = SURFACE_SIDE_STYLE('',(#10426));
#10426 = SURFACE_STYLE_FILL_AREA(#10427);
#10427 = FILL_AREA_STYLE('',(#10428));
#10428 = FILL_AREA_STYLE_COLOUR('',#10421);
#10429 = STYLED_ITEM('color',(#10430),#5230);
#10430 = PRESENTATION_STYLE_ASSIGNMENT((#10431));
#10431 = SURFACE_STYLE_USAGE(.BOTH.,#10432);
#10432 = SURFACE_SIDE_STYLE('',(#10433));
#10433 = SURFACE_STYLE_FILL_AREA(#10434);
#10434 = FILL_AREA_STYLE('',(#10435));
#10435 = FILL_AREA_STYLE_COLOUR('',#10421);
#10436 = STYLED_ITEM('color',(#10437),#5255);
#10437 = PRESENTATION_STYLE_ASSIGNMENT((#10438));
#10438 = SURFACE_STYLE_USAGE(.BOTH.,#10439);
#10439 = SURFACE_SIDE_STYLE('',(#10440));
#10440 = SURFACE_STYLE_FILL_AREA(#10441);
#10441 = FILL_AREA_STYLE('',(#10442));
#10442 = FILL_AREA_STYLE_COLOUR('',#10421);
#10443 = STYLED_ITEM('color',(#10444),#5280);
#10444 = PRESENTATION_STYLE_ASSIGNMENT((#10445));
#10445 = SURFACE_STYLE_USAGE(.BOTH.,#10446);
#10446 = SURFACE_SIDE_STYLE('',(#10447));
#10447 = SURFACE_STYLE_FILL_AREA(#10448);
#10448 = FILL_AREA_STYLE('',(#10449));
#10449 = FILL_AREA_STYLE_COLOUR('',#10421);
#10450 = STYLED_ITEM('color',(#10451),#5347);
#10451 = PRESENTATION_STYLE_ASSIGNMENT((#10452));
#10452 = SURFACE_STYLE_USAGE(.BOTH.,#10453);
#10453 = SURFACE_SIDE_STYLE('',(#10454));
#10454 = SURFACE_STYLE_FILL_AREA(#10455);
#10455 = FILL_AREA_STYLE('',(#10456));
#10456 = FILL_AREA_STYLE_COLOUR('',#10421);
#10457 = STYLED_ITEM('color',(#10458),#5364);
#10458 = PRESENTATION_STYLE_ASSIGNMENT((#10459));
#10459 = SURFACE_STYLE_USAGE(.BOTH.,#10460);
#10460 = SURFACE_SIDE_STYLE('',(#10461));
#10461 = SURFACE_STYLE_FILL_AREA(#10462);
#10462 = FILL_AREA_STYLE('',(#10463));
#10463 = FILL_AREA_STYLE_COLOUR('',#10421);
#10464 = STYLED_ITEM('color',(#10465),#5381);
#10465 = PRESENTATION_STYLE_ASSIGNMENT((#10466));
#10466 = SURFACE_STYLE_USAGE(.BOTH.,#10467);
#10467 = SURFACE_SIDE_STYLE('',(#10468));
#10468 = SURFACE_STYLE_FILL_AREA(#10469);
#10469 = FILL_AREA_STYLE('',(#10470));
#10470 = FILL_AREA_STYLE_COLOUR('',#10471);
#10471 = COLOUR_RGB('',0.894999966383,0.890999961016,0.813000030345);
#10472 = STYLED_ITEM('color',(#10473),#5430);
#10473 = PRESENTATION_STYLE_ASSIGNMENT((#10474));
#10474 = SURFACE_STYLE_USAGE(.BOTH.,#10475);
#10475 = SURFACE_SIDE_STYLE('',(#10476));
#10476 = SURFACE_STYLE_FILL_AREA(#10477);
#10477 = FILL_AREA_STYLE('',(#10478));
#10478 = FILL_AREA_STYLE_COLOUR('',#10421);
#10479 = STYLED_ITEM('color',(#10480),#5447);
#10480 = PRESENTATION_STYLE_ASSIGNMENT((#10481));
#10481 = SURFACE_STYLE_USAGE(.BOTH.,#10482);
#10482 = SURFACE_SIDE_STYLE('',(#10483));
#10483 = SURFACE_STYLE_FILL_AREA(#10484);
#10484 = FILL_AREA_STYLE('',(#10485));
#10485 = FILL_AREA_STYLE_COLOUR('',#10421);
#10486 = STYLED_ITEM('color',(#10487),#5464);
#10487 = PRESENTATION_STYLE_ASSIGNMENT((#10488));
#10488 = SURFACE_STYLE_USAGE(.BOTH.,#10489);
#10489 = SURFACE_SIDE_STYLE('',(#10490));
#10490 = SURFACE_STYLE_FILL_AREA(#10491);
#10491 = FILL_AREA_STYLE('',(#10492));
#10492 = FILL_AREA_STYLE_COLOUR('',#10471);
#10493 = STYLED_ITEM('color',(#10494),#5513);
#10494 = PRESENTATION_STYLE_ASSIGNMENT((#10495));
#10495 = SURFACE_STYLE_USAGE(.BOTH.,#10496);
#10496 = SURFACE_SIDE_STYLE('',(#10497));
#10497 = SURFACE_STYLE_FILL_AREA(#10498);
#10498 = FILL_AREA_STYLE('',(#10499));
#10499 = FILL_AREA_STYLE_COLOUR('',#10471);
#10500 = STYLED_ITEM('color',(#10501),#5530);
#10501 = PRESENTATION_STYLE_ASSIGNMENT((#10502));
#10502 = SURFACE_STYLE_USAGE(.BOTH.,#10503);
#10503 = SURFACE_SIDE_STYLE('',(#10504));
#10504 = SURFACE_STYLE_FILL_AREA(#10505);
#10505 = FILL_AREA_STYLE('',(#10506));
#10506 = FILL_AREA_STYLE_COLOUR('',#10421);
#10507 = STYLED_ITEM('color',(#10508),#5599);
#10508 = PRESENTATION_STYLE_ASSIGNMENT((#10509));
#10509 = SURFACE_STYLE_USAGE(.BOTH.,#10510);
#10510 = SURFACE_SIDE_STYLE('',(#10511));
#10511 = SURFACE_STYLE_FILL_AREA(#10512);
#10512 = FILL_AREA_STYLE('',(#10513));
#10513 = FILL_AREA_STYLE_COLOUR('',#10514);
#10514 = COLOUR_RGB('',8.200000279077E-02,8.600000121357E-02,
  9.399999706163E-02);
#10515 = STYLED_ITEM('color',(#10516),#5630);
#10516 = PRESENTATION_STYLE_ASSIGNMENT((#10517));
#10517 = SURFACE_STYLE_USAGE(.BOTH.,#10518);
#10518 = SURFACE_SIDE_STYLE('',(#10519));
#10519 = SURFACE_STYLE_FILL_AREA(#10520);
#10520 = FILL_AREA_STYLE('',(#10521));
#10521 = FILL_AREA_STYLE_COLOUR('',#10514);
#10522 = STYLED_ITEM('color',(#10523),#5654);
#10523 = PRESENTATION_STYLE_ASSIGNMENT((#10524));
#10524 = SURFACE_STYLE_USAGE(.BOTH.,#10525);
#10525 = SURFACE_SIDE_STYLE('',(#10526));
#10526 = SURFACE_STYLE_FILL_AREA(#10527);
#10527 = FILL_AREA_STYLE('',(#10528));
#10528 = FILL_AREA_STYLE_COLOUR('',#10421);
#10529 = STYLED_ITEM('color',(#10530),#5723);
#10530 = PRESENTATION_STYLE_ASSIGNMENT((#10531));
#10531 = SURFACE_STYLE_USAGE(.BOTH.,#10532);
#10532 = SURFACE_SIDE_STYLE('',(#10533));
#10533 = SURFACE_STYLE_FILL_AREA(#10534);
#10534 = FILL_AREA_STYLE('',(#10535));
#10535 = FILL_AREA_STYLE_COLOUR('',#10514);
#10536 = STYLED_ITEM('color',(#10537),#5747);
#10537 = PRESENTATION_STYLE_ASSIGNMENT((#10538));
#10538 = SURFACE_STYLE_USAGE(.BOTH.,#10539);
#10539 = SURFACE_SIDE_STYLE('',(#10540));
#10540 = SURFACE_STYLE_FILL_AREA(#10541);
#10541 = FILL_AREA_STYLE('',(#10542));
#10542 = FILL_AREA_STYLE_COLOUR('',#10421);
#10543 = STYLED_ITEM('color',(#10544),#5764);
#10544 = PRESENTATION_STYLE_ASSIGNMENT((#10545));
#10545 = SURFACE_STYLE_USAGE(.BOTH.,#10546);
#10546 = SURFACE_SIDE_STYLE('',(#10547));
#10547 = SURFACE_STYLE_FILL_AREA(#10548);
#10548 = FILL_AREA_STYLE('',(#10549));
#10549 = FILL_AREA_STYLE_COLOUR('',#10421);
#10550 = STYLED_ITEM('color',(#10551),#5781);
#10551 = PRESENTATION_STYLE_ASSIGNMENT((#10552));
#10552 = SURFACE_STYLE_USAGE(.BOTH.,#10553);
#10553 = SURFACE_SIDE_STYLE('',(#10554));
#10554 = SURFACE_STYLE_FILL_AREA(#10555);
#10555 = FILL_AREA_STYLE('',(#10556));
#10556 = FILL_AREA_STYLE_COLOUR('',#10421);
#10557 = STYLED_ITEM('color',(#10558),#5798);
#10558 = PRESENTATION_STYLE_ASSIGNMENT((#10559));
#10559 = SURFACE_STYLE_USAGE(.BOTH.,#10560);
#10560 = SURFACE_SIDE_STYLE('',(#10561));
#10561 = SURFACE_STYLE_FILL_AREA(#10562);
#10562 = FILL_AREA_STYLE('',(#10563));
#10563 = FILL_AREA_STYLE_COLOUR('',#10421);
#10564 = STYLED_ITEM('color',(#10565),#5815);
#10565 = PRESENTATION_STYLE_ASSIGNMENT((#10566));
#10566 = SURFACE_STYLE_USAGE(.BOTH.,#10567);
#10567 = SURFACE_SIDE_STYLE('',(#10568));
#10568 = SURFACE_STYLE_FILL_AREA(#10569);
#10569 = FILL_AREA_STYLE('',(#10570));
#10570 = FILL_AREA_STYLE_COLOUR('',#10421);
#10571 = STYLED_ITEM('color',(#10572),#5832);
#10572 = PRESENTATION_STYLE_ASSIGNMENT((#10573));
#10573 = SURFACE_STYLE_USAGE(.BOTH.,#10574);
#10574 = SURFACE_SIDE_STYLE('',(#10575));
#10575 = SURFACE_STYLE_FILL_AREA(#10576);
#10576 = FILL_AREA_STYLE('',(#10577));
#10577 = FILL_AREA_STYLE_COLOUR('',#10421);
#10578 = STYLED_ITEM('color',(#10579),#5849);
#10579 = PRESENTATION_STYLE_ASSIGNMENT((#10580));
#10580 = SURFACE_STYLE_USAGE(.BOTH.,#10581);
#10581 = SURFACE_SIDE_STYLE('',(#10582));
#10582 = SURFACE_STYLE_FILL_AREA(#10583);
#10583 = FILL_AREA_STYLE('',(#10584));
#10584 = FILL_AREA_STYLE_COLOUR('',#10421);
#10585 = STYLED_ITEM('color',(#10586),#5866);
#10586 = PRESENTATION_STYLE_ASSIGNMENT((#10587));
#10587 = SURFACE_STYLE_USAGE(.BOTH.,#10588);
#10588 = SURFACE_SIDE_STYLE('',(#10589));
#10589 = SURFACE_STYLE_FILL_AREA(#10590);
#10590 = FILL_AREA_STYLE('',(#10591));
#10591 = FILL_AREA_STYLE_COLOUR('',#10514);
#10592 = STYLED_ITEM('color',(#10593),#5883);
#10593 = PRESENTATION_STYLE_ASSIGNMENT((#10594));
#10594 = SURFACE_STYLE_USAGE(.BOTH.,#10595);
#10595 = SURFACE_SIDE_STYLE('',(#10596));
#10596 = SURFACE_STYLE_FILL_AREA(#10597);
#10597 = FILL_AREA_STYLE('',(#10598));
#10598 = FILL_AREA_STYLE_COLOUR('',#10514);
#10599 = MECHANICAL_DESIGN_GEOMETRIC_PRESENTATION_REPRESENTATION('',(
    #10600),#10402);
#10600 = STYLED_ITEM('color',(#10601),#8825);
#10601 = PRESENTATION_STYLE_ASSIGNMENT((#10602));
#10602 = SURFACE_STYLE_USAGE(.BOTH.,#10603);
#10603 = SURFACE_SIDE_STYLE('',(#10604));
#10604 = SURFACE_STYLE_FILL_AREA(#10605);
#10605 = FILL_AREA_STYLE('',(#10606));
#10606 = FILL_AREA_STYLE_COLOUR('',#10607);
#10607 = COLOUR_RGB('',0.313304153717,0.484529207832,0.410020903123);
#10608 = MECHANICAL_DESIGN_GEOMETRIC_PRESENTATION_REPRESENTATION('',(
    #10609,#10617,#10624,#10631,#10638,#10645,#10652,#10659,#10666,
    #10673,#10680,#10687,#10694,#10701,#10708,#10715,#10722,#10729,
    #10736,#10743,#10750,#10757,#10764,#10772,#10779,#10786,#10793,
    #10800,#10807,#10814,#10821,#10828,#10835,#10842,#10849,#10856,
    #10863,#10870,#10877,#10884,#10891,#10898,#10905,#10912,#10919,
    #10926,#10933,#10940,#10947,#10954,#10961,#10968,#10975,#10982,
    #10989,#10996,#11003,#11010,#11017,#11024,#11031,#11038,#11045,
    #11052,#11059,#11066,#11073,#11080,#11087,#11094,#11101,#11108,
    #11115,#11122,#11129,#11136),#5086);
#10609 = STYLED_ITEM('color',(#10610),#2982);
#10610 = PRESENTATION_STYLE_ASSIGNMENT((#10611));
#10611 = SURFACE_STYLE_USAGE(.BOTH.,#10612);
#10612 = SURFACE_SIDE_STYLE('',(#10613));
#10613 = SURFACE_STYLE_FILL_AREA(#10614);
#10614 = FILL_AREA_STYLE('',(#10615));
#10615 = FILL_AREA_STYLE_COLOUR('',#10616);
#10616 = COLOUR_RGB('',0.147999998088,0.144999993226,0.144999993226);
#10617 = STYLED_ITEM('color',(#10618),#3022);
#10618 = PRESENTATION_STYLE_ASSIGNMENT((#10619));
#10619 = SURFACE_STYLE_USAGE(.BOTH.,#10620);
#10620 = SURFACE_SIDE_STYLE('',(#10621));
#10621 = SURFACE_STYLE_FILL_AREA(#10622);
#10622 = FILL_AREA_STYLE('',(#10623));
#10623 = FILL_AREA_STYLE_COLOUR('',#10616);
#10624 = STYLED_ITEM('color',(#10625),#3053);
#10625 = PRESENTATION_STYLE_ASSIGNMENT((#10626));
#10626 = SURFACE_STYLE_USAGE(.BOTH.,#10627);
#10627 = SURFACE_SIDE_STYLE('',(#10628));
#10628 = SURFACE_STYLE_FILL_AREA(#10629);
#10629 = FILL_AREA_STYLE('',(#10630));
#10630 = FILL_AREA_STYLE_COLOUR('',#10616);
#10631 = STYLED_ITEM('color',(#10632),#3084);
#10632 = PRESENTATION_STYLE_ASSIGNMENT((#10633));
#10633 = SURFACE_STYLE_USAGE(.BOTH.,#10634);
#10634 = SURFACE_SIDE_STYLE('',(#10635));
#10635 = SURFACE_STYLE_FILL_AREA(#10636);
#10636 = FILL_AREA_STYLE('',(#10637));
#10637 = FILL_AREA_STYLE_COLOUR('',#10616);
#10638 = STYLED_ITEM('color',(#10639),#3331);
#10639 = PRESENTATION_STYLE_ASSIGNMENT((#10640));
#10640 = SURFACE_STYLE_USAGE(.BOTH.,#10641);
#10641 = SURFACE_SIDE_STYLE('',(#10642));
#10642 = SURFACE_STYLE_FILL_AREA(#10643);
#10643 = FILL_AREA_STYLE('',(#10644));
#10644 = FILL_AREA_STYLE_COLOUR('',#10616);
#10645 = STYLED_ITEM('color',(#10646),#3578);
#10646 = PRESENTATION_STYLE_ASSIGNMENT((#10647));
#10647 = SURFACE_STYLE_USAGE(.BOTH.,#10648);
#10648 = SURFACE_SIDE_STYLE('',(#10649));
#10649 = SURFACE_STYLE_FILL_AREA(#10650);
#10650 = FILL_AREA_STYLE('',(#10651));
#10651 = FILL_AREA_STYLE_COLOUR('',#10616);
#10652 = STYLED_ITEM('color',(#10653),#3595);
#10653 = PRESENTATION_STYLE_ASSIGNMENT((#10654));
#10654 = SURFACE_STYLE_USAGE(.BOTH.,#10655);
#10655 = SURFACE_SIDE_STYLE('',(#10656));
#10656 = SURFACE_STYLE_FILL_AREA(#10657);
#10657 = FILL_AREA_STYLE('',(#10658));
#10658 = FILL_AREA_STYLE_COLOUR('',#10616);
#10659 = STYLED_ITEM('color',(#10660),#3612);
#10660 = PRESENTATION_STYLE_ASSIGNMENT((#10661));
#10661 = SURFACE_STYLE_USAGE(.BOTH.,#10662);
#10662 = SURFACE_SIDE_STYLE('',(#10663));
#10663 = SURFACE_STYLE_FILL_AREA(#10664);
#10664 = FILL_AREA_STYLE('',(#10665));
#10665 = FILL_AREA_STYLE_COLOUR('',#10616);
#10666 = STYLED_ITEM('color',(#10667),#3629);
#10667 = PRESENTATION_STYLE_ASSIGNMENT((#10668));
#10668 = SURFACE_STYLE_USAGE(.BOTH.,#10669);
#10669 = SURFACE_SIDE_STYLE('',(#10670));
#10670 = SURFACE_STYLE_FILL_AREA(#10671);
#10671 = FILL_AREA_STYLE('',(#10672));
#10672 = FILL_AREA_STYLE_COLOUR('',#10616);
#10673 = STYLED_ITEM('color',(#10674),#3646);
#10674 = PRESENTATION_STYLE_ASSIGNMENT((#10675));
#10675 = SURFACE_STYLE_USAGE(.BOTH.,#10676);
#10676 = SURFACE_SIDE_STYLE('',(#10677));
#10677 = SURFACE_STYLE_FILL_AREA(#10678);
#10678 = FILL_AREA_STYLE('',(#10679));
#10679 = FILL_AREA_STYLE_COLOUR('',#10616);
#10680 = STYLED_ITEM('color',(#10681),#3663);
#10681 = PRESENTATION_STYLE_ASSIGNMENT((#10682));
#10682 = SURFACE_STYLE_USAGE(.BOTH.,#10683);
#10683 = SURFACE_SIDE_STYLE('',(#10684));
#10684 = SURFACE_STYLE_FILL_AREA(#10685);
#10685 = FILL_AREA_STYLE('',(#10686));
#10686 = FILL_AREA_STYLE_COLOUR('',#10616);
#10687 = STYLED_ITEM('color',(#10688),#3680);
#10688 = PRESENTATION_STYLE_ASSIGNMENT((#10689));
#10689 = SURFACE_STYLE_USAGE(.BOTH.,#10690);
#10690 = SURFACE_SIDE_STYLE('',(#10691));
#10691 = SURFACE_STYLE_FILL_AREA(#10692);
#10692 = FILL_AREA_STYLE('',(#10693));
#10693 = FILL_AREA_STYLE_COLOUR('',#10616);
#10694 = STYLED_ITEM('color',(#10695),#3697);
#10695 = PRESENTATION_STYLE_ASSIGNMENT((#10696));
#10696 = SURFACE_STYLE_USAGE(.BOTH.,#10697);
#10697 = SURFACE_SIDE_STYLE('',(#10698));
#10698 = SURFACE_STYLE_FILL_AREA(#10699);
#10699 = FILL_AREA_STYLE('',(#10700));
#10700 = FILL_AREA_STYLE_COLOUR('',#10616);
#10701 = STYLED_ITEM('color',(#10702),#3714);
#10702 = PRESENTATION_STYLE_ASSIGNMENT((#10703));
#10703 = SURFACE_STYLE_USAGE(.BOTH.,#10704);
#10704 = SURFACE_SIDE_STYLE('',(#10705));
#10705 = SURFACE_STYLE_FILL_AREA(#10706);
#10706 = FILL_AREA_STYLE('',(#10707));
#10707 = FILL_AREA_STYLE_COLOUR('',#10616);
#10708 = STYLED_ITEM('color',(#10709),#3731);
#10709 = PRESENTATION_STYLE_ASSIGNMENT((#10710));
#10710 = SURFACE_STYLE_USAGE(.BOTH.,#10711);
#10711 = SURFACE_SIDE_STYLE('',(#10712));
#10712 = SURFACE_STYLE_FILL_AREA(#10713);
#10713 = FILL_AREA_STYLE('',(#10714));
#10714 = FILL_AREA_STYLE_COLOUR('',#10616);
#10715 = STYLED_ITEM('color',(#10716),#3748);
#10716 = PRESENTATION_STYLE_ASSIGNMENT((#10717));
#10717 = SURFACE_STYLE_USAGE(.BOTH.,#10718);
#10718 = SURFACE_SIDE_STYLE('',(#10719));
#10719 = SURFACE_STYLE_FILL_AREA(#10720);
#10720 = FILL_AREA_STYLE('',(#10721));
#10721 = FILL_AREA_STYLE_COLOUR('',#10616);
#10722 = STYLED_ITEM('color',(#10723),#3765);
#10723 = PRESENTATION_STYLE_ASSIGNMENT((#10724));
#10724 = SURFACE_STYLE_USAGE(.BOTH.,#10725);
#10725 = SURFACE_SIDE_STYLE('',(#10726));
#10726 = SURFACE_STYLE_FILL_AREA(#10727);
#10727 = FILL_AREA_STYLE('',(#10728));
#10728 = FILL_AREA_STYLE_COLOUR('',#10616);
#10729 = STYLED_ITEM('color',(#10730),#3782);
#10730 = PRESENTATION_STYLE_ASSIGNMENT((#10731));
#10731 = SURFACE_STYLE_USAGE(.BOTH.,#10732);
#10732 = SURFACE_SIDE_STYLE('',(#10733));
#10733 = SURFACE_STYLE_FILL_AREA(#10734);
#10734 = FILL_AREA_STYLE('',(#10735));
#10735 = FILL_AREA_STYLE_COLOUR('',#10616);
#10736 = STYLED_ITEM('color',(#10737),#3799);
#10737 = PRESENTATION_STYLE_ASSIGNMENT((#10738));
#10738 = SURFACE_STYLE_USAGE(.BOTH.,#10739);
#10739 = SURFACE_SIDE_STYLE('',(#10740));
#10740 = SURFACE_STYLE_FILL_AREA(#10741);
#10741 = FILL_AREA_STYLE('',(#10742));
#10742 = FILL_AREA_STYLE_COLOUR('',#10616);
#10743 = STYLED_ITEM('color',(#10744),#3816);
#10744 = PRESENTATION_STYLE_ASSIGNMENT((#10745));
#10745 = SURFACE_STYLE_USAGE(.BOTH.,#10746);
#10746 = SURFACE_SIDE_STYLE('',(#10747));
#10747 = SURFACE_STYLE_FILL_AREA(#10748);
#10748 = FILL_AREA_STYLE('',(#10749));
#10749 = FILL_AREA_STYLE_COLOUR('',#10616);
#10750 = STYLED_ITEM('color',(#10751),#3833);
#10751 = PRESENTATION_STYLE_ASSIGNMENT((#10752));
#10752 = SURFACE_STYLE_USAGE(.BOTH.,#10753);
#10753 = SURFACE_SIDE_STYLE('',(#10754));
#10754 = SURFACE_STYLE_FILL_AREA(#10755);
#10755 = FILL_AREA_STYLE('',(#10756));
#10756 = FILL_AREA_STYLE_COLOUR('',#10616);
#10757 = STYLED_ITEM('color',(#10758),#3850);
#10758 = PRESENTATION_STYLE_ASSIGNMENT((#10759));
#10759 = SURFACE_STYLE_USAGE(.BOTH.,#10760);
#10760 = SURFACE_SIDE_STYLE('',(#10761));
#10761 = SURFACE_STYLE_FILL_AREA(#10762);
#10762 = FILL_AREA_STYLE('',(#10763));
#10763 = FILL_AREA_STYLE_COLOUR('',#10616);
#10764 = STYLED_ITEM('color',(#10765),#3862);
#10765 = PRESENTATION_STYLE_ASSIGNMENT((#10766));
#10766 = SURFACE_STYLE_USAGE(.BOTH.,#10767);
#10767 = SURFACE_SIDE_STYLE('',(#10768));
#10768 = SURFACE_STYLE_FILL_AREA(#10769);
#10769 = FILL_AREA_STYLE('',(#10770));
#10770 = FILL_AREA_STYLE_COLOUR('',#10771);
#10771 = COLOUR_RGB('',0.859000020776,0.737999965183,0.495999988746);
#10772 = STYLED_ITEM('color',(#10773),#3893);
#10773 = PRESENTATION_STYLE_ASSIGNMENT((#10774));
#10774 = SURFACE_STYLE_USAGE(.BOTH.,#10775);
#10775 = SURFACE_SIDE_STYLE('',(#10776));
#10776 = SURFACE_STYLE_FILL_AREA(#10777);
#10777 = FILL_AREA_STYLE('',(#10778));
#10778 = FILL_AREA_STYLE_COLOUR('',#10771);
#10779 = STYLED_ITEM('color',(#10780),#3917);
#10780 = PRESENTATION_STYLE_ASSIGNMENT((#10781));
#10781 = SURFACE_STYLE_USAGE(.BOTH.,#10782);
#10782 = SURFACE_SIDE_STYLE('',(#10783));
#10783 = SURFACE_STYLE_FILL_AREA(#10784);
#10784 = FILL_AREA_STYLE('',(#10785));
#10785 = FILL_AREA_STYLE_COLOUR('',#10771);
#10786 = STYLED_ITEM('color',(#10787),#3941);
#10787 = PRESENTATION_STYLE_ASSIGNMENT((#10788));
#10788 = SURFACE_STYLE_USAGE(.BOTH.,#10789);
#10789 = SURFACE_SIDE_STYLE('',(#10790));
#10790 = SURFACE_STYLE_FILL_AREA(#10791);
#10791 = FILL_AREA_STYLE('',(#10792));
#10792 = FILL_AREA_STYLE_COLOUR('',#10771);
#10793 = STYLED_ITEM('color',(#10794),#3958);
#10794 = PRESENTATION_STYLE_ASSIGNMENT((#10795));
#10795 = SURFACE_STYLE_USAGE(.BOTH.,#10796);
#10796 = SURFACE_SIDE_STYLE('',(#10797));
#10797 = SURFACE_STYLE_FILL_AREA(#10798);
#10798 = FILL_AREA_STYLE('',(#10799));
#10799 = FILL_AREA_STYLE_COLOUR('',#10771);
#10800 = STYLED_ITEM('color',(#10801),#3989);
#10801 = PRESENTATION_STYLE_ASSIGNMENT((#10802));
#10802 = SURFACE_STYLE_USAGE(.BOTH.,#10803);
#10803 = SURFACE_SIDE_STYLE('',(#10804));
#10804 = SURFACE_STYLE_FILL_AREA(#10805);
#10805 = FILL_AREA_STYLE('',(#10806));
#10806 = FILL_AREA_STYLE_COLOUR('',#10771);
#10807 = STYLED_ITEM('color',(#10808),#4013);
#10808 = PRESENTATION_STYLE_ASSIGNMENT((#10809));
#10809 = SURFACE_STYLE_USAGE(.BOTH.,#10810);
#10810 = SURFACE_SIDE_STYLE('',(#10811));
#10811 = SURFACE_STYLE_FILL_AREA(#10812);
#10812 = FILL_AREA_STYLE('',(#10813));
#10813 = FILL_AREA_STYLE_COLOUR('',#10771);
#10814 = STYLED_ITEM('color',(#10815),#4037);
#10815 = PRESENTATION_STYLE_ASSIGNMENT((#10816));
#10816 = SURFACE_STYLE_USAGE(.BOTH.,#10817);
#10817 = SURFACE_SIDE_STYLE('',(#10818));
#10818 = SURFACE_STYLE_FILL_AREA(#10819);
#10819 = FILL_AREA_STYLE('',(#10820));
#10820 = FILL_AREA_STYLE_COLOUR('',#10771);
#10821 = STYLED_ITEM('color',(#10822),#4054);
#10822 = PRESENTATION_STYLE_ASSIGNMENT((#10823));
#10823 = SURFACE_STYLE_USAGE(.BOTH.,#10824);
#10824 = SURFACE_SIDE_STYLE('',(#10825));
#10825 = SURFACE_STYLE_FILL_AREA(#10826);
#10826 = FILL_AREA_STYLE('',(#10827));
#10827 = FILL_AREA_STYLE_COLOUR('',#10771);
#10828 = STYLED_ITEM('color',(#10829),#4085);
#10829 = PRESENTATION_STYLE_ASSIGNMENT((#10830));
#10830 = SURFACE_STYLE_USAGE(.BOTH.,#10831);
#10831 = SURFACE_SIDE_STYLE('',(#10832));
#10832 = SURFACE_STYLE_FILL_AREA(#10833);
#10833 = FILL_AREA_STYLE('',(#10834));
#10834 = FILL_AREA_STYLE_COLOUR('',#10771);
#10835 = STYLED_ITEM('color',(#10836),#4109);
#10836 = PRESENTATION_STYLE_ASSIGNMENT((#10837));
#10837 = SURFACE_STYLE_USAGE(.BOTH.,#10838);
#10838 = SURFACE_SIDE_STYLE('',(#10839));
#10839 = SURFACE_STYLE_FILL_AREA(#10840);
#10840 = FILL_AREA_STYLE('',(#10841));
#10841 = FILL_AREA_STYLE_COLOUR('',#10771);
#10842 = STYLED_ITEM('color',(#10843),#4133);
#10843 = PRESENTATION_STYLE_ASSIGNMENT((#10844));
#10844 = SURFACE_STYLE_USAGE(.BOTH.,#10845);
#10845 = SURFACE_SIDE_STYLE('',(#10846));
#10846 = SURFACE_STYLE_FILL_AREA(#10847);
#10847 = FILL_AREA_STYLE('',(#10848));
#10848 = FILL_AREA_STYLE_COLOUR('',#10771);
#10849 = STYLED_ITEM('color',(#10850),#4150);
#10850 = PRESENTATION_STYLE_ASSIGNMENT((#10851));
#10851 = SURFACE_STYLE_USAGE(.BOTH.,#10852);
#10852 = SURFACE_SIDE_STYLE('',(#10853));
#10853 = SURFACE_STYLE_FILL_AREA(#10854);
#10854 = FILL_AREA_STYLE('',(#10855));
#10855 = FILL_AREA_STYLE_COLOUR('',#10771);
#10856 = STYLED_ITEM('color',(#10857),#4181);
#10857 = PRESENTATION_STYLE_ASSIGNMENT((#10858));
#10858 = SURFACE_STYLE_USAGE(.BOTH.,#10859);
#10859 = SURFACE_SIDE_STYLE('',(#10860));
#10860 = SURFACE_STYLE_FILL_AREA(#10861);
#10861 = FILL_AREA_STYLE('',(#10862));
#10862 = FILL_AREA_STYLE_COLOUR('',#10771);
#10863 = STYLED_ITEM('color',(#10864),#4205);
#10864 = PRESENTATION_STYLE_ASSIGNMENT((#10865));
#10865 = SURFACE_STYLE_USAGE(.BOTH.,#10866);
#10866 = SURFACE_SIDE_STYLE('',(#10867));
#10867 = SURFACE_STYLE_FILL_AREA(#10868);
#10868 = FILL_AREA_STYLE('',(#10869));
#10869 = FILL_AREA_STYLE_COLOUR('',#10771);
#10870 = STYLED_ITEM('color',(#10871),#4229);
#10871 = PRESENTATION_STYLE_ASSIGNMENT((#10872));
#10872 = SURFACE_STYLE_USAGE(.BOTH.,#10873);
#10873 = SURFACE_SIDE_STYLE('',(#10874));
#10874 = SURFACE_STYLE_FILL_AREA(#10875);
#10875 = FILL_AREA_STYLE('',(#10876));
#10876 = FILL_AREA_STYLE_COLOUR('',#10771);
#10877 = STYLED_ITEM('color',(#10878),#4246);
#10878 = PRESENTATION_STYLE_ASSIGNMENT((#10879));
#10879 = SURFACE_STYLE_USAGE(.BOTH.,#10880);
#10880 = SURFACE_SIDE_STYLE('',(#10881));
#10881 = SURFACE_STYLE_FILL_AREA(#10882);
#10882 = FILL_AREA_STYLE('',(#10883));
#10883 = FILL_AREA_STYLE_COLOUR('',#10771);
#10884 = STYLED_ITEM('color',(#10885),#4277);
#10885 = PRESENTATION_STYLE_ASSIGNMENT((#10886));
#10886 = SURFACE_STYLE_USAGE(.BOTH.,#10887);
#10887 = SURFACE_SIDE_STYLE('',(#10888));
#10888 = SURFACE_STYLE_FILL_AREA(#10889);
#10889 = FILL_AREA_STYLE('',(#10890));
#10890 = FILL_AREA_STYLE_COLOUR('',#10771);
#10891 = STYLED_ITEM('color',(#10892),#4301);
#10892 = PRESENTATION_STYLE_ASSIGNMENT((#10893));
#10893 = SURFACE_STYLE_USAGE(.BOTH.,#10894);
#10894 = SURFACE_SIDE_STYLE('',(#10895));
#10895 = SURFACE_STYLE_FILL_AREA(#10896);
#10896 = FILL_AREA_STYLE('',(#10897));
#10897 = FILL_AREA_STYLE_COLOUR('',#10771);
#10898 = STYLED_ITEM('color',(#10899),#4325);
#10899 = PRESENTATION_STYLE_ASSIGNMENT((#10900));
#10900 = SURFACE_STYLE_USAGE(.BOTH.,#10901);
#10901 = SURFACE_SIDE_STYLE('',(#10902));
#10902 = SURFACE_STYLE_FILL_AREA(#10903);
#10903 = FILL_AREA_STYLE('',(#10904));
#10904 = FILL_AREA_STYLE_COLOUR('',#10771);
#10905 = STYLED_ITEM('color',(#10906),#4342);
#10906 = PRESENTATION_STYLE_ASSIGNMENT((#10907));
#10907 = SURFACE_STYLE_USAGE(.BOTH.,#10908);
#10908 = SURFACE_SIDE_STYLE('',(#10909));
#10909 = SURFACE_STYLE_FILL_AREA(#10910);
#10910 = FILL_AREA_STYLE('',(#10911));
#10911 = FILL_AREA_STYLE_COLOUR('',#10771);
#10912 = STYLED_ITEM('color',(#10913),#4373);
#10913 = PRESENTATION_STYLE_ASSIGNMENT((#10914));
#10914 = SURFACE_STYLE_USAGE(.BOTH.,#10915);
#10915 = SURFACE_SIDE_STYLE('',(#10916));
#10916 = SURFACE_STYLE_FILL_AREA(#10917);
#10917 = FILL_AREA_STYLE('',(#10918));
#10918 = FILL_AREA_STYLE_COLOUR('',#10771);
#10919 = STYLED_ITEM('color',(#10920),#4397);
#10920 = PRESENTATION_STYLE_ASSIGNMENT((#10921));
#10921 = SURFACE_STYLE_USAGE(.BOTH.,#10922);
#10922 = SURFACE_SIDE_STYLE('',(#10923));
#10923 = SURFACE_STYLE_FILL_AREA(#10924);
#10924 = FILL_AREA_STYLE('',(#10925));
#10925 = FILL_AREA_STYLE_COLOUR('',#10771);
#10926 = STYLED_ITEM('color',(#10927),#4421);
#10927 = PRESENTATION_STYLE_ASSIGNMENT((#10928));
#10928 = SURFACE_STYLE_USAGE(.BOTH.,#10929);
#10929 = SURFACE_SIDE_STYLE('',(#10930));
#10930 = SURFACE_STYLE_FILL_AREA(#10931);
#10931 = FILL_AREA_STYLE('',(#10932));
#10932 = FILL_AREA_STYLE_COLOUR('',#10771);
#10933 = STYLED_ITEM('color',(#10934),#4438);
#10934 = PRESENTATION_STYLE_ASSIGNMENT((#10935));
#10935 = SURFACE_STYLE_USAGE(.BOTH.,#10936);
#10936 = SURFACE_SIDE_STYLE('',(#10937));
#10937 = SURFACE_STYLE_FILL_AREA(#10938);
#10938 = FILL_AREA_STYLE('',(#10939));
#10939 = FILL_AREA_STYLE_COLOUR('',#10771);
#10940 = STYLED_ITEM('color',(#10941),#4469);
#10941 = PRESENTATION_STYLE_ASSIGNMENT((#10942));
#10942 = SURFACE_STYLE_USAGE(.BOTH.,#10943);
#10943 = SURFACE_SIDE_STYLE('',(#10944));
#10944 = SURFACE_STYLE_FILL_AREA(#10945);
#10945 = FILL_AREA_STYLE('',(#10946));
#10946 = FILL_AREA_STYLE_COLOUR('',#10771);
#10947 = STYLED_ITEM('color',(#10948),#4493);
#10948 = PRESENTATION_STYLE_ASSIGNMENT((#10949));
#10949 = SURFACE_STYLE_USAGE(.BOTH.,#10950);
#10950 = SURFACE_SIDE_STYLE('',(#10951));
#10951 = SURFACE_STYLE_FILL_AREA(#10952);
#10952 = FILL_AREA_STYLE('',(#10953));
#10953 = FILL_AREA_STYLE_COLOUR('',#10771);
#10954 = STYLED_ITEM('color',(#10955),#4517);
#10955 = PRESENTATION_STYLE_ASSIGNMENT((#10956));
#10956 = SURFACE_STYLE_USAGE(.BOTH.,#10957);
#10957 = SURFACE_SIDE_STYLE('',(#10958));
#10958 = SURFACE_STYLE_FILL_AREA(#10959);
#10959 = FILL_AREA_STYLE('',(#10960));
#10960 = FILL_AREA_STYLE_COLOUR('',#10771);
#10961 = STYLED_ITEM('color',(#10962),#4534);
#10962 = PRESENTATION_STYLE_ASSIGNMENT((#10963));
#10963 = SURFACE_STYLE_USAGE(.BOTH.,#10964);
#10964 = SURFACE_SIDE_STYLE('',(#10965));
#10965 = SURFACE_STYLE_FILL_AREA(#10966);
#10966 = FILL_AREA_STYLE('',(#10967));
#10967 = FILL_AREA_STYLE_COLOUR('',#10771);
#10968 = STYLED_ITEM('color',(#10969),#4565);
#10969 = PRESENTATION_STYLE_ASSIGNMENT((#10970));
#10970 = SURFACE_STYLE_USAGE(.BOTH.,#10971);
#10971 = SURFACE_SIDE_STYLE('',(#10972));
#10972 = SURFACE_STYLE_FILL_AREA(#10973);
#10973 = FILL_AREA_STYLE('',(#10974));
#10974 = FILL_AREA_STYLE_COLOUR('',#10771);
#10975 = STYLED_ITEM('color',(#10976),#4589);
#10976 = PRESENTATION_STYLE_ASSIGNMENT((#10977));
#10977 = SURFACE_STYLE_USAGE(.BOTH.,#10978);
#10978 = SURFACE_SIDE_STYLE('',(#10979));
#10979 = SURFACE_STYLE_FILL_AREA(#10980);
#10980 = FILL_AREA_STYLE('',(#10981));
#10981 = FILL_AREA_STYLE_COLOUR('',#10771);
#10982 = STYLED_ITEM('color',(#10983),#4613);
#10983 = PRESENTATION_STYLE_ASSIGNMENT((#10984));
#10984 = SURFACE_STYLE_USAGE(.BOTH.,#10985);
#10985 = SURFACE_SIDE_STYLE('',(#10986));
#10986 = SURFACE_STYLE_FILL_AREA(#10987);
#10987 = FILL_AREA_STYLE('',(#10988));
#10988 = FILL_AREA_STYLE_COLOUR('',#10771);
#10989 = STYLED_ITEM('color',(#10990),#4630);
#10990 = PRESENTATION_STYLE_ASSIGNMENT((#10991));
#10991 = SURFACE_STYLE_USAGE(.BOTH.,#10992);
#10992 = SURFACE_SIDE_STYLE('',(#10993));
#10993 = SURFACE_STYLE_FILL_AREA(#10994);
#10994 = FILL_AREA_STYLE('',(#10995));
#10995 = FILL_AREA_STYLE_COLOUR('',#10771);
#10996 = STYLED_ITEM('color',(#10997),#4661);
#10997 = PRESENTATION_STYLE_ASSIGNMENT((#10998));
#10998 = SURFACE_STYLE_USAGE(.BOTH.,#10999);
#10999 = SURFACE_SIDE_STYLE('',(#11000));
#11000 = SURFACE_STYLE_FILL_AREA(#11001);
#11001 = FILL_AREA_STYLE('',(#11002));
#11002 = FILL_AREA_STYLE_COLOUR('',#10771);
#11003 = STYLED_ITEM('color',(#11004),#4685);
#11004 = PRESENTATION_STYLE_ASSIGNMENT((#11005));
#11005 = SURFACE_STYLE_USAGE(.BOTH.,#11006);
#11006 = SURFACE_SIDE_STYLE('',(#11007));
#11007 = SURFACE_STYLE_FILL_AREA(#11008);
#11008 = FILL_AREA_STYLE('',(#11009));
#11009 = FILL_AREA_STYLE_COLOUR('',#10771);
#11010 = STYLED_ITEM('color',(#11011),#4709);
#11011 = PRESENTATION_STYLE_ASSIGNMENT((#11012));
#11012 = SURFACE_STYLE_USAGE(.BOTH.,#11013);
#11013 = SURFACE_SIDE_STYLE('',(#11014));
#11014 = SURFACE_STYLE_FILL_AREA(#11015);
#11015 = FILL_AREA_STYLE('',(#11016));
#11016 = FILL_AREA_STYLE_COLOUR('',#10771);
#11017 = STYLED_ITEM('color',(#11018),#4726);
#11018 = PRESENTATION_STYLE_ASSIGNMENT((#11019));
#11019 = SURFACE_STYLE_USAGE(.BOTH.,#11020);
#11020 = SURFACE_SIDE_STYLE('',(#11021));
#11021 = SURFACE_STYLE_FILL_AREA(#11022);
#11022 = FILL_AREA_STYLE('',(#11023));
#11023 = FILL_AREA_STYLE_COLOUR('',#10771);
#11024 = STYLED_ITEM('color',(#11025),#4757);
#11025 = PRESENTATION_STYLE_ASSIGNMENT((#11026));
#11026 = SURFACE_STYLE_USAGE(.BOTH.,#11027);
#11027 = SURFACE_SIDE_STYLE('',(#11028));
#11028 = SURFACE_STYLE_FILL_AREA(#11029);
#11029 = FILL_AREA_STYLE('',(#11030));
#11030 = FILL_AREA_STYLE_COLOUR('',#10771);
#11031 = STYLED_ITEM('color',(#11032),#4781);
#11032 = PRESENTATION_STYLE_ASSIGNMENT((#11033));
#11033 = SURFACE_STYLE_USAGE(.BOTH.,#11034);
#11034 = SURFACE_SIDE_STYLE('',(#11035));
#11035 = SURFACE_STYLE_FILL_AREA(#11036);
#11036 = FILL_AREA_STYLE('',(#11037));
#11037 = FILL_AREA_STYLE_COLOUR('',#10771);
#11038 = STYLED_ITEM('color',(#11039),#4805);
#11039 = PRESENTATION_STYLE_ASSIGNMENT((#11040));
#11040 = SURFACE_STYLE_USAGE(.BOTH.,#11041);
#11041 = SURFACE_SIDE_STYLE('',(#11042));
#11042 = SURFACE_STYLE_FILL_AREA(#11043);
#11043 = FILL_AREA_STYLE('',(#11044));
#11044 = FILL_AREA_STYLE_COLOUR('',#10771);
#11045 = STYLED_ITEM('color',(#11046),#4822);
#11046 = PRESENTATION_STYLE_ASSIGNMENT((#11047));
#11047 = SURFACE_STYLE_USAGE(.BOTH.,#11048);
#11048 = SURFACE_SIDE_STYLE('',(#11049));
#11049 = SURFACE_STYLE_FILL_AREA(#11050);
#11050 = FILL_AREA_STYLE('',(#11051));
#11051 = FILL_AREA_STYLE_COLOUR('',#10771);
#11052 = STYLED_ITEM('color',(#11053),#4853);
#11053 = PRESENTATION_STYLE_ASSIGNMENT((#11054));
#11054 = SURFACE_STYLE_USAGE(.BOTH.,#11055);
#11055 = SURFACE_SIDE_STYLE('',(#11056));
#11056 = SURFACE_STYLE_FILL_AREA(#11057);
#11057 = FILL_AREA_STYLE('',(#11058));
#11058 = FILL_AREA_STYLE_COLOUR('',#10771);
#11059 = STYLED_ITEM('color',(#11060),#4877);
#11060 = PRESENTATION_STYLE_ASSIGNMENT((#11061));
#11061 = SURFACE_STYLE_USAGE(.BOTH.,#11062);
#11062 = SURFACE_SIDE_STYLE('',(#11063));
#11063 = SURFACE_STYLE_FILL_AREA(#11064);
#11064 = FILL_AREA_STYLE('',(#11065));
#11065 = FILL_AREA_STYLE_COLOUR('',#10771);
#11066 = STYLED_ITEM('color',(#11067),#4901);
#11067 = PRESENTATION_STYLE_ASSIGNMENT((#11068));
#11068 = SURFACE_STYLE_USAGE(.BOTH.,#11069);
#11069 = SURFACE_SIDE_STYLE('',(#11070));
#11070 = SURFACE_STYLE_FILL_AREA(#11071);
#11071 = FILL_AREA_STYLE('',(#11072));
#11072 = FILL_AREA_STYLE_COLOUR('',#10771);
#11073 = STYLED_ITEM('color',(#11074),#4918);
#11074 = PRESENTATION_STYLE_ASSIGNMENT((#11075));
#11075 = SURFACE_STYLE_USAGE(.BOTH.,#11076);
#11076 = SURFACE_SIDE_STYLE('',(#11077));
#11077 = SURFACE_STYLE_FILL_AREA(#11078);
#11078 = FILL_AREA_STYLE('',(#11079));
#11079 = FILL_AREA_STYLE_COLOUR('',#10771);
#11080 = STYLED_ITEM('color',(#11081),#4949);
#11081 = PRESENTATION_STYLE_ASSIGNMENT((#11082));
#11082 = SURFACE_STYLE_USAGE(.BOTH.,#11083);
#11083 = SURFACE_SIDE_STYLE('',(#11084));
#11084 = SURFACE_STYLE_FILL_AREA(#11085);
#11085 = FILL_AREA_STYLE('',(#11086));
#11086 = FILL_AREA_STYLE_COLOUR('',#10771);
#11087 = STYLED_ITEM('color',(#11088),#4973);
#11088 = PRESENTATION_STYLE_ASSIGNMENT((#11089));
#11089 = SURFACE_STYLE_USAGE(.BOTH.,#11090);
#11090 = SURFACE_SIDE_STYLE('',(#11091));
#11091 = SURFACE_STYLE_FILL_AREA(#11092);
#11092 = FILL_AREA_STYLE('',(#11093));
#11093 = FILL_AREA_STYLE_COLOUR('',#10771);
#11094 = STYLED_ITEM('color',(#11095),#4997);
#11095 = PRESENTATION_STYLE_ASSIGNMENT((#11096));
#11096 = SURFACE_STYLE_USAGE(.BOTH.,#11097);
#11097 = SURFACE_SIDE_STYLE('',(#11098));
#11098 = SURFACE_STYLE_FILL_AREA(#11099);
#11099 = FILL_AREA_STYLE('',(#11100));
#11100 = FILL_AREA_STYLE_COLOUR('',#10771);
#11101 = STYLED_ITEM('color',(#11102),#5014);
#11102 = PRESENTATION_STYLE_ASSIGNMENT((#11103));
#11103 = SURFACE_STYLE_USAGE(.BOTH.,#11104);
#11104 = SURFACE_SIDE_STYLE('',(#11105));
#11105 = SURFACE_STYLE_FILL_AREA(#11106);
#11106 = FILL_AREA_STYLE('',(#11107));
#11107 = FILL_AREA_STYLE_COLOUR('',#10771);
#11108 = STYLED_ITEM('color',(#11109),#5026);
#11109 = PRESENTATION_STYLE_ASSIGNMENT((#11110));
#11110 = SURFACE_STYLE_USAGE(.BOTH.,#11111);
#11111 = SURFACE_SIDE_STYLE('',(#11112));
#11112 = SURFACE_STYLE_FILL_AREA(#11113);
#11113 = FILL_AREA_STYLE('',(#11114));
#11114 = FILL_AREA_STYLE_COLOUR('',#10771);
#11115 = STYLED_ITEM('color',(#11116),#5038);
#11116 = PRESENTATION_STYLE_ASSIGNMENT((#11117));
#11117 = SURFACE_STYLE_USAGE(.BOTH.,#11118);
#11118 = SURFACE_SIDE_STYLE('',(#11119));
#11119 = SURFACE_STYLE_FILL_AREA(#11120);
#11120 = FILL_AREA_STYLE('',(#11121));
#11121 = FILL_AREA_STYLE_COLOUR('',#10771);
#11122 = STYLED_ITEM('color',(#11123),#5050);
#11123 = PRESENTATION_STYLE_ASSIGNMENT((#11124));
#11124 = SURFACE_STYLE_USAGE(.BOTH.,#11125);
#11125 = SURFACE_SIDE_STYLE('',(#11126));
#11126 = SURFACE_STYLE_FILL_AREA(#11127);
#11127 = FILL_AREA_STYLE('',(#11128));
#11128 = FILL_AREA_STYLE_COLOUR('',#10771);
#11129 = STYLED_ITEM('color',(#11130),#5062);
#11130 = PRESENTATION_STYLE_ASSIGNMENT((#11131));
#11131 = SURFACE_STYLE_USAGE(.BOTH.,#11132);
#11132 = SURFACE_SIDE_STYLE('',(#11133));
#11133 = SURFACE_STYLE_FILL_AREA(#11134);
#11134 = FILL_AREA_STYLE('',(#11135));
#11135 = FILL_AREA_STYLE_COLOUR('',#10771);
#11136 = STYLED_ITEM('color',(#11137),#5074);
#11137 = PRESENTATION_STYLE_ASSIGNMENT((#11138));
#11138 = SURFACE_STYLE_USAGE(.BOTH.,#11139);
#11139 = SURFACE_SIDE_STYLE('',(#11140));
#11140 = SURFACE_STYLE_FILL_AREA(#11141);
#11141 = FILL_AREA_STYLE('',(#11142));
#11142 = FILL_AREA_STYLE_COLOUR('',#10771);
#11143 = MECHANICAL_DESIGN_GEOMETRIC_PRESENTATION_REPRESENTATION('',(
    #11144,#11151,#11158,#11165,#11172,#11179,#11186,#11193,#11200,
    #11207,#11214,#11221,#11228,#11235,#11242,#11249,#11256,#11263,
    #11270,#11277,#11284,#11291,#11298,#11305,#11312,#11319,#11326,
    #11333,#11340,#11347,#11354,#11361,#11368,#11375,#11382,#11389,
    #11397,#11404,#11411,#11418,#11425,#11432,#11439,#11446,#11453,
    #11460,#11467,#11474,#11481,#11488),#2961);
#11144 = STYLED_ITEM('color',(#11145),#1440);
#11145 = PRESENTATION_STYLE_ASSIGNMENT((#11146));
#11146 = SURFACE_STYLE_USAGE(.BOTH.,#11147);
#11147 = SURFACE_SIDE_STYLE('',(#11148));
#11148 = SURFACE_STYLE_FILL_AREA(#11149);
#11149 = FILL_AREA_STYLE('',(#11150));
#11150 = FILL_AREA_STYLE_COLOUR('',#10471);
#11151 = STYLED_ITEM('color',(#11152),#1480);
#11152 = PRESENTATION_STYLE_ASSIGNMENT((#11153));
#11153 = SURFACE_STYLE_USAGE(.BOTH.,#11154);
#11154 = SURFACE_SIDE_STYLE('',(#11155));
#11155 = SURFACE_STYLE_FILL_AREA(#11156);
#11156 = FILL_AREA_STYLE('',(#11157));
#11157 = FILL_AREA_STYLE_COLOUR('',#10471);
#11158 = STYLED_ITEM('color',(#11159),#1527);
#11159 = PRESENTATION_STYLE_ASSIGNMENT((#11160));
#11160 = SURFACE_STYLE_USAGE(.BOTH.,#11161);
#11161 = SURFACE_SIDE_STYLE('',(#11162));
#11162 = SURFACE_STYLE_FILL_AREA(#11163);
#11163 = FILL_AREA_STYLE('',(#11164));
#11164 = FILL_AREA_STYLE_COLOUR('',#10471);
#11165 = STYLED_ITEM('color',(#11166),#1606);
#11166 = PRESENTATION_STYLE_ASSIGNMENT((#11167));
#11167 = SURFACE_STYLE_USAGE(.BOTH.,#11168);
#11168 = SURFACE_SIDE_STYLE('',(#11169));
#11169 = SURFACE_STYLE_FILL_AREA(#11170);
#11170 = FILL_AREA_STYLE('',(#11171));
#11171 = FILL_AREA_STYLE_COLOUR('',#10471);
#11172 = STYLED_ITEM('color',(#11173),#1630);
#11173 = PRESENTATION_STYLE_ASSIGNMENT((#11174));
#11174 = SURFACE_STYLE_USAGE(.BOTH.,#11175);
#11175 = SURFACE_SIDE_STYLE('',(#11176));
#11176 = SURFACE_STYLE_FILL_AREA(#11177);
#11177 = FILL_AREA_STYLE('',(#11178));
#11178 = FILL_AREA_STYLE_COLOUR('',#10471);
#11179 = STYLED_ITEM('color',(#11180),#1670);
#11180 = PRESENTATION_STYLE_ASSIGNMENT((#11181));
#11181 = SURFACE_STYLE_USAGE(.BOTH.,#11182);
#11182 = SURFACE_SIDE_STYLE('',(#11183));
#11183 = SURFACE_STYLE_FILL_AREA(#11184);
#11184 = FILL_AREA_STYLE('',(#11185));
#11185 = FILL_AREA_STYLE_COLOUR('',#10471);
#11186 = STYLED_ITEM('color',(#11187),#1701);
#11187 = PRESENTATION_STYLE_ASSIGNMENT((#11188));
#11188 = SURFACE_STYLE_USAGE(.BOTH.,#11189);
#11189 = SURFACE_SIDE_STYLE('',(#11190));
#11190 = SURFACE_STYLE_FILL_AREA(#11191);
#11191 = FILL_AREA_STYLE('',(#11192));
#11192 = FILL_AREA_STYLE_COLOUR('',#10471);
#11193 = STYLED_ITEM('color',(#11194),#1718);
#11194 = PRESENTATION_STYLE_ASSIGNMENT((#11195));
#11195 = SURFACE_STYLE_USAGE(.BOTH.,#11196);
#11196 = SURFACE_SIDE_STYLE('',(#11197));
#11197 = SURFACE_STYLE_FILL_AREA(#11198);
#11198 = FILL_AREA_STYLE('',(#11199));
#11199 = FILL_AREA_STYLE_COLOUR('',#10771);
#11200 = STYLED_ITEM('color',(#11201),#1751);
#11201 = PRESENTATION_STYLE_ASSIGNMENT((#11202));
#11202 = SURFACE_STYLE_USAGE(.BOTH.,#11203);
#11203 = SURFACE_SIDE_STYLE('',(#11204));
#11204 = SURFACE_STYLE_FILL_AREA(#11205);
#11205 = FILL_AREA_STYLE('',(#11206));
#11206 = FILL_AREA_STYLE_COLOUR('',#10471);
#11207 = STYLED_ITEM('color',(#11208),#1775);
#11208 = PRESENTATION_STYLE_ASSIGNMENT((#11209));
#11209 = SURFACE_STYLE_USAGE(.BOTH.,#11210);
#11210 = SURFACE_SIDE_STYLE('',(#11211));
#11211 = SURFACE_STYLE_FILL_AREA(#11212);
#11212 = FILL_AREA_STYLE('',(#11213));
#11213 = FILL_AREA_STYLE_COLOUR('',#10771);
#11214 = STYLED_ITEM('color',(#11215),#1842);
#11215 = PRESENTATION_STYLE_ASSIGNMENT((#11216));
#11216 = SURFACE_STYLE_USAGE(.BOTH.,#11217);
#11217 = SURFACE_SIDE_STYLE('',(#11218));
#11218 = SURFACE_STYLE_FILL_AREA(#11219);
#11219 = FILL_AREA_STYLE('',(#11220));
#11220 = FILL_AREA_STYLE_COLOUR('',#10471);
#11221 = STYLED_ITEM('color',(#11222),#1963);
#11222 = PRESENTATION_STYLE_ASSIGNMENT((#11223));
#11223 = SURFACE_STYLE_USAGE(.BOTH.,#11224);
#11224 = SURFACE_SIDE_STYLE('',(#11225));
#11225 = SURFACE_STYLE_FILL_AREA(#11226);
#11226 = FILL_AREA_STYLE('',(#11227));
#11227 = FILL_AREA_STYLE_COLOUR('',#10771);
#11228 = STYLED_ITEM('color',(#11229),#2030);
#11229 = PRESENTATION_STYLE_ASSIGNMENT((#11230));
#11230 = SURFACE_STYLE_USAGE(.BOTH.,#11231);
#11231 = SURFACE_SIDE_STYLE('',(#11232));
#11232 = SURFACE_STYLE_FILL_AREA(#11233);
#11233 = FILL_AREA_STYLE('',(#11234));
#11234 = FILL_AREA_STYLE_COLOUR('',#10471);
#11235 = STYLED_ITEM('color',(#11236),#2054);
#11236 = PRESENTATION_STYLE_ASSIGNMENT((#11237));
#11237 = SURFACE_STYLE_USAGE(.BOTH.,#11238);
#11238 = SURFACE_SIDE_STYLE('',(#11239));
#11239 = SURFACE_STYLE_FILL_AREA(#11240);
#11240 = FILL_AREA_STYLE('',(#11241));
#11241 = FILL_AREA_STYLE_COLOUR('',#10471);
#11242 = STYLED_ITEM('color',(#11243),#2085);
#11243 = PRESENTATION_STYLE_ASSIGNMENT((#11244));
#11244 = SURFACE_STYLE_USAGE(.BOTH.,#11245);
#11245 = SURFACE_SIDE_STYLE('',(#11246));
#11246 = SURFACE_STYLE_FILL_AREA(#11247);
#11247 = FILL_AREA_STYLE('',(#11248));
#11248 = FILL_AREA_STYLE_COLOUR('',#10771);
#11249 = STYLED_ITEM('color',(#11250),#2118);
#11250 = PRESENTATION_STYLE_ASSIGNMENT((#11251));
#11251 = SURFACE_STYLE_USAGE(.BOTH.,#11252);
#11252 = SURFACE_SIDE_STYLE('',(#11253));
#11253 = SURFACE_STYLE_FILL_AREA(#11254);
#11254 = FILL_AREA_STYLE('',(#11255));
#11255 = FILL_AREA_STYLE_COLOUR('',#10471);
#11256 = STYLED_ITEM('color',(#11257),#2174);
#11257 = PRESENTATION_STYLE_ASSIGNMENT((#11258));
#11258 = SURFACE_STYLE_USAGE(.BOTH.,#11259);
#11259 = SURFACE_SIDE_STYLE('',(#11260));
#11260 = SURFACE_STYLE_FILL_AREA(#11261);
#11261 = FILL_AREA_STYLE('',(#11262));
#11262 = FILL_AREA_STYLE_COLOUR('',#10771);
#11263 = STYLED_ITEM('color',(#11264),#2198);
#11264 = PRESENTATION_STYLE_ASSIGNMENT((#11265));
#11265 = SURFACE_STYLE_USAGE(.BOTH.,#11266);
#11266 = SURFACE_SIDE_STYLE('',(#11267));
#11267 = SURFACE_STYLE_FILL_AREA(#11268);
#11268 = FILL_AREA_STYLE('',(#11269));
#11269 = FILL_AREA_STYLE_COLOUR('',#10771);
#11270 = STYLED_ITEM('color',(#11271),#2222);
#11271 = PRESENTATION_STYLE_ASSIGNMENT((#11272));
#11272 = SURFACE_STYLE_USAGE(.BOTH.,#11273);
#11273 = SURFACE_SIDE_STYLE('',(#11274));
#11274 = SURFACE_STYLE_FILL_AREA(#11275);
#11275 = FILL_AREA_STYLE('',(#11276));
#11276 = FILL_AREA_STYLE_COLOUR('',#10771);
#11277 = STYLED_ITEM('color',(#11278),#2246);
#11278 = PRESENTATION_STYLE_ASSIGNMENT((#11279));
#11279 = SURFACE_STYLE_USAGE(.BOTH.,#11280);
#11280 = SURFACE_SIDE_STYLE('',(#11281));
#11281 = SURFACE_STYLE_FILL_AREA(#11282);
#11282 = FILL_AREA_STYLE('',(#11283));
#11283 = FILL_AREA_STYLE_COLOUR('',#10771);
#11284 = STYLED_ITEM('color',(#11285),#2279);
#11285 = PRESENTATION_STYLE_ASSIGNMENT((#11286));
#11286 = SURFACE_STYLE_USAGE(.BOTH.,#11287);
#11287 = SURFACE_SIDE_STYLE('',(#11288));
#11288 = SURFACE_STYLE_FILL_AREA(#11289);
#11289 = FILL_AREA_STYLE('',(#11290));
#11290 = FILL_AREA_STYLE_COLOUR('',#10771);
#11291 = STYLED_ITEM('color',(#11292),#2291);
#11292 = PRESENTATION_STYLE_ASSIGNMENT((#11293));
#11293 = SURFACE_STYLE_USAGE(.BOTH.,#11294);
#11294 = SURFACE_SIDE_STYLE('',(#11295));
#11295 = SURFACE_STYLE_FILL_AREA(#11296);
#11296 = FILL_AREA_STYLE('',(#11297));
#11297 = FILL_AREA_STYLE_COLOUR('',#10771);
#11298 = STYLED_ITEM('color',(#11299),#2354);
#11299 = PRESENTATION_STYLE_ASSIGNMENT((#11300));
#11300 = SURFACE_STYLE_USAGE(.BOTH.,#11301);
#11301 = SURFACE_SIDE_STYLE('',(#11302));
#11302 = SURFACE_STYLE_FILL_AREA(#11303);
#11303 = FILL_AREA_STYLE('',(#11304));
#11304 = FILL_AREA_STYLE_COLOUR('',#10771);
#11305 = STYLED_ITEM('color',(#11306),#2379);
#11306 = PRESENTATION_STYLE_ASSIGNMENT((#11307));
#11307 = SURFACE_STYLE_USAGE(.BOTH.,#11308);
#11308 = SURFACE_SIDE_STYLE('',(#11309));
#11309 = SURFACE_STYLE_FILL_AREA(#11310);
#11310 = FILL_AREA_STYLE('',(#11311));
#11311 = FILL_AREA_STYLE_COLOUR('',#10771);
#11312 = STYLED_ITEM('color',(#11313),#2396);
#11313 = PRESENTATION_STYLE_ASSIGNMENT((#11314));
#11314 = SURFACE_STYLE_USAGE(.BOTH.,#11315);
#11315 = SURFACE_SIDE_STYLE('',(#11316));
#11316 = SURFACE_STYLE_FILL_AREA(#11317);
#11317 = FILL_AREA_STYLE('',(#11318));
#11318 = FILL_AREA_STYLE_COLOUR('',#10771);
#11319 = STYLED_ITEM('color',(#11320),#2420);
#11320 = PRESENTATION_STYLE_ASSIGNMENT((#11321));
#11321 = SURFACE_STYLE_USAGE(.BOTH.,#11322);
#11322 = SURFACE_SIDE_STYLE('',(#11323));
#11323 = SURFACE_STYLE_FILL_AREA(#11324);
#11324 = FILL_AREA_STYLE('',(#11325));
#11325 = FILL_AREA_STYLE_COLOUR('',#10771);
#11326 = STYLED_ITEM('color',(#11327),#2438);
#11327 = PRESENTATION_STYLE_ASSIGNMENT((#11328));
#11328 = SURFACE_STYLE_USAGE(.BOTH.,#11329);
#11329 = SURFACE_SIDE_STYLE('',(#11330));
#11330 = SURFACE_STYLE_FILL_AREA(#11331);
#11331 = FILL_AREA_STYLE('',(#11332));
#11332 = FILL_AREA_STYLE_COLOUR('',#10771);
#11333 = STYLED_ITEM('color',(#11334),#2456);
#11334 = PRESENTATION_STYLE_ASSIGNMENT((#11335));
#11335 = SURFACE_STYLE_USAGE(.BOTH.,#11336);
#11336 = SURFACE_SIDE_STYLE('',(#11337));
#11337 = SURFACE_STYLE_FILL_AREA(#11338);
#11338 = FILL_AREA_STYLE('',(#11339));
#11339 = FILL_AREA_STYLE_COLOUR('',#10771);
#11340 = STYLED_ITEM('color',(#11341),#2474);
#11341 = PRESENTATION_STYLE_ASSIGNMENT((#11342));
#11342 = SURFACE_STYLE_USAGE(.BOTH.,#11343);
#11343 = SURFACE_SIDE_STYLE('',(#11344));
#11344 = SURFACE_STYLE_FILL_AREA(#11345);
#11345 = FILL_AREA_STYLE('',(#11346));
#11346 = FILL_AREA_STYLE_COLOUR('',#10771);
#11347 = STYLED_ITEM('color',(#11348),#2491);
#11348 = PRESENTATION_STYLE_ASSIGNMENT((#11349));
#11349 = SURFACE_STYLE_USAGE(.BOTH.,#11350);
#11350 = SURFACE_SIDE_STYLE('',(#11351));
#11351 = SURFACE_STYLE_FILL_AREA(#11352);
#11352 = FILL_AREA_STYLE('',(#11353));
#11353 = FILL_AREA_STYLE_COLOUR('',#10771);
#11354 = STYLED_ITEM('color',(#11355),#2508);
#11355 = PRESENTATION_STYLE_ASSIGNMENT((#11356));
#11356 = SURFACE_STYLE_USAGE(.BOTH.,#11357);
#11357 = SURFACE_SIDE_STYLE('',(#11358));
#11358 = SURFACE_STYLE_FILL_AREA(#11359);
#11359 = FILL_AREA_STYLE('',(#11360));
#11360 = FILL_AREA_STYLE_COLOUR('',#10771);
#11361 = STYLED_ITEM('color',(#11362),#2539);
#11362 = PRESENTATION_STYLE_ASSIGNMENT((#11363));
#11363 = SURFACE_STYLE_USAGE(.BOTH.,#11364);
#11364 = SURFACE_SIDE_STYLE('',(#11365));
#11365 = SURFACE_STYLE_FILL_AREA(#11366);
#11366 = FILL_AREA_STYLE('',(#11367));
#11367 = FILL_AREA_STYLE_COLOUR('',#10771);
#11368 = STYLED_ITEM('color',(#11369),#2564);
#11369 = PRESENTATION_STYLE_ASSIGNMENT((#11370));
#11370 = SURFACE_STYLE_USAGE(.BOTH.,#11371);
#11371 = SURFACE_SIDE_STYLE('',(#11372));
#11372 = SURFACE_STYLE_FILL_AREA(#11373);
#11373 = FILL_AREA_STYLE('',(#11374));
#11374 = FILL_AREA_STYLE_COLOUR('',#10771);
#11375 = STYLED_ITEM('color',(#11376),#2589);
#11376 = PRESENTATION_STYLE_ASSIGNMENT((#11377));
#11377 = SURFACE_STYLE_USAGE(.BOTH.,#11378);
#11378 = SURFACE_SIDE_STYLE('',(#11379));
#11379 = SURFACE_STYLE_FILL_AREA(#11380);
#11380 = FILL_AREA_STYLE('',(#11381));
#11381 = FILL_AREA_STYLE_COLOUR('',#10771);
#11382 = STYLED_ITEM('color',(#11383),#2613);
#11383 = PRESENTATION_STYLE_ASSIGNMENT((#11384));
#11384 = SURFACE_STYLE_USAGE(.BOTH.,#11385);
#11385 = SURFACE_SIDE_STYLE('',(#11386));
#11386 = SURFACE_STYLE_FILL_AREA(#11387);
#11387 = FILL_AREA_STYLE('',(#11388));
#11388 = FILL_AREA_STYLE_COLOUR('',#10771);
#11389 = STYLED_ITEM('color',(#11390),#2630);
#11390 = PRESENTATION_STYLE_ASSIGNMENT((#11391));
#11391 = SURFACE_STYLE_USAGE(.BOTH.,#11392);
#11392 = SURFACE_SIDE_STYLE('',(#11393));
#11393 = SURFACE_STYLE_FILL_AREA(#11394);
#11394 = FILL_AREA_STYLE('',(#11395));
#11395 = FILL_AREA_STYLE_COLOUR('',#11396);
#11396 = COLOUR_RGB('',0.340000006699,0.68000001254,0.444999988852);
#11397 = STYLED_ITEM('color',(#11398),#2661);
#11398 = PRESENTATION_STYLE_ASSIGNMENT((#11399));
#11399 = SURFACE_STYLE_USAGE(.BOTH.,#11400);
#11400 = SURFACE_SIDE_STYLE('',(#11401));
#11401 = SURFACE_STYLE_FILL_AREA(#11402);
#11402 = FILL_AREA_STYLE('',(#11403));
#11403 = FILL_AREA_STYLE_COLOUR('',#11396);
#11404 = STYLED_ITEM('color',(#11405),#2685);
#11405 = PRESENTATION_STYLE_ASSIGNMENT((#11406));
#11406 = SURFACE_STYLE_USAGE(.BOTH.,#11407);
#11407 = SURFACE_SIDE_STYLE('',(#11408));
#11408 = SURFACE_STYLE_FILL_AREA(#11409);
#11409 = FILL_AREA_STYLE('',(#11410));
#11410 = FILL_AREA_STYLE_COLOUR('',#11396);
#11411 = STYLED_ITEM('color',(#11412),#2702);
#11412 = PRESENTATION_STYLE_ASSIGNMENT((#11413));
#11413 = SURFACE_STYLE_USAGE(.BOTH.,#11414);
#11414 = SURFACE_SIDE_STYLE('',(#11415));
#11415 = SURFACE_STYLE_FILL_AREA(#11416);
#11416 = FILL_AREA_STYLE('',(#11417));
#11417 = FILL_AREA_STYLE_COLOUR('',#10771);
#11418 = STYLED_ITEM('color',(#11419),#2730);
#11419 = PRESENTATION_STYLE_ASSIGNMENT((#11420));
#11420 = SURFACE_STYLE_USAGE(.BOTH.,#11421);
#11421 = SURFACE_SIDE_STYLE('',(#11422));
#11422 = SURFACE_STYLE_FILL_AREA(#11423);
#11423 = FILL_AREA_STYLE('',(#11424));
#11424 = FILL_AREA_STYLE_COLOUR('',#10771);
#11425 = STYLED_ITEM('color',(#11426),#2755);
#11426 = PRESENTATION_STYLE_ASSIGNMENT((#11427));
#11427 = SURFACE_STYLE_USAGE(.BOTH.,#11428);
#11428 = SURFACE_SIDE_STYLE('',(#11429));
#11429 = SURFACE_STYLE_FILL_AREA(#11430);
#11430 = FILL_AREA_STYLE('',(#11431));
#11431 = FILL_AREA_STYLE_COLOUR('',#10771);
#11432 = STYLED_ITEM('color',(#11433),#2779);
#11433 = PRESENTATION_STYLE_ASSIGNMENT((#11434));
#11434 = SURFACE_STYLE_USAGE(.BOTH.,#11435);
#11435 = SURFACE_SIDE_STYLE('',(#11436));
#11436 = SURFACE_STYLE_FILL_AREA(#11437);
#11437 = FILL_AREA_STYLE('',(#11438));
#11438 = FILL_AREA_STYLE_COLOUR('',#10771);
#11439 = STYLED_ITEM('color',(#11440),#2804);
#11440 = PRESENTATION_STYLE_ASSIGNMENT((#11441));
#11441 = SURFACE_STYLE_USAGE(.BOTH.,#11442);
#11442 = SURFACE_SIDE_STYLE('',(#11443));
#11443 = SURFACE_STYLE_FILL_AREA(#11444);
#11444 = FILL_AREA_STYLE('',(#11445));
#11445 = FILL_AREA_STYLE_COLOUR('',#10771);
#11446 = STYLED_ITEM('color',(#11447),#2851);
#11447 = PRESENTATION_STYLE_ASSIGNMENT((#11448));
#11448 = SURFACE_STYLE_USAGE(.BOTH.,#11449);
#11449 = SURFACE_SIDE_STYLE('',(#11450));
#11450 = SURFACE_STYLE_FILL_AREA(#11451);
#11451 = FILL_AREA_STYLE('',(#11452));
#11452 = FILL_AREA_STYLE_COLOUR('',#10771);
#11453 = STYLED_ITEM('color',(#11454),#2868);
#11454 = PRESENTATION_STYLE_ASSIGNMENT((#11455));
#11455 = SURFACE_STYLE_USAGE(.BOTH.,#11456);
#11456 = SURFACE_SIDE_STYLE('',(#11457));
#11457 = SURFACE_STYLE_FILL_AREA(#11458);
#11458 = FILL_AREA_STYLE('',(#11459));
#11459 = FILL_AREA_STYLE_COLOUR('',#10771);
#11460 = STYLED_ITEM('color',(#11461),#2880);
#11461 = PRESENTATION_STYLE_ASSIGNMENT((#11462));
#11462 = SURFACE_STYLE_USAGE(.BOTH.,#11463);
#11463 = SURFACE_SIDE_STYLE('',(#11464));
#11464 = SURFACE_STYLE_FILL_AREA(#11465);
#11465 = FILL_AREA_STYLE('',(#11466));
#11466 = FILL_AREA_STYLE_COLOUR('',#10771);
#11467 = STYLED_ITEM('color',(#11468),#2902);
#11468 = PRESENTATION_STYLE_ASSIGNMENT((#11469));
#11469 = SURFACE_STYLE_USAGE(.BOTH.,#11470);
#11470 = SURFACE_SIDE_STYLE('',(#11471));
#11471 = SURFACE_STYLE_FILL_AREA(#11472);
#11472 = FILL_AREA_STYLE('',(#11473));
#11473 = FILL_AREA_STYLE_COLOUR('',#10771);
#11474 = STYLED_ITEM('color',(#11475),#2914);
#11475 = PRESENTATION_STYLE_ASSIGNMENT((#11476));
#11476 = SURFACE_STYLE_USAGE(.BOTH.,#11477);
#11477 = SURFACE_SIDE_STYLE('',(#11478));
#11478 = SURFACE_STYLE_FILL_AREA(#11479);
#11479 = FILL_AREA_STYLE('',(#11480));
#11480 = FILL_AREA_STYLE_COLOUR('',#10771);
#11481 = STYLED_ITEM('color',(#11482),#2932);
#11482 = PRESENTATION_STYLE_ASSIGNMENT((#11483));
#11483 = SURFACE_STYLE_USAGE(.BOTH.,#11484);
#11484 = SURFACE_SIDE_STYLE('',(#11485));
#11485 = SURFACE_STYLE_FILL_AREA(#11486);
#11486 = FILL_AREA_STYLE('',(#11487));
#11487 = FILL_AREA_STYLE_COLOUR('',#10771);
#11488 = STYLED_ITEM('color',(#11489),#2950);
#11489 = PRESENTATION_STYLE_ASSIGNMENT((#11490));
#11490 = SURFACE_STYLE_USAGE(.BOTH.,#11491);
#11491 = SURFACE_SIDE_STYLE('',(#11492));
#11492 = SURFACE_STYLE_FILL_AREA(#11493);
#11493 = FILL_AREA_STYLE('',(#11494));
#11494 = FILL_AREA_STYLE_COLOUR('',#11396);
#11495 = MECHANICAL_DESIGN_GEOMETRIC_PRESENTATION_REPRESENTATION('',(
    #11496),#300);
#11496 = STYLED_ITEM('color',(#11497),#84);
#11497 = PRESENTATION_STYLE_ASSIGNMENT((#11498,#11504));
#11498 = SURFACE_STYLE_USAGE(.BOTH.,#11499);
#11499 = SURFACE_SIDE_STYLE('',(#11500));
#11500 = SURFACE_STYLE_FILL_AREA(#11501);
#11501 = FILL_AREA_STYLE('',(#11502));
#11502 = FILL_AREA_STYLE_COLOUR('',#11503);
#11503 = COLOUR_RGB('',0.399999997426,0.275999994077,0.);
#11504 = CURVE_STYLE('',#11505,POSITIVE_LENGTH_MEASURE(0.1),#11506);
#11505 = DRAUGHTING_PRE_DEFINED_CURVE_FONT('continuous');
#11506 = COLOUR_RGB('',9.803921802644E-02,9.803921802644E-02,
  9.803921802644E-02);
#11507 = MECHANICAL_DESIGN_GEOMETRIC_PRESENTATION_REPRESENTATION('',(
    #11508),#535);
#11508 = STYLED_ITEM('color',(#11509),#319);
#11509 = PRESENTATION_STYLE_ASSIGNMENT((#11510,#11515));
#11510 = SURFACE_STYLE_USAGE(.BOTH.,#11511);
#11511 = SURFACE_SIDE_STYLE('',(#11512));
#11512 = SURFACE_STYLE_FILL_AREA(#11513);
#11513 = FILL_AREA_STYLE('',(#11514));
#11514 = FILL_AREA_STYLE_COLOUR('',#11503);
#11515 = CURVE_STYLE('',#11516,POSITIVE_LENGTH_MEASURE(0.1),#11506);
#11516 = DRAUGHTING_PRE_DEFINED_CURVE_FONT('continuous');
#11517 = MECHANICAL_DESIGN_GEOMETRIC_PRESENTATION_REPRESENTATION('',(
    #11518,#11526,#11533,#11540,#11547,#11554,#11561,#11568,#11575,
    #11582,#11589,#11596,#11603,#11610,#11617,#11624,#11631,#11638,
    #11645,#11652,#11659,#11666,#11673,#11680,#11687,#11694,#11701,
    #11708,#11715,#11722,#11729,#11736,#11743,#11750,#11757,#11764,
    #11771,#11778,#11785,#11792,#11799,#11806,#11813,#11820,#11828,
    #11835,#11842,#11849,#11856,#11863,#11870,#11877,#11884,#11891,
    #11898,#11905,#11912,#11919,#11926,#11933,#11940,#11947,#11954,
    #11961,#11968,#11975,#11982,#11989,#11996,#12003,#12010,#12017,
    #12024,#12031,#12038,#12045,#12052,#12059,#12066,#12073,#12080,
    #12087,#12094,#12101,#12108,#12115,#12122,#12129,#12136,#12143,
    #12150,#12157,#12164),#8806);
#11518 = STYLED_ITEM('color',(#11519),#5916);
#11519 = PRESENTATION_STYLE_ASSIGNMENT((#11520));
#11520 = SURFACE_STYLE_USAGE(.BOTH.,#11521);
#11521 = SURFACE_SIDE_STYLE('',(#11522));
#11522 = SURFACE_STYLE_FILL_AREA(#11523);
#11523 = FILL_AREA_STYLE('',(#11524));
#11524 = FILL_AREA_STYLE_COLOUR('',#11525);
#11525 = COLOUR_RGB('',0.894117649055,0.890196087049,0.811764731185);
#11526 = STYLED_ITEM('color',(#11527),#5956);
#11527 = PRESENTATION_STYLE_ASSIGNMENT((#11528));
#11528 = SURFACE_STYLE_USAGE(.BOTH.,#11529);
#11529 = SURFACE_SIDE_STYLE('',(#11530));
#11530 = SURFACE_STYLE_FILL_AREA(#11531);
#11531 = FILL_AREA_STYLE('',(#11532));
#11532 = FILL_AREA_STYLE_COLOUR('',#11525);
#11533 = STYLED_ITEM('color',(#11534),#6020);
#11534 = PRESENTATION_STYLE_ASSIGNMENT((#11535));
#11535 = SURFACE_STYLE_USAGE(.BOTH.,#11536);
#11536 = SURFACE_SIDE_STYLE('',(#11537));
#11537 = SURFACE_STYLE_FILL_AREA(#11538);
#11538 = FILL_AREA_STYLE('',(#11539));
#11539 = FILL_AREA_STYLE_COLOUR('',#11525);
#11540 = STYLED_ITEM('color',(#11541),#6108);
#11541 = PRESENTATION_STYLE_ASSIGNMENT((#11542));
#11542 = SURFACE_STYLE_USAGE(.BOTH.,#11543);
#11543 = SURFACE_SIDE_STYLE('',(#11544));
#11544 = SURFACE_STYLE_FILL_AREA(#11545);
#11545 = FILL_AREA_STYLE('',(#11546));
#11546 = FILL_AREA_STYLE_COLOUR('',#11525);
#11547 = STYLED_ITEM('color',(#11548),#6148);
#11548 = PRESENTATION_STYLE_ASSIGNMENT((#11549));
#11549 = SURFACE_STYLE_USAGE(.BOTH.,#11550);
#11550 = SURFACE_SIDE_STYLE('',(#11551));
#11551 = SURFACE_STYLE_FILL_AREA(#11552);
#11552 = FILL_AREA_STYLE('',(#11553));
#11553 = FILL_AREA_STYLE_COLOUR('',#11525);
#11554 = STYLED_ITEM('color',(#11555),#6359);
#11555 = PRESENTATION_STYLE_ASSIGNMENT((#11556));
#11556 = SURFACE_STYLE_USAGE(.BOTH.,#11557);
#11557 = SURFACE_SIDE_STYLE('',(#11558));
#11558 = SURFACE_STYLE_FILL_AREA(#11559);
#11559 = FILL_AREA_STYLE('',(#11560));
#11560 = FILL_AREA_STYLE_COLOUR('',#11525);
#11561 = STYLED_ITEM('color',(#11562),#6399);
#11562 = PRESENTATION_STYLE_ASSIGNMENT((#11563));
#11563 = SURFACE_STYLE_USAGE(.BOTH.,#11564);
#11564 = SURFACE_SIDE_STYLE('',(#11565));
#11565 = SURFACE_STYLE_FILL_AREA(#11566);
#11566 = FILL_AREA_STYLE('',(#11567));
#11567 = FILL_AREA_STYLE_COLOUR('',#11525);
#11568 = STYLED_ITEM('color',(#11569),#6423);
#11569 = PRESENTATION_STYLE_ASSIGNMENT((#11570));
#11570 = SURFACE_STYLE_USAGE(.BOTH.,#11571);
#11571 = SURFACE_SIDE_STYLE('',(#11572));
#11572 = SURFACE_STYLE_FILL_AREA(#11573);
#11573 = FILL_AREA_STYLE('',(#11574));
#11574 = FILL_AREA_STYLE_COLOUR('',#11525);
#11575 = STYLED_ITEM('color',(#11576),#6448);
#11576 = PRESENTATION_STYLE_ASSIGNMENT((#11577));
#11577 = SURFACE_STYLE_USAGE(.BOTH.,#11578);
#11578 = SURFACE_SIDE_STYLE('',(#11579));
#11579 = SURFACE_STYLE_FILL_AREA(#11580);
#11580 = FILL_AREA_STYLE('',(#11581));
#11581 = FILL_AREA_STYLE_COLOUR('',#11525);
#11582 = STYLED_ITEM('color',(#11583),#6472);
#11583 = PRESENTATION_STYLE_ASSIGNMENT((#11584));
#11584 = SURFACE_STYLE_USAGE(.BOTH.,#11585);
#11585 = SURFACE_SIDE_STYLE('',(#11586));
#11586 = SURFACE_STYLE_FILL_AREA(#11587);
#11587 = FILL_AREA_STYLE('',(#11588));
#11588 = FILL_AREA_STYLE_COLOUR('',#11525);
#11589 = STYLED_ITEM('color',(#11590),#6521);
#11590 = PRESENTATION_STYLE_ASSIGNMENT((#11591));
#11591 = SURFACE_STYLE_USAGE(.BOTH.,#11592);
#11592 = SURFACE_SIDE_STYLE('',(#11593));
#11593 = SURFACE_STYLE_FILL_AREA(#11594);
#11594 = FILL_AREA_STYLE('',(#11595));
#11595 = FILL_AREA_STYLE_COLOUR('',#11525);
#11596 = STYLED_ITEM('color',(#11597),#6543);
#11597 = PRESENTATION_STYLE_ASSIGNMENT((#11598));
#11598 = SURFACE_STYLE_USAGE(.BOTH.,#11599);
#11599 = SURFACE_SIDE_STYLE('',(#11600));
#11600 = SURFACE_STYLE_FILL_AREA(#11601);
#11601 = FILL_AREA_STYLE('',(#11602));
#11602 = FILL_AREA_STYLE_COLOUR('',#11525);
#11603 = STYLED_ITEM('color',(#11604),#6576);
#11604 = PRESENTATION_STYLE_ASSIGNMENT((#11605));
#11605 = SURFACE_STYLE_USAGE(.BOTH.,#11606);
#11606 = SURFACE_SIDE_STYLE('',(#11607));
#11607 = SURFACE_STYLE_FILL_AREA(#11608);
#11608 = FILL_AREA_STYLE('',(#11609));
#11609 = FILL_AREA_STYLE_COLOUR('',#11525);
#11610 = STYLED_ITEM('color',(#11611),#6600);
#11611 = PRESENTATION_STYLE_ASSIGNMENT((#11612));
#11612 = SURFACE_STYLE_USAGE(.BOTH.,#11613);
#11613 = SURFACE_SIDE_STYLE('',(#11614));
#11614 = SURFACE_STYLE_FILL_AREA(#11615);
#11615 = FILL_AREA_STYLE('',(#11616));
#11616 = FILL_AREA_STYLE_COLOUR('',#11525);
#11617 = STYLED_ITEM('color',(#11618),#6631);
#11618 = PRESENTATION_STYLE_ASSIGNMENT((#11619));
#11619 = SURFACE_STYLE_USAGE(.BOTH.,#11620);
#11620 = SURFACE_SIDE_STYLE('',(#11621));
#11621 = SURFACE_STYLE_FILL_AREA(#11622);
#11622 = FILL_AREA_STYLE('',(#11623));
#11623 = FILL_AREA_STYLE_COLOUR('',#11525);
#11624 = STYLED_ITEM('color',(#11625),#6648);
#11625 = PRESENTATION_STYLE_ASSIGNMENT((#11626));
#11626 = SURFACE_STYLE_USAGE(.BOTH.,#11627);
#11627 = SURFACE_SIDE_STYLE('',(#11628));
#11628 = SURFACE_STYLE_FILL_AREA(#11629);
#11629 = FILL_AREA_STYLE('',(#11630));
#11630 = FILL_AREA_STYLE_COLOUR('',#11525);
#11631 = STYLED_ITEM('color',(#11632),#6681);
#11632 = PRESENTATION_STYLE_ASSIGNMENT((#11633));
#11633 = SURFACE_STYLE_USAGE(.BOTH.,#11634);
#11634 = SURFACE_SIDE_STYLE('',(#11635));
#11635 = SURFACE_STYLE_FILL_AREA(#11636);
#11636 = FILL_AREA_STYLE('',(#11637));
#11637 = FILL_AREA_STYLE_COLOUR('',#11525);
#11638 = STYLED_ITEM('color',(#11639),#6698);
#11639 = PRESENTATION_STYLE_ASSIGNMENT((#11640));
#11640 = SURFACE_STYLE_USAGE(.BOTH.,#11641);
#11641 = SURFACE_SIDE_STYLE('',(#11642));
#11642 = SURFACE_STYLE_FILL_AREA(#11643);
#11643 = FILL_AREA_STYLE('',(#11644));
#11644 = FILL_AREA_STYLE_COLOUR('',#11525);
#11645 = STYLED_ITEM('color',(#11646),#6741);
#11646 = PRESENTATION_STYLE_ASSIGNMENT((#11647));
#11647 = SURFACE_STYLE_USAGE(.BOTH.,#11648);
#11648 = SURFACE_SIDE_STYLE('',(#11649));
#11649 = SURFACE_STYLE_FILL_AREA(#11650);
#11650 = FILL_AREA_STYLE('',(#11651));
#11651 = FILL_AREA_STYLE_COLOUR('',#11525);
#11652 = STYLED_ITEM('color',(#11653),#6758);
#11653 = PRESENTATION_STYLE_ASSIGNMENT((#11654));
#11654 = SURFACE_STYLE_USAGE(.BOTH.,#11655);
#11655 = SURFACE_SIDE_STYLE('',(#11656));
#11656 = SURFACE_STYLE_FILL_AREA(#11657);
#11657 = FILL_AREA_STYLE('',(#11658));
#11658 = FILL_AREA_STYLE_COLOUR('',#11525);
#11659 = STYLED_ITEM('color',(#11660),#6804);
#11660 = PRESENTATION_STYLE_ASSIGNMENT((#11661));
#11661 = SURFACE_STYLE_USAGE(.BOTH.,#11662);
#11662 = SURFACE_SIDE_STYLE('',(#11663));
#11663 = SURFACE_STYLE_FILL_AREA(#11664);
#11664 = FILL_AREA_STYLE('',(#11665));
#11665 = FILL_AREA_STYLE_COLOUR('',#11525);
#11666 = STYLED_ITEM('color',(#11667),#6821);
#11667 = PRESENTATION_STYLE_ASSIGNMENT((#11668));
#11668 = SURFACE_STYLE_USAGE(.BOTH.,#11669);
#11669 = SURFACE_SIDE_STYLE('',(#11670));
#11670 = SURFACE_STYLE_FILL_AREA(#11671);
#11671 = FILL_AREA_STYLE('',(#11672));
#11672 = FILL_AREA_STYLE_COLOUR('',#11525);
#11673 = STYLED_ITEM('color',(#11674),#6884);
#11674 = PRESENTATION_STYLE_ASSIGNMENT((#11675));
#11675 = SURFACE_STYLE_USAGE(.BOTH.,#11676);
#11676 = SURFACE_SIDE_STYLE('',(#11677));
#11677 = SURFACE_STYLE_FILL_AREA(#11678);
#11678 = FILL_AREA_STYLE('',(#11679));
#11679 = FILL_AREA_STYLE_COLOUR('',#11525);
#11680 = STYLED_ITEM('color',(#11681),#6908);
#11681 = PRESENTATION_STYLE_ASSIGNMENT((#11682));
#11682 = SURFACE_STYLE_USAGE(.BOTH.,#11683);
#11683 = SURFACE_SIDE_STYLE('',(#11684));
#11684 = SURFACE_STYLE_FILL_AREA(#11685);
#11685 = FILL_AREA_STYLE('',(#11686));
#11686 = FILL_AREA_STYLE_COLOUR('',#11525);
#11687 = STYLED_ITEM('color',(#11688),#6955);
#11688 = PRESENTATION_STYLE_ASSIGNMENT((#11689));
#11689 = SURFACE_STYLE_USAGE(.BOTH.,#11690);
#11690 = SURFACE_SIDE_STYLE('',(#11691));
#11691 = SURFACE_STYLE_FILL_AREA(#11692);
#11692 = FILL_AREA_STYLE('',(#11693));
#11693 = FILL_AREA_STYLE_COLOUR('',#11525);
#11694 = STYLED_ITEM('color',(#11695),#6979);
#11695 = PRESENTATION_STYLE_ASSIGNMENT((#11696));
#11696 = SURFACE_STYLE_USAGE(.BOTH.,#11697);
#11697 = SURFACE_SIDE_STYLE('',(#11698));
#11698 = SURFACE_STYLE_FILL_AREA(#11699);
#11699 = FILL_AREA_STYLE('',(#11700));
#11700 = FILL_AREA_STYLE_COLOUR('',#11525);
#11701 = STYLED_ITEM('color',(#11702),#7003);
#11702 = PRESENTATION_STYLE_ASSIGNMENT((#11703));
#11703 = SURFACE_STYLE_USAGE(.BOTH.,#11704);
#11704 = SURFACE_SIDE_STYLE('',(#11705));
#11705 = SURFACE_STYLE_FILL_AREA(#11706);
#11706 = FILL_AREA_STYLE('',(#11707));
#11707 = FILL_AREA_STYLE_COLOUR('',#11525);
#11708 = STYLED_ITEM('color',(#11709),#7020);
#11709 = PRESENTATION_STYLE_ASSIGNMENT((#11710));
#11710 = SURFACE_STYLE_USAGE(.BOTH.,#11711);
#11711 = SURFACE_SIDE_STYLE('',(#11712));
#11712 = SURFACE_STYLE_FILL_AREA(#11713);
#11713 = FILL_AREA_STYLE('',(#11714));
#11714 = FILL_AREA_STYLE_COLOUR('',#11525);
#11715 = STYLED_ITEM('color',(#11716),#7037);
#11716 = PRESENTATION_STYLE_ASSIGNMENT((#11717));
#11717 = SURFACE_STYLE_USAGE(.BOTH.,#11718);
#11718 = SURFACE_SIDE_STYLE('',(#11719));
#11719 = SURFACE_STYLE_FILL_AREA(#11720);
#11720 = FILL_AREA_STYLE('',(#11721));
#11721 = FILL_AREA_STYLE_COLOUR('',#11525);
#11722 = STYLED_ITEM('color',(#11723),#7061);
#11723 = PRESENTATION_STYLE_ASSIGNMENT((#11724));
#11724 = SURFACE_STYLE_USAGE(.BOTH.,#11725);
#11725 = SURFACE_SIDE_STYLE('',(#11726));
#11726 = SURFACE_STYLE_FILL_AREA(#11727);
#11727 = FILL_AREA_STYLE('',(#11728));
#11728 = FILL_AREA_STYLE_COLOUR('',#11525);
#11729 = STYLED_ITEM('color',(#11730),#7085);
#11730 = PRESENTATION_STYLE_ASSIGNMENT((#11731));
#11731 = SURFACE_STYLE_USAGE(.BOTH.,#11732);
#11732 = SURFACE_SIDE_STYLE('',(#11733));
#11733 = SURFACE_STYLE_FILL_AREA(#11734);
#11734 = FILL_AREA_STYLE('',(#11735));
#11735 = FILL_AREA_STYLE_COLOUR('',#11525);
#11736 = STYLED_ITEM('color',(#11737),#7102);
#11737 = PRESENTATION_STYLE_ASSIGNMENT((#11738));
#11738 = SURFACE_STYLE_USAGE(.BOTH.,#11739);
#11739 = SURFACE_SIDE_STYLE('',(#11740));
#11740 = SURFACE_STYLE_FILL_AREA(#11741);
#11741 = FILL_AREA_STYLE('',(#11742));
#11742 = FILL_AREA_STYLE_COLOUR('',#11525);
#11743 = STYLED_ITEM('color',(#11744),#7133);
#11744 = PRESENTATION_STYLE_ASSIGNMENT((#11745));
#11745 = SURFACE_STYLE_USAGE(.BOTH.,#11746);
#11746 = SURFACE_SIDE_STYLE('',(#11747));
#11747 = SURFACE_STYLE_FILL_AREA(#11748);
#11748 = FILL_AREA_STYLE('',(#11749));
#11749 = FILL_AREA_STYLE_COLOUR('',#11525);
#11750 = STYLED_ITEM('color',(#11751),#7157);
#11751 = PRESENTATION_STYLE_ASSIGNMENT((#11752));
#11752 = SURFACE_STYLE_USAGE(.BOTH.,#11753);
#11753 = SURFACE_SIDE_STYLE('',(#11754));
#11754 = SURFACE_STYLE_FILL_AREA(#11755);
#11755 = FILL_AREA_STYLE('',(#11756));
#11756 = FILL_AREA_STYLE_COLOUR('',#11525);
#11757 = STYLED_ITEM('color',(#11758),#7181);
#11758 = PRESENTATION_STYLE_ASSIGNMENT((#11759));
#11759 = SURFACE_STYLE_USAGE(.BOTH.,#11760);
#11760 = SURFACE_SIDE_STYLE('',(#11761));
#11761 = SURFACE_STYLE_FILL_AREA(#11762);
#11762 = FILL_AREA_STYLE('',(#11763));
#11763 = FILL_AREA_STYLE_COLOUR('',#11525);
#11764 = STYLED_ITEM('color',(#11765),#7198);
#11765 = PRESENTATION_STYLE_ASSIGNMENT((#11766));
#11766 = SURFACE_STYLE_USAGE(.BOTH.,#11767);
#11767 = SURFACE_SIDE_STYLE('',(#11768));
#11768 = SURFACE_STYLE_FILL_AREA(#11769);
#11769 = FILL_AREA_STYLE('',(#11770));
#11770 = FILL_AREA_STYLE_COLOUR('',#11525);
#11771 = STYLED_ITEM('color',(#11772),#7233);
#11772 = PRESENTATION_STYLE_ASSIGNMENT((#11773));
#11773 = SURFACE_STYLE_USAGE(.BOTH.,#11774);
#11774 = SURFACE_SIDE_STYLE('',(#11775));
#11775 = SURFACE_STYLE_FILL_AREA(#11776);
#11776 = FILL_AREA_STYLE('',(#11777));
#11777 = FILL_AREA_STYLE_COLOUR('',#11525);
#11778 = STYLED_ITEM('color',(#11779),#7273);
#11779 = PRESENTATION_STYLE_ASSIGNMENT((#11780));
#11780 = SURFACE_STYLE_USAGE(.BOTH.,#11781);
#11781 = SURFACE_SIDE_STYLE('',(#11782));
#11782 = SURFACE_STYLE_FILL_AREA(#11783);
#11783 = FILL_AREA_STYLE('',(#11784));
#11784 = FILL_AREA_STYLE_COLOUR('',#11525);
#11785 = STYLED_ITEM('color',(#11786),#7297);
#11786 = PRESENTATION_STYLE_ASSIGNMENT((#11787));
#11787 = SURFACE_STYLE_USAGE(.BOTH.,#11788);
#11788 = SURFACE_SIDE_STYLE('',(#11789));
#11789 = SURFACE_STYLE_FILL_AREA(#11790);
#11790 = FILL_AREA_STYLE('',(#11791));
#11791 = FILL_AREA_STYLE_COLOUR('',#11525);
#11792 = STYLED_ITEM('color',(#11793),#7338);
#11793 = PRESENTATION_STYLE_ASSIGNMENT((#11794));
#11794 = SURFACE_STYLE_USAGE(.BOTH.,#11795);
#11795 = SURFACE_SIDE_STYLE('',(#11796));
#11796 = SURFACE_STYLE_FILL_AREA(#11797);
#11797 = FILL_AREA_STYLE('',(#11798));
#11798 = FILL_AREA_STYLE_COLOUR('',#11525);
#11799 = STYLED_ITEM('color',(#11800),#7387);
#11800 = PRESENTATION_STYLE_ASSIGNMENT((#11801));
#11801 = SURFACE_STYLE_USAGE(.BOTH.,#11802);
#11802 = SURFACE_SIDE_STYLE('',(#11803));
#11803 = SURFACE_STYLE_FILL_AREA(#11804);
#11804 = FILL_AREA_STYLE('',(#11805));
#11805 = FILL_AREA_STYLE_COLOUR('',#11525);
#11806 = STYLED_ITEM('color',(#11807),#7433);
#11807 = PRESENTATION_STYLE_ASSIGNMENT((#11808));
#11808 = SURFACE_STYLE_USAGE(.BOTH.,#11809);
#11809 = SURFACE_SIDE_STYLE('',(#11810));
#11810 = SURFACE_STYLE_FILL_AREA(#11811);
#11811 = FILL_AREA_STYLE('',(#11812));
#11812 = FILL_AREA_STYLE_COLOUR('',#11525);
#11813 = STYLED_ITEM('color',(#11814),#7450);
#11814 = PRESENTATION_STYLE_ASSIGNMENT((#11815));
#11815 = SURFACE_STYLE_USAGE(.BOTH.,#11816);
#11816 = SURFACE_SIDE_STYLE('',(#11817));
#11817 = SURFACE_STYLE_FILL_AREA(#11818);
#11818 = FILL_AREA_STYLE('',(#11819));
#11819 = FILL_AREA_STYLE_COLOUR('',#11525);
#11820 = STYLED_ITEM('color',(#11821),#7462);
#11821 = PRESENTATION_STYLE_ASSIGNMENT((#11822));
#11822 = SURFACE_STYLE_USAGE(.BOTH.,#11823);
#11823 = SURFACE_SIDE_STYLE('',(#11824));
#11824 = SURFACE_STYLE_FILL_AREA(#11825);
#11825 = FILL_AREA_STYLE('',(#11826));
#11826 = FILL_AREA_STYLE_COLOUR('',#11827);
#11827 = COLOUR_RGB('',0.823529417451,0.819607860991,0.780392170416);
#11828 = STYLED_ITEM('color',(#11829),#7493);
#11829 = PRESENTATION_STYLE_ASSIGNMENT((#11830));
#11830 = SURFACE_STYLE_USAGE(.BOTH.,#11831);
#11831 = SURFACE_SIDE_STYLE('',(#11832));
#11832 = SURFACE_STYLE_FILL_AREA(#11833);
#11833 = FILL_AREA_STYLE('',(#11834));
#11834 = FILL_AREA_STYLE_COLOUR('',#11827);
#11835 = STYLED_ITEM('color',(#11836),#7549);
#11836 = PRESENTATION_STYLE_ASSIGNMENT((#11837));
#11837 = SURFACE_STYLE_USAGE(.BOTH.,#11838);
#11838 = SURFACE_SIDE_STYLE('',(#11839));
#11839 = SURFACE_STYLE_FILL_AREA(#11840);
#11840 = FILL_AREA_STYLE('',(#11841));
#11841 = FILL_AREA_STYLE_COLOUR('',#11827);
#11842 = STYLED_ITEM('color',(#11843),#7573);
#11843 = PRESENTATION_STYLE_ASSIGNMENT((#11844));
#11844 = SURFACE_STYLE_USAGE(.BOTH.,#11845);
#11845 = SURFACE_SIDE_STYLE('',(#11846));
#11846 = SURFACE_STYLE_FILL_AREA(#11847);
#11847 = FILL_AREA_STYLE('',(#11848));
#11848 = FILL_AREA_STYLE_COLOUR('',#11827);
#11849 = STYLED_ITEM('color',(#11850),#7622);
#11850 = PRESENTATION_STYLE_ASSIGNMENT((#11851));
#11851 = SURFACE_STYLE_USAGE(.BOTH.,#11852);
#11852 = SURFACE_SIDE_STYLE('',(#11853));
#11853 = SURFACE_STYLE_FILL_AREA(#11854);
#11854 = FILL_AREA_STYLE('',(#11855));
#11855 = FILL_AREA_STYLE_COLOUR('',#11525);
#11856 = STYLED_ITEM('color',(#11857),#7634);
#11857 = PRESENTATION_STYLE_ASSIGNMENT((#11858));
#11858 = SURFACE_STYLE_USAGE(.BOTH.,#11859);
#11859 = SURFACE_SIDE_STYLE('',(#11860));
#11860 = SURFACE_STYLE_FILL_AREA(#11861);
#11861 = FILL_AREA_STYLE('',(#11862));
#11862 = FILL_AREA_STYLE_COLOUR('',#11525);
#11863 = STYLED_ITEM('color',(#11864),#7737);
#11864 = PRESENTATION_STYLE_ASSIGNMENT((#11865));
#11865 = SURFACE_STYLE_USAGE(.BOTH.,#11866);
#11866 = SURFACE_SIDE_STYLE('',(#11867));
#11867 = SURFACE_STYLE_FILL_AREA(#11868);
#11868 = FILL_AREA_STYLE('',(#11869));
#11869 = FILL_AREA_STYLE_COLOUR('',#11525);
#11870 = STYLED_ITEM('color',(#11871),#7761);
#11871 = PRESENTATION_STYLE_ASSIGNMENT((#11872));
#11872 = SURFACE_STYLE_USAGE(.BOTH.,#11873);
#11873 = SURFACE_SIDE_STYLE('',(#11874));
#11874 = SURFACE_STYLE_FILL_AREA(#11875);
#11875 = FILL_AREA_STYLE('',(#11876));
#11876 = FILL_AREA_STYLE_COLOUR('',#11525);
#11877 = STYLED_ITEM('color',(#11878),#7785);
#11878 = PRESENTATION_STYLE_ASSIGNMENT((#11879));
#11879 = SURFACE_STYLE_USAGE(.BOTH.,#11880);
#11880 = SURFACE_SIDE_STYLE('',(#11881));
#11881 = SURFACE_STYLE_FILL_AREA(#11882);
#11882 = FILL_AREA_STYLE('',(#11883));
#11883 = FILL_AREA_STYLE_COLOUR('',#11525);
#11884 = STYLED_ITEM('color',(#11885),#7802);
#11885 = PRESENTATION_STYLE_ASSIGNMENT((#11886));
#11886 = SURFACE_STYLE_USAGE(.BOTH.,#11887);
#11887 = SURFACE_SIDE_STYLE('',(#11888));
#11888 = SURFACE_STYLE_FILL_AREA(#11889);
#11889 = FILL_AREA_STYLE('',(#11890));
#11890 = FILL_AREA_STYLE_COLOUR('',#11827);
#11891 = STYLED_ITEM('color',(#11892),#7833);
#11892 = PRESENTATION_STYLE_ASSIGNMENT((#11893));
#11893 = SURFACE_STYLE_USAGE(.BOTH.,#11894);
#11894 = SURFACE_SIDE_STYLE('',(#11895));
#11895 = SURFACE_STYLE_FILL_AREA(#11896);
#11896 = FILL_AREA_STYLE('',(#11897));
#11897 = FILL_AREA_STYLE_COLOUR('',#11827);
#11898 = STYLED_ITEM('color',(#11899),#7889);
#11899 = PRESENTATION_STYLE_ASSIGNMENT((#11900));
#11900 = SURFACE_STYLE_USAGE(.BOTH.,#11901);
#11901 = SURFACE_SIDE_STYLE('',(#11902));
#11902 = SURFACE_STYLE_FILL_AREA(#11903);
#11903 = FILL_AREA_STYLE('',(#11904));
#11904 = FILL_AREA_STYLE_COLOUR('',#11827);
#11905 = STYLED_ITEM('color',(#11906),#7913);
#11906 = PRESENTATION_STYLE_ASSIGNMENT((#11907));
#11907 = SURFACE_STYLE_USAGE(.BOTH.,#11908);
#11908 = SURFACE_SIDE_STYLE('',(#11909));
#11909 = SURFACE_STYLE_FILL_AREA(#11910);
#11910 = FILL_AREA_STYLE('',(#11911));
#11911 = FILL_AREA_STYLE_COLOUR('',#11827);
#11912 = STYLED_ITEM('color',(#11913),#7962);
#11913 = PRESENTATION_STYLE_ASSIGNMENT((#11914));
#11914 = SURFACE_STYLE_USAGE(.BOTH.,#11915);
#11915 = SURFACE_SIDE_STYLE('',(#11916));
#11916 = SURFACE_STYLE_FILL_AREA(#11917);
#11917 = FILL_AREA_STYLE('',(#11918));
#11918 = FILL_AREA_STYLE_COLOUR('',#11827);
#11919 = STYLED_ITEM('color',(#11920),#7979);
#11920 = PRESENTATION_STYLE_ASSIGNMENT((#11921));
#11921 = SURFACE_STYLE_USAGE(.BOTH.,#11922);
#11922 = SURFACE_SIDE_STYLE('',(#11923));
#11923 = SURFACE_STYLE_FILL_AREA(#11924);
#11924 = FILL_AREA_STYLE('',(#11925));
#11925 = FILL_AREA_STYLE_COLOUR('',#11827);
#11926 = STYLED_ITEM('color',(#11927),#8026);
#11927 = PRESENTATION_STYLE_ASSIGNMENT((#11928));
#11928 = SURFACE_STYLE_USAGE(.BOTH.,#11929);
#11929 = SURFACE_SIDE_STYLE('',(#11930));
#11930 = SURFACE_STYLE_FILL_AREA(#11931);
#11931 = FILL_AREA_STYLE('',(#11932));
#11932 = FILL_AREA_STYLE_COLOUR('',#11827);
#11933 = STYLED_ITEM('color',(#11934),#8052);
#11934 = PRESENTATION_STYLE_ASSIGNMENT((#11935));
#11935 = SURFACE_STYLE_USAGE(.BOTH.,#11936);
#11936 = SURFACE_SIDE_STYLE('',(#11937));
#11937 = SURFACE_STYLE_FILL_AREA(#11938);
#11938 = FILL_AREA_STYLE('',(#11939));
#11939 = FILL_AREA_STYLE_COLOUR('',#11827);
#11940 = STYLED_ITEM('color',(#11941),#8069);
#11941 = PRESENTATION_STYLE_ASSIGNMENT((#11942));
#11942 = SURFACE_STYLE_USAGE(.BOTH.,#11943);
#11943 = SURFACE_SIDE_STYLE('',(#11944));
#11944 = SURFACE_STYLE_FILL_AREA(#11945);
#11945 = FILL_AREA_STYLE('',(#11946));
#11946 = FILL_AREA_STYLE_COLOUR('',#11827);
#11947 = STYLED_ITEM('color',(#11948),#8095);
#11948 = PRESENTATION_STYLE_ASSIGNMENT((#11949));
#11949 = SURFACE_STYLE_USAGE(.BOTH.,#11950);
#11950 = SURFACE_SIDE_STYLE('',(#11951));
#11951 = SURFACE_STYLE_FILL_AREA(#11952);
#11952 = FILL_AREA_STYLE('',(#11953));
#11953 = FILL_AREA_STYLE_COLOUR('',#11827);
#11954 = STYLED_ITEM('color',(#11955),#8128);
#11955 = PRESENTATION_STYLE_ASSIGNMENT((#11956));
#11956 = SURFACE_STYLE_USAGE(.BOTH.,#11957);
#11957 = SURFACE_SIDE_STYLE('',(#11958));
#11958 = SURFACE_STYLE_FILL_AREA(#11959);
#11959 = FILL_AREA_STYLE('',(#11960));
#11960 = FILL_AREA_STYLE_COLOUR('',#11525);
#11961 = STYLED_ITEM('color',(#11962),#8140);
#11962 = PRESENTATION_STYLE_ASSIGNMENT((#11963));
#11963 = SURFACE_STYLE_USAGE(.BOTH.,#11964);
#11964 = SURFACE_SIDE_STYLE('',(#11965));
#11965 = SURFACE_STYLE_FILL_AREA(#11966);
#11966 = FILL_AREA_STYLE('',(#11967));
#11967 = FILL_AREA_STYLE_COLOUR('',#11827);
#11968 = STYLED_ITEM('color',(#11969),#8171);
#11969 = PRESENTATION_STYLE_ASSIGNMENT((#11970));
#11970 = SURFACE_STYLE_USAGE(.BOTH.,#11971);
#11971 = SURFACE_SIDE_STYLE('',(#11972));
#11972 = SURFACE_STYLE_FILL_AREA(#11973);
#11973 = FILL_AREA_STYLE('',(#11974));
#11974 = FILL_AREA_STYLE_COLOUR('',#11827);
#11975 = STYLED_ITEM('color',(#11976),#8195);
#11976 = PRESENTATION_STYLE_ASSIGNMENT((#11977));
#11977 = SURFACE_STYLE_USAGE(.BOTH.,#11978);
#11978 = SURFACE_SIDE_STYLE('',(#11979));
#11979 = SURFACE_STYLE_FILL_AREA(#11980);
#11980 = FILL_AREA_STYLE('',(#11981));
#11981 = FILL_AREA_STYLE_COLOUR('',#11827);
#11982 = STYLED_ITEM('color',(#11983),#8219);
#11983 = PRESENTATION_STYLE_ASSIGNMENT((#11984));
#11984 = SURFACE_STYLE_USAGE(.BOTH.,#11985);
#11985 = SURFACE_SIDE_STYLE('',(#11986));
#11986 = SURFACE_STYLE_FILL_AREA(#11987);
#11987 = FILL_AREA_STYLE('',(#11988));
#11988 = FILL_AREA_STYLE_COLOUR('',#11827);
#11989 = STYLED_ITEM('color',(#11990),#8236);
#11990 = PRESENTATION_STYLE_ASSIGNMENT((#11991));
#11991 = SURFACE_STYLE_USAGE(.BOTH.,#11992);
#11992 = SURFACE_SIDE_STYLE('',(#11993));
#11993 = SURFACE_STYLE_FILL_AREA(#11994);
#11994 = FILL_AREA_STYLE('',(#11995));
#11995 = FILL_AREA_STYLE_COLOUR('',#11827);
#11996 = STYLED_ITEM('color',(#11997),#8267);
#11997 = PRESENTATION_STYLE_ASSIGNMENT((#11998));
#11998 = SURFACE_STYLE_USAGE(.BOTH.,#11999);
#11999 = SURFACE_SIDE_STYLE('',(#12000));
#12000 = SURFACE_STYLE_FILL_AREA(#12001);
#12001 = FILL_AREA_STYLE('',(#12002));
#12002 = FILL_AREA_STYLE_COLOUR('',#11827);
#12003 = STYLED_ITEM('color',(#12004),#8291);
#12004 = PRESENTATION_STYLE_ASSIGNMENT((#12005));
#12005 = SURFACE_STYLE_USAGE(.BOTH.,#12006);
#12006 = SURFACE_SIDE_STYLE('',(#12007));
#12007 = SURFACE_STYLE_FILL_AREA(#12008);
#12008 = FILL_AREA_STYLE('',(#12009));
#12009 = FILL_AREA_STYLE_COLOUR('',#11827);
#12010 = STYLED_ITEM('color',(#12011),#8315);
#12011 = PRESENTATION_STYLE_ASSIGNMENT((#12012));
#12012 = SURFACE_STYLE_USAGE(.BOTH.,#12013);
#12013 = SURFACE_SIDE_STYLE('',(#12014));
#12014 = SURFACE_STYLE_FILL_AREA(#12015);
#12015 = FILL_AREA_STYLE('',(#12016));
#12016 = FILL_AREA_STYLE_COLOUR('',#11827);
#12017 = STYLED_ITEM('color',(#12018),#8332);
#12018 = PRESENTATION_STYLE_ASSIGNMENT((#12019));
#12019 = SURFACE_STYLE_USAGE(.BOTH.,#12020);
#12020 = SURFACE_SIDE_STYLE('',(#12021));
#12021 = SURFACE_STYLE_FILL_AREA(#12022);
#12022 = FILL_AREA_STYLE('',(#12023));
#12023 = FILL_AREA_STYLE_COLOUR('',#11827);
#12024 = STYLED_ITEM('color',(#12025),#8349);
#12025 = PRESENTATION_STYLE_ASSIGNMENT((#12026));
#12026 = SURFACE_STYLE_USAGE(.BOTH.,#12027);
#12027 = SURFACE_SIDE_STYLE('',(#12028));
#12028 = SURFACE_STYLE_FILL_AREA(#12029);
#12029 = FILL_AREA_STYLE('',(#12030));
#12030 = FILL_AREA_STYLE_COLOUR('',#11827);
#12031 = STYLED_ITEM('color',(#12032),#8396);
#12032 = PRESENTATION_STYLE_ASSIGNMENT((#12033));
#12033 = SURFACE_STYLE_USAGE(.BOTH.,#12034);
#12034 = SURFACE_SIDE_STYLE('',(#12035));
#12035 = SURFACE_STYLE_FILL_AREA(#12036);
#12036 = FILL_AREA_STYLE('',(#12037));
#12037 = FILL_AREA_STYLE_COLOUR('',#11827);
#12038 = STYLED_ITEM('color',(#12039),#8422);
#12039 = PRESENTATION_STYLE_ASSIGNMENT((#12040));
#12040 = SURFACE_STYLE_USAGE(.BOTH.,#12041);
#12041 = SURFACE_SIDE_STYLE('',(#12042));
#12042 = SURFACE_STYLE_FILL_AREA(#12043);
#12043 = FILL_AREA_STYLE('',(#12044));
#12044 = FILL_AREA_STYLE_COLOUR('',#11827);
#12045 = STYLED_ITEM('color',(#12046),#8439);
#12046 = PRESENTATION_STYLE_ASSIGNMENT((#12047));
#12047 = SURFACE_STYLE_USAGE(.BOTH.,#12048);
#12048 = SURFACE_SIDE_STYLE('',(#12049));
#12049 = SURFACE_STYLE_FILL_AREA(#12050);
#12050 = FILL_AREA_STYLE('',(#12051));
#12051 = FILL_AREA_STYLE_COLOUR('',#11827);
#12052 = STYLED_ITEM('color',(#12053),#8465);
#12053 = PRESENTATION_STYLE_ASSIGNMENT((#12054));
#12054 = SURFACE_STYLE_USAGE(.BOTH.,#12055);
#12055 = SURFACE_SIDE_STYLE('',(#12056));
#12056 = SURFACE_STYLE_FILL_AREA(#12057);
#12057 = FILL_AREA_STYLE('',(#12058));
#12058 = FILL_AREA_STYLE_COLOUR('',#11827);
#12059 = STYLED_ITEM('color',(#12060),#8498);
#12060 = PRESENTATION_STYLE_ASSIGNMENT((#12061));
#12061 = SURFACE_STYLE_USAGE(.BOTH.,#12062);
#12062 = SURFACE_SIDE_STYLE('',(#12063));
#12063 = SURFACE_STYLE_FILL_AREA(#12064);
#12064 = FILL_AREA_STYLE('',(#12065));
#12065 = FILL_AREA_STYLE_COLOUR('',#11827);
#12066 = STYLED_ITEM('color',(#12067),#8515);
#12067 = PRESENTATION_STYLE_ASSIGNMENT((#12068));
#12068 = SURFACE_STYLE_USAGE(.BOTH.,#12069);
#12069 = SURFACE_SIDE_STYLE('',(#12070));
#12070 = SURFACE_STYLE_FILL_AREA(#12071);
#12071 = FILL_AREA_STYLE('',(#12072));
#12072 = FILL_AREA_STYLE_COLOUR('',#11827);
#12073 = STYLED_ITEM('color',(#12074),#8532);
#12074 = PRESENTATION_STYLE_ASSIGNMENT((#12075));
#12075 = SURFACE_STYLE_USAGE(.BOTH.,#12076);
#12076 = SURFACE_SIDE_STYLE('',(#12077));
#12077 = SURFACE_STYLE_FILL_AREA(#12078);
#12078 = FILL_AREA_STYLE('',(#12079));
#12079 = FILL_AREA_STYLE_COLOUR('',#11827);
#12080 = STYLED_ITEM('color',(#12081),#8544);
#12081 = PRESENTATION_STYLE_ASSIGNMENT((#12082));
#12082 = SURFACE_STYLE_USAGE(.BOTH.,#12083);
#12083 = SURFACE_SIDE_STYLE('',(#12084));
#12084 = SURFACE_STYLE_FILL_AREA(#12085);
#12085 = FILL_AREA_STYLE('',(#12086));
#12086 = FILL_AREA_STYLE_COLOUR('',#11827);
#12087 = STYLED_ITEM('color',(#12088),#8575);
#12088 = PRESENTATION_STYLE_ASSIGNMENT((#12089));
#12089 = SURFACE_STYLE_USAGE(.BOTH.,#12090);
#12090 = SURFACE_SIDE_STYLE('',(#12091));
#12091 = SURFACE_STYLE_FILL_AREA(#12092);
#12092 = FILL_AREA_STYLE('',(#12093));
#12093 = FILL_AREA_STYLE_COLOUR('',#11827);
#12094 = STYLED_ITEM('color',(#12095),#8599);
#12095 = PRESENTATION_STYLE_ASSIGNMENT((#12096));
#12096 = SURFACE_STYLE_USAGE(.BOTH.,#12097);
#12097 = SURFACE_SIDE_STYLE('',(#12098));
#12098 = SURFACE_STYLE_FILL_AREA(#12099);
#12099 = FILL_AREA_STYLE('',(#12100));
#12100 = FILL_AREA_STYLE_COLOUR('',#11827);
#12101 = STYLED_ITEM('color',(#12102),#8623);
#12102 = PRESENTATION_STYLE_ASSIGNMENT((#12103));
#12103 = SURFACE_STYLE_USAGE(.BOTH.,#12104);
#12104 = SURFACE_SIDE_STYLE('',(#12105));
#12105 = SURFACE_STYLE_FILL_AREA(#12106);
#12106 = FILL_AREA_STYLE('',(#12107));
#12107 = FILL_AREA_STYLE_COLOUR('',#11827);
#12108 = STYLED_ITEM('color',(#12109),#8640);
#12109 = PRESENTATION_STYLE_ASSIGNMENT((#12110));
#12110 = SURFACE_STYLE_USAGE(.BOTH.,#12111);
#12111 = SURFACE_SIDE_STYLE('',(#12112));
#12112 = SURFACE_STYLE_FILL_AREA(#12113);
#12113 = FILL_AREA_STYLE('',(#12114));
#12114 = FILL_AREA_STYLE_COLOUR('',#11827);
#12115 = STYLED_ITEM('color',(#12116),#8671);
#12116 = PRESENTATION_STYLE_ASSIGNMENT((#12117));
#12117 = SURFACE_STYLE_USAGE(.BOTH.,#12118);
#12118 = SURFACE_SIDE_STYLE('',(#12119));
#12119 = SURFACE_STYLE_FILL_AREA(#12120);
#12120 = FILL_AREA_STYLE('',(#12121));
#12121 = FILL_AREA_STYLE_COLOUR('',#11827);
#12122 = STYLED_ITEM('color',(#12123),#8695);
#12123 = PRESENTATION_STYLE_ASSIGNMENT((#12124));
#12124 = SURFACE_STYLE_USAGE(.BOTH.,#12125);
#12125 = SURFACE_SIDE_STYLE('',(#12126));
#12126 = SURFACE_STYLE_FILL_AREA(#12127);
#12127 = FILL_AREA_STYLE('',(#12128));
#12128 = FILL_AREA_STYLE_COLOUR('',#11827);
#12129 = STYLED_ITEM('color',(#12130),#8719);
#12130 = PRESENTATION_STYLE_ASSIGNMENT((#12131));
#12131 = SURFACE_STYLE_USAGE(.BOTH.,#12132);
#12132 = SURFACE_SIDE_STYLE('',(#12133));
#12133 = SURFACE_STYLE_FILL_AREA(#12134);
#12134 = FILL_AREA_STYLE('',(#12135));
#12135 = FILL_AREA_STYLE_COLOUR('',#11827);
#12136 = STYLED_ITEM('color',(#12137),#8736);
#12137 = PRESENTATION_STYLE_ASSIGNMENT((#12138));
#12138 = SURFACE_STYLE_USAGE(.BOTH.,#12139);
#12139 = SURFACE_SIDE_STYLE('',(#12140));
#12140 = SURFACE_STYLE_FILL_AREA(#12141);
#12141 = FILL_AREA_STYLE('',(#12142));
#12142 = FILL_AREA_STYLE_COLOUR('',#11827);
#12143 = STYLED_ITEM('color',(#12144),#8753);
#12144 = PRESENTATION_STYLE_ASSIGNMENT((#12145));
#12145 = SURFACE_STYLE_USAGE(.BOTH.,#12146);
#12146 = SURFACE_SIDE_STYLE('',(#12147));
#12147 = SURFACE_STYLE_FILL_AREA(#12148);
#12148 = FILL_AREA_STYLE('',(#12149));
#12149 = FILL_AREA_STYLE_COLOUR('',#11827);
#12150 = STYLED_ITEM('color',(#12151),#8770);
#12151 = PRESENTATION_STYLE_ASSIGNMENT((#12152));
#12152 = SURFACE_STYLE_USAGE(.BOTH.,#12153);
#12153 = SURFACE_SIDE_STYLE('',(#12154));
#12154 = SURFACE_STYLE_FILL_AREA(#12155);
#12155 = FILL_AREA_STYLE('',(#12156));
#12156 = FILL_AREA_STYLE_COLOUR('',#11827);
#12157 = STYLED_ITEM('color',(#12158),#8782);
#12158 = PRESENTATION_STYLE_ASSIGNMENT((#12159));
#12159 = SURFACE_STYLE_USAGE(.BOTH.,#12160);
#12160 = SURFACE_SIDE_STYLE('',(#12161));
#12161 = SURFACE_STYLE_FILL_AREA(#12162);
#12162 = FILL_AREA_STYLE('',(#12163));
#12163 = FILL_AREA_STYLE_COLOUR('',#11827);
#12164 = STYLED_ITEM('color',(#12165),#8794);
#12165 = PRESENTATION_STYLE_ASSIGNMENT((#12166));
#12166 = SURFACE_STYLE_USAGE(.BOTH.,#12167);
#12167 = SURFACE_SIDE_STYLE('',(#12168));
#12168 = SURFACE_STYLE_FILL_AREA(#12169);
#12169 = FILL_AREA_STYLE('',(#12170));
#12170 = FILL_AREA_STYLE_COLOUR('',#11827);
#12171 = MECHANICAL_DESIGN_GEOMETRIC_PRESENTATION_REPRESENTATION('',(
    #12172),#1419);
#12172 = STYLED_ITEM('color',(#12173),#554);
#12173 = PRESENTATION_STYLE_ASSIGNMENT((#12174,#12180));
#12174 = SURFACE_STYLE_USAGE(.BOTH.,#12175);
#12175 = SURFACE_SIDE_STYLE('',(#12176));
#12176 = SURFACE_STYLE_FILL_AREA(#12177);
#12177 = FILL_AREA_STYLE('',(#12178));
#12178 = FILL_AREA_STYLE_COLOUR('',#12179);
#12179 = COLOUR_RGB('',0.40784314916,0.40784314916,0.40784314916);
#12180 = CURVE_STYLE('',#12181,POSITIVE_LENGTH_MEASURE(0.1),#11506);
#12181 = DRAUGHTING_PRE_DEFINED_CURVE_FONT('continuous');
ENDSEC;
END-ISO-10303-21;
