ISO-10303-21;
HEADER;
FILE_DESCRIPTION(('KiCad electronic assembly'),'2;1');
FILE_NAME('Schematics_display_deviceV3.step','2026-03-15T01:10:18',(
    'Pcbnew'),('Kicad'),'Open CASCADE STEP processor 7.9',
  'KiCad to STEP converter','Unknown');
FILE_SCHEMA(('AUTOMOTIVE_DESIGN { 1 0 10303 214 1 1 1 1 }'));
ENDSEC;
DATA;
#1 = APPLICATION_PROTOCOL_DEFINITION('international standard',
  'automotive_design',2000,#2);
#2 = APPLICATION_CONTEXT(
  'core data for automotive mechanical design processes');
#3 = SHAPE_DEFINITION_REPRESENTATION(#4,#10);
#4 = PRODUCT_DEFINITION_SHAPE('','',#5);
#5 = PRODUCT_DEFINITION('design','',#6,#9);
#6 = PRODUCT_DEFINITION_FORMATION('','',#7);
#7 = PRODUCT('Schematics_display_deviceV3 1',
  'Schematics_display_deviceV3 1','',(#8));
#8 = PRODUCT_CONTEXT('',#2,'mechanical');
#9 = PRODUCT_DEFINITION_CONTEXT('part definition',#2,'design');
#10 = SHAPE_REPRESENTATION('',(#11,#15,#19,#23,#27,#31,#35,#39),#43);
#11 = AXIS2_PLACEMENT_3D('',#12,#13,#14);
#12 = CARTESIAN_POINT('',(0.,0.,0.));
#13 = DIRECTION('',(0.,0.,1.));
#14 = DIRECTION('',(1.,0.,-0.));
#15 = AXIS2_PLACEMENT_3D('',#16,#17,#18);
#16 = CARTESIAN_POINT('',(54.5,-95.5,1.595));
#17 = DIRECTION('',(0.,0.,1.));
#18 = DIRECTION('',(1.,0.,0.));
#19 = AXIS2_PLACEMENT_3D('',#20,#21,#22);
#20 = CARTESIAN_POINT('',(94.,-60.225,1.595));
#21 = DIRECTION('',(-0.,0.,1.));
#22 = DIRECTION('',(1.110223024625E-16,-1.,0.));
#23 = AXIS2_PLACEMENT_3D('',#24,#25,#26);
#24 = CARTESIAN_POINT('',(56.5,-112.42,1.595));
#25 = DIRECTION('',(0.,0.,1.));
#26 = DIRECTION('',(1.,0.,0.));
#27 = AXIS2_PLACEMENT_3D('',#28,#29,#30);
#28 = CARTESIAN_POINT('',(94.5,-72.42,1.595));
#29 = DIRECTION('',(0.,0.,1.));
#30 = DIRECTION('',(1.,0.,0.));
#31 = AXIS2_PLACEMENT_3D('',#32,#33,#34);
#32 = CARTESIAN_POINT('',(94.,-66.5,1.595));
#33 = DIRECTION('',(0.,-0.,1.));
#34 = DIRECTION('',(1.110223024625E-16,1.,0.));
#35 = AXIS2_PLACEMENT_3D('',#36,#37,#38);
#36 = CARTESIAN_POINT('',(79.,-85.875,-8.5E-02));
#37 = DIRECTION('',(1.499759782662E-32,1.224646799147E-16,-1.));
#38 = DIRECTION('',(-1.,1.224646799147E-16,0.));
#39 = AXIS2_PLACEMENT_3D('',#40,#41,#42);
#40 = CARTESIAN_POINT('',(0.,0.,0.));
#41 = DIRECTION('',(0.,0.,1.));
#42 = DIRECTION('',(1.,0.,-0.));
#43 = ( GEOMETRIC_REPRESENTATION_CONTEXT(3) 
GLOBAL_UNCERTAINTY_ASSIGNED_CONTEXT((#47)) GLOBAL_UNIT_ASSIGNED_CONTEXT(
(#44,#45,#46)) REPRESENTATION_CONTEXT('Context #1',
  '3D Context with UNIT and UNCERTAINTY') );
#44 = ( LENGTH_UNIT() NAMED_UNIT(*) SI_UNIT(.MILLI.,.METRE.) );
#45 = ( NAMED_UNIT(*) PLANE_ANGLE_UNIT() SI_UNIT($,.RADIAN.) );
#46 = ( NAMED_UNIT(*) SI_UNIT($,.STERADIAN.) SOLID_ANGLE_UNIT() );
#47 = UNCERTAINTY_MEASURE_WITH_UNIT(LENGTH_MEASURE(1.E-07),#44,
  'distance_accuracy_value','confusion accuracy');
#48 = PRODUCT_RELATED_PRODUCT_CATEGORY('part',$,(#7));
#49 = SHAPE_DEFINITION_REPRESENTATION(#50,#56);
#50 = PRODUCT_DEFINITION_SHAPE('','',#51);
#51 = PRODUCT_DEFINITION('design','',#52,#55);
#52 = PRODUCT_DEFINITION_FORMATION('','',#53);
#53 = PRODUCT('SW_Push_1TS009xxxx-xxxx-xxxx_6x6x5mm',
  'SW_Push_1TS009xxxx-xxxx-xxxx_6x6x5mm','',(#54));
#54 = PRODUCT_CONTEXT('',#2,'mechanical');
#55 = PRODUCT_DEFINITION_CONTEXT('part definition',#2,'design');
#56 = SHAPE_REPRESENTATION('',(#11,#57,#61,#65),#69);
#57 = AXIS2_PLACEMENT_3D('',#58,#59,#60);
#58 = CARTESIAN_POINT('',(0.,0.,0.));
#59 = DIRECTION('',(0.,0.,1.));
#60 = DIRECTION('',(1.,0.,0.));
#61 = AXIS2_PLACEMENT_3D('',#62,#63,#64);
#62 = CARTESIAN_POINT('',(0.,0.,0.));
#63 = DIRECTION('',(0.,0.,1.));
#64 = DIRECTION('',(-1.,1.224646799147E-16,0.));
#65 = AXIS2_PLACEMENT_3D('',#66,#67,#68);
#66 = CARTESIAN_POINT('',(0.,0.,0.));
#67 = DIRECTION('',(0.,0.,1.));
#68 = DIRECTION('',(1.,0.,0.));
#69 = ( GEOMETRIC_REPRESENTATION_CONTEXT(3) 
GLOBAL_UNCERTAINTY_ASSIGNED_CONTEXT((#73)) GLOBAL_UNIT_ASSIGNED_CONTEXT(
(#70,#71,#72)) REPRESENTATION_CONTEXT('Context #1',
  '3D Context with UNIT and UNCERTAINTY') );
#70 = ( LENGTH_UNIT() NAMED_UNIT(*) SI_UNIT(.MILLI.,.METRE.) );
#71 = ( NAMED_UNIT(*) PLANE_ANGLE_UNIT() SI_UNIT($,.RADIAN.) );
#72 = ( NAMED_UNIT(*) SI_UNIT($,.STERADIAN.) SOLID_ANGLE_UNIT() );
#73 = UNCERTAINTY_MEASURE_WITH_UNIT(LENGTH_MEASURE(1.E-07),#70,
  'distance_accuracy_value','confusion accuracy');
#74 = CONTEXT_DEPENDENT_SHAPE_REPRESENTATION(#75,#77);
#75 = ( REPRESENTATION_RELATIONSHIP('','',#56,#10) 
REPRESENTATION_RELATIONSHIP_WITH_TRANSFORMATION(#76) 
SHAPE_REPRESENTATION_RELATIONSHIP() );
#76 = ITEM_DEFINED_TRANSFORMATION('','',#11,#15);
#77 = PRODUCT_DEFINITION_SHAPE('Placement','Placement of an item',#78);
#78 = NEXT_ASSEMBLY_USAGE_OCCURRENCE('4','SW1','',#5,#51,$);
#79 = PRODUCT_RELATED_PRODUCT_CATEGORY('part',$,(#53));
#80 = SHAPE_DEFINITION_REPRESENTATION(#81,#87);
#81 = PRODUCT_DEFINITION_SHAPE('','',#82);
#82 = PRODUCT_DEFINITION('design','',#83,#86);
#83 = PRODUCT_DEFINITION_FORMATION('','',#84);
#84 = PRODUCT('pin_1','pin_1','',(#85));
#85 = PRODUCT_CONTEXT('',#2,'mechanical');
#86 = PRODUCT_DEFINITION_CONTEXT('part definition',#2,'design');
#87 = ADVANCED_BREP_SHAPE_REPRESENTATION('',(#11,#88),#304);
#88 = MANIFOLD_SOLID_BREP('',#89);
#89 = CLOSED_SHELL('',(#90,#130,#161,#192,#223,#254,#276,#290));
#90 = ADVANCED_FACE('',(#91),#125,.F.);
#91 = FACE_BOUND('',#92,.F.);
#92 = EDGE_LOOP('',(#93,#103,#111,#119));
#93 = ORIENTED_EDGE('',*,*,#94,.T.);
#94 = EDGE_CURVE('',#95,#97,#99,.T.);
#95 = VERTEX_POINT('',#96);
#96 = CARTESIAN_POINT('',(-2.,0.7,-1.554312234475E-16));
#97 = VERTEX_POINT('',#98);
#98 = CARTESIAN_POINT('',(-2.,-0.7,1.554312234475E-16));
#99 = LINE('',#100,#101);
#100 = CARTESIAN_POINT('',(-2.,0.7,-1.554312234475E-16));
#101 = VECTOR('',#102,1.);
#102 = DIRECTION('',(0.,-1.,2.22044604925E-16));
#103 = ORIENTED_EDGE('',*,*,#104,.T.);
#104 = EDGE_CURVE('',#97,#105,#107,.T.);
#105 = VERTEX_POINT('',#106);
#106 = CARTESIAN_POINT('',(-2.,-0.7,0.2));
#107 = LINE('',#108,#109);
#108 = CARTESIAN_POINT('',(-2.,-0.7,2.22044604925E-16));
#109 = VECTOR('',#110,1.);
#110 = DIRECTION('',(0.,2.22044604925E-16,1.));
#111 = ORIENTED_EDGE('',*,*,#112,.F.);
#112 = EDGE_CURVE('',#113,#105,#115,.T.);
#113 = VERTEX_POINT('',#114);
#114 = CARTESIAN_POINT('',(-2.,0.7,0.2));
#115 = LINE('',#116,#117);
#116 = CARTESIAN_POINT('',(-2.,0.7,0.2));
#117 = VECTOR('',#118,1.);
#118 = DIRECTION('',(0.,-1.,2.22044604925E-16));
#119 = ORIENTED_EDGE('',*,*,#120,.F.);
#120 = EDGE_CURVE('',#95,#113,#121,.T.);
#121 = LINE('',#122,#123);
#122 = CARTESIAN_POINT('',(-2.,0.7,-2.22044604925E-16));
#123 = VECTOR('',#124,1.);
#124 = DIRECTION('',(0.,2.22044604925E-16,1.));
#125 = PLANE('',#126);
#126 = AXIS2_PLACEMENT_3D('',#127,#128,#129);
#127 = CARTESIAN_POINT('',(-2.,0.7,-1.554312234475E-16));
#128 = DIRECTION('',(-1.,-0.,0.));
#129 = DIRECTION('',(0.,2.22044604925E-16,1.));
#130 = ADVANCED_FACE('',(#131),#156,.F.);
#131 = FACE_BOUND('',#132,.F.);
#132 = EDGE_LOOP('',(#133,#134,#142,#150));
#133 = ORIENTED_EDGE('',*,*,#112,.T.);
#134 = ORIENTED_EDGE('',*,*,#135,.T.);
#135 = EDGE_CURVE('',#105,#136,#138,.T.);
#136 = VERTEX_POINT('',#137);
#137 = CARTESIAN_POINT('',(-3.,-0.7,0.2));
#138 = LINE('',#139,#140);
#139 = CARTESIAN_POINT('',(-2.,-0.7,0.2));
#140 = VECTOR('',#141,1.);
#141 = DIRECTION('',(-1.,0.,0.));
#142 = ORIENTED_EDGE('',*,*,#143,.F.);
#143 = EDGE_CURVE('',#144,#136,#146,.T.);
#144 = VERTEX_POINT('',#145);
#145 = CARTESIAN_POINT('',(-3.,0.7,0.2));
#146 = LINE('',#147,#148);
#147 = CARTESIAN_POINT('',(-3.,0.7,0.2));
#148 = VECTOR('',#149,1.);
#149 = DIRECTION('',(0.,-1.,2.22044604925E-16));
#150 = ORIENTED_EDGE('',*,*,#151,.F.);
#151 = EDGE_CURVE('',#113,#144,#152,.T.);
#152 = LINE('',#153,#154);
#153 = CARTESIAN_POINT('',(-2.,0.7,0.2));
#154 = VECTOR('',#155,1.);
#155 = DIRECTION('',(-1.,0.,0.));
#156 = PLANE('',#157);
#157 = AXIS2_PLACEMENT_3D('',#158,#159,#160);
#158 = CARTESIAN_POINT('',(-2.,0.7,0.2));
#159 = DIRECTION('',(0.,-2.22044604925E-16,-1.));
#160 = DIRECTION('',(-1.,-0.,0.));
#161 = ADVANCED_FACE('',(#162),#187,.F.);
#162 = FACE_BOUND('',#163,.F.);
#163 = EDGE_LOOP('',(#164,#165,#173,#181));
#164 = ORIENTED_EDGE('',*,*,#143,.T.);
#165 = ORIENTED_EDGE('',*,*,#166,.T.);
#166 = EDGE_CURVE('',#136,#167,#169,.T.);
#167 = VERTEX_POINT('',#168);
#168 = CARTESIAN_POINT('',(-3.1,-0.7,1.));
#169 = LINE('',#170,#171);
#170 = CARTESIAN_POINT('',(-3.,-0.7,0.2));
#171 = VECTOR('',#172,1.);
#172 = DIRECTION('',(-0.124034734589,2.203299491106E-16,0.992277876714)
  );
#173 = ORIENTED_EDGE('',*,*,#174,.F.);
#174 = EDGE_CURVE('',#175,#167,#177,.T.);
#175 = VERTEX_POINT('',#176);
#176 = CARTESIAN_POINT('',(-3.1,0.7,1.));
#177 = LINE('',#178,#179);
#178 = CARTESIAN_POINT('',(-3.1,0.7,1.));
#179 = VECTOR('',#180,1.);
#180 = DIRECTION('',(0.,-1.,2.22044604925E-16));
#181 = ORIENTED_EDGE('',*,*,#182,.F.);
#182 = EDGE_CURVE('',#144,#175,#183,.T.);
#183 = LINE('',#184,#185);
#184 = CARTESIAN_POINT('',(-3.,0.7,0.2));
#185 = VECTOR('',#186,1.);
#186 = DIRECTION('',(-0.124034734589,2.203299491106E-16,0.992277876714)
  );
#187 = PLANE('',#188);
#188 = AXIS2_PLACEMENT_3D('',#189,#190,#191);
#189 = CARTESIAN_POINT('',(-3.,0.7,0.2));
#190 = DIRECTION('',(-0.992277876714,-2.754124363883E-17,-0.124034734589
    ));
#191 = DIRECTION('',(-0.124034734589,2.203299491106E-16,0.992277876714)
  );
#192 = ADVANCED_FACE('',(#193),#218,.F.);
#193 = FACE_BOUND('',#194,.F.);
#194 = EDGE_LOOP('',(#195,#196,#204,#212));
#195 = ORIENTED_EDGE('',*,*,#174,.T.);
#196 = ORIENTED_EDGE('',*,*,#197,.T.);
#197 = EDGE_CURVE('',#167,#198,#200,.T.);
#198 = VERTEX_POINT('',#199);
#199 = CARTESIAN_POINT('',(-3.3,-0.7,1.));
#200 = LINE('',#201,#202);
#201 = CARTESIAN_POINT('',(-3.1,-0.7,1.));
#202 = VECTOR('',#203,1.);
#203 = DIRECTION('',(-1.,0.,0.));
#204 = ORIENTED_EDGE('',*,*,#205,.F.);
#205 = EDGE_CURVE('',#206,#198,#208,.T.);
#206 = VERTEX_POINT('',#207);
#207 = CARTESIAN_POINT('',(-3.3,0.7,1.));
#208 = LINE('',#209,#210);
#209 = CARTESIAN_POINT('',(-3.3,0.7,1.));
#210 = VECTOR('',#211,1.);
#211 = DIRECTION('',(0.,-1.,2.22044604925E-16));
#212 = ORIENTED_EDGE('',*,*,#213,.F.);
#213 = EDGE_CURVE('',#175,#206,#214,.T.);
#214 = LINE('',#215,#216);
#215 = CARTESIAN_POINT('',(-3.1,0.7,1.));
#216 = VECTOR('',#217,1.);
#217 = DIRECTION('',(-1.,0.,0.));
#218 = PLANE('',#219);
#219 = AXIS2_PLACEMENT_3D('',#220,#221,#222);
#220 = CARTESIAN_POINT('',(-3.1,0.7,1.));
#221 = DIRECTION('',(0.,-2.22044604925E-16,-1.));
#222 = DIRECTION('',(-1.,-0.,0.));
#223 = ADVANCED_FACE('',(#224),#249,.F.);
#224 = FACE_BOUND('',#225,.F.);
#225 = EDGE_LOOP('',(#226,#227,#235,#243));
#226 = ORIENTED_EDGE('',*,*,#205,.T.);
#227 = ORIENTED_EDGE('',*,*,#228,.T.);
#228 = EDGE_CURVE('',#198,#229,#231,.T.);
#229 = VERTEX_POINT('',#230);
#230 = CARTESIAN_POINT('',(-3.2,-0.7,1.554312234475E-16));
#231 = LINE('',#232,#233);
#232 = CARTESIAN_POINT('',(-3.3,-0.7,1.));
#233 = VECTOR('',#234,1.);
#234 = DIRECTION('',(9.9503719021E-02,-2.209426397859E-16,-0.99503719021
    ));
#235 = ORIENTED_EDGE('',*,*,#236,.F.);
#236 = EDGE_CURVE('',#237,#229,#239,.T.);
#237 = VERTEX_POINT('',#238);
#238 = CARTESIAN_POINT('',(-3.2,0.7,-1.554312234475E-16));
#239 = LINE('',#240,#241);
#240 = CARTESIAN_POINT('',(-3.2,0.7,-1.554312234475E-16));
#241 = VECTOR('',#242,1.);
#242 = DIRECTION('',(0.,-1.,2.22044604925E-16));
#243 = ORIENTED_EDGE('',*,*,#244,.F.);
#244 = EDGE_CURVE('',#206,#237,#245,.T.);
#245 = LINE('',#246,#247);
#246 = CARTESIAN_POINT('',(-3.3,0.7,1.));
#247 = VECTOR('',#248,1.);
#248 = DIRECTION('',(9.9503719021E-02,-2.209426397859E-16,-0.99503719021
    ));
#249 = PLANE('',#250);
#250 = AXIS2_PLACEMENT_3D('',#251,#252,#253);
#251 = CARTESIAN_POINT('',(-3.3,0.7,1.));
#252 = DIRECTION('',(0.99503719021,2.209426397859E-17,9.9503719021E-02)
  );
#253 = DIRECTION('',(9.9503719021E-02,-2.209426397859E-16,-0.99503719021
    ));
#254 = ADVANCED_FACE('',(#255),#271,.F.);
#255 = FACE_BOUND('',#256,.F.);
#256 = EDGE_LOOP('',(#257,#258,#264,#265));
#257 = ORIENTED_EDGE('',*,*,#236,.T.);
#258 = ORIENTED_EDGE('',*,*,#259,.T.);
#259 = EDGE_CURVE('',#229,#97,#260,.T.);
#260 = LINE('',#261,#262);
#261 = CARTESIAN_POINT('',(-3.2,-0.7,2.22044604925E-16));
#262 = VECTOR('',#263,1.);
#263 = DIRECTION('',(1.,0.,0.));
#264 = ORIENTED_EDGE('',*,*,#94,.F.);
#265 = ORIENTED_EDGE('',*,*,#266,.F.);
#266 = EDGE_CURVE('',#237,#95,#267,.T.);
#267 = LINE('',#268,#269);
#268 = CARTESIAN_POINT('',(-3.2,0.7,-2.22044604925E-16));
#269 = VECTOR('',#270,1.);
#270 = DIRECTION('',(1.,0.,0.));
#271 = PLANE('',#272);
#272 = AXIS2_PLACEMENT_3D('',#273,#274,#275);
#273 = CARTESIAN_POINT('',(-3.2,0.7,-1.554312234475E-16));
#274 = DIRECTION('',(0.,2.22044604925E-16,1.));
#275 = DIRECTION('',(1.,0.,-0.));
#276 = ADVANCED_FACE('',(#277),#285,.T.);
#277 = FACE_BOUND('',#278,.F.);
#278 = EDGE_LOOP('',(#279,#280,#281,#282,#283,#284));
#279 = ORIENTED_EDGE('',*,*,#120,.T.);
#280 = ORIENTED_EDGE('',*,*,#151,.T.);
#281 = ORIENTED_EDGE('',*,*,#182,.T.);
#282 = ORIENTED_EDGE('',*,*,#213,.T.);
#283 = ORIENTED_EDGE('',*,*,#244,.T.);
#284 = ORIENTED_EDGE('',*,*,#266,.T.);
#285 = PLANE('',#286);
#286 = AXIS2_PLACEMENT_3D('',#287,#288,#289);
#287 = CARTESIAN_POINT('',(-2.807662482876,0.7,0.318785136547));
#288 = DIRECTION('',(-1.266062631321E-48,1.,-2.22044604925E-16));
#289 = DIRECTION('',(0.,2.22044604925E-16,1.));
#290 = ADVANCED_FACE('',(#291),#299,.F.);
#291 = FACE_BOUND('',#292,.T.);
#292 = EDGE_LOOP('',(#293,#294,#295,#296,#297,#298));
#293 = ORIENTED_EDGE('',*,*,#104,.T.);
#294 = ORIENTED_EDGE('',*,*,#135,.T.);
#295 = ORIENTED_EDGE('',*,*,#166,.T.);
#296 = ORIENTED_EDGE('',*,*,#197,.T.);
#297 = ORIENTED_EDGE('',*,*,#228,.T.);
#298 = ORIENTED_EDGE('',*,*,#259,.T.);
#299 = PLANE('',#300);
#300 = AXIS2_PLACEMENT_3D('',#301,#302,#303);
#301 = CARTESIAN_POINT('',(-2.807662482876,-0.7,0.318785136547));
#302 = DIRECTION('',(-1.266062631321E-48,1.,-2.22044604925E-16));
#303 = DIRECTION('',(0.,2.22044604925E-16,1.));
#304 = ( GEOMETRIC_REPRESENTATION_CONTEXT(3) 
GLOBAL_UNCERTAINTY_ASSIGNED_CONTEXT((#308)) GLOBAL_UNIT_ASSIGNED_CONTEXT
((#305,#306,#307)) REPRESENTATION_CONTEXT('Context #1',
  '3D Context with UNIT and UNCERTAINTY') );
#305 = ( LENGTH_UNIT() NAMED_UNIT(*) SI_UNIT(.MILLI.,.METRE.) );
#306 = ( NAMED_UNIT(*) PLANE_ANGLE_UNIT() SI_UNIT($,.RADIAN.) );
#307 = ( NAMED_UNIT(*) SI_UNIT($,.STERADIAN.) SOLID_ANGLE_UNIT() );
#308 = UNCERTAINTY_MEASURE_WITH_UNIT(LENGTH_MEASURE(1.E-07),#305,
  'distance_accuracy_value','confusion accuracy');
#309 = CONTEXT_DEPENDENT_SHAPE_REPRESENTATION(#310,#312);
#310 = ( REPRESENTATION_RELATIONSHIP('','',#87,#56) 
REPRESENTATION_RELATIONSHIP_WITH_TRANSFORMATION(#311) 
SHAPE_REPRESENTATION_RELATIONSHIP() );
#311 = ITEM_DEFINED_TRANSFORMATION('','',#11,#57);
#312 = PRODUCT_DEFINITION_SHAPE('Placement','Placement of an item',#313
  );
#313 = NEXT_ASSEMBLY_USAGE_OCCURRENCE('1','pin_1','',#51,#82,$);
#314 = PRODUCT_RELATED_PRODUCT_CATEGORY('part',$,(#84));
#315 = SHAPE_DEFINITION_REPRESENTATION(#316,#322);
#316 = PRODUCT_DEFINITION_SHAPE('','',#317);
#317 = PRODUCT_DEFINITION('design','',#318,#321);
#318 = PRODUCT_DEFINITION_FORMATION('','',#319);
#319 = PRODUCT('pin_2','pin_2','',(#320));
#320 = PRODUCT_CONTEXT('',#2,'mechanical');
#321 = PRODUCT_DEFINITION_CONTEXT('part definition',#2,'design');
#322 = ADVANCED_BREP_SHAPE_REPRESENTATION('',(#11,#323),#539);
#323 = MANIFOLD_SOLID_BREP('',#324);
#324 = CLOSED_SHELL('',(#325,#365,#396,#427,#458,#489,#511,#525));
#325 = ADVANCED_FACE('',(#326),#360,.F.);
#326 = FACE_BOUND('',#327,.F.);
#327 = EDGE_LOOP('',(#328,#338,#346,#354));
#328 = ORIENTED_EDGE('',*,*,#329,.T.);
#329 = EDGE_CURVE('',#330,#332,#334,.T.);
#330 = VERTEX_POINT('',#331);
#331 = CARTESIAN_POINT('',(-2.,0.7,-0.));
#332 = VERTEX_POINT('',#333);
#333 = CARTESIAN_POINT('',(-2.,-0.7,0.));
#334 = LINE('',#335,#336);
#335 = CARTESIAN_POINT('',(-2.,0.7,-1.6E-16));
#336 = VECTOR('',#337,1.);
#337 = DIRECTION('',(0.,-1.,2.2E-16));
#338 = ORIENTED_EDGE('',*,*,#339,.T.);
#339 = EDGE_CURVE('',#332,#340,#342,.T.);
#340 = VERTEX_POINT('',#341);
#341 = CARTESIAN_POINT('',(-2.,-0.7,0.2));
#342 = LINE('',#343,#344);
#343 = CARTESIAN_POINT('',(-2.,-0.7,-1.110223024625E-16));
#344 = VECTOR('',#345,1.);
#345 = DIRECTION('',(0.,-2.2E-16,1.));
#346 = ORIENTED_EDGE('',*,*,#347,.F.);
#347 = EDGE_CURVE('',#348,#340,#350,.T.);
#348 = VERTEX_POINT('',#349);
#349 = CARTESIAN_POINT('',(-2.,0.7,0.2));
#350 = LINE('',#351,#352);
#351 = CARTESIAN_POINT('',(-2.,0.7,0.2));
#352 = VECTOR('',#353,1.);
#353 = DIRECTION('',(0.,-1.,2.2E-16));
#354 = ORIENTED_EDGE('',*,*,#355,.F.);
#355 = EDGE_CURVE('',#330,#348,#356,.T.);
#356 = LINE('',#357,#358);
#357 = CARTESIAN_POINT('',(-2.,0.7,1.110223024625E-16));
#358 = VECTOR('',#359,1.);
#359 = DIRECTION('',(0.,-2.2E-16,1.));
#360 = PLANE('',#361);
#361 = AXIS2_PLACEMENT_3D('',#362,#363,#364);
#362 = CARTESIAN_POINT('',(-2.,0.7,-1.6E-16));
#363 = DIRECTION('',(-1.,-0.,0.));
#364 = DIRECTION('',(0.,2.2E-16,1.));
#365 = ADVANCED_FACE('',(#366),#391,.F.);
#366 = FACE_BOUND('',#367,.F.);
#367 = EDGE_LOOP('',(#368,#369,#377,#385));
#368 = ORIENTED_EDGE('',*,*,#347,.T.);
#369 = ORIENTED_EDGE('',*,*,#370,.T.);
#370 = EDGE_CURVE('',#340,#371,#373,.T.);
#371 = VERTEX_POINT('',#372);
#372 = CARTESIAN_POINT('',(-3.,-0.7,0.2));
#373 = LINE('',#374,#375);
#374 = CARTESIAN_POINT('',(-2.,-0.7,0.2));
#375 = VECTOR('',#376,1.);
#376 = DIRECTION('',(-1.,0.,0.));
#377 = ORIENTED_EDGE('',*,*,#378,.F.);
#378 = EDGE_CURVE('',#379,#371,#381,.T.);
#379 = VERTEX_POINT('',#380);
#380 = CARTESIAN_POINT('',(-3.,0.7,0.2));
#381 = LINE('',#382,#383);
#382 = CARTESIAN_POINT('',(-3.,0.7,0.2));
#383 = VECTOR('',#384,1.);
#384 = DIRECTION('',(0.,-1.,2.2E-16));
#385 = ORIENTED_EDGE('',*,*,#386,.F.);
#386 = EDGE_CURVE('',#348,#379,#387,.T.);
#387 = LINE('',#388,#389);
#388 = CARTESIAN_POINT('',(-2.,0.7,0.2));
#389 = VECTOR('',#390,1.);
#390 = DIRECTION('',(-1.,0.,0.));
#391 = PLANE('',#392);
#392 = AXIS2_PLACEMENT_3D('',#393,#394,#395);
#393 = CARTESIAN_POINT('',(-2.,0.7,0.2));
#394 = DIRECTION('',(0.,-2.2E-16,-1.));
#395 = DIRECTION('',(-1.,-0.,0.));
#396 = ADVANCED_FACE('',(#397),#422,.F.);
#397 = FACE_BOUND('',#398,.F.);
#398 = EDGE_LOOP('',(#399,#400,#408,#416));
#399 = ORIENTED_EDGE('',*,*,#378,.T.);
#400 = ORIENTED_EDGE('',*,*,#401,.T.);
#401 = EDGE_CURVE('',#371,#402,#404,.T.);
#402 = VERTEX_POINT('',#403);
#403 = CARTESIAN_POINT('',(-3.1,-0.7,1.));
#404 = LINE('',#405,#406);
#405 = CARTESIAN_POINT('',(-3.,-0.7,0.2));
#406 = VECTOR('',#407,1.);
#407 = DIRECTION('',(-0.124034734589,-2.199999999999E-16,0.992277876714)
  );
#408 = ORIENTED_EDGE('',*,*,#409,.F.);
#409 = EDGE_CURVE('',#410,#402,#412,.T.);
#410 = VERTEX_POINT('',#411);
#411 = CARTESIAN_POINT('',(-3.1,0.7,1.));
#412 = LINE('',#413,#414);
#413 = CARTESIAN_POINT('',(-3.1,0.7,1.));
#414 = VECTOR('',#415,1.);
#415 = DIRECTION('',(0.,-1.,2.2E-16));
#416 = ORIENTED_EDGE('',*,*,#417,.F.);
#417 = EDGE_CURVE('',#379,#410,#418,.T.);
#418 = LINE('',#419,#420);
#419 = CARTESIAN_POINT('',(-3.,0.7,0.2));
#420 = VECTOR('',#421,1.);
#421 = DIRECTION('',(-0.124034734589,-2.199999999999E-16,0.992277876714)
  );
#422 = PLANE('',#423);
#423 = AXIS2_PLACEMENT_3D('',#424,#425,#426);
#424 = CARTESIAN_POINT('',(-3.,0.7,0.2));
#425 = DIRECTION('',(-0.992277876714,-2.999999999999E-17,-0.124034734589
    ));
#426 = DIRECTION('',(-0.124034734589,2.199999999999E-16,0.992277876714)
  );
#427 = ADVANCED_FACE('',(#428),#453,.F.);
#428 = FACE_BOUND('',#429,.F.);
#429 = EDGE_LOOP('',(#430,#431,#439,#447));
#430 = ORIENTED_EDGE('',*,*,#409,.T.);
#431 = ORIENTED_EDGE('',*,*,#432,.T.);
#432 = EDGE_CURVE('',#402,#433,#435,.T.);
#433 = VERTEX_POINT('',#434);
#434 = CARTESIAN_POINT('',(-3.3,-0.7,1.));
#435 = LINE('',#436,#437);
#436 = CARTESIAN_POINT('',(-3.1,-0.7,1.));
#437 = VECTOR('',#438,1.);
#438 = DIRECTION('',(-1.,0.,0.));
#439 = ORIENTED_EDGE('',*,*,#440,.F.);
#440 = EDGE_CURVE('',#441,#433,#443,.T.);
#441 = VERTEX_POINT('',#442);
#442 = CARTESIAN_POINT('',(-3.3,0.7,1.));
#443 = LINE('',#444,#445);
#444 = CARTESIAN_POINT('',(-3.3,0.7,1.));
#445 = VECTOR('',#446,1.);
#446 = DIRECTION('',(0.,-1.,2.2E-16));
#447 = ORIENTED_EDGE('',*,*,#448,.F.);
#448 = EDGE_CURVE('',#410,#441,#449,.T.);
#449 = LINE('',#450,#451);
#450 = CARTESIAN_POINT('',(-3.1,0.7,1.));
#451 = VECTOR('',#452,1.);
#452 = DIRECTION('',(-1.,0.,0.));
#453 = PLANE('',#454);
#454 = AXIS2_PLACEMENT_3D('',#455,#456,#457);
#455 = CARTESIAN_POINT('',(-3.1,0.7,1.));
#456 = DIRECTION('',(0.,-2.2E-16,-1.));
#457 = DIRECTION('',(-1.,-0.,0.));
#458 = ADVANCED_FACE('',(#459),#484,.F.);
#459 = FACE_BOUND('',#460,.F.);
#460 = EDGE_LOOP('',(#461,#462,#470,#478));
#461 = ORIENTED_EDGE('',*,*,#440,.T.);
#462 = ORIENTED_EDGE('',*,*,#463,.T.);
#463 = EDGE_CURVE('',#433,#464,#466,.T.);
#464 = VERTEX_POINT('',#465);
#465 = CARTESIAN_POINT('',(-3.2,-0.7,0.));
#466 = LINE('',#467,#468);
#467 = CARTESIAN_POINT('',(-3.3,-0.7,1.));
#468 = VECTOR('',#469,1.);
#469 = DIRECTION('',(9.9503719021E-02,2.2E-16,-0.99503719021));
#470 = ORIENTED_EDGE('',*,*,#471,.F.);
#471 = EDGE_CURVE('',#472,#464,#474,.T.);
#472 = VERTEX_POINT('',#473);
#473 = CARTESIAN_POINT('',(-3.2,0.7,-0.));
#474 = LINE('',#475,#476);
#475 = CARTESIAN_POINT('',(-3.2,0.7,-1.6E-16));
#476 = VECTOR('',#477,1.);
#477 = DIRECTION('',(0.,-1.,2.2E-16));
#478 = ORIENTED_EDGE('',*,*,#479,.F.);
#479 = EDGE_CURVE('',#441,#472,#480,.T.);
#480 = LINE('',#481,#482);
#481 = CARTESIAN_POINT('',(-3.3,0.7,1.));
#482 = VECTOR('',#483,1.);
#483 = DIRECTION('',(9.9503719021E-02,2.2E-16,-0.99503719021));
#484 = PLANE('',#485);
#485 = AXIS2_PLACEMENT_3D('',#486,#487,#488);
#486 = CARTESIAN_POINT('',(-3.3,0.7,1.));
#487 = DIRECTION('',(0.99503719021,2.E-17,9.9503719021E-02));
#488 = DIRECTION('',(9.9503719021E-02,-2.2E-16,-0.99503719021));
#489 = ADVANCED_FACE('',(#490),#506,.F.);
#490 = FACE_BOUND('',#491,.F.);
#491 = EDGE_LOOP('',(#492,#493,#499,#500));
#492 = ORIENTED_EDGE('',*,*,#471,.T.);
#493 = ORIENTED_EDGE('',*,*,#494,.T.);
#494 = EDGE_CURVE('',#464,#332,#495,.T.);
#495 = LINE('',#496,#497);
#496 = CARTESIAN_POINT('',(-3.2,-0.7,-1.110223024625E-16));
#497 = VECTOR('',#498,1.);
#498 = DIRECTION('',(1.,0.,0.));
#499 = ORIENTED_EDGE('',*,*,#329,.F.);
#500 = ORIENTED_EDGE('',*,*,#501,.F.);
#501 = EDGE_CURVE('',#472,#330,#502,.T.);
#502 = LINE('',#503,#504);
#503 = CARTESIAN_POINT('',(-3.2,0.7,1.110223024625E-16));
#504 = VECTOR('',#505,1.);
#505 = DIRECTION('',(1.,0.,0.));
#506 = PLANE('',#507);
#507 = AXIS2_PLACEMENT_3D('',#508,#509,#510);
#508 = CARTESIAN_POINT('',(-3.2,0.7,-1.6E-16));
#509 = DIRECTION('',(0.,2.2E-16,1.));
#510 = DIRECTION('',(1.,0.,-0.));
#511 = ADVANCED_FACE('',(#512),#520,.T.);
#512 = FACE_BOUND('',#513,.F.);
#513 = EDGE_LOOP('',(#514,#515,#516,#517,#518,#519));
#514 = ORIENTED_EDGE('',*,*,#355,.T.);
#515 = ORIENTED_EDGE('',*,*,#386,.T.);
#516 = ORIENTED_EDGE('',*,*,#417,.T.);
#517 = ORIENTED_EDGE('',*,*,#448,.T.);
#518 = ORIENTED_EDGE('',*,*,#479,.T.);
#519 = ORIENTED_EDGE('',*,*,#501,.T.);
#520 = PLANE('',#521);
#521 = AXIS2_PLACEMENT_3D('',#522,#523,#524);
#522 = CARTESIAN_POINT('',(-2.807662482876,0.7,0.318785136547));
#523 = DIRECTION('',(0.,1.,0.));
#524 = DIRECTION('',(0.,-0.,1.));
#525 = ADVANCED_FACE('',(#526),#534,.F.);
#526 = FACE_BOUND('',#527,.T.);
#527 = EDGE_LOOP('',(#528,#529,#530,#531,#532,#533));
#528 = ORIENTED_EDGE('',*,*,#339,.T.);
#529 = ORIENTED_EDGE('',*,*,#370,.T.);
#530 = ORIENTED_EDGE('',*,*,#401,.T.);
#531 = ORIENTED_EDGE('',*,*,#432,.T.);
#532 = ORIENTED_EDGE('',*,*,#463,.T.);
#533 = ORIENTED_EDGE('',*,*,#494,.T.);
#534 = PLANE('',#535);
#535 = AXIS2_PLACEMENT_3D('',#536,#537,#538);
#536 = CARTESIAN_POINT('',(-2.807662482876,-0.7,0.318785136547));
#537 = DIRECTION('',(0.,1.,0.));
#538 = DIRECTION('',(0.,-0.,1.));
#539 = ( GEOMETRIC_REPRESENTATION_CONTEXT(3) 
GLOBAL_UNCERTAINTY_ASSIGNED_CONTEXT((#543)) GLOBAL_UNIT_ASSIGNED_CONTEXT
((#540,#541,#542)) REPRESENTATION_CONTEXT('Context #1',
  '3D Context with UNIT and UNCERTAINTY') );
#540 = ( LENGTH_UNIT() NAMED_UNIT(*) SI_UNIT(.MILLI.,.METRE.) );
#541 = ( NAMED_UNIT(*) PLANE_ANGLE_UNIT() SI_UNIT($,.RADIAN.) );
#542 = ( NAMED_UNIT(*) SI_UNIT($,.STERADIAN.) SOLID_ANGLE_UNIT() );
#543 = UNCERTAINTY_MEASURE_WITH_UNIT(LENGTH_MEASURE(1.E-07),#540,
  'distance_accuracy_value','confusion accuracy');
#544 = CONTEXT_DEPENDENT_SHAPE_REPRESENTATION(#545,#547);
#545 = ( REPRESENTATION_RELATIONSHIP('','',#322,#56) 
REPRESENTATION_RELATIONSHIP_WITH_TRANSFORMATION(#546) 
SHAPE_REPRESENTATION_RELATIONSHIP() );
#546 = ITEM_DEFINED_TRANSFORMATION('','',#11,#61);
#547 = PRODUCT_DEFINITION_SHAPE('Placement','Placement of an item',#548
  );
#548 = NEXT_ASSEMBLY_USAGE_OCCURRENCE('2','pin_2','',#51,#317,$);
#549 = PRODUCT_RELATED_PRODUCT_CATEGORY('part',$,(#319));
#550 = SHAPE_DEFINITION_REPRESENTATION(#551,#557);
#551 = PRODUCT_DEFINITION_SHAPE('','',#552);
#552 = PRODUCT_DEFINITION('design','',#553,#556);
#553 = PRODUCT_DEFINITION_FORMATION('','',#554);
#554 = PRODUCT('Body','Body','',(#555));
#555 = PRODUCT_CONTEXT('',#2,'mechanical');
#556 = PRODUCT_DEFINITION_CONTEXT('part definition',#2,'design');
#557 = ADVANCED_BREP_SHAPE_REPRESENTATION('',(#11,#558),#1423);
#558 = MANIFOLD_SOLID_BREP('',#559);
#559 = CLOSED_SHELL('',(#560,#632,#750,#774,#798,#815,#839,#961,#978,
    #990,#1007,#1024,#1064,#1088,#1112,#1129,#1146,#1158,#1189,#1213,
    #1237,#1261,#1285,#1309,#1333,#1350,#1362,#1389,#1414));
#560 = ADVANCED_FACE('',(#561),#627,.T.);
#561 = FACE_BOUND('',#562,.T.);
#562 = EDGE_LOOP('',(#563,#573,#581,#589,#597,#605,#613,#621));
#563 = ORIENTED_EDGE('',*,*,#564,.F.);
#564 = EDGE_CURVE('',#565,#567,#569,.T.);
#565 = VERTEX_POINT('',#566);
#566 = CARTESIAN_POINT('',(-3.,-1.8,0.));
#567 = VERTEX_POINT('',#568);
#568 = CARTESIAN_POINT('',(-3.,-0.7,0.));
#569 = LINE('',#570,#571);
#570 = CARTESIAN_POINT('',(-3.,-1.8,0.));
#571 = VECTOR('',#572,1.);
#572 = DIRECTION('',(0.,1.,0.));
#573 = ORIENTED_EDGE('',*,*,#574,.T.);
#574 = EDGE_CURVE('',#565,#575,#577,.T.);
#575 = VERTEX_POINT('',#576);
#576 = CARTESIAN_POINT('',(-3.,-1.8,3.5));
#577 = LINE('',#578,#579);
#578 = CARTESIAN_POINT('',(-3.,-1.8,0.));
#579 = VECTOR('',#580,1.);
#580 = DIRECTION('',(0.,0.,1.));
#581 = ORIENTED_EDGE('',*,*,#582,.T.);
#582 = EDGE_CURVE('',#575,#583,#585,.T.);
#583 = VERTEX_POINT('',#584);
#584 = CARTESIAN_POINT('',(-3.,1.8,3.5));
#585 = LINE('',#586,#587);
#586 = CARTESIAN_POINT('',(-3.,-1.8,3.5));
#587 = VECTOR('',#588,1.);
#588 = DIRECTION('',(0.,1.,0.));
#589 = ORIENTED_EDGE('',*,*,#590,.F.);
#590 = EDGE_CURVE('',#591,#583,#593,.T.);
#591 = VERTEX_POINT('',#592);
#592 = CARTESIAN_POINT('',(-3.,1.8,0.));
#593 = LINE('',#594,#595);
#594 = CARTESIAN_POINT('',(-3.,1.8,0.));
#595 = VECTOR('',#596,1.);
#596 = DIRECTION('',(0.,0.,1.));
#597 = ORIENTED_EDGE('',*,*,#598,.F.);
#598 = EDGE_CURVE('',#599,#591,#601,.T.);
#599 = VERTEX_POINT('',#600);
#600 = CARTESIAN_POINT('',(-3.,0.7,0.));
#601 = LINE('',#602,#603);
#602 = CARTESIAN_POINT('',(-3.,-1.8,0.));
#603 = VECTOR('',#604,1.);
#604 = DIRECTION('',(0.,1.,0.));
#605 = ORIENTED_EDGE('',*,*,#606,.T.);
#606 = EDGE_CURVE('',#599,#607,#609,.T.);
#607 = VERTEX_POINT('',#608);
#608 = CARTESIAN_POINT('',(-3.,0.7,0.2));
#609 = LINE('',#610,#611);
#610 = CARTESIAN_POINT('',(-3.,0.7,0.));
#611 = VECTOR('',#612,1.);
#612 = DIRECTION('',(0.,0.,1.));
#613 = ORIENTED_EDGE('',*,*,#614,.F.);
#614 = EDGE_CURVE('',#615,#607,#617,.T.);
#615 = VERTEX_POINT('',#616);
#616 = CARTESIAN_POINT('',(-3.,-0.7,0.2));
#617 = LINE('',#618,#619);
#618 = CARTESIAN_POINT('',(-3.,-0.7,0.2));
#619 = VECTOR('',#620,1.);
#620 = DIRECTION('',(0.,1.,0.));
#621 = ORIENTED_EDGE('',*,*,#622,.F.);
#622 = EDGE_CURVE('',#567,#615,#623,.T.);
#623 = LINE('',#624,#625);
#624 = CARTESIAN_POINT('',(-3.,-0.7,0.));
#625 = VECTOR('',#626,1.);
#626 = DIRECTION('',(0.,0.,1.));
#627 = PLANE('',#628);
#628 = AXIS2_PLACEMENT_3D('',#629,#630,#631);
#629 = CARTESIAN_POINT('',(-3.,-1.8,0.));
#630 = DIRECTION('',(-1.,0.,0.));
#631 = DIRECTION('',(0.,1.,0.));
#632 = ADVANCED_FACE('',(#633),#745,.F.);
#633 = FACE_BOUND('',#634,.F.);
#634 = EDGE_LOOP('',(#635,#636,#644,#652,#660,#668,#676,#684,#692,#700,
    #708,#716,#722,#723,#731,#739));
#635 = ORIENTED_EDGE('',*,*,#564,.F.);
#636 = ORIENTED_EDGE('',*,*,#637,.F.);
#637 = EDGE_CURVE('',#638,#565,#640,.T.);
#638 = VERTEX_POINT('',#639);
#639 = CARTESIAN_POINT('',(-1.8,-3.,0.));
#640 = LINE('',#641,#642);
#641 = CARTESIAN_POINT('',(-1.8,-3.,0.));
#642 = VECTOR('',#643,1.);
#643 = DIRECTION('',(-0.707106781187,0.707106781187,0.));
#644 = ORIENTED_EDGE('',*,*,#645,.F.);
#645 = EDGE_CURVE('',#646,#638,#648,.T.);
#646 = VERTEX_POINT('',#647);
#647 = CARTESIAN_POINT('',(1.8,-3.,0.));
#648 = LINE('',#649,#650);
#649 = CARTESIAN_POINT('',(1.8,-3.,0.));
#650 = VECTOR('',#651,1.);
#651 = DIRECTION('',(-1.,0.,0.));
#652 = ORIENTED_EDGE('',*,*,#653,.F.);
#653 = EDGE_CURVE('',#654,#646,#656,.T.);
#654 = VERTEX_POINT('',#655);
#655 = CARTESIAN_POINT('',(3.,-1.8,0.));
#656 = LINE('',#657,#658);
#657 = CARTESIAN_POINT('',(3.,-1.8,0.));
#658 = VECTOR('',#659,1.);
#659 = DIRECTION('',(-0.707106781187,-0.707106781187,0.));
#660 = ORIENTED_EDGE('',*,*,#661,.F.);
#661 = EDGE_CURVE('',#662,#654,#664,.T.);
#662 = VERTEX_POINT('',#663);
#663 = CARTESIAN_POINT('',(3.,-0.7,0.));
#664 = LINE('',#665,#666);
#665 = CARTESIAN_POINT('',(3.,1.8,0.));
#666 = VECTOR('',#667,1.);
#667 = DIRECTION('',(0.,-1.,0.));
#668 = ORIENTED_EDGE('',*,*,#669,.F.);
#669 = EDGE_CURVE('',#670,#662,#672,.T.);
#670 = VERTEX_POINT('',#671);
#671 = CARTESIAN_POINT('',(2.,-0.7,0.));
#672 = LINE('',#673,#674);
#673 = CARTESIAN_POINT('',(2.,-0.7,0.));
#674 = VECTOR('',#675,1.);
#675 = DIRECTION('',(1.,0.,0.));
#676 = ORIENTED_EDGE('',*,*,#677,.F.);
#677 = EDGE_CURVE('',#678,#670,#680,.T.);
#678 = VERTEX_POINT('',#679);
#679 = CARTESIAN_POINT('',(2.,0.7,0.));
#680 = LINE('',#681,#682);
#681 = CARTESIAN_POINT('',(2.,0.7,0.));
#682 = VECTOR('',#683,1.);
#683 = DIRECTION('',(0.,-1.,0.));
#684 = ORIENTED_EDGE('',*,*,#685,.F.);
#685 = EDGE_CURVE('',#686,#678,#688,.T.);
#686 = VERTEX_POINT('',#687);
#687 = CARTESIAN_POINT('',(3.,0.7,0.));
#688 = LINE('',#689,#690);
#689 = CARTESIAN_POINT('',(3.,0.7,0.));
#690 = VECTOR('',#691,1.);
#691 = DIRECTION('',(-1.,0.,0.));
#692 = ORIENTED_EDGE('',*,*,#693,.F.);
#693 = EDGE_CURVE('',#694,#686,#696,.T.);
#694 = VERTEX_POINT('',#695);
#695 = CARTESIAN_POINT('',(3.,1.8,0.));
#696 = LINE('',#697,#698);
#697 = CARTESIAN_POINT('',(3.,1.8,0.));
#698 = VECTOR('',#699,1.);
#699 = DIRECTION('',(0.,-1.,0.));
#700 = ORIENTED_EDGE('',*,*,#701,.F.);
#701 = EDGE_CURVE('',#702,#694,#704,.T.);
#702 = VERTEX_POINT('',#703);
#703 = CARTESIAN_POINT('',(1.8,3.,0.));
#704 = LINE('',#705,#706);
#705 = CARTESIAN_POINT('',(1.8,3.,0.));
#706 = VECTOR('',#707,1.);
#707 = DIRECTION('',(0.707106781187,-0.707106781187,0.));
#708 = ORIENTED_EDGE('',*,*,#709,.F.);
#709 = EDGE_CURVE('',#710,#702,#712,.T.);
#710 = VERTEX_POINT('',#711);
#711 = CARTESIAN_POINT('',(-1.8,3.,0.));
#712 = LINE('',#713,#714);
#713 = CARTESIAN_POINT('',(-1.8,3.,0.));
#714 = VECTOR('',#715,1.);
#715 = DIRECTION('',(1.,0.,0.));
#716 = ORIENTED_EDGE('',*,*,#717,.F.);
#717 = EDGE_CURVE('',#591,#710,#718,.T.);
#718 = LINE('',#719,#720);
#719 = CARTESIAN_POINT('',(-3.,1.8,0.));
#720 = VECTOR('',#721,1.);
#721 = DIRECTION('',(0.707106781187,0.707106781187,0.));
#722 = ORIENTED_EDGE('',*,*,#598,.F.);
#723 = ORIENTED_EDGE('',*,*,#724,.T.);
#724 = EDGE_CURVE('',#599,#725,#727,.T.);
#725 = VERTEX_POINT('',#726);
#726 = CARTESIAN_POINT('',(-2.,0.7,0.));
#727 = LINE('',#728,#729);
#728 = CARTESIAN_POINT('',(-3.,0.7,0.));
#729 = VECTOR('',#730,1.);
#730 = DIRECTION('',(1.,0.,0.));
#731 = ORIENTED_EDGE('',*,*,#732,.T.);
#732 = EDGE_CURVE('',#725,#733,#735,.T.);
#733 = VERTEX_POINT('',#734);
#734 = CARTESIAN_POINT('',(-2.,-0.7,0.));
#735 = LINE('',#736,#737);
#736 = CARTESIAN_POINT('',(-2.,0.7,0.));
#737 = VECTOR('',#738,1.);
#738 = DIRECTION('',(0.,-1.,0.));
#739 = ORIENTED_EDGE('',*,*,#740,.T.);
#740 = EDGE_CURVE('',#733,#567,#741,.T.);
#741 = LINE('',#742,#743);
#742 = CARTESIAN_POINT('',(-2.,-0.7,0.));
#743 = VECTOR('',#744,1.);
#744 = DIRECTION('',(-1.,0.,0.));
#745 = PLANE('',#746);
#746 = AXIS2_PLACEMENT_3D('',#747,#748,#749);
#747 = CARTESIAN_POINT('',(-6.287773625685E-17,3.699306816444E-15,0.));
#748 = DIRECTION('',(0.,0.,1.));
#749 = DIRECTION('',(1.,0.,-0.));
#750 = ADVANCED_FACE('',(#751),#769,.F.);
#751 = FACE_BOUND('',#752,.F.);
#752 = EDGE_LOOP('',(#753,#761,#767,#768));
#753 = ORIENTED_EDGE('',*,*,#754,.T.);
#754 = EDGE_CURVE('',#733,#755,#757,.T.);
#755 = VERTEX_POINT('',#756);
#756 = CARTESIAN_POINT('',(-2.,-0.7,0.2));
#757 = LINE('',#758,#759);
#758 = CARTESIAN_POINT('',(-2.,-0.7,0.));
#759 = VECTOR('',#760,1.);
#760 = DIRECTION('',(0.,0.,1.));
#761 = ORIENTED_EDGE('',*,*,#762,.T.);
#762 = EDGE_CURVE('',#755,#615,#763,.T.);
#763 = LINE('',#764,#765);
#764 = CARTESIAN_POINT('',(-2.,-0.7,0.2));
#765 = VECTOR('',#766,1.);
#766 = DIRECTION('',(-1.,0.,0.));
#767 = ORIENTED_EDGE('',*,*,#622,.F.);
#768 = ORIENTED_EDGE('',*,*,#740,.F.);
#769 = PLANE('',#770);
#770 = AXIS2_PLACEMENT_3D('',#771,#772,#773);
#771 = CARTESIAN_POINT('',(-2.,-0.7,0.));
#772 = DIRECTION('',(0.,-1.,0.));
#773 = DIRECTION('',(-1.,0.,0.));
#774 = ADVANCED_FACE('',(#775),#793,.F.);
#775 = FACE_BOUND('',#776,.T.);
#776 = EDGE_LOOP('',(#777,#785,#791,#792));
#777 = ORIENTED_EDGE('',*,*,#778,.T.);
#778 = EDGE_CURVE('',#607,#779,#781,.T.);
#779 = VERTEX_POINT('',#780);
#780 = CARTESIAN_POINT('',(-2.,0.7,0.2));
#781 = LINE('',#782,#783);
#782 = CARTESIAN_POINT('',(-3.,0.7,0.2));
#783 = VECTOR('',#784,1.);
#784 = DIRECTION('',(1.,0.,0.));
#785 = ORIENTED_EDGE('',*,*,#786,.T.);
#786 = EDGE_CURVE('',#779,#755,#787,.T.);
#787 = LINE('',#788,#789);
#788 = CARTESIAN_POINT('',(-2.,0.7,0.2));
#789 = VECTOR('',#790,1.);
#790 = DIRECTION('',(0.,-1.,0.));
#791 = ORIENTED_EDGE('',*,*,#762,.T.);
#792 = ORIENTED_EDGE('',*,*,#614,.T.);
#793 = PLANE('',#794);
#794 = AXIS2_PLACEMENT_3D('',#795,#796,#797);
#795 = CARTESIAN_POINT('',(1.850371707709E-16,0.,0.2));
#796 = DIRECTION('',(0.,0.,1.));
#797 = DIRECTION('',(1.,0.,-0.));
#798 = ADVANCED_FACE('',(#799),#810,.F.);
#799 = FACE_BOUND('',#800,.F.);
#800 = EDGE_LOOP('',(#801,#802,#803,#809));
#801 = ORIENTED_EDGE('',*,*,#606,.T.);
#802 = ORIENTED_EDGE('',*,*,#778,.T.);
#803 = ORIENTED_EDGE('',*,*,#804,.F.);
#804 = EDGE_CURVE('',#725,#779,#805,.T.);
#805 = LINE('',#806,#807);
#806 = CARTESIAN_POINT('',(-2.,0.7,0.));
#807 = VECTOR('',#808,1.);
#808 = DIRECTION('',(0.,0.,1.));
#809 = ORIENTED_EDGE('',*,*,#724,.F.);
#810 = PLANE('',#811);
#811 = AXIS2_PLACEMENT_3D('',#812,#813,#814);
#812 = CARTESIAN_POINT('',(-3.,0.7,0.));
#813 = DIRECTION('',(0.,1.,0.));
#814 = DIRECTION('',(1.,0.,0.));
#815 = ADVANCED_FACE('',(#816),#834,.T.);
#816 = FACE_BOUND('',#817,.T.);
#817 = EDGE_LOOP('',(#818,#819,#827,#833));
#818 = ORIENTED_EDGE('',*,*,#590,.T.);
#819 = ORIENTED_EDGE('',*,*,#820,.T.);
#820 = EDGE_CURVE('',#583,#821,#823,.T.);
#821 = VERTEX_POINT('',#822);
#822 = CARTESIAN_POINT('',(-1.8,3.,3.5));
#823 = LINE('',#824,#825);
#824 = CARTESIAN_POINT('',(-3.,1.8,3.5));
#825 = VECTOR('',#826,1.);
#826 = DIRECTION('',(0.707106781187,0.707106781187,0.));
#827 = ORIENTED_EDGE('',*,*,#828,.F.);
#828 = EDGE_CURVE('',#710,#821,#829,.T.);
#829 = LINE('',#830,#831);
#830 = CARTESIAN_POINT('',(-1.8,3.,0.));
#831 = VECTOR('',#832,1.);
#832 = DIRECTION('',(0.,0.,1.));
#833 = ORIENTED_EDGE('',*,*,#717,.F.);
#834 = PLANE('',#835);
#835 = AXIS2_PLACEMENT_3D('',#836,#837,#838);
#836 = CARTESIAN_POINT('',(-3.,1.8,0.));
#837 = DIRECTION('',(-0.707106781187,0.707106781187,0.));
#838 = DIRECTION('',(0.707106781187,0.707106781187,0.));
#839 = ADVANCED_FACE('',(#840,#890),#956,.T.);
#840 = FACE_BOUND('',#841,.T.);
#841 = EDGE_LOOP('',(#842,#843,#851,#859,#867,#875,#883,#889));
#842 = ORIENTED_EDGE('',*,*,#582,.F.);
#843 = ORIENTED_EDGE('',*,*,#844,.F.);
#844 = EDGE_CURVE('',#845,#575,#847,.T.);
#845 = VERTEX_POINT('',#846);
#846 = CARTESIAN_POINT('',(-1.8,-3.,3.5));
#847 = LINE('',#848,#849);
#848 = CARTESIAN_POINT('',(-1.8,-3.,3.5));
#849 = VECTOR('',#850,1.);
#850 = DIRECTION('',(-0.707106781187,0.707106781187,0.));
#851 = ORIENTED_EDGE('',*,*,#852,.F.);
#852 = EDGE_CURVE('',#853,#845,#855,.T.);
#853 = VERTEX_POINT('',#854);
#854 = CARTESIAN_POINT('',(1.8,-3.,3.5));
#855 = LINE('',#856,#857);
#856 = CARTESIAN_POINT('',(1.8,-3.,3.5));
#857 = VECTOR('',#858,1.);
#858 = DIRECTION('',(-1.,0.,0.));
#859 = ORIENTED_EDGE('',*,*,#860,.F.);
#860 = EDGE_CURVE('',#861,#853,#863,.T.);
#861 = VERTEX_POINT('',#862);
#862 = CARTESIAN_POINT('',(3.,-1.8,3.5));
#863 = LINE('',#864,#865);
#864 = CARTESIAN_POINT('',(3.,-1.8,3.5));
#865 = VECTOR('',#866,1.);
#866 = DIRECTION('',(-0.707106781187,-0.707106781187,0.));
#867 = ORIENTED_EDGE('',*,*,#868,.F.);
#868 = EDGE_CURVE('',#869,#861,#871,.T.);
#869 = VERTEX_POINT('',#870);
#870 = CARTESIAN_POINT('',(3.,1.8,3.5));
#871 = LINE('',#872,#873);
#872 = CARTESIAN_POINT('',(3.,1.8,3.5));
#873 = VECTOR('',#874,1.);
#874 = DIRECTION('',(0.,-1.,0.));
#875 = ORIENTED_EDGE('',*,*,#876,.F.);
#876 = EDGE_CURVE('',#877,#869,#879,.T.);
#877 = VERTEX_POINT('',#878);
#878 = CARTESIAN_POINT('',(1.8,3.,3.5));
#879 = LINE('',#880,#881);
#880 = CARTESIAN_POINT('',(1.8,3.,3.5));
#881 = VECTOR('',#882,1.);
#882 = DIRECTION('',(0.707106781187,-0.707106781187,0.));
#883 = ORIENTED_EDGE('',*,*,#884,.F.);
#884 = EDGE_CURVE('',#821,#877,#885,.T.);
#885 = LINE('',#886,#887);
#886 = CARTESIAN_POINT('',(-1.8,3.,3.5));
#887 = VECTOR('',#888,1.);
#888 = DIRECTION('',(1.,0.,0.));
#889 = ORIENTED_EDGE('',*,*,#820,.F.);
#890 = FACE_BOUND('',#891,.T.);
#891 = EDGE_LOOP('',(#892,#902,#910,#918,#926,#934,#942,#950));
#892 = ORIENTED_EDGE('',*,*,#893,.T.);
#893 = EDGE_CURVE('',#894,#896,#898,.T.);
#894 = VERTEX_POINT('',#895);
#895 = CARTESIAN_POINT('',(-2.500000000017,1.900000000017,3.5));
#896 = VERTEX_POINT('',#897);
#897 = CARTESIAN_POINT('',(-1.9,2.5,3.5));
#898 = LINE('',#899,#900);
#899 = CARTESIAN_POINT('',(-2.500000000017,1.900000000017,3.5));
#900 = VECTOR('',#901,1.);
#901 = DIRECTION('',(0.707106781206,0.707106781167,0.));
#902 = ORIENTED_EDGE('',*,*,#903,.T.);
#903 = EDGE_CURVE('',#896,#904,#906,.T.);
#904 = VERTEX_POINT('',#905);
#905 = CARTESIAN_POINT('',(1.9,2.5,3.5));
#906 = LINE('',#907,#908);
#907 = CARTESIAN_POINT('',(-1.9,2.5,3.5));
#908 = VECTOR('',#909,1.);
#909 = DIRECTION('',(1.,0.,0.));
#910 = ORIENTED_EDGE('',*,*,#911,.T.);
#911 = EDGE_CURVE('',#904,#912,#914,.T.);
#912 = VERTEX_POINT('',#913);
#913 = CARTESIAN_POINT('',(2.500000000017,1.900000000017,3.5));
#914 = LINE('',#915,#916);
#915 = CARTESIAN_POINT('',(1.9,2.5,3.5));
#916 = VECTOR('',#917,1.);
#917 = DIRECTION('',(0.707106781206,-0.707106781167,0.));
#918 = ORIENTED_EDGE('',*,*,#919,.T.);
#919 = EDGE_CURVE('',#912,#920,#922,.T.);
#920 = VERTEX_POINT('',#921);
#921 = CARTESIAN_POINT('',(2.500000000017,-1.899999999983,3.5));
#922 = LINE('',#923,#924);
#923 = CARTESIAN_POINT('',(2.500000000017,1.900000000017,3.5));
#924 = VECTOR('',#925,1.);
#925 = DIRECTION('',(0.,-1.,0.));
#926 = ORIENTED_EDGE('',*,*,#927,.T.);
#927 = EDGE_CURVE('',#920,#928,#930,.T.);
#928 = VERTEX_POINT('',#929);
#929 = CARTESIAN_POINT('',(1.9,-2.5,3.5));
#930 = LINE('',#931,#932);
#931 = CARTESIAN_POINT('',(2.500000000017,-1.899999999983,3.5));
#932 = VECTOR('',#933,1.);
#933 = DIRECTION('',(-0.707106781187,-0.707106781187,0.));
#934 = ORIENTED_EDGE('',*,*,#935,.T.);
#935 = EDGE_CURVE('',#928,#936,#938,.T.);
#936 = VERTEX_POINT('',#937);
#937 = CARTESIAN_POINT('',(-1.9,-2.5,3.5));
#938 = LINE('',#939,#940);
#939 = CARTESIAN_POINT('',(1.9,-2.5,3.5));
#940 = VECTOR('',#941,1.);
#941 = DIRECTION('',(-1.,0.,0.));
#942 = ORIENTED_EDGE('',*,*,#943,.T.);
#943 = EDGE_CURVE('',#936,#944,#946,.T.);
#944 = VERTEX_POINT('',#945);
#945 = CARTESIAN_POINT('',(-2.500000000017,-1.899999999983,3.5));
#946 = LINE('',#947,#948);
#947 = CARTESIAN_POINT('',(-1.9,-2.5,3.5));
#948 = VECTOR('',#949,1.);
#949 = DIRECTION('',(-0.707106781187,0.707106781187,0.));
#950 = ORIENTED_EDGE('',*,*,#951,.T.);
#951 = EDGE_CURVE('',#944,#894,#952,.T.);
#952 = LINE('',#953,#954);
#953 = CARTESIAN_POINT('',(-2.500000000017,-1.899999999983,3.5));
#954 = VECTOR('',#955,1.);
#955 = DIRECTION('',(0.,1.,0.));
#956 = PLANE('',#957);
#957 = AXIS2_PLACEMENT_3D('',#958,#959,#960);
#958 = CARTESIAN_POINT('',(-6.287773625685E-17,3.699306816444E-15,3.5));
#959 = DIRECTION('',(0.,0.,1.));
#960 = DIRECTION('',(1.,0.,-0.));
#961 = ADVANCED_FACE('',(#962),#973,.T.);
#962 = FACE_BOUND('',#963,.T.);
#963 = EDGE_LOOP('',(#964,#970,#971,#972));
#964 = ORIENTED_EDGE('',*,*,#965,.T.);
#965 = EDGE_CURVE('',#638,#845,#966,.T.);
#966 = LINE('',#967,#968);
#967 = CARTESIAN_POINT('',(-1.8,-3.,0.));
#968 = VECTOR('',#969,1.);
#969 = DIRECTION('',(0.,0.,1.));
#970 = ORIENTED_EDGE('',*,*,#844,.T.);
#971 = ORIENTED_EDGE('',*,*,#574,.F.);
#972 = ORIENTED_EDGE('',*,*,#637,.F.);
#973 = PLANE('',#974);
#974 = AXIS2_PLACEMENT_3D('',#975,#976,#977);
#975 = CARTESIAN_POINT('',(-1.8,-3.,0.));
#976 = DIRECTION('',(-0.707106781187,-0.707106781187,0.));
#977 = DIRECTION('',(-0.707106781187,0.707106781187,0.));
#978 = ADVANCED_FACE('',(#979),#985,.F.);
#979 = FACE_BOUND('',#980,.F.);
#980 = EDGE_LOOP('',(#981,#982,#983,#984));
#981 = ORIENTED_EDGE('',*,*,#804,.T.);
#982 = ORIENTED_EDGE('',*,*,#786,.T.);
#983 = ORIENTED_EDGE('',*,*,#754,.F.);
#984 = ORIENTED_EDGE('',*,*,#732,.F.);
#985 = PLANE('',#986);
#986 = AXIS2_PLACEMENT_3D('',#987,#988,#989);
#987 = CARTESIAN_POINT('',(-2.,0.7,0.));
#988 = DIRECTION('',(1.,0.,0.));
#989 = DIRECTION('',(0.,-1.,0.));
#990 = ADVANCED_FACE('',(#991),#1002,.T.);
#991 = FACE_BOUND('',#992,.T.);
#992 = EDGE_LOOP('',(#993,#994,#995,#1001));
#993 = ORIENTED_EDGE('',*,*,#828,.T.);
#994 = ORIENTED_EDGE('',*,*,#884,.T.);
#995 = ORIENTED_EDGE('',*,*,#996,.F.);
#996 = EDGE_CURVE('',#702,#877,#997,.T.);
#997 = LINE('',#998,#999);
#998 = CARTESIAN_POINT('',(1.8,3.,0.));
#999 = VECTOR('',#1000,1.);
#1000 = DIRECTION('',(0.,0.,1.));
#1001 = ORIENTED_EDGE('',*,*,#709,.F.);
#1002 = PLANE('',#1003);
#1003 = AXIS2_PLACEMENT_3D('',#1004,#1005,#1006);
#1004 = CARTESIAN_POINT('',(-1.8,3.,0.));
#1005 = DIRECTION('',(0.,1.,0.));
#1006 = DIRECTION('',(1.,0.,0.));
#1007 = ADVANCED_FACE('',(#1008),#1019,.T.);
#1008 = FACE_BOUND('',#1009,.T.);
#1009 = EDGE_LOOP('',(#1010,#1011,#1012,#1018));
#1010 = ORIENTED_EDGE('',*,*,#996,.T.);
#1011 = ORIENTED_EDGE('',*,*,#876,.T.);
#1012 = ORIENTED_EDGE('',*,*,#1013,.F.);
#1013 = EDGE_CURVE('',#694,#869,#1014,.T.);
#1014 = LINE('',#1015,#1016);
#1015 = CARTESIAN_POINT('',(3.,1.8,0.));
#1016 = VECTOR('',#1017,1.);
#1017 = DIRECTION('',(0.,0.,1.));
#1018 = ORIENTED_EDGE('',*,*,#701,.F.);
#1019 = PLANE('',#1020);
#1020 = AXIS2_PLACEMENT_3D('',#1021,#1022,#1023);
#1021 = CARTESIAN_POINT('',(1.8,3.,0.));
#1022 = DIRECTION('',(0.707106781187,0.707106781187,0.));
#1023 = DIRECTION('',(0.707106781187,-0.707106781187,0.));
#1024 = ADVANCED_FACE('',(#1025),#1059,.T.);
#1025 = FACE_BOUND('',#1026,.T.);
#1026 = EDGE_LOOP('',(#1027,#1028,#1029,#1030,#1036,#1037,#1045,#1053));
#1027 = ORIENTED_EDGE('',*,*,#693,.F.);
#1028 = ORIENTED_EDGE('',*,*,#1013,.T.);
#1029 = ORIENTED_EDGE('',*,*,#868,.T.);
#1030 = ORIENTED_EDGE('',*,*,#1031,.F.);
#1031 = EDGE_CURVE('',#654,#861,#1032,.T.);
#1032 = LINE('',#1033,#1034);
#1033 = CARTESIAN_POINT('',(3.,-1.8,0.));
#1034 = VECTOR('',#1035,1.);
#1035 = DIRECTION('',(0.,0.,1.));
#1036 = ORIENTED_EDGE('',*,*,#661,.F.);
#1037 = ORIENTED_EDGE('',*,*,#1038,.T.);
#1038 = EDGE_CURVE('',#662,#1039,#1041,.T.);
#1039 = VERTEX_POINT('',#1040);
#1040 = CARTESIAN_POINT('',(3.,-0.7,0.2));
#1041 = LINE('',#1042,#1043);
#1042 = CARTESIAN_POINT('',(3.,-0.7,0.));
#1043 = VECTOR('',#1044,1.);
#1044 = DIRECTION('',(0.,0.,1.));
#1045 = ORIENTED_EDGE('',*,*,#1046,.T.);
#1046 = EDGE_CURVE('',#1039,#1047,#1049,.T.);
#1047 = VERTEX_POINT('',#1048);
#1048 = CARTESIAN_POINT('',(3.,0.7,0.2));
#1049 = LINE('',#1050,#1051);
#1050 = CARTESIAN_POINT('',(3.,-0.7,0.2));
#1051 = VECTOR('',#1052,1.);
#1052 = DIRECTION('',(0.,1.,0.));
#1053 = ORIENTED_EDGE('',*,*,#1054,.F.);
#1054 = EDGE_CURVE('',#686,#1047,#1055,.T.);
#1055 = LINE('',#1056,#1057);
#1056 = CARTESIAN_POINT('',(3.,0.7,0.));
#1057 = VECTOR('',#1058,1.);
#1058 = DIRECTION('',(0.,0.,1.));
#1059 = PLANE('',#1060);
#1060 = AXIS2_PLACEMENT_3D('',#1061,#1062,#1063);
#1061 = CARTESIAN_POINT('',(3.,1.8,0.));
#1062 = DIRECTION('',(1.,0.,0.));
#1063 = DIRECTION('',(0.,-1.,0.));
#1064 = ADVANCED_FACE('',(#1065),#1083,.T.);
#1065 = FACE_BOUND('',#1066,.T.);
#1066 = EDGE_LOOP('',(#1067,#1068,#1076,#1082));
#1067 = ORIENTED_EDGE('',*,*,#1054,.T.);
#1068 = ORIENTED_EDGE('',*,*,#1069,.T.);
#1069 = EDGE_CURVE('',#1047,#1070,#1072,.T.);
#1070 = VERTEX_POINT('',#1071);
#1071 = CARTESIAN_POINT('',(2.,0.7,0.2));
#1072 = LINE('',#1073,#1074);
#1073 = CARTESIAN_POINT('',(3.,0.7,0.2));
#1074 = VECTOR('',#1075,1.);
#1075 = DIRECTION('',(-1.,0.,0.));
#1076 = ORIENTED_EDGE('',*,*,#1077,.F.);
#1077 = EDGE_CURVE('',#678,#1070,#1078,.T.);
#1078 = LINE('',#1079,#1080);
#1079 = CARTESIAN_POINT('',(2.,0.7,0.));
#1080 = VECTOR('',#1081,1.);
#1081 = DIRECTION('',(0.,0.,1.));
#1082 = ORIENTED_EDGE('',*,*,#685,.F.);
#1083 = PLANE('',#1084);
#1084 = AXIS2_PLACEMENT_3D('',#1085,#1086,#1087);
#1085 = CARTESIAN_POINT('',(3.,0.7,0.));
#1086 = DIRECTION('',(0.,-1.,0.));
#1087 = DIRECTION('',(-1.,0.,0.));
#1088 = ADVANCED_FACE('',(#1089),#1107,.T.);
#1089 = FACE_BOUND('',#1090,.T.);
#1090 = EDGE_LOOP('',(#1091,#1092,#1100,#1106));
#1091 = ORIENTED_EDGE('',*,*,#1077,.T.);
#1092 = ORIENTED_EDGE('',*,*,#1093,.T.);
#1093 = EDGE_CURVE('',#1070,#1094,#1096,.T.);
#1094 = VERTEX_POINT('',#1095);
#1095 = CARTESIAN_POINT('',(2.,-0.7,0.2));
#1096 = LINE('',#1097,#1098);
#1097 = CARTESIAN_POINT('',(2.,0.7,0.2));
#1098 = VECTOR('',#1099,1.);
#1099 = DIRECTION('',(0.,-1.,0.));
#1100 = ORIENTED_EDGE('',*,*,#1101,.F.);
#1101 = EDGE_CURVE('',#670,#1094,#1102,.T.);
#1102 = LINE('',#1103,#1104);
#1103 = CARTESIAN_POINT('',(2.,-0.7,0.));
#1104 = VECTOR('',#1105,1.);
#1105 = DIRECTION('',(0.,0.,1.));
#1106 = ORIENTED_EDGE('',*,*,#677,.F.);
#1107 = PLANE('',#1108);
#1108 = AXIS2_PLACEMENT_3D('',#1109,#1110,#1111);
#1109 = CARTESIAN_POINT('',(2.,0.7,0.));
#1110 = DIRECTION('',(1.,0.,0.));
#1111 = DIRECTION('',(0.,-1.,0.));
#1112 = ADVANCED_FACE('',(#1113),#1124,.T.);
#1113 = FACE_BOUND('',#1114,.T.);
#1114 = EDGE_LOOP('',(#1115,#1116,#1122,#1123));
#1115 = ORIENTED_EDGE('',*,*,#1101,.T.);
#1116 = ORIENTED_EDGE('',*,*,#1117,.T.);
#1117 = EDGE_CURVE('',#1094,#1039,#1118,.T.);
#1118 = LINE('',#1119,#1120);
#1119 = CARTESIAN_POINT('',(2.,-0.7,0.2));
#1120 = VECTOR('',#1121,1.);
#1121 = DIRECTION('',(1.,0.,0.));
#1122 = ORIENTED_EDGE('',*,*,#1038,.F.);
#1123 = ORIENTED_EDGE('',*,*,#669,.F.);
#1124 = PLANE('',#1125);
#1125 = AXIS2_PLACEMENT_3D('',#1126,#1127,#1128);
#1126 = CARTESIAN_POINT('',(2.,-0.7,0.));
#1127 = DIRECTION('',(0.,1.,0.));
#1128 = DIRECTION('',(1.,0.,0.));
#1129 = ADVANCED_FACE('',(#1130),#1141,.T.);
#1130 = FACE_BOUND('',#1131,.T.);
#1131 = EDGE_LOOP('',(#1132,#1133,#1134,#1140));
#1132 = ORIENTED_EDGE('',*,*,#1031,.T.);
#1133 = ORIENTED_EDGE('',*,*,#860,.T.);
#1134 = ORIENTED_EDGE('',*,*,#1135,.F.);
#1135 = EDGE_CURVE('',#646,#853,#1136,.T.);
#1136 = LINE('',#1137,#1138);
#1137 = CARTESIAN_POINT('',(1.8,-3.,0.));
#1138 = VECTOR('',#1139,1.);
#1139 = DIRECTION('',(0.,0.,1.));
#1140 = ORIENTED_EDGE('',*,*,#653,.F.);
#1141 = PLANE('',#1142);
#1142 = AXIS2_PLACEMENT_3D('',#1143,#1144,#1145);
#1143 = CARTESIAN_POINT('',(3.,-1.8,0.));
#1144 = DIRECTION('',(0.707106781187,-0.707106781187,0.));
#1145 = DIRECTION('',(-0.707106781187,-0.707106781187,0.));
#1146 = ADVANCED_FACE('',(#1147),#1153,.T.);
#1147 = FACE_BOUND('',#1148,.T.);
#1148 = EDGE_LOOP('',(#1149,#1150,#1151,#1152));
#1149 = ORIENTED_EDGE('',*,*,#1135,.T.);
#1150 = ORIENTED_EDGE('',*,*,#852,.T.);
#1151 = ORIENTED_EDGE('',*,*,#965,.F.);
#1152 = ORIENTED_EDGE('',*,*,#645,.F.);
#1153 = PLANE('',#1154);
#1154 = AXIS2_PLACEMENT_3D('',#1155,#1156,#1157);
#1155 = CARTESIAN_POINT('',(1.8,-3.,0.));
#1156 = DIRECTION('',(0.,-1.,0.));
#1157 = DIRECTION('',(-1.,0.,0.));
#1158 = ADVANCED_FACE('',(#1159),#1184,.T.);
#1159 = FACE_BOUND('',#1160,.T.);
#1160 = EDGE_LOOP('',(#1161,#1169,#1177,#1183));
#1161 = ORIENTED_EDGE('',*,*,#1162,.T.);
#1162 = EDGE_CURVE('',#894,#1163,#1165,.T.);
#1163 = VERTEX_POINT('',#1164);
#1164 = CARTESIAN_POINT('',(-2.500000000017,1.900000000017,4.5));
#1165 = LINE('',#1166,#1167);
#1166 = CARTESIAN_POINT('',(-2.500000000017,1.900000000017,3.5));
#1167 = VECTOR('',#1168,1.);
#1168 = DIRECTION('',(0.,0.,1.));
#1169 = ORIENTED_EDGE('',*,*,#1170,.T.);
#1170 = EDGE_CURVE('',#1163,#1171,#1173,.T.);
#1171 = VERTEX_POINT('',#1172);
#1172 = CARTESIAN_POINT('',(-1.9,2.5,4.5));
#1173 = LINE('',#1174,#1175);
#1174 = CARTESIAN_POINT('',(-2.500000000017,1.900000000017,4.5));
#1175 = VECTOR('',#1176,1.);
#1176 = DIRECTION('',(0.707106781206,0.707106781167,0.));
#1177 = ORIENTED_EDGE('',*,*,#1178,.F.);
#1178 = EDGE_CURVE('',#896,#1171,#1179,.T.);
#1179 = LINE('',#1180,#1181);
#1180 = CARTESIAN_POINT('',(-1.9,2.5,3.5));
#1181 = VECTOR('',#1182,1.);
#1182 = DIRECTION('',(0.,0.,1.));
#1183 = ORIENTED_EDGE('',*,*,#893,.F.);
#1184 = PLANE('',#1185);
#1185 = AXIS2_PLACEMENT_3D('',#1186,#1187,#1188);
#1186 = CARTESIAN_POINT('',(-2.500000000017,1.900000000017,3.5));
#1187 = DIRECTION('',(-0.707106781167,0.707106781206,0.));
#1188 = DIRECTION('',(0.707106781206,0.707106781167,0.));
#1189 = ADVANCED_FACE('',(#1190),#1208,.T.);
#1190 = FACE_BOUND('',#1191,.T.);
#1191 = EDGE_LOOP('',(#1192,#1200,#1206,#1207));
#1192 = ORIENTED_EDGE('',*,*,#1193,.T.);
#1193 = EDGE_CURVE('',#944,#1194,#1196,.T.);
#1194 = VERTEX_POINT('',#1195);
#1195 = CARTESIAN_POINT('',(-2.500000000017,-1.899999999983,4.5));
#1196 = LINE('',#1197,#1198);
#1197 = CARTESIAN_POINT('',(-2.500000000017,-1.899999999983,3.5));
#1198 = VECTOR('',#1199,1.);
#1199 = DIRECTION('',(0.,0.,1.));
#1200 = ORIENTED_EDGE('',*,*,#1201,.T.);
#1201 = EDGE_CURVE('',#1194,#1163,#1202,.T.);
#1202 = LINE('',#1203,#1204);
#1203 = CARTESIAN_POINT('',(-2.500000000017,-1.899999999983,4.5));
#1204 = VECTOR('',#1205,1.);
#1205 = DIRECTION('',(0.,1.,0.));
#1206 = ORIENTED_EDGE('',*,*,#1162,.F.);
#1207 = ORIENTED_EDGE('',*,*,#951,.F.);
#1208 = PLANE('',#1209);
#1209 = AXIS2_PLACEMENT_3D('',#1210,#1211,#1212);
#1210 = CARTESIAN_POINT('',(-2.500000000017,-1.899999999983,3.5));
#1211 = DIRECTION('',(-1.,0.,0.));
#1212 = DIRECTION('',(0.,1.,0.));
#1213 = ADVANCED_FACE('',(#1214),#1232,.T.);
#1214 = FACE_BOUND('',#1215,.T.);
#1215 = EDGE_LOOP('',(#1216,#1224,#1230,#1231));
#1216 = ORIENTED_EDGE('',*,*,#1217,.T.);
#1217 = EDGE_CURVE('',#936,#1218,#1220,.T.);
#1218 = VERTEX_POINT('',#1219);
#1219 = CARTESIAN_POINT('',(-1.9,-2.5,4.5));
#1220 = LINE('',#1221,#1222);
#1221 = CARTESIAN_POINT('',(-1.9,-2.5,3.5));
#1222 = VECTOR('',#1223,1.);
#1223 = DIRECTION('',(0.,0.,1.));
#1224 = ORIENTED_EDGE('',*,*,#1225,.T.);
#1225 = EDGE_CURVE('',#1218,#1194,#1226,.T.);
#1226 = LINE('',#1227,#1228);
#1227 = CARTESIAN_POINT('',(-1.9,-2.5,4.5));
#1228 = VECTOR('',#1229,1.);
#1229 = DIRECTION('',(-0.707106781187,0.707106781187,0.));
#1230 = ORIENTED_EDGE('',*,*,#1193,.F.);
#1231 = ORIENTED_EDGE('',*,*,#943,.F.);
#1232 = PLANE('',#1233);
#1233 = AXIS2_PLACEMENT_3D('',#1234,#1235,#1236);
#1234 = CARTESIAN_POINT('',(-1.9,-2.5,3.5));
#1235 = DIRECTION('',(-0.707106781187,-0.707106781187,0.));
#1236 = DIRECTION('',(-0.707106781187,0.707106781187,0.));
#1237 = ADVANCED_FACE('',(#1238),#1256,.T.);
#1238 = FACE_BOUND('',#1239,.T.);
#1239 = EDGE_LOOP('',(#1240,#1248,#1254,#1255));
#1240 = ORIENTED_EDGE('',*,*,#1241,.T.);
#1241 = EDGE_CURVE('',#928,#1242,#1244,.T.);
#1242 = VERTEX_POINT('',#1243);
#1243 = CARTESIAN_POINT('',(1.9,-2.5,4.5));
#1244 = LINE('',#1245,#1246);
#1245 = CARTESIAN_POINT('',(1.9,-2.5,3.5));
#1246 = VECTOR('',#1247,1.);
#1247 = DIRECTION('',(0.,0.,1.));
#1248 = ORIENTED_EDGE('',*,*,#1249,.T.);
#1249 = EDGE_CURVE('',#1242,#1218,#1250,.T.);
#1250 = LINE('',#1251,#1252);
#1251 = CARTESIAN_POINT('',(1.9,-2.5,4.5));
#1252 = VECTOR('',#1253,1.);
#1253 = DIRECTION('',(-1.,0.,0.));
#1254 = ORIENTED_EDGE('',*,*,#1217,.F.);
#1255 = ORIENTED_EDGE('',*,*,#935,.F.);
#1256 = PLANE('',#1257);
#1257 = AXIS2_PLACEMENT_3D('',#1258,#1259,#1260);
#1258 = CARTESIAN_POINT('',(1.9,-2.5,3.5));
#1259 = DIRECTION('',(0.,-1.,0.));
#1260 = DIRECTION('',(-1.,0.,0.));
#1261 = ADVANCED_FACE('',(#1262),#1280,.T.);
#1262 = FACE_BOUND('',#1263,.T.);
#1263 = EDGE_LOOP('',(#1264,#1272,#1278,#1279));
#1264 = ORIENTED_EDGE('',*,*,#1265,.T.);
#1265 = EDGE_CURVE('',#920,#1266,#1268,.T.);
#1266 = VERTEX_POINT('',#1267);
#1267 = CARTESIAN_POINT('',(2.500000000017,-1.899999999983,4.5));
#1268 = LINE('',#1269,#1270);
#1269 = CARTESIAN_POINT('',(2.500000000017,-1.899999999983,3.5));
#1270 = VECTOR('',#1271,1.);
#1271 = DIRECTION('',(0.,0.,1.));
#1272 = ORIENTED_EDGE('',*,*,#1273,.T.);
#1273 = EDGE_CURVE('',#1266,#1242,#1274,.T.);
#1274 = LINE('',#1275,#1276);
#1275 = CARTESIAN_POINT('',(2.500000000017,-1.899999999983,4.5));
#1276 = VECTOR('',#1277,1.);
#1277 = DIRECTION('',(-0.707106781187,-0.707106781187,0.));
#1278 = ORIENTED_EDGE('',*,*,#1241,.F.);
#1279 = ORIENTED_EDGE('',*,*,#927,.F.);
#1280 = PLANE('',#1281);
#1281 = AXIS2_PLACEMENT_3D('',#1282,#1283,#1284);
#1282 = CARTESIAN_POINT('',(2.500000000017,-1.899999999983,3.5));
#1283 = DIRECTION('',(0.707106781187,-0.707106781187,0.));
#1284 = DIRECTION('',(-0.707106781187,-0.707106781187,0.));
#1285 = ADVANCED_FACE('',(#1286),#1304,.T.);
#1286 = FACE_BOUND('',#1287,.T.);
#1287 = EDGE_LOOP('',(#1288,#1296,#1302,#1303));
#1288 = ORIENTED_EDGE('',*,*,#1289,.T.);
#1289 = EDGE_CURVE('',#912,#1290,#1292,.T.);
#1290 = VERTEX_POINT('',#1291);
#1291 = CARTESIAN_POINT('',(2.500000000017,1.900000000017,4.5));
#1292 = LINE('',#1293,#1294);
#1293 = CARTESIAN_POINT('',(2.500000000017,1.900000000017,3.5));
#1294 = VECTOR('',#1295,1.);
#1295 = DIRECTION('',(0.,0.,1.));
#1296 = ORIENTED_EDGE('',*,*,#1297,.T.);
#1297 = EDGE_CURVE('',#1290,#1266,#1298,.T.);
#1298 = LINE('',#1299,#1300);
#1299 = CARTESIAN_POINT('',(2.500000000017,1.900000000017,4.5));
#1300 = VECTOR('',#1301,1.);
#1301 = DIRECTION('',(0.,-1.,0.));
#1302 = ORIENTED_EDGE('',*,*,#1265,.F.);
#1303 = ORIENTED_EDGE('',*,*,#919,.F.);
#1304 = PLANE('',#1305);
#1305 = AXIS2_PLACEMENT_3D('',#1306,#1307,#1308);
#1306 = CARTESIAN_POINT('',(2.500000000017,1.900000000017,3.5));
#1307 = DIRECTION('',(1.,0.,0.));
#1308 = DIRECTION('',(0.,-1.,0.));
#1309 = ADVANCED_FACE('',(#1310),#1328,.T.);
#1310 = FACE_BOUND('',#1311,.T.);
#1311 = EDGE_LOOP('',(#1312,#1320,#1326,#1327));
#1312 = ORIENTED_EDGE('',*,*,#1313,.T.);
#1313 = EDGE_CURVE('',#904,#1314,#1316,.T.);
#1314 = VERTEX_POINT('',#1315);
#1315 = CARTESIAN_POINT('',(1.9,2.5,4.5));
#1316 = LINE('',#1317,#1318);
#1317 = CARTESIAN_POINT('',(1.9,2.5,3.5));
#1318 = VECTOR('',#1319,1.);
#1319 = DIRECTION('',(0.,0.,1.));
#1320 = ORIENTED_EDGE('',*,*,#1321,.T.);
#1321 = EDGE_CURVE('',#1314,#1290,#1322,.T.);
#1322 = LINE('',#1323,#1324);
#1323 = CARTESIAN_POINT('',(1.9,2.5,4.5));
#1324 = VECTOR('',#1325,1.);
#1325 = DIRECTION('',(0.707106781206,-0.707106781167,0.));
#1326 = ORIENTED_EDGE('',*,*,#1289,.F.);
#1327 = ORIENTED_EDGE('',*,*,#911,.F.);
#1328 = PLANE('',#1329);
#1329 = AXIS2_PLACEMENT_3D('',#1330,#1331,#1332);
#1330 = CARTESIAN_POINT('',(1.9,2.5,3.5));
#1331 = DIRECTION('',(0.707106781167,0.707106781206,0.));
#1332 = DIRECTION('',(0.707106781206,-0.707106781167,0.));
#1333 = ADVANCED_FACE('',(#1334),#1345,.T.);
#1334 = FACE_BOUND('',#1335,.T.);
#1335 = EDGE_LOOP('',(#1336,#1337,#1343,#1344));
#1336 = ORIENTED_EDGE('',*,*,#1178,.T.);
#1337 = ORIENTED_EDGE('',*,*,#1338,.T.);
#1338 = EDGE_CURVE('',#1171,#1314,#1339,.T.);
#1339 = LINE('',#1340,#1341);
#1340 = CARTESIAN_POINT('',(-1.9,2.5,4.5));
#1341 = VECTOR('',#1342,1.);
#1342 = DIRECTION('',(1.,0.,0.));
#1343 = ORIENTED_EDGE('',*,*,#1313,.F.);
#1344 = ORIENTED_EDGE('',*,*,#903,.F.);
#1345 = PLANE('',#1346);
#1346 = AXIS2_PLACEMENT_3D('',#1347,#1348,#1349);
#1347 = CARTESIAN_POINT('',(-1.9,2.5,3.5));
#1348 = DIRECTION('',(0.,1.,0.));
#1349 = DIRECTION('',(1.,0.,0.));
#1350 = ADVANCED_FACE('',(#1351),#1357,.F.);
#1351 = FACE_BOUND('',#1352,.F.);
#1352 = EDGE_LOOP('',(#1353,#1354,#1355,#1356));
#1353 = ORIENTED_EDGE('',*,*,#1069,.T.);
#1354 = ORIENTED_EDGE('',*,*,#1093,.T.);
#1355 = ORIENTED_EDGE('',*,*,#1117,.T.);
#1356 = ORIENTED_EDGE('',*,*,#1046,.T.);
#1357 = PLANE('',#1358);
#1358 = AXIS2_PLACEMENT_3D('',#1359,#1360,#1361);
#1359 = CARTESIAN_POINT('',(1.850371707709E-16,0.,0.2));
#1360 = DIRECTION('',(0.,0.,1.));
#1361 = DIRECTION('',(1.,0.,-0.));
#1362 = ADVANCED_FACE('',(#1363,#1373),#1384,.T.);
#1363 = FACE_BOUND('',#1364,.T.);
#1364 = EDGE_LOOP('',(#1365,#1366,#1367,#1368,#1369,#1370,#1371,#1372));
#1365 = ORIENTED_EDGE('',*,*,#1338,.F.);
#1366 = ORIENTED_EDGE('',*,*,#1170,.F.);
#1367 = ORIENTED_EDGE('',*,*,#1201,.F.);
#1368 = ORIENTED_EDGE('',*,*,#1225,.F.);
#1369 = ORIENTED_EDGE('',*,*,#1249,.F.);
#1370 = ORIENTED_EDGE('',*,*,#1273,.F.);
#1371 = ORIENTED_EDGE('',*,*,#1297,.F.);
#1372 = ORIENTED_EDGE('',*,*,#1321,.F.);
#1373 = FACE_BOUND('',#1374,.T.);
#1374 = EDGE_LOOP('',(#1375));
#1375 = ORIENTED_EDGE('',*,*,#1376,.F.);
#1376 = EDGE_CURVE('',#1377,#1377,#1379,.T.);
#1377 = VERTEX_POINT('',#1378);
#1378 = CARTESIAN_POINT('',(2.25,0.,4.5));
#1379 = CIRCLE('',#1380,2.25);
#1380 = AXIS2_PLACEMENT_3D('',#1381,#1382,#1383);
#1381 = CARTESIAN_POINT('',(0.,0.,4.5));
#1382 = DIRECTION('',(0.,0.,1.));
#1383 = DIRECTION('',(1.,0.,-0.));
#1384 = PLANE('',#1385);
#1385 = AXIS2_PLACEMENT_3D('',#1386,#1387,#1388);
#1386 = CARTESIAN_POINT('',(1.015041259331E-16,2.775767652751E-12,4.5));
#1387 = DIRECTION('',(4.087630853375E-33,-8.175261706819E-33,1.));
#1388 = DIRECTION('',(0.,1.,8.175261706819E-33));
#1389 = ADVANCED_FACE('',(#1390),#1409,.T.);
#1390 = FACE_BOUND('',#1391,.T.);
#1391 = EDGE_LOOP('',(#1392,#1393,#1401,#1408));
#1392 = ORIENTED_EDGE('',*,*,#1376,.T.);
#1393 = ORIENTED_EDGE('',*,*,#1394,.T.);
#1394 = EDGE_CURVE('',#1377,#1395,#1397,.T.);
#1395 = VERTEX_POINT('',#1396);
#1396 = CARTESIAN_POINT('',(2.25,0.,5.));
#1397 = LINE('',#1398,#1399);
#1398 = CARTESIAN_POINT('',(2.25,0.,4.5));
#1399 = VECTOR('',#1400,1.);
#1400 = DIRECTION('',(0.,0.,1.));
#1401 = ORIENTED_EDGE('',*,*,#1402,.F.);
#1402 = EDGE_CURVE('',#1395,#1395,#1403,.T.);
#1403 = CIRCLE('',#1404,2.25);
#1404 = AXIS2_PLACEMENT_3D('',#1405,#1406,#1407);
#1405 = CARTESIAN_POINT('',(0.,0.,5.));
#1406 = DIRECTION('',(0.,0.,1.));
#1407 = DIRECTION('',(1.,0.,-0.));
#1408 = ORIENTED_EDGE('',*,*,#1394,.F.);
#1409 = CYLINDRICAL_SURFACE('',#1410,2.25);
#1410 = AXIS2_PLACEMENT_3D('',#1411,#1412,#1413);
#1411 = CARTESIAN_POINT('',(0.,0.,4.5));
#1412 = DIRECTION('',(-0.,-0.,-1.));
#1413 = DIRECTION('',(1.,0.,0.));
#1414 = ADVANCED_FACE('',(#1415),#1418,.T.);
#1415 = FACE_BOUND('',#1416,.T.);
#1416 = EDGE_LOOP('',(#1417));
#1417 = ORIENTED_EDGE('',*,*,#1402,.T.);
#1418 = PLANE('',#1419);
#1419 = AXIS2_PLACEMENT_3D('',#1420,#1421,#1422);
#1420 = CARTESIAN_POINT('',(-7.596889625219E-17,6.008928256833E-17,5.));
#1421 = DIRECTION('',(0.,0.,1.));
#1422 = DIRECTION('',(1.,0.,-0.));
#1423 = ( GEOMETRIC_REPRESENTATION_CONTEXT(3) 
GLOBAL_UNCERTAINTY_ASSIGNED_CONTEXT((#1427)) 
GLOBAL_UNIT_ASSIGNED_CONTEXT((#1424,#1425,#1426)) REPRESENTATION_CONTEXT
('Context #1','3D Context with UNIT and UNCERTAINTY') );
#1424 = ( LENGTH_UNIT() NAMED_UNIT(*) SI_UNIT(.MILLI.,.METRE.) );
#1425 = ( NAMED_UNIT(*) PLANE_ANGLE_UNIT() SI_UNIT($,.RADIAN.) );
#1426 = ( NAMED_UNIT(*) SI_UNIT($,.STERADIAN.) SOLID_ANGLE_UNIT() );
#1427 = UNCERTAINTY_MEASURE_WITH_UNIT(LENGTH_MEASURE(1.E-07),#1424,
  'distance_accuracy_value','confusion accuracy');
#1428 = CONTEXT_DEPENDENT_SHAPE_REPRESENTATION(#1429,#1431);
#1429 = ( REPRESENTATION_RELATIONSHIP('','',#557,#56) 
REPRESENTATION_RELATIONSHIP_WITH_TRANSFORMATION(#1430) 
SHAPE_REPRESENTATION_RELATIONSHIP() );
#1430 = ITEM_DEFINED_TRANSFORMATION('','',#11,#65);
#1431 = PRODUCT_DEFINITION_SHAPE('Placement','Placement of an item',
  #1432);
#1432 = NEXT_ASSEMBLY_USAGE_OCCURRENCE('3','Body','',#51,#552,$);
#1433 = PRODUCT_RELATED_PRODUCT_CATEGORY('part',$,(#554));
#1434 = SHAPE_DEFINITION_REPRESENTATION(#1435,#1441);
#1435 = PRODUCT_DEFINITION_SHAPE('','',#1436);
#1436 = PRODUCT_DEFINITION('design','',#1437,#1440);
#1437 = PRODUCT_DEFINITION_FORMATION('','',#1438);
#1438 = PRODUCT('LED_0805_2012Metric','LED_0805_2012Metric','',(#1439));
#1439 = PRODUCT_CONTEXT('',#2,'mechanical');
#1440 = PRODUCT_DEFINITION_CONTEXT('part definition',#2,'design');
#1441 = ADVANCED_BREP_SHAPE_REPRESENTATION('',(#11,#1442),#2965);
#1442 = MANIFOLD_SOLID_BREP('',#1443);
#1443 = CLOSED_SHELL('',(#1444,#1484,#1531,#1610,#1634,#1674,#1705,#1722
    ,#1755,#1779,#1846,#1967,#2034,#2058,#2089,#2122,#2178,#2202,#2226,
    #2250,#2283,#2295,#2358,#2383,#2400,#2424,#2442,#2460,#2478,#2495,
    #2512,#2543,#2568,#2593,#2617,#2634,#2665,#2689,#2706,#2734,#2759,
    #2783,#2808,#2855,#2872,#2884,#2906,#2918,#2936,#2954));
#1444 = ADVANCED_FACE('',(#1445),#1479,.F.);
#1445 = FACE_BOUND('',#1446,.F.);
#1446 = EDGE_LOOP('',(#1447,#1457,#1465,#1473));
#1447 = ORIENTED_EDGE('',*,*,#1448,.T.);
#1448 = EDGE_CURVE('',#1449,#1451,#1453,.T.);
#1449 = VERTEX_POINT('',#1450);
#1450 = CARTESIAN_POINT('',(-0.65,-0.625,0.465));
#1451 = VERTEX_POINT('',#1452);
#1452 = CARTESIAN_POINT('',(-0.585,-0.625,1.1));
#1453 = LINE('',#1454,#1455);
#1454 = CARTESIAN_POINT('',(-0.65,-0.625,0.465));
#1455 = VECTOR('',#1456,1.);
#1456 = DIRECTION('',(0.101830105936,0.,0.994801804142));
#1457 = ORIENTED_EDGE('',*,*,#1458,.T.);
#1458 = EDGE_CURVE('',#1451,#1459,#1461,.T.);
#1459 = VERTEX_POINT('',#1460);
#1460 = CARTESIAN_POINT('',(0.585,-0.625,1.1));
#1461 = LINE('',#1462,#1463);
#1462 = CARTESIAN_POINT('',(-0.585,-0.625,1.1));
#1463 = VECTOR('',#1464,1.);
#1464 = DIRECTION('',(1.,0.,0.));
#1465 = ORIENTED_EDGE('',*,*,#1466,.T.);
#1466 = EDGE_CURVE('',#1459,#1467,#1469,.T.);
#1467 = VERTEX_POINT('',#1468);
#1468 = CARTESIAN_POINT('',(0.65,-0.625,0.465));
#1469 = LINE('',#1470,#1471);
#1470 = CARTESIAN_POINT('',(0.585,-0.625,1.1));
#1471 = VECTOR('',#1472,1.);
#1472 = DIRECTION('',(0.101830105936,0.,-0.994801804142));
#1473 = ORIENTED_EDGE('',*,*,#1474,.T.);
#1474 = EDGE_CURVE('',#1467,#1449,#1475,.T.);
#1475 = LINE('',#1476,#1477);
#1476 = CARTESIAN_POINT('',(0.65,-0.625,0.465));
#1477 = VECTOR('',#1478,1.);
#1478 = DIRECTION('',(-1.,0.,-4.270088556251E-17));
#1479 = PLANE('',#1480);
#1480 = AXIS2_PLACEMENT_3D('',#1481,#1482,#1483);
#1481 = CARTESIAN_POINT('',(1.481626402817E-17,-0.625,0.771483451357));
#1482 = DIRECTION('',(-5.57234551408E-33,1.,3.18580557984E-32));
#1483 = DIRECTION('',(0.,-3.18580557984E-32,1.));
#1484 = ADVANCED_FACE('',(#1485),#1526,.T.);
#1485 = FACE_BOUND('',#1486,.T.);
#1486 = EDGE_LOOP('',(#1487,#1497,#1505,#1511,#1512,#1520));
#1487 = ORIENTED_EDGE('',*,*,#1488,.T.);
#1488 = EDGE_CURVE('',#1489,#1491,#1493,.T.);
#1489 = VERTEX_POINT('',#1490);
#1490 = CARTESIAN_POINT('',(-0.65,0.625,0.465));
#1491 = VERTEX_POINT('',#1492);
#1492 = CARTESIAN_POINT('',(-0.65,0.46875,0.465));
#1493 = LINE('',#1494,#1495);
#1494 = CARTESIAN_POINT('',(-0.65,0.625,0.465));
#1495 = VECTOR('',#1496,1.);
#1496 = DIRECTION('',(0.,-1.,0.));
#1497 = ORIENTED_EDGE('',*,*,#1498,.F.);
#1498 = EDGE_CURVE('',#1499,#1491,#1501,.T.);
#1499 = VERTEX_POINT('',#1500);
#1500 = CARTESIAN_POINT('',(-0.65,-0.46875,0.465));
#1501 = LINE('',#1502,#1503);
#1502 = CARTESIAN_POINT('',(-0.65,-0.625,0.465));
#1503 = VECTOR('',#1504,1.);
#1504 = DIRECTION('',(0.,1.,0.));
#1505 = ORIENTED_EDGE('',*,*,#1506,.T.);
#1506 = EDGE_CURVE('',#1499,#1449,#1507,.T.);
#1507 = LINE('',#1508,#1509);
#1508 = CARTESIAN_POINT('',(-0.65,0.625,0.465));
#1509 = VECTOR('',#1510,1.);
#1510 = DIRECTION('',(0.,-1.,0.));
#1511 = ORIENTED_EDGE('',*,*,#1448,.T.);
#1512 = ORIENTED_EDGE('',*,*,#1513,.F.);
#1513 = EDGE_CURVE('',#1514,#1451,#1516,.T.);
#1514 = VERTEX_POINT('',#1515);
#1515 = CARTESIAN_POINT('',(-0.585,0.625,1.1));
#1516 = LINE('',#1517,#1518);
#1517 = CARTESIAN_POINT('',(-0.585,0.625,1.1));
#1518 = VECTOR('',#1519,1.);
#1519 = DIRECTION('',(0.,-1.,0.));
#1520 = ORIENTED_EDGE('',*,*,#1521,.F.);
#1521 = EDGE_CURVE('',#1489,#1514,#1522,.T.);
#1522 = LINE('',#1523,#1524);
#1523 = CARTESIAN_POINT('',(-0.65,0.625,0.465));
#1524 = VECTOR('',#1525,1.);
#1525 = DIRECTION('',(0.101830105936,0.,0.994801804142));
#1526 = PLANE('',#1527);
#1527 = AXIS2_PLACEMENT_3D('',#1528,#1529,#1530);
#1528 = CARTESIAN_POINT('',(-0.65,0.625,0.465));
#1529 = DIRECTION('',(-0.994801804142,0.,0.101830105936));
#1530 = DIRECTION('',(0.101830105936,0.,0.994801804142));
#1531 = ADVANCED_FACE('',(#1532),#1605,.F.);
#1532 = FACE_BOUND('',#1533,.F.);
#1533 = EDGE_LOOP('',(#1534,#1544,#1552,#1560,#1566,#1567,#1575,#1583,
    #1591,#1599));
#1534 = ORIENTED_EDGE('',*,*,#1535,.F.);
#1535 = EDGE_CURVE('',#1536,#1538,#1540,.T.);
#1536 = VERTEX_POINT('',#1537);
#1537 = CARTESIAN_POINT('',(-0.965,-0.625,3.5E-02));
#1538 = VERTEX_POINT('',#1539);
#1539 = CARTESIAN_POINT('',(-0.9125,-0.625,3.5E-02));
#1540 = LINE('',#1541,#1542);
#1541 = CARTESIAN_POINT('',(-0.965,-0.625,3.5E-02));
#1542 = VECTOR('',#1543,1.);
#1543 = DIRECTION('',(1.,0.,0.));
#1544 = ORIENTED_EDGE('',*,*,#1545,.T.);
#1545 = EDGE_CURVE('',#1536,#1546,#1548,.T.);
#1546 = VERTEX_POINT('',#1547);
#1547 = CARTESIAN_POINT('',(-0.965,-0.625,0.465));
#1548 = LINE('',#1549,#1550);
#1549 = CARTESIAN_POINT('',(-0.965,-0.625,3.5E-02));
#1550 = VECTOR('',#1551,1.);
#1551 = DIRECTION('',(0.,0.,1.));
#1552 = ORIENTED_EDGE('',*,*,#1553,.T.);
#1553 = EDGE_CURVE('',#1546,#1554,#1556,.T.);
#1554 = VERTEX_POINT('',#1555);
#1555 = CARTESIAN_POINT('',(-0.9125,-0.625,0.465));
#1556 = LINE('',#1557,#1558);
#1557 = CARTESIAN_POINT('',(-0.965,-0.625,0.465));
#1558 = VECTOR('',#1559,1.);
#1559 = DIRECTION('',(1.,0.,0.));
#1560 = ORIENTED_EDGE('',*,*,#1561,.T.);
#1561 = EDGE_CURVE('',#1554,#1449,#1562,.T.);
#1562 = LINE('',#1563,#1564);
#1563 = CARTESIAN_POINT('',(-0.965,-0.625,0.465));
#1564 = VECTOR('',#1565,1.);
#1565 = DIRECTION('',(1.,0.,0.));
#1566 = ORIENTED_EDGE('',*,*,#1474,.F.);
#1567 = ORIENTED_EDGE('',*,*,#1568,.T.);
#1568 = EDGE_CURVE('',#1467,#1569,#1571,.T.);
#1569 = VERTEX_POINT('',#1570);
#1570 = CARTESIAN_POINT('',(0.9125,-0.625,0.465));
#1571 = LINE('',#1572,#1573);
#1572 = CARTESIAN_POINT('',(-0.965,-0.625,0.465));
#1573 = VECTOR('',#1574,1.);
#1574 = DIRECTION('',(1.,0.,0.));
#1575 = ORIENTED_EDGE('',*,*,#1576,.T.);
#1576 = EDGE_CURVE('',#1569,#1577,#1579,.T.);
#1577 = VERTEX_POINT('',#1578);
#1578 = CARTESIAN_POINT('',(0.965,-0.625,0.465));
#1579 = LINE('',#1580,#1581);
#1580 = CARTESIAN_POINT('',(-0.965,-0.625,0.465));
#1581 = VECTOR('',#1582,1.);
#1582 = DIRECTION('',(1.,0.,0.));
#1583 = ORIENTED_EDGE('',*,*,#1584,.F.);
#1584 = EDGE_CURVE('',#1585,#1577,#1587,.T.);
#1585 = VERTEX_POINT('',#1586);
#1586 = CARTESIAN_POINT('',(0.965,-0.625,3.5E-02));
#1587 = LINE('',#1588,#1589);
#1588 = CARTESIAN_POINT('',(0.965,-0.625,3.5E-02));
#1589 = VECTOR('',#1590,1.);
#1590 = DIRECTION('',(0.,0.,1.));
#1591 = ORIENTED_EDGE('',*,*,#1592,.F.);
#1592 = EDGE_CURVE('',#1593,#1585,#1595,.T.);
#1593 = VERTEX_POINT('',#1594);
#1594 = CARTESIAN_POINT('',(0.9125,-0.625,3.5E-02));
#1595 = LINE('',#1596,#1597);
#1596 = CARTESIAN_POINT('',(-0.965,-0.625,3.5E-02));
#1597 = VECTOR('',#1598,1.);
#1598 = DIRECTION('',(1.,0.,0.));
#1599 = ORIENTED_EDGE('',*,*,#1600,.F.);
#1600 = EDGE_CURVE('',#1538,#1593,#1601,.T.);
#1601 = LINE('',#1602,#1603);
#1602 = CARTESIAN_POINT('',(-0.965,-0.625,3.5E-02));
#1603 = VECTOR('',#1604,1.);
#1604 = DIRECTION('',(1.,0.,0.));
#1605 = PLANE('',#1606);
#1606 = AXIS2_PLACEMENT_3D('',#1607,#1608,#1609);
#1607 = CARTESIAN_POINT('',(-0.965,-0.625,3.5E-02));
#1608 = DIRECTION('',(0.,1.,0.));
#1609 = DIRECTION('',(0.,-0.,1.));
#1610 = ADVANCED_FACE('',(#1611),#1629,.T.);
#1611 = FACE_BOUND('',#1612,.T.);
#1612 = EDGE_LOOP('',(#1613,#1614,#1615,#1623));
#1613 = ORIENTED_EDGE('',*,*,#1513,.T.);
#1614 = ORIENTED_EDGE('',*,*,#1458,.T.);
#1615 = ORIENTED_EDGE('',*,*,#1616,.F.);
#1616 = EDGE_CURVE('',#1617,#1459,#1619,.T.);
#1617 = VERTEX_POINT('',#1618);
#1618 = CARTESIAN_POINT('',(0.585,0.625,1.1));
#1619 = LINE('',#1620,#1621);
#1620 = CARTESIAN_POINT('',(0.585,0.625,1.1));
#1621 = VECTOR('',#1622,1.);
#1622 = DIRECTION('',(0.,-1.,0.));
#1623 = ORIENTED_EDGE('',*,*,#1624,.F.);
#1624 = EDGE_CURVE('',#1514,#1617,#1625,.T.);
#1625 = LINE('',#1626,#1627);
#1626 = CARTESIAN_POINT('',(-0.585,0.625,1.1));
#1627 = VECTOR('',#1628,1.);
#1628 = DIRECTION('',(1.,0.,0.));
#1629 = PLANE('',#1630);
#1630 = AXIS2_PLACEMENT_3D('',#1631,#1632,#1633);
#1631 = CARTESIAN_POINT('',(-0.585,0.625,1.1));
#1632 = DIRECTION('',(0.,0.,1.));
#1633 = DIRECTION('',(1.,0.,-0.));
#1634 = ADVANCED_FACE('',(#1635),#1669,.T.);
#1635 = FACE_BOUND('',#1636,.T.);
#1636 = EDGE_LOOP('',(#1637,#1638,#1639,#1647,#1655,#1663));
#1637 = ORIENTED_EDGE('',*,*,#1616,.T.);
#1638 = ORIENTED_EDGE('',*,*,#1466,.T.);
#1639 = ORIENTED_EDGE('',*,*,#1640,.F.);
#1640 = EDGE_CURVE('',#1641,#1467,#1643,.T.);
#1641 = VERTEX_POINT('',#1642);
#1642 = CARTESIAN_POINT('',(0.65,-0.46875,0.465));
#1643 = LINE('',#1644,#1645);
#1644 = CARTESIAN_POINT('',(0.65,0.625,0.465));
#1645 = VECTOR('',#1646,1.);
#1646 = DIRECTION('',(0.,-1.,0.));
#1647 = ORIENTED_EDGE('',*,*,#1648,.F.);
#1648 = EDGE_CURVE('',#1649,#1641,#1651,.T.);
#1649 = VERTEX_POINT('',#1650);
#1650 = CARTESIAN_POINT('',(0.65,0.46875,0.465));
#1651 = LINE('',#1652,#1653);
#1652 = CARTESIAN_POINT('',(0.65,0.625,0.465));
#1653 = VECTOR('',#1654,1.);
#1654 = DIRECTION('',(0.,-1.,0.));
#1655 = ORIENTED_EDGE('',*,*,#1656,.F.);
#1656 = EDGE_CURVE('',#1657,#1649,#1659,.T.);
#1657 = VERTEX_POINT('',#1658);
#1658 = CARTESIAN_POINT('',(0.65,0.625,0.465));
#1659 = LINE('',#1660,#1661);
#1660 = CARTESIAN_POINT('',(0.65,0.625,0.465));
#1661 = VECTOR('',#1662,1.);
#1662 = DIRECTION('',(0.,-1.,0.));
#1663 = ORIENTED_EDGE('',*,*,#1664,.F.);
#1664 = EDGE_CURVE('',#1617,#1657,#1665,.T.);
#1665 = LINE('',#1666,#1667);
#1666 = CARTESIAN_POINT('',(0.585,0.625,1.1));
#1667 = VECTOR('',#1668,1.);
#1668 = DIRECTION('',(0.101830105936,0.,-0.994801804142));
#1669 = PLANE('',#1670);
#1670 = AXIS2_PLACEMENT_3D('',#1671,#1672,#1673);
#1671 = CARTESIAN_POINT('',(0.585,0.625,1.1));
#1672 = DIRECTION('',(0.994801804142,0.,0.101830105936));
#1673 = DIRECTION('',(0.101830105936,0.,-0.994801804142));
#1674 = ADVANCED_FACE('',(#1675),#1700,.T.);
#1675 = FACE_BOUND('',#1676,.T.);
#1676 = EDGE_LOOP('',(#1677,#1685,#1693,#1699));
#1677 = ORIENTED_EDGE('',*,*,#1678,.F.);
#1678 = EDGE_CURVE('',#1679,#1489,#1681,.T.);
#1679 = VERTEX_POINT('',#1680);
#1680 = CARTESIAN_POINT('',(-0.9125,0.625,0.465));
#1681 = LINE('',#1682,#1683);
#1682 = CARTESIAN_POINT('',(-0.965,0.625,0.465));
#1683 = VECTOR('',#1684,1.);
#1684 = DIRECTION('',(1.,0.,0.));
#1685 = ORIENTED_EDGE('',*,*,#1686,.F.);
#1686 = EDGE_CURVE('',#1687,#1679,#1689,.T.);
#1687 = VERTEX_POINT('',#1688);
#1688 = CARTESIAN_POINT('',(-0.9125,0.46875,0.465));
#1689 = LINE('',#1690,#1691);
#1690 = CARTESIAN_POINT('',(-0.9125,7.8125E-02,0.465));
#1691 = VECTOR('',#1692,1.);
#1692 = DIRECTION('',(0.,1.,0.));
#1693 = ORIENTED_EDGE('',*,*,#1694,.F.);
#1694 = EDGE_CURVE('',#1491,#1687,#1695,.T.);
#1695 = LINE('',#1696,#1697);
#1696 = CARTESIAN_POINT('',(-0.93875,0.46875,0.465));
#1697 = VECTOR('',#1698,1.);
#1698 = DIRECTION('',(-1.,0.,0.));
#1699 = ORIENTED_EDGE('',*,*,#1488,.F.);
#1700 = PLANE('',#1701);
#1701 = AXIS2_PLACEMENT_3D('',#1702,#1703,#1704);
#1702 = CARTESIAN_POINT('',(-0.965,-0.625,0.465));
#1703 = DIRECTION('',(0.,0.,1.));
#1704 = DIRECTION('',(1.,0.,-0.));
#1705 = ADVANCED_FACE('',(#1706),#1717,.T.);
#1706 = FACE_BOUND('',#1707,.T.);
#1707 = EDGE_LOOP('',(#1708,#1709,#1710,#1711));
#1708 = ORIENTED_EDGE('',*,*,#1521,.T.);
#1709 = ORIENTED_EDGE('',*,*,#1624,.T.);
#1710 = ORIENTED_EDGE('',*,*,#1664,.T.);
#1711 = ORIENTED_EDGE('',*,*,#1712,.T.);
#1712 = EDGE_CURVE('',#1657,#1489,#1713,.T.);
#1713 = LINE('',#1714,#1715);
#1714 = CARTESIAN_POINT('',(0.65,0.625,0.465));
#1715 = VECTOR('',#1716,1.);
#1716 = DIRECTION('',(-1.,0.,-4.270088556251E-17));
#1717 = PLANE('',#1718);
#1718 = AXIS2_PLACEMENT_3D('',#1719,#1720,#1721);
#1719 = CARTESIAN_POINT('',(1.481626402817E-17,0.625,0.771483451357));
#1720 = DIRECTION('',(-5.57234551408E-33,1.,3.18580557984E-32));
#1721 = DIRECTION('',(0.,-3.18580557984E-32,1.));
#1722 = ADVANCED_FACE('',(#1723),#1750,.T.);
#1723 = FACE_BOUND('',#1724,.T.);
#1724 = EDGE_LOOP('',(#1725,#1734,#1742,#1749));
#1725 = ORIENTED_EDGE('',*,*,#1726,.F.);
#1726 = EDGE_CURVE('',#1727,#1491,#1729,.T.);
#1727 = VERTEX_POINT('',#1728);
#1728 = CARTESIAN_POINT('',(-0.685,0.46875,0.5));
#1729 = CIRCLE('',#1730,3.5E-02);
#1730 = AXIS2_PLACEMENT_3D('',#1731,#1732,#1733);
#1731 = CARTESIAN_POINT('',(-0.685,0.46875,0.465));
#1732 = DIRECTION('',(-0.,1.,0.));
#1733 = DIRECTION('',(1.,0.,0.));
#1734 = ORIENTED_EDGE('',*,*,#1735,.F.);
#1735 = EDGE_CURVE('',#1736,#1727,#1738,.T.);
#1736 = VERTEX_POINT('',#1737);
#1737 = CARTESIAN_POINT('',(-0.685,-0.46875,0.5));
#1738 = LINE('',#1739,#1740);
#1739 = CARTESIAN_POINT('',(-0.685,-0.625,0.5));
#1740 = VECTOR('',#1741,1.);
#1741 = DIRECTION('',(0.,1.,0.));
#1742 = ORIENTED_EDGE('',*,*,#1743,.T.);
#1743 = EDGE_CURVE('',#1736,#1499,#1744,.T.);
#1744 = CIRCLE('',#1745,3.5E-02);
#1745 = AXIS2_PLACEMENT_3D('',#1746,#1747,#1748);
#1746 = CARTESIAN_POINT('',(-0.685,-0.46875,0.465));
#1747 = DIRECTION('',(-0.,1.,0.));
#1748 = DIRECTION('',(1.,0.,0.));
#1749 = ORIENTED_EDGE('',*,*,#1498,.T.);
#1750 = CYLINDRICAL_SURFACE('',#1751,3.5E-02);
#1751 = AXIS2_PLACEMENT_3D('',#1752,#1753,#1754);
#1752 = CARTESIAN_POINT('',(-0.685,-0.625,0.465));
#1753 = DIRECTION('',(0.,1.,0.));
#1754 = DIRECTION('',(1.,0.,0.));
#1755 = ADVANCED_FACE('',(#1756),#1774,.T.);
#1756 = FACE_BOUND('',#1757,.T.);
#1757 = EDGE_LOOP('',(#1758,#1766,#1767,#1768));
#1758 = ORIENTED_EDGE('',*,*,#1759,.F.);
#1759 = EDGE_CURVE('',#1554,#1760,#1762,.T.);
#1760 = VERTEX_POINT('',#1761);
#1761 = CARTESIAN_POINT('',(-0.9125,-0.46875,0.465));
#1762 = LINE('',#1763,#1764);
#1763 = CARTESIAN_POINT('',(-0.9125,-0.546875,0.465));
#1764 = VECTOR('',#1765,1.);
#1765 = DIRECTION('',(0.,1.,0.));
#1766 = ORIENTED_EDGE('',*,*,#1561,.T.);
#1767 = ORIENTED_EDGE('',*,*,#1506,.F.);
#1768 = ORIENTED_EDGE('',*,*,#1769,.F.);
#1769 = EDGE_CURVE('',#1760,#1499,#1770,.T.);
#1770 = LINE('',#1771,#1772);
#1771 = CARTESIAN_POINT('',(-2.625E-02,-0.46875,0.465));
#1772 = VECTOR('',#1773,1.);
#1773 = DIRECTION('',(1.,0.,0.));
#1774 = PLANE('',#1775);
#1775 = AXIS2_PLACEMENT_3D('',#1776,#1777,#1778);
#1776 = CARTESIAN_POINT('',(-0.965,-0.625,0.465));
#1777 = DIRECTION('',(0.,0.,1.));
#1778 = DIRECTION('',(1.,0.,-0.));
#1779 = ADVANCED_FACE('',(#1780),#1841,.F.);
#1780 = FACE_BOUND('',#1781,.F.);
#1781 = EDGE_LOOP('',(#1782,#1792,#1801,#1809,#1818,#1826,#1832,#1833,
    #1834,#1835));
#1782 = ORIENTED_EDGE('',*,*,#1783,.F.);
#1783 = EDGE_CURVE('',#1784,#1786,#1788,.T.);
#1784 = VERTEX_POINT('',#1785);
#1785 = CARTESIAN_POINT('',(-0.965,-0.625,-6.938893903907E-18));
#1786 = VERTEX_POINT('',#1787);
#1787 = CARTESIAN_POINT('',(-0.9125,-0.625,0.));
#1788 = LINE('',#1789,#1790);
#1789 = CARTESIAN_POINT('',(-1.,-0.625,0.));
#1790 = VECTOR('',#1791,1.);
#1791 = DIRECTION('',(1.,0.,0.));
#1792 = ORIENTED_EDGE('',*,*,#1793,.F.);
#1793 = EDGE_CURVE('',#1794,#1784,#1796,.T.);
#1794 = VERTEX_POINT('',#1795);
#1795 = CARTESIAN_POINT('',(-1.,-0.625,3.5E-02));
#1796 = CIRCLE('',#1797,3.5E-02);
#1797 = AXIS2_PLACEMENT_3D('',#1798,#1799,#1800);
#1798 = CARTESIAN_POINT('',(-0.965,-0.625,3.5E-02));
#1799 = DIRECTION('',(0.,-1.,0.));
#1800 = DIRECTION('',(0.,0.,1.));
#1801 = ORIENTED_EDGE('',*,*,#1802,.T.);
#1802 = EDGE_CURVE('',#1794,#1803,#1805,.T.);
#1803 = VERTEX_POINT('',#1804);
#1804 = CARTESIAN_POINT('',(-1.,-0.625,0.465));
#1805 = LINE('',#1806,#1807);
#1806 = CARTESIAN_POINT('',(-1.,-0.625,0.));
#1807 = VECTOR('',#1808,1.);
#1808 = DIRECTION('',(0.,0.,1.));
#1809 = ORIENTED_EDGE('',*,*,#1810,.T.);
#1810 = EDGE_CURVE('',#1803,#1811,#1813,.T.);
#1811 = VERTEX_POINT('',#1812);
#1812 = CARTESIAN_POINT('',(-0.965,-0.625,0.5));
#1813 = CIRCLE('',#1814,3.5E-02);
#1814 = AXIS2_PLACEMENT_3D('',#1815,#1816,#1817);
#1815 = CARTESIAN_POINT('',(-0.965,-0.625,0.465));
#1816 = DIRECTION('',(0.,1.,0.));
#1817 = DIRECTION('',(0.,-0.,1.));
#1818 = ORIENTED_EDGE('',*,*,#1819,.T.);
#1819 = EDGE_CURVE('',#1811,#1820,#1822,.T.);
#1820 = VERTEX_POINT('',#1821);
#1821 = CARTESIAN_POINT('',(-0.9125,-0.625,0.5));
#1822 = LINE('',#1823,#1824);
#1823 = CARTESIAN_POINT('',(-1.,-0.625,0.5));
#1824 = VECTOR('',#1825,1.);
#1825 = DIRECTION('',(1.,0.,0.));
#1826 = ORIENTED_EDGE('',*,*,#1827,.F.);
#1827 = EDGE_CURVE('',#1554,#1820,#1828,.T.);
#1828 = LINE('',#1829,#1830);
#1829 = CARTESIAN_POINT('',(-0.9125,-0.625,0.375));
#1830 = VECTOR('',#1831,1.);
#1831 = DIRECTION('',(0.,0.,1.));
#1832 = ORIENTED_EDGE('',*,*,#1553,.F.);
#1833 = ORIENTED_EDGE('',*,*,#1545,.F.);
#1834 = ORIENTED_EDGE('',*,*,#1535,.T.);
#1835 = ORIENTED_EDGE('',*,*,#1836,.F.);
#1836 = EDGE_CURVE('',#1786,#1538,#1837,.T.);
#1837 = LINE('',#1838,#1839);
#1838 = CARTESIAN_POINT('',(-0.9125,-0.625,0.375));
#1839 = VECTOR('',#1840,1.);
#1840 = DIRECTION('',(0.,0.,1.));
#1841 = PLANE('',#1842);
#1842 = AXIS2_PLACEMENT_3D('',#1843,#1844,#1845);
#1843 = CARTESIAN_POINT('',(-1.,-0.625,0.));
#1844 = DIRECTION('',(0.,1.,0.));
#1845 = DIRECTION('',(0.,-0.,1.));
#1846 = ADVANCED_FACE('',(#1847,#1936),#1962,.F.);
#1847 = FACE_BOUND('',#1848,.F.);
#1848 = EDGE_LOOP('',(#1849,#1857,#1858,#1866,#1874,#1882,#1890,#1898,
    #1906,#1914,#1922,#1930));
#1849 = ORIENTED_EDGE('',*,*,#1850,.F.);
#1850 = EDGE_CURVE('',#1538,#1851,#1853,.T.);
#1851 = VERTEX_POINT('',#1852);
#1852 = CARTESIAN_POINT('',(-0.9125,-0.46875,3.5E-02));
#1853 = LINE('',#1854,#1855);
#1854 = CARTESIAN_POINT('',(-0.9125,-0.546875,3.5E-02));
#1855 = VECTOR('',#1856,1.);
#1856 = DIRECTION('',(0.,1.,0.));
#1857 = ORIENTED_EDGE('',*,*,#1600,.T.);
#1858 = ORIENTED_EDGE('',*,*,#1859,.F.);
#1859 = EDGE_CURVE('',#1860,#1593,#1862,.T.);
#1860 = VERTEX_POINT('',#1861);
#1861 = CARTESIAN_POINT('',(0.9125,-0.46875,3.5E-02));
#1862 = LINE('',#1863,#1864);
#1863 = CARTESIAN_POINT('',(0.9125,-0.703125,3.5E-02));
#1864 = VECTOR('',#1865,1.);
#1865 = DIRECTION('',(0.,-1.,0.));
#1866 = ORIENTED_EDGE('',*,*,#1867,.F.);
#1867 = EDGE_CURVE('',#1868,#1860,#1870,.T.);
#1868 = VERTEX_POINT('',#1869);
#1869 = CARTESIAN_POINT('',(0.65,-0.46875,3.5E-02));
#1870 = LINE('',#1871,#1872);
#1871 = CARTESIAN_POINT('',(-2.625E-02,-0.46875,3.5E-02));
#1872 = VECTOR('',#1873,1.);
#1873 = DIRECTION('',(1.,0.,0.));
#1874 = ORIENTED_EDGE('',*,*,#1875,.T.);
#1875 = EDGE_CURVE('',#1868,#1876,#1878,.T.);
#1876 = VERTEX_POINT('',#1877);
#1877 = CARTESIAN_POINT('',(0.65,0.46875,3.5E-02));
#1878 = LINE('',#1879,#1880);
#1879 = CARTESIAN_POINT('',(0.65,-0.625,3.5E-02));
#1880 = VECTOR('',#1881,1.);
#1881 = DIRECTION('',(0.,1.,0.));
#1882 = ORIENTED_EDGE('',*,*,#1883,.F.);
#1883 = EDGE_CURVE('',#1884,#1876,#1886,.T.);
#1884 = VERTEX_POINT('',#1885);
#1885 = CARTESIAN_POINT('',(0.9125,0.46875,3.5E-02));
#1886 = LINE('',#1887,#1888);
#1887 = CARTESIAN_POINT('',(-0.93875,0.46875,3.5E-02));
#1888 = VECTOR('',#1889,1.);
#1889 = DIRECTION('',(-1.,0.,0.));
#1890 = ORIENTED_EDGE('',*,*,#1891,.F.);
#1891 = EDGE_CURVE('',#1892,#1884,#1894,.T.);
#1892 = VERTEX_POINT('',#1893);
#1893 = CARTESIAN_POINT('',(0.9125,0.625,3.5E-02));
#1894 = LINE('',#1895,#1896);
#1895 = CARTESIAN_POINT('',(0.9125,-7.8125E-02,3.5E-02));
#1896 = VECTOR('',#1897,1.);
#1897 = DIRECTION('',(0.,-1.,0.));
#1898 = ORIENTED_EDGE('',*,*,#1899,.F.);
#1899 = EDGE_CURVE('',#1900,#1892,#1902,.T.);
#1900 = VERTEX_POINT('',#1901);
#1901 = CARTESIAN_POINT('',(-0.9125,0.625,3.5E-02));
#1902 = LINE('',#1903,#1904);
#1903 = CARTESIAN_POINT('',(-0.965,0.625,3.5E-02));
#1904 = VECTOR('',#1905,1.);
#1905 = DIRECTION('',(1.,0.,0.));
#1906 = ORIENTED_EDGE('',*,*,#1907,.F.);
#1907 = EDGE_CURVE('',#1908,#1900,#1910,.T.);
#1908 = VERTEX_POINT('',#1909);
#1909 = CARTESIAN_POINT('',(-0.9125,0.46875,3.5E-02));
#1910 = LINE('',#1911,#1912);
#1911 = CARTESIAN_POINT('',(-0.9125,7.8125E-02,3.5E-02));
#1912 = VECTOR('',#1913,1.);
#1913 = DIRECTION('',(0.,1.,0.));
#1914 = ORIENTED_EDGE('',*,*,#1915,.F.);
#1915 = EDGE_CURVE('',#1916,#1908,#1918,.T.);
#1916 = VERTEX_POINT('',#1917);
#1917 = CARTESIAN_POINT('',(-0.65,0.46875,3.5E-02));
#1918 = LINE('',#1919,#1920);
#1919 = CARTESIAN_POINT('',(-0.93875,0.46875,3.5E-02));
#1920 = VECTOR('',#1921,1.);
#1921 = DIRECTION('',(-1.,0.,0.));
#1922 = ORIENTED_EDGE('',*,*,#1923,.F.);
#1923 = EDGE_CURVE('',#1924,#1916,#1926,.T.);
#1924 = VERTEX_POINT('',#1925);
#1925 = CARTESIAN_POINT('',(-0.65,-0.46875,3.5E-02));
#1926 = LINE('',#1927,#1928);
#1927 = CARTESIAN_POINT('',(-0.65,-0.625,3.5E-02));
#1928 = VECTOR('',#1929,1.);
#1929 = DIRECTION('',(0.,1.,0.));
#1930 = ORIENTED_EDGE('',*,*,#1931,.F.);
#1931 = EDGE_CURVE('',#1851,#1924,#1932,.T.);
#1932 = LINE('',#1933,#1934);
#1933 = CARTESIAN_POINT('',(-2.625E-02,-0.46875,3.5E-02));
#1934 = VECTOR('',#1935,1.);
#1935 = DIRECTION('',(1.,0.,0.));
#1936 = FACE_BOUND('',#1937,.F.);
#1937 = EDGE_LOOP('',(#1938,#1948,#1956));
#1938 = ORIENTED_EDGE('',*,*,#1939,.T.);
#1939 = EDGE_CURVE('',#1940,#1942,#1944,.T.);
#1940 = VERTEX_POINT('',#1941);
#1941 = CARTESIAN_POINT('',(0.433012701892,0.5,3.5E-02));
#1942 = VERTEX_POINT('',#1943);
#1943 = CARTESIAN_POINT('',(0.433012701892,-0.5,3.5E-02));
#1944 = LINE('',#1945,#1946);
#1945 = CARTESIAN_POINT('',(0.433012701892,0.5,3.5E-02));
#1946 = VECTOR('',#1947,1.);
#1947 = DIRECTION('',(0.,-1.,0.));
#1948 = ORIENTED_EDGE('',*,*,#1949,.T.);
#1949 = EDGE_CURVE('',#1942,#1950,#1952,.T.);
#1950 = VERTEX_POINT('',#1951);
#1951 = CARTESIAN_POINT('',(-0.433012701892,0.,3.5E-02));
#1952 = LINE('',#1953,#1954);
#1953 = CARTESIAN_POINT('',(0.433012701892,-0.5,3.5E-02));
#1954 = VECTOR('',#1955,1.);
#1955 = DIRECTION('',(-0.866025403784,0.5,0.));
#1956 = ORIENTED_EDGE('',*,*,#1957,.T.);
#1957 = EDGE_CURVE('',#1950,#1940,#1958,.T.);
#1958 = LINE('',#1959,#1960);
#1959 = CARTESIAN_POINT('',(-0.433012701892,0.,3.5E-02));
#1960 = VECTOR('',#1961,1.);
#1961 = DIRECTION('',(0.866025403784,0.5,0.));
#1962 = PLANE('',#1963);
#1963 = AXIS2_PLACEMENT_3D('',#1964,#1965,#1966);
#1964 = CARTESIAN_POINT('',(-0.965,-0.625,3.5E-02));
#1965 = DIRECTION('',(0.,0.,1.));
#1966 = DIRECTION('',(1.,0.,-0.));
#1967 = ADVANCED_FACE('',(#1968),#2029,.F.);
#1968 = FACE_BOUND('',#1969,.F.);
#1969 = EDGE_LOOP('',(#1970,#1980,#1986,#1987,#1988,#1989,#1997,#2005,
    #2014,#2022));
#1970 = ORIENTED_EDGE('',*,*,#1971,.F.);
#1971 = EDGE_CURVE('',#1972,#1974,#1976,.T.);
#1972 = VERTEX_POINT('',#1973);
#1973 = CARTESIAN_POINT('',(0.9125,-0.625,0.));
#1974 = VERTEX_POINT('',#1975);
#1975 = CARTESIAN_POINT('',(0.965,-0.625,-6.938893903907E-18));
#1976 = LINE('',#1977,#1978);
#1977 = CARTESIAN_POINT('',(0.65,-0.625,0.));
#1978 = VECTOR('',#1979,1.);
#1979 = DIRECTION('',(1.,0.,0.));
#1980 = ORIENTED_EDGE('',*,*,#1981,.F.);
#1981 = EDGE_CURVE('',#1593,#1972,#1982,.T.);
#1982 = LINE('',#1983,#1984);
#1983 = CARTESIAN_POINT('',(0.9125,-0.625,0.375));
#1984 = VECTOR('',#1985,1.);
#1985 = DIRECTION('',(0.,0.,-1.));
#1986 = ORIENTED_EDGE('',*,*,#1592,.T.);
#1987 = ORIENTED_EDGE('',*,*,#1584,.T.);
#1988 = ORIENTED_EDGE('',*,*,#1576,.F.);
#1989 = ORIENTED_EDGE('',*,*,#1990,.F.);
#1990 = EDGE_CURVE('',#1991,#1569,#1993,.T.);
#1991 = VERTEX_POINT('',#1992);
#1992 = CARTESIAN_POINT('',(0.9125,-0.625,0.5));
#1993 = LINE('',#1994,#1995);
#1994 = CARTESIAN_POINT('',(0.9125,-0.625,0.375));
#1995 = VECTOR('',#1996,1.);
#1996 = DIRECTION('',(0.,0.,-1.));
#1997 = ORIENTED_EDGE('',*,*,#1998,.T.);
#1998 = EDGE_CURVE('',#1991,#1999,#2001,.T.);
#1999 = VERTEX_POINT('',#2000);
#2000 = CARTESIAN_POINT('',(0.965,-0.625,0.5));
#2001 = LINE('',#2002,#2003);
#2002 = CARTESIAN_POINT('',(0.65,-0.625,0.5));
#2003 = VECTOR('',#2004,1.);
#2004 = DIRECTION('',(1.,0.,0.));
#2005 = ORIENTED_EDGE('',*,*,#2006,.F.);
#2006 = EDGE_CURVE('',#2007,#1999,#2009,.T.);
#2007 = VERTEX_POINT('',#2008);
#2008 = CARTESIAN_POINT('',(1.,-0.625,0.465));
#2009 = CIRCLE('',#2010,3.5E-02);
#2010 = AXIS2_PLACEMENT_3D('',#2011,#2012,#2013);
#2011 = CARTESIAN_POINT('',(0.965,-0.625,0.465));
#2012 = DIRECTION('',(0.,-1.,0.));
#2013 = DIRECTION('',(0.,0.,1.));
#2014 = ORIENTED_EDGE('',*,*,#2015,.F.);
#2015 = EDGE_CURVE('',#2016,#2007,#2018,.T.);
#2016 = VERTEX_POINT('',#2017);
#2017 = CARTESIAN_POINT('',(1.,-0.625,3.5E-02));
#2018 = LINE('',#2019,#2020);
#2019 = CARTESIAN_POINT('',(1.,-0.625,0.));
#2020 = VECTOR('',#2021,1.);
#2021 = DIRECTION('',(0.,0.,1.));
#2022 = ORIENTED_EDGE('',*,*,#2023,.T.);
#2023 = EDGE_CURVE('',#2016,#1974,#2024,.T.);
#2024 = CIRCLE('',#2025,3.5E-02);
#2025 = AXIS2_PLACEMENT_3D('',#2026,#2027,#2028);
#2026 = CARTESIAN_POINT('',(0.965,-0.625,3.5E-02));
#2027 = DIRECTION('',(0.,1.,0.));
#2028 = DIRECTION('',(0.,-0.,1.));
#2029 = PLANE('',#2030);
#2030 = AXIS2_PLACEMENT_3D('',#2031,#2032,#2033);
#2031 = CARTESIAN_POINT('',(0.65,-0.625,0.));
#2032 = DIRECTION('',(0.,1.,0.));
#2033 = DIRECTION('',(0.,-0.,1.));
#2034 = ADVANCED_FACE('',(#2035),#2053,.T.);
#2035 = FACE_BOUND('',#2036,.T.);
#2036 = EDGE_LOOP('',(#2037,#2045,#2046,#2047));
#2037 = ORIENTED_EDGE('',*,*,#2038,.F.);
#2038 = EDGE_CURVE('',#1641,#2039,#2041,.T.);
#2039 = VERTEX_POINT('',#2040);
#2040 = CARTESIAN_POINT('',(0.9125,-0.46875,0.465));
#2041 = LINE('',#2042,#2043);
#2042 = CARTESIAN_POINT('',(-2.625E-02,-0.46875,0.465));
#2043 = VECTOR('',#2044,1.);
#2044 = DIRECTION('',(1.,0.,0.));
#2045 = ORIENTED_EDGE('',*,*,#1640,.T.);
#2046 = ORIENTED_EDGE('',*,*,#1568,.T.);
#2047 = ORIENTED_EDGE('',*,*,#2048,.F.);
#2048 = EDGE_CURVE('',#2039,#1569,#2049,.T.);
#2049 = LINE('',#2050,#2051);
#2050 = CARTESIAN_POINT('',(0.9125,-0.703125,0.465));
#2051 = VECTOR('',#2052,1.);
#2052 = DIRECTION('',(0.,-1.,0.));
#2053 = PLANE('',#2054);
#2054 = AXIS2_PLACEMENT_3D('',#2055,#2056,#2057);
#2055 = CARTESIAN_POINT('',(-0.965,-0.625,0.465));
#2056 = DIRECTION('',(0.,0.,1.));
#2057 = DIRECTION('',(1.,0.,-0.));
#2058 = ADVANCED_FACE('',(#2059),#2084,.T.);
#2059 = FACE_BOUND('',#2060,.T.);
#2060 = EDGE_LOOP('',(#2061,#2069,#2070,#2078));
#2061 = ORIENTED_EDGE('',*,*,#2062,.F.);
#2062 = EDGE_CURVE('',#1657,#2063,#2065,.T.);
#2063 = VERTEX_POINT('',#2064);
#2064 = CARTESIAN_POINT('',(0.9125,0.625,0.465));
#2065 = LINE('',#2066,#2067);
#2066 = CARTESIAN_POINT('',(-0.965,0.625,0.465));
#2067 = VECTOR('',#2068,1.);
#2068 = DIRECTION('',(1.,0.,0.));
#2069 = ORIENTED_EDGE('',*,*,#1656,.T.);
#2070 = ORIENTED_EDGE('',*,*,#2071,.F.);
#2071 = EDGE_CURVE('',#2072,#1649,#2074,.T.);
#2072 = VERTEX_POINT('',#2073);
#2073 = CARTESIAN_POINT('',(0.9125,0.46875,0.465));
#2074 = LINE('',#2075,#2076);
#2075 = CARTESIAN_POINT('',(-0.93875,0.46875,0.465));
#2076 = VECTOR('',#2077,1.);
#2077 = DIRECTION('',(-1.,0.,0.));
#2078 = ORIENTED_EDGE('',*,*,#2079,.F.);
#2079 = EDGE_CURVE('',#2063,#2072,#2080,.T.);
#2080 = LINE('',#2081,#2082);
#2081 = CARTESIAN_POINT('',(0.9125,-7.8125E-02,0.465));
#2082 = VECTOR('',#2083,1.);
#2083 = DIRECTION('',(0.,-1.,0.));
#2084 = PLANE('',#2085);
#2085 = AXIS2_PLACEMENT_3D('',#2086,#2087,#2088);
#2086 = CARTESIAN_POINT('',(-0.965,-0.625,0.465));
#2087 = DIRECTION('',(0.,0.,1.));
#2088 = DIRECTION('',(1.,0.,-0.));
#2089 = ADVANCED_FACE('',(#2090),#2117,.T.);
#2090 = FACE_BOUND('',#2091,.T.);
#2091 = EDGE_LOOP('',(#2092,#2093,#2102,#2110));
#2092 = ORIENTED_EDGE('',*,*,#1648,.T.);
#2093 = ORIENTED_EDGE('',*,*,#2094,.T.);
#2094 = EDGE_CURVE('',#1641,#2095,#2097,.T.);
#2095 = VERTEX_POINT('',#2096);
#2096 = CARTESIAN_POINT('',(0.685,-0.46875,0.5));
#2097 = CIRCLE('',#2098,3.5E-02);
#2098 = AXIS2_PLACEMENT_3D('',#2099,#2100,#2101);
#2099 = CARTESIAN_POINT('',(0.685,-0.46875,0.465));
#2100 = DIRECTION('',(0.,1.,-0.));
#2101 = DIRECTION('',(-1.,0.,0.));
#2102 = ORIENTED_EDGE('',*,*,#2103,.T.);
#2103 = EDGE_CURVE('',#2095,#2104,#2106,.T.);
#2104 = VERTEX_POINT('',#2105);
#2105 = CARTESIAN_POINT('',(0.685,0.46875,0.5));
#2106 = LINE('',#2107,#2108);
#2107 = CARTESIAN_POINT('',(0.685,-0.625,0.5));
#2108 = VECTOR('',#2109,1.);
#2109 = DIRECTION('',(0.,1.,0.));
#2110 = ORIENTED_EDGE('',*,*,#2111,.F.);
#2111 = EDGE_CURVE('',#1649,#2104,#2112,.T.);
#2112 = CIRCLE('',#2113,3.5E-02);
#2113 = AXIS2_PLACEMENT_3D('',#2114,#2115,#2116);
#2114 = CARTESIAN_POINT('',(0.685,0.46875,0.465));
#2115 = DIRECTION('',(0.,1.,-0.));
#2116 = DIRECTION('',(-1.,0.,0.));
#2117 = CYLINDRICAL_SURFACE('',#2118,3.5E-02);
#2118 = AXIS2_PLACEMENT_3D('',#2119,#2120,#2121);
#2119 = CARTESIAN_POINT('',(0.685,-0.625,0.465));
#2120 = DIRECTION('',(0.,1.,0.));
#2121 = DIRECTION('',(-1.,0.,0.));
#2122 = ADVANCED_FACE('',(#2123),#2173,.T.);
#2123 = FACE_BOUND('',#2124,.T.);
#2124 = EDGE_LOOP('',(#2125,#2133,#2141,#2147,#2148,#2149,#2150,#2158,
    #2166,#2172));
#2125 = ORIENTED_EDGE('',*,*,#2126,.F.);
#2126 = EDGE_CURVE('',#2127,#1900,#2129,.T.);
#2127 = VERTEX_POINT('',#2128);
#2128 = CARTESIAN_POINT('',(-0.965,0.625,3.5E-02));
#2129 = LINE('',#2130,#2131);
#2130 = CARTESIAN_POINT('',(-0.965,0.625,3.5E-02));
#2131 = VECTOR('',#2132,1.);
#2132 = DIRECTION('',(1.,0.,0.));
#2133 = ORIENTED_EDGE('',*,*,#2134,.T.);
#2134 = EDGE_CURVE('',#2127,#2135,#2137,.T.);
#2135 = VERTEX_POINT('',#2136);
#2136 = CARTESIAN_POINT('',(-0.965,0.625,0.465));
#2137 = LINE('',#2138,#2139);
#2138 = CARTESIAN_POINT('',(-0.965,0.625,3.5E-02));
#2139 = VECTOR('',#2140,1.);
#2140 = DIRECTION('',(0.,0.,1.));
#2141 = ORIENTED_EDGE('',*,*,#2142,.T.);
#2142 = EDGE_CURVE('',#2135,#1679,#2143,.T.);
#2143 = LINE('',#2144,#2145);
#2144 = CARTESIAN_POINT('',(-0.965,0.625,0.465));
#2145 = VECTOR('',#2146,1.);
#2146 = DIRECTION('',(1.,0.,0.));
#2147 = ORIENTED_EDGE('',*,*,#1678,.T.);
#2148 = ORIENTED_EDGE('',*,*,#1712,.F.);
#2149 = ORIENTED_EDGE('',*,*,#2062,.T.);
#2150 = ORIENTED_EDGE('',*,*,#2151,.T.);
#2151 = EDGE_CURVE('',#2063,#2152,#2154,.T.);
#2152 = VERTEX_POINT('',#2153);
#2153 = CARTESIAN_POINT('',(0.965,0.625,0.465));
#2154 = LINE('',#2155,#2156);
#2155 = CARTESIAN_POINT('',(-0.965,0.625,0.465));
#2156 = VECTOR('',#2157,1.);
#2157 = DIRECTION('',(1.,0.,0.));
#2158 = ORIENTED_EDGE('',*,*,#2159,.F.);
#2159 = EDGE_CURVE('',#2160,#2152,#2162,.T.);
#2160 = VERTEX_POINT('',#2161);
#2161 = CARTESIAN_POINT('',(0.965,0.625,3.5E-02));
#2162 = LINE('',#2163,#2164);
#2163 = CARTESIAN_POINT('',(0.965,0.625,3.5E-02));
#2164 = VECTOR('',#2165,1.);
#2165 = DIRECTION('',(0.,0.,1.));
#2166 = ORIENTED_EDGE('',*,*,#2167,.F.);
#2167 = EDGE_CURVE('',#1892,#2160,#2168,.T.);
#2168 = LINE('',#2169,#2170);
#2169 = CARTESIAN_POINT('',(-0.965,0.625,3.5E-02));
#2170 = VECTOR('',#2171,1.);
#2171 = DIRECTION('',(1.,0.,0.));
#2172 = ORIENTED_EDGE('',*,*,#1899,.F.);
#2173 = PLANE('',#2174);
#2174 = AXIS2_PLACEMENT_3D('',#2175,#2176,#2177);
#2175 = CARTESIAN_POINT('',(-0.965,0.625,3.5E-02));
#2176 = DIRECTION('',(0.,1.,0.));
#2177 = DIRECTION('',(0.,-0.,1.));
#2178 = ADVANCED_FACE('',(#2179),#2197,.F.);
#2179 = FACE_BOUND('',#2180,.F.);
#2180 = EDGE_LOOP('',(#2181,#2189,#2195,#2196));
#2181 = ORIENTED_EDGE('',*,*,#2182,.F.);
#2182 = EDGE_CURVE('',#2183,#1727,#2185,.T.);
#2183 = VERTEX_POINT('',#2184);
#2184 = CARTESIAN_POINT('',(-0.9125,0.46875,0.5));
#2185 = LINE('',#2186,#2187);
#2186 = CARTESIAN_POINT('',(-0.95625,0.46875,0.5));
#2187 = VECTOR('',#2188,1.);
#2188 = DIRECTION('',(1.,0.,0.));
#2189 = ORIENTED_EDGE('',*,*,#2190,.T.);
#2190 = EDGE_CURVE('',#2183,#1687,#2191,.T.);
#2191 = LINE('',#2192,#2193);
#2192 = CARTESIAN_POINT('',(-0.9125,0.46875,0.75));
#2193 = VECTOR('',#2194,1.);
#2194 = DIRECTION('',(-0.,-0.,-1.));
#2195 = ORIENTED_EDGE('',*,*,#1694,.F.);
#2196 = ORIENTED_EDGE('',*,*,#1726,.F.);
#2197 = PLANE('',#2198);
#2198 = AXIS2_PLACEMENT_3D('',#2199,#2200,#2201);
#2199 = CARTESIAN_POINT('',(-0.9125,0.46875,0.75));
#2200 = DIRECTION('',(0.,-1.,0.));
#2201 = DIRECTION('',(1.,0.,0.));
#2202 = ADVANCED_FACE('',(#2203),#2221,.F.);
#2203 = FACE_BOUND('',#2204,.F.);
#2204 = EDGE_LOOP('',(#2205,#2206,#2214,#2220));
#2205 = ORIENTED_EDGE('',*,*,#2190,.F.);
#2206 = ORIENTED_EDGE('',*,*,#2207,.F.);
#2207 = EDGE_CURVE('',#2208,#2183,#2210,.T.);
#2208 = VERTEX_POINT('',#2209);
#2209 = CARTESIAN_POINT('',(-0.9125,0.625,0.5));
#2210 = LINE('',#2211,#2212);
#2211 = CARTESIAN_POINT('',(-0.9125,7.8125E-02,0.5));
#2212 = VECTOR('',#2213,1.);
#2213 = DIRECTION('',(0.,-1.,0.));
#2214 = ORIENTED_EDGE('',*,*,#2215,.F.);
#2215 = EDGE_CURVE('',#1679,#2208,#2216,.T.);
#2216 = LINE('',#2217,#2218);
#2217 = CARTESIAN_POINT('',(-0.9125,0.625,0.375));
#2218 = VECTOR('',#2219,1.);
#2219 = DIRECTION('',(0.,0.,1.));
#2220 = ORIENTED_EDGE('',*,*,#1686,.F.);
#2221 = PLANE('',#2222);
#2222 = AXIS2_PLACEMENT_3D('',#2223,#2224,#2225);
#2223 = CARTESIAN_POINT('',(-0.9125,0.78125,0.75));
#2224 = DIRECTION('',(-1.,0.,0.));
#2225 = DIRECTION('',(0.,-1.,0.));
#2226 = ADVANCED_FACE('',(#2227),#2245,.F.);
#2227 = FACE_BOUND('',#2228,.F.);
#2228 = EDGE_LOOP('',(#2229,#2237,#2243,#2244));
#2229 = ORIENTED_EDGE('',*,*,#2230,.F.);
#2230 = EDGE_CURVE('',#2231,#1760,#2233,.T.);
#2231 = VERTEX_POINT('',#2232);
#2232 = CARTESIAN_POINT('',(-0.9125,-0.46875,0.5));
#2233 = LINE('',#2234,#2235);
#2234 = CARTESIAN_POINT('',(-0.9125,-0.46875,0.75));
#2235 = VECTOR('',#2236,1.);
#2236 = DIRECTION('',(-0.,-0.,-1.));
#2237 = ORIENTED_EDGE('',*,*,#2238,.F.);
#2238 = EDGE_CURVE('',#1736,#2231,#2239,.T.);
#2239 = LINE('',#2240,#2241);
#2240 = CARTESIAN_POINT('',(-4.375E-02,-0.46875,0.5));
#2241 = VECTOR('',#2242,1.);
#2242 = DIRECTION('',(-1.,0.,0.));
#2243 = ORIENTED_EDGE('',*,*,#1743,.T.);
#2244 = ORIENTED_EDGE('',*,*,#1769,.F.);
#2245 = PLANE('',#2246);
#2246 = AXIS2_PLACEMENT_3D('',#2247,#2248,#2249);
#2247 = CARTESIAN_POINT('',(0.9125,-0.46875,0.75));
#2248 = DIRECTION('',(0.,1.,0.));
#2249 = DIRECTION('',(-1.,0.,0.));
#2250 = ADVANCED_FACE('',(#2251),#2278,.T.);
#2251 = FACE_BOUND('',#2252,.T.);
#2252 = EDGE_LOOP('',(#2253,#2261,#2267,#2268,#2274,#2275,#2276,#2277));
#2253 = ORIENTED_EDGE('',*,*,#2254,.F.);
#2254 = EDGE_CURVE('',#2255,#2208,#2257,.T.);
#2255 = VERTEX_POINT('',#2256);
#2256 = CARTESIAN_POINT('',(-0.965,0.625,0.5));
#2257 = LINE('',#2258,#2259);
#2258 = CARTESIAN_POINT('',(-1.,0.625,0.5));
#2259 = VECTOR('',#2260,1.);
#2260 = DIRECTION('',(1.,0.,0.));
#2261 = ORIENTED_EDGE('',*,*,#2262,.F.);
#2262 = EDGE_CURVE('',#1811,#2255,#2263,.T.);
#2263 = LINE('',#2264,#2265);
#2264 = CARTESIAN_POINT('',(-0.965,-0.625,0.5));
#2265 = VECTOR('',#2266,1.);
#2266 = DIRECTION('',(0.,1.,0.));
#2267 = ORIENTED_EDGE('',*,*,#1819,.T.);
#2268 = ORIENTED_EDGE('',*,*,#2269,.F.);
#2269 = EDGE_CURVE('',#2231,#1820,#2270,.T.);
#2270 = LINE('',#2271,#2272);
#2271 = CARTESIAN_POINT('',(-0.9125,-0.546875,0.5));
#2272 = VECTOR('',#2273,1.);
#2273 = DIRECTION('',(0.,-1.,0.));
#2274 = ORIENTED_EDGE('',*,*,#2238,.F.);
#2275 = ORIENTED_EDGE('',*,*,#1735,.T.);
#2276 = ORIENTED_EDGE('',*,*,#2182,.F.);
#2277 = ORIENTED_EDGE('',*,*,#2207,.F.);
#2278 = PLANE('',#2279);
#2279 = AXIS2_PLACEMENT_3D('',#2280,#2281,#2282);
#2280 = CARTESIAN_POINT('',(-1.,-0.625,0.5));
#2281 = DIRECTION('',(0.,0.,1.));
#2282 = DIRECTION('',(1.,0.,-0.));
#2283 = ADVANCED_FACE('',(#2284),#2290,.F.);
#2284 = FACE_BOUND('',#2285,.F.);
#2285 = EDGE_LOOP('',(#2286,#2287,#2288,#2289));
#2286 = ORIENTED_EDGE('',*,*,#2269,.F.);
#2287 = ORIENTED_EDGE('',*,*,#2230,.T.);
#2288 = ORIENTED_EDGE('',*,*,#1759,.F.);
#2289 = ORIENTED_EDGE('',*,*,#1827,.T.);
#2290 = PLANE('',#2291);
#2291 = AXIS2_PLACEMENT_3D('',#2292,#2293,#2294);
#2292 = CARTESIAN_POINT('',(-0.9125,-0.46875,0.75));
#2293 = DIRECTION('',(-1.,0.,0.));
#2294 = DIRECTION('',(0.,-1.,0.));
#2295 = ADVANCED_FACE('',(#2296),#2353,.F.);
#2296 = FACE_BOUND('',#2297,.F.);
#2297 = EDGE_LOOP('',(#2298,#2308,#2314,#2315,#2323,#2331,#2339,#2347));
#2298 = ORIENTED_EDGE('',*,*,#2299,.F.);
#2299 = EDGE_CURVE('',#2300,#2302,#2304,.T.);
#2300 = VERTEX_POINT('',#2301);
#2301 = CARTESIAN_POINT('',(-0.965,0.625,-6.938893903907E-18));
#2302 = VERTEX_POINT('',#2303);
#2303 = CARTESIAN_POINT('',(-0.9125,0.625,0.));
#2304 = LINE('',#2305,#2306);
#2305 = CARTESIAN_POINT('',(-1.,0.625,0.));
#2306 = VECTOR('',#2307,1.);
#2307 = DIRECTION('',(1.,0.,0.));
#2308 = ORIENTED_EDGE('',*,*,#2309,.F.);
#2309 = EDGE_CURVE('',#1784,#2300,#2310,.T.);
#2310 = LINE('',#2311,#2312);
#2311 = CARTESIAN_POINT('',(-0.965,-0.625,-6.938893903907E-18));
#2312 = VECTOR('',#2313,1.);
#2313 = DIRECTION('',(0.,1.,0.));
#2314 = ORIENTED_EDGE('',*,*,#1783,.T.);
#2315 = ORIENTED_EDGE('',*,*,#2316,.F.);
#2316 = EDGE_CURVE('',#2317,#1786,#2319,.T.);
#2317 = VERTEX_POINT('',#2318);
#2318 = CARTESIAN_POINT('',(-0.9125,-0.46875,0.));
#2319 = LINE('',#2320,#2321);
#2320 = CARTESIAN_POINT('',(-0.9125,-0.546875,0.));
#2321 = VECTOR('',#2322,1.);
#2322 = DIRECTION('',(0.,-1.,0.));
#2323 = ORIENTED_EDGE('',*,*,#2324,.F.);
#2324 = EDGE_CURVE('',#2325,#2317,#2327,.T.);
#2325 = VERTEX_POINT('',#2326);
#2326 = CARTESIAN_POINT('',(-0.685,-0.46875,-6.938893903907E-18));
#2327 = LINE('',#2328,#2329);
#2328 = CARTESIAN_POINT('',(-4.375E-02,-0.46875,0.));
#2329 = VECTOR('',#2330,1.);
#2330 = DIRECTION('',(-1.,0.,0.));
#2331 = ORIENTED_EDGE('',*,*,#2332,.T.);
#2332 = EDGE_CURVE('',#2325,#2333,#2335,.T.);
#2333 = VERTEX_POINT('',#2334);
#2334 = CARTESIAN_POINT('',(-0.685,0.46875,-6.938893903907E-18));
#2335 = LINE('',#2336,#2337);
#2336 = CARTESIAN_POINT('',(-0.685,-0.625,-6.938893903907E-18));
#2337 = VECTOR('',#2338,1.);
#2338 = DIRECTION('',(0.,1.,0.));
#2339 = ORIENTED_EDGE('',*,*,#2340,.F.);
#2340 = EDGE_CURVE('',#2341,#2333,#2343,.T.);
#2341 = VERTEX_POINT('',#2342);
#2342 = CARTESIAN_POINT('',(-0.9125,0.46875,0.));
#2343 = LINE('',#2344,#2345);
#2344 = CARTESIAN_POINT('',(-0.95625,0.46875,0.));
#2345 = VECTOR('',#2346,1.);
#2346 = DIRECTION('',(1.,0.,0.));
#2347 = ORIENTED_EDGE('',*,*,#2348,.F.);
#2348 = EDGE_CURVE('',#2302,#2341,#2349,.T.);
#2349 = LINE('',#2350,#2351);
#2350 = CARTESIAN_POINT('',(-0.9125,7.8125E-02,0.));
#2351 = VECTOR('',#2352,1.);
#2352 = DIRECTION('',(0.,-1.,0.));
#2353 = PLANE('',#2354);
#2354 = AXIS2_PLACEMENT_3D('',#2355,#2356,#2357);
#2355 = CARTESIAN_POINT('',(-1.,-0.625,0.));
#2356 = DIRECTION('',(0.,0.,1.));
#2357 = DIRECTION('',(1.,0.,-0.));
#2358 = ADVANCED_FACE('',(#2359),#2378,.T.);
#2359 = FACE_BOUND('',#2360,.T.);
#2360 = EDGE_LOOP('',(#2361,#2369,#2376,#2377));
#2361 = ORIENTED_EDGE('',*,*,#2362,.T.);
#2362 = EDGE_CURVE('',#1794,#2363,#2365,.T.);
#2363 = VERTEX_POINT('',#2364);
#2364 = CARTESIAN_POINT('',(-1.,0.625,3.5E-02));
#2365 = LINE('',#2366,#2367);
#2366 = CARTESIAN_POINT('',(-1.,-0.625,3.5E-02));
#2367 = VECTOR('',#2368,1.);
#2368 = DIRECTION('',(0.,1.,0.));
#2369 = ORIENTED_EDGE('',*,*,#2370,.T.);
#2370 = EDGE_CURVE('',#2363,#2300,#2371,.T.);
#2371 = CIRCLE('',#2372,3.5E-02);
#2372 = AXIS2_PLACEMENT_3D('',#2373,#2374,#2375);
#2373 = CARTESIAN_POINT('',(-0.965,0.625,3.5E-02));
#2374 = DIRECTION('',(0.,-1.,0.));
#2375 = DIRECTION('',(0.,0.,1.));
#2376 = ORIENTED_EDGE('',*,*,#2309,.F.);
#2377 = ORIENTED_EDGE('',*,*,#1793,.F.);
#2378 = CYLINDRICAL_SURFACE('',#2379,3.5E-02);
#2379 = AXIS2_PLACEMENT_3D('',#2380,#2381,#2382);
#2380 = CARTESIAN_POINT('',(-0.965,-0.625,3.5E-02));
#2381 = DIRECTION('',(0.,1.,0.));
#2382 = DIRECTION('',(-1.,0.,0.));
#2383 = ADVANCED_FACE('',(#2384),#2395,.F.);
#2384 = FACE_BOUND('',#2385,.F.);
#2385 = EDGE_LOOP('',(#2386,#2387,#2393,#2394));
#2386 = ORIENTED_EDGE('',*,*,#1850,.T.);
#2387 = ORIENTED_EDGE('',*,*,#2388,.T.);
#2388 = EDGE_CURVE('',#1851,#2317,#2389,.T.);
#2389 = LINE('',#2390,#2391);
#2390 = CARTESIAN_POINT('',(-0.9125,-0.46875,0.75));
#2391 = VECTOR('',#2392,1.);
#2392 = DIRECTION('',(-0.,-0.,-1.));
#2393 = ORIENTED_EDGE('',*,*,#2316,.T.);
#2394 = ORIENTED_EDGE('',*,*,#1836,.T.);
#2395 = PLANE('',#2396);
#2396 = AXIS2_PLACEMENT_3D('',#2397,#2398,#2399);
#2397 = CARTESIAN_POINT('',(-0.9125,-0.46875,0.75));
#2398 = DIRECTION('',(-1.,0.,0.));
#2399 = DIRECTION('',(0.,-1.,0.));
#2400 = ADVANCED_FACE('',(#2401),#2419,.F.);
#2401 = FACE_BOUND('',#2402,.F.);
#2402 = EDGE_LOOP('',(#2403,#2404,#2405,#2413));
#2403 = ORIENTED_EDGE('',*,*,#1802,.F.);
#2404 = ORIENTED_EDGE('',*,*,#2362,.T.);
#2405 = ORIENTED_EDGE('',*,*,#2406,.T.);
#2406 = EDGE_CURVE('',#2363,#2407,#2409,.T.);
#2407 = VERTEX_POINT('',#2408);
#2408 = CARTESIAN_POINT('',(-1.,0.625,0.465));
#2409 = LINE('',#2410,#2411);
#2410 = CARTESIAN_POINT('',(-1.,0.625,0.));
#2411 = VECTOR('',#2412,1.);
#2412 = DIRECTION('',(0.,0.,1.));
#2413 = ORIENTED_EDGE('',*,*,#2414,.F.);
#2414 = EDGE_CURVE('',#1803,#2407,#2415,.T.);
#2415 = LINE('',#2416,#2417);
#2416 = CARTESIAN_POINT('',(-1.,-0.625,0.465));
#2417 = VECTOR('',#2418,1.);
#2418 = DIRECTION('',(0.,1.,0.));
#2419 = PLANE('',#2420);
#2420 = AXIS2_PLACEMENT_3D('',#2421,#2422,#2423);
#2421 = CARTESIAN_POINT('',(-1.,-0.625,0.));
#2422 = DIRECTION('',(1.,0.,0.));
#2423 = DIRECTION('',(0.,0.,1.));
#2424 = ADVANCED_FACE('',(#2425),#2437,.T.);
#2425 = FACE_BOUND('',#2426,.T.);
#2426 = EDGE_LOOP('',(#2427,#2428,#2429,#2436));
#2427 = ORIENTED_EDGE('',*,*,#1810,.T.);
#2428 = ORIENTED_EDGE('',*,*,#2262,.T.);
#2429 = ORIENTED_EDGE('',*,*,#2430,.F.);
#2430 = EDGE_CURVE('',#2407,#2255,#2431,.T.);
#2431 = CIRCLE('',#2432,3.5E-02);
#2432 = AXIS2_PLACEMENT_3D('',#2433,#2434,#2435);
#2433 = CARTESIAN_POINT('',(-0.965,0.625,0.465));
#2434 = DIRECTION('',(0.,1.,0.));
#2435 = DIRECTION('',(0.,-0.,1.));
#2436 = ORIENTED_EDGE('',*,*,#2414,.F.);
#2437 = CYLINDRICAL_SURFACE('',#2438,3.5E-02);
#2438 = AXIS2_PLACEMENT_3D('',#2439,#2440,#2441);
#2439 = CARTESIAN_POINT('',(-0.965,-0.625,0.465));
#2440 = DIRECTION('',(0.,1.,0.));
#2441 = DIRECTION('',(-1.,0.,0.));
#2442 = ADVANCED_FACE('',(#2443),#2455,.F.);
#2443 = FACE_BOUND('',#2444,.F.);
#2444 = EDGE_LOOP('',(#2445,#2446,#2447,#2454));
#2445 = ORIENTED_EDGE('',*,*,#2388,.F.);
#2446 = ORIENTED_EDGE('',*,*,#1931,.T.);
#2447 = ORIENTED_EDGE('',*,*,#2448,.T.);
#2448 = EDGE_CURVE('',#1924,#2325,#2449,.T.);
#2449 = CIRCLE('',#2450,3.5E-02);
#2450 = AXIS2_PLACEMENT_3D('',#2451,#2452,#2453);
#2451 = CARTESIAN_POINT('',(-0.685,-0.46875,3.5E-02));
#2452 = DIRECTION('',(-0.,1.,0.));
#2453 = DIRECTION('',(1.,0.,0.));
#2454 = ORIENTED_EDGE('',*,*,#2324,.T.);
#2455 = PLANE('',#2456);
#2456 = AXIS2_PLACEMENT_3D('',#2457,#2458,#2459);
#2457 = CARTESIAN_POINT('',(0.9125,-0.46875,0.75));
#2458 = DIRECTION('',(0.,1.,0.));
#2459 = DIRECTION('',(-1.,0.,0.));
#2460 = ADVANCED_FACE('',(#2461),#2473,.T.);
#2461 = FACE_BOUND('',#2462,.T.);
#2462 = EDGE_LOOP('',(#2463,#2464,#2465,#2466));
#2463 = ORIENTED_EDGE('',*,*,#1923,.F.);
#2464 = ORIENTED_EDGE('',*,*,#2448,.T.);
#2465 = ORIENTED_EDGE('',*,*,#2332,.T.);
#2466 = ORIENTED_EDGE('',*,*,#2467,.F.);
#2467 = EDGE_CURVE('',#1916,#2333,#2468,.T.);
#2468 = CIRCLE('',#2469,3.5E-02);
#2469 = AXIS2_PLACEMENT_3D('',#2470,#2471,#2472);
#2470 = CARTESIAN_POINT('',(-0.685,0.46875,3.5E-02));
#2471 = DIRECTION('',(-0.,1.,0.));
#2472 = DIRECTION('',(1.,0.,0.));
#2473 = CYLINDRICAL_SURFACE('',#2474,3.5E-02);
#2474 = AXIS2_PLACEMENT_3D('',#2475,#2476,#2477);
#2475 = CARTESIAN_POINT('',(-0.685,-0.625,3.5E-02));
#2476 = DIRECTION('',(0.,1.,0.));
#2477 = DIRECTION('',(1.,0.,0.));
#2478 = ADVANCED_FACE('',(#2479),#2490,.F.);
#2479 = FACE_BOUND('',#2480,.F.);
#2480 = EDGE_LOOP('',(#2481,#2482,#2488,#2489));
#2481 = ORIENTED_EDGE('',*,*,#1915,.T.);
#2482 = ORIENTED_EDGE('',*,*,#2483,.T.);
#2483 = EDGE_CURVE('',#1908,#2341,#2484,.T.);
#2484 = LINE('',#2485,#2486);
#2485 = CARTESIAN_POINT('',(-0.9125,0.46875,0.75));
#2486 = VECTOR('',#2487,1.);
#2487 = DIRECTION('',(-0.,-0.,-1.));
#2488 = ORIENTED_EDGE('',*,*,#2340,.T.);
#2489 = ORIENTED_EDGE('',*,*,#2467,.F.);
#2490 = PLANE('',#2491);
#2491 = AXIS2_PLACEMENT_3D('',#2492,#2493,#2494);
#2492 = CARTESIAN_POINT('',(-0.9125,0.46875,0.75));
#2493 = DIRECTION('',(0.,-1.,0.));
#2494 = DIRECTION('',(1.,0.,0.));
#2495 = ADVANCED_FACE('',(#2496),#2507,.F.);
#2496 = FACE_BOUND('',#2497,.F.);
#2497 = EDGE_LOOP('',(#2498,#2499,#2500,#2506));
#2498 = ORIENTED_EDGE('',*,*,#2483,.F.);
#2499 = ORIENTED_EDGE('',*,*,#1907,.T.);
#2500 = ORIENTED_EDGE('',*,*,#2501,.F.);
#2501 = EDGE_CURVE('',#2302,#1900,#2502,.T.);
#2502 = LINE('',#2503,#2504);
#2503 = CARTESIAN_POINT('',(-0.9125,0.625,0.375));
#2504 = VECTOR('',#2505,1.);
#2505 = DIRECTION('',(0.,0.,1.));
#2506 = ORIENTED_EDGE('',*,*,#2348,.T.);
#2507 = PLANE('',#2508);
#2508 = AXIS2_PLACEMENT_3D('',#2509,#2510,#2511);
#2509 = CARTESIAN_POINT('',(-0.9125,0.78125,0.75));
#2510 = DIRECTION('',(-1.,0.,0.));
#2511 = DIRECTION('',(0.,-1.,0.));
#2512 = ADVANCED_FACE('',(#2513),#2538,.F.);
#2513 = FACE_BOUND('',#2514,.F.);
#2514 = EDGE_LOOP('',(#2515,#2516,#2524,#2532));
#2515 = ORIENTED_EDGE('',*,*,#1891,.T.);
#2516 = ORIENTED_EDGE('',*,*,#2517,.T.);
#2517 = EDGE_CURVE('',#1884,#2518,#2520,.T.);
#2518 = VERTEX_POINT('',#2519);
#2519 = CARTESIAN_POINT('',(0.9125,0.46875,0.));
#2520 = LINE('',#2521,#2522);
#2521 = CARTESIAN_POINT('',(0.9125,0.46875,0.75));
#2522 = VECTOR('',#2523,1.);
#2523 = DIRECTION('',(-0.,-0.,-1.));
#2524 = ORIENTED_EDGE('',*,*,#2525,.T.);
#2525 = EDGE_CURVE('',#2518,#2526,#2528,.T.);
#2526 = VERTEX_POINT('',#2527);
#2527 = CARTESIAN_POINT('',(0.9125,0.625,0.));
#2528 = LINE('',#2529,#2530);
#2529 = CARTESIAN_POINT('',(0.9125,-7.8125E-02,0.));
#2530 = VECTOR('',#2531,1.);
#2531 = DIRECTION('',(0.,1.,0.));
#2532 = ORIENTED_EDGE('',*,*,#2533,.F.);
#2533 = EDGE_CURVE('',#1892,#2526,#2534,.T.);
#2534 = LINE('',#2535,#2536);
#2535 = CARTESIAN_POINT('',(0.9125,0.625,0.375));
#2536 = VECTOR('',#2537,1.);
#2537 = DIRECTION('',(0.,0.,-1.));
#2538 = PLANE('',#2539);
#2539 = AXIS2_PLACEMENT_3D('',#2540,#2541,#2542);
#2540 = CARTESIAN_POINT('',(0.9125,0.46875,0.75));
#2541 = DIRECTION('',(1.,0.,0.));
#2542 = DIRECTION('',(-0.,1.,0.));
#2543 = ADVANCED_FACE('',(#2544),#2563,.F.);
#2544 = FACE_BOUND('',#2545,.F.);
#2545 = EDGE_LOOP('',(#2546,#2547,#2548,#2557));
#2546 = ORIENTED_EDGE('',*,*,#2517,.F.);
#2547 = ORIENTED_EDGE('',*,*,#1883,.T.);
#2548 = ORIENTED_EDGE('',*,*,#2549,.F.);
#2549 = EDGE_CURVE('',#2550,#1876,#2552,.T.);
#2550 = VERTEX_POINT('',#2551);
#2551 = CARTESIAN_POINT('',(0.685,0.46875,-6.938893903907E-18));
#2552 = CIRCLE('',#2553,3.5E-02);
#2553 = AXIS2_PLACEMENT_3D('',#2554,#2555,#2556);
#2554 = CARTESIAN_POINT('',(0.685,0.46875,3.5E-02));
#2555 = DIRECTION('',(0.,1.,-0.));
#2556 = DIRECTION('',(-1.,0.,0.));
#2557 = ORIENTED_EDGE('',*,*,#2558,.T.);
#2558 = EDGE_CURVE('',#2550,#2518,#2559,.T.);
#2559 = LINE('',#2560,#2561);
#2560 = CARTESIAN_POINT('',(-0.13125,0.46875,0.));
#2561 = VECTOR('',#2562,1.);
#2562 = DIRECTION('',(1.,0.,0.));
#2563 = PLANE('',#2564);
#2564 = AXIS2_PLACEMENT_3D('',#2565,#2566,#2567);
#2565 = CARTESIAN_POINT('',(-0.9125,0.46875,0.75));
#2566 = DIRECTION('',(0.,-1.,0.));
#2567 = DIRECTION('',(1.,0.,0.));
#2568 = ADVANCED_FACE('',(#2569),#2588,.T.);
#2569 = FACE_BOUND('',#2570,.T.);
#2570 = EDGE_LOOP('',(#2571,#2572,#2580,#2587));
#2571 = ORIENTED_EDGE('',*,*,#2549,.F.);
#2572 = ORIENTED_EDGE('',*,*,#2573,.F.);
#2573 = EDGE_CURVE('',#2574,#2550,#2576,.T.);
#2574 = VERTEX_POINT('',#2575);
#2575 = CARTESIAN_POINT('',(0.685,-0.46875,-6.938893903907E-18));
#2576 = LINE('',#2577,#2578);
#2577 = CARTESIAN_POINT('',(0.685,-0.625,-6.938893903907E-18));
#2578 = VECTOR('',#2579,1.);
#2579 = DIRECTION('',(0.,1.,0.));
#2580 = ORIENTED_EDGE('',*,*,#2581,.T.);
#2581 = EDGE_CURVE('',#2574,#1868,#2582,.T.);
#2582 = CIRCLE('',#2583,3.5E-02);
#2583 = AXIS2_PLACEMENT_3D('',#2584,#2585,#2586);
#2584 = CARTESIAN_POINT('',(0.685,-0.46875,3.5E-02));
#2585 = DIRECTION('',(0.,1.,-0.));
#2586 = DIRECTION('',(-1.,0.,0.));
#2587 = ORIENTED_EDGE('',*,*,#1875,.T.);
#2588 = CYLINDRICAL_SURFACE('',#2589,3.5E-02);
#2589 = AXIS2_PLACEMENT_3D('',#2590,#2591,#2592);
#2590 = CARTESIAN_POINT('',(0.685,-0.625,3.5E-02));
#2591 = DIRECTION('',(0.,1.,0.));
#2592 = DIRECTION('',(-1.,0.,0.));
#2593 = ADVANCED_FACE('',(#2594),#2612,.F.);
#2594 = FACE_BOUND('',#2595,.F.);
#2595 = EDGE_LOOP('',(#2596,#2597,#2605,#2611));
#2596 = ORIENTED_EDGE('',*,*,#1867,.T.);
#2597 = ORIENTED_EDGE('',*,*,#2598,.T.);
#2598 = EDGE_CURVE('',#1860,#2599,#2601,.T.);
#2599 = VERTEX_POINT('',#2600);
#2600 = CARTESIAN_POINT('',(0.9125,-0.46875,0.));
#2601 = LINE('',#2602,#2603);
#2602 = CARTESIAN_POINT('',(0.9125,-0.46875,0.75));
#2603 = VECTOR('',#2604,1.);
#2604 = DIRECTION('',(-0.,-0.,-1.));
#2605 = ORIENTED_EDGE('',*,*,#2606,.T.);
#2606 = EDGE_CURVE('',#2599,#2574,#2607,.T.);
#2607 = LINE('',#2608,#2609);
#2608 = CARTESIAN_POINT('',(0.78125,-0.46875,0.));
#2609 = VECTOR('',#2610,1.);
#2610 = DIRECTION('',(-1.,0.,0.));
#2611 = ORIENTED_EDGE('',*,*,#2581,.T.);
#2612 = PLANE('',#2613);
#2613 = AXIS2_PLACEMENT_3D('',#2614,#2615,#2616);
#2614 = CARTESIAN_POINT('',(0.9125,-0.46875,0.75));
#2615 = DIRECTION('',(0.,1.,0.));
#2616 = DIRECTION('',(-1.,0.,0.));
#2617 = ADVANCED_FACE('',(#2618),#2629,.F.);
#2618 = FACE_BOUND('',#2619,.F.);
#2619 = EDGE_LOOP('',(#2620,#2621,#2622,#2623));
#2620 = ORIENTED_EDGE('',*,*,#2598,.F.);
#2621 = ORIENTED_EDGE('',*,*,#1859,.T.);
#2622 = ORIENTED_EDGE('',*,*,#1981,.T.);
#2623 = ORIENTED_EDGE('',*,*,#2624,.T.);
#2624 = EDGE_CURVE('',#1972,#2599,#2625,.T.);
#2625 = LINE('',#2626,#2627);
#2626 = CARTESIAN_POINT('',(0.9125,-0.703125,0.));
#2627 = VECTOR('',#2628,1.);
#2628 = DIRECTION('',(0.,1.,0.));
#2629 = PLANE('',#2630);
#2630 = AXIS2_PLACEMENT_3D('',#2631,#2632,#2633);
#2631 = CARTESIAN_POINT('',(0.9125,-0.78125,0.75));
#2632 = DIRECTION('',(1.,0.,0.));
#2633 = DIRECTION('',(-0.,1.,0.));
#2634 = ADVANCED_FACE('',(#2635),#2660,.T.);
#2635 = FACE_BOUND('',#2636,.T.);
#2636 = EDGE_LOOP('',(#2637,#2645,#2646,#2654));
#2637 = ORIENTED_EDGE('',*,*,#2638,.T.);
#2638 = EDGE_CURVE('',#2639,#1940,#2641,.T.);
#2639 = VERTEX_POINT('',#2640);
#2640 = CARTESIAN_POINT('',(0.433012701892,0.5,1.75E-02));
#2641 = LINE('',#2642,#2643);
#2642 = CARTESIAN_POINT('',(0.433012701892,0.5,1.75E-02));
#2643 = VECTOR('',#2644,1.);
#2644 = DIRECTION('',(0.,0.,1.));
#2645 = ORIENTED_EDGE('',*,*,#1939,.T.);
#2646 = ORIENTED_EDGE('',*,*,#2647,.F.);
#2647 = EDGE_CURVE('',#2648,#1942,#2650,.T.);
#2648 = VERTEX_POINT('',#2649);
#2649 = CARTESIAN_POINT('',(0.433012701892,-0.5,1.75E-02));
#2650 = LINE('',#2651,#2652);
#2651 = CARTESIAN_POINT('',(0.433012701892,-0.5,1.75E-02));
#2652 = VECTOR('',#2653,1.);
#2653 = DIRECTION('',(0.,0.,1.));
#2654 = ORIENTED_EDGE('',*,*,#2655,.F.);
#2655 = EDGE_CURVE('',#2639,#2648,#2656,.T.);
#2656 = LINE('',#2657,#2658);
#2657 = CARTESIAN_POINT('',(0.433012701892,0.5,1.75E-02));
#2658 = VECTOR('',#2659,1.);
#2659 = DIRECTION('',(0.,-1.,0.));
#2660 = PLANE('',#2661);
#2661 = AXIS2_PLACEMENT_3D('',#2662,#2663,#2664);
#2662 = CARTESIAN_POINT('',(0.433012701892,0.5,1.75E-02));
#2663 = DIRECTION('',(1.,0.,0.));
#2664 = DIRECTION('',(0.,-1.,0.));
#2665 = ADVANCED_FACE('',(#2666),#2684,.T.);
#2666 = FACE_BOUND('',#2667,.T.);
#2667 = EDGE_LOOP('',(#2668,#2676,#2677,#2678));
#2668 = ORIENTED_EDGE('',*,*,#2669,.T.);
#2669 = EDGE_CURVE('',#2670,#1950,#2672,.T.);
#2670 = VERTEX_POINT('',#2671);
#2671 = CARTESIAN_POINT('',(-0.433012701892,0.,1.75E-02));
#2672 = LINE('',#2673,#2674);
#2673 = CARTESIAN_POINT('',(-0.433012701892,0.,1.75E-02));
#2674 = VECTOR('',#2675,1.);
#2675 = DIRECTION('',(0.,0.,1.));
#2676 = ORIENTED_EDGE('',*,*,#1957,.T.);
#2677 = ORIENTED_EDGE('',*,*,#2638,.F.);
#2678 = ORIENTED_EDGE('',*,*,#2679,.F.);
#2679 = EDGE_CURVE('',#2670,#2639,#2680,.T.);
#2680 = LINE('',#2681,#2682);
#2681 = CARTESIAN_POINT('',(-0.433012701892,0.,1.75E-02));
#2682 = VECTOR('',#2683,1.);
#2683 = DIRECTION('',(0.866025403784,0.5,0.));
#2684 = PLANE('',#2685);
#2685 = AXIS2_PLACEMENT_3D('',#2686,#2687,#2688);
#2686 = CARTESIAN_POINT('',(-0.433012701892,0.,1.75E-02));
#2687 = DIRECTION('',(-0.5,0.866025403784,0.));
#2688 = DIRECTION('',(0.866025403784,0.5,0.));
#2689 = ADVANCED_FACE('',(#2690),#2701,.T.);
#2690 = FACE_BOUND('',#2691,.T.);
#2691 = EDGE_LOOP('',(#2692,#2693,#2694,#2695));
#2692 = ORIENTED_EDGE('',*,*,#2647,.T.);
#2693 = ORIENTED_EDGE('',*,*,#1949,.T.);
#2694 = ORIENTED_EDGE('',*,*,#2669,.F.);
#2695 = ORIENTED_EDGE('',*,*,#2696,.F.);
#2696 = EDGE_CURVE('',#2648,#2670,#2697,.T.);
#2697 = LINE('',#2698,#2699);
#2698 = CARTESIAN_POINT('',(0.433012701892,-0.5,1.75E-02));
#2699 = VECTOR('',#2700,1.);
#2700 = DIRECTION('',(-0.866025403784,0.5,0.));
#2701 = PLANE('',#2702);
#2702 = AXIS2_PLACEMENT_3D('',#2703,#2704,#2705);
#2703 = CARTESIAN_POINT('',(0.433012701892,-0.5,1.75E-02));
#2704 = DIRECTION('',(-0.5,-0.866025403784,0.));
#2705 = DIRECTION('',(-0.866025403784,0.5,0.));
#2706 = ADVANCED_FACE('',(#2707),#2729,.F.);
#2707 = FACE_BOUND('',#2708,.F.);
#2708 = EDGE_LOOP('',(#2709,#2717,#2718,#2719,#2720,#2721,#2722,#2723));
#2709 = ORIENTED_EDGE('',*,*,#2710,.F.);
#2710 = EDGE_CURVE('',#2526,#2711,#2713,.T.);
#2711 = VERTEX_POINT('',#2712);
#2712 = CARTESIAN_POINT('',(0.965,0.625,-6.938893903907E-18));
#2713 = LINE('',#2714,#2715);
#2714 = CARTESIAN_POINT('',(0.65,0.625,0.));
#2715 = VECTOR('',#2716,1.);
#2716 = DIRECTION('',(1.,0.,0.));
#2717 = ORIENTED_EDGE('',*,*,#2525,.F.);
#2718 = ORIENTED_EDGE('',*,*,#2558,.F.);
#2719 = ORIENTED_EDGE('',*,*,#2573,.F.);
#2720 = ORIENTED_EDGE('',*,*,#2606,.F.);
#2721 = ORIENTED_EDGE('',*,*,#2624,.F.);
#2722 = ORIENTED_EDGE('',*,*,#1971,.T.);
#2723 = ORIENTED_EDGE('',*,*,#2724,.T.);
#2724 = EDGE_CURVE('',#1974,#2711,#2725,.T.);
#2725 = LINE('',#2726,#2727);
#2726 = CARTESIAN_POINT('',(0.965,-0.625,-6.938893903907E-18));
#2727 = VECTOR('',#2728,1.);
#2728 = DIRECTION('',(0.,1.,0.));
#2729 = PLANE('',#2730);
#2730 = AXIS2_PLACEMENT_3D('',#2731,#2732,#2733);
#2731 = CARTESIAN_POINT('',(0.65,-0.625,0.));
#2732 = DIRECTION('',(0.,0.,1.));
#2733 = DIRECTION('',(1.,0.,-0.));
#2734 = ADVANCED_FACE('',(#2735),#2754,.T.);
#2735 = FACE_BOUND('',#2736,.T.);
#2736 = EDGE_LOOP('',(#2737,#2738,#2739,#2748));
#2737 = ORIENTED_EDGE('',*,*,#2023,.T.);
#2738 = ORIENTED_EDGE('',*,*,#2724,.T.);
#2739 = ORIENTED_EDGE('',*,*,#2740,.F.);
#2740 = EDGE_CURVE('',#2741,#2711,#2743,.T.);
#2741 = VERTEX_POINT('',#2742);
#2742 = CARTESIAN_POINT('',(1.,0.625,3.5E-02));
#2743 = CIRCLE('',#2744,3.5E-02);
#2744 = AXIS2_PLACEMENT_3D('',#2745,#2746,#2747);
#2745 = CARTESIAN_POINT('',(0.965,0.625,3.5E-02));
#2746 = DIRECTION('',(0.,1.,0.));
#2747 = DIRECTION('',(0.,-0.,1.));
#2748 = ORIENTED_EDGE('',*,*,#2749,.F.);
#2749 = EDGE_CURVE('',#2016,#2741,#2750,.T.);
#2750 = LINE('',#2751,#2752);
#2751 = CARTESIAN_POINT('',(1.,-0.625,3.5E-02));
#2752 = VECTOR('',#2753,1.);
#2753 = DIRECTION('',(0.,1.,0.));
#2754 = CYLINDRICAL_SURFACE('',#2755,3.5E-02);
#2755 = AXIS2_PLACEMENT_3D('',#2756,#2757,#2758);
#2756 = CARTESIAN_POINT('',(0.965,-0.625,3.5E-02));
#2757 = DIRECTION('',(0.,1.,0.));
#2758 = DIRECTION('',(1.,0.,0.));
#2759 = ADVANCED_FACE('',(#2760),#2778,.T.);
#2760 = FACE_BOUND('',#2761,.T.);
#2761 = EDGE_LOOP('',(#2762,#2763,#2764,#2772));
#2762 = ORIENTED_EDGE('',*,*,#2015,.F.);
#2763 = ORIENTED_EDGE('',*,*,#2749,.T.);
#2764 = ORIENTED_EDGE('',*,*,#2765,.T.);
#2765 = EDGE_CURVE('',#2741,#2766,#2768,.T.);
#2766 = VERTEX_POINT('',#2767);
#2767 = CARTESIAN_POINT('',(1.,0.625,0.465));
#2768 = LINE('',#2769,#2770);
#2769 = CARTESIAN_POINT('',(1.,0.625,0.));
#2770 = VECTOR('',#2771,1.);
#2771 = DIRECTION('',(0.,0.,1.));
#2772 = ORIENTED_EDGE('',*,*,#2773,.F.);
#2773 = EDGE_CURVE('',#2007,#2766,#2774,.T.);
#2774 = LINE('',#2775,#2776);
#2775 = CARTESIAN_POINT('',(1.,-0.625,0.465));
#2776 = VECTOR('',#2777,1.);
#2777 = DIRECTION('',(0.,1.,0.));
#2778 = PLANE('',#2779);
#2779 = AXIS2_PLACEMENT_3D('',#2780,#2781,#2782);
#2780 = CARTESIAN_POINT('',(1.,-0.625,0.));
#2781 = DIRECTION('',(1.,0.,0.));
#2782 = DIRECTION('',(0.,0.,1.));
#2783 = ADVANCED_FACE('',(#2784),#2803,.T.);
#2784 = FACE_BOUND('',#2785,.T.);
#2785 = EDGE_LOOP('',(#2786,#2787,#2796,#2802));
#2786 = ORIENTED_EDGE('',*,*,#2773,.T.);
#2787 = ORIENTED_EDGE('',*,*,#2788,.T.);
#2788 = EDGE_CURVE('',#2766,#2789,#2791,.T.);
#2789 = VERTEX_POINT('',#2790);
#2790 = CARTESIAN_POINT('',(0.965,0.625,0.5));
#2791 = CIRCLE('',#2792,3.5E-02);
#2792 = AXIS2_PLACEMENT_3D('',#2793,#2794,#2795);
#2793 = CARTESIAN_POINT('',(0.965,0.625,0.465));
#2794 = DIRECTION('',(0.,-1.,0.));
#2795 = DIRECTION('',(0.,0.,1.));
#2796 = ORIENTED_EDGE('',*,*,#2797,.F.);
#2797 = EDGE_CURVE('',#1999,#2789,#2798,.T.);
#2798 = LINE('',#2799,#2800);
#2799 = CARTESIAN_POINT('',(0.965,-0.625,0.5));
#2800 = VECTOR('',#2801,1.);
#2801 = DIRECTION('',(0.,1.,0.));
#2802 = ORIENTED_EDGE('',*,*,#2006,.F.);
#2803 = CYLINDRICAL_SURFACE('',#2804,3.5E-02);
#2804 = AXIS2_PLACEMENT_3D('',#2805,#2806,#2807);
#2805 = CARTESIAN_POINT('',(0.965,-0.625,0.465));
#2806 = DIRECTION('',(0.,1.,0.));
#2807 = DIRECTION('',(1.,0.,0.));
#2808 = ADVANCED_FACE('',(#2809),#2850,.T.);
#2809 = FACE_BOUND('',#2810,.T.);
#2810 = EDGE_LOOP('',(#2811,#2819,#2827,#2833,#2834,#2842,#2848,#2849));
#2811 = ORIENTED_EDGE('',*,*,#2812,.F.);
#2812 = EDGE_CURVE('',#2813,#2789,#2815,.T.);
#2813 = VERTEX_POINT('',#2814);
#2814 = CARTESIAN_POINT('',(0.9125,0.625,0.5));
#2815 = LINE('',#2816,#2817);
#2816 = CARTESIAN_POINT('',(0.65,0.625,0.5));
#2817 = VECTOR('',#2818,1.);
#2818 = DIRECTION('',(1.,0.,0.));
#2819 = ORIENTED_EDGE('',*,*,#2820,.F.);
#2820 = EDGE_CURVE('',#2821,#2813,#2823,.T.);
#2821 = VERTEX_POINT('',#2822);
#2822 = CARTESIAN_POINT('',(0.9125,0.46875,0.5));
#2823 = LINE('',#2824,#2825);
#2824 = CARTESIAN_POINT('',(0.9125,-7.8125E-02,0.5));
#2825 = VECTOR('',#2826,1.);
#2826 = DIRECTION('',(0.,1.,0.));
#2827 = ORIENTED_EDGE('',*,*,#2828,.F.);
#2828 = EDGE_CURVE('',#2104,#2821,#2829,.T.);
#2829 = LINE('',#2830,#2831);
#2830 = CARTESIAN_POINT('',(-0.13125,0.46875,0.5));
#2831 = VECTOR('',#2832,1.);
#2832 = DIRECTION('',(1.,0.,0.));
#2833 = ORIENTED_EDGE('',*,*,#2103,.F.);
#2834 = ORIENTED_EDGE('',*,*,#2835,.F.);
#2835 = EDGE_CURVE('',#2836,#2095,#2838,.T.);
#2836 = VERTEX_POINT('',#2837);
#2837 = CARTESIAN_POINT('',(0.9125,-0.46875,0.5));
#2838 = LINE('',#2839,#2840);
#2839 = CARTESIAN_POINT('',(0.78125,-0.46875,0.5));
#2840 = VECTOR('',#2841,1.);
#2841 = DIRECTION('',(-1.,0.,0.));
#2842 = ORIENTED_EDGE('',*,*,#2843,.F.);
#2843 = EDGE_CURVE('',#1991,#2836,#2844,.T.);
#2844 = LINE('',#2845,#2846);
#2845 = CARTESIAN_POINT('',(0.9125,-0.703125,0.5));
#2846 = VECTOR('',#2847,1.);
#2847 = DIRECTION('',(0.,1.,0.));
#2848 = ORIENTED_EDGE('',*,*,#1998,.T.);
#2849 = ORIENTED_EDGE('',*,*,#2797,.T.);
#2850 = PLANE('',#2851);
#2851 = AXIS2_PLACEMENT_3D('',#2852,#2853,#2854);
#2852 = CARTESIAN_POINT('',(0.65,-0.625,0.5));
#2853 = DIRECTION('',(0.,0.,1.));
#2854 = DIRECTION('',(1.,0.,-0.));
#2855 = ADVANCED_FACE('',(#2856),#2867,.F.);
#2856 = FACE_BOUND('',#2857,.F.);
#2857 = EDGE_LOOP('',(#2858,#2864,#2865,#2866));
#2858 = ORIENTED_EDGE('',*,*,#2859,.F.);
#2859 = EDGE_CURVE('',#2836,#2039,#2860,.T.);
#2860 = LINE('',#2861,#2862);
#2861 = CARTESIAN_POINT('',(0.9125,-0.46875,0.75));
#2862 = VECTOR('',#2863,1.);
#2863 = DIRECTION('',(-0.,-0.,-1.));
#2864 = ORIENTED_EDGE('',*,*,#2843,.F.);
#2865 = ORIENTED_EDGE('',*,*,#1990,.T.);
#2866 = ORIENTED_EDGE('',*,*,#2048,.F.);
#2867 = PLANE('',#2868);
#2868 = AXIS2_PLACEMENT_3D('',#2869,#2870,#2871);
#2869 = CARTESIAN_POINT('',(0.9125,-0.78125,0.75));
#2870 = DIRECTION('',(1.,0.,0.));
#2871 = DIRECTION('',(-0.,1.,0.));
#2872 = ADVANCED_FACE('',(#2873),#2879,.F.);
#2873 = FACE_BOUND('',#2874,.F.);
#2874 = EDGE_LOOP('',(#2875,#2876,#2877,#2878));
#2875 = ORIENTED_EDGE('',*,*,#2835,.F.);
#2876 = ORIENTED_EDGE('',*,*,#2859,.T.);
#2877 = ORIENTED_EDGE('',*,*,#2038,.F.);
#2878 = ORIENTED_EDGE('',*,*,#2094,.T.);
#2879 = PLANE('',#2880);
#2880 = AXIS2_PLACEMENT_3D('',#2881,#2882,#2883);
#2881 = CARTESIAN_POINT('',(0.9125,-0.46875,0.75));
#2882 = DIRECTION('',(0.,1.,0.));
#2883 = DIRECTION('',(-1.,0.,0.));
#2884 = ADVANCED_FACE('',(#2885),#2901,.F.);
#2885 = FACE_BOUND('',#2886,.F.);
#2886 = EDGE_LOOP('',(#2887,#2888,#2894,#2895));
#2887 = ORIENTED_EDGE('',*,*,#2820,.F.);
#2888 = ORIENTED_EDGE('',*,*,#2889,.T.);
#2889 = EDGE_CURVE('',#2821,#2072,#2890,.T.);
#2890 = LINE('',#2891,#2892);
#2891 = CARTESIAN_POINT('',(0.9125,0.46875,0.75));
#2892 = VECTOR('',#2893,1.);
#2893 = DIRECTION('',(-0.,-0.,-1.));
#2894 = ORIENTED_EDGE('',*,*,#2079,.F.);
#2895 = ORIENTED_EDGE('',*,*,#2896,.F.);
#2896 = EDGE_CURVE('',#2813,#2063,#2897,.T.);
#2897 = LINE('',#2898,#2899);
#2898 = CARTESIAN_POINT('',(0.9125,0.625,0.375));
#2899 = VECTOR('',#2900,1.);
#2900 = DIRECTION('',(0.,0.,-1.));
#2901 = PLANE('',#2902);
#2902 = AXIS2_PLACEMENT_3D('',#2903,#2904,#2905);
#2903 = CARTESIAN_POINT('',(0.9125,0.46875,0.75));
#2904 = DIRECTION('',(1.,0.,0.));
#2905 = DIRECTION('',(-0.,1.,0.));
#2906 = ADVANCED_FACE('',(#2907),#2913,.F.);
#2907 = FACE_BOUND('',#2908,.F.);
#2908 = EDGE_LOOP('',(#2909,#2910,#2911,#2912));
#2909 = ORIENTED_EDGE('',*,*,#2889,.F.);
#2910 = ORIENTED_EDGE('',*,*,#2828,.F.);
#2911 = ORIENTED_EDGE('',*,*,#2111,.F.);
#2912 = ORIENTED_EDGE('',*,*,#2071,.F.);
#2913 = PLANE('',#2914);
#2914 = AXIS2_PLACEMENT_3D('',#2915,#2916,#2917);
#2915 = CARTESIAN_POINT('',(-0.9125,0.46875,0.75));
#2916 = DIRECTION('',(0.,-1.,0.));
#2917 = DIRECTION('',(1.,0.,0.));
#2918 = ADVANCED_FACE('',(#2919),#2931,.T.);
#2919 = FACE_BOUND('',#2920,.T.);
#2920 = EDGE_LOOP('',(#2921,#2922,#2923,#2924,#2925,#2926,#2927,#2928,
    #2929,#2930));
#2921 = ORIENTED_EDGE('',*,*,#2299,.F.);
#2922 = ORIENTED_EDGE('',*,*,#2370,.F.);
#2923 = ORIENTED_EDGE('',*,*,#2406,.T.);
#2924 = ORIENTED_EDGE('',*,*,#2430,.T.);
#2925 = ORIENTED_EDGE('',*,*,#2254,.T.);
#2926 = ORIENTED_EDGE('',*,*,#2215,.F.);
#2927 = ORIENTED_EDGE('',*,*,#2142,.F.);
#2928 = ORIENTED_EDGE('',*,*,#2134,.F.);
#2929 = ORIENTED_EDGE('',*,*,#2126,.T.);
#2930 = ORIENTED_EDGE('',*,*,#2501,.F.);
#2931 = PLANE('',#2932);
#2932 = AXIS2_PLACEMENT_3D('',#2933,#2934,#2935);
#2933 = CARTESIAN_POINT('',(-1.,0.625,0.));
#2934 = DIRECTION('',(0.,1.,0.));
#2935 = DIRECTION('',(0.,-0.,1.));
#2936 = ADVANCED_FACE('',(#2937),#2949,.T.);
#2937 = FACE_BOUND('',#2938,.T.);
#2938 = EDGE_LOOP('',(#2939,#2940,#2941,#2942,#2943,#2944,#2945,#2946,
    #2947,#2948));
#2939 = ORIENTED_EDGE('',*,*,#2710,.F.);
#2940 = ORIENTED_EDGE('',*,*,#2533,.F.);
#2941 = ORIENTED_EDGE('',*,*,#2167,.T.);
#2942 = ORIENTED_EDGE('',*,*,#2159,.T.);
#2943 = ORIENTED_EDGE('',*,*,#2151,.F.);
#2944 = ORIENTED_EDGE('',*,*,#2896,.F.);
#2945 = ORIENTED_EDGE('',*,*,#2812,.T.);
#2946 = ORIENTED_EDGE('',*,*,#2788,.F.);
#2947 = ORIENTED_EDGE('',*,*,#2765,.F.);
#2948 = ORIENTED_EDGE('',*,*,#2740,.T.);
#2949 = PLANE('',#2950);
#2950 = AXIS2_PLACEMENT_3D('',#2951,#2952,#2953);
#2951 = CARTESIAN_POINT('',(0.65,0.625,0.));
#2952 = DIRECTION('',(0.,1.,0.));
#2953 = DIRECTION('',(0.,-0.,1.));
#2954 = ADVANCED_FACE('',(#2955),#2960,.T.);
#2955 = FACE_BOUND('',#2956,.T.);
#2956 = EDGE_LOOP('',(#2957,#2958,#2959));
#2957 = ORIENTED_EDGE('',*,*,#2679,.T.);
#2958 = ORIENTED_EDGE('',*,*,#2655,.T.);
#2959 = ORIENTED_EDGE('',*,*,#2696,.T.);
#2960 = PLANE('',#2961);
#2961 = AXIS2_PLACEMENT_3D('',#2962,#2963,#2964);
#2962 = CARTESIAN_POINT('',(0.144337567297,9.251858538543E-18,1.75E-02)
  );
#2963 = DIRECTION('',(-0.,-0.,-1.));
#2964 = DIRECTION('',(-1.,0.,0.));
#2965 = ( GEOMETRIC_REPRESENTATION_CONTEXT(3) 
GLOBAL_UNCERTAINTY_ASSIGNED_CONTEXT((#2969)) 
GLOBAL_UNIT_ASSIGNED_CONTEXT((#2966,#2967,#2968)) REPRESENTATION_CONTEXT
('Context #1','3D Context with UNIT and UNCERTAINTY') );
#2966 = ( LENGTH_UNIT() NAMED_UNIT(*) SI_UNIT(.MILLI.,.METRE.) );
#2967 = ( NAMED_UNIT(*) PLANE_ANGLE_UNIT() SI_UNIT($,.RADIAN.) );
#2968 = ( NAMED_UNIT(*) SI_UNIT($,.STERADIAN.) SOLID_ANGLE_UNIT() );
#2969 = UNCERTAINTY_MEASURE_WITH_UNIT(LENGTH_MEASURE(1.E-07),#2966,
  'distance_accuracy_value','confusion accuracy');
#2970 = CONTEXT_DEPENDENT_SHAPE_REPRESENTATION(#2971,#2973);
#2971 = ( REPRESENTATION_RELATIONSHIP('','',#1441,#10) 
REPRESENTATION_RELATIONSHIP_WITH_TRANSFORMATION(#2972) 
SHAPE_REPRESENTATION_RELATIONSHIP() );
#2972 = ITEM_DEFINED_TRANSFORMATION('','',#11,#19);
#2973 = PRODUCT_DEFINITION_SHAPE('Placement','Placement of an item',
  #2974);
#2974 = NEXT_ASSEMBLY_USAGE_OCCURRENCE('5','D1','',#5,#1436,$);
#2975 = PRODUCT_RELATED_PRODUCT_CATEGORY('part',$,(#1438));
#2976 = SHAPE_DEFINITION_REPRESENTATION(#2977,#2983);
#2977 = PRODUCT_DEFINITION_SHAPE('','',#2978);
#2978 = PRODUCT_DEFINITION('design','',#2979,#2982);
#2979 = PRODUCT_DEFINITION_FORMATION('','',#2980);
#2980 = PRODUCT('PinSocket_1x04_P2.54mm_Vertical',
  'PinSocket_1x04_P2.54mm_Vertical','',(#2981));
#2981 = PRODUCT_CONTEXT('',#2,'mechanical');
#2982 = PRODUCT_DEFINITION_CONTEXT('part definition',#2,'design');
#2983 = ADVANCED_BREP_SHAPE_REPRESENTATION('',(#11,#2984),#6370);
#2984 = MANIFOLD_SOLID_BREP('',#2985);
#2985 = CLOSED_SHELL('',(#2986,#3026,#3089,#3152,#3169,#3322,#3344,#3361
    ,#3642,#3654,#3666,#3697,#3721,#3745,#3762,#3793,#3817,#3841,#3858,
    #3889,#3913,#3937,#3954,#3985,#4009,#4033,#4050,#4067,#4114,#4131,
    #4178,#4195,#4242,#4259,#4306,#4323,#4370,#4387,#4434,#4451,#4498,
    #4515,#4562,#4593,#4649,#4673,#4722,#4753,#4809,#4833,#4882,#4913,
    #4969,#4993,#5042,#5073,#5129,#5153,#5202,#5219,#5236,#5253,#5270,
    #5282,#5299,#5316,#5333,#5350,#5362,#5379,#5396,#5413,#5430,#5442,
    #5459,#5476,#5493,#5510,#5522,#5539,#5556,#5605,#5629,#5671,#5688,
    #5705,#5722,#5771,#5795,#5837,#5854,#5871,#5888,#5937,#5961,#6003,
    #6020,#6037,#6054,#6103,#6127,#6169,#6186,#6203,#6220,#6232,#6249,
    #6266,#6278,#6295,#6312,#6324,#6341,#6358));
#2986 = ADVANCED_FACE('',(#2987),#3021,.F.);
#2987 = FACE_BOUND('',#2988,.F.);
#2988 = EDGE_LOOP('',(#2989,#2999,#3007,#3015));
#2989 = ORIENTED_EDGE('',*,*,#2990,.T.);
#2990 = EDGE_CURVE('',#2991,#2993,#2995,.T.);
#2991 = VERTEX_POINT('',#2992);
#2992 = CARTESIAN_POINT('',(1.27,-8.89,0.));
#2993 = VERTEX_POINT('',#2994);
#2994 = CARTESIAN_POINT('',(1.27,-8.89,8.5));
#2995 = LINE('',#2996,#2997);
#2996 = CARTESIAN_POINT('',(1.27,-8.89,0.));
#2997 = VECTOR('',#2998,1.);
#2998 = DIRECTION('',(0.,0.,1.));
#2999 = ORIENTED_EDGE('',*,*,#3000,.T.);
#3000 = EDGE_CURVE('',#2993,#3001,#3003,.T.);
#3001 = VERTEX_POINT('',#3002);
#3002 = CARTESIAN_POINT('',(1.27,1.27,8.5));
#3003 = LINE('',#3004,#3005);
#3004 = CARTESIAN_POINT('',(1.27,-8.89,8.5));
#3005 = VECTOR('',#3006,1.);
#3006 = DIRECTION('',(1.110223024625E-16,1.,0.));
#3007 = ORIENTED_EDGE('',*,*,#3008,.F.);
#3008 = EDGE_CURVE('',#3009,#3001,#3011,.T.);
#3009 = VERTEX_POINT('',#3010);
#3010 = CARTESIAN_POINT('',(1.27,1.27,0.));
#3011 = LINE('',#3012,#3013);
#3012 = CARTESIAN_POINT('',(1.27,1.27,0.));
#3013 = VECTOR('',#3014,1.);
#3014 = DIRECTION('',(0.,0.,1.));
#3015 = ORIENTED_EDGE('',*,*,#3016,.F.);
#3016 = EDGE_CURVE('',#2991,#3009,#3017,.T.);
#3017 = LINE('',#3018,#3019);
#3018 = CARTESIAN_POINT('',(1.27,-8.89,0.));
#3019 = VECTOR('',#3020,1.);
#3020 = DIRECTION('',(1.110223024625E-16,1.,0.));
#3021 = PLANE('',#3022);
#3022 = AXIS2_PLACEMENT_3D('',#3023,#3024,#3025);
#3023 = CARTESIAN_POINT('',(1.27,-8.89,0.));
#3024 = DIRECTION('',(-1.,1.110223024625E-16,0.));
#3025 = DIRECTION('',(1.110223024625E-16,1.,0.));
#3026 = ADVANCED_FACE('',(#3027),#3084,.F.);
#3027 = FACE_BOUND('',#3028,.F.);
#3028 = EDGE_LOOP('',(#3029,#3039,#3047,#3053,#3054,#3062,#3070,#3078));
#3029 = ORIENTED_EDGE('',*,*,#3030,.F.);
#3030 = EDGE_CURVE('',#3031,#3033,#3035,.T.);
#3031 = VERTEX_POINT('',#3032);
#3032 = CARTESIAN_POINT('',(-1.27,-8.89,0.));
#3033 = VERTEX_POINT('',#3034);
#3034 = CARTESIAN_POINT('',(-0.846666666667,-8.89,0.));
#3035 = LINE('',#3036,#3037);
#3036 = CARTESIAN_POINT('',(-1.27,-8.89,0.));
#3037 = VECTOR('',#3038,1.);
#3038 = DIRECTION('',(1.,-1.110223024625E-16,0.));
#3039 = ORIENTED_EDGE('',*,*,#3040,.T.);
#3040 = EDGE_CURVE('',#3031,#3041,#3043,.T.);
#3041 = VERTEX_POINT('',#3042);
#3042 = CARTESIAN_POINT('',(-1.27,-8.89,8.5));
#3043 = LINE('',#3044,#3045);
#3044 = CARTESIAN_POINT('',(-1.27,-8.89,0.));
#3045 = VECTOR('',#3046,1.);
#3046 = DIRECTION('',(0.,0.,1.));
#3047 = ORIENTED_EDGE('',*,*,#3048,.T.);
#3048 = EDGE_CURVE('',#3041,#2993,#3049,.T.);
#3049 = LINE('',#3050,#3051);
#3050 = CARTESIAN_POINT('',(-1.27,-8.89,8.5));
#3051 = VECTOR('',#3052,1.);
#3052 = DIRECTION('',(1.,-1.110223024625E-16,0.));
#3053 = ORIENTED_EDGE('',*,*,#2990,.F.);
#3054 = ORIENTED_EDGE('',*,*,#3055,.F.);
#3055 = EDGE_CURVE('',#3056,#2991,#3058,.T.);
#3056 = VERTEX_POINT('',#3057);
#3057 = CARTESIAN_POINT('',(0.846666666667,-8.89,0.));
#3058 = LINE('',#3059,#3060);
#3059 = CARTESIAN_POINT('',(-1.27,-8.89,0.));
#3060 = VECTOR('',#3061,1.);
#3061 = DIRECTION('',(1.,-1.110223024625E-16,0.));
#3062 = ORIENTED_EDGE('',*,*,#3063,.T.);
#3063 = EDGE_CURVE('',#3056,#3064,#3066,.T.);
#3064 = VERTEX_POINT('',#3065);
#3065 = CARTESIAN_POINT('',(0.846666666667,-8.89,0.2));
#3066 = LINE('',#3067,#3068);
#3067 = CARTESIAN_POINT('',(0.846666666667,-8.89,0.));
#3068 = VECTOR('',#3069,1.);
#3069 = DIRECTION('',(0.,0.,1.));
#3070 = ORIENTED_EDGE('',*,*,#3071,.F.);
#3071 = EDGE_CURVE('',#3072,#3064,#3074,.T.);
#3072 = VERTEX_POINT('',#3073);
#3073 = CARTESIAN_POINT('',(-0.846666666667,-8.89,0.2));
#3074 = LINE('',#3075,#3076);
#3075 = CARTESIAN_POINT('',(-0.846666666667,-8.89,0.2));
#3076 = VECTOR('',#3077,1.);
#3077 = DIRECTION('',(1.,-1.110223024625E-16,0.));
#3078 = ORIENTED_EDGE('',*,*,#3079,.F.);
#3079 = EDGE_CURVE('',#3033,#3072,#3080,.T.);
#3080 = LINE('',#3081,#3082);
#3081 = CARTESIAN_POINT('',(-0.846666666667,-8.89,0.));
#3082 = VECTOR('',#3083,1.);
#3083 = DIRECTION('',(0.,0.,1.));
#3084 = PLANE('',#3085);
#3085 = AXIS2_PLACEMENT_3D('',#3086,#3087,#3088);
#3086 = CARTESIAN_POINT('',(-1.27,-8.89,0.));
#3087 = DIRECTION('',(1.110223024625E-16,1.,0.));
#3088 = DIRECTION('',(1.,-1.110223024625E-16,0.));
#3089 = ADVANCED_FACE('',(#3090),#3147,.F.);
#3090 = FACE_BOUND('',#3091,.F.);
#3091 = EDGE_LOOP('',(#3092,#3100,#3101,#3109,#3117,#3125,#3133,#3141));
#3092 = ORIENTED_EDGE('',*,*,#3093,.F.);
#3093 = EDGE_CURVE('',#3009,#3094,#3096,.T.);
#3094 = VERTEX_POINT('',#3095);
#3095 = CARTESIAN_POINT('',(0.846666666667,1.27,0.));
#3096 = LINE('',#3097,#3098);
#3097 = CARTESIAN_POINT('',(1.27,1.27,0.));
#3098 = VECTOR('',#3099,1.);
#3099 = DIRECTION('',(-1.,1.110223024625E-16,0.));
#3100 = ORIENTED_EDGE('',*,*,#3008,.T.);
#3101 = ORIENTED_EDGE('',*,*,#3102,.T.);
#3102 = EDGE_CURVE('',#3001,#3103,#3105,.T.);
#3103 = VERTEX_POINT('',#3104);
#3104 = CARTESIAN_POINT('',(-1.27,1.27,8.5));
#3105 = LINE('',#3106,#3107);
#3106 = CARTESIAN_POINT('',(1.27,1.27,8.5));
#3107 = VECTOR('',#3108,1.);
#3108 = DIRECTION('',(-1.,1.110223024625E-16,0.));
#3109 = ORIENTED_EDGE('',*,*,#3110,.F.);
#3110 = EDGE_CURVE('',#3111,#3103,#3113,.T.);
#3111 = VERTEX_POINT('',#3112);
#3112 = CARTESIAN_POINT('',(-1.27,1.27,0.));
#3113 = LINE('',#3114,#3115);
#3114 = CARTESIAN_POINT('',(-1.27,1.27,0.));
#3115 = VECTOR('',#3116,1.);
#3116 = DIRECTION('',(0.,0.,1.));
#3117 = ORIENTED_EDGE('',*,*,#3118,.F.);
#3118 = EDGE_CURVE('',#3119,#3111,#3121,.T.);
#3119 = VERTEX_POINT('',#3120);
#3120 = CARTESIAN_POINT('',(-0.846666666667,1.27,0.));
#3121 = LINE('',#3122,#3123);
#3122 = CARTESIAN_POINT('',(1.27,1.27,0.));
#3123 = VECTOR('',#3124,1.);
#3124 = DIRECTION('',(-1.,1.110223024625E-16,0.));
#3125 = ORIENTED_EDGE('',*,*,#3126,.T.);
#3126 = EDGE_CURVE('',#3119,#3127,#3129,.T.);
#3127 = VERTEX_POINT('',#3128);
#3128 = CARTESIAN_POINT('',(-0.846666666667,1.27,0.2));
#3129 = LINE('',#3130,#3131);
#3130 = CARTESIAN_POINT('',(-0.846666666667,1.27,0.));
#3131 = VECTOR('',#3132,1.);
#3132 = DIRECTION('',(0.,0.,1.));
#3133 = ORIENTED_EDGE('',*,*,#3134,.F.);
#3134 = EDGE_CURVE('',#3135,#3127,#3137,.T.);
#3135 = VERTEX_POINT('',#3136);
#3136 = CARTESIAN_POINT('',(0.846666666667,1.27,0.2));
#3137 = LINE('',#3138,#3139);
#3138 = CARTESIAN_POINT('',(0.846666666667,1.27,0.2));
#3139 = VECTOR('',#3140,1.);
#3140 = DIRECTION('',(-1.,1.110223024625E-16,0.));
#3141 = ORIENTED_EDGE('',*,*,#3142,.F.);
#3142 = EDGE_CURVE('',#3094,#3135,#3143,.T.);
#3143 = LINE('',#3144,#3145);
#3144 = CARTESIAN_POINT('',(0.846666666667,1.27,0.));
#3145 = VECTOR('',#3146,1.);
#3146 = DIRECTION('',(0.,0.,1.));
#3147 = PLANE('',#3148);
#3148 = AXIS2_PLACEMENT_3D('',#3149,#3150,#3151);
#3149 = CARTESIAN_POINT('',(1.27,1.27,0.));
#3150 = DIRECTION('',(-1.110223024625E-16,-1.,0.));
#3151 = DIRECTION('',(-1.,1.110223024625E-16,0.));
#3152 = ADVANCED_FACE('',(#3153),#3164,.F.);
#3153 = FACE_BOUND('',#3154,.F.);
#3154 = EDGE_LOOP('',(#3155,#3156,#3157,#3158));
#3155 = ORIENTED_EDGE('',*,*,#3055,.T.);
#3156 = ORIENTED_EDGE('',*,*,#3016,.T.);
#3157 = ORIENTED_EDGE('',*,*,#3093,.T.);
#3158 = ORIENTED_EDGE('',*,*,#3159,.F.);
#3159 = EDGE_CURVE('',#3056,#3094,#3160,.T.);
#3160 = LINE('',#3161,#3162);
#3161 = CARTESIAN_POINT('',(0.846666666667,-8.89,0.));
#3162 = VECTOR('',#3163,1.);
#3163 = DIRECTION('',(1.110223024625E-16,1.,0.));
#3164 = PLANE('',#3165);
#3165 = AXIS2_PLACEMENT_3D('',#3166,#3167,#3168);
#3166 = CARTESIAN_POINT('',(-3.952393967666E-16,-3.81,0.));
#3167 = DIRECTION('',(0.,0.,1.));
#3168 = DIRECTION('',(1.110223024625E-16,1.,-0.));
#3169 = ADVANCED_FACE('',(#3170,#3181,#3215,#3249,#3283),#3317,.T.);
#3170 = FACE_BOUND('',#3171,.T.);
#3171 = EDGE_LOOP('',(#3172,#3173,#3174,#3180));
#3172 = ORIENTED_EDGE('',*,*,#3000,.T.);
#3173 = ORIENTED_EDGE('',*,*,#3102,.T.);
#3174 = ORIENTED_EDGE('',*,*,#3175,.T.);
#3175 = EDGE_CURVE('',#3103,#3041,#3176,.T.);
#3176 = LINE('',#3177,#3178);
#3177 = CARTESIAN_POINT('',(-1.27,1.27,8.5));
#3178 = VECTOR('',#3179,1.);
#3179 = DIRECTION('',(-1.110223024625E-16,-1.,0.));
#3180 = ORIENTED_EDGE('',*,*,#3048,.T.);
#3181 = FACE_BOUND('',#3182,.T.);
#3182 = EDGE_LOOP('',(#3183,#3193,#3201,#3209));
#3183 = ORIENTED_EDGE('',*,*,#3184,.F.);
#3184 = EDGE_CURVE('',#3185,#3187,#3189,.T.);
#3185 = VERTEX_POINT('',#3186);
#3186 = CARTESIAN_POINT('',(0.6,-8.22,8.5));
#3187 = VERTEX_POINT('',#3188);
#3188 = CARTESIAN_POINT('',(0.6,-7.02,8.5));
#3189 = LINE('',#3190,#3191);
#3190 = CARTESIAN_POINT('',(0.6,-8.22,8.5));
#3191 = VECTOR('',#3192,1.);
#3192 = DIRECTION('',(1.110223024625E-16,1.,0.));
#3193 = ORIENTED_EDGE('',*,*,#3194,.F.);
#3194 = EDGE_CURVE('',#3195,#3185,#3197,.T.);
#3195 = VERTEX_POINT('',#3196);
#3196 = CARTESIAN_POINT('',(-0.6,-8.22,8.5));
#3197 = LINE('',#3198,#3199);
#3198 = CARTESIAN_POINT('',(-0.6,-8.22,8.5));
#3199 = VECTOR('',#3200,1.);
#3200 = DIRECTION('',(1.,-1.110223024625E-16,0.));
#3201 = ORIENTED_EDGE('',*,*,#3202,.F.);
#3202 = EDGE_CURVE('',#3203,#3195,#3205,.T.);
#3203 = VERTEX_POINT('',#3204);
#3204 = CARTESIAN_POINT('',(-0.6,-7.02,8.5));
#3205 = LINE('',#3206,#3207);
#3206 = CARTESIAN_POINT('',(-0.6,-7.02,8.5));
#3207 = VECTOR('',#3208,1.);
#3208 = DIRECTION('',(-1.110223024625E-16,-1.,0.));
#3209 = ORIENTED_EDGE('',*,*,#3210,.F.);
#3210 = EDGE_CURVE('',#3187,#3203,#3211,.T.);
#3211 = LINE('',#3212,#3213);
#3212 = CARTESIAN_POINT('',(0.6,-7.02,8.5));
#3213 = VECTOR('',#3214,1.);
#3214 = DIRECTION('',(-1.,1.110223024625E-16,0.));
#3215 = FACE_BOUND('',#3216,.T.);
#3216 = EDGE_LOOP('',(#3217,#3227,#3235,#3243));
#3217 = ORIENTED_EDGE('',*,*,#3218,.F.);
#3218 = EDGE_CURVE('',#3219,#3221,#3223,.T.);
#3219 = VERTEX_POINT('',#3220);
#3220 = CARTESIAN_POINT('',(0.6,-5.68,8.5));
#3221 = VERTEX_POINT('',#3222);
#3222 = CARTESIAN_POINT('',(0.6,-4.48,8.5));
#3223 = LINE('',#3224,#3225);
#3224 = CARTESIAN_POINT('',(0.6,-5.68,8.5));
#3225 = VECTOR('',#3226,1.);
#3226 = DIRECTION('',(1.110223024625E-16,1.,0.));
#3227 = ORIENTED_EDGE('',*,*,#3228,.F.);
#3228 = EDGE_CURVE('',#3229,#3219,#3231,.T.);
#3229 = VERTEX_POINT('',#3230);
#3230 = CARTESIAN_POINT('',(-0.6,-5.68,8.5));
#3231 = LINE('',#3232,#3233);
#3232 = CARTESIAN_POINT('',(-0.6,-5.68,8.5));
#3233 = VECTOR('',#3234,1.);
#3234 = DIRECTION('',(1.,-1.110223024625E-16,0.));
#3235 = ORIENTED_EDGE('',*,*,#3236,.F.);
#3236 = EDGE_CURVE('',#3237,#3229,#3239,.T.);
#3237 = VERTEX_POINT('',#3238);
#3238 = CARTESIAN_POINT('',(-0.6,-4.48,8.5));
#3239 = LINE('',#3240,#3241);
#3240 = CARTESIAN_POINT('',(-0.6,-4.48,8.5));
#3241 = VECTOR('',#3242,1.);
#3242 = DIRECTION('',(-1.110223024625E-16,-1.,0.));
#3243 = ORIENTED_EDGE('',*,*,#3244,.F.);
#3244 = EDGE_CURVE('',#3221,#3237,#3245,.T.);
#3245 = LINE('',#3246,#3247);
#3246 = CARTESIAN_POINT('',(0.6,-4.48,8.5));
#3247 = VECTOR('',#3248,1.);
#3248 = DIRECTION('',(-1.,1.110223024625E-16,0.));
#3249 = FACE_BOUND('',#3250,.T.);
#3250 = EDGE_LOOP('',(#3251,#3261,#3269,#3277));
#3251 = ORIENTED_EDGE('',*,*,#3252,.F.);
#3252 = EDGE_CURVE('',#3253,#3255,#3257,.T.);
#3253 = VERTEX_POINT('',#3254);
#3254 = CARTESIAN_POINT('',(0.6,-3.14,8.5));
#3255 = VERTEX_POINT('',#3256);
#3256 = CARTESIAN_POINT('',(0.6,-1.94,8.5));
#3257 = LINE('',#3258,#3259);
#3258 = CARTESIAN_POINT('',(0.6,-3.14,8.5));
#3259 = VECTOR('',#3260,1.);
#3260 = DIRECTION('',(1.110223024625E-16,1.,0.));
#3261 = ORIENTED_EDGE('',*,*,#3262,.F.);
#3262 = EDGE_CURVE('',#3263,#3253,#3265,.T.);
#3263 = VERTEX_POINT('',#3264);
#3264 = CARTESIAN_POINT('',(-0.6,-3.14,8.5));
#3265 = LINE('',#3266,#3267);
#3266 = CARTESIAN_POINT('',(-0.6,-3.14,8.5));
#3267 = VECTOR('',#3268,1.);
#3268 = DIRECTION('',(1.,-1.110223024625E-16,0.));
#3269 = ORIENTED_EDGE('',*,*,#3270,.F.);
#3270 = EDGE_CURVE('',#3271,#3263,#3273,.T.);
#3271 = VERTEX_POINT('',#3272);
#3272 = CARTESIAN_POINT('',(-0.6,-1.94,8.5));
#3273 = LINE('',#3274,#3275);
#3274 = CARTESIAN_POINT('',(-0.6,-1.94,8.5));
#3275 = VECTOR('',#3276,1.);
#3276 = DIRECTION('',(-1.110223024625E-16,-1.,0.));
#3277 = ORIENTED_EDGE('',*,*,#3278,.F.);
#3278 = EDGE_CURVE('',#3255,#3271,#3279,.T.);
#3279 = LINE('',#3280,#3281);
#3280 = CARTESIAN_POINT('',(0.6,-1.94,8.5));
#3281 = VECTOR('',#3282,1.);
#3282 = DIRECTION('',(-1.,1.110223024625E-16,0.));
#3283 = FACE_BOUND('',#3284,.T.);
#3284 = EDGE_LOOP('',(#3285,#3295,#3303,#3311));
#3285 = ORIENTED_EDGE('',*,*,#3286,.F.);
#3286 = EDGE_CURVE('',#3287,#3289,#3291,.T.);
#3287 = VERTEX_POINT('',#3288);
#3288 = CARTESIAN_POINT('',(0.6,-0.6,8.5));
#3289 = VERTEX_POINT('',#3290);
#3290 = CARTESIAN_POINT('',(0.6,0.6,8.5));
#3291 = LINE('',#3292,#3293);
#3292 = CARTESIAN_POINT('',(0.6,-0.6,8.5));
#3293 = VECTOR('',#3294,1.);
#3294 = DIRECTION('',(1.110223024625E-16,1.,0.));
#3295 = ORIENTED_EDGE('',*,*,#3296,.F.);
#3296 = EDGE_CURVE('',#3297,#3287,#3299,.T.);
#3297 = VERTEX_POINT('',#3298);
#3298 = CARTESIAN_POINT('',(-0.6,-0.6,8.5));
#3299 = LINE('',#3300,#3301);
#3300 = CARTESIAN_POINT('',(-0.6,-0.6,8.5));
#3301 = VECTOR('',#3302,1.);
#3302 = DIRECTION('',(1.,-1.110223024625E-16,0.));
#3303 = ORIENTED_EDGE('',*,*,#3304,.F.);
#3304 = EDGE_CURVE('',#3305,#3297,#3307,.T.);
#3305 = VERTEX_POINT('',#3306);
#3306 = CARTESIAN_POINT('',(-0.6,0.6,8.5));
#3307 = LINE('',#3308,#3309);
#3308 = CARTESIAN_POINT('',(-0.6,0.6,8.5));
#3309 = VECTOR('',#3310,1.);
#3310 = DIRECTION('',(-1.110223024625E-16,-1.,0.));
#3311 = ORIENTED_EDGE('',*,*,#3312,.F.);
#3312 = EDGE_CURVE('',#3289,#3305,#3313,.T.);
#3313 = LINE('',#3314,#3315);
#3314 = CARTESIAN_POINT('',(0.6,0.6,8.5));
#3315 = VECTOR('',#3316,1.);
#3316 = DIRECTION('',(-1.,1.110223024625E-16,0.));
#3317 = PLANE('',#3318);
#3318 = AXIS2_PLACEMENT_3D('',#3319,#3320,#3321);
#3319 = CARTESIAN_POINT('',(-3.952393967666E-16,-3.81,8.5));
#3320 = DIRECTION('',(0.,0.,1.));
#3321 = DIRECTION('',(1.110223024625E-16,1.,-0.));
#3322 = ADVANCED_FACE('',(#3323),#3339,.F.);
#3323 = FACE_BOUND('',#3324,.F.);
#3324 = EDGE_LOOP('',(#3325,#3326,#3332,#3333));
#3325 = ORIENTED_EDGE('',*,*,#3030,.T.);
#3326 = ORIENTED_EDGE('',*,*,#3327,.F.);
#3327 = EDGE_CURVE('',#3119,#3033,#3328,.T.);
#3328 = LINE('',#3329,#3330);
#3329 = CARTESIAN_POINT('',(-0.846666666667,1.27,0.));
#3330 = VECTOR('',#3331,1.);
#3331 = DIRECTION('',(-1.110223024625E-16,-1.,0.));
#3332 = ORIENTED_EDGE('',*,*,#3118,.T.);
#3333 = ORIENTED_EDGE('',*,*,#3334,.T.);
#3334 = EDGE_CURVE('',#3111,#3031,#3335,.T.);
#3335 = LINE('',#3336,#3337);
#3336 = CARTESIAN_POINT('',(-1.27,1.27,0.));
#3337 = VECTOR('',#3338,1.);
#3338 = DIRECTION('',(-1.110223024625E-16,-1.,0.));
#3339 = PLANE('',#3340);
#3340 = AXIS2_PLACEMENT_3D('',#3341,#3342,#3343);
#3341 = CARTESIAN_POINT('',(-3.952393967666E-16,-3.81,0.));
#3342 = DIRECTION('',(0.,0.,1.));
#3343 = DIRECTION('',(1.110223024625E-16,1.,-0.));
#3344 = ADVANCED_FACE('',(#3345),#3356,.T.);
#3345 = FACE_BOUND('',#3346,.T.);
#3346 = EDGE_LOOP('',(#3347,#3348,#3354,#3355));
#3347 = ORIENTED_EDGE('',*,*,#3126,.T.);
#3348 = ORIENTED_EDGE('',*,*,#3349,.T.);
#3349 = EDGE_CURVE('',#3127,#3072,#3350,.T.);
#3350 = LINE('',#3351,#3352);
#3351 = CARTESIAN_POINT('',(-0.846666666667,1.27,0.2));
#3352 = VECTOR('',#3353,1.);
#3353 = DIRECTION('',(-1.110223024625E-16,-1.,0.));
#3354 = ORIENTED_EDGE('',*,*,#3079,.F.);
#3355 = ORIENTED_EDGE('',*,*,#3327,.F.);
#3356 = PLANE('',#3357);
#3357 = AXIS2_PLACEMENT_3D('',#3358,#3359,#3360);
#3358 = CARTESIAN_POINT('',(-0.846666666667,1.27,0.));
#3359 = DIRECTION('',(1.,-1.110223024625E-16,0.));
#3360 = DIRECTION('',(-1.110223024625E-16,-1.,0.));
#3361 = ADVANCED_FACE('',(#3362,#3373,#3439,#3505,#3571),#3637,.F.);
#3362 = FACE_BOUND('',#3363,.F.);
#3363 = EDGE_LOOP('',(#3364,#3370,#3371,#3372));
#3364 = ORIENTED_EDGE('',*,*,#3365,.T.);
#3365 = EDGE_CURVE('',#3064,#3135,#3366,.T.);
#3366 = LINE('',#3367,#3368);
#3367 = CARTESIAN_POINT('',(0.846666666667,-8.89,0.2));
#3368 = VECTOR('',#3369,1.);
#3369 = DIRECTION('',(1.110223024625E-16,1.,0.));
#3370 = ORIENTED_EDGE('',*,*,#3134,.T.);
#3371 = ORIENTED_EDGE('',*,*,#3349,.T.);
#3372 = ORIENTED_EDGE('',*,*,#3071,.T.);
#3373 = FACE_BOUND('',#3374,.F.);
#3374 = EDGE_LOOP('',(#3375,#3385,#3393,#3401,#3409,#3417,#3425,#3433));
#3375 = ORIENTED_EDGE('',*,*,#3376,.F.);
#3376 = EDGE_CURVE('',#3377,#3379,#3381,.T.);
#3377 = VERTEX_POINT('',#3378);
#3378 = CARTESIAN_POINT('',(-0.1,-8.07,0.2));
#3379 = VERTEX_POINT('',#3380);
#3380 = CARTESIAN_POINT('',(0.1,-8.07,0.2));
#3381 = LINE('',#3382,#3383);
#3382 = CARTESIAN_POINT('',(-0.1,-8.07,0.2));
#3383 = VECTOR('',#3384,1.);
#3384 = DIRECTION('',(1.,-1.110223024625E-16,0.));
#3385 = ORIENTED_EDGE('',*,*,#3386,.T.);
#3386 = EDGE_CURVE('',#3377,#3387,#3389,.T.);
#3387 = VERTEX_POINT('',#3388);
#3388 = CARTESIAN_POINT('',(-0.1,-7.92,0.2));
#3389 = LINE('',#3390,#3391);
#3390 = CARTESIAN_POINT('',(-0.1,-8.07,0.2));
#3391 = VECTOR('',#3392,1.);
#3392 = DIRECTION('',(1.110223024625E-16,1.,0.));
#3393 = ORIENTED_EDGE('',*,*,#3394,.F.);
#3394 = EDGE_CURVE('',#3395,#3387,#3397,.T.);
#3395 = VERTEX_POINT('',#3396);
#3396 = CARTESIAN_POINT('',(-0.1,-7.32,0.2));
#3397 = LINE('',#3398,#3399);
#3398 = CARTESIAN_POINT('',(-0.1,-5.715,0.2));
#3399 = VECTOR('',#3400,1.);
#3400 = DIRECTION('',(-1.110223024625E-16,-1.,0.));
#3401 = ORIENTED_EDGE('',*,*,#3402,.T.);
#3402 = EDGE_CURVE('',#3395,#3403,#3405,.T.);
#3403 = VERTEX_POINT('',#3404);
#3404 = CARTESIAN_POINT('',(-0.1,-7.17,0.2));
#3405 = LINE('',#3406,#3407);
#3406 = CARTESIAN_POINT('',(-0.1,-8.07,0.2));
#3407 = VECTOR('',#3408,1.);
#3408 = DIRECTION('',(1.110223024625E-16,1.,0.));
#3409 = ORIENTED_EDGE('',*,*,#3410,.T.);
#3410 = EDGE_CURVE('',#3403,#3411,#3413,.T.);
#3411 = VERTEX_POINT('',#3412);
#3412 = CARTESIAN_POINT('',(0.1,-7.17,0.2));
#3413 = LINE('',#3414,#3415);
#3414 = CARTESIAN_POINT('',(-0.1,-7.17,0.2));
#3415 = VECTOR('',#3416,1.);
#3416 = DIRECTION('',(1.,-1.110223024625E-16,0.));
#3417 = ORIENTED_EDGE('',*,*,#3418,.T.);
#3418 = EDGE_CURVE('',#3411,#3419,#3421,.T.);
#3419 = VERTEX_POINT('',#3420);
#3420 = CARTESIAN_POINT('',(0.1,-7.32,0.2));
#3421 = LINE('',#3422,#3423);
#3422 = CARTESIAN_POINT('',(0.1,-7.17,0.2));
#3423 = VECTOR('',#3424,1.);
#3424 = DIRECTION('',(-1.110223024625E-16,-1.,0.));
#3425 = ORIENTED_EDGE('',*,*,#3426,.T.);
#3426 = EDGE_CURVE('',#3419,#3427,#3429,.T.);
#3427 = VERTEX_POINT('',#3428);
#3428 = CARTESIAN_POINT('',(0.1,-7.92,0.2));
#3429 = LINE('',#3430,#3431);
#3430 = CARTESIAN_POINT('',(0.1,-5.715,0.2));
#3431 = VECTOR('',#3432,1.);
#3432 = DIRECTION('',(-1.110223024625E-16,-1.,0.));
#3433 = ORIENTED_EDGE('',*,*,#3434,.T.);
#3434 = EDGE_CURVE('',#3427,#3379,#3435,.T.);
#3435 = LINE('',#3436,#3437);
#3436 = CARTESIAN_POINT('',(0.1,-7.17,0.2));
#3437 = VECTOR('',#3438,1.);
#3438 = DIRECTION('',(-1.110223024625E-16,-1.,0.));
#3439 = FACE_BOUND('',#3440,.F.);
#3440 = EDGE_LOOP('',(#3441,#3451,#3459,#3467,#3475,#3483,#3491,#3499));
#3441 = ORIENTED_EDGE('',*,*,#3442,.F.);
#3442 = EDGE_CURVE('',#3443,#3445,#3447,.T.);
#3443 = VERTEX_POINT('',#3444);
#3444 = CARTESIAN_POINT('',(-0.1,-5.53,0.2));
#3445 = VERTEX_POINT('',#3446);
#3446 = CARTESIAN_POINT('',(0.1,-5.53,0.2));
#3447 = LINE('',#3448,#3449);
#3448 = CARTESIAN_POINT('',(-0.1,-5.53,0.2));
#3449 = VECTOR('',#3450,1.);
#3450 = DIRECTION('',(1.,-1.110223024625E-16,0.));
#3451 = ORIENTED_EDGE('',*,*,#3452,.T.);
#3452 = EDGE_CURVE('',#3443,#3453,#3455,.T.);
#3453 = VERTEX_POINT('',#3454);
#3454 = CARTESIAN_POINT('',(-0.1,-5.38,0.2));
#3455 = LINE('',#3456,#3457);
#3456 = CARTESIAN_POINT('',(-0.1,-5.53,0.2));
#3457 = VECTOR('',#3458,1.);
#3458 = DIRECTION('',(1.110223024625E-16,1.,0.));
#3459 = ORIENTED_EDGE('',*,*,#3460,.F.);
#3460 = EDGE_CURVE('',#3461,#3453,#3463,.T.);
#3461 = VERTEX_POINT('',#3462);
#3462 = CARTESIAN_POINT('',(-0.1,-4.78,0.2));
#3463 = LINE('',#3464,#3465);
#3464 = CARTESIAN_POINT('',(-0.1,-4.445,0.2));
#3465 = VECTOR('',#3466,1.);
#3466 = DIRECTION('',(-1.110223024625E-16,-1.,0.));
#3467 = ORIENTED_EDGE('',*,*,#3468,.T.);
#3468 = EDGE_CURVE('',#3461,#3469,#3471,.T.);
#3469 = VERTEX_POINT('',#3470);
#3470 = CARTESIAN_POINT('',(-0.1,-4.63,0.2));
#3471 = LINE('',#3472,#3473);
#3472 = CARTESIAN_POINT('',(-0.1,-5.53,0.2));
#3473 = VECTOR('',#3474,1.);
#3474 = DIRECTION('',(1.110223024625E-16,1.,0.));
#3475 = ORIENTED_EDGE('',*,*,#3476,.T.);
#3476 = EDGE_CURVE('',#3469,#3477,#3479,.T.);
#3477 = VERTEX_POINT('',#3478);
#3478 = CARTESIAN_POINT('',(0.1,-4.63,0.2));
#3479 = LINE('',#3480,#3481);
#3480 = CARTESIAN_POINT('',(-0.1,-4.63,0.2));
#3481 = VECTOR('',#3482,1.);
#3482 = DIRECTION('',(1.,-1.110223024625E-16,0.));
#3483 = ORIENTED_EDGE('',*,*,#3484,.T.);
#3484 = EDGE_CURVE('',#3477,#3485,#3487,.T.);
#3485 = VERTEX_POINT('',#3486);
#3486 = CARTESIAN_POINT('',(0.1,-4.78,0.2));
#3487 = LINE('',#3488,#3489);
#3488 = CARTESIAN_POINT('',(0.1,-4.63,0.2));
#3489 = VECTOR('',#3490,1.);
#3490 = DIRECTION('',(-1.110223024625E-16,-1.,0.));
#3491 = ORIENTED_EDGE('',*,*,#3492,.T.);
#3492 = EDGE_CURVE('',#3485,#3493,#3495,.T.);
#3493 = VERTEX_POINT('',#3494);
#3494 = CARTESIAN_POINT('',(0.1,-5.38,0.2));
#3495 = LINE('',#3496,#3497);
#3496 = CARTESIAN_POINT('',(0.1,-4.445,0.2));
#3497 = VECTOR('',#3498,1.);
#3498 = DIRECTION('',(-1.110223024625E-16,-1.,0.));
#3499 = ORIENTED_EDGE('',*,*,#3500,.T.);
#3500 = EDGE_CURVE('',#3493,#3445,#3501,.T.);
#3501 = LINE('',#3502,#3503);
#3502 = CARTESIAN_POINT('',(0.1,-4.63,0.2));
#3503 = VECTOR('',#3504,1.);
#3504 = DIRECTION('',(-1.110223024625E-16,-1.,0.));
#3505 = FACE_BOUND('',#3506,.F.);
#3506 = EDGE_LOOP('',(#3507,#3517,#3525,#3533,#3541,#3549,#3557,#3565));
#3507 = ORIENTED_EDGE('',*,*,#3508,.F.);
#3508 = EDGE_CURVE('',#3509,#3511,#3513,.T.);
#3509 = VERTEX_POINT('',#3510);
#3510 = CARTESIAN_POINT('',(-0.1,-2.99,0.2));
#3511 = VERTEX_POINT('',#3512);
#3512 = CARTESIAN_POINT('',(0.1,-2.99,0.2));
#3513 = LINE('',#3514,#3515);
#3514 = CARTESIAN_POINT('',(-0.1,-2.99,0.2));
#3515 = VECTOR('',#3516,1.);
#3516 = DIRECTION('',(1.,-1.110223024625E-16,0.));
#3517 = ORIENTED_EDGE('',*,*,#3518,.T.);
#3518 = EDGE_CURVE('',#3509,#3519,#3521,.T.);
#3519 = VERTEX_POINT('',#3520);
#3520 = CARTESIAN_POINT('',(-0.1,-2.84,0.2));
#3521 = LINE('',#3522,#3523);
#3522 = CARTESIAN_POINT('',(-0.1,-2.99,0.2));
#3523 = VECTOR('',#3524,1.);
#3524 = DIRECTION('',(1.110223024625E-16,1.,0.));
#3525 = ORIENTED_EDGE('',*,*,#3526,.F.);
#3526 = EDGE_CURVE('',#3527,#3519,#3529,.T.);
#3527 = VERTEX_POINT('',#3528);
#3528 = CARTESIAN_POINT('',(-0.1,-2.24,0.2));
#3529 = LINE('',#3530,#3531);
#3530 = CARTESIAN_POINT('',(-0.1,-3.175,0.2));
#3531 = VECTOR('',#3532,1.);
#3532 = DIRECTION('',(-1.110223024625E-16,-1.,0.));
#3533 = ORIENTED_EDGE('',*,*,#3534,.T.);
#3534 = EDGE_CURVE('',#3527,#3535,#3537,.T.);
#3535 = VERTEX_POINT('',#3536);
#3536 = CARTESIAN_POINT('',(-0.1,-2.09,0.2));
#3537 = LINE('',#3538,#3539);
#3538 = CARTESIAN_POINT('',(-0.1,-2.99,0.2));
#3539 = VECTOR('',#3540,1.);
#3540 = DIRECTION('',(1.110223024625E-16,1.,0.));
#3541 = ORIENTED_EDGE('',*,*,#3542,.T.);
#3542 = EDGE_CURVE('',#3535,#3543,#3545,.T.);
#3543 = VERTEX_POINT('',#3544);
#3544 = CARTESIAN_POINT('',(0.1,-2.09,0.2));
#3545 = LINE('',#3546,#3547);
#3546 = CARTESIAN_POINT('',(-0.1,-2.09,0.2));
#3547 = VECTOR('',#3548,1.);
#3548 = DIRECTION('',(1.,-1.110223024625E-16,0.));
#3549 = ORIENTED_EDGE('',*,*,#3550,.T.);
#3550 = EDGE_CURVE('',#3543,#3551,#3553,.T.);
#3551 = VERTEX_POINT('',#3552);
#3552 = CARTESIAN_POINT('',(0.1,-2.24,0.2));
#3553 = LINE('',#3554,#3555);
#3554 = CARTESIAN_POINT('',(0.1,-2.09,0.2));
#3555 = VECTOR('',#3556,1.);
#3556 = DIRECTION('',(-1.110223024625E-16,-1.,0.));
#3557 = ORIENTED_EDGE('',*,*,#3558,.T.);
#3558 = EDGE_CURVE('',#3551,#3559,#3561,.T.);
#3559 = VERTEX_POINT('',#3560);
#3560 = CARTESIAN_POINT('',(0.1,-2.84,0.2));
#3561 = LINE('',#3562,#3563);
#3562 = CARTESIAN_POINT('',(0.1,-3.175,0.2));
#3563 = VECTOR('',#3564,1.);
#3564 = DIRECTION('',(-1.110223024625E-16,-1.,0.));
#3565 = ORIENTED_EDGE('',*,*,#3566,.T.);
#3566 = EDGE_CURVE('',#3559,#3511,#3567,.T.);
#3567 = LINE('',#3568,#3569);
#3568 = CARTESIAN_POINT('',(0.1,-2.09,0.2));
#3569 = VECTOR('',#3570,1.);
#3570 = DIRECTION('',(-1.110223024625E-16,-1.,0.));
#3571 = FACE_BOUND('',#3572,.F.);
#3572 = EDGE_LOOP('',(#3573,#3583,#3591,#3599,#3607,#3615,#3623,#3631));
#3573 = ORIENTED_EDGE('',*,*,#3574,.F.);
#3574 = EDGE_CURVE('',#3575,#3577,#3579,.T.);
#3575 = VERTEX_POINT('',#3576);
#3576 = CARTESIAN_POINT('',(-0.1,-0.45,0.2));
#3577 = VERTEX_POINT('',#3578);
#3578 = CARTESIAN_POINT('',(0.1,-0.45,0.2));
#3579 = LINE('',#3580,#3581);
#3580 = CARTESIAN_POINT('',(-0.1,-0.45,0.2));
#3581 = VECTOR('',#3582,1.);
#3582 = DIRECTION('',(1.,-1.110223024625E-16,0.));
#3583 = ORIENTED_EDGE('',*,*,#3584,.T.);
#3584 = EDGE_CURVE('',#3575,#3585,#3587,.T.);
#3585 = VERTEX_POINT('',#3586);
#3586 = CARTESIAN_POINT('',(-0.1,-0.3,0.2));
#3587 = LINE('',#3588,#3589);
#3588 = CARTESIAN_POINT('',(-0.1,-0.45,0.2));
#3589 = VECTOR('',#3590,1.);
#3590 = DIRECTION('',(1.110223024625E-16,1.,0.));
#3591 = ORIENTED_EDGE('',*,*,#3592,.F.);
#3592 = EDGE_CURVE('',#3593,#3585,#3595,.T.);
#3593 = VERTEX_POINT('',#3594);
#3594 = CARTESIAN_POINT('',(-0.1,0.3,0.2));
#3595 = LINE('',#3596,#3597);
#3596 = CARTESIAN_POINT('',(-0.1,-1.905,0.2));
#3597 = VECTOR('',#3598,1.);
#3598 = DIRECTION('',(-1.110223024625E-16,-1.,0.));
#3599 = ORIENTED_EDGE('',*,*,#3600,.T.);
#3600 = EDGE_CURVE('',#3593,#3601,#3603,.T.);
#3601 = VERTEX_POINT('',#3602);
#3602 = CARTESIAN_POINT('',(-0.1,0.45,0.2));
#3603 = LINE('',#3604,#3605);
#3604 = CARTESIAN_POINT('',(-0.1,-0.45,0.2));
#3605 = VECTOR('',#3606,1.);
#3606 = DIRECTION('',(1.110223024625E-16,1.,0.));
#3607 = ORIENTED_EDGE('',*,*,#3608,.T.);
#3608 = EDGE_CURVE('',#3601,#3609,#3611,.T.);
#3609 = VERTEX_POINT('',#3610);
#3610 = CARTESIAN_POINT('',(0.1,0.45,0.2));
#3611 = LINE('',#3612,#3613);
#3612 = CARTESIAN_POINT('',(-0.1,0.45,0.2));
#3613 = VECTOR('',#3614,1.);
#3614 = DIRECTION('',(1.,-1.110223024625E-16,0.));
#3615 = ORIENTED_EDGE('',*,*,#3616,.T.);
#3616 = EDGE_CURVE('',#3609,#3617,#3619,.T.);
#3617 = VERTEX_POINT('',#3618);
#3618 = CARTESIAN_POINT('',(0.1,0.3,0.2));
#3619 = LINE('',#3620,#3621);
#3620 = CARTESIAN_POINT('',(0.1,0.45,0.2));
#3621 = VECTOR('',#3622,1.);
#3622 = DIRECTION('',(-1.110223024625E-16,-1.,0.));
#3623 = ORIENTED_EDGE('',*,*,#3624,.T.);
#3624 = EDGE_CURVE('',#3617,#3625,#3627,.T.);
#3625 = VERTEX_POINT('',#3626);
#3626 = CARTESIAN_POINT('',(0.1,-0.3,0.2));
#3627 = LINE('',#3628,#3629);
#3628 = CARTESIAN_POINT('',(0.1,-1.905,0.2));
#3629 = VECTOR('',#3630,1.);
#3630 = DIRECTION('',(-1.110223024625E-16,-1.,0.));
#3631 = ORIENTED_EDGE('',*,*,#3632,.T.);
#3632 = EDGE_CURVE('',#3625,#3577,#3633,.T.);
#3633 = LINE('',#3634,#3635);
#3634 = CARTESIAN_POINT('',(0.1,0.45,0.2));
#3635 = VECTOR('',#3636,1.);
#3636 = DIRECTION('',(-1.110223024625E-16,-1.,0.));
#3637 = PLANE('',#3638);
#3638 = AXIS2_PLACEMENT_3D('',#3639,#3640,#3641);
#3639 = CARTESIAN_POINT('',(-3.952393967666E-16,-3.81,0.2));
#3640 = DIRECTION('',(0.,0.,1.));
#3641 = DIRECTION('',(1.110223024625E-16,1.,-0.));
#3642 = ADVANCED_FACE('',(#3643),#3649,.T.);
#3643 = FACE_BOUND('',#3644,.T.);
#3644 = EDGE_LOOP('',(#3645,#3646,#3647,#3648));
#3645 = ORIENTED_EDGE('',*,*,#3063,.T.);
#3646 = ORIENTED_EDGE('',*,*,#3365,.T.);
#3647 = ORIENTED_EDGE('',*,*,#3142,.F.);
#3648 = ORIENTED_EDGE('',*,*,#3159,.F.);
#3649 = PLANE('',#3650);
#3650 = AXIS2_PLACEMENT_3D('',#3651,#3652,#3653);
#3651 = CARTESIAN_POINT('',(0.846666666667,-8.89,0.));
#3652 = DIRECTION('',(-1.,1.110223024625E-16,0.));
#3653 = DIRECTION('',(1.110223024625E-16,1.,0.));
#3654 = ADVANCED_FACE('',(#3655),#3661,.F.);
#3655 = FACE_BOUND('',#3656,.F.);
#3656 = EDGE_LOOP('',(#3657,#3658,#3659,#3660));
#3657 = ORIENTED_EDGE('',*,*,#3110,.T.);
#3658 = ORIENTED_EDGE('',*,*,#3175,.T.);
#3659 = ORIENTED_EDGE('',*,*,#3040,.F.);
#3660 = ORIENTED_EDGE('',*,*,#3334,.F.);
#3661 = PLANE('',#3662);
#3662 = AXIS2_PLACEMENT_3D('',#3663,#3664,#3665);
#3663 = CARTESIAN_POINT('',(-1.27,1.27,0.));
#3664 = DIRECTION('',(1.,-1.110223024625E-16,0.));
#3665 = DIRECTION('',(-1.110223024625E-16,-1.,0.));
#3666 = ADVANCED_FACE('',(#3667),#3692,.T.);
#3667 = FACE_BOUND('',#3668,.T.);
#3668 = EDGE_LOOP('',(#3669,#3677,#3678,#3686));
#3669 = ORIENTED_EDGE('',*,*,#3670,.F.);
#3670 = EDGE_CURVE('',#3185,#3671,#3673,.T.);
#3671 = VERTEX_POINT('',#3672);
#3672 = CARTESIAN_POINT('',(0.3,-7.92,8.2));
#3673 = LINE('',#3674,#3675);
#3674 = CARTESIAN_POINT('',(0.3,-7.92,8.2));
#3675 = VECTOR('',#3676,1.);
#3676 = DIRECTION('',(-0.57735026919,0.57735026919,-0.57735026919));
#3677 = ORIENTED_EDGE('',*,*,#3184,.T.);
#3678 = ORIENTED_EDGE('',*,*,#3679,.T.);
#3679 = EDGE_CURVE('',#3187,#3680,#3682,.T.);
#3680 = VERTEX_POINT('',#3681);
#3681 = CARTESIAN_POINT('',(0.3,-7.32,8.2));
#3682 = LINE('',#3683,#3684);
#3683 = CARTESIAN_POINT('',(0.3,-7.32,8.2));
#3684 = VECTOR('',#3685,1.);
#3685 = DIRECTION('',(-0.57735026919,-0.57735026919,-0.57735026919));
#3686 = ORIENTED_EDGE('',*,*,#3687,.F.);
#3687 = EDGE_CURVE('',#3671,#3680,#3688,.T.);
#3688 = LINE('',#3689,#3690);
#3689 = CARTESIAN_POINT('',(0.3,-8.22,8.2));
#3690 = VECTOR('',#3691,1.);
#3691 = DIRECTION('',(1.110223024625E-16,1.,0.));
#3692 = PLANE('',#3693);
#3693 = AXIS2_PLACEMENT_3D('',#3694,#3695,#3696);
#3694 = CARTESIAN_POINT('',(0.45,-8.22,8.35));
#3695 = DIRECTION('',(-0.707106781187,7.850462293414E-17,0.707106781187)
  );
#3696 = DIRECTION('',(1.110223024625E-16,1.,2.680278185005E-29));
#3697 = ADVANCED_FACE('',(#3698),#3716,.T.);
#3698 = FACE_BOUND('',#3699,.T.);
#3699 = EDGE_LOOP('',(#3700,#3701,#3702,#3710));
#3700 = ORIENTED_EDGE('',*,*,#3679,.F.);
#3701 = ORIENTED_EDGE('',*,*,#3210,.T.);
#3702 = ORIENTED_EDGE('',*,*,#3703,.T.);
#3703 = EDGE_CURVE('',#3203,#3704,#3706,.T.);
#3704 = VERTEX_POINT('',#3705);
#3705 = CARTESIAN_POINT('',(-0.3,-7.32,8.2));
#3706 = LINE('',#3707,#3708);
#3707 = CARTESIAN_POINT('',(-0.3,-7.32,8.2));
#3708 = VECTOR('',#3709,1.);
#3709 = DIRECTION('',(0.57735026919,-0.57735026919,-0.57735026919));
#3710 = ORIENTED_EDGE('',*,*,#3711,.F.);
#3711 = EDGE_CURVE('',#3680,#3704,#3712,.T.);
#3712 = LINE('',#3713,#3714);
#3713 = CARTESIAN_POINT('',(0.6,-7.32,8.2));
#3714 = VECTOR('',#3715,1.);
#3715 = DIRECTION('',(-1.,1.110223024625E-16,0.));
#3716 = PLANE('',#3717);
#3717 = AXIS2_PLACEMENT_3D('',#3718,#3719,#3720);
#3718 = CARTESIAN_POINT('',(0.6,-7.17,8.35));
#3719 = DIRECTION('',(-8.197719098449E-17,-0.707106781187,0.707106781187
    ));
#3720 = DIRECTION('',(-1.,1.13477778879E-16,-2.455476416522E-18));
#3721 = ADVANCED_FACE('',(#3722),#3740,.T.);
#3722 = FACE_BOUND('',#3723,.T.);
#3723 = EDGE_LOOP('',(#3724,#3725,#3726,#3734));
#3724 = ORIENTED_EDGE('',*,*,#3703,.F.);
#3725 = ORIENTED_EDGE('',*,*,#3202,.T.);
#3726 = ORIENTED_EDGE('',*,*,#3727,.T.);
#3727 = EDGE_CURVE('',#3195,#3728,#3730,.T.);
#3728 = VERTEX_POINT('',#3729);
#3729 = CARTESIAN_POINT('',(-0.3,-7.92,8.2));
#3730 = LINE('',#3731,#3732);
#3731 = CARTESIAN_POINT('',(-0.3,-7.92,8.2));
#3732 = VECTOR('',#3733,1.);
#3733 = DIRECTION('',(0.57735026919,0.57735026919,-0.57735026919));
#3734 = ORIENTED_EDGE('',*,*,#3735,.F.);
#3735 = EDGE_CURVE('',#3704,#3728,#3736,.T.);
#3736 = LINE('',#3737,#3738);
#3737 = CARTESIAN_POINT('',(-0.3,-7.02,8.2));
#3738 = VECTOR('',#3739,1.);
#3739 = DIRECTION('',(-1.110223024625E-16,-1.,0.));
#3740 = PLANE('',#3741);
#3741 = AXIS2_PLACEMENT_3D('',#3742,#3743,#3744);
#3742 = CARTESIAN_POINT('',(-0.45,-7.02,8.35));
#3743 = DIRECTION('',(0.707106781187,-7.850462293414E-17,0.707106781187)
  );
#3744 = DIRECTION('',(-1.110223024625E-16,-1.,2.680278185005E-29));
#3745 = ADVANCED_FACE('',(#3746),#3757,.T.);
#3746 = FACE_BOUND('',#3747,.T.);
#3747 = EDGE_LOOP('',(#3748,#3749,#3750,#3751));
#3748 = ORIENTED_EDGE('',*,*,#3727,.F.);
#3749 = ORIENTED_EDGE('',*,*,#3194,.T.);
#3750 = ORIENTED_EDGE('',*,*,#3670,.T.);
#3751 = ORIENTED_EDGE('',*,*,#3752,.F.);
#3752 = EDGE_CURVE('',#3728,#3671,#3753,.T.);
#3753 = LINE('',#3754,#3755);
#3754 = CARTESIAN_POINT('',(-0.6,-7.92,8.2));
#3755 = VECTOR('',#3756,1.);
#3756 = DIRECTION('',(1.,-1.110223024625E-16,0.));
#3757 = PLANE('',#3758);
#3758 = AXIS2_PLACEMENT_3D('',#3759,#3760,#3761);
#3759 = CARTESIAN_POINT('',(-0.6,-8.07,8.35));
#3760 = DIRECTION('',(8.197719098449E-17,0.707106781187,0.707106781187)
  );
#3761 = DIRECTION('',(1.,-1.13477778879E-16,-2.455476416522E-18));
#3762 = ADVANCED_FACE('',(#3763),#3788,.T.);
#3763 = FACE_BOUND('',#3764,.T.);
#3764 = EDGE_LOOP('',(#3765,#3773,#3774,#3782));
#3765 = ORIENTED_EDGE('',*,*,#3766,.F.);
#3766 = EDGE_CURVE('',#3219,#3767,#3769,.T.);
#3767 = VERTEX_POINT('',#3768);
#3768 = CARTESIAN_POINT('',(0.3,-5.38,8.2));
#3769 = LINE('',#3770,#3771);
#3770 = CARTESIAN_POINT('',(0.3,-5.38,8.2));
#3771 = VECTOR('',#3772,1.);
#3772 = DIRECTION('',(-0.57735026919,0.57735026919,-0.57735026919));
#3773 = ORIENTED_EDGE('',*,*,#3218,.T.);
#3774 = ORIENTED_EDGE('',*,*,#3775,.T.);
#3775 = EDGE_CURVE('',#3221,#3776,#3778,.T.);
#3776 = VERTEX_POINT('',#3777);
#3777 = CARTESIAN_POINT('',(0.3,-4.78,8.2));
#3778 = LINE('',#3779,#3780);
#3779 = CARTESIAN_POINT('',(0.3,-4.78,8.2));
#3780 = VECTOR('',#3781,1.);
#3781 = DIRECTION('',(-0.57735026919,-0.57735026919,-0.57735026919));
#3782 = ORIENTED_EDGE('',*,*,#3783,.F.);
#3783 = EDGE_CURVE('',#3767,#3776,#3784,.T.);
#3784 = LINE('',#3785,#3786);
#3785 = CARTESIAN_POINT('',(0.3,-5.68,8.2));
#3786 = VECTOR('',#3787,1.);
#3787 = DIRECTION('',(1.110223024625E-16,1.,0.));
#3788 = PLANE('',#3789);
#3789 = AXIS2_PLACEMENT_3D('',#3790,#3791,#3792);
#3790 = CARTESIAN_POINT('',(0.45,-5.68,8.35));
#3791 = DIRECTION('',(-0.707106781187,7.850462293414E-17,0.707106781187)
  );
#3792 = DIRECTION('',(1.110223024625E-16,1.,2.680278185005E-29));
#3793 = ADVANCED_FACE('',(#3794),#3812,.T.);
#3794 = FACE_BOUND('',#3795,.T.);
#3795 = EDGE_LOOP('',(#3796,#3797,#3798,#3806));
#3796 = ORIENTED_EDGE('',*,*,#3775,.F.);
#3797 = ORIENTED_EDGE('',*,*,#3244,.T.);
#3798 = ORIENTED_EDGE('',*,*,#3799,.T.);
#3799 = EDGE_CURVE('',#3237,#3800,#3802,.T.);
#3800 = VERTEX_POINT('',#3801);
#3801 = CARTESIAN_POINT('',(-0.3,-4.78,8.2));
#3802 = LINE('',#3803,#3804);
#3803 = CARTESIAN_POINT('',(-0.3,-4.78,8.2));
#3804 = VECTOR('',#3805,1.);
#3805 = DIRECTION('',(0.57735026919,-0.57735026919,-0.57735026919));
#3806 = ORIENTED_EDGE('',*,*,#3807,.F.);
#3807 = EDGE_CURVE('',#3776,#3800,#3808,.T.);
#3808 = LINE('',#3809,#3810);
#3809 = CARTESIAN_POINT('',(0.6,-4.78,8.2));
#3810 = VECTOR('',#3811,1.);
#3811 = DIRECTION('',(-1.,1.110223024625E-16,0.));
#3812 = PLANE('',#3813);
#3813 = AXIS2_PLACEMENT_3D('',#3814,#3815,#3816);
#3814 = CARTESIAN_POINT('',(0.6,-4.63,8.35));
#3815 = DIRECTION('',(-8.197719098449E-17,-0.707106781187,0.707106781187
    ));
#3816 = DIRECTION('',(-1.,1.13477778879E-16,-2.455476416522E-18));
#3817 = ADVANCED_FACE('',(#3818),#3836,.T.);
#3818 = FACE_BOUND('',#3819,.T.);
#3819 = EDGE_LOOP('',(#3820,#3821,#3822,#3830));
#3820 = ORIENTED_EDGE('',*,*,#3799,.F.);
#3821 = ORIENTED_EDGE('',*,*,#3236,.T.);
#3822 = ORIENTED_EDGE('',*,*,#3823,.T.);
#3823 = EDGE_CURVE('',#3229,#3824,#3826,.T.);
#3824 = VERTEX_POINT('',#3825);
#3825 = CARTESIAN_POINT('',(-0.3,-5.38,8.2));
#3826 = LINE('',#3827,#3828);
#3827 = CARTESIAN_POINT('',(-0.3,-5.38,8.2));
#3828 = VECTOR('',#3829,1.);
#3829 = DIRECTION('',(0.57735026919,0.57735026919,-0.57735026919));
#3830 = ORIENTED_EDGE('',*,*,#3831,.F.);
#3831 = EDGE_CURVE('',#3800,#3824,#3832,.T.);
#3832 = LINE('',#3833,#3834);
#3833 = CARTESIAN_POINT('',(-0.3,-4.48,8.2));
#3834 = VECTOR('',#3835,1.);
#3835 = DIRECTION('',(-1.110223024625E-16,-1.,0.));
#3836 = PLANE('',#3837);
#3837 = AXIS2_PLACEMENT_3D('',#3838,#3839,#3840);
#3838 = CARTESIAN_POINT('',(-0.45,-4.48,8.35));
#3839 = DIRECTION('',(0.707106781187,-7.850462293414E-17,0.707106781187)
  );
#3840 = DIRECTION('',(-1.110223024625E-16,-1.,2.680278185005E-29));
#3841 = ADVANCED_FACE('',(#3842),#3853,.T.);
#3842 = FACE_BOUND('',#3843,.T.);
#3843 = EDGE_LOOP('',(#3844,#3845,#3846,#3847));
#3844 = ORIENTED_EDGE('',*,*,#3823,.F.);
#3845 = ORIENTED_EDGE('',*,*,#3228,.T.);
#3846 = ORIENTED_EDGE('',*,*,#3766,.T.);
#3847 = ORIENTED_EDGE('',*,*,#3848,.F.);
#3848 = EDGE_CURVE('',#3824,#3767,#3849,.T.);
#3849 = LINE('',#3850,#3851);
#3850 = CARTESIAN_POINT('',(-0.6,-5.38,8.2));
#3851 = VECTOR('',#3852,1.);
#3852 = DIRECTION('',(1.,-1.110223024625E-16,0.));
#3853 = PLANE('',#3854);
#3854 = AXIS2_PLACEMENT_3D('',#3855,#3856,#3857);
#3855 = CARTESIAN_POINT('',(-0.6,-5.53,8.35));
#3856 = DIRECTION('',(8.197719098449E-17,0.707106781187,0.707106781187)
  );
#3857 = DIRECTION('',(1.,-1.13477778879E-16,-2.455476416522E-18));
#3858 = ADVANCED_FACE('',(#3859),#3884,.T.);
#3859 = FACE_BOUND('',#3860,.T.);
#3860 = EDGE_LOOP('',(#3861,#3869,#3870,#3878));
#3861 = ORIENTED_EDGE('',*,*,#3862,.F.);
#3862 = EDGE_CURVE('',#3253,#3863,#3865,.T.);
#3863 = VERTEX_POINT('',#3864);
#3864 = CARTESIAN_POINT('',(0.3,-2.84,8.2));
#3865 = LINE('',#3866,#3867);
#3866 = CARTESIAN_POINT('',(0.3,-2.84,8.2));
#3867 = VECTOR('',#3868,1.);
#3868 = DIRECTION('',(-0.57735026919,0.57735026919,-0.57735026919));
#3869 = ORIENTED_EDGE('',*,*,#3252,.T.);
#3870 = ORIENTED_EDGE('',*,*,#3871,.T.);
#3871 = EDGE_CURVE('',#3255,#3872,#3874,.T.);
#3872 = VERTEX_POINT('',#3873);
#3873 = CARTESIAN_POINT('',(0.3,-2.24,8.2));
#3874 = LINE('',#3875,#3876);
#3875 = CARTESIAN_POINT('',(0.3,-2.24,8.2));
#3876 = VECTOR('',#3877,1.);
#3877 = DIRECTION('',(-0.57735026919,-0.57735026919,-0.57735026919));
#3878 = ORIENTED_EDGE('',*,*,#3879,.F.);
#3879 = EDGE_CURVE('',#3863,#3872,#3880,.T.);
#3880 = LINE('',#3881,#3882);
#3881 = CARTESIAN_POINT('',(0.3,-3.14,8.2));
#3882 = VECTOR('',#3883,1.);
#3883 = DIRECTION('',(1.110223024625E-16,1.,0.));
#3884 = PLANE('',#3885);
#3885 = AXIS2_PLACEMENT_3D('',#3886,#3887,#3888);
#3886 = CARTESIAN_POINT('',(0.45,-3.14,8.35));
#3887 = DIRECTION('',(-0.707106781187,7.850462293414E-17,0.707106781187)
  );
#3888 = DIRECTION('',(1.110223024625E-16,1.,2.680278185005E-29));
#3889 = ADVANCED_FACE('',(#3890),#3908,.T.);
#3890 = FACE_BOUND('',#3891,.T.);
#3891 = EDGE_LOOP('',(#3892,#3893,#3894,#3902));
#3892 = ORIENTED_EDGE('',*,*,#3871,.F.);
#3893 = ORIENTED_EDGE('',*,*,#3278,.T.);
#3894 = ORIENTED_EDGE('',*,*,#3895,.T.);
#3895 = EDGE_CURVE('',#3271,#3896,#3898,.T.);
#3896 = VERTEX_POINT('',#3897);
#3897 = CARTESIAN_POINT('',(-0.3,-2.24,8.2));
#3898 = LINE('',#3899,#3900);
#3899 = CARTESIAN_POINT('',(-0.3,-2.24,8.2));
#3900 = VECTOR('',#3901,1.);
#3901 = DIRECTION('',(0.57735026919,-0.57735026919,-0.57735026919));
#3902 = ORIENTED_EDGE('',*,*,#3903,.F.);
#3903 = EDGE_CURVE('',#3872,#3896,#3904,.T.);
#3904 = LINE('',#3905,#3906);
#3905 = CARTESIAN_POINT('',(0.6,-2.24,8.2));
#3906 = VECTOR('',#3907,1.);
#3907 = DIRECTION('',(-1.,1.110223024625E-16,0.));
#3908 = PLANE('',#3909);
#3909 = AXIS2_PLACEMENT_3D('',#3910,#3911,#3912);
#3910 = CARTESIAN_POINT('',(0.6,-2.09,8.35));
#3911 = DIRECTION('',(-8.197719098449E-17,-0.707106781187,0.707106781187
    ));
#3912 = DIRECTION('',(-1.,1.13477778879E-16,-2.455476416522E-18));
#3913 = ADVANCED_FACE('',(#3914),#3932,.T.);
#3914 = FACE_BOUND('',#3915,.T.);
#3915 = EDGE_LOOP('',(#3916,#3917,#3918,#3926));
#3916 = ORIENTED_EDGE('',*,*,#3895,.F.);
#3917 = ORIENTED_EDGE('',*,*,#3270,.T.);
#3918 = ORIENTED_EDGE('',*,*,#3919,.T.);
#3919 = EDGE_CURVE('',#3263,#3920,#3922,.T.);
#3920 = VERTEX_POINT('',#3921);
#3921 = CARTESIAN_POINT('',(-0.3,-2.84,8.2));
#3922 = LINE('',#3923,#3924);
#3923 = CARTESIAN_POINT('',(-0.3,-2.84,8.2));
#3924 = VECTOR('',#3925,1.);
#3925 = DIRECTION('',(0.57735026919,0.57735026919,-0.57735026919));
#3926 = ORIENTED_EDGE('',*,*,#3927,.F.);
#3927 = EDGE_CURVE('',#3896,#3920,#3928,.T.);
#3928 = LINE('',#3929,#3930);
#3929 = CARTESIAN_POINT('',(-0.3,-1.94,8.2));
#3930 = VECTOR('',#3931,1.);
#3931 = DIRECTION('',(-1.110223024625E-16,-1.,0.));
#3932 = PLANE('',#3933);
#3933 = AXIS2_PLACEMENT_3D('',#3934,#3935,#3936);
#3934 = CARTESIAN_POINT('',(-0.45,-1.94,8.35));
#3935 = DIRECTION('',(0.707106781187,-7.850462293414E-17,0.707106781187)
  );
#3936 = DIRECTION('',(-1.110223024625E-16,-1.,2.680278185005E-29));
#3937 = ADVANCED_FACE('',(#3938),#3949,.T.);
#3938 = FACE_BOUND('',#3939,.T.);
#3939 = EDGE_LOOP('',(#3940,#3941,#3942,#3943));
#3940 = ORIENTED_EDGE('',*,*,#3919,.F.);
#3941 = ORIENTED_EDGE('',*,*,#3262,.T.);
#3942 = ORIENTED_EDGE('',*,*,#3862,.T.);
#3943 = ORIENTED_EDGE('',*,*,#3944,.F.);
#3944 = EDGE_CURVE('',#3920,#3863,#3945,.T.);
#3945 = LINE('',#3946,#3947);
#3946 = CARTESIAN_POINT('',(-0.6,-2.84,8.2));
#3947 = VECTOR('',#3948,1.);
#3948 = DIRECTION('',(1.,-1.110223024625E-16,0.));
#3949 = PLANE('',#3950);
#3950 = AXIS2_PLACEMENT_3D('',#3951,#3952,#3953);
#3951 = CARTESIAN_POINT('',(-0.6,-2.99,8.35));
#3952 = DIRECTION('',(8.197719098449E-17,0.707106781187,0.707106781187)
  );
#3953 = DIRECTION('',(1.,-1.13477778879E-16,-2.455476416522E-18));
#3954 = ADVANCED_FACE('',(#3955),#3980,.T.);
#3955 = FACE_BOUND('',#3956,.T.);
#3956 = EDGE_LOOP('',(#3957,#3965,#3966,#3974));
#3957 = ORIENTED_EDGE('',*,*,#3958,.F.);
#3958 = EDGE_CURVE('',#3287,#3959,#3961,.T.);
#3959 = VERTEX_POINT('',#3960);
#3960 = CARTESIAN_POINT('',(0.3,-0.3,8.2));
#3961 = LINE('',#3962,#3963);
#3962 = CARTESIAN_POINT('',(0.3,-0.3,8.2));
#3963 = VECTOR('',#3964,1.);
#3964 = DIRECTION('',(-0.57735026919,0.57735026919,-0.57735026919));
#3965 = ORIENTED_EDGE('',*,*,#3286,.T.);
#3966 = ORIENTED_EDGE('',*,*,#3967,.T.);
#3967 = EDGE_CURVE('',#3289,#3968,#3970,.T.);
#3968 = VERTEX_POINT('',#3969);
#3969 = CARTESIAN_POINT('',(0.3,0.3,8.2));
#3970 = LINE('',#3971,#3972);
#3971 = CARTESIAN_POINT('',(0.3,0.3,8.2));
#3972 = VECTOR('',#3973,1.);
#3973 = DIRECTION('',(-0.57735026919,-0.57735026919,-0.57735026919));
#3974 = ORIENTED_EDGE('',*,*,#3975,.F.);
#3975 = EDGE_CURVE('',#3959,#3968,#3976,.T.);
#3976 = LINE('',#3977,#3978);
#3977 = CARTESIAN_POINT('',(0.3,-0.6,8.2));
#3978 = VECTOR('',#3979,1.);
#3979 = DIRECTION('',(1.110223024625E-16,1.,0.));
#3980 = PLANE('',#3981);
#3981 = AXIS2_PLACEMENT_3D('',#3982,#3983,#3984);
#3982 = CARTESIAN_POINT('',(0.45,-0.6,8.35));
#3983 = DIRECTION('',(-0.707106781187,7.850462293414E-17,0.707106781187)
  );
#3984 = DIRECTION('',(1.110223024625E-16,1.,2.680278185005E-29));
#3985 = ADVANCED_FACE('',(#3986),#4004,.T.);
#3986 = FACE_BOUND('',#3987,.T.);
#3987 = EDGE_LOOP('',(#3988,#3989,#3990,#3998));
#3988 = ORIENTED_EDGE('',*,*,#3967,.F.);
#3989 = ORIENTED_EDGE('',*,*,#3312,.T.);
#3990 = ORIENTED_EDGE('',*,*,#3991,.T.);
#3991 = EDGE_CURVE('',#3305,#3992,#3994,.T.);
#3992 = VERTEX_POINT('',#3993);
#3993 = CARTESIAN_POINT('',(-0.3,0.3,8.2));
#3994 = LINE('',#3995,#3996);
#3995 = CARTESIAN_POINT('',(-0.3,0.3,8.2));
#3996 = VECTOR('',#3997,1.);
#3997 = DIRECTION('',(0.57735026919,-0.57735026919,-0.57735026919));
#3998 = ORIENTED_EDGE('',*,*,#3999,.F.);
#3999 = EDGE_CURVE('',#3968,#3992,#4000,.T.);
#4000 = LINE('',#4001,#4002);
#4001 = CARTESIAN_POINT('',(0.6,0.3,8.2));
#4002 = VECTOR('',#4003,1.);
#4003 = DIRECTION('',(-1.,1.110223024625E-16,0.));
#4004 = PLANE('',#4005);
#4005 = AXIS2_PLACEMENT_3D('',#4006,#4007,#4008);
#4006 = CARTESIAN_POINT('',(0.6,0.45,8.35));
#4007 = DIRECTION('',(-8.197719098449E-17,-0.707106781187,0.707106781187
    ));
#4008 = DIRECTION('',(-1.,1.13477778879E-16,-2.455476416522E-18));
#4009 = ADVANCED_FACE('',(#4010),#4028,.T.);
#4010 = FACE_BOUND('',#4011,.T.);
#4011 = EDGE_LOOP('',(#4012,#4013,#4014,#4022));
#4012 = ORIENTED_EDGE('',*,*,#3991,.F.);
#4013 = ORIENTED_EDGE('',*,*,#3304,.T.);
#4014 = ORIENTED_EDGE('',*,*,#4015,.T.);
#4015 = EDGE_CURVE('',#3297,#4016,#4018,.T.);
#4016 = VERTEX_POINT('',#4017);
#4017 = CARTESIAN_POINT('',(-0.3,-0.3,8.2));
#4018 = LINE('',#4019,#4020);
#4019 = CARTESIAN_POINT('',(-0.3,-0.3,8.2));
#4020 = VECTOR('',#4021,1.);
#4021 = DIRECTION('',(0.57735026919,0.57735026919,-0.57735026919));
#4022 = ORIENTED_EDGE('',*,*,#4023,.F.);
#4023 = EDGE_CURVE('',#3992,#4016,#4024,.T.);
#4024 = LINE('',#4025,#4026);
#4025 = CARTESIAN_POINT('',(-0.3,0.6,8.2));
#4026 = VECTOR('',#4027,1.);
#4027 = DIRECTION('',(-1.110223024625E-16,-1.,0.));
#4028 = PLANE('',#4029);
#4029 = AXIS2_PLACEMENT_3D('',#4030,#4031,#4032);
#4030 = CARTESIAN_POINT('',(-0.45,0.6,8.35));
#4031 = DIRECTION('',(0.707106781187,-7.850462293414E-17,0.707106781187)
  );
#4032 = DIRECTION('',(-1.110223024625E-16,-1.,2.680278185005E-29));
#4033 = ADVANCED_FACE('',(#4034),#4045,.T.);
#4034 = FACE_BOUND('',#4035,.T.);
#4035 = EDGE_LOOP('',(#4036,#4037,#4038,#4039));
#4036 = ORIENTED_EDGE('',*,*,#4015,.F.);
#4037 = ORIENTED_EDGE('',*,*,#3296,.T.);
#4038 = ORIENTED_EDGE('',*,*,#3958,.T.);
#4039 = ORIENTED_EDGE('',*,*,#4040,.F.);
#4040 = EDGE_CURVE('',#4016,#3959,#4041,.T.);
#4041 = LINE('',#4042,#4043);
#4042 = CARTESIAN_POINT('',(-0.6,-0.3,8.2));
#4043 = VECTOR('',#4044,1.);
#4044 = DIRECTION('',(1.,-1.110223024625E-16,0.));
#4045 = PLANE('',#4046);
#4046 = AXIS2_PLACEMENT_3D('',#4047,#4048,#4049);
#4047 = CARTESIAN_POINT('',(-0.6,-0.45,8.35));
#4048 = DIRECTION('',(8.197719098449E-17,0.707106781187,0.707106781187)
  );
#4049 = DIRECTION('',(1.,-1.13477778879E-16,-2.455476416522E-18));
#4050 = ADVANCED_FACE('',(#4051),#4062,.T.);
#4051 = FACE_BOUND('',#4052,.T.);
#4052 = EDGE_LOOP('',(#4053,#4054,#4055,#4061));
#4053 = ORIENTED_EDGE('',*,*,#3376,.F.);
#4054 = ORIENTED_EDGE('',*,*,#3386,.T.);
#4055 = ORIENTED_EDGE('',*,*,#4056,.T.);
#4056 = EDGE_CURVE('',#3387,#3427,#4057,.T.);
#4057 = LINE('',#4058,#4059);
#4058 = CARTESIAN_POINT('',(-0.1,-7.92,0.2));
#4059 = VECTOR('',#4060,1.);
#4060 = DIRECTION('',(1.,-1.110223024625E-16,0.));
#4061 = ORIENTED_EDGE('',*,*,#3434,.T.);
#4062 = PLANE('',#4063);
#4063 = AXIS2_PLACEMENT_3D('',#4064,#4065,#4066);
#4064 = CARTESIAN_POINT('',(-0.1,-7.92,0.2));
#4065 = DIRECTION('',(0.,-0.,-1.));
#4066 = DIRECTION('',(-1.110223024625E-16,-1.,0.));
#4067 = ADVANCED_FACE('',(#4068),#4109,.F.);
#4068 = FACE_BOUND('',#4069,.F.);
#4069 = EDGE_LOOP('',(#4070,#4078,#4079,#4087,#4095,#4103));
#4070 = ORIENTED_EDGE('',*,*,#4071,.T.);
#4071 = EDGE_CURVE('',#4072,#3427,#4074,.T.);
#4072 = VERTEX_POINT('',#4073);
#4073 = CARTESIAN_POINT('',(0.1,-7.92,-2.5));
#4074 = LINE('',#4075,#4076);
#4075 = CARTESIAN_POINT('',(0.1,-7.92,-2.5));
#4076 = VECTOR('',#4077,1.);
#4077 = DIRECTION('',(0.,0.,1.));
#4078 = ORIENTED_EDGE('',*,*,#3426,.F.);
#4079 = ORIENTED_EDGE('',*,*,#4080,.T.);
#4080 = EDGE_CURVE('',#3419,#4081,#4083,.T.);
#4081 = VERTEX_POINT('',#4082);
#4082 = CARTESIAN_POINT('',(0.1,-7.32,-2.5));
#4083 = LINE('',#4084,#4085);
#4084 = CARTESIAN_POINT('',(0.1,-7.32,0.2));
#4085 = VECTOR('',#4086,1.);
#4086 = DIRECTION('',(0.,0.,-1.));
#4087 = ORIENTED_EDGE('',*,*,#4088,.T.);
#4088 = EDGE_CURVE('',#4081,#4089,#4091,.T.);
#4089 = VERTEX_POINT('',#4090);
#4090 = CARTESIAN_POINT('',(0.1,-7.47,-3.1));
#4091 = LINE('',#4092,#4093);
#4092 = CARTESIAN_POINT('',(0.1,-7.32,-2.5));
#4093 = VECTOR('',#4094,1.);
#4094 = DIRECTION('',(-2.692686352073E-17,-0.242535625036,
    -0.970142500145));
#4095 = ORIENTED_EDGE('',*,*,#4096,.T.);
#4096 = EDGE_CURVE('',#4089,#4097,#4099,.T.);
#4097 = VERTEX_POINT('',#4098);
#4098 = CARTESIAN_POINT('',(0.1,-7.77,-3.1));
#4099 = LINE('',#4100,#4101);
#4100 = CARTESIAN_POINT('',(0.1,-7.47,-3.1));
#4101 = VECTOR('',#4102,1.);
#4102 = DIRECTION('',(-1.110223024625E-16,-1.,0.));
#4103 = ORIENTED_EDGE('',*,*,#4104,.T.);
#4104 = EDGE_CURVE('',#4097,#4072,#4105,.T.);
#4105 = LINE('',#4106,#4107);
#4106 = CARTESIAN_POINT('',(0.1,-7.77,-3.1));
#4107 = VECTOR('',#4108,1.);
#4108 = DIRECTION('',(-2.692686352073E-17,-0.242535625036,0.970142500145
    ));
#4109 = PLANE('',#4110);
#4110 = AXIS2_PLACEMENT_3D('',#4111,#4112,#4113);
#4111 = CARTESIAN_POINT('',(0.1,-7.62,3.911477598424));
#4112 = DIRECTION('',(-1.,1.110223024625E-16,0.));
#4113 = DIRECTION('',(0.,0.,1.));
#4114 = ADVANCED_FACE('',(#4115),#4126,.T.);
#4115 = FACE_BOUND('',#4116,.T.);
#4116 = EDGE_LOOP('',(#4117,#4123,#4124,#4125));
#4117 = ORIENTED_EDGE('',*,*,#4118,.F.);
#4118 = EDGE_CURVE('',#3395,#3419,#4119,.T.);
#4119 = LINE('',#4120,#4121);
#4120 = CARTESIAN_POINT('',(-0.1,-7.32,0.2));
#4121 = VECTOR('',#4122,1.);
#4122 = DIRECTION('',(1.,-1.110223024625E-16,0.));
#4123 = ORIENTED_EDGE('',*,*,#3402,.T.);
#4124 = ORIENTED_EDGE('',*,*,#3410,.T.);
#4125 = ORIENTED_EDGE('',*,*,#3418,.T.);
#4126 = PLANE('',#4127);
#4127 = AXIS2_PLACEMENT_3D('',#4128,#4129,#4130);
#4128 = CARTESIAN_POINT('',(-0.1,-7.92,0.2));
#4129 = DIRECTION('',(0.,-0.,-1.));
#4130 = DIRECTION('',(-1.110223024625E-16,-1.,0.));
#4131 = ADVANCED_FACE('',(#4132),#4173,.T.);
#4132 = FACE_BOUND('',#4133,.T.);
#4133 = EDGE_LOOP('',(#4134,#4142,#4143,#4151,#4159,#4167));
#4134 = ORIENTED_EDGE('',*,*,#4135,.T.);
#4135 = EDGE_CURVE('',#4136,#3387,#4138,.T.);
#4136 = VERTEX_POINT('',#4137);
#4137 = CARTESIAN_POINT('',(-0.1,-7.92,-2.5));
#4138 = LINE('',#4139,#4140);
#4139 = CARTESIAN_POINT('',(-0.1,-7.92,-2.5));
#4140 = VECTOR('',#4141,1.);
#4141 = DIRECTION('',(0.,0.,1.));
#4142 = ORIENTED_EDGE('',*,*,#3394,.F.);
#4143 = ORIENTED_EDGE('',*,*,#4144,.T.);
#4144 = EDGE_CURVE('',#3395,#4145,#4147,.T.);
#4145 = VERTEX_POINT('',#4146);
#4146 = CARTESIAN_POINT('',(-0.1,-7.32,-2.5));
#4147 = LINE('',#4148,#4149);
#4148 = CARTESIAN_POINT('',(-0.1,-7.32,0.2));
#4149 = VECTOR('',#4150,1.);
#4150 = DIRECTION('',(0.,0.,-1.));
#4151 = ORIENTED_EDGE('',*,*,#4152,.T.);
#4152 = EDGE_CURVE('',#4145,#4153,#4155,.T.);
#4153 = VERTEX_POINT('',#4154);
#4154 = CARTESIAN_POINT('',(-0.1,-7.47,-3.1));
#4155 = LINE('',#4156,#4157);
#4156 = CARTESIAN_POINT('',(-0.1,-7.32,-2.5));
#4157 = VECTOR('',#4158,1.);
#4158 = DIRECTION('',(-2.692686352073E-17,-0.242535625036,
    -0.970142500145));
#4159 = ORIENTED_EDGE('',*,*,#4160,.F.);
#4160 = EDGE_CURVE('',#4161,#4153,#4163,.T.);
#4161 = VERTEX_POINT('',#4162);
#4162 = CARTESIAN_POINT('',(-0.1,-7.77,-3.1));
#4163 = LINE('',#4164,#4165);
#4164 = CARTESIAN_POINT('',(-0.1,-7.77,-3.1));
#4165 = VECTOR('',#4166,1.);
#4166 = DIRECTION('',(1.110223024625E-16,1.,0.));
#4167 = ORIENTED_EDGE('',*,*,#4168,.T.);
#4168 = EDGE_CURVE('',#4161,#4136,#4169,.T.);
#4169 = LINE('',#4170,#4171);
#4170 = CARTESIAN_POINT('',(-0.1,-7.77,-3.1));
#4171 = VECTOR('',#4172,1.);
#4172 = DIRECTION('',(-2.692686352073E-17,-0.242535625036,0.970142500145
    ));
#4173 = PLANE('',#4174);
#4174 = AXIS2_PLACEMENT_3D('',#4175,#4176,#4177);
#4175 = CARTESIAN_POINT('',(-0.1,-7.62,3.911477598424));
#4176 = DIRECTION('',(-1.,1.110223024625E-16,0.));
#4177 = DIRECTION('',(0.,0.,1.));
#4178 = ADVANCED_FACE('',(#4179),#4190,.T.);
#4179 = FACE_BOUND('',#4180,.T.);
#4180 = EDGE_LOOP('',(#4181,#4182,#4183,#4189));
#4181 = ORIENTED_EDGE('',*,*,#3442,.F.);
#4182 = ORIENTED_EDGE('',*,*,#3452,.T.);
#4183 = ORIENTED_EDGE('',*,*,#4184,.T.);
#4184 = EDGE_CURVE('',#3453,#3493,#4185,.T.);
#4185 = LINE('',#4186,#4187);
#4186 = CARTESIAN_POINT('',(-0.1,-5.38,0.2));
#4187 = VECTOR('',#4188,1.);
#4188 = DIRECTION('',(1.,-1.110223024625E-16,0.));
#4189 = ORIENTED_EDGE('',*,*,#3500,.T.);
#4190 = PLANE('',#4191);
#4191 = AXIS2_PLACEMENT_3D('',#4192,#4193,#4194);
#4192 = CARTESIAN_POINT('',(-0.1,-5.38,0.2));
#4193 = DIRECTION('',(0.,-0.,-1.));
#4194 = DIRECTION('',(-1.110223024625E-16,-1.,0.));
#4195 = ADVANCED_FACE('',(#4196),#4237,.F.);
#4196 = FACE_BOUND('',#4197,.F.);
#4197 = EDGE_LOOP('',(#4198,#4206,#4207,#4215,#4223,#4231));
#4198 = ORIENTED_EDGE('',*,*,#4199,.T.);
#4199 = EDGE_CURVE('',#4200,#3493,#4202,.T.);
#4200 = VERTEX_POINT('',#4201);
#4201 = CARTESIAN_POINT('',(0.1,-5.38,-2.5));
#4202 = LINE('',#4203,#4204);
#4203 = CARTESIAN_POINT('',(0.1,-5.38,-2.5));
#4204 = VECTOR('',#4205,1.);
#4205 = DIRECTION('',(0.,0.,1.));
#4206 = ORIENTED_EDGE('',*,*,#3492,.F.);
#4207 = ORIENTED_EDGE('',*,*,#4208,.T.);
#4208 = EDGE_CURVE('',#3485,#4209,#4211,.T.);
#4209 = VERTEX_POINT('',#4210);
#4210 = CARTESIAN_POINT('',(0.1,-4.78,-2.5));
#4211 = LINE('',#4212,#4213);
#4212 = CARTESIAN_POINT('',(0.1,-4.78,0.2));
#4213 = VECTOR('',#4214,1.);
#4214 = DIRECTION('',(0.,0.,-1.));
#4215 = ORIENTED_EDGE('',*,*,#4216,.T.);
#4216 = EDGE_CURVE('',#4209,#4217,#4219,.T.);
#4217 = VERTEX_POINT('',#4218);
#4218 = CARTESIAN_POINT('',(0.1,-4.93,-3.1));
#4219 = LINE('',#4220,#4221);
#4220 = CARTESIAN_POINT('',(0.1,-4.78,-2.5));
#4221 = VECTOR('',#4222,1.);
#4222 = DIRECTION('',(-2.692686352073E-17,-0.242535625036,
    -0.970142500145));
#4223 = ORIENTED_EDGE('',*,*,#4224,.T.);
#4224 = EDGE_CURVE('',#4217,#4225,#4227,.T.);
#4225 = VERTEX_POINT('',#4226);
#4226 = CARTESIAN_POINT('',(0.1,-5.23,-3.1));
#4227 = LINE('',#4228,#4229);
#4228 = CARTESIAN_POINT('',(0.1,-4.93,-3.1));
#4229 = VECTOR('',#4230,1.);
#4230 = DIRECTION('',(-1.110223024625E-16,-1.,0.));
#4231 = ORIENTED_EDGE('',*,*,#4232,.T.);
#4232 = EDGE_CURVE('',#4225,#4200,#4233,.T.);
#4233 = LINE('',#4234,#4235);
#4234 = CARTESIAN_POINT('',(0.1,-5.23,-3.1));
#4235 = VECTOR('',#4236,1.);
#4236 = DIRECTION('',(-2.692686352073E-17,-0.242535625036,0.970142500145
    ));
#4237 = PLANE('',#4238);
#4238 = AXIS2_PLACEMENT_3D('',#4239,#4240,#4241);
#4239 = CARTESIAN_POINT('',(0.1,-5.08,3.911477598424));
#4240 = DIRECTION('',(-1.,1.110223024625E-16,0.));
#4241 = DIRECTION('',(0.,0.,1.));
#4242 = ADVANCED_FACE('',(#4243),#4254,.T.);
#4243 = FACE_BOUND('',#4244,.T.);
#4244 = EDGE_LOOP('',(#4245,#4251,#4252,#4253));
#4245 = ORIENTED_EDGE('',*,*,#4246,.F.);
#4246 = EDGE_CURVE('',#3461,#3485,#4247,.T.);
#4247 = LINE('',#4248,#4249);
#4248 = CARTESIAN_POINT('',(-0.1,-4.78,0.2));
#4249 = VECTOR('',#4250,1.);
#4250 = DIRECTION('',(1.,-1.110223024625E-16,0.));
#4251 = ORIENTED_EDGE('',*,*,#3468,.T.);
#4252 = ORIENTED_EDGE('',*,*,#3476,.T.);
#4253 = ORIENTED_EDGE('',*,*,#3484,.T.);
#4254 = PLANE('',#4255);
#4255 = AXIS2_PLACEMENT_3D('',#4256,#4257,#4258);
#4256 = CARTESIAN_POINT('',(-0.1,-5.38,0.2));
#4257 = DIRECTION('',(0.,-0.,-1.));
#4258 = DIRECTION('',(-1.110223024625E-16,-1.,0.));
#4259 = ADVANCED_FACE('',(#4260),#4301,.T.);
#4260 = FACE_BOUND('',#4261,.T.);
#4261 = EDGE_LOOP('',(#4262,#4270,#4271,#4279,#4287,#4295));
#4262 = ORIENTED_EDGE('',*,*,#4263,.T.);
#4263 = EDGE_CURVE('',#4264,#3453,#4266,.T.);
#4264 = VERTEX_POINT('',#4265);
#4265 = CARTESIAN_POINT('',(-0.1,-5.38,-2.5));
#4266 = LINE('',#4267,#4268);
#4267 = CARTESIAN_POINT('',(-0.1,-5.38,-2.5));
#4268 = VECTOR('',#4269,1.);
#4269 = DIRECTION('',(0.,0.,1.));
#4270 = ORIENTED_EDGE('',*,*,#3460,.F.);
#4271 = ORIENTED_EDGE('',*,*,#4272,.T.);
#4272 = EDGE_CURVE('',#3461,#4273,#4275,.T.);
#4273 = VERTEX_POINT('',#4274);
#4274 = CARTESIAN_POINT('',(-0.1,-4.78,-2.5));
#4275 = LINE('',#4276,#4277);
#4276 = CARTESIAN_POINT('',(-0.1,-4.78,0.2));
#4277 = VECTOR('',#4278,1.);
#4278 = DIRECTION('',(0.,0.,-1.));
#4279 = ORIENTED_EDGE('',*,*,#4280,.T.);
#4280 = EDGE_CURVE('',#4273,#4281,#4283,.T.);
#4281 = VERTEX_POINT('',#4282);
#4282 = CARTESIAN_POINT('',(-0.1,-4.93,-3.1));
#4283 = LINE('',#4284,#4285);
#4284 = CARTESIAN_POINT('',(-0.1,-4.78,-2.5));
#4285 = VECTOR('',#4286,1.);
#4286 = DIRECTION('',(-2.692686352073E-17,-0.242535625036,
    -0.970142500145));
#4287 = ORIENTED_EDGE('',*,*,#4288,.F.);
#4288 = EDGE_CURVE('',#4289,#4281,#4291,.T.);
#4289 = VERTEX_POINT('',#4290);
#4290 = CARTESIAN_POINT('',(-0.1,-5.23,-3.1));
#4291 = LINE('',#4292,#4293);
#4292 = CARTESIAN_POINT('',(-0.1,-5.23,-3.1));
#4293 = VECTOR('',#4294,1.);
#4294 = DIRECTION('',(1.110223024625E-16,1.,0.));
#4295 = ORIENTED_EDGE('',*,*,#4296,.T.);
#4296 = EDGE_CURVE('',#4289,#4264,#4297,.T.);
#4297 = LINE('',#4298,#4299);
#4298 = CARTESIAN_POINT('',(-0.1,-5.23,-3.1));
#4299 = VECTOR('',#4300,1.);
#4300 = DIRECTION('',(-2.692686352073E-17,-0.242535625036,0.970142500145
    ));
#4301 = PLANE('',#4302);
#4302 = AXIS2_PLACEMENT_3D('',#4303,#4304,#4305);
#4303 = CARTESIAN_POINT('',(-0.1,-5.08,3.911477598424));
#4304 = DIRECTION('',(-1.,1.110223024625E-16,0.));
#4305 = DIRECTION('',(0.,0.,1.));
#4306 = ADVANCED_FACE('',(#4307),#4318,.T.);
#4307 = FACE_BOUND('',#4308,.T.);
#4308 = EDGE_LOOP('',(#4309,#4310,#4311,#4317));
#4309 = ORIENTED_EDGE('',*,*,#3508,.F.);
#4310 = ORIENTED_EDGE('',*,*,#3518,.T.);
#4311 = ORIENTED_EDGE('',*,*,#4312,.T.);
#4312 = EDGE_CURVE('',#3519,#3559,#4313,.T.);
#4313 = LINE('',#4314,#4315);
#4314 = CARTESIAN_POINT('',(-0.1,-2.84,0.2));
#4315 = VECTOR('',#4316,1.);
#4316 = DIRECTION('',(1.,-1.110223024625E-16,0.));
#4317 = ORIENTED_EDGE('',*,*,#3566,.T.);
#4318 = PLANE('',#4319);
#4319 = AXIS2_PLACEMENT_3D('',#4320,#4321,#4322);
#4320 = CARTESIAN_POINT('',(-0.1,-2.84,0.2));
#4321 = DIRECTION('',(0.,-0.,-1.));
#4322 = DIRECTION('',(-1.110223024625E-16,-1.,0.));
#4323 = ADVANCED_FACE('',(#4324),#4365,.F.);
#4324 = FACE_BOUND('',#4325,.F.);
#4325 = EDGE_LOOP('',(#4326,#4334,#4335,#4343,#4351,#4359));
#4326 = ORIENTED_EDGE('',*,*,#4327,.T.);
#4327 = EDGE_CURVE('',#4328,#3559,#4330,.T.);
#4328 = VERTEX_POINT('',#4329);
#4329 = CARTESIAN_POINT('',(0.1,-2.84,-2.5));
#4330 = LINE('',#4331,#4332);
#4331 = CARTESIAN_POINT('',(0.1,-2.84,-2.5));
#4332 = VECTOR('',#4333,1.);
#4333 = DIRECTION('',(0.,0.,1.));
#4334 = ORIENTED_EDGE('',*,*,#3558,.F.);
#4335 = ORIENTED_EDGE('',*,*,#4336,.T.);
#4336 = EDGE_CURVE('',#3551,#4337,#4339,.T.);
#4337 = VERTEX_POINT('',#4338);
#4338 = CARTESIAN_POINT('',(0.1,-2.24,-2.5));
#4339 = LINE('',#4340,#4341);
#4340 = CARTESIAN_POINT('',(0.1,-2.24,0.2));
#4341 = VECTOR('',#4342,1.);
#4342 = DIRECTION('',(0.,0.,-1.));
#4343 = ORIENTED_EDGE('',*,*,#4344,.T.);
#4344 = EDGE_CURVE('',#4337,#4345,#4347,.T.);
#4345 = VERTEX_POINT('',#4346);
#4346 = CARTESIAN_POINT('',(0.1,-2.39,-3.1));
#4347 = LINE('',#4348,#4349);
#4348 = CARTESIAN_POINT('',(0.1,-2.24,-2.5));
#4349 = VECTOR('',#4350,1.);
#4350 = DIRECTION('',(-2.692686352073E-17,-0.242535625036,
    -0.970142500145));
#4351 = ORIENTED_EDGE('',*,*,#4352,.T.);
#4352 = EDGE_CURVE('',#4345,#4353,#4355,.T.);
#4353 = VERTEX_POINT('',#4354);
#4354 = CARTESIAN_POINT('',(0.1,-2.69,-3.1));
#4355 = LINE('',#4356,#4357);
#4356 = CARTESIAN_POINT('',(0.1,-2.39,-3.1));
#4357 = VECTOR('',#4358,1.);
#4358 = DIRECTION('',(-1.110223024625E-16,-1.,0.));
#4359 = ORIENTED_EDGE('',*,*,#4360,.T.);
#4360 = EDGE_CURVE('',#4353,#4328,#4361,.T.);
#4361 = LINE('',#4362,#4363);
#4362 = CARTESIAN_POINT('',(0.1,-2.69,-3.1));
#4363 = VECTOR('',#4364,1.);
#4364 = DIRECTION('',(-2.692686352073E-17,-0.242535625036,0.970142500145
    ));
#4365 = PLANE('',#4366);
#4366 = AXIS2_PLACEMENT_3D('',#4367,#4368,#4369);
#4367 = CARTESIAN_POINT('',(0.1,-2.54,3.911477598424));
#4368 = DIRECTION('',(-1.,1.110223024625E-16,0.));
#4369 = DIRECTION('',(0.,0.,1.));
#4370 = ADVANCED_FACE('',(#4371),#4382,.T.);
#4371 = FACE_BOUND('',#4372,.T.);
#4372 = EDGE_LOOP('',(#4373,#4379,#4380,#4381));
#4373 = ORIENTED_EDGE('',*,*,#4374,.F.);
#4374 = EDGE_CURVE('',#3527,#3551,#4375,.T.);
#4375 = LINE('',#4376,#4377);
#4376 = CARTESIAN_POINT('',(-0.1,-2.24,0.2));
#4377 = VECTOR('',#4378,1.);
#4378 = DIRECTION('',(1.,-1.110223024625E-16,0.));
#4379 = ORIENTED_EDGE('',*,*,#3534,.T.);
#4380 = ORIENTED_EDGE('',*,*,#3542,.T.);
#4381 = ORIENTED_EDGE('',*,*,#3550,.T.);
#4382 = PLANE('',#4383);
#4383 = AXIS2_PLACEMENT_3D('',#4384,#4385,#4386);
#4384 = CARTESIAN_POINT('',(-0.1,-2.84,0.2));
#4385 = DIRECTION('',(0.,-0.,-1.));
#4386 = DIRECTION('',(-1.110223024625E-16,-1.,0.));
#4387 = ADVANCED_FACE('',(#4388),#4429,.T.);
#4388 = FACE_BOUND('',#4389,.T.);
#4389 = EDGE_LOOP('',(#4390,#4398,#4399,#4407,#4415,#4423));
#4390 = ORIENTED_EDGE('',*,*,#4391,.T.);
#4391 = EDGE_CURVE('',#4392,#3519,#4394,.T.);
#4392 = VERTEX_POINT('',#4393);
#4393 = CARTESIAN_POINT('',(-0.1,-2.84,-2.5));
#4394 = LINE('',#4395,#4396);
#4395 = CARTESIAN_POINT('',(-0.1,-2.84,-2.5));
#4396 = VECTOR('',#4397,1.);
#4397 = DIRECTION('',(0.,0.,1.));
#4398 = ORIENTED_EDGE('',*,*,#3526,.F.);
#4399 = ORIENTED_EDGE('',*,*,#4400,.T.);
#4400 = EDGE_CURVE('',#3527,#4401,#4403,.T.);
#4401 = VERTEX_POINT('',#4402);
#4402 = CARTESIAN_POINT('',(-0.1,-2.24,-2.5));
#4403 = LINE('',#4404,#4405);
#4404 = CARTESIAN_POINT('',(-0.1,-2.24,0.2));
#4405 = VECTOR('',#4406,1.);
#4406 = DIRECTION('',(0.,0.,-1.));
#4407 = ORIENTED_EDGE('',*,*,#4408,.T.);
#4408 = EDGE_CURVE('',#4401,#4409,#4411,.T.);
#4409 = VERTEX_POINT('',#4410);
#4410 = CARTESIAN_POINT('',(-0.1,-2.39,-3.1));
#4411 = LINE('',#4412,#4413);
#4412 = CARTESIAN_POINT('',(-0.1,-2.24,-2.5));
#4413 = VECTOR('',#4414,1.);
#4414 = DIRECTION('',(-2.692686352073E-17,-0.242535625036,
    -0.970142500145));
#4415 = ORIENTED_EDGE('',*,*,#4416,.F.);
#4416 = EDGE_CURVE('',#4417,#4409,#4419,.T.);
#4417 = VERTEX_POINT('',#4418);
#4418 = CARTESIAN_POINT('',(-0.1,-2.69,-3.1));
#4419 = LINE('',#4420,#4421);
#4420 = CARTESIAN_POINT('',(-0.1,-2.69,-3.1));
#4421 = VECTOR('',#4422,1.);
#4422 = DIRECTION('',(1.110223024625E-16,1.,0.));
#4423 = ORIENTED_EDGE('',*,*,#4424,.T.);
#4424 = EDGE_CURVE('',#4417,#4392,#4425,.T.);
#4425 = LINE('',#4426,#4427);
#4426 = CARTESIAN_POINT('',(-0.1,-2.69,-3.1));
#4427 = VECTOR('',#4428,1.);
#4428 = DIRECTION('',(-2.692686352073E-17,-0.242535625036,0.970142500145
    ));
#4429 = PLANE('',#4430);
#4430 = AXIS2_PLACEMENT_3D('',#4431,#4432,#4433);
#4431 = CARTESIAN_POINT('',(-0.1,-2.54,3.911477598424));
#4432 = DIRECTION('',(-1.,1.110223024625E-16,0.));
#4433 = DIRECTION('',(0.,0.,1.));
#4434 = ADVANCED_FACE('',(#4435),#4446,.T.);
#4435 = FACE_BOUND('',#4436,.T.);
#4436 = EDGE_LOOP('',(#4437,#4438,#4439,#4445));
#4437 = ORIENTED_EDGE('',*,*,#3574,.F.);
#4438 = ORIENTED_EDGE('',*,*,#3584,.T.);
#4439 = ORIENTED_EDGE('',*,*,#4440,.T.);
#4440 = EDGE_CURVE('',#3585,#3625,#4441,.T.);
#4441 = LINE('',#4442,#4443);
#4442 = CARTESIAN_POINT('',(-0.1,-0.3,0.2));
#4443 = VECTOR('',#4444,1.);
#4444 = DIRECTION('',(1.,-1.110223024625E-16,0.));
#4445 = ORIENTED_EDGE('',*,*,#3632,.T.);
#4446 = PLANE('',#4447);
#4447 = AXIS2_PLACEMENT_3D('',#4448,#4449,#4450);
#4448 = CARTESIAN_POINT('',(-0.1,-0.3,0.2));
#4449 = DIRECTION('',(0.,-0.,-1.));
#4450 = DIRECTION('',(-1.110223024625E-16,-1.,0.));
#4451 = ADVANCED_FACE('',(#4452),#4493,.F.);
#4452 = FACE_BOUND('',#4453,.F.);
#4453 = EDGE_LOOP('',(#4454,#4462,#4463,#4471,#4479,#4487));
#4454 = ORIENTED_EDGE('',*,*,#4455,.T.);
#4455 = EDGE_CURVE('',#4456,#3625,#4458,.T.);
#4456 = VERTEX_POINT('',#4457);
#4457 = CARTESIAN_POINT('',(0.1,-0.3,-2.5));
#4458 = LINE('',#4459,#4460);
#4459 = CARTESIAN_POINT('',(0.1,-0.3,-2.5));
#4460 = VECTOR('',#4461,1.);
#4461 = DIRECTION('',(0.,0.,1.));
#4462 = ORIENTED_EDGE('',*,*,#3624,.F.);
#4463 = ORIENTED_EDGE('',*,*,#4464,.T.);
#4464 = EDGE_CURVE('',#3617,#4465,#4467,.T.);
#4465 = VERTEX_POINT('',#4466);
#4466 = CARTESIAN_POINT('',(0.1,0.3,-2.5));
#4467 = LINE('',#4468,#4469);
#4468 = CARTESIAN_POINT('',(0.1,0.3,0.2));
#4469 = VECTOR('',#4470,1.);
#4470 = DIRECTION('',(0.,0.,-1.));
#4471 = ORIENTED_EDGE('',*,*,#4472,.T.);
#4472 = EDGE_CURVE('',#4465,#4473,#4475,.T.);
#4473 = VERTEX_POINT('',#4474);
#4474 = CARTESIAN_POINT('',(0.1,0.15,-3.1));
#4475 = LINE('',#4476,#4477);
#4476 = CARTESIAN_POINT('',(0.1,0.3,-2.5));
#4477 = VECTOR('',#4478,1.);
#4478 = DIRECTION('',(-2.692686352073E-17,-0.242535625036,
    -0.970142500145));
#4479 = ORIENTED_EDGE('',*,*,#4480,.T.);
#4480 = EDGE_CURVE('',#4473,#4481,#4483,.T.);
#4481 = VERTEX_POINT('',#4482);
#4482 = CARTESIAN_POINT('',(0.1,-0.15,-3.1));
#4483 = LINE('',#4484,#4485);
#4484 = CARTESIAN_POINT('',(0.1,0.15,-3.1));
#4485 = VECTOR('',#4486,1.);
#4486 = DIRECTION('',(-1.110223024625E-16,-1.,0.));
#4487 = ORIENTED_EDGE('',*,*,#4488,.T.);
#4488 = EDGE_CURVE('',#4481,#4456,#4489,.T.);
#4489 = LINE('',#4490,#4491);
#4490 = CARTESIAN_POINT('',(0.1,-0.15,-3.1));
#4491 = VECTOR('',#4492,1.);
#4492 = DIRECTION('',(-2.692686352073E-17,-0.242535625036,0.970142500145
    ));
#4493 = PLANE('',#4494);
#4494 = AXIS2_PLACEMENT_3D('',#4495,#4496,#4497);
#4495 = CARTESIAN_POINT('',(0.1,-1.110223024625E-17,3.911477598424));
#4496 = DIRECTION('',(-1.,1.110223024625E-16,0.));
#4497 = DIRECTION('',(0.,0.,1.));
#4498 = ADVANCED_FACE('',(#4499),#4510,.T.);
#4499 = FACE_BOUND('',#4500,.T.);
#4500 = EDGE_LOOP('',(#4501,#4507,#4508,#4509));
#4501 = ORIENTED_EDGE('',*,*,#4502,.F.);
#4502 = EDGE_CURVE('',#3593,#3617,#4503,.T.);
#4503 = LINE('',#4504,#4505);
#4504 = CARTESIAN_POINT('',(-0.1,0.3,0.2));
#4505 = VECTOR('',#4506,1.);
#4506 = DIRECTION('',(1.,-1.110223024625E-16,0.));
#4507 = ORIENTED_EDGE('',*,*,#3600,.T.);
#4508 = ORIENTED_EDGE('',*,*,#3608,.T.);
#4509 = ORIENTED_EDGE('',*,*,#3616,.T.);
#4510 = PLANE('',#4511);
#4511 = AXIS2_PLACEMENT_3D('',#4512,#4513,#4514);
#4512 = CARTESIAN_POINT('',(-0.1,-0.3,0.2));
#4513 = DIRECTION('',(0.,-0.,-1.));
#4514 = DIRECTION('',(-1.110223024625E-16,-1.,0.));
#4515 = ADVANCED_FACE('',(#4516),#4557,.T.);
#4516 = FACE_BOUND('',#4517,.T.);
#4517 = EDGE_LOOP('',(#4518,#4526,#4527,#4535,#4543,#4551));
#4518 = ORIENTED_EDGE('',*,*,#4519,.T.);
#4519 = EDGE_CURVE('',#4520,#3585,#4522,.T.);
#4520 = VERTEX_POINT('',#4521);
#4521 = CARTESIAN_POINT('',(-0.1,-0.3,-2.5));
#4522 = LINE('',#4523,#4524);
#4523 = CARTESIAN_POINT('',(-0.1,-0.3,-2.5));
#4524 = VECTOR('',#4525,1.);
#4525 = DIRECTION('',(0.,0.,1.));
#4526 = ORIENTED_EDGE('',*,*,#3592,.F.);
#4527 = ORIENTED_EDGE('',*,*,#4528,.T.);
#4528 = EDGE_CURVE('',#3593,#4529,#4531,.T.);
#4529 = VERTEX_POINT('',#4530);
#4530 = CARTESIAN_POINT('',(-0.1,0.3,-2.5));
#4531 = LINE('',#4532,#4533);
#4532 = CARTESIAN_POINT('',(-0.1,0.3,0.2));
#4533 = VECTOR('',#4534,1.);
#4534 = DIRECTION('',(0.,0.,-1.));
#4535 = ORIENTED_EDGE('',*,*,#4536,.T.);
#4536 = EDGE_CURVE('',#4529,#4537,#4539,.T.);
#4537 = VERTEX_POINT('',#4538);
#4538 = CARTESIAN_POINT('',(-0.1,0.15,-3.1));
#4539 = LINE('',#4540,#4541);
#4540 = CARTESIAN_POINT('',(-0.1,0.3,-2.5));
#4541 = VECTOR('',#4542,1.);
#4542 = DIRECTION('',(-2.692686352073E-17,-0.242535625036,
    -0.970142500145));
#4543 = ORIENTED_EDGE('',*,*,#4544,.F.);
#4544 = EDGE_CURVE('',#4545,#4537,#4547,.T.);
#4545 = VERTEX_POINT('',#4546);
#4546 = CARTESIAN_POINT('',(-0.1,-0.15,-3.1));
#4547 = LINE('',#4548,#4549);
#4548 = CARTESIAN_POINT('',(-0.1,-0.15,-3.1));
#4549 = VECTOR('',#4550,1.);
#4550 = DIRECTION('',(1.110223024625E-16,1.,0.));
#4551 = ORIENTED_EDGE('',*,*,#4552,.T.);
#4552 = EDGE_CURVE('',#4545,#4520,#4553,.T.);
#4553 = LINE('',#4554,#4555);
#4554 = CARTESIAN_POINT('',(-0.1,-0.15,-3.1));
#4555 = VECTOR('',#4556,1.);
#4556 = DIRECTION('',(-2.692686352073E-17,-0.242535625036,0.970142500145
    ));
#4557 = PLANE('',#4558);
#4558 = AXIS2_PLACEMENT_3D('',#4559,#4560,#4561);
#4559 = CARTESIAN_POINT('',(-0.1,1.110223024625E-17,3.911477598424));
#4560 = DIRECTION('',(-1.,1.110223024625E-16,0.));
#4561 = DIRECTION('',(0.,0.,1.));
#4562 = ADVANCED_FACE('',(#4563),#4588,.F.);
#4563 = FACE_BOUND('',#4564,.F.);
#4564 = EDGE_LOOP('',(#4565,#4573,#4581,#4587));
#4565 = ORIENTED_EDGE('',*,*,#4566,.T.);
#4566 = EDGE_CURVE('',#3671,#4567,#4569,.T.);
#4567 = VERTEX_POINT('',#4568);
#4568 = CARTESIAN_POINT('',(0.3,-7.92,0.9));
#4569 = LINE('',#4570,#4571);
#4570 = CARTESIAN_POINT('',(0.3,-7.92,8.2));
#4571 = VECTOR('',#4572,1.);
#4572 = DIRECTION('',(0.,-0.,-1.));
#4573 = ORIENTED_EDGE('',*,*,#4574,.T.);
#4574 = EDGE_CURVE('',#4567,#4575,#4577,.T.);
#4575 = VERTEX_POINT('',#4576);
#4576 = CARTESIAN_POINT('',(0.3,-7.32,0.9));
#4577 = LINE('',#4578,#4579);
#4578 = CARTESIAN_POINT('',(0.3,-7.92,0.9));
#4579 = VECTOR('',#4580,1.);
#4580 = DIRECTION('',(1.110223024625E-16,1.,0.));
#4581 = ORIENTED_EDGE('',*,*,#4582,.F.);
#4582 = EDGE_CURVE('',#3680,#4575,#4583,.T.);
#4583 = LINE('',#4584,#4585);
#4584 = CARTESIAN_POINT('',(0.3,-7.32,8.2));
#4585 = VECTOR('',#4586,1.);
#4586 = DIRECTION('',(0.,-0.,-1.));
#4587 = ORIENTED_EDGE('',*,*,#3687,.F.);
#4588 = PLANE('',#4589);
#4589 = AXIS2_PLACEMENT_3D('',#4590,#4591,#4592);
#4590 = CARTESIAN_POINT('',(0.3,-7.92,8.2));
#4591 = DIRECTION('',(1.,-1.110223024625E-16,0.));
#4592 = DIRECTION('',(1.110223024625E-16,1.,0.));
#4593 = ADVANCED_FACE('',(#4594),#4644,.F.);
#4594 = FACE_BOUND('',#4595,.F.);
#4595 = EDGE_LOOP('',(#4596,#4597,#4598,#4606,#4614,#4622,#4630,#4638));
#4596 = ORIENTED_EDGE('',*,*,#3711,.F.);
#4597 = ORIENTED_EDGE('',*,*,#4582,.T.);
#4598 = ORIENTED_EDGE('',*,*,#4599,.T.);
#4599 = EDGE_CURVE('',#4575,#4600,#4602,.T.);
#4600 = VERTEX_POINT('',#4601);
#4601 = CARTESIAN_POINT('',(0.1,-7.32,0.9));
#4602 = LINE('',#4603,#4604);
#4603 = CARTESIAN_POINT('',(0.3,-7.32,0.9));
#4604 = VECTOR('',#4605,1.);
#4605 = DIRECTION('',(-1.,1.110223024625E-16,0.));
#4606 = ORIENTED_EDGE('',*,*,#4607,.T.);
#4607 = EDGE_CURVE('',#4600,#4608,#4610,.T.);
#4608 = VERTEX_POINT('',#4609);
#4609 = CARTESIAN_POINT('',(0.1,-7.32,7.4));
#4610 = LINE('',#4611,#4612);
#4611 = CARTESIAN_POINT('',(0.1,-7.32,6.055738799212));
#4612 = VECTOR('',#4613,1.);
#4613 = DIRECTION('',(0.,-0.,1.));
#4614 = ORIENTED_EDGE('',*,*,#4615,.F.);
#4615 = EDGE_CURVE('',#4616,#4608,#4618,.T.);
#4616 = VERTEX_POINT('',#4617);
#4617 = CARTESIAN_POINT('',(-0.1,-7.32,7.4));
#4618 = LINE('',#4619,#4620);
#4619 = CARTESIAN_POINT('',(-0.1,-7.32,7.4));
#4620 = VECTOR('',#4621,1.);
#4621 = DIRECTION('',(1.,-1.110223024625E-16,0.));
#4622 = ORIENTED_EDGE('',*,*,#4623,.F.);
#4623 = EDGE_CURVE('',#4624,#4616,#4626,.T.);
#4624 = VERTEX_POINT('',#4625);
#4625 = CARTESIAN_POINT('',(-0.1,-7.32,0.9));
#4626 = LINE('',#4627,#4628);
#4627 = CARTESIAN_POINT('',(-0.1,-7.32,6.055738799212));
#4628 = VECTOR('',#4629,1.);
#4629 = DIRECTION('',(0.,-0.,1.));
#4630 = ORIENTED_EDGE('',*,*,#4631,.T.);
#4631 = EDGE_CURVE('',#4624,#4632,#4634,.T.);
#4632 = VERTEX_POINT('',#4633);
#4633 = CARTESIAN_POINT('',(-0.3,-7.32,0.9));
#4634 = LINE('',#4635,#4636);
#4635 = CARTESIAN_POINT('',(0.3,-7.32,0.9));
#4636 = VECTOR('',#4637,1.);
#4637 = DIRECTION('',(-1.,1.110223024625E-16,0.));
#4638 = ORIENTED_EDGE('',*,*,#4639,.F.);
#4639 = EDGE_CURVE('',#3704,#4632,#4640,.T.);
#4640 = LINE('',#4641,#4642);
#4641 = CARTESIAN_POINT('',(-0.3,-7.32,8.2));
#4642 = VECTOR('',#4643,1.);
#4643 = DIRECTION('',(0.,-0.,-1.));
#4644 = PLANE('',#4645);
#4645 = AXIS2_PLACEMENT_3D('',#4646,#4647,#4648);
#4646 = CARTESIAN_POINT('',(0.3,-7.32,8.2));
#4647 = DIRECTION('',(1.110223024625E-16,1.,0.));
#4648 = DIRECTION('',(-1.,1.110223024625E-16,0.));
#4649 = ADVANCED_FACE('',(#4650),#4668,.F.);
#4650 = FACE_BOUND('',#4651,.F.);
#4651 = EDGE_LOOP('',(#4652,#4653,#4661,#4667));
#4652 = ORIENTED_EDGE('',*,*,#4639,.T.);
#4653 = ORIENTED_EDGE('',*,*,#4654,.T.);
#4654 = EDGE_CURVE('',#4632,#4655,#4657,.T.);
#4655 = VERTEX_POINT('',#4656);
#4656 = CARTESIAN_POINT('',(-0.3,-7.92,0.9));
#4657 = LINE('',#4658,#4659);
#4658 = CARTESIAN_POINT('',(-0.3,-7.32,0.9));
#4659 = VECTOR('',#4660,1.);
#4660 = DIRECTION('',(-1.110223024625E-16,-1.,0.));
#4661 = ORIENTED_EDGE('',*,*,#4662,.F.);
#4662 = EDGE_CURVE('',#3728,#4655,#4663,.T.);
#4663 = LINE('',#4664,#4665);
#4664 = CARTESIAN_POINT('',(-0.3,-7.92,8.2));
#4665 = VECTOR('',#4666,1.);
#4666 = DIRECTION('',(0.,-0.,-1.));
#4667 = ORIENTED_EDGE('',*,*,#3735,.F.);
#4668 = PLANE('',#4669);
#4669 = AXIS2_PLACEMENT_3D('',#4670,#4671,#4672);
#4670 = CARTESIAN_POINT('',(-0.3,-7.32,8.2));
#4671 = DIRECTION('',(-1.,1.110223024625E-16,0.));
#4672 = DIRECTION('',(-1.110223024625E-16,-1.,0.));
#4673 = ADVANCED_FACE('',(#4674),#4717,.F.);
#4674 = FACE_BOUND('',#4675,.F.);
#4675 = EDGE_LOOP('',(#4676,#4677,#4678,#4686,#4694,#4702,#4710,#4716));
#4676 = ORIENTED_EDGE('',*,*,#3752,.F.);
#4677 = ORIENTED_EDGE('',*,*,#4662,.T.);
#4678 = ORIENTED_EDGE('',*,*,#4679,.T.);
#4679 = EDGE_CURVE('',#4655,#4680,#4682,.T.);
#4680 = VERTEX_POINT('',#4681);
#4681 = CARTESIAN_POINT('',(-0.1,-7.92,0.9));
#4682 = LINE('',#4683,#4684);
#4683 = CARTESIAN_POINT('',(-0.3,-7.92,0.9));
#4684 = VECTOR('',#4685,1.);
#4685 = DIRECTION('',(1.,-1.110223024625E-16,0.));
#4686 = ORIENTED_EDGE('',*,*,#4687,.F.);
#4687 = EDGE_CURVE('',#4688,#4680,#4690,.T.);
#4688 = VERTEX_POINT('',#4689);
#4689 = CARTESIAN_POINT('',(-0.1,-7.92,7.4));
#4690 = LINE('',#4691,#4692);
#4691 = CARTESIAN_POINT('',(-0.1,-7.92,6.055738799212));
#4692 = VECTOR('',#4693,1.);
#4693 = DIRECTION('',(-0.,0.,-1.));
#4694 = ORIENTED_EDGE('',*,*,#4695,.T.);
#4695 = EDGE_CURVE('',#4688,#4696,#4698,.T.);
#4696 = VERTEX_POINT('',#4697);
#4697 = CARTESIAN_POINT('',(0.1,-7.92,7.4));
#4698 = LINE('',#4699,#4700);
#4699 = CARTESIAN_POINT('',(-0.1,-7.92,7.4));
#4700 = VECTOR('',#4701,1.);
#4701 = DIRECTION('',(1.,-1.110223024625E-16,0.));
#4702 = ORIENTED_EDGE('',*,*,#4703,.T.);
#4703 = EDGE_CURVE('',#4696,#4704,#4706,.T.);
#4704 = VERTEX_POINT('',#4705);
#4705 = CARTESIAN_POINT('',(0.1,-7.92,0.9));
#4706 = LINE('',#4707,#4708);
#4707 = CARTESIAN_POINT('',(0.1,-7.92,6.055738799212));
#4708 = VECTOR('',#4709,1.);
#4709 = DIRECTION('',(-0.,0.,-1.));
#4710 = ORIENTED_EDGE('',*,*,#4711,.T.);
#4711 = EDGE_CURVE('',#4704,#4567,#4712,.T.);
#4712 = LINE('',#4713,#4714);
#4713 = CARTESIAN_POINT('',(-0.3,-7.92,0.9));
#4714 = VECTOR('',#4715,1.);
#4715 = DIRECTION('',(1.,-1.110223024625E-16,0.));
#4716 = ORIENTED_EDGE('',*,*,#4566,.F.);
#4717 = PLANE('',#4718);
#4718 = AXIS2_PLACEMENT_3D('',#4719,#4720,#4721);
#4719 = CARTESIAN_POINT('',(-0.3,-7.92,8.2));
#4720 = DIRECTION('',(-1.110223024625E-16,-1.,0.));
#4721 = DIRECTION('',(1.,-1.110223024625E-16,0.));
#4722 = ADVANCED_FACE('',(#4723),#4748,.F.);
#4723 = FACE_BOUND('',#4724,.F.);
#4724 = EDGE_LOOP('',(#4725,#4733,#4741,#4747));
#4725 = ORIENTED_EDGE('',*,*,#4726,.T.);
#4726 = EDGE_CURVE('',#3767,#4727,#4729,.T.);
#4727 = VERTEX_POINT('',#4728);
#4728 = CARTESIAN_POINT('',(0.3,-5.38,0.9));
#4729 = LINE('',#4730,#4731);
#4730 = CARTESIAN_POINT('',(0.3,-5.38,8.2));
#4731 = VECTOR('',#4732,1.);
#4732 = DIRECTION('',(0.,-0.,-1.));
#4733 = ORIENTED_EDGE('',*,*,#4734,.T.);
#4734 = EDGE_CURVE('',#4727,#4735,#4737,.T.);
#4735 = VERTEX_POINT('',#4736);
#4736 = CARTESIAN_POINT('',(0.3,-4.78,0.9));
#4737 = LINE('',#4738,#4739);
#4738 = CARTESIAN_POINT('',(0.3,-5.38,0.9));
#4739 = VECTOR('',#4740,1.);
#4740 = DIRECTION('',(1.110223024625E-16,1.,0.));
#4741 = ORIENTED_EDGE('',*,*,#4742,.F.);
#4742 = EDGE_CURVE('',#3776,#4735,#4743,.T.);
#4743 = LINE('',#4744,#4745);
#4744 = CARTESIAN_POINT('',(0.3,-4.78,8.2));
#4745 = VECTOR('',#4746,1.);
#4746 = DIRECTION('',(0.,-0.,-1.));
#4747 = ORIENTED_EDGE('',*,*,#3783,.F.);
#4748 = PLANE('',#4749);
#4749 = AXIS2_PLACEMENT_3D('',#4750,#4751,#4752);
#4750 = CARTESIAN_POINT('',(0.3,-5.38,8.2));
#4751 = DIRECTION('',(1.,-1.110223024625E-16,0.));
#4752 = DIRECTION('',(1.110223024625E-16,1.,0.));
#4753 = ADVANCED_FACE('',(#4754),#4804,.F.);
#4754 = FACE_BOUND('',#4755,.F.);
#4755 = EDGE_LOOP('',(#4756,#4757,#4758,#4766,#4774,#4782,#4790,#4798));
#4756 = ORIENTED_EDGE('',*,*,#3807,.F.);
#4757 = ORIENTED_EDGE('',*,*,#4742,.T.);
#4758 = ORIENTED_EDGE('',*,*,#4759,.T.);
#4759 = EDGE_CURVE('',#4735,#4760,#4762,.T.);
#4760 = VERTEX_POINT('',#4761);
#4761 = CARTESIAN_POINT('',(0.1,-4.78,0.9));
#4762 = LINE('',#4763,#4764);
#4763 = CARTESIAN_POINT('',(0.3,-4.78,0.9));
#4764 = VECTOR('',#4765,1.);
#4765 = DIRECTION('',(-1.,1.110223024625E-16,0.));
#4766 = ORIENTED_EDGE('',*,*,#4767,.T.);
#4767 = EDGE_CURVE('',#4760,#4768,#4770,.T.);
#4768 = VERTEX_POINT('',#4769);
#4769 = CARTESIAN_POINT('',(0.1,-4.78,7.4));
#4770 = LINE('',#4771,#4772);
#4771 = CARTESIAN_POINT('',(0.1,-4.78,6.055738799212));
#4772 = VECTOR('',#4773,1.);
#4773 = DIRECTION('',(0.,-0.,1.));
#4774 = ORIENTED_EDGE('',*,*,#4775,.F.);
#4775 = EDGE_CURVE('',#4776,#4768,#4778,.T.);
#4776 = VERTEX_POINT('',#4777);
#4777 = CARTESIAN_POINT('',(-0.1,-4.78,7.4));
#4778 = LINE('',#4779,#4780);
#4779 = CARTESIAN_POINT('',(-0.1,-4.78,7.4));
#4780 = VECTOR('',#4781,1.);
#4781 = DIRECTION('',(1.,-1.110223024625E-16,0.));
#4782 = ORIENTED_EDGE('',*,*,#4783,.F.);
#4783 = EDGE_CURVE('',#4784,#4776,#4786,.T.);
#4784 = VERTEX_POINT('',#4785);
#4785 = CARTESIAN_POINT('',(-0.1,-4.78,0.9));
#4786 = LINE('',#4787,#4788);
#4787 = CARTESIAN_POINT('',(-0.1,-4.78,6.055738799212));
#4788 = VECTOR('',#4789,1.);
#4789 = DIRECTION('',(0.,-0.,1.));
#4790 = ORIENTED_EDGE('',*,*,#4791,.T.);
#4791 = EDGE_CURVE('',#4784,#4792,#4794,.T.);
#4792 = VERTEX_POINT('',#4793);
#4793 = CARTESIAN_POINT('',(-0.3,-4.78,0.9));
#4794 = LINE('',#4795,#4796);
#4795 = CARTESIAN_POINT('',(0.3,-4.78,0.9));
#4796 = VECTOR('',#4797,1.);
#4797 = DIRECTION('',(-1.,1.110223024625E-16,0.));
#4798 = ORIENTED_EDGE('',*,*,#4799,.F.);
#4799 = EDGE_CURVE('',#3800,#4792,#4800,.T.);
#4800 = LINE('',#4801,#4802);
#4801 = CARTESIAN_POINT('',(-0.3,-4.78,8.2));
#4802 = VECTOR('',#4803,1.);
#4803 = DIRECTION('',(0.,-0.,-1.));
#4804 = PLANE('',#4805);
#4805 = AXIS2_PLACEMENT_3D('',#4806,#4807,#4808);
#4806 = CARTESIAN_POINT('',(0.3,-4.78,8.2));
#4807 = DIRECTION('',(1.110223024625E-16,1.,0.));
#4808 = DIRECTION('',(-1.,1.110223024625E-16,0.));
#4809 = ADVANCED_FACE('',(#4810),#4828,.F.);
#4810 = FACE_BOUND('',#4811,.F.);
#4811 = EDGE_LOOP('',(#4812,#4813,#4821,#4827));
#4812 = ORIENTED_EDGE('',*,*,#4799,.T.);
#4813 = ORIENTED_EDGE('',*,*,#4814,.T.);
#4814 = EDGE_CURVE('',#4792,#4815,#4817,.T.);
#4815 = VERTEX_POINT('',#4816);
#4816 = CARTESIAN_POINT('',(-0.3,-5.38,0.9));
#4817 = LINE('',#4818,#4819);
#4818 = CARTESIAN_POINT('',(-0.3,-4.78,0.9));
#4819 = VECTOR('',#4820,1.);
#4820 = DIRECTION('',(-1.110223024625E-16,-1.,0.));
#4821 = ORIENTED_EDGE('',*,*,#4822,.F.);
#4822 = EDGE_CURVE('',#3824,#4815,#4823,.T.);
#4823 = LINE('',#4824,#4825);
#4824 = CARTESIAN_POINT('',(-0.3,-5.38,8.2));
#4825 = VECTOR('',#4826,1.);
#4826 = DIRECTION('',(0.,-0.,-1.));
#4827 = ORIENTED_EDGE('',*,*,#3831,.F.);
#4828 = PLANE('',#4829);
#4829 = AXIS2_PLACEMENT_3D('',#4830,#4831,#4832);
#4830 = CARTESIAN_POINT('',(-0.3,-4.78,8.2));
#4831 = DIRECTION('',(-1.,1.110223024625E-16,0.));
#4832 = DIRECTION('',(-1.110223024625E-16,-1.,0.));
#4833 = ADVANCED_FACE('',(#4834),#4877,.F.);
#4834 = FACE_BOUND('',#4835,.F.);
#4835 = EDGE_LOOP('',(#4836,#4837,#4838,#4846,#4854,#4862,#4870,#4876));
#4836 = ORIENTED_EDGE('',*,*,#3848,.F.);
#4837 = ORIENTED_EDGE('',*,*,#4822,.T.);
#4838 = ORIENTED_EDGE('',*,*,#4839,.T.);
#4839 = EDGE_CURVE('',#4815,#4840,#4842,.T.);
#4840 = VERTEX_POINT('',#4841);
#4841 = CARTESIAN_POINT('',(-0.1,-5.38,0.9));
#4842 = LINE('',#4843,#4844);
#4843 = CARTESIAN_POINT('',(-0.3,-5.38,0.9));
#4844 = VECTOR('',#4845,1.);
#4845 = DIRECTION('',(1.,-1.110223024625E-16,0.));
#4846 = ORIENTED_EDGE('',*,*,#4847,.F.);
#4847 = EDGE_CURVE('',#4848,#4840,#4850,.T.);
#4848 = VERTEX_POINT('',#4849);
#4849 = CARTESIAN_POINT('',(-0.1,-5.38,7.4));
#4850 = LINE('',#4851,#4852);
#4851 = CARTESIAN_POINT('',(-0.1,-5.38,6.055738799212));
#4852 = VECTOR('',#4853,1.);
#4853 = DIRECTION('',(-0.,0.,-1.));
#4854 = ORIENTED_EDGE('',*,*,#4855,.T.);
#4855 = EDGE_CURVE('',#4848,#4856,#4858,.T.);
#4856 = VERTEX_POINT('',#4857);
#4857 = CARTESIAN_POINT('',(0.1,-5.38,7.4));
#4858 = LINE('',#4859,#4860);
#4859 = CARTESIAN_POINT('',(-0.1,-5.38,7.4));
#4860 = VECTOR('',#4861,1.);
#4861 = DIRECTION('',(1.,-1.110223024625E-16,0.));
#4862 = ORIENTED_EDGE('',*,*,#4863,.T.);
#4863 = EDGE_CURVE('',#4856,#4864,#4866,.T.);
#4864 = VERTEX_POINT('',#4865);
#4865 = CARTESIAN_POINT('',(0.1,-5.38,0.9));
#4866 = LINE('',#4867,#4868);
#4867 = CARTESIAN_POINT('',(0.1,-5.38,6.055738799212));
#4868 = VECTOR('',#4869,1.);
#4869 = DIRECTION('',(-0.,0.,-1.));
#4870 = ORIENTED_EDGE('',*,*,#4871,.T.);
#4871 = EDGE_CURVE('',#4864,#4727,#4872,.T.);
#4872 = LINE('',#4873,#4874);
#4873 = CARTESIAN_POINT('',(-0.3,-5.38,0.9));
#4874 = VECTOR('',#4875,1.);
#4875 = DIRECTION('',(1.,-1.110223024625E-16,0.));
#4876 = ORIENTED_EDGE('',*,*,#4726,.F.);
#4877 = PLANE('',#4878);
#4878 = AXIS2_PLACEMENT_3D('',#4879,#4880,#4881);
#4879 = CARTESIAN_POINT('',(-0.3,-5.38,8.2));
#4880 = DIRECTION('',(-1.110223024625E-16,-1.,0.));
#4881 = DIRECTION('',(1.,-1.110223024625E-16,0.));
#4882 = ADVANCED_FACE('',(#4883),#4908,.F.);
#4883 = FACE_BOUND('',#4884,.F.);
#4884 = EDGE_LOOP('',(#4885,#4893,#4901,#4907));
#4885 = ORIENTED_EDGE('',*,*,#4886,.T.);
#4886 = EDGE_CURVE('',#3863,#4887,#4889,.T.);
#4887 = VERTEX_POINT('',#4888);
#4888 = CARTESIAN_POINT('',(0.3,-2.84,0.9));
#4889 = LINE('',#4890,#4891);
#4890 = CARTESIAN_POINT('',(0.3,-2.84,8.2));
#4891 = VECTOR('',#4892,1.);
#4892 = DIRECTION('',(0.,-0.,-1.));
#4893 = ORIENTED_EDGE('',*,*,#4894,.T.);
#4894 = EDGE_CURVE('',#4887,#4895,#4897,.T.);
#4895 = VERTEX_POINT('',#4896);
#4896 = CARTESIAN_POINT('',(0.3,-2.24,0.9));
#4897 = LINE('',#4898,#4899);
#4898 = CARTESIAN_POINT('',(0.3,-2.84,0.9));
#4899 = VECTOR('',#4900,1.);
#4900 = DIRECTION('',(1.110223024625E-16,1.,0.));
#4901 = ORIENTED_EDGE('',*,*,#4902,.F.);
#4902 = EDGE_CURVE('',#3872,#4895,#4903,.T.);
#4903 = LINE('',#4904,#4905);
#4904 = CARTESIAN_POINT('',(0.3,-2.24,8.2));
#4905 = VECTOR('',#4906,1.);
#4906 = DIRECTION('',(0.,-0.,-1.));
#4907 = ORIENTED_EDGE('',*,*,#3879,.F.);
#4908 = PLANE('',#4909);
#4909 = AXIS2_PLACEMENT_3D('',#4910,#4911,#4912);
#4910 = CARTESIAN_POINT('',(0.3,-2.84,8.2));
#4911 = DIRECTION('',(1.,-1.110223024625E-16,0.));
#4912 = DIRECTION('',(1.110223024625E-16,1.,0.));
#4913 = ADVANCED_FACE('',(#4914),#4964,.F.);
#4914 = FACE_BOUND('',#4915,.F.);
#4915 = EDGE_LOOP('',(#4916,#4917,#4918,#4926,#4934,#4942,#4950,#4958));
#4916 = ORIENTED_EDGE('',*,*,#3903,.F.);
#4917 = ORIENTED_EDGE('',*,*,#4902,.T.);
#4918 = ORIENTED_EDGE('',*,*,#4919,.T.);
#4919 = EDGE_CURVE('',#4895,#4920,#4922,.T.);
#4920 = VERTEX_POINT('',#4921);
#4921 = CARTESIAN_POINT('',(0.1,-2.24,0.9));
#4922 = LINE('',#4923,#4924);
#4923 = CARTESIAN_POINT('',(0.3,-2.24,0.9));
#4924 = VECTOR('',#4925,1.);
#4925 = DIRECTION('',(-1.,1.110223024625E-16,0.));
#4926 = ORIENTED_EDGE('',*,*,#4927,.T.);
#4927 = EDGE_CURVE('',#4920,#4928,#4930,.T.);
#4928 = VERTEX_POINT('',#4929);
#4929 = CARTESIAN_POINT('',(0.1,-2.24,7.4));
#4930 = LINE('',#4931,#4932);
#4931 = CARTESIAN_POINT('',(0.1,-2.24,6.055738799212));
#4932 = VECTOR('',#4933,1.);
#4933 = DIRECTION('',(0.,-0.,1.));
#4934 = ORIENTED_EDGE('',*,*,#4935,.F.);
#4935 = EDGE_CURVE('',#4936,#4928,#4938,.T.);
#4936 = VERTEX_POINT('',#4937);
#4937 = CARTESIAN_POINT('',(-0.1,-2.24,7.4));
#4938 = LINE('',#4939,#4940);
#4939 = CARTESIAN_POINT('',(-0.1,-2.24,7.4));
#4940 = VECTOR('',#4941,1.);
#4941 = DIRECTION('',(1.,-1.110223024625E-16,0.));
#4942 = ORIENTED_EDGE('',*,*,#4943,.F.);
#4943 = EDGE_CURVE('',#4944,#4936,#4946,.T.);
#4944 = VERTEX_POINT('',#4945);
#4945 = CARTESIAN_POINT('',(-0.1,-2.24,0.9));
#4946 = LINE('',#4947,#4948);
#4947 = CARTESIAN_POINT('',(-0.1,-2.24,6.055738799212));
#4948 = VECTOR('',#4949,1.);
#4949 = DIRECTION('',(0.,-0.,1.));
#4950 = ORIENTED_EDGE('',*,*,#4951,.T.);
#4951 = EDGE_CURVE('',#4944,#4952,#4954,.T.);
#4952 = VERTEX_POINT('',#4953);
#4953 = CARTESIAN_POINT('',(-0.3,-2.24,0.9));
#4954 = LINE('',#4955,#4956);
#4955 = CARTESIAN_POINT('',(0.3,-2.24,0.9));
#4956 = VECTOR('',#4957,1.);
#4957 = DIRECTION('',(-1.,1.110223024625E-16,0.));
#4958 = ORIENTED_EDGE('',*,*,#4959,.F.);
#4959 = EDGE_CURVE('',#3896,#4952,#4960,.T.);
#4960 = LINE('',#4961,#4962);
#4961 = CARTESIAN_POINT('',(-0.3,-2.24,8.2));
#4962 = VECTOR('',#4963,1.);
#4963 = DIRECTION('',(0.,-0.,-1.));
#4964 = PLANE('',#4965);
#4965 = AXIS2_PLACEMENT_3D('',#4966,#4967,#4968);
#4966 = CARTESIAN_POINT('',(0.3,-2.24,8.2));
#4967 = DIRECTION('',(1.110223024625E-16,1.,0.));
#4968 = DIRECTION('',(-1.,1.110223024625E-16,0.));
#4969 = ADVANCED_FACE('',(#4970),#4988,.F.);
#4970 = FACE_BOUND('',#4971,.F.);
#4971 = EDGE_LOOP('',(#4972,#4973,#4981,#4987));
#4972 = ORIENTED_EDGE('',*,*,#4959,.T.);
#4973 = ORIENTED_EDGE('',*,*,#4974,.T.);
#4974 = EDGE_CURVE('',#4952,#4975,#4977,.T.);
#4975 = VERTEX_POINT('',#4976);
#4976 = CARTESIAN_POINT('',(-0.3,-2.84,0.9));
#4977 = LINE('',#4978,#4979);
#4978 = CARTESIAN_POINT('',(-0.3,-2.24,0.9));
#4979 = VECTOR('',#4980,1.);
#4980 = DIRECTION('',(-1.110223024625E-16,-1.,0.));
#4981 = ORIENTED_EDGE('',*,*,#4982,.F.);
#4982 = EDGE_CURVE('',#3920,#4975,#4983,.T.);
#4983 = LINE('',#4984,#4985);
#4984 = CARTESIAN_POINT('',(-0.3,-2.84,8.2));
#4985 = VECTOR('',#4986,1.);
#4986 = DIRECTION('',(0.,-0.,-1.));
#4987 = ORIENTED_EDGE('',*,*,#3927,.F.);
#4988 = PLANE('',#4989);
#4989 = AXIS2_PLACEMENT_3D('',#4990,#4991,#4992);
#4990 = CARTESIAN_POINT('',(-0.3,-2.24,8.2));
#4991 = DIRECTION('',(-1.,1.110223024625E-16,0.));
#4992 = DIRECTION('',(-1.110223024625E-16,-1.,0.));
#4993 = ADVANCED_FACE('',(#4994),#5037,.F.);
#4994 = FACE_BOUND('',#4995,.F.);
#4995 = EDGE_LOOP('',(#4996,#4997,#4998,#5006,#5014,#5022,#5030,#5036));
#4996 = ORIENTED_EDGE('',*,*,#3944,.F.);
#4997 = ORIENTED_EDGE('',*,*,#4982,.T.);
#4998 = ORIENTED_EDGE('',*,*,#4999,.T.);
#4999 = EDGE_CURVE('',#4975,#5000,#5002,.T.);
#5000 = VERTEX_POINT('',#5001);
#5001 = CARTESIAN_POINT('',(-0.1,-2.84,0.9));
#5002 = LINE('',#5003,#5004);
#5003 = CARTESIAN_POINT('',(-0.3,-2.84,0.9));
#5004 = VECTOR('',#5005,1.);
#5005 = DIRECTION('',(1.,-1.110223024625E-16,0.));
#5006 = ORIENTED_EDGE('',*,*,#5007,.F.);
#5007 = EDGE_CURVE('',#5008,#5000,#5010,.T.);
#5008 = VERTEX_POINT('',#5009);
#5009 = CARTESIAN_POINT('',(-0.1,-2.84,7.4));
#5010 = LINE('',#5011,#5012);
#5011 = CARTESIAN_POINT('',(-0.1,-2.84,6.055738799212));
#5012 = VECTOR('',#5013,1.);
#5013 = DIRECTION('',(-0.,0.,-1.));
#5014 = ORIENTED_EDGE('',*,*,#5015,.T.);
#5015 = EDGE_CURVE('',#5008,#5016,#5018,.T.);
#5016 = VERTEX_POINT('',#5017);
#5017 = CARTESIAN_POINT('',(0.1,-2.84,7.4));
#5018 = LINE('',#5019,#5020);
#5019 = CARTESIAN_POINT('',(-0.1,-2.84,7.4));
#5020 = VECTOR('',#5021,1.);
#5021 = DIRECTION('',(1.,-1.110223024625E-16,0.));
#5022 = ORIENTED_EDGE('',*,*,#5023,.T.);
#5023 = EDGE_CURVE('',#5016,#5024,#5026,.T.);
#5024 = VERTEX_POINT('',#5025);
#5025 = CARTESIAN_POINT('',(0.1,-2.84,0.9));
#5026 = LINE('',#5027,#5028);
#5027 = CARTESIAN_POINT('',(0.1,-2.84,6.055738799212));
#5028 = VECTOR('',#5029,1.);
#5029 = DIRECTION('',(-0.,0.,-1.));
#5030 = ORIENTED_EDGE('',*,*,#5031,.T.);
#5031 = EDGE_CURVE('',#5024,#4887,#5032,.T.);
#5032 = LINE('',#5033,#5034);
#5033 = CARTESIAN_POINT('',(-0.3,-2.84,0.9));
#5034 = VECTOR('',#5035,1.);
#5035 = DIRECTION('',(1.,-1.110223024625E-16,0.));
#5036 = ORIENTED_EDGE('',*,*,#4886,.F.);
#5037 = PLANE('',#5038);
#5038 = AXIS2_PLACEMENT_3D('',#5039,#5040,#5041);
#5039 = CARTESIAN_POINT('',(-0.3,-2.84,8.2));
#5040 = DIRECTION('',(-1.110223024625E-16,-1.,0.));
#5041 = DIRECTION('',(1.,-1.110223024625E-16,0.));
#5042 = ADVANCED_FACE('',(#5043),#5068,.F.);
#5043 = FACE_BOUND('',#5044,.F.);
#5044 = EDGE_LOOP('',(#5045,#5053,#5061,#5067));
#5045 = ORIENTED_EDGE('',*,*,#5046,.T.);
#5046 = EDGE_CURVE('',#3959,#5047,#5049,.T.);
#5047 = VERTEX_POINT('',#5048);
#5048 = CARTESIAN_POINT('',(0.3,-0.3,0.9));
#5049 = LINE('',#5050,#5051);
#5050 = CARTESIAN_POINT('',(0.3,-0.3,8.2));
#5051 = VECTOR('',#5052,1.);
#5052 = DIRECTION('',(0.,-0.,-1.));
#5053 = ORIENTED_EDGE('',*,*,#5054,.T.);
#5054 = EDGE_CURVE('',#5047,#5055,#5057,.T.);
#5055 = VERTEX_POINT('',#5056);
#5056 = CARTESIAN_POINT('',(0.3,0.3,0.9));
#5057 = LINE('',#5058,#5059);
#5058 = CARTESIAN_POINT('',(0.3,-0.3,0.9));
#5059 = VECTOR('',#5060,1.);
#5060 = DIRECTION('',(1.110223024625E-16,1.,0.));
#5061 = ORIENTED_EDGE('',*,*,#5062,.F.);
#5062 = EDGE_CURVE('',#3968,#5055,#5063,.T.);
#5063 = LINE('',#5064,#5065);
#5064 = CARTESIAN_POINT('',(0.3,0.3,8.2));
#5065 = VECTOR('',#5066,1.);
#5066 = DIRECTION('',(0.,-0.,-1.));
#5067 = ORIENTED_EDGE('',*,*,#3975,.F.);
#5068 = PLANE('',#5069);
#5069 = AXIS2_PLACEMENT_3D('',#5070,#5071,#5072);
#5070 = CARTESIAN_POINT('',(0.3,-0.3,8.2));
#5071 = DIRECTION('',(1.,-1.110223024625E-16,0.));
#5072 = DIRECTION('',(1.110223024625E-16,1.,0.));
#5073 = ADVANCED_FACE('',(#5074),#5124,.F.);
#5074 = FACE_BOUND('',#5075,.F.);
#5075 = EDGE_LOOP('',(#5076,#5077,#5078,#5086,#5094,#5102,#5110,#5118));
#5076 = ORIENTED_EDGE('',*,*,#3999,.F.);
#5077 = ORIENTED_EDGE('',*,*,#5062,.T.);
#5078 = ORIENTED_EDGE('',*,*,#5079,.T.);
#5079 = EDGE_CURVE('',#5055,#5080,#5082,.T.);
#5080 = VERTEX_POINT('',#5081);
#5081 = CARTESIAN_POINT('',(0.1,0.3,0.9));
#5082 = LINE('',#5083,#5084);
#5083 = CARTESIAN_POINT('',(0.3,0.3,0.9));
#5084 = VECTOR('',#5085,1.);
#5085 = DIRECTION('',(-1.,1.110223024625E-16,0.));
#5086 = ORIENTED_EDGE('',*,*,#5087,.T.);
#5087 = EDGE_CURVE('',#5080,#5088,#5090,.T.);
#5088 = VERTEX_POINT('',#5089);
#5089 = CARTESIAN_POINT('',(0.1,0.3,7.4));
#5090 = LINE('',#5091,#5092);
#5091 = CARTESIAN_POINT('',(0.1,0.3,6.055738799212));
#5092 = VECTOR('',#5093,1.);
#5093 = DIRECTION('',(0.,-0.,1.));
#5094 = ORIENTED_EDGE('',*,*,#5095,.F.);
#5095 = EDGE_CURVE('',#5096,#5088,#5098,.T.);
#5096 = VERTEX_POINT('',#5097);
#5097 = CARTESIAN_POINT('',(-0.1,0.3,7.4));
#5098 = LINE('',#5099,#5100);
#5099 = CARTESIAN_POINT('',(-0.1,0.3,7.4));
#5100 = VECTOR('',#5101,1.);
#5101 = DIRECTION('',(1.,-1.110223024625E-16,0.));
#5102 = ORIENTED_EDGE('',*,*,#5103,.F.);
#5103 = EDGE_CURVE('',#5104,#5096,#5106,.T.);
#5104 = VERTEX_POINT('',#5105);
#5105 = CARTESIAN_POINT('',(-0.1,0.3,0.9));
#5106 = LINE('',#5107,#5108);
#5107 = CARTESIAN_POINT('',(-0.1,0.3,6.055738799212));
#5108 = VECTOR('',#5109,1.);
#5109 = DIRECTION('',(0.,-0.,1.));
#5110 = ORIENTED_EDGE('',*,*,#5111,.T.);
#5111 = EDGE_CURVE('',#5104,#5112,#5114,.T.);
#5112 = VERTEX_POINT('',#5113);
#5113 = CARTESIAN_POINT('',(-0.3,0.3,0.9));
#5114 = LINE('',#5115,#5116);
#5115 = CARTESIAN_POINT('',(0.3,0.3,0.9));
#5116 = VECTOR('',#5117,1.);
#5117 = DIRECTION('',(-1.,1.110223024625E-16,0.));
#5118 = ORIENTED_EDGE('',*,*,#5119,.F.);
#5119 = EDGE_CURVE('',#3992,#5112,#5120,.T.);
#5120 = LINE('',#5121,#5122);
#5121 = CARTESIAN_POINT('',(-0.3,0.3,8.2));
#5122 = VECTOR('',#5123,1.);
#5123 = DIRECTION('',(0.,-0.,-1.));
#5124 = PLANE('',#5125);
#5125 = AXIS2_PLACEMENT_3D('',#5126,#5127,#5128);
#5126 = CARTESIAN_POINT('',(0.3,0.3,8.2));
#5127 = DIRECTION('',(1.110223024625E-16,1.,0.));
#5128 = DIRECTION('',(-1.,1.110223024625E-16,0.));
#5129 = ADVANCED_FACE('',(#5130),#5148,.F.);
#5130 = FACE_BOUND('',#5131,.F.);
#5131 = EDGE_LOOP('',(#5132,#5133,#5141,#5147));
#5132 = ORIENTED_EDGE('',*,*,#5119,.T.);
#5133 = ORIENTED_EDGE('',*,*,#5134,.T.);
#5134 = EDGE_CURVE('',#5112,#5135,#5137,.T.);
#5135 = VERTEX_POINT('',#5136);
#5136 = CARTESIAN_POINT('',(-0.3,-0.3,0.9));
#5137 = LINE('',#5138,#5139);
#5138 = CARTESIAN_POINT('',(-0.3,0.3,0.9));
#5139 = VECTOR('',#5140,1.);
#5140 = DIRECTION('',(-1.110223024625E-16,-1.,0.));
#5141 = ORIENTED_EDGE('',*,*,#5142,.F.);
#5142 = EDGE_CURVE('',#4016,#5135,#5143,.T.);
#5143 = LINE('',#5144,#5145);
#5144 = CARTESIAN_POINT('',(-0.3,-0.3,8.2));
#5145 = VECTOR('',#5146,1.);
#5146 = DIRECTION('',(0.,-0.,-1.));
#5147 = ORIENTED_EDGE('',*,*,#4023,.F.);
#5148 = PLANE('',#5149);
#5149 = AXIS2_PLACEMENT_3D('',#5150,#5151,#5152);
#5150 = CARTESIAN_POINT('',(-0.3,0.3,8.2));
#5151 = DIRECTION('',(-1.,1.110223024625E-16,0.));
#5152 = DIRECTION('',(-1.110223024625E-16,-1.,0.));
#5153 = ADVANCED_FACE('',(#5154),#5197,.F.);
#5154 = FACE_BOUND('',#5155,.F.);
#5155 = EDGE_LOOP('',(#5156,#5157,#5158,#5166,#5174,#5182,#5190,#5196));
#5156 = ORIENTED_EDGE('',*,*,#4040,.F.);
#5157 = ORIENTED_EDGE('',*,*,#5142,.T.);
#5158 = ORIENTED_EDGE('',*,*,#5159,.T.);
#5159 = EDGE_CURVE('',#5135,#5160,#5162,.T.);
#5160 = VERTEX_POINT('',#5161);
#5161 = CARTESIAN_POINT('',(-0.1,-0.3,0.9));
#5162 = LINE('',#5163,#5164);
#5163 = CARTESIAN_POINT('',(-0.3,-0.3,0.9));
#5164 = VECTOR('',#5165,1.);
#5165 = DIRECTION('',(1.,-1.110223024625E-16,0.));
#5166 = ORIENTED_EDGE('',*,*,#5167,.F.);
#5167 = EDGE_CURVE('',#5168,#5160,#5170,.T.);
#5168 = VERTEX_POINT('',#5169);
#5169 = CARTESIAN_POINT('',(-0.1,-0.3,7.4));
#5170 = LINE('',#5171,#5172);
#5171 = CARTESIAN_POINT('',(-0.1,-0.3,6.055738799212));
#5172 = VECTOR('',#5173,1.);
#5173 = DIRECTION('',(-0.,0.,-1.));
#5174 = ORIENTED_EDGE('',*,*,#5175,.T.);
#5175 = EDGE_CURVE('',#5168,#5176,#5178,.T.);
#5176 = VERTEX_POINT('',#5177);
#5177 = CARTESIAN_POINT('',(0.1,-0.3,7.4));
#5178 = LINE('',#5179,#5180);
#5179 = CARTESIAN_POINT('',(-0.1,-0.3,7.4));
#5180 = VECTOR('',#5181,1.);
#5181 = DIRECTION('',(1.,-1.110223024625E-16,0.));
#5182 = ORIENTED_EDGE('',*,*,#5183,.T.);
#5183 = EDGE_CURVE('',#5176,#5184,#5186,.T.);
#5184 = VERTEX_POINT('',#5185);
#5185 = CARTESIAN_POINT('',(0.1,-0.3,0.9));
#5186 = LINE('',#5187,#5188);
#5187 = CARTESIAN_POINT('',(0.1,-0.3,6.055738799212));
#5188 = VECTOR('',#5189,1.);
#5189 = DIRECTION('',(-0.,0.,-1.));
#5190 = ORIENTED_EDGE('',*,*,#5191,.T.);
#5191 = EDGE_CURVE('',#5184,#5047,#5192,.T.);
#5192 = LINE('',#5193,#5194);
#5193 = CARTESIAN_POINT('',(-0.3,-0.3,0.9));
#5194 = VECTOR('',#5195,1.);
#5195 = DIRECTION('',(1.,-1.110223024625E-16,0.));
#5196 = ORIENTED_EDGE('',*,*,#5046,.F.);
#5197 = PLANE('',#5198);
#5198 = AXIS2_PLACEMENT_3D('',#5199,#5200,#5201);
#5199 = CARTESIAN_POINT('',(-0.3,-0.3,8.2));
#5200 = DIRECTION('',(-1.110223024625E-16,-1.,0.));
#5201 = DIRECTION('',(1.,-1.110223024625E-16,0.));
#5202 = ADVANCED_FACE('',(#5203),#5214,.T.);
#5203 = FACE_BOUND('',#5204,.T.);
#5204 = EDGE_LOOP('',(#5205,#5211,#5212,#5213));
#5205 = ORIENTED_EDGE('',*,*,#5206,.T.);
#5206 = EDGE_CURVE('',#4136,#4072,#5207,.T.);
#5207 = LINE('',#5208,#5209);
#5208 = CARTESIAN_POINT('',(-0.1,-7.92,-2.5));
#5209 = VECTOR('',#5210,1.);
#5210 = DIRECTION('',(1.,-1.110223024625E-16,0.));
#5211 = ORIENTED_EDGE('',*,*,#4071,.T.);
#5212 = ORIENTED_EDGE('',*,*,#4056,.F.);
#5213 = ORIENTED_EDGE('',*,*,#4135,.F.);
#5214 = PLANE('',#5215);
#5215 = AXIS2_PLACEMENT_3D('',#5216,#5217,#5218);
#5216 = CARTESIAN_POINT('',(-0.1,-7.92,-2.5));
#5217 = DIRECTION('',(-1.110223024625E-16,-1.,0.));
#5218 = DIRECTION('',(0.,0.,1.));
#5219 = ADVANCED_FACE('',(#5220),#5231,.T.);
#5220 = FACE_BOUND('',#5221,.T.);
#5221 = EDGE_LOOP('',(#5222,#5228,#5229,#5230));
#5222 = ORIENTED_EDGE('',*,*,#5223,.T.);
#5223 = EDGE_CURVE('',#4161,#4097,#5224,.T.);
#5224 = LINE('',#5225,#5226);
#5225 = CARTESIAN_POINT('',(-0.1,-7.77,-3.1));
#5226 = VECTOR('',#5227,1.);
#5227 = DIRECTION('',(1.,-1.110223024625E-16,0.));
#5228 = ORIENTED_EDGE('',*,*,#4104,.T.);
#5229 = ORIENTED_EDGE('',*,*,#5206,.F.);
#5230 = ORIENTED_EDGE('',*,*,#4168,.F.);
#5231 = PLANE('',#5232);
#5232 = AXIS2_PLACEMENT_3D('',#5233,#5234,#5235);
#5233 = CARTESIAN_POINT('',(-0.1,-7.77,-3.1));
#5234 = DIRECTION('',(-1.077074540829E-16,-0.970142500145,
    -0.242535625036));
#5235 = DIRECTION('',(-2.692686352073E-17,-0.242535625036,0.970142500145
    ));
#5236 = ADVANCED_FACE('',(#5237),#5248,.T.);
#5237 = FACE_BOUND('',#5238,.T.);
#5238 = EDGE_LOOP('',(#5239,#5245,#5246,#5247));
#5239 = ORIENTED_EDGE('',*,*,#5240,.T.);
#5240 = EDGE_CURVE('',#4153,#4089,#5241,.T.);
#5241 = LINE('',#5242,#5243);
#5242 = CARTESIAN_POINT('',(-0.1,-7.47,-3.1));
#5243 = VECTOR('',#5244,1.);
#5244 = DIRECTION('',(1.,-1.110223024625E-16,0.));
#5245 = ORIENTED_EDGE('',*,*,#4096,.T.);
#5246 = ORIENTED_EDGE('',*,*,#5223,.F.);
#5247 = ORIENTED_EDGE('',*,*,#4160,.T.);
#5248 = PLANE('',#5249);
#5249 = AXIS2_PLACEMENT_3D('',#5250,#5251,#5252);
#5250 = CARTESIAN_POINT('',(-0.1,-7.47,-3.1));
#5251 = DIRECTION('',(0.,-0.,-1.));
#5252 = DIRECTION('',(-1.110223024625E-16,-1.,0.));
#5253 = ADVANCED_FACE('',(#5254),#5265,.T.);
#5254 = FACE_BOUND('',#5255,.T.);
#5255 = EDGE_LOOP('',(#5256,#5262,#5263,#5264));
#5256 = ORIENTED_EDGE('',*,*,#5257,.T.);
#5257 = EDGE_CURVE('',#4145,#4081,#5258,.T.);
#5258 = LINE('',#5259,#5260);
#5259 = CARTESIAN_POINT('',(-0.1,-7.32,-2.5));
#5260 = VECTOR('',#5261,1.);
#5261 = DIRECTION('',(1.,-1.110223024625E-16,0.));
#5262 = ORIENTED_EDGE('',*,*,#4088,.T.);
#5263 = ORIENTED_EDGE('',*,*,#5240,.F.);
#5264 = ORIENTED_EDGE('',*,*,#4152,.F.);
#5265 = PLANE('',#5266);
#5266 = AXIS2_PLACEMENT_3D('',#5267,#5268,#5269);
#5267 = CARTESIAN_POINT('',(-0.1,-7.32,-2.5));
#5268 = DIRECTION('',(1.077074540829E-16,0.970142500145,-0.242535625036)
  );
#5269 = DIRECTION('',(-2.692686352073E-17,-0.242535625036,
    -0.970142500145));
#5270 = ADVANCED_FACE('',(#5271),#5277,.T.);
#5271 = FACE_BOUND('',#5272,.T.);
#5272 = EDGE_LOOP('',(#5273,#5274,#5275,#5276));
#5273 = ORIENTED_EDGE('',*,*,#4118,.T.);
#5274 = ORIENTED_EDGE('',*,*,#4080,.T.);
#5275 = ORIENTED_EDGE('',*,*,#5257,.F.);
#5276 = ORIENTED_EDGE('',*,*,#4144,.F.);
#5277 = PLANE('',#5278);
#5278 = AXIS2_PLACEMENT_3D('',#5279,#5280,#5281);
#5279 = CARTESIAN_POINT('',(-0.1,-7.32,0.2));
#5280 = DIRECTION('',(1.110223024625E-16,1.,0.));
#5281 = DIRECTION('',(0.,0.,-1.));
#5282 = ADVANCED_FACE('',(#5283),#5294,.T.);
#5283 = FACE_BOUND('',#5284,.T.);
#5284 = EDGE_LOOP('',(#5285,#5291,#5292,#5293));
#5285 = ORIENTED_EDGE('',*,*,#5286,.T.);
#5286 = EDGE_CURVE('',#4264,#4200,#5287,.T.);
#5287 = LINE('',#5288,#5289);
#5288 = CARTESIAN_POINT('',(-0.1,-5.38,-2.5));
#5289 = VECTOR('',#5290,1.);
#5290 = DIRECTION('',(1.,-1.110223024625E-16,0.));
#5291 = ORIENTED_EDGE('',*,*,#4199,.T.);
#5292 = ORIENTED_EDGE('',*,*,#4184,.F.);
#5293 = ORIENTED_EDGE('',*,*,#4263,.F.);
#5294 = PLANE('',#5295);
#5295 = AXIS2_PLACEMENT_3D('',#5296,#5297,#5298);
#5296 = CARTESIAN_POINT('',(-0.1,-5.38,-2.5));
#5297 = DIRECTION('',(-1.110223024625E-16,-1.,0.));
#5298 = DIRECTION('',(0.,0.,1.));
#5299 = ADVANCED_FACE('',(#5300),#5311,.T.);
#5300 = FACE_BOUND('',#5301,.T.);
#5301 = EDGE_LOOP('',(#5302,#5308,#5309,#5310));
#5302 = ORIENTED_EDGE('',*,*,#5303,.T.);
#5303 = EDGE_CURVE('',#4289,#4225,#5304,.T.);
#5304 = LINE('',#5305,#5306);
#5305 = CARTESIAN_POINT('',(-0.1,-5.23,-3.1));
#5306 = VECTOR('',#5307,1.);
#5307 = DIRECTION('',(1.,-1.110223024625E-16,0.));
#5308 = ORIENTED_EDGE('',*,*,#4232,.T.);
#5309 = ORIENTED_EDGE('',*,*,#5286,.F.);
#5310 = ORIENTED_EDGE('',*,*,#4296,.F.);
#5311 = PLANE('',#5312);
#5312 = AXIS2_PLACEMENT_3D('',#5313,#5314,#5315);
#5313 = CARTESIAN_POINT('',(-0.1,-5.23,-3.1));
#5314 = DIRECTION('',(-1.077074540829E-16,-0.970142500145,
    -0.242535625036));
#5315 = DIRECTION('',(-2.692686352073E-17,-0.242535625036,0.970142500145
    ));
#5316 = ADVANCED_FACE('',(#5317),#5328,.T.);
#5317 = FACE_BOUND('',#5318,.T.);
#5318 = EDGE_LOOP('',(#5319,#5325,#5326,#5327));
#5319 = ORIENTED_EDGE('',*,*,#5320,.T.);
#5320 = EDGE_CURVE('',#4281,#4217,#5321,.T.);
#5321 = LINE('',#5322,#5323);
#5322 = CARTESIAN_POINT('',(-0.1,-4.93,-3.1));
#5323 = VECTOR('',#5324,1.);
#5324 = DIRECTION('',(1.,-1.110223024625E-16,0.));
#5325 = ORIENTED_EDGE('',*,*,#4224,.T.);
#5326 = ORIENTED_EDGE('',*,*,#5303,.F.);
#5327 = ORIENTED_EDGE('',*,*,#4288,.T.);
#5328 = PLANE('',#5329);
#5329 = AXIS2_PLACEMENT_3D('',#5330,#5331,#5332);
#5330 = CARTESIAN_POINT('',(-0.1,-4.93,-3.1));
#5331 = DIRECTION('',(0.,-0.,-1.));
#5332 = DIRECTION('',(-1.110223024625E-16,-1.,0.));
#5333 = ADVANCED_FACE('',(#5334),#5345,.T.);
#5334 = FACE_BOUND('',#5335,.T.);
#5335 = EDGE_LOOP('',(#5336,#5342,#5343,#5344));
#5336 = ORIENTED_EDGE('',*,*,#5337,.T.);
#5337 = EDGE_CURVE('',#4273,#4209,#5338,.T.);
#5338 = LINE('',#5339,#5340);
#5339 = CARTESIAN_POINT('',(-0.1,-4.78,-2.5));
#5340 = VECTOR('',#5341,1.);
#5341 = DIRECTION('',(1.,-1.110223024625E-16,0.));
#5342 = ORIENTED_EDGE('',*,*,#4216,.T.);
#5343 = ORIENTED_EDGE('',*,*,#5320,.F.);
#5344 = ORIENTED_EDGE('',*,*,#4280,.F.);
#5345 = PLANE('',#5346);
#5346 = AXIS2_PLACEMENT_3D('',#5347,#5348,#5349);
#5347 = CARTESIAN_POINT('',(-0.1,-4.78,-2.5));
#5348 = DIRECTION('',(1.077074540829E-16,0.970142500145,-0.242535625036)
  );
#5349 = DIRECTION('',(-2.692686352073E-17,-0.242535625036,
    -0.970142500145));
#5350 = ADVANCED_FACE('',(#5351),#5357,.T.);
#5351 = FACE_BOUND('',#5352,.T.);
#5352 = EDGE_LOOP('',(#5353,#5354,#5355,#5356));
#5353 = ORIENTED_EDGE('',*,*,#4246,.T.);
#5354 = ORIENTED_EDGE('',*,*,#4208,.T.);
#5355 = ORIENTED_EDGE('',*,*,#5337,.F.);
#5356 = ORIENTED_EDGE('',*,*,#4272,.F.);
#5357 = PLANE('',#5358);
#5358 = AXIS2_PLACEMENT_3D('',#5359,#5360,#5361);
#5359 = CARTESIAN_POINT('',(-0.1,-4.78,0.2));
#5360 = DIRECTION('',(1.110223024625E-16,1.,0.));
#5361 = DIRECTION('',(0.,0.,-1.));
#5362 = ADVANCED_FACE('',(#5363),#5374,.T.);
#5363 = FACE_BOUND('',#5364,.T.);
#5364 = EDGE_LOOP('',(#5365,#5371,#5372,#5373));
#5365 = ORIENTED_EDGE('',*,*,#5366,.T.);
#5366 = EDGE_CURVE('',#4392,#4328,#5367,.T.);
#5367 = LINE('',#5368,#5369);
#5368 = CARTESIAN_POINT('',(-0.1,-2.84,-2.5));
#5369 = VECTOR('',#5370,1.);
#5370 = DIRECTION('',(1.,-1.110223024625E-16,0.));
#5371 = ORIENTED_EDGE('',*,*,#4327,.T.);
#5372 = ORIENTED_EDGE('',*,*,#4312,.F.);
#5373 = ORIENTED_EDGE('',*,*,#4391,.F.);
#5374 = PLANE('',#5375);
#5375 = AXIS2_PLACEMENT_3D('',#5376,#5377,#5378);
#5376 = CARTESIAN_POINT('',(-0.1,-2.84,-2.5));
#5377 = DIRECTION('',(-1.110223024625E-16,-1.,0.));
#5378 = DIRECTION('',(0.,0.,1.));
#5379 = ADVANCED_FACE('',(#5380),#5391,.T.);
#5380 = FACE_BOUND('',#5381,.T.);
#5381 = EDGE_LOOP('',(#5382,#5388,#5389,#5390));
#5382 = ORIENTED_EDGE('',*,*,#5383,.T.);
#5383 = EDGE_CURVE('',#4417,#4353,#5384,.T.);
#5384 = LINE('',#5385,#5386);
#5385 = CARTESIAN_POINT('',(-0.1,-2.69,-3.1));
#5386 = VECTOR('',#5387,1.);
#5387 = DIRECTION('',(1.,-1.110223024625E-16,0.));
#5388 = ORIENTED_EDGE('',*,*,#4360,.T.);
#5389 = ORIENTED_EDGE('',*,*,#5366,.F.);
#5390 = ORIENTED_EDGE('',*,*,#4424,.F.);
#5391 = PLANE('',#5392);
#5392 = AXIS2_PLACEMENT_3D('',#5393,#5394,#5395);
#5393 = CARTESIAN_POINT('',(-0.1,-2.69,-3.1));
#5394 = DIRECTION('',(-1.077074540829E-16,-0.970142500145,
    -0.242535625036));
#5395 = DIRECTION('',(-2.692686352073E-17,-0.242535625036,0.970142500145
    ));
#5396 = ADVANCED_FACE('',(#5397),#5408,.T.);
#5397 = FACE_BOUND('',#5398,.T.);
#5398 = EDGE_LOOP('',(#5399,#5405,#5406,#5407));
#5399 = ORIENTED_EDGE('',*,*,#5400,.T.);
#5400 = EDGE_CURVE('',#4409,#4345,#5401,.T.);
#5401 = LINE('',#5402,#5403);
#5402 = CARTESIAN_POINT('',(-0.1,-2.39,-3.1));
#5403 = VECTOR('',#5404,1.);
#5404 = DIRECTION('',(1.,-1.110223024625E-16,0.));
#5405 = ORIENTED_EDGE('',*,*,#4352,.T.);
#5406 = ORIENTED_EDGE('',*,*,#5383,.F.);
#5407 = ORIENTED_EDGE('',*,*,#4416,.T.);
#5408 = PLANE('',#5409);
#5409 = AXIS2_PLACEMENT_3D('',#5410,#5411,#5412);
#5410 = CARTESIAN_POINT('',(-0.1,-2.39,-3.1));
#5411 = DIRECTION('',(0.,-0.,-1.));
#5412 = DIRECTION('',(-1.110223024625E-16,-1.,0.));
#5413 = ADVANCED_FACE('',(#5414),#5425,.T.);
#5414 = FACE_BOUND('',#5415,.T.);
#5415 = EDGE_LOOP('',(#5416,#5422,#5423,#5424));
#5416 = ORIENTED_EDGE('',*,*,#5417,.T.);
#5417 = EDGE_CURVE('',#4401,#4337,#5418,.T.);
#5418 = LINE('',#5419,#5420);
#5419 = CARTESIAN_POINT('',(-0.1,-2.24,-2.5));
#5420 = VECTOR('',#5421,1.);
#5421 = DIRECTION('',(1.,-1.110223024625E-16,0.));
#5422 = ORIENTED_EDGE('',*,*,#4344,.T.);
#5423 = ORIENTED_EDGE('',*,*,#5400,.F.);
#5424 = ORIENTED_EDGE('',*,*,#4408,.F.);
#5425 = PLANE('',#5426);
#5426 = AXIS2_PLACEMENT_3D('',#5427,#5428,#5429);
#5427 = CARTESIAN_POINT('',(-0.1,-2.24,-2.5));
#5428 = DIRECTION('',(1.077074540829E-16,0.970142500145,-0.242535625036)
  );
#5429 = DIRECTION('',(-2.692686352073E-17,-0.242535625036,
    -0.970142500145));
#5430 = ADVANCED_FACE('',(#5431),#5437,.T.);
#5431 = FACE_BOUND('',#5432,.T.);
#5432 = EDGE_LOOP('',(#5433,#5434,#5435,#5436));
#5433 = ORIENTED_EDGE('',*,*,#4374,.T.);
#5434 = ORIENTED_EDGE('',*,*,#4336,.T.);
#5435 = ORIENTED_EDGE('',*,*,#5417,.F.);
#5436 = ORIENTED_EDGE('',*,*,#4400,.F.);
#5437 = PLANE('',#5438);
#5438 = AXIS2_PLACEMENT_3D('',#5439,#5440,#5441);
#5439 = CARTESIAN_POINT('',(-0.1,-2.24,0.2));
#5440 = DIRECTION('',(1.110223024625E-16,1.,0.));
#5441 = DIRECTION('',(0.,0.,-1.));
#5442 = ADVANCED_FACE('',(#5443),#5454,.T.);
#5443 = FACE_BOUND('',#5444,.T.);
#5444 = EDGE_LOOP('',(#5445,#5451,#5452,#5453));
#5445 = ORIENTED_EDGE('',*,*,#5446,.T.);
#5446 = EDGE_CURVE('',#4520,#4456,#5447,.T.);
#5447 = LINE('',#5448,#5449);
#5448 = CARTESIAN_POINT('',(-0.1,-0.3,-2.5));
#5449 = VECTOR('',#5450,1.);
#5450 = DIRECTION('',(1.,-1.110223024625E-16,0.));
#5451 = ORIENTED_EDGE('',*,*,#4455,.T.);
#5452 = ORIENTED_EDGE('',*,*,#4440,.F.);
#5453 = ORIENTED_EDGE('',*,*,#4519,.F.);
#5454 = PLANE('',#5455);
#5455 = AXIS2_PLACEMENT_3D('',#5456,#5457,#5458);
#5456 = CARTESIAN_POINT('',(-0.1,-0.3,-2.5));
#5457 = DIRECTION('',(-1.110223024625E-16,-1.,0.));
#5458 = DIRECTION('',(0.,0.,1.));
#5459 = ADVANCED_FACE('',(#5460),#5471,.T.);
#5460 = FACE_BOUND('',#5461,.T.);
#5461 = EDGE_LOOP('',(#5462,#5468,#5469,#5470));
#5462 = ORIENTED_EDGE('',*,*,#5463,.T.);
#5463 = EDGE_CURVE('',#4545,#4481,#5464,.T.);
#5464 = LINE('',#5465,#5466);
#5465 = CARTESIAN_POINT('',(-0.1,-0.15,-3.1));
#5466 = VECTOR('',#5467,1.);
#5467 = DIRECTION('',(1.,-1.110223024625E-16,0.));
#5468 = ORIENTED_EDGE('',*,*,#4488,.T.);
#5469 = ORIENTED_EDGE('',*,*,#5446,.F.);
#5470 = ORIENTED_EDGE('',*,*,#4552,.F.);
#5471 = PLANE('',#5472);
#5472 = AXIS2_PLACEMENT_3D('',#5473,#5474,#5475);
#5473 = CARTESIAN_POINT('',(-0.1,-0.15,-3.1));
#5474 = DIRECTION('',(-1.077074540829E-16,-0.970142500145,
    -0.242535625036));
#5475 = DIRECTION('',(-2.692686352073E-17,-0.242535625036,0.970142500145
    ));
#5476 = ADVANCED_FACE('',(#5477),#5488,.T.);
#5477 = FACE_BOUND('',#5478,.T.);
#5478 = EDGE_LOOP('',(#5479,#5485,#5486,#5487));
#5479 = ORIENTED_EDGE('',*,*,#5480,.T.);
#5480 = EDGE_CURVE('',#4537,#4473,#5481,.T.);
#5481 = LINE('',#5482,#5483);
#5482 = CARTESIAN_POINT('',(-0.1,0.15,-3.1));
#5483 = VECTOR('',#5484,1.);
#5484 = DIRECTION('',(1.,-1.110223024625E-16,0.));
#5485 = ORIENTED_EDGE('',*,*,#4480,.T.);
#5486 = ORIENTED_EDGE('',*,*,#5463,.F.);
#5487 = ORIENTED_EDGE('',*,*,#4544,.T.);
#5488 = PLANE('',#5489);
#5489 = AXIS2_PLACEMENT_3D('',#5490,#5491,#5492);
#5490 = CARTESIAN_POINT('',(-0.1,0.15,-3.1));
#5491 = DIRECTION('',(0.,-0.,-1.));
#5492 = DIRECTION('',(-1.110223024625E-16,-1.,0.));
#5493 = ADVANCED_FACE('',(#5494),#5505,.T.);
#5494 = FACE_BOUND('',#5495,.T.);
#5495 = EDGE_LOOP('',(#5496,#5502,#5503,#5504));
#5496 = ORIENTED_EDGE('',*,*,#5497,.T.);
#5497 = EDGE_CURVE('',#4529,#4465,#5498,.T.);
#5498 = LINE('',#5499,#5500);
#5499 = CARTESIAN_POINT('',(-0.1,0.3,-2.5));
#5500 = VECTOR('',#5501,1.);
#5501 = DIRECTION('',(1.,-1.110223024625E-16,0.));
#5502 = ORIENTED_EDGE('',*,*,#4472,.T.);
#5503 = ORIENTED_EDGE('',*,*,#5480,.F.);
#5504 = ORIENTED_EDGE('',*,*,#4536,.F.);
#5505 = PLANE('',#5506);
#5506 = AXIS2_PLACEMENT_3D('',#5507,#5508,#5509);
#5507 = CARTESIAN_POINT('',(-0.1,0.3,-2.5));
#5508 = DIRECTION('',(1.077074540829E-16,0.970142500145,-0.242535625036)
  );
#5509 = DIRECTION('',(-2.692686352073E-17,-0.242535625036,
    -0.970142500145));
#5510 = ADVANCED_FACE('',(#5511),#5517,.T.);
#5511 = FACE_BOUND('',#5512,.T.);
#5512 = EDGE_LOOP('',(#5513,#5514,#5515,#5516));
#5513 = ORIENTED_EDGE('',*,*,#4502,.T.);
#5514 = ORIENTED_EDGE('',*,*,#4464,.T.);
#5515 = ORIENTED_EDGE('',*,*,#5497,.F.);
#5516 = ORIENTED_EDGE('',*,*,#4528,.F.);
#5517 = PLANE('',#5518);
#5518 = AXIS2_PLACEMENT_3D('',#5519,#5520,#5521);
#5519 = CARTESIAN_POINT('',(-0.1,0.3,0.2));
#5520 = DIRECTION('',(1.110223024625E-16,1.,0.));
#5521 = DIRECTION('',(0.,0.,-1.));
#5522 = ADVANCED_FACE('',(#5523),#5534,.T.);
#5523 = FACE_BOUND('',#5524,.T.);
#5524 = EDGE_LOOP('',(#5525,#5526,#5527,#5528));
#5525 = ORIENTED_EDGE('',*,*,#4711,.T.);
#5526 = ORIENTED_EDGE('',*,*,#4574,.T.);
#5527 = ORIENTED_EDGE('',*,*,#4599,.T.);
#5528 = ORIENTED_EDGE('',*,*,#5529,.T.);
#5529 = EDGE_CURVE('',#4600,#4704,#5530,.T.);
#5530 = LINE('',#5531,#5532);
#5531 = CARTESIAN_POINT('',(0.1,-7.62,0.9));
#5532 = VECTOR('',#5533,1.);
#5533 = DIRECTION('',(-1.110223024625E-16,-1.,0.));
#5534 = PLANE('',#5535);
#5535 = AXIS2_PLACEMENT_3D('',#5536,#5537,#5538);
#5536 = CARTESIAN_POINT('',(-9.281001892939E-16,-7.62,0.9));
#5537 = DIRECTION('',(0.,0.,1.));
#5538 = DIRECTION('',(1.110223024625E-16,1.,-0.));
#5539 = ADVANCED_FACE('',(#5540),#5551,.T.);
#5540 = FACE_BOUND('',#5541,.T.);
#5541 = EDGE_LOOP('',(#5542,#5543,#5549,#5550));
#5542 = ORIENTED_EDGE('',*,*,#4679,.T.);
#5543 = ORIENTED_EDGE('',*,*,#5544,.F.);
#5544 = EDGE_CURVE('',#4624,#4680,#5545,.T.);
#5545 = LINE('',#5546,#5547);
#5546 = CARTESIAN_POINT('',(-0.1,-7.62,0.9));
#5547 = VECTOR('',#5548,1.);
#5548 = DIRECTION('',(-1.110223024625E-16,-1.,0.));
#5549 = ORIENTED_EDGE('',*,*,#4631,.T.);
#5550 = ORIENTED_EDGE('',*,*,#4654,.T.);
#5551 = PLANE('',#5552);
#5552 = AXIS2_PLACEMENT_3D('',#5553,#5554,#5555);
#5553 = CARTESIAN_POINT('',(-9.281001892939E-16,-7.62,0.9));
#5554 = DIRECTION('',(0.,0.,1.));
#5555 = DIRECTION('',(1.110223024625E-16,1.,-0.));
#5556 = ADVANCED_FACE('',(#5557),#5600,.T.);
#5557 = FACE_BOUND('',#5558,.T.);
#5558 = EDGE_LOOP('',(#5559,#5560,#5568,#5576,#5584,#5592,#5598,#5599));
#5559 = ORIENTED_EDGE('',*,*,#4687,.F.);
#5560 = ORIENTED_EDGE('',*,*,#5561,.T.);
#5561 = EDGE_CURVE('',#4688,#5562,#5564,.T.);
#5562 = VERTEX_POINT('',#5563);
#5563 = CARTESIAN_POINT('',(-0.1,-7.87,7.35));
#5564 = LINE('',#5565,#5566);
#5565 = CARTESIAN_POINT('',(-0.1,-7.92,7.4));
#5566 = VECTOR('',#5567,1.);
#5567 = DIRECTION('',(7.850462293414E-17,0.707106781187,-0.707106781187)
  );
#5568 = ORIENTED_EDGE('',*,*,#5569,.T.);
#5569 = EDGE_CURVE('',#5562,#5570,#5572,.T.);
#5570 = VERTEX_POINT('',#5571);
#5571 = CARTESIAN_POINT('',(-0.1,-7.87,1.25));
#5572 = LINE('',#5573,#5574);
#5573 = CARTESIAN_POINT('',(-0.1,-7.87,7.35));
#5574 = VECTOR('',#5575,1.);
#5575 = DIRECTION('',(0.,0.,-1.));
#5576 = ORIENTED_EDGE('',*,*,#5577,.T.);
#5577 = EDGE_CURVE('',#5570,#5578,#5580,.T.);
#5578 = VERTEX_POINT('',#5579);
#5579 = CARTESIAN_POINT('',(-0.1,-7.37,1.25));
#5580 = LINE('',#5581,#5582);
#5581 = CARTESIAN_POINT('',(-0.1,-7.87,1.25));
#5582 = VECTOR('',#5583,1.);
#5583 = DIRECTION('',(1.110223024625E-16,1.,0.));
#5584 = ORIENTED_EDGE('',*,*,#5585,.T.);
#5585 = EDGE_CURVE('',#5578,#5586,#5588,.T.);
#5586 = VERTEX_POINT('',#5587);
#5587 = CARTESIAN_POINT('',(-0.1,-7.37,7.35));
#5588 = LINE('',#5589,#5590);
#5589 = CARTESIAN_POINT('',(-0.1,-7.37,1.25));
#5590 = VECTOR('',#5591,1.);
#5591 = DIRECTION('',(0.,0.,1.));
#5592 = ORIENTED_EDGE('',*,*,#5593,.T.);
#5593 = EDGE_CURVE('',#5586,#4616,#5594,.T.);
#5594 = LINE('',#5595,#5596);
#5595 = CARTESIAN_POINT('',(-0.1,-7.37,7.35));
#5596 = VECTOR('',#5597,1.);
#5597 = DIRECTION('',(7.850462293414E-17,0.707106781187,0.707106781187)
  );
#5598 = ORIENTED_EDGE('',*,*,#4623,.F.);
#5599 = ORIENTED_EDGE('',*,*,#5544,.T.);
#5600 = PLANE('',#5601);
#5601 = AXIS2_PLACEMENT_3D('',#5602,#5603,#5604);
#5602 = CARTESIAN_POINT('',(-0.1,-7.62,3.911477598424));
#5603 = DIRECTION('',(-1.,1.110223024625E-16,0.));
#5604 = DIRECTION('',(0.,0.,1.));
#5605 = ADVANCED_FACE('',(#5606),#5624,.T.);
#5606 = FACE_BOUND('',#5607,.T.);
#5607 = EDGE_LOOP('',(#5608,#5616,#5622,#5623));
#5608 = ORIENTED_EDGE('',*,*,#5609,.T.);
#5609 = EDGE_CURVE('',#5586,#5610,#5612,.T.);
#5610 = VERTEX_POINT('',#5611);
#5611 = CARTESIAN_POINT('',(0.1,-7.37,7.35));
#5612 = LINE('',#5613,#5614);
#5613 = CARTESIAN_POINT('',(-0.1,-7.37,7.35));
#5614 = VECTOR('',#5615,1.);
#5615 = DIRECTION('',(1.,-1.110223024625E-16,0.));
#5616 = ORIENTED_EDGE('',*,*,#5617,.T.);
#5617 = EDGE_CURVE('',#5610,#4608,#5618,.T.);
#5618 = LINE('',#5619,#5620);
#5619 = CARTESIAN_POINT('',(0.1,-7.37,7.35));
#5620 = VECTOR('',#5621,1.);
#5621 = DIRECTION('',(7.850462293414E-17,0.707106781187,0.707106781187)
  );
#5622 = ORIENTED_EDGE('',*,*,#4615,.F.);
#5623 = ORIENTED_EDGE('',*,*,#5593,.F.);
#5624 = PLANE('',#5625);
#5625 = AXIS2_PLACEMENT_3D('',#5626,#5627,#5628);
#5626 = CARTESIAN_POINT('',(-0.1,-7.37,7.35));
#5627 = DIRECTION('',(-7.850462293414E-17,-0.707106781187,0.707106781187
    ));
#5628 = DIRECTION('',(7.850462293414E-17,0.707106781187,0.707106781187)
  );
#5629 = ADVANCED_FACE('',(#5630),#5666,.F.);
#5630 = FACE_BOUND('',#5631,.F.);
#5631 = EDGE_LOOP('',(#5632,#5633,#5641,#5649,#5657,#5663,#5664,#5665));
#5632 = ORIENTED_EDGE('',*,*,#4703,.F.);
#5633 = ORIENTED_EDGE('',*,*,#5634,.T.);
#5634 = EDGE_CURVE('',#4696,#5635,#5637,.T.);
#5635 = VERTEX_POINT('',#5636);
#5636 = CARTESIAN_POINT('',(0.1,-7.87,7.35));
#5637 = LINE('',#5638,#5639);
#5638 = CARTESIAN_POINT('',(0.1,-7.92,7.4));
#5639 = VECTOR('',#5640,1.);
#5640 = DIRECTION('',(7.850462293414E-17,0.707106781187,-0.707106781187)
  );
#5641 = ORIENTED_EDGE('',*,*,#5642,.T.);
#5642 = EDGE_CURVE('',#5635,#5643,#5645,.T.);
#5643 = VERTEX_POINT('',#5644);
#5644 = CARTESIAN_POINT('',(0.1,-7.87,1.25));
#5645 = LINE('',#5646,#5647);
#5646 = CARTESIAN_POINT('',(0.1,-7.87,7.35));
#5647 = VECTOR('',#5648,1.);
#5648 = DIRECTION('',(0.,0.,-1.));
#5649 = ORIENTED_EDGE('',*,*,#5650,.T.);
#5650 = EDGE_CURVE('',#5643,#5651,#5653,.T.);
#5651 = VERTEX_POINT('',#5652);
#5652 = CARTESIAN_POINT('',(0.1,-7.37,1.25));
#5653 = LINE('',#5654,#5655);
#5654 = CARTESIAN_POINT('',(0.1,-7.87,1.25));
#5655 = VECTOR('',#5656,1.);
#5656 = DIRECTION('',(1.110223024625E-16,1.,0.));
#5657 = ORIENTED_EDGE('',*,*,#5658,.T.);
#5658 = EDGE_CURVE('',#5651,#5610,#5659,.T.);
#5659 = LINE('',#5660,#5661);
#5660 = CARTESIAN_POINT('',(0.1,-7.37,1.25));
#5661 = VECTOR('',#5662,1.);
#5662 = DIRECTION('',(0.,0.,1.));
#5663 = ORIENTED_EDGE('',*,*,#5617,.T.);
#5664 = ORIENTED_EDGE('',*,*,#4607,.F.);
#5665 = ORIENTED_EDGE('',*,*,#5529,.T.);
#5666 = PLANE('',#5667);
#5667 = AXIS2_PLACEMENT_3D('',#5668,#5669,#5670);
#5668 = CARTESIAN_POINT('',(0.1,-7.62,3.911477598424));
#5669 = DIRECTION('',(-1.,1.110223024625E-16,0.));
#5670 = DIRECTION('',(0.,0.,1.));
#5671 = ADVANCED_FACE('',(#5672),#5683,.T.);
#5672 = FACE_BOUND('',#5673,.T.);
#5673 = EDGE_LOOP('',(#5674,#5675,#5676,#5682));
#5674 = ORIENTED_EDGE('',*,*,#4695,.T.);
#5675 = ORIENTED_EDGE('',*,*,#5634,.T.);
#5676 = ORIENTED_EDGE('',*,*,#5677,.F.);
#5677 = EDGE_CURVE('',#5562,#5635,#5678,.T.);
#5678 = LINE('',#5679,#5680);
#5679 = CARTESIAN_POINT('',(-0.1,-7.87,7.35));
#5680 = VECTOR('',#5681,1.);
#5681 = DIRECTION('',(1.,-1.110223024625E-16,0.));
#5682 = ORIENTED_EDGE('',*,*,#5561,.F.);
#5683 = PLANE('',#5684);
#5684 = AXIS2_PLACEMENT_3D('',#5685,#5686,#5687);
#5685 = CARTESIAN_POINT('',(-0.1,-7.92,7.4));
#5686 = DIRECTION('',(7.850462293414E-17,0.707106781187,0.707106781187)
  );
#5687 = DIRECTION('',(7.850462293414E-17,0.707106781187,-0.707106781187)
  );
#5688 = ADVANCED_FACE('',(#5689),#5700,.T.);
#5689 = FACE_BOUND('',#5690,.T.);
#5690 = EDGE_LOOP('',(#5691,#5692,#5693,#5694));
#5691 = ORIENTED_EDGE('',*,*,#4871,.T.);
#5692 = ORIENTED_EDGE('',*,*,#4734,.T.);
#5693 = ORIENTED_EDGE('',*,*,#4759,.T.);
#5694 = ORIENTED_EDGE('',*,*,#5695,.T.);
#5695 = EDGE_CURVE('',#4760,#4864,#5696,.T.);
#5696 = LINE('',#5697,#5698);
#5697 = CARTESIAN_POINT('',(0.1,-5.08,0.9));
#5698 = VECTOR('',#5699,1.);
#5699 = DIRECTION('',(-1.110223024625E-16,-1.,0.));
#5700 = PLANE('',#5701);
#5701 = AXIS2_PLACEMENT_3D('',#5702,#5703,#5704);
#5702 = CARTESIAN_POINT('',(-6.461035410391E-16,-5.08,0.9));
#5703 = DIRECTION('',(0.,0.,1.));
#5704 = DIRECTION('',(1.110223024625E-16,1.,-0.));
#5705 = ADVANCED_FACE('',(#5706),#5717,.T.);
#5706 = FACE_BOUND('',#5707,.T.);
#5707 = EDGE_LOOP('',(#5708,#5709,#5715,#5716));
#5708 = ORIENTED_EDGE('',*,*,#4839,.T.);
#5709 = ORIENTED_EDGE('',*,*,#5710,.F.);
#5710 = EDGE_CURVE('',#4784,#4840,#5711,.T.);
#5711 = LINE('',#5712,#5713);
#5712 = CARTESIAN_POINT('',(-0.1,-5.08,0.9));
#5713 = VECTOR('',#5714,1.);
#5714 = DIRECTION('',(-1.110223024625E-16,-1.,0.));
#5715 = ORIENTED_EDGE('',*,*,#4791,.T.);
#5716 = ORIENTED_EDGE('',*,*,#4814,.T.);
#5717 = PLANE('',#5718);
#5718 = AXIS2_PLACEMENT_3D('',#5719,#5720,#5721);
#5719 = CARTESIAN_POINT('',(-6.461035410391E-16,-5.08,0.9));
#5720 = DIRECTION('',(0.,0.,1.));
#5721 = DIRECTION('',(1.110223024625E-16,1.,-0.));
#5722 = ADVANCED_FACE('',(#5723),#5766,.T.);
#5723 = FACE_BOUND('',#5724,.T.);
#5724 = EDGE_LOOP('',(#5725,#5726,#5734,#5742,#5750,#5758,#5764,#5765));
#5725 = ORIENTED_EDGE('',*,*,#4847,.F.);
#5726 = ORIENTED_EDGE('',*,*,#5727,.T.);
#5727 = EDGE_CURVE('',#4848,#5728,#5730,.T.);
#5728 = VERTEX_POINT('',#5729);
#5729 = CARTESIAN_POINT('',(-0.1,-5.33,7.35));
#5730 = LINE('',#5731,#5732);
#5731 = CARTESIAN_POINT('',(-0.1,-5.38,7.4));
#5732 = VECTOR('',#5733,1.);
#5733 = DIRECTION('',(7.850462293414E-17,0.707106781187,-0.707106781187)
  );
#5734 = ORIENTED_EDGE('',*,*,#5735,.T.);
#5735 = EDGE_CURVE('',#5728,#5736,#5738,.T.);
#5736 = VERTEX_POINT('',#5737);
#5737 = CARTESIAN_POINT('',(-0.1,-5.33,1.25));
#5738 = LINE('',#5739,#5740);
#5739 = CARTESIAN_POINT('',(-0.1,-5.33,7.35));
#5740 = VECTOR('',#5741,1.);
#5741 = DIRECTION('',(0.,0.,-1.));
#5742 = ORIENTED_EDGE('',*,*,#5743,.T.);
#5743 = EDGE_CURVE('',#5736,#5744,#5746,.T.);
#5744 = VERTEX_POINT('',#5745);
#5745 = CARTESIAN_POINT('',(-0.1,-4.83,1.25));
#5746 = LINE('',#5747,#5748);
#5747 = CARTESIAN_POINT('',(-0.1,-5.33,1.25));
#5748 = VECTOR('',#5749,1.);
#5749 = DIRECTION('',(1.110223024625E-16,1.,0.));
#5750 = ORIENTED_EDGE('',*,*,#5751,.T.);
#5751 = EDGE_CURVE('',#5744,#5752,#5754,.T.);
#5752 = VERTEX_POINT('',#5753);
#5753 = CARTESIAN_POINT('',(-0.1,-4.83,7.35));
#5754 = LINE('',#5755,#5756);
#5755 = CARTESIAN_POINT('',(-0.1,-4.83,1.25));
#5756 = VECTOR('',#5757,1.);
#5757 = DIRECTION('',(0.,0.,1.));
#5758 = ORIENTED_EDGE('',*,*,#5759,.T.);
#5759 = EDGE_CURVE('',#5752,#4776,#5760,.T.);
#5760 = LINE('',#5761,#5762);
#5761 = CARTESIAN_POINT('',(-0.1,-4.83,7.35));
#5762 = VECTOR('',#5763,1.);
#5763 = DIRECTION('',(7.850462293414E-17,0.707106781187,0.707106781187)
  );
#5764 = ORIENTED_EDGE('',*,*,#4783,.F.);
#5765 = ORIENTED_EDGE('',*,*,#5710,.T.);
#5766 = PLANE('',#5767);
#5767 = AXIS2_PLACEMENT_3D('',#5768,#5769,#5770);
#5768 = CARTESIAN_POINT('',(-0.1,-5.08,3.911477598424));
#5769 = DIRECTION('',(-1.,1.110223024625E-16,0.));
#5770 = DIRECTION('',(0.,0.,1.));
#5771 = ADVANCED_FACE('',(#5772),#5790,.T.);
#5772 = FACE_BOUND('',#5773,.T.);
#5773 = EDGE_LOOP('',(#5774,#5782,#5788,#5789));
#5774 = ORIENTED_EDGE('',*,*,#5775,.T.);
#5775 = EDGE_CURVE('',#5752,#5776,#5778,.T.);
#5776 = VERTEX_POINT('',#5777);
#5777 = CARTESIAN_POINT('',(0.1,-4.83,7.35));
#5778 = LINE('',#5779,#5780);
#5779 = CARTESIAN_POINT('',(-0.1,-4.83,7.35));
#5780 = VECTOR('',#5781,1.);
#5781 = DIRECTION('',(1.,-1.110223024625E-16,0.));
#5782 = ORIENTED_EDGE('',*,*,#5783,.T.);
#5783 = EDGE_CURVE('',#5776,#4768,#5784,.T.);
#5784 = LINE('',#5785,#5786);
#5785 = CARTESIAN_POINT('',(0.1,-4.83,7.35));
#5786 = VECTOR('',#5787,1.);
#5787 = DIRECTION('',(7.850462293414E-17,0.707106781187,0.707106781187)
  );
#5788 = ORIENTED_EDGE('',*,*,#4775,.F.);
#5789 = ORIENTED_EDGE('',*,*,#5759,.F.);
#5790 = PLANE('',#5791);
#5791 = AXIS2_PLACEMENT_3D('',#5792,#5793,#5794);
#5792 = CARTESIAN_POINT('',(-0.1,-4.83,7.35));
#5793 = DIRECTION('',(-7.850462293414E-17,-0.707106781187,0.707106781187
    ));
#5794 = DIRECTION('',(7.850462293414E-17,0.707106781187,0.707106781187)
  );
#5795 = ADVANCED_FACE('',(#5796),#5832,.F.);
#5796 = FACE_BOUND('',#5797,.F.);
#5797 = EDGE_LOOP('',(#5798,#5799,#5807,#5815,#5823,#5829,#5830,#5831));
#5798 = ORIENTED_EDGE('',*,*,#4863,.F.);
#5799 = ORIENTED_EDGE('',*,*,#5800,.T.);
#5800 = EDGE_CURVE('',#4856,#5801,#5803,.T.);
#5801 = VERTEX_POINT('',#5802);
#5802 = CARTESIAN_POINT('',(0.1,-5.33,7.35));
#5803 = LINE('',#5804,#5805);
#5804 = CARTESIAN_POINT('',(0.1,-5.38,7.4));
#5805 = VECTOR('',#5806,1.);
#5806 = DIRECTION('',(7.850462293414E-17,0.707106781187,-0.707106781187)
  );
#5807 = ORIENTED_EDGE('',*,*,#5808,.T.);
#5808 = EDGE_CURVE('',#5801,#5809,#5811,.T.);
#5809 = VERTEX_POINT('',#5810);
#5810 = CARTESIAN_POINT('',(0.1,-5.33,1.25));
#5811 = LINE('',#5812,#5813);
#5812 = CARTESIAN_POINT('',(0.1,-5.33,7.35));
#5813 = VECTOR('',#5814,1.);
#5814 = DIRECTION('',(0.,0.,-1.));
#5815 = ORIENTED_EDGE('',*,*,#5816,.T.);
#5816 = EDGE_CURVE('',#5809,#5817,#5819,.T.);
#5817 = VERTEX_POINT('',#5818);
#5818 = CARTESIAN_POINT('',(0.1,-4.83,1.25));
#5819 = LINE('',#5820,#5821);
#5820 = CARTESIAN_POINT('',(0.1,-5.33,1.25));
#5821 = VECTOR('',#5822,1.);
#5822 = DIRECTION('',(1.110223024625E-16,1.,0.));
#5823 = ORIENTED_EDGE('',*,*,#5824,.T.);
#5824 = EDGE_CURVE('',#5817,#5776,#5825,.T.);
#5825 = LINE('',#5826,#5827);
#5826 = CARTESIAN_POINT('',(0.1,-4.83,1.25));
#5827 = VECTOR('',#5828,1.);
#5828 = DIRECTION('',(0.,0.,1.));
#5829 = ORIENTED_EDGE('',*,*,#5783,.T.);
#5830 = ORIENTED_EDGE('',*,*,#4767,.F.);
#5831 = ORIENTED_EDGE('',*,*,#5695,.T.);
#5832 = PLANE('',#5833);
#5833 = AXIS2_PLACEMENT_3D('',#5834,#5835,#5836);
#5834 = CARTESIAN_POINT('',(0.1,-5.08,3.911477598424));
#5835 = DIRECTION('',(-1.,1.110223024625E-16,0.));
#5836 = DIRECTION('',(0.,0.,1.));
#5837 = ADVANCED_FACE('',(#5838),#5849,.T.);
#5838 = FACE_BOUND('',#5839,.T.);
#5839 = EDGE_LOOP('',(#5840,#5841,#5842,#5848));
#5840 = ORIENTED_EDGE('',*,*,#4855,.T.);
#5841 = ORIENTED_EDGE('',*,*,#5800,.T.);
#5842 = ORIENTED_EDGE('',*,*,#5843,.F.);
#5843 = EDGE_CURVE('',#5728,#5801,#5844,.T.);
#5844 = LINE('',#5845,#5846);
#5845 = CARTESIAN_POINT('',(-0.1,-5.33,7.35));
#5846 = VECTOR('',#5847,1.);
#5847 = DIRECTION('',(1.,-1.110223024625E-16,0.));
#5848 = ORIENTED_EDGE('',*,*,#5727,.F.);
#5849 = PLANE('',#5850);
#5850 = AXIS2_PLACEMENT_3D('',#5851,#5852,#5853);
#5851 = CARTESIAN_POINT('',(-0.1,-5.38,7.4));
#5852 = DIRECTION('',(7.850462293414E-17,0.707106781187,0.707106781187)
  );
#5853 = DIRECTION('',(7.850462293414E-17,0.707106781187,-0.707106781187)
  );
#5854 = ADVANCED_FACE('',(#5855),#5866,.T.);
#5855 = FACE_BOUND('',#5856,.T.);
#5856 = EDGE_LOOP('',(#5857,#5858,#5859,#5860));
#5857 = ORIENTED_EDGE('',*,*,#5031,.T.);
#5858 = ORIENTED_EDGE('',*,*,#4894,.T.);
#5859 = ORIENTED_EDGE('',*,*,#4919,.T.);
#5860 = ORIENTED_EDGE('',*,*,#5861,.T.);
#5861 = EDGE_CURVE('',#4920,#5024,#5862,.T.);
#5862 = LINE('',#5863,#5864);
#5863 = CARTESIAN_POINT('',(0.1,-2.54,0.9));
#5864 = VECTOR('',#5865,1.);
#5865 = DIRECTION('',(-1.110223024625E-16,-1.,0.));
#5866 = PLANE('',#5867);
#5867 = AXIS2_PLACEMENT_3D('',#5868,#5869,#5870);
#5868 = CARTESIAN_POINT('',(-3.641068927844E-16,-2.54,0.9));
#5869 = DIRECTION('',(0.,0.,1.));
#5870 = DIRECTION('',(1.110223024625E-16,1.,-0.));
#5871 = ADVANCED_FACE('',(#5872),#5883,.T.);
#5872 = FACE_BOUND('',#5873,.T.);
#5873 = EDGE_LOOP('',(#5874,#5875,#5881,#5882));
#5874 = ORIENTED_EDGE('',*,*,#4999,.T.);
#5875 = ORIENTED_EDGE('',*,*,#5876,.F.);
#5876 = EDGE_CURVE('',#4944,#5000,#5877,.T.);
#5877 = LINE('',#5878,#5879);
#5878 = CARTESIAN_POINT('',(-0.1,-2.54,0.9));
#5879 = VECTOR('',#5880,1.);
#5880 = DIRECTION('',(-1.110223024625E-16,-1.,0.));
#5881 = ORIENTED_EDGE('',*,*,#4951,.T.);
#5882 = ORIENTED_EDGE('',*,*,#4974,.T.);
#5883 = PLANE('',#5884);
#5884 = AXIS2_PLACEMENT_3D('',#5885,#5886,#5887);
#5885 = CARTESIAN_POINT('',(-3.641068927844E-16,-2.54,0.9));
#5886 = DIRECTION('',(0.,0.,1.));
#5887 = DIRECTION('',(1.110223024625E-16,1.,-0.));
#5888 = ADVANCED_FACE('',(#5889),#5932,.T.);
#5889 = FACE_BOUND('',#5890,.T.);
#5890 = EDGE_LOOP('',(#5891,#5892,#5900,#5908,#5916,#5924,#5930,#5931));
#5891 = ORIENTED_EDGE('',*,*,#5007,.F.);
#5892 = ORIENTED_EDGE('',*,*,#5893,.T.);
#5893 = EDGE_CURVE('',#5008,#5894,#5896,.T.);
#5894 = VERTEX_POINT('',#5895);
#5895 = CARTESIAN_POINT('',(-0.1,-2.79,7.35));
#5896 = LINE('',#5897,#5898);
#5897 = CARTESIAN_POINT('',(-0.1,-2.84,7.4));
#5898 = VECTOR('',#5899,1.);
#5899 = DIRECTION('',(7.850462293414E-17,0.707106781187,-0.707106781187)
  );
#5900 = ORIENTED_EDGE('',*,*,#5901,.T.);
#5901 = EDGE_CURVE('',#5894,#5902,#5904,.T.);
#5902 = VERTEX_POINT('',#5903);
#5903 = CARTESIAN_POINT('',(-0.1,-2.79,1.25));
#5904 = LINE('',#5905,#5906);
#5905 = CARTESIAN_POINT('',(-0.1,-2.79,7.35));
#5906 = VECTOR('',#5907,1.);
#5907 = DIRECTION('',(0.,0.,-1.));
#5908 = ORIENTED_EDGE('',*,*,#5909,.T.);
#5909 = EDGE_CURVE('',#5902,#5910,#5912,.T.);
#5910 = VERTEX_POINT('',#5911);
#5911 = CARTESIAN_POINT('',(-0.1,-2.29,1.25));
#5912 = LINE('',#5913,#5914);
#5913 = CARTESIAN_POINT('',(-0.1,-2.79,1.25));
#5914 = VECTOR('',#5915,1.);
#5915 = DIRECTION('',(1.110223024625E-16,1.,0.));
#5916 = ORIENTED_EDGE('',*,*,#5917,.T.);
#5917 = EDGE_CURVE('',#5910,#5918,#5920,.T.);
#5918 = VERTEX_POINT('',#5919);
#5919 = CARTESIAN_POINT('',(-0.1,-2.29,7.35));
#5920 = LINE('',#5921,#5922);
#5921 = CARTESIAN_POINT('',(-0.1,-2.29,1.25));
#5922 = VECTOR('',#5923,1.);
#5923 = DIRECTION('',(0.,0.,1.));
#5924 = ORIENTED_EDGE('',*,*,#5925,.T.);
#5925 = EDGE_CURVE('',#5918,#4936,#5926,.T.);
#5926 = LINE('',#5927,#5928);
#5927 = CARTESIAN_POINT('',(-0.1,-2.29,7.35));
#5928 = VECTOR('',#5929,1.);
#5929 = DIRECTION('',(7.850462293414E-17,0.707106781187,0.707106781187)
  );
#5930 = ORIENTED_EDGE('',*,*,#4943,.F.);
#5931 = ORIENTED_EDGE('',*,*,#5876,.T.);
#5932 = PLANE('',#5933);
#5933 = AXIS2_PLACEMENT_3D('',#5934,#5935,#5936);
#5934 = CARTESIAN_POINT('',(-0.1,-2.54,3.911477598424));
#5935 = DIRECTION('',(-1.,1.110223024625E-16,0.));
#5936 = DIRECTION('',(0.,0.,1.));
#5937 = ADVANCED_FACE('',(#5938),#5956,.T.);
#5938 = FACE_BOUND('',#5939,.T.);
#5939 = EDGE_LOOP('',(#5940,#5948,#5954,#5955));
#5940 = ORIENTED_EDGE('',*,*,#5941,.T.);
#5941 = EDGE_CURVE('',#5918,#5942,#5944,.T.);
#5942 = VERTEX_POINT('',#5943);
#5943 = CARTESIAN_POINT('',(0.1,-2.29,7.35));
#5944 = LINE('',#5945,#5946);
#5945 = CARTESIAN_POINT('',(-0.1,-2.29,7.35));
#5946 = VECTOR('',#5947,1.);
#5947 = DIRECTION('',(1.,-1.110223024625E-16,0.));
#5948 = ORIENTED_EDGE('',*,*,#5949,.T.);
#5949 = EDGE_CURVE('',#5942,#4928,#5950,.T.);
#5950 = LINE('',#5951,#5952);
#5951 = CARTESIAN_POINT('',(0.1,-2.29,7.35));
#5952 = VECTOR('',#5953,1.);
#5953 = DIRECTION('',(7.850462293414E-17,0.707106781187,0.707106781187)
  );
#5954 = ORIENTED_EDGE('',*,*,#4935,.F.);
#5955 = ORIENTED_EDGE('',*,*,#5925,.F.);
#5956 = PLANE('',#5957);
#5957 = AXIS2_PLACEMENT_3D('',#5958,#5959,#5960);
#5958 = CARTESIAN_POINT('',(-0.1,-2.29,7.35));
#5959 = DIRECTION('',(-7.850462293414E-17,-0.707106781187,0.707106781187
    ));
#5960 = DIRECTION('',(7.850462293414E-17,0.707106781187,0.707106781187)
  );
#5961 = ADVANCED_FACE('',(#5962),#5998,.F.);
#5962 = FACE_BOUND('',#5963,.F.);
#5963 = EDGE_LOOP('',(#5964,#5965,#5973,#5981,#5989,#5995,#5996,#5997));
#5964 = ORIENTED_EDGE('',*,*,#5023,.F.);
#5965 = ORIENTED_EDGE('',*,*,#5966,.T.);
#5966 = EDGE_CURVE('',#5016,#5967,#5969,.T.);
#5967 = VERTEX_POINT('',#5968);
#5968 = CARTESIAN_POINT('',(0.1,-2.79,7.35));
#5969 = LINE('',#5970,#5971);
#5970 = CARTESIAN_POINT('',(0.1,-2.84,7.4));
#5971 = VECTOR('',#5972,1.);
#5972 = DIRECTION('',(7.850462293414E-17,0.707106781187,-0.707106781187)
  );
#5973 = ORIENTED_EDGE('',*,*,#5974,.T.);
#5974 = EDGE_CURVE('',#5967,#5975,#5977,.T.);
#5975 = VERTEX_POINT('',#5976);
#5976 = CARTESIAN_POINT('',(0.1,-2.79,1.25));
#5977 = LINE('',#5978,#5979);
#5978 = CARTESIAN_POINT('',(0.1,-2.79,7.35));
#5979 = VECTOR('',#5980,1.);
#5980 = DIRECTION('',(0.,0.,-1.));
#5981 = ORIENTED_EDGE('',*,*,#5982,.T.);
#5982 = EDGE_CURVE('',#5975,#5983,#5985,.T.);
#5983 = VERTEX_POINT('',#5984);
#5984 = CARTESIAN_POINT('',(0.1,-2.29,1.25));
#5985 = LINE('',#5986,#5987);
#5986 = CARTESIAN_POINT('',(0.1,-2.79,1.25));
#5987 = VECTOR('',#5988,1.);
#5988 = DIRECTION('',(1.110223024625E-16,1.,0.));
#5989 = ORIENTED_EDGE('',*,*,#5990,.T.);
#5990 = EDGE_CURVE('',#5983,#5942,#5991,.T.);
#5991 = LINE('',#5992,#5993);
#5992 = CARTESIAN_POINT('',(0.1,-2.29,1.25));
#5993 = VECTOR('',#5994,1.);
#5994 = DIRECTION('',(0.,0.,1.));
#5995 = ORIENTED_EDGE('',*,*,#5949,.T.);
#5996 = ORIENTED_EDGE('',*,*,#4927,.F.);
#5997 = ORIENTED_EDGE('',*,*,#5861,.T.);
#5998 = PLANE('',#5999);
#5999 = AXIS2_PLACEMENT_3D('',#6000,#6001,#6002);
#6000 = CARTESIAN_POINT('',(0.1,-2.54,3.911477598424));
#6001 = DIRECTION('',(-1.,1.110223024625E-16,0.));
#6002 = DIRECTION('',(0.,0.,1.));
#6003 = ADVANCED_FACE('',(#6004),#6015,.T.);
#6004 = FACE_BOUND('',#6005,.T.);
#6005 = EDGE_LOOP('',(#6006,#6007,#6008,#6014));
#6006 = ORIENTED_EDGE('',*,*,#5015,.T.);
#6007 = ORIENTED_EDGE('',*,*,#5966,.T.);
#6008 = ORIENTED_EDGE('',*,*,#6009,.F.);
#6009 = EDGE_CURVE('',#5894,#5967,#6010,.T.);
#6010 = LINE('',#6011,#6012);
#6011 = CARTESIAN_POINT('',(-0.1,-2.79,7.35));
#6012 = VECTOR('',#6013,1.);
#6013 = DIRECTION('',(1.,-1.110223024625E-16,0.));
#6014 = ORIENTED_EDGE('',*,*,#5893,.F.);
#6015 = PLANE('',#6016);
#6016 = AXIS2_PLACEMENT_3D('',#6017,#6018,#6019);
#6017 = CARTESIAN_POINT('',(-0.1,-2.84,7.4));
#6018 = DIRECTION('',(7.850462293414E-17,0.707106781187,0.707106781187)
  );
#6019 = DIRECTION('',(7.850462293414E-17,0.707106781187,-0.707106781187)
  );
#6020 = ADVANCED_FACE('',(#6021),#6032,.T.);
#6021 = FACE_BOUND('',#6022,.T.);
#6022 = EDGE_LOOP('',(#6023,#6024,#6025,#6026));
#6023 = ORIENTED_EDGE('',*,*,#5191,.T.);
#6024 = ORIENTED_EDGE('',*,*,#5054,.T.);
#6025 = ORIENTED_EDGE('',*,*,#5079,.T.);
#6026 = ORIENTED_EDGE('',*,*,#6027,.T.);
#6027 = EDGE_CURVE('',#5080,#5184,#6028,.T.);
#6028 = LINE('',#6029,#6030);
#6029 = CARTESIAN_POINT('',(0.1,4.329869796038E-16,0.9));
#6030 = VECTOR('',#6031,1.);
#6031 = DIRECTION('',(-1.110223024625E-16,-1.,0.));
#6032 = PLANE('',#6033);
#6033 = AXIS2_PLACEMENT_3D('',#6034,#6035,#6036);
#6034 = CARTESIAN_POINT('',(-8.211024452957E-17,8.881784197001E-16,0.9)
  );
#6035 = DIRECTION('',(0.,0.,1.));
#6036 = DIRECTION('',(1.110223024625E-16,1.,-0.));
#6037 = ADVANCED_FACE('',(#6038),#6049,.T.);
#6038 = FACE_BOUND('',#6039,.T.);
#6039 = EDGE_LOOP('',(#6040,#6041,#6047,#6048));
#6040 = ORIENTED_EDGE('',*,*,#5159,.T.);
#6041 = ORIENTED_EDGE('',*,*,#6042,.F.);
#6042 = EDGE_CURVE('',#5104,#5160,#6043,.T.);
#6043 = LINE('',#6044,#6045);
#6044 = CARTESIAN_POINT('',(-0.1,4.551914400963E-16,0.9));
#6045 = VECTOR('',#6046,1.);
#6046 = DIRECTION('',(-1.110223024625E-16,-1.,0.));
#6047 = ORIENTED_EDGE('',*,*,#5111,.T.);
#6048 = ORIENTED_EDGE('',*,*,#5134,.T.);
#6049 = PLANE('',#6050);
#6050 = AXIS2_PLACEMENT_3D('',#6051,#6052,#6053);
#6051 = CARTESIAN_POINT('',(-8.211024452957E-17,8.881784197001E-16,0.9)
  );
#6052 = DIRECTION('',(0.,0.,1.));
#6053 = DIRECTION('',(1.110223024625E-16,1.,-0.));
#6054 = ADVANCED_FACE('',(#6055),#6098,.T.);
#6055 = FACE_BOUND('',#6056,.T.);
#6056 = EDGE_LOOP('',(#6057,#6058,#6066,#6074,#6082,#6090,#6096,#6097));
#6057 = ORIENTED_EDGE('',*,*,#5167,.F.);
#6058 = ORIENTED_EDGE('',*,*,#6059,.T.);
#6059 = EDGE_CURVE('',#5168,#6060,#6062,.T.);
#6060 = VERTEX_POINT('',#6061);
#6061 = CARTESIAN_POINT('',(-0.1,-0.25,7.35));
#6062 = LINE('',#6063,#6064);
#6063 = CARTESIAN_POINT('',(-0.1,-0.3,7.4));
#6064 = VECTOR('',#6065,1.);
#6065 = DIRECTION('',(7.850462293414E-17,0.707106781187,-0.707106781187)
  );
#6066 = ORIENTED_EDGE('',*,*,#6067,.T.);
#6067 = EDGE_CURVE('',#6060,#6068,#6070,.T.);
#6068 = VERTEX_POINT('',#6069);
#6069 = CARTESIAN_POINT('',(-0.1,-0.25,1.25));
#6070 = LINE('',#6071,#6072);
#6071 = CARTESIAN_POINT('',(-0.1,-0.25,7.35));
#6072 = VECTOR('',#6073,1.);
#6073 = DIRECTION('',(0.,0.,-1.));
#6074 = ORIENTED_EDGE('',*,*,#6075,.T.);
#6075 = EDGE_CURVE('',#6068,#6076,#6078,.T.);
#6076 = VERTEX_POINT('',#6077);
#6077 = CARTESIAN_POINT('',(-0.1,0.25,1.25));
#6078 = LINE('',#6079,#6080);
#6079 = CARTESIAN_POINT('',(-0.1,-0.25,1.25));
#6080 = VECTOR('',#6081,1.);
#6081 = DIRECTION('',(1.110223024625E-16,1.,0.));
#6082 = ORIENTED_EDGE('',*,*,#6083,.T.);
#6083 = EDGE_CURVE('',#6076,#6084,#6086,.T.);
#6084 = VERTEX_POINT('',#6085);
#6085 = CARTESIAN_POINT('',(-0.1,0.25,7.35));
#6086 = LINE('',#6087,#6088);
#6087 = CARTESIAN_POINT('',(-0.1,0.25,1.25));
#6088 = VECTOR('',#6089,1.);
#6089 = DIRECTION('',(0.,0.,1.));
#6090 = ORIENTED_EDGE('',*,*,#6091,.T.);
#6091 = EDGE_CURVE('',#6084,#5096,#6092,.T.);
#6092 = LINE('',#6093,#6094);
#6093 = CARTESIAN_POINT('',(-0.1,0.25,7.35));
#6094 = VECTOR('',#6095,1.);
#6095 = DIRECTION('',(7.850462293414E-17,0.707106781187,0.707106781187)
  );
#6096 = ORIENTED_EDGE('',*,*,#5103,.F.);
#6097 = ORIENTED_EDGE('',*,*,#6042,.T.);
#6098 = PLANE('',#6099);
#6099 = AXIS2_PLACEMENT_3D('',#6100,#6101,#6102);
#6100 = CARTESIAN_POINT('',(-0.1,1.110223024625E-17,3.911477598424));
#6101 = DIRECTION('',(-1.,1.110223024625E-16,0.));
#6102 = DIRECTION('',(0.,0.,1.));
#6103 = ADVANCED_FACE('',(#6104),#6122,.T.);
#6104 = FACE_BOUND('',#6105,.T.);
#6105 = EDGE_LOOP('',(#6106,#6114,#6120,#6121));
#6106 = ORIENTED_EDGE('',*,*,#6107,.T.);
#6107 = EDGE_CURVE('',#6084,#6108,#6110,.T.);
#6108 = VERTEX_POINT('',#6109);
#6109 = CARTESIAN_POINT('',(0.1,0.25,7.35));
#6110 = LINE('',#6111,#6112);
#6111 = CARTESIAN_POINT('',(-0.1,0.25,7.35));
#6112 = VECTOR('',#6113,1.);
#6113 = DIRECTION('',(1.,-1.110223024625E-16,0.));
#6114 = ORIENTED_EDGE('',*,*,#6115,.T.);
#6115 = EDGE_CURVE('',#6108,#5088,#6116,.T.);
#6116 = LINE('',#6117,#6118);
#6117 = CARTESIAN_POINT('',(0.1,0.25,7.35));
#6118 = VECTOR('',#6119,1.);
#6119 = DIRECTION('',(7.850462293414E-17,0.707106781187,0.707106781187)
  );
#6120 = ORIENTED_EDGE('',*,*,#5095,.F.);
#6121 = ORIENTED_EDGE('',*,*,#6091,.F.);
#6122 = PLANE('',#6123);
#6123 = AXIS2_PLACEMENT_3D('',#6124,#6125,#6126);
#6124 = CARTESIAN_POINT('',(-0.1,0.25,7.35));
#6125 = DIRECTION('',(-7.850462293414E-17,-0.707106781187,0.707106781187
    ));
#6126 = DIRECTION('',(7.850462293414E-17,0.707106781187,0.707106781187)
  );
#6127 = ADVANCED_FACE('',(#6128),#6164,.F.);
#6128 = FACE_BOUND('',#6129,.F.);
#6129 = EDGE_LOOP('',(#6130,#6131,#6139,#6147,#6155,#6161,#6162,#6163));
#6130 = ORIENTED_EDGE('',*,*,#5183,.F.);
#6131 = ORIENTED_EDGE('',*,*,#6132,.T.);
#6132 = EDGE_CURVE('',#5176,#6133,#6135,.T.);
#6133 = VERTEX_POINT('',#6134);
#6134 = CARTESIAN_POINT('',(0.1,-0.25,7.35));
#6135 = LINE('',#6136,#6137);
#6136 = CARTESIAN_POINT('',(0.1,-0.3,7.4));
#6137 = VECTOR('',#6138,1.);
#6138 = DIRECTION('',(7.850462293414E-17,0.707106781187,-0.707106781187)
  );
#6139 = ORIENTED_EDGE('',*,*,#6140,.T.);
#6140 = EDGE_CURVE('',#6133,#6141,#6143,.T.);
#6141 = VERTEX_POINT('',#6142);
#6142 = CARTESIAN_POINT('',(0.1,-0.25,1.25));
#6143 = LINE('',#6144,#6145);
#6144 = CARTESIAN_POINT('',(0.1,-0.25,7.35));
#6145 = VECTOR('',#6146,1.);
#6146 = DIRECTION('',(0.,0.,-1.));
#6147 = ORIENTED_EDGE('',*,*,#6148,.T.);
#6148 = EDGE_CURVE('',#6141,#6149,#6151,.T.);
#6149 = VERTEX_POINT('',#6150);
#6150 = CARTESIAN_POINT('',(0.1,0.25,1.25));
#6151 = LINE('',#6152,#6153);
#6152 = CARTESIAN_POINT('',(0.1,-0.25,1.25));
#6153 = VECTOR('',#6154,1.);
#6154 = DIRECTION('',(1.110223024625E-16,1.,0.));
#6155 = ORIENTED_EDGE('',*,*,#6156,.T.);
#6156 = EDGE_CURVE('',#6149,#6108,#6157,.T.);
#6157 = LINE('',#6158,#6159);
#6158 = CARTESIAN_POINT('',(0.1,0.25,1.25));
#6159 = VECTOR('',#6160,1.);
#6160 = DIRECTION('',(0.,0.,1.));
#6161 = ORIENTED_EDGE('',*,*,#6115,.T.);
#6162 = ORIENTED_EDGE('',*,*,#5087,.F.);
#6163 = ORIENTED_EDGE('',*,*,#6027,.T.);
#6164 = PLANE('',#6165);
#6165 = AXIS2_PLACEMENT_3D('',#6166,#6167,#6168);
#6166 = CARTESIAN_POINT('',(0.1,-1.110223024625E-17,3.911477598424));
#6167 = DIRECTION('',(-1.,1.110223024625E-16,0.));
#6168 = DIRECTION('',(0.,0.,1.));
#6169 = ADVANCED_FACE('',(#6170),#6181,.T.);
#6170 = FACE_BOUND('',#6171,.T.);
#6171 = EDGE_LOOP('',(#6172,#6173,#6174,#6180));
#6172 = ORIENTED_EDGE('',*,*,#5175,.T.);
#6173 = ORIENTED_EDGE('',*,*,#6132,.T.);
#6174 = ORIENTED_EDGE('',*,*,#6175,.F.);
#6175 = EDGE_CURVE('',#6060,#6133,#6176,.T.);
#6176 = LINE('',#6177,#6178);
#6177 = CARTESIAN_POINT('',(-0.1,-0.25,7.35));
#6178 = VECTOR('',#6179,1.);
#6179 = DIRECTION('',(1.,-1.110223024625E-16,0.));
#6180 = ORIENTED_EDGE('',*,*,#6059,.F.);
#6181 = PLANE('',#6182);
#6182 = AXIS2_PLACEMENT_3D('',#6183,#6184,#6185);
#6183 = CARTESIAN_POINT('',(-0.1,-0.3,7.4));
#6184 = DIRECTION('',(7.850462293414E-17,0.707106781187,0.707106781187)
  );
#6185 = DIRECTION('',(7.850462293414E-17,0.707106781187,-0.707106781187)
  );
#6186 = ADVANCED_FACE('',(#6187),#6198,.T.);
#6187 = FACE_BOUND('',#6188,.T.);
#6188 = EDGE_LOOP('',(#6189,#6195,#6196,#6197));
#6189 = ORIENTED_EDGE('',*,*,#6190,.T.);
#6190 = EDGE_CURVE('',#5578,#5651,#6191,.T.);
#6191 = LINE('',#6192,#6193);
#6192 = CARTESIAN_POINT('',(-0.1,-7.37,1.25));
#6193 = VECTOR('',#6194,1.);
#6194 = DIRECTION('',(1.,-1.110223024625E-16,0.));
#6195 = ORIENTED_EDGE('',*,*,#5658,.T.);
#6196 = ORIENTED_EDGE('',*,*,#5609,.F.);
#6197 = ORIENTED_EDGE('',*,*,#5585,.F.);
#6198 = PLANE('',#6199);
#6199 = AXIS2_PLACEMENT_3D('',#6200,#6201,#6202);
#6200 = CARTESIAN_POINT('',(-0.1,-7.37,1.25));
#6201 = DIRECTION('',(-1.110223024625E-16,-1.,0.));
#6202 = DIRECTION('',(0.,0.,1.));
#6203 = ADVANCED_FACE('',(#6204),#6215,.T.);
#6204 = FACE_BOUND('',#6205,.T.);
#6205 = EDGE_LOOP('',(#6206,#6212,#6213,#6214));
#6206 = ORIENTED_EDGE('',*,*,#6207,.T.);
#6207 = EDGE_CURVE('',#5570,#5643,#6208,.T.);
#6208 = LINE('',#6209,#6210);
#6209 = CARTESIAN_POINT('',(-0.1,-7.87,1.25));
#6210 = VECTOR('',#6211,1.);
#6211 = DIRECTION('',(1.,-1.110223024625E-16,0.));
#6212 = ORIENTED_EDGE('',*,*,#5650,.T.);
#6213 = ORIENTED_EDGE('',*,*,#6190,.F.);
#6214 = ORIENTED_EDGE('',*,*,#5577,.F.);
#6215 = PLANE('',#6216);
#6216 = AXIS2_PLACEMENT_3D('',#6217,#6218,#6219);
#6217 = CARTESIAN_POINT('',(-0.1,-7.87,1.25));
#6218 = DIRECTION('',(0.,0.,1.));
#6219 = DIRECTION('',(1.110223024625E-16,1.,-0.));
#6220 = ADVANCED_FACE('',(#6221),#6227,.T.);
#6221 = FACE_BOUND('',#6222,.T.);
#6222 = EDGE_LOOP('',(#6223,#6224,#6225,#6226));
#6223 = ORIENTED_EDGE('',*,*,#5677,.T.);
#6224 = ORIENTED_EDGE('',*,*,#5642,.T.);
#6225 = ORIENTED_EDGE('',*,*,#6207,.F.);
#6226 = ORIENTED_EDGE('',*,*,#5569,.F.);
#6227 = PLANE('',#6228);
#6228 = AXIS2_PLACEMENT_3D('',#6229,#6230,#6231);
#6229 = CARTESIAN_POINT('',(-0.1,-7.87,7.35));
#6230 = DIRECTION('',(1.110223024625E-16,1.,0.));
#6231 = DIRECTION('',(0.,0.,-1.));
#6232 = ADVANCED_FACE('',(#6233),#6244,.T.);
#6233 = FACE_BOUND('',#6234,.T.);
#6234 = EDGE_LOOP('',(#6235,#6241,#6242,#6243));
#6235 = ORIENTED_EDGE('',*,*,#6236,.T.);
#6236 = EDGE_CURVE('',#5744,#5817,#6237,.T.);
#6237 = LINE('',#6238,#6239);
#6238 = CARTESIAN_POINT('',(-0.1,-4.83,1.25));
#6239 = VECTOR('',#6240,1.);
#6240 = DIRECTION('',(1.,-1.110223024625E-16,0.));
#6241 = ORIENTED_EDGE('',*,*,#5824,.T.);
#6242 = ORIENTED_EDGE('',*,*,#5775,.F.);
#6243 = ORIENTED_EDGE('',*,*,#5751,.F.);
#6244 = PLANE('',#6245);
#6245 = AXIS2_PLACEMENT_3D('',#6246,#6247,#6248);
#6246 = CARTESIAN_POINT('',(-0.1,-4.83,1.25));
#6247 = DIRECTION('',(-1.110223024625E-16,-1.,0.));
#6248 = DIRECTION('',(0.,0.,1.));
#6249 = ADVANCED_FACE('',(#6250),#6261,.T.);
#6250 = FACE_BOUND('',#6251,.T.);
#6251 = EDGE_LOOP('',(#6252,#6258,#6259,#6260));
#6252 = ORIENTED_EDGE('',*,*,#6253,.T.);
#6253 = EDGE_CURVE('',#5736,#5809,#6254,.T.);
#6254 = LINE('',#6255,#6256);
#6255 = CARTESIAN_POINT('',(-0.1,-5.33,1.25));
#6256 = VECTOR('',#6257,1.);
#6257 = DIRECTION('',(1.,-1.110223024625E-16,0.));
#6258 = ORIENTED_EDGE('',*,*,#5816,.T.);
#6259 = ORIENTED_EDGE('',*,*,#6236,.F.);
#6260 = ORIENTED_EDGE('',*,*,#5743,.F.);
#6261 = PLANE('',#6262);
#6262 = AXIS2_PLACEMENT_3D('',#6263,#6264,#6265);
#6263 = CARTESIAN_POINT('',(-0.1,-5.33,1.25));
#6264 = DIRECTION('',(0.,0.,1.));
#6265 = DIRECTION('',(1.110223024625E-16,1.,-0.));
#6266 = ADVANCED_FACE('',(#6267),#6273,.T.);
#6267 = FACE_BOUND('',#6268,.T.);
#6268 = EDGE_LOOP('',(#6269,#6270,#6271,#6272));
#6269 = ORIENTED_EDGE('',*,*,#5843,.T.);
#6270 = ORIENTED_EDGE('',*,*,#5808,.T.);
#6271 = ORIENTED_EDGE('',*,*,#6253,.F.);
#6272 = ORIENTED_EDGE('',*,*,#5735,.F.);
#6273 = PLANE('',#6274);
#6274 = AXIS2_PLACEMENT_3D('',#6275,#6276,#6277);
#6275 = CARTESIAN_POINT('',(-0.1,-5.33,7.35));
#6276 = DIRECTION('',(1.110223024625E-16,1.,0.));
#6277 = DIRECTION('',(0.,0.,-1.));
#6278 = ADVANCED_FACE('',(#6279),#6290,.T.);
#6279 = FACE_BOUND('',#6280,.T.);
#6280 = EDGE_LOOP('',(#6281,#6287,#6288,#6289));
#6281 = ORIENTED_EDGE('',*,*,#6282,.T.);
#6282 = EDGE_CURVE('',#5910,#5983,#6283,.T.);
#6283 = LINE('',#6284,#6285);
#6284 = CARTESIAN_POINT('',(-0.1,-2.29,1.25));
#6285 = VECTOR('',#6286,1.);
#6286 = DIRECTION('',(1.,-1.110223024625E-16,0.));
#6287 = ORIENTED_EDGE('',*,*,#5990,.T.);
#6288 = ORIENTED_EDGE('',*,*,#5941,.F.);
#6289 = ORIENTED_EDGE('',*,*,#5917,.F.);
#6290 = PLANE('',#6291);
#6291 = AXIS2_PLACEMENT_3D('',#6292,#6293,#6294);
#6292 = CARTESIAN_POINT('',(-0.1,-2.29,1.25));
#6293 = DIRECTION('',(-1.110223024625E-16,-1.,0.));
#6294 = DIRECTION('',(0.,0.,1.));
#6295 = ADVANCED_FACE('',(#6296),#6307,.T.);
#6296 = FACE_BOUND('',#6297,.T.);
#6297 = EDGE_LOOP('',(#6298,#6304,#6305,#6306));
#6298 = ORIENTED_EDGE('',*,*,#6299,.T.);
#6299 = EDGE_CURVE('',#5902,#5975,#6300,.T.);
#6300 = LINE('',#6301,#6302);
#6301 = CARTESIAN_POINT('',(-0.1,-2.79,1.25));
#6302 = VECTOR('',#6303,1.);
#6303 = DIRECTION('',(1.,-1.110223024625E-16,0.));
#6304 = ORIENTED_EDGE('',*,*,#5982,.T.);
#6305 = ORIENTED_EDGE('',*,*,#6282,.F.);
#6306 = ORIENTED_EDGE('',*,*,#5909,.F.);
#6307 = PLANE('',#6308);
#6308 = AXIS2_PLACEMENT_3D('',#6309,#6310,#6311);
#6309 = CARTESIAN_POINT('',(-0.1,-2.79,1.25));
#6310 = DIRECTION('',(0.,0.,1.));
#6311 = DIRECTION('',(1.110223024625E-16,1.,-0.));
#6312 = ADVANCED_FACE('',(#6313),#6319,.T.);
#6313 = FACE_BOUND('',#6314,.T.);
#6314 = EDGE_LOOP('',(#6315,#6316,#6317,#6318));
#6315 = ORIENTED_EDGE('',*,*,#6009,.T.);
#6316 = ORIENTED_EDGE('',*,*,#5974,.T.);
#6317 = ORIENTED_EDGE('',*,*,#6299,.F.);
#6318 = ORIENTED_EDGE('',*,*,#5901,.F.);
#6319 = PLANE('',#6320);
#6320 = AXIS2_PLACEMENT_3D('',#6321,#6322,#6323);
#6321 = CARTESIAN_POINT('',(-0.1,-2.79,7.35));
#6322 = DIRECTION('',(1.110223024625E-16,1.,0.));
#6323 = DIRECTION('',(0.,0.,-1.));
#6324 = ADVANCED_FACE('',(#6325),#6336,.T.);
#6325 = FACE_BOUND('',#6326,.T.);
#6326 = EDGE_LOOP('',(#6327,#6333,#6334,#6335));
#6327 = ORIENTED_EDGE('',*,*,#6328,.T.);
#6328 = EDGE_CURVE('',#6076,#6149,#6329,.T.);
#6329 = LINE('',#6330,#6331);
#6330 = CARTESIAN_POINT('',(-0.1,0.25,1.25));
#6331 = VECTOR('',#6332,1.);
#6332 = DIRECTION('',(1.,-1.110223024625E-16,0.));
#6333 = ORIENTED_EDGE('',*,*,#6156,.T.);
#6334 = ORIENTED_EDGE('',*,*,#6107,.F.);
#6335 = ORIENTED_EDGE('',*,*,#6083,.F.);
#6336 = PLANE('',#6337);
#6337 = AXIS2_PLACEMENT_3D('',#6338,#6339,#6340);
#6338 = CARTESIAN_POINT('',(-0.1,0.25,1.25));
#6339 = DIRECTION('',(-1.110223024625E-16,-1.,0.));
#6340 = DIRECTION('',(0.,0.,1.));
#6341 = ADVANCED_FACE('',(#6342),#6353,.T.);
#6342 = FACE_BOUND('',#6343,.T.);
#6343 = EDGE_LOOP('',(#6344,#6350,#6351,#6352));
#6344 = ORIENTED_EDGE('',*,*,#6345,.T.);
#6345 = EDGE_CURVE('',#6068,#6141,#6346,.T.);
#6346 = LINE('',#6347,#6348);
#6347 = CARTESIAN_POINT('',(-0.1,-0.25,1.25));
#6348 = VECTOR('',#6349,1.);
#6349 = DIRECTION('',(1.,-1.110223024625E-16,0.));
#6350 = ORIENTED_EDGE('',*,*,#6148,.T.);
#6351 = ORIENTED_EDGE('',*,*,#6328,.F.);
#6352 = ORIENTED_EDGE('',*,*,#6075,.F.);
#6353 = PLANE('',#6354);
#6354 = AXIS2_PLACEMENT_3D('',#6355,#6356,#6357);
#6355 = CARTESIAN_POINT('',(-0.1,-0.25,1.25));
#6356 = DIRECTION('',(0.,0.,1.));
#6357 = DIRECTION('',(1.110223024625E-16,1.,-0.));
#6358 = ADVANCED_FACE('',(#6359),#6365,.T.);
#6359 = FACE_BOUND('',#6360,.T.);
#6360 = EDGE_LOOP('',(#6361,#6362,#6363,#6364));
#6361 = ORIENTED_EDGE('',*,*,#6175,.T.);
#6362 = ORIENTED_EDGE('',*,*,#6140,.T.);
#6363 = ORIENTED_EDGE('',*,*,#6345,.F.);
#6364 = ORIENTED_EDGE('',*,*,#6067,.F.);
#6365 = PLANE('',#6366);
#6366 = AXIS2_PLACEMENT_3D('',#6367,#6368,#6369);
#6367 = CARTESIAN_POINT('',(-0.1,-0.25,7.35));
#6368 = DIRECTION('',(1.110223024625E-16,1.,0.));
#6369 = DIRECTION('',(0.,0.,-1.));
#6370 = ( GEOMETRIC_REPRESENTATION_CONTEXT(3) 
GLOBAL_UNCERTAINTY_ASSIGNED_CONTEXT((#6374)) 
GLOBAL_UNIT_ASSIGNED_CONTEXT((#6371,#6372,#6373)) REPRESENTATION_CONTEXT
('Context #1','3D Context with UNIT and UNCERTAINTY') );
#6371 = ( LENGTH_UNIT() NAMED_UNIT(*) SI_UNIT(.MILLI.,.METRE.) );
#6372 = ( NAMED_UNIT(*) PLANE_ANGLE_UNIT() SI_UNIT($,.RADIAN.) );
#6373 = ( NAMED_UNIT(*) SI_UNIT($,.STERADIAN.) SOLID_ANGLE_UNIT() );
#6374 = UNCERTAINTY_MEASURE_WITH_UNIT(LENGTH_MEASURE(1.E-07),#6371,
  'distance_accuracy_value','confusion accuracy');
#6375 = CONTEXT_DEPENDENT_SHAPE_REPRESENTATION(#6376,#6378);
#6376 = ( REPRESENTATION_RELATIONSHIP('','',#2983,#10) 
REPRESENTATION_RELATIONSHIP_WITH_TRANSFORMATION(#6377) 
SHAPE_REPRESENTATION_RELATIONSHIP() );
#6377 = ITEM_DEFINED_TRANSFORMATION('','',#11,#23);
#6378 = PRODUCT_DEFINITION_SHAPE('Placement','Placement of an item',
  #6379);
#6379 = NEXT_ASSEMBLY_USAGE_OCCURRENCE('6','J1','',#5,#2978,$);
#6380 = PRODUCT_RELATED_PRODUCT_CATEGORY('part',$,(#2980));
#6381 = SHAPE_DEFINITION_REPRESENTATION(#6382,#6388);
#6382 = PRODUCT_DEFINITION_SHAPE('','',#6383);
#6383 = PRODUCT_DEFINITION('design','',#6384,#6387);
#6384 = PRODUCT_DEFINITION_FORMATION('','',#6385);
#6385 = PRODUCT('PinHeader_1x03_P2.54mm_Vertical',
  'PinHeader_1x03_P2.54mm_Vertical','',(#6386));
#6386 = PRODUCT_CONTEXT('',#2,'mechanical');
#6387 = PRODUCT_DEFINITION_CONTEXT('part definition',#2,'design');
#6388 = ADVANCED_BREP_SHAPE_REPRESENTATION('',(#11,#6389),#8495);
#6389 = MANIFOLD_SOLID_BREP('',#6390);
#6390 = CLOSED_SHELL('',(#6391,#6431,#6462,#6493,#6740,#6987,#7004,#7021
    ,#7038,#7055,#7072,#7089,#7106,#7123,#7140,#7157,#7174,#7191,#7208,
    #7225,#7242,#7259,#7271,#7302,#7326,#7350,#7367,#7398,#7422,#7446,
    #7463,#7494,#7518,#7542,#7559,#7590,#7614,#7638,#7655,#7686,#7710,
    #7734,#7751,#7782,#7806,#7830,#7847,#7878,#7902,#7926,#7943,#7974,
    #7998,#8022,#8039,#8070,#8094,#8118,#8135,#8166,#8190,#8214,#8231,
    #8262,#8286,#8310,#8327,#8358,#8382,#8406,#8423,#8435,#8447,#8459,
    #8471,#8483));
#6391 = ADVANCED_FACE('',(#6392),#6426,.F.);
#6392 = FACE_BOUND('',#6393,.F.);
#6393 = EDGE_LOOP('',(#6394,#6404,#6412,#6420));
#6394 = ORIENTED_EDGE('',*,*,#6395,.T.);
#6395 = EDGE_CURVE('',#6396,#6398,#6400,.T.);
#6396 = VERTEX_POINT('',#6397);
#6397 = CARTESIAN_POINT('',(-1.016,1.27,0.));
#6398 = VERTEX_POINT('',#6399);
#6399 = CARTESIAN_POINT('',(-1.016,1.27,2.54));
#6400 = LINE('',#6401,#6402);
#6401 = CARTESIAN_POINT('',(-1.016,1.27,0.));
#6402 = VECTOR('',#6403,1.);
#6403 = DIRECTION('',(0.,0.,1.));
#6404 = ORIENTED_EDGE('',*,*,#6405,.T.);
#6405 = EDGE_CURVE('',#6398,#6406,#6408,.T.);
#6406 = VERTEX_POINT('',#6407);
#6407 = CARTESIAN_POINT('',(-1.27,1.016,2.54));
#6408 = LINE('',#6409,#6410);
#6409 = CARTESIAN_POINT('',(-1.016,1.27,2.54));
#6410 = VECTOR('',#6411,1.);
#6411 = DIRECTION('',(-0.707106781187,-0.707106781187,0.));
#6412 = ORIENTED_EDGE('',*,*,#6413,.F.);
#6413 = EDGE_CURVE('',#6414,#6406,#6416,.T.);
#6414 = VERTEX_POINT('',#6415);
#6415 = CARTESIAN_POINT('',(-1.27,1.016,0.));
#6416 = LINE('',#6417,#6418);
#6417 = CARTESIAN_POINT('',(-1.27,1.016,0.));
#6418 = VECTOR('',#6419,1.);
#6419 = DIRECTION('',(0.,0.,1.));
#6420 = ORIENTED_EDGE('',*,*,#6421,.F.);
#6421 = EDGE_CURVE('',#6396,#6414,#6422,.T.);
#6422 = LINE('',#6423,#6424);
#6423 = CARTESIAN_POINT('',(-1.016,1.27,0.));
#6424 = VECTOR('',#6425,1.);
#6425 = DIRECTION('',(-0.707106781187,-0.707106781187,0.));
#6426 = PLANE('',#6427);
#6427 = AXIS2_PLACEMENT_3D('',#6428,#6429,#6430);
#6428 = CARTESIAN_POINT('',(-1.016,1.27,0.));
#6429 = DIRECTION('',(0.707106781187,-0.707106781187,0.));
#6430 = DIRECTION('',(-0.707106781187,-0.707106781187,0.));
#6431 = ADVANCED_FACE('',(#6432),#6457,.F.);
#6432 = FACE_BOUND('',#6433,.F.);
#6433 = EDGE_LOOP('',(#6434,#6444,#6450,#6451));
#6434 = ORIENTED_EDGE('',*,*,#6435,.T.);
#6435 = EDGE_CURVE('',#6436,#6438,#6440,.T.);
#6436 = VERTEX_POINT('',#6437);
#6437 = CARTESIAN_POINT('',(1.016,1.27,0.));
#6438 = VERTEX_POINT('',#6439);
#6439 = CARTESIAN_POINT('',(1.016,1.27,2.54));
#6440 = LINE('',#6441,#6442);
#6441 = CARTESIAN_POINT('',(1.016,1.27,0.));
#6442 = VECTOR('',#6443,1.);
#6443 = DIRECTION('',(0.,0.,1.));
#6444 = ORIENTED_EDGE('',*,*,#6445,.T.);
#6445 = EDGE_CURVE('',#6438,#6398,#6446,.T.);
#6446 = LINE('',#6447,#6448);
#6447 = CARTESIAN_POINT('',(1.016,1.27,2.54));
#6448 = VECTOR('',#6449,1.);
#6449 = DIRECTION('',(-1.,0.,0.));
#6450 = ORIENTED_EDGE('',*,*,#6395,.F.);
#6451 = ORIENTED_EDGE('',*,*,#6452,.F.);
#6452 = EDGE_CURVE('',#6436,#6396,#6453,.T.);
#6453 = LINE('',#6454,#6455);
#6454 = CARTESIAN_POINT('',(1.016,1.27,0.));
#6455 = VECTOR('',#6456,1.);
#6456 = DIRECTION('',(-1.,0.,0.));
#6457 = PLANE('',#6458);
#6458 = AXIS2_PLACEMENT_3D('',#6459,#6460,#6461);
#6459 = CARTESIAN_POINT('',(1.016,1.27,0.));
#6460 = DIRECTION('',(0.,-1.,0.));
#6461 = DIRECTION('',(-1.,0.,0.));
#6462 = ADVANCED_FACE('',(#6463),#6488,.F.);
#6463 = FACE_BOUND('',#6464,.F.);
#6464 = EDGE_LOOP('',(#6465,#6466,#6474,#6482));
#6465 = ORIENTED_EDGE('',*,*,#6413,.T.);
#6466 = ORIENTED_EDGE('',*,*,#6467,.T.);
#6467 = EDGE_CURVE('',#6406,#6468,#6470,.T.);
#6468 = VERTEX_POINT('',#6469);
#6469 = CARTESIAN_POINT('',(-1.27,-1.016,2.54));
#6470 = LINE('',#6471,#6472);
#6471 = CARTESIAN_POINT('',(-1.27,1.016,2.54));
#6472 = VECTOR('',#6473,1.);
#6473 = DIRECTION('',(0.,-1.,0.));
#6474 = ORIENTED_EDGE('',*,*,#6475,.F.);
#6475 = EDGE_CURVE('',#6476,#6468,#6478,.T.);
#6476 = VERTEX_POINT('',#6477);
#6477 = CARTESIAN_POINT('',(-1.27,-1.016,0.));
#6478 = LINE('',#6479,#6480);
#6479 = CARTESIAN_POINT('',(-1.27,-1.016,0.));
#6480 = VECTOR('',#6481,1.);
#6481 = DIRECTION('',(0.,0.,1.));
#6482 = ORIENTED_EDGE('',*,*,#6483,.F.);
#6483 = EDGE_CURVE('',#6414,#6476,#6484,.T.);
#6484 = LINE('',#6485,#6486);
#6485 = CARTESIAN_POINT('',(-1.27,1.016,0.));
#6486 = VECTOR('',#6487,1.);
#6487 = DIRECTION('',(0.,-1.,0.));
#6488 = PLANE('',#6489);
#6489 = AXIS2_PLACEMENT_3D('',#6490,#6491,#6492);
#6490 = CARTESIAN_POINT('',(-1.27,1.016,0.));
#6491 = DIRECTION('',(1.,0.,0.));
#6492 = DIRECTION('',(0.,-1.,0.));
#6493 = ADVANCED_FACE('',(#6494,#6633,#6667,#6701),#6735,.F.);
#6494 = FACE_BOUND('',#6495,.F.);
#6495 = EDGE_LOOP('',(#6496,#6497,#6498,#6506,#6514,#6522,#6530,#6538,
    #6546,#6554,#6562,#6570,#6578,#6586,#6594,#6602,#6610,#6618,#6626,
    #6632));
#6496 = ORIENTED_EDGE('',*,*,#6421,.T.);
#6497 = ORIENTED_EDGE('',*,*,#6483,.T.);
#6498 = ORIENTED_EDGE('',*,*,#6499,.T.);
#6499 = EDGE_CURVE('',#6476,#6500,#6502,.T.);
#6500 = VERTEX_POINT('',#6501);
#6501 = CARTESIAN_POINT('',(-1.016,-1.27,0.));
#6502 = LINE('',#6503,#6504);
#6503 = CARTESIAN_POINT('',(-1.27,-1.016,0.));
#6504 = VECTOR('',#6505,1.);
#6505 = DIRECTION('',(0.707106781187,-0.707106781187,0.));
#6506 = ORIENTED_EDGE('',*,*,#6507,.T.);
#6507 = EDGE_CURVE('',#6500,#6508,#6510,.T.);
#6508 = VERTEX_POINT('',#6509);
#6509 = CARTESIAN_POINT('',(-1.27,-1.524,0.));
#6510 = LINE('',#6511,#6512);
#6511 = CARTESIAN_POINT('',(-1.016,-1.27,0.));
#6512 = VECTOR('',#6513,1.);
#6513 = DIRECTION('',(-0.707106781187,-0.707106781187,0.));
#6514 = ORIENTED_EDGE('',*,*,#6515,.T.);
#6515 = EDGE_CURVE('',#6508,#6516,#6518,.T.);
#6516 = VERTEX_POINT('',#6517);
#6517 = CARTESIAN_POINT('',(-1.27,-3.556,0.));
#6518 = LINE('',#6519,#6520);
#6519 = CARTESIAN_POINT('',(-1.27,-1.524,0.));
#6520 = VECTOR('',#6521,1.);
#6521 = DIRECTION('',(0.,-1.,0.));
#6522 = ORIENTED_EDGE('',*,*,#6523,.T.);
#6523 = EDGE_CURVE('',#6516,#6524,#6526,.T.);
#6524 = VERTEX_POINT('',#6525);
#6525 = CARTESIAN_POINT('',(-1.016,-3.81,0.));
#6526 = LINE('',#6527,#6528);
#6527 = CARTESIAN_POINT('',(-1.27,-3.556,0.));
#6528 = VECTOR('',#6529,1.);
#6529 = DIRECTION('',(0.707106781187,-0.707106781187,0.));
#6530 = ORIENTED_EDGE('',*,*,#6531,.T.);
#6531 = EDGE_CURVE('',#6524,#6532,#6534,.T.);
#6532 = VERTEX_POINT('',#6533);
#6533 = CARTESIAN_POINT('',(-1.27,-4.064,0.));
#6534 = LINE('',#6535,#6536);
#6535 = CARTESIAN_POINT('',(-1.016,-3.81,0.));
#6536 = VECTOR('',#6537,1.);
#6537 = DIRECTION('',(-0.707106781187,-0.707106781187,0.));
#6538 = ORIENTED_EDGE('',*,*,#6539,.T.);
#6539 = EDGE_CURVE('',#6532,#6540,#6542,.T.);
#6540 = VERTEX_POINT('',#6541);
#6541 = CARTESIAN_POINT('',(-1.27,-6.096,0.));
#6542 = LINE('',#6543,#6544);
#6543 = CARTESIAN_POINT('',(-1.27,-4.064,0.));
#6544 = VECTOR('',#6545,1.);
#6545 = DIRECTION('',(0.,-1.,0.));
#6546 = ORIENTED_EDGE('',*,*,#6547,.T.);
#6547 = EDGE_CURVE('',#6540,#6548,#6550,.T.);
#6548 = VERTEX_POINT('',#6549);
#6549 = CARTESIAN_POINT('',(-1.016,-6.35,0.));
#6550 = LINE('',#6551,#6552);
#6551 = CARTESIAN_POINT('',(-1.27,-6.096,0.));
#6552 = VECTOR('',#6553,1.);
#6553 = DIRECTION('',(0.707106781187,-0.707106781187,0.));
#6554 = ORIENTED_EDGE('',*,*,#6555,.T.);
#6555 = EDGE_CURVE('',#6548,#6556,#6558,.T.);
#6556 = VERTEX_POINT('',#6557);
#6557 = CARTESIAN_POINT('',(1.016,-6.35,0.));
#6558 = LINE('',#6559,#6560);
#6559 = CARTESIAN_POINT('',(-1.016,-6.35,0.));
#6560 = VECTOR('',#6561,1.);
#6561 = DIRECTION('',(1.,0.,0.));
#6562 = ORIENTED_EDGE('',*,*,#6563,.T.);
#6563 = EDGE_CURVE('',#6556,#6564,#6566,.T.);
#6564 = VERTEX_POINT('',#6565);
#6565 = CARTESIAN_POINT('',(1.27,-6.096,0.));
#6566 = LINE('',#6567,#6568);
#6567 = CARTESIAN_POINT('',(1.016,-6.35,0.));
#6568 = VECTOR('',#6569,1.);
#6569 = DIRECTION('',(0.707106781187,0.707106781187,0.));
#6570 = ORIENTED_EDGE('',*,*,#6571,.T.);
#6571 = EDGE_CURVE('',#6564,#6572,#6574,.T.);
#6572 = VERTEX_POINT('',#6573);
#6573 = CARTESIAN_POINT('',(1.27,-4.064,0.));
#6574 = LINE('',#6575,#6576);
#6575 = CARTESIAN_POINT('',(1.27,-6.096,0.));
#6576 = VECTOR('',#6577,1.);
#6577 = DIRECTION('',(0.,1.,0.));
#6578 = ORIENTED_EDGE('',*,*,#6579,.T.);
#6579 = EDGE_CURVE('',#6572,#6580,#6582,.T.);
#6580 = VERTEX_POINT('',#6581);
#6581 = CARTESIAN_POINT('',(1.016,-3.81,0.));
#6582 = LINE('',#6583,#6584);
#6583 = CARTESIAN_POINT('',(1.27,-4.064,0.));
#6584 = VECTOR('',#6585,1.);
#6585 = DIRECTION('',(-0.707106781187,0.707106781187,0.));
#6586 = ORIENTED_EDGE('',*,*,#6587,.T.);
#6587 = EDGE_CURVE('',#6580,#6588,#6590,.T.);
#6588 = VERTEX_POINT('',#6589);
#6589 = CARTESIAN_POINT('',(1.27,-3.556,0.));
#6590 = LINE('',#6591,#6592);
#6591 = CARTESIAN_POINT('',(1.016,-3.81,0.));
#6592 = VECTOR('',#6593,1.);
#6593 = DIRECTION('',(0.707106781187,0.707106781187,0.));
#6594 = ORIENTED_EDGE('',*,*,#6595,.T.);
#6595 = EDGE_CURVE('',#6588,#6596,#6598,.T.);
#6596 = VERTEX_POINT('',#6597);
#6597 = CARTESIAN_POINT('',(1.27,-1.524,0.));
#6598 = LINE('',#6599,#6600);
#6599 = CARTESIAN_POINT('',(1.27,-3.556,0.));
#6600 = VECTOR('',#6601,1.);
#6601 = DIRECTION('',(0.,1.,0.));
#6602 = ORIENTED_EDGE('',*,*,#6603,.T.);
#6603 = EDGE_CURVE('',#6596,#6604,#6606,.T.);
#6604 = VERTEX_POINT('',#6605);
#6605 = CARTESIAN_POINT('',(1.016,-1.27,0.));
#6606 = LINE('',#6607,#6608);
#6607 = CARTESIAN_POINT('',(1.27,-1.524,0.));
#6608 = VECTOR('',#6609,1.);
#6609 = DIRECTION('',(-0.707106781187,0.707106781187,0.));
#6610 = ORIENTED_EDGE('',*,*,#6611,.T.);
#6611 = EDGE_CURVE('',#6604,#6612,#6614,.T.);
#6612 = VERTEX_POINT('',#6613);
#6613 = CARTESIAN_POINT('',(1.27,-1.016,0.));
#6614 = LINE('',#6615,#6616);
#6615 = CARTESIAN_POINT('',(1.016,-1.27,0.));
#6616 = VECTOR('',#6617,1.);
#6617 = DIRECTION('',(0.707106781187,0.707106781187,0.));
#6618 = ORIENTED_EDGE('',*,*,#6619,.T.);
#6619 = EDGE_CURVE('',#6612,#6620,#6622,.T.);
#6620 = VERTEX_POINT('',#6621);
#6621 = CARTESIAN_POINT('',(1.27,1.016,0.));
#6622 = LINE('',#6623,#6624);
#6623 = CARTESIAN_POINT('',(1.27,-1.016,0.));
#6624 = VECTOR('',#6625,1.);
#6625 = DIRECTION('',(0.,1.,0.));
#6626 = ORIENTED_EDGE('',*,*,#6627,.T.);
#6627 = EDGE_CURVE('',#6620,#6436,#6628,.T.);
#6628 = LINE('',#6629,#6630);
#6629 = CARTESIAN_POINT('',(1.27,1.016,0.));
#6630 = VECTOR('',#6631,1.);
#6631 = DIRECTION('',(-0.707106781187,0.707106781187,0.));
#6632 = ORIENTED_EDGE('',*,*,#6452,.T.);
#6633 = FACE_BOUND('',#6634,.F.);
#6634 = EDGE_LOOP('',(#6635,#6645,#6653,#6661));
#6635 = ORIENTED_EDGE('',*,*,#6636,.F.);
#6636 = EDGE_CURVE('',#6637,#6639,#6641,.T.);
#6637 = VERTEX_POINT('',#6638);
#6638 = CARTESIAN_POINT('',(0.32,-0.32,0.));
#6639 = VERTEX_POINT('',#6640);
#6640 = CARTESIAN_POINT('',(0.32,0.32,0.));
#6641 = LINE('',#6642,#6643);
#6642 = CARTESIAN_POINT('',(0.32,-1.43,0.));
#6643 = VECTOR('',#6644,1.);
#6644 = DIRECTION('',(0.,1.,0.));
#6645 = ORIENTED_EDGE('',*,*,#6646,.T.);
#6646 = EDGE_CURVE('',#6637,#6647,#6649,.T.);
#6647 = VERTEX_POINT('',#6648);
#6648 = CARTESIAN_POINT('',(-0.32,-0.32,0.));
#6649 = LINE('',#6650,#6651);
#6650 = CARTESIAN_POINT('',(-0.16,-0.32,0.));
#6651 = VECTOR('',#6652,1.);
#6652 = DIRECTION('',(-1.,0.,0.));
#6653 = ORIENTED_EDGE('',*,*,#6654,.T.);
#6654 = EDGE_CURVE('',#6647,#6655,#6657,.T.);
#6655 = VERTEX_POINT('',#6656);
#6656 = CARTESIAN_POINT('',(-0.32,0.32,0.));
#6657 = LINE('',#6658,#6659);
#6658 = CARTESIAN_POINT('',(-0.32,-1.43,0.));
#6659 = VECTOR('',#6660,1.);
#6660 = DIRECTION('',(0.,1.,0.));
#6661 = ORIENTED_EDGE('',*,*,#6662,.F.);
#6662 = EDGE_CURVE('',#6639,#6655,#6663,.T.);
#6663 = LINE('',#6664,#6665);
#6664 = CARTESIAN_POINT('',(-0.16,0.32,0.));
#6665 = VECTOR('',#6666,1.);
#6666 = DIRECTION('',(-1.,0.,0.));
#6667 = FACE_BOUND('',#6668,.F.);
#6668 = EDGE_LOOP('',(#6669,#6679,#6687,#6695));
#6669 = ORIENTED_EDGE('',*,*,#6670,.T.);
#6670 = EDGE_CURVE('',#6671,#6673,#6675,.T.);
#6671 = VERTEX_POINT('',#6672);
#6672 = CARTESIAN_POINT('',(0.32,-2.86,0.));
#6673 = VERTEX_POINT('',#6674);
#6674 = CARTESIAN_POINT('',(-0.32,-2.86,0.));
#6675 = LINE('',#6676,#6677);
#6676 = CARTESIAN_POINT('',(-0.16,-2.86,0.));
#6677 = VECTOR('',#6678,1.);
#6678 = DIRECTION('',(-1.,0.,0.));
#6679 = ORIENTED_EDGE('',*,*,#6680,.T.);
#6680 = EDGE_CURVE('',#6673,#6681,#6683,.T.);
#6681 = VERTEX_POINT('',#6682);
#6682 = CARTESIAN_POINT('',(-0.32,-2.22,0.));
#6683 = LINE('',#6684,#6685);
#6684 = CARTESIAN_POINT('',(-0.32,-2.7,0.));
#6685 = VECTOR('',#6686,1.);
#6686 = DIRECTION('',(0.,1.,0.));
#6687 = ORIENTED_EDGE('',*,*,#6688,.F.);
#6688 = EDGE_CURVE('',#6689,#6681,#6691,.T.);
#6689 = VERTEX_POINT('',#6690);
#6690 = CARTESIAN_POINT('',(0.32,-2.22,0.));
#6691 = LINE('',#6692,#6693);
#6692 = CARTESIAN_POINT('',(-0.16,-2.22,0.));
#6693 = VECTOR('',#6694,1.);
#6694 = DIRECTION('',(-1.,0.,0.));
#6695 = ORIENTED_EDGE('',*,*,#6696,.F.);
#6696 = EDGE_CURVE('',#6671,#6689,#6697,.T.);
#6697 = LINE('',#6698,#6699);
#6698 = CARTESIAN_POINT('',(0.32,-2.7,0.));
#6699 = VECTOR('',#6700,1.);
#6700 = DIRECTION('',(0.,1.,0.));
#6701 = FACE_BOUND('',#6702,.F.);
#6702 = EDGE_LOOP('',(#6703,#6713,#6721,#6729));
#6703 = ORIENTED_EDGE('',*,*,#6704,.F.);
#6704 = EDGE_CURVE('',#6705,#6707,#6709,.T.);
#6705 = VERTEX_POINT('',#6706);
#6706 = CARTESIAN_POINT('',(0.32,-4.76,0.));
#6707 = VERTEX_POINT('',#6708);
#6708 = CARTESIAN_POINT('',(-0.32,-4.76,0.));
#6709 = LINE('',#6710,#6711);
#6710 = CARTESIAN_POINT('',(-0.16,-4.76,0.));
#6711 = VECTOR('',#6712,1.);
#6712 = DIRECTION('',(-1.,0.,0.));
#6713 = ORIENTED_EDGE('',*,*,#6714,.F.);
#6714 = EDGE_CURVE('',#6715,#6705,#6717,.T.);
#6715 = VERTEX_POINT('',#6716);
#6716 = CARTESIAN_POINT('',(0.32,-5.4,0.));
#6717 = LINE('',#6718,#6719);
#6718 = CARTESIAN_POINT('',(0.32,-3.97,0.));
#6719 = VECTOR('',#6720,1.);
#6720 = DIRECTION('',(0.,1.,0.));
#6721 = ORIENTED_EDGE('',*,*,#6722,.T.);
#6722 = EDGE_CURVE('',#6715,#6723,#6725,.T.);
#6723 = VERTEX_POINT('',#6724);
#6724 = CARTESIAN_POINT('',(-0.32,-5.4,0.));
#6725 = LINE('',#6726,#6727);
#6726 = CARTESIAN_POINT('',(-0.16,-5.4,0.));
#6727 = VECTOR('',#6728,1.);
#6728 = DIRECTION('',(-1.,0.,0.));
#6729 = ORIENTED_EDGE('',*,*,#6730,.T.);
#6730 = EDGE_CURVE('',#6723,#6707,#6731,.T.);
#6731 = LINE('',#6732,#6733);
#6732 = CARTESIAN_POINT('',(-0.32,-3.97,0.));
#6733 = VECTOR('',#6734,1.);
#6734 = DIRECTION('',(0.,1.,0.));
#6735 = PLANE('',#6736);
#6736 = AXIS2_PLACEMENT_3D('',#6737,#6738,#6739);
#6737 = CARTESIAN_POINT('',(5.398204781459E-17,-2.54,0.));
#6738 = DIRECTION('',(0.,0.,1.));
#6739 = DIRECTION('',(1.,0.,-0.));
#6740 = ADVANCED_FACE('',(#6741,#6880,#6914,#6948),#6982,.T.);
#6741 = FACE_BOUND('',#6742,.T.);
#6742 = EDGE_LOOP('',(#6743,#6744,#6745,#6753,#6761,#6769,#6777,#6785,
    #6793,#6801,#6809,#6817,#6825,#6833,#6841,#6849,#6857,#6865,#6873,
    #6879));
#6743 = ORIENTED_EDGE('',*,*,#6405,.T.);
#6744 = ORIENTED_EDGE('',*,*,#6467,.T.);
#6745 = ORIENTED_EDGE('',*,*,#6746,.T.);
#6746 = EDGE_CURVE('',#6468,#6747,#6749,.T.);
#6747 = VERTEX_POINT('',#6748);
#6748 = CARTESIAN_POINT('',(-1.016,-1.27,2.54));
#6749 = LINE('',#6750,#6751);
#6750 = CARTESIAN_POINT('',(-1.27,-1.016,2.54));
#6751 = VECTOR('',#6752,1.);
#6752 = DIRECTION('',(0.707106781187,-0.707106781187,0.));
#6753 = ORIENTED_EDGE('',*,*,#6754,.T.);
#6754 = EDGE_CURVE('',#6747,#6755,#6757,.T.);
#6755 = VERTEX_POINT('',#6756);
#6756 = CARTESIAN_POINT('',(-1.27,-1.524,2.54));
#6757 = LINE('',#6758,#6759);
#6758 = CARTESIAN_POINT('',(-1.016,-1.27,2.54));
#6759 = VECTOR('',#6760,1.);
#6760 = DIRECTION('',(-0.707106781187,-0.707106781187,0.));
#6761 = ORIENTED_EDGE('',*,*,#6762,.T.);
#6762 = EDGE_CURVE('',#6755,#6763,#6765,.T.);
#6763 = VERTEX_POINT('',#6764);
#6764 = CARTESIAN_POINT('',(-1.27,-3.556,2.54));
#6765 = LINE('',#6766,#6767);
#6766 = CARTESIAN_POINT('',(-1.27,-1.524,2.54));
#6767 = VECTOR('',#6768,1.);
#6768 = DIRECTION('',(0.,-1.,0.));
#6769 = ORIENTED_EDGE('',*,*,#6770,.T.);
#6770 = EDGE_CURVE('',#6763,#6771,#6773,.T.);
#6771 = VERTEX_POINT('',#6772);
#6772 = CARTESIAN_POINT('',(-1.016,-3.81,2.54));
#6773 = LINE('',#6774,#6775);
#6774 = CARTESIAN_POINT('',(-1.27,-3.556,2.54));
#6775 = VECTOR('',#6776,1.);
#6776 = DIRECTION('',(0.707106781187,-0.707106781187,0.));
#6777 = ORIENTED_EDGE('',*,*,#6778,.T.);
#6778 = EDGE_CURVE('',#6771,#6779,#6781,.T.);
#6779 = VERTEX_POINT('',#6780);
#6780 = CARTESIAN_POINT('',(-1.27,-4.064,2.54));
#6781 = LINE('',#6782,#6783);
#6782 = CARTESIAN_POINT('',(-1.016,-3.81,2.54));
#6783 = VECTOR('',#6784,1.);
#6784 = DIRECTION('',(-0.707106781187,-0.707106781187,0.));
#6785 = ORIENTED_EDGE('',*,*,#6786,.T.);
#6786 = EDGE_CURVE('',#6779,#6787,#6789,.T.);
#6787 = VERTEX_POINT('',#6788);
#6788 = CARTESIAN_POINT('',(-1.27,-6.096,2.54));
#6789 = LINE('',#6790,#6791);
#6790 = CARTESIAN_POINT('',(-1.27,-4.064,2.54));
#6791 = VECTOR('',#6792,1.);
#6792 = DIRECTION('',(0.,-1.,0.));
#6793 = ORIENTED_EDGE('',*,*,#6794,.T.);
#6794 = EDGE_CURVE('',#6787,#6795,#6797,.T.);
#6795 = VERTEX_POINT('',#6796);
#6796 = CARTESIAN_POINT('',(-1.016,-6.35,2.54));
#6797 = LINE('',#6798,#6799);
#6798 = CARTESIAN_POINT('',(-1.27,-6.096,2.54));
#6799 = VECTOR('',#6800,1.);
#6800 = DIRECTION('',(0.707106781187,-0.707106781187,0.));
#6801 = ORIENTED_EDGE('',*,*,#6802,.T.);
#6802 = EDGE_CURVE('',#6795,#6803,#6805,.T.);
#6803 = VERTEX_POINT('',#6804);
#6804 = CARTESIAN_POINT('',(1.016,-6.35,2.54));
#6805 = LINE('',#6806,#6807);
#6806 = CARTESIAN_POINT('',(-1.016,-6.35,2.54));
#6807 = VECTOR('',#6808,1.);
#6808 = DIRECTION('',(1.,0.,0.));
#6809 = ORIENTED_EDGE('',*,*,#6810,.T.);
#6810 = EDGE_CURVE('',#6803,#6811,#6813,.T.);
#6811 = VERTEX_POINT('',#6812);
#6812 = CARTESIAN_POINT('',(1.27,-6.096,2.54));
#6813 = LINE('',#6814,#6815);
#6814 = CARTESIAN_POINT('',(1.016,-6.35,2.54));
#6815 = VECTOR('',#6816,1.);
#6816 = DIRECTION('',(0.707106781187,0.707106781187,0.));
#6817 = ORIENTED_EDGE('',*,*,#6818,.T.);
#6818 = EDGE_CURVE('',#6811,#6819,#6821,.T.);
#6819 = VERTEX_POINT('',#6820);
#6820 = CARTESIAN_POINT('',(1.27,-4.064,2.54));
#6821 = LINE('',#6822,#6823);
#6822 = CARTESIAN_POINT('',(1.27,-6.096,2.54));
#6823 = VECTOR('',#6824,1.);
#6824 = DIRECTION('',(0.,1.,0.));
#6825 = ORIENTED_EDGE('',*,*,#6826,.T.);
#6826 = EDGE_CURVE('',#6819,#6827,#6829,.T.);
#6827 = VERTEX_POINT('',#6828);
#6828 = CARTESIAN_POINT('',(1.016,-3.81,2.54));
#6829 = LINE('',#6830,#6831);
#6830 = CARTESIAN_POINT('',(1.27,-4.064,2.54));
#6831 = VECTOR('',#6832,1.);
#6832 = DIRECTION('',(-0.707106781187,0.707106781187,0.));
#6833 = ORIENTED_EDGE('',*,*,#6834,.T.);
#6834 = EDGE_CURVE('',#6827,#6835,#6837,.T.);
#6835 = VERTEX_POINT('',#6836);
#6836 = CARTESIAN_POINT('',(1.27,-3.556,2.54));
#6837 = LINE('',#6838,#6839);
#6838 = CARTESIAN_POINT('',(1.016,-3.81,2.54));
#6839 = VECTOR('',#6840,1.);
#6840 = DIRECTION('',(0.707106781187,0.707106781187,0.));
#6841 = ORIENTED_EDGE('',*,*,#6842,.T.);
#6842 = EDGE_CURVE('',#6835,#6843,#6845,.T.);
#6843 = VERTEX_POINT('',#6844);
#6844 = CARTESIAN_POINT('',(1.27,-1.524,2.54));
#6845 = LINE('',#6846,#6847);
#6846 = CARTESIAN_POINT('',(1.27,-3.556,2.54));
#6847 = VECTOR('',#6848,1.);
#6848 = DIRECTION('',(0.,1.,0.));
#6849 = ORIENTED_EDGE('',*,*,#6850,.T.);
#6850 = EDGE_CURVE('',#6843,#6851,#6853,.T.);
#6851 = VERTEX_POINT('',#6852);
#6852 = CARTESIAN_POINT('',(1.016,-1.27,2.54));
#6853 = LINE('',#6854,#6855);
#6854 = CARTESIAN_POINT('',(1.27,-1.524,2.54));
#6855 = VECTOR('',#6856,1.);
#6856 = DIRECTION('',(-0.707106781187,0.707106781187,0.));
#6857 = ORIENTED_EDGE('',*,*,#6858,.T.);
#6858 = EDGE_CURVE('',#6851,#6859,#6861,.T.);
#6859 = VERTEX_POINT('',#6860);
#6860 = CARTESIAN_POINT('',(1.27,-1.016,2.54));
#6861 = LINE('',#6862,#6863);
#6862 = CARTESIAN_POINT('',(1.016,-1.27,2.54));
#6863 = VECTOR('',#6864,1.);
#6864 = DIRECTION('',(0.707106781187,0.707106781187,0.));
#6865 = ORIENTED_EDGE('',*,*,#6866,.T.);
#6866 = EDGE_CURVE('',#6859,#6867,#6869,.T.);
#6867 = VERTEX_POINT('',#6868);
#6868 = CARTESIAN_POINT('',(1.27,1.016,2.54));
#6869 = LINE('',#6870,#6871);
#6870 = CARTESIAN_POINT('',(1.27,-1.016,2.54));
#6871 = VECTOR('',#6872,1.);
#6872 = DIRECTION('',(0.,1.,0.));
#6873 = ORIENTED_EDGE('',*,*,#6874,.T.);
#6874 = EDGE_CURVE('',#6867,#6438,#6875,.T.);
#6875 = LINE('',#6876,#6877);
#6876 = CARTESIAN_POINT('',(1.27,1.016,2.54));
#6877 = VECTOR('',#6878,1.);
#6878 = DIRECTION('',(-0.707106781187,0.707106781187,0.));
#6879 = ORIENTED_EDGE('',*,*,#6445,.T.);
#6880 = FACE_BOUND('',#6881,.T.);
#6881 = EDGE_LOOP('',(#6882,#6892,#6900,#6908));
#6882 = ORIENTED_EDGE('',*,*,#6883,.F.);
#6883 = EDGE_CURVE('',#6884,#6886,#6888,.T.);
#6884 = VERTEX_POINT('',#6885);
#6885 = CARTESIAN_POINT('',(0.32,-0.32,2.54));
#6886 = VERTEX_POINT('',#6887);
#6887 = CARTESIAN_POINT('',(0.32,0.32,2.54));
#6888 = LINE('',#6889,#6890);
#6889 = CARTESIAN_POINT('',(0.32,-1.43,2.54));
#6890 = VECTOR('',#6891,1.);
#6891 = DIRECTION('',(0.,1.,0.));
#6892 = ORIENTED_EDGE('',*,*,#6893,.T.);
#6893 = EDGE_CURVE('',#6884,#6894,#6896,.T.);
#6894 = VERTEX_POINT('',#6895);
#6895 = CARTESIAN_POINT('',(-0.32,-0.32,2.54));
#6896 = LINE('',#6897,#6898);
#6897 = CARTESIAN_POINT('',(-0.16,-0.32,2.54));
#6898 = VECTOR('',#6899,1.);
#6899 = DIRECTION('',(-1.,0.,0.));
#6900 = ORIENTED_EDGE('',*,*,#6901,.T.);
#6901 = EDGE_CURVE('',#6894,#6902,#6904,.T.);
#6902 = VERTEX_POINT('',#6903);
#6903 = CARTESIAN_POINT('',(-0.32,0.32,2.54));
#6904 = LINE('',#6905,#6906);
#6905 = CARTESIAN_POINT('',(-0.32,-1.43,2.54));
#6906 = VECTOR('',#6907,1.);
#6907 = DIRECTION('',(0.,1.,0.));
#6908 = ORIENTED_EDGE('',*,*,#6909,.F.);
#6909 = EDGE_CURVE('',#6886,#6902,#6910,.T.);
#6910 = LINE('',#6911,#6912);
#6911 = CARTESIAN_POINT('',(-0.16,0.32,2.54));
#6912 = VECTOR('',#6913,1.);
#6913 = DIRECTION('',(-1.,0.,0.));
#6914 = FACE_BOUND('',#6915,.T.);
#6915 = EDGE_LOOP('',(#6916,#6926,#6934,#6942));
#6916 = ORIENTED_EDGE('',*,*,#6917,.T.);
#6917 = EDGE_CURVE('',#6918,#6920,#6922,.T.);
#6918 = VERTEX_POINT('',#6919);
#6919 = CARTESIAN_POINT('',(0.32,-2.86,2.54));
#6920 = VERTEX_POINT('',#6921);
#6921 = CARTESIAN_POINT('',(-0.32,-2.86,2.54));
#6922 = LINE('',#6923,#6924);
#6923 = CARTESIAN_POINT('',(-0.16,-2.86,2.54));
#6924 = VECTOR('',#6925,1.);
#6925 = DIRECTION('',(-1.,0.,0.));
#6926 = ORIENTED_EDGE('',*,*,#6927,.T.);
#6927 = EDGE_CURVE('',#6920,#6928,#6930,.T.);
#6928 = VERTEX_POINT('',#6929);
#6929 = CARTESIAN_POINT('',(-0.32,-2.22,2.54));
#6930 = LINE('',#6931,#6932);
#6931 = CARTESIAN_POINT('',(-0.32,-2.7,2.54));
#6932 = VECTOR('',#6933,1.);
#6933 = DIRECTION('',(0.,1.,0.));
#6934 = ORIENTED_EDGE('',*,*,#6935,.F.);
#6935 = EDGE_CURVE('',#6936,#6928,#6938,.T.);
#6936 = VERTEX_POINT('',#6937);
#6937 = CARTESIAN_POINT('',(0.32,-2.22,2.54));
#6938 = LINE('',#6939,#6940);
#6939 = CARTESIAN_POINT('',(-0.16,-2.22,2.54));
#6940 = VECTOR('',#6941,1.);
#6941 = DIRECTION('',(-1.,0.,0.));
#6942 = ORIENTED_EDGE('',*,*,#6943,.F.);
#6943 = EDGE_CURVE('',#6918,#6936,#6944,.T.);
#6944 = LINE('',#6945,#6946);
#6945 = CARTESIAN_POINT('',(0.32,-2.7,2.54));
#6946 = VECTOR('',#6947,1.);
#6947 = DIRECTION('',(0.,1.,0.));
#6948 = FACE_BOUND('',#6949,.T.);
#6949 = EDGE_LOOP('',(#6950,#6960,#6968,#6976));
#6950 = ORIENTED_EDGE('',*,*,#6951,.F.);
#6951 = EDGE_CURVE('',#6952,#6954,#6956,.T.);
#6952 = VERTEX_POINT('',#6953);
#6953 = CARTESIAN_POINT('',(0.32,-4.76,2.54));
#6954 = VERTEX_POINT('',#6955);
#6955 = CARTESIAN_POINT('',(-0.32,-4.76,2.54));
#6956 = LINE('',#6957,#6958);
#6957 = CARTESIAN_POINT('',(-0.16,-4.76,2.54));
#6958 = VECTOR('',#6959,1.);
#6959 = DIRECTION('',(-1.,0.,0.));
#6960 = ORIENTED_EDGE('',*,*,#6961,.F.);
#6961 = EDGE_CURVE('',#6962,#6952,#6964,.T.);
#6962 = VERTEX_POINT('',#6963);
#6963 = CARTESIAN_POINT('',(0.32,-5.4,2.54));
#6964 = LINE('',#6965,#6966);
#6965 = CARTESIAN_POINT('',(0.32,-3.97,2.54));
#6966 = VECTOR('',#6967,1.);
#6967 = DIRECTION('',(0.,1.,0.));
#6968 = ORIENTED_EDGE('',*,*,#6969,.T.);
#6969 = EDGE_CURVE('',#6962,#6970,#6972,.T.);
#6970 = VERTEX_POINT('',#6971);
#6971 = CARTESIAN_POINT('',(-0.32,-5.4,2.54));
#6972 = LINE('',#6973,#6974);
#6973 = CARTESIAN_POINT('',(-0.16,-5.4,2.54));
#6974 = VECTOR('',#6975,1.);
#6975 = DIRECTION('',(-1.,0.,0.));
#6976 = ORIENTED_EDGE('',*,*,#6977,.T.);
#6977 = EDGE_CURVE('',#6970,#6954,#6978,.T.);
#6978 = LINE('',#6979,#6980);
#6979 = CARTESIAN_POINT('',(-0.32,-3.97,2.54));
#6980 = VECTOR('',#6981,1.);
#6981 = DIRECTION('',(0.,1.,0.));
#6982 = PLANE('',#6983);
#6983 = AXIS2_PLACEMENT_3D('',#6984,#6985,#6986);
#6984 = CARTESIAN_POINT('',(5.398204781459E-17,-2.54,2.54));
#6985 = DIRECTION('',(0.,0.,1.));
#6986 = DIRECTION('',(1.,0.,-0.));
#6987 = ADVANCED_FACE('',(#6988),#6999,.F.);
#6988 = FACE_BOUND('',#6989,.F.);
#6989 = EDGE_LOOP('',(#6990,#6996,#6997,#6998));
#6990 = ORIENTED_EDGE('',*,*,#6991,.T.);
#6991 = EDGE_CURVE('',#6620,#6867,#6992,.T.);
#6992 = LINE('',#6993,#6994);
#6993 = CARTESIAN_POINT('',(1.27,1.016,0.));
#6994 = VECTOR('',#6995,1.);
#6995 = DIRECTION('',(0.,0.,1.));
#6996 = ORIENTED_EDGE('',*,*,#6874,.T.);
#6997 = ORIENTED_EDGE('',*,*,#6435,.F.);
#6998 = ORIENTED_EDGE('',*,*,#6627,.F.);
#6999 = PLANE('',#7000);
#7000 = AXIS2_PLACEMENT_3D('',#7001,#7002,#7003);
#7001 = CARTESIAN_POINT('',(1.27,1.016,0.));
#7002 = DIRECTION('',(-0.707106781187,-0.707106781187,0.));
#7003 = DIRECTION('',(-0.707106781187,0.707106781187,0.));
#7004 = ADVANCED_FACE('',(#7005),#7016,.F.);
#7005 = FACE_BOUND('',#7006,.F.);
#7006 = EDGE_LOOP('',(#7007,#7008,#7009,#7015));
#7007 = ORIENTED_EDGE('',*,*,#6475,.T.);
#7008 = ORIENTED_EDGE('',*,*,#6746,.T.);
#7009 = ORIENTED_EDGE('',*,*,#7010,.F.);
#7010 = EDGE_CURVE('',#6500,#6747,#7011,.T.);
#7011 = LINE('',#7012,#7013);
#7012 = CARTESIAN_POINT('',(-1.016,-1.27,0.));
#7013 = VECTOR('',#7014,1.);
#7014 = DIRECTION('',(0.,0.,1.));
#7015 = ORIENTED_EDGE('',*,*,#6499,.F.);
#7016 = PLANE('',#7017);
#7017 = AXIS2_PLACEMENT_3D('',#7018,#7019,#7020);
#7018 = CARTESIAN_POINT('',(-1.27,-1.016,0.));
#7019 = DIRECTION('',(0.707106781187,0.707106781187,0.));
#7020 = DIRECTION('',(0.707106781187,-0.707106781187,0.));
#7021 = ADVANCED_FACE('',(#7022),#7033,.F.);
#7022 = FACE_BOUND('',#7023,.F.);
#7023 = EDGE_LOOP('',(#7024,#7030,#7031,#7032));
#7024 = ORIENTED_EDGE('',*,*,#7025,.T.);
#7025 = EDGE_CURVE('',#6612,#6859,#7026,.T.);
#7026 = LINE('',#7027,#7028);
#7027 = CARTESIAN_POINT('',(1.27,-1.016,0.));
#7028 = VECTOR('',#7029,1.);
#7029 = DIRECTION('',(0.,0.,1.));
#7030 = ORIENTED_EDGE('',*,*,#6866,.T.);
#7031 = ORIENTED_EDGE('',*,*,#6991,.F.);
#7032 = ORIENTED_EDGE('',*,*,#6619,.F.);
#7033 = PLANE('',#7034);
#7034 = AXIS2_PLACEMENT_3D('',#7035,#7036,#7037);
#7035 = CARTESIAN_POINT('',(1.27,-1.016,0.));
#7036 = DIRECTION('',(-1.,0.,0.));
#7037 = DIRECTION('',(0.,1.,0.));
#7038 = ADVANCED_FACE('',(#7039),#7050,.F.);
#7039 = FACE_BOUND('',#7040,.F.);
#7040 = EDGE_LOOP('',(#7041,#7042,#7043,#7049));
#7041 = ORIENTED_EDGE('',*,*,#7010,.T.);
#7042 = ORIENTED_EDGE('',*,*,#6754,.T.);
#7043 = ORIENTED_EDGE('',*,*,#7044,.F.);
#7044 = EDGE_CURVE('',#6508,#6755,#7045,.T.);
#7045 = LINE('',#7046,#7047);
#7046 = CARTESIAN_POINT('',(-1.27,-1.524,0.));
#7047 = VECTOR('',#7048,1.);
#7048 = DIRECTION('',(0.,0.,1.));
#7049 = ORIENTED_EDGE('',*,*,#6507,.F.);
#7050 = PLANE('',#7051);
#7051 = AXIS2_PLACEMENT_3D('',#7052,#7053,#7054);
#7052 = CARTESIAN_POINT('',(-1.016,-1.27,0.));
#7053 = DIRECTION('',(0.707106781187,-0.707106781187,0.));
#7054 = DIRECTION('',(-0.707106781187,-0.707106781187,0.));
#7055 = ADVANCED_FACE('',(#7056),#7067,.F.);
#7056 = FACE_BOUND('',#7057,.F.);
#7057 = EDGE_LOOP('',(#7058,#7064,#7065,#7066));
#7058 = ORIENTED_EDGE('',*,*,#7059,.T.);
#7059 = EDGE_CURVE('',#6604,#6851,#7060,.T.);
#7060 = LINE('',#7061,#7062);
#7061 = CARTESIAN_POINT('',(1.016,-1.27,0.));
#7062 = VECTOR('',#7063,1.);
#7063 = DIRECTION('',(0.,0.,1.));
#7064 = ORIENTED_EDGE('',*,*,#6858,.T.);
#7065 = ORIENTED_EDGE('',*,*,#7025,.F.);
#7066 = ORIENTED_EDGE('',*,*,#6611,.F.);
#7067 = PLANE('',#7068);
#7068 = AXIS2_PLACEMENT_3D('',#7069,#7070,#7071);
#7069 = CARTESIAN_POINT('',(1.016,-1.27,0.));
#7070 = DIRECTION('',(-0.707106781187,0.707106781187,0.));
#7071 = DIRECTION('',(0.707106781187,0.707106781187,0.));
#7072 = ADVANCED_FACE('',(#7073),#7084,.F.);
#7073 = FACE_BOUND('',#7074,.F.);
#7074 = EDGE_LOOP('',(#7075,#7076,#7077,#7083));
#7075 = ORIENTED_EDGE('',*,*,#7044,.T.);
#7076 = ORIENTED_EDGE('',*,*,#6762,.T.);
#7077 = ORIENTED_EDGE('',*,*,#7078,.F.);
#7078 = EDGE_CURVE('',#6516,#6763,#7079,.T.);
#7079 = LINE('',#7080,#7081);
#7080 = CARTESIAN_POINT('',(-1.27,-3.556,0.));
#7081 = VECTOR('',#7082,1.);
#7082 = DIRECTION('',(0.,0.,1.));
#7083 = ORIENTED_EDGE('',*,*,#6515,.F.);
#7084 = PLANE('',#7085);
#7085 = AXIS2_PLACEMENT_3D('',#7086,#7087,#7088);
#7086 = CARTESIAN_POINT('',(-1.27,-1.524,0.));
#7087 = DIRECTION('',(1.,0.,0.));
#7088 = DIRECTION('',(0.,-1.,0.));
#7089 = ADVANCED_FACE('',(#7090),#7101,.F.);
#7090 = FACE_BOUND('',#7091,.F.);
#7091 = EDGE_LOOP('',(#7092,#7098,#7099,#7100));
#7092 = ORIENTED_EDGE('',*,*,#7093,.T.);
#7093 = EDGE_CURVE('',#6596,#6843,#7094,.T.);
#7094 = LINE('',#7095,#7096);
#7095 = CARTESIAN_POINT('',(1.27,-1.524,0.));
#7096 = VECTOR('',#7097,1.);
#7097 = DIRECTION('',(0.,0.,1.));
#7098 = ORIENTED_EDGE('',*,*,#6850,.T.);
#7099 = ORIENTED_EDGE('',*,*,#7059,.F.);
#7100 = ORIENTED_EDGE('',*,*,#6603,.F.);
#7101 = PLANE('',#7102);
#7102 = AXIS2_PLACEMENT_3D('',#7103,#7104,#7105);
#7103 = CARTESIAN_POINT('',(1.27,-1.524,0.));
#7104 = DIRECTION('',(-0.707106781187,-0.707106781187,0.));
#7105 = DIRECTION('',(-0.707106781187,0.707106781187,0.));
#7106 = ADVANCED_FACE('',(#7107),#7118,.F.);
#7107 = FACE_BOUND('',#7108,.F.);
#7108 = EDGE_LOOP('',(#7109,#7110,#7111,#7117));
#7109 = ORIENTED_EDGE('',*,*,#7078,.T.);
#7110 = ORIENTED_EDGE('',*,*,#6770,.T.);
#7111 = ORIENTED_EDGE('',*,*,#7112,.F.);
#7112 = EDGE_CURVE('',#6524,#6771,#7113,.T.);
#7113 = LINE('',#7114,#7115);
#7114 = CARTESIAN_POINT('',(-1.016,-3.81,0.));
#7115 = VECTOR('',#7116,1.);
#7116 = DIRECTION('',(0.,0.,1.));
#7117 = ORIENTED_EDGE('',*,*,#6523,.F.);
#7118 = PLANE('',#7119);
#7119 = AXIS2_PLACEMENT_3D('',#7120,#7121,#7122);
#7120 = CARTESIAN_POINT('',(-1.27,-3.556,0.));
#7121 = DIRECTION('',(0.707106781187,0.707106781187,0.));
#7122 = DIRECTION('',(0.707106781187,-0.707106781187,0.));
#7123 = ADVANCED_FACE('',(#7124),#7135,.F.);
#7124 = FACE_BOUND('',#7125,.F.);
#7125 = EDGE_LOOP('',(#7126,#7132,#7133,#7134));
#7126 = ORIENTED_EDGE('',*,*,#7127,.T.);
#7127 = EDGE_CURVE('',#6588,#6835,#7128,.T.);
#7128 = LINE('',#7129,#7130);
#7129 = CARTESIAN_POINT('',(1.27,-3.556,0.));
#7130 = VECTOR('',#7131,1.);
#7131 = DIRECTION('',(0.,0.,1.));
#7132 = ORIENTED_EDGE('',*,*,#6842,.T.);
#7133 = ORIENTED_EDGE('',*,*,#7093,.F.);
#7134 = ORIENTED_EDGE('',*,*,#6595,.F.);
#7135 = PLANE('',#7136);
#7136 = AXIS2_PLACEMENT_3D('',#7137,#7138,#7139);
#7137 = CARTESIAN_POINT('',(1.27,-3.556,0.));
#7138 = DIRECTION('',(-1.,0.,0.));
#7139 = DIRECTION('',(0.,1.,0.));
#7140 = ADVANCED_FACE('',(#7141),#7152,.F.);
#7141 = FACE_BOUND('',#7142,.F.);
#7142 = EDGE_LOOP('',(#7143,#7144,#7145,#7151));
#7143 = ORIENTED_EDGE('',*,*,#7112,.T.);
#7144 = ORIENTED_EDGE('',*,*,#6778,.T.);
#7145 = ORIENTED_EDGE('',*,*,#7146,.F.);
#7146 = EDGE_CURVE('',#6532,#6779,#7147,.T.);
#7147 = LINE('',#7148,#7149);
#7148 = CARTESIAN_POINT('',(-1.27,-4.064,0.));
#7149 = VECTOR('',#7150,1.);
#7150 = DIRECTION('',(0.,0.,1.));
#7151 = ORIENTED_EDGE('',*,*,#6531,.F.);
#7152 = PLANE('',#7153);
#7153 = AXIS2_PLACEMENT_3D('',#7154,#7155,#7156);
#7154 = CARTESIAN_POINT('',(-1.016,-3.81,0.));
#7155 = DIRECTION('',(0.707106781187,-0.707106781187,0.));
#7156 = DIRECTION('',(-0.707106781187,-0.707106781187,0.));
#7157 = ADVANCED_FACE('',(#7158),#7169,.F.);
#7158 = FACE_BOUND('',#7159,.F.);
#7159 = EDGE_LOOP('',(#7160,#7166,#7167,#7168));
#7160 = ORIENTED_EDGE('',*,*,#7161,.T.);
#7161 = EDGE_CURVE('',#6580,#6827,#7162,.T.);
#7162 = LINE('',#7163,#7164);
#7163 = CARTESIAN_POINT('',(1.016,-3.81,0.));
#7164 = VECTOR('',#7165,1.);
#7165 = DIRECTION('',(0.,0.,1.));
#7166 = ORIENTED_EDGE('',*,*,#6834,.T.);
#7167 = ORIENTED_EDGE('',*,*,#7127,.F.);
#7168 = ORIENTED_EDGE('',*,*,#6587,.F.);
#7169 = PLANE('',#7170);
#7170 = AXIS2_PLACEMENT_3D('',#7171,#7172,#7173);
#7171 = CARTESIAN_POINT('',(1.016,-3.81,0.));
#7172 = DIRECTION('',(-0.707106781187,0.707106781187,0.));
#7173 = DIRECTION('',(0.707106781187,0.707106781187,0.));
#7174 = ADVANCED_FACE('',(#7175),#7186,.F.);
#7175 = FACE_BOUND('',#7176,.F.);
#7176 = EDGE_LOOP('',(#7177,#7178,#7179,#7185));
#7177 = ORIENTED_EDGE('',*,*,#7146,.T.);
#7178 = ORIENTED_EDGE('',*,*,#6786,.T.);
#7179 = ORIENTED_EDGE('',*,*,#7180,.F.);
#7180 = EDGE_CURVE('',#6540,#6787,#7181,.T.);
#7181 = LINE('',#7182,#7183);
#7182 = CARTESIAN_POINT('',(-1.27,-6.096,0.));
#7183 = VECTOR('',#7184,1.);
#7184 = DIRECTION('',(0.,0.,1.));
#7185 = ORIENTED_EDGE('',*,*,#6539,.F.);
#7186 = PLANE('',#7187);
#7187 = AXIS2_PLACEMENT_3D('',#7188,#7189,#7190);
#7188 = CARTESIAN_POINT('',(-1.27,-4.064,0.));
#7189 = DIRECTION('',(1.,0.,0.));
#7190 = DIRECTION('',(0.,-1.,0.));
#7191 = ADVANCED_FACE('',(#7192),#7203,.F.);
#7192 = FACE_BOUND('',#7193,.F.);
#7193 = EDGE_LOOP('',(#7194,#7200,#7201,#7202));
#7194 = ORIENTED_EDGE('',*,*,#7195,.T.);
#7195 = EDGE_CURVE('',#6572,#6819,#7196,.T.);
#7196 = LINE('',#7197,#7198);
#7197 = CARTESIAN_POINT('',(1.27,-4.064,0.));
#7198 = VECTOR('',#7199,1.);
#7199 = DIRECTION('',(0.,0.,1.));
#7200 = ORIENTED_EDGE('',*,*,#6826,.T.);
#7201 = ORIENTED_EDGE('',*,*,#7161,.F.);
#7202 = ORIENTED_EDGE('',*,*,#6579,.F.);
#7203 = PLANE('',#7204);
#7204 = AXIS2_PLACEMENT_3D('',#7205,#7206,#7207);
#7205 = CARTESIAN_POINT('',(1.27,-4.064,0.));
#7206 = DIRECTION('',(-0.707106781187,-0.707106781187,0.));
#7207 = DIRECTION('',(-0.707106781187,0.707106781187,0.));
#7208 = ADVANCED_FACE('',(#7209),#7220,.F.);
#7209 = FACE_BOUND('',#7210,.F.);
#7210 = EDGE_LOOP('',(#7211,#7212,#7213,#7219));
#7211 = ORIENTED_EDGE('',*,*,#7180,.T.);
#7212 = ORIENTED_EDGE('',*,*,#6794,.T.);
#7213 = ORIENTED_EDGE('',*,*,#7214,.F.);
#7214 = EDGE_CURVE('',#6548,#6795,#7215,.T.);
#7215 = LINE('',#7216,#7217);
#7216 = CARTESIAN_POINT('',(-1.016,-6.35,0.));
#7217 = VECTOR('',#7218,1.);
#7218 = DIRECTION('',(0.,0.,1.));
#7219 = ORIENTED_EDGE('',*,*,#6547,.F.);
#7220 = PLANE('',#7221);
#7221 = AXIS2_PLACEMENT_3D('',#7222,#7223,#7224);
#7222 = CARTESIAN_POINT('',(-1.27,-6.096,0.));
#7223 = DIRECTION('',(0.707106781187,0.707106781187,0.));
#7224 = DIRECTION('',(0.707106781187,-0.707106781187,0.));
#7225 = ADVANCED_FACE('',(#7226),#7237,.F.);
#7226 = FACE_BOUND('',#7227,.F.);
#7227 = EDGE_LOOP('',(#7228,#7234,#7235,#7236));
#7228 = ORIENTED_EDGE('',*,*,#7229,.T.);
#7229 = EDGE_CURVE('',#6564,#6811,#7230,.T.);
#7230 = LINE('',#7231,#7232);
#7231 = CARTESIAN_POINT('',(1.27,-6.096,0.));
#7232 = VECTOR('',#7233,1.);
#7233 = DIRECTION('',(0.,0.,1.));
#7234 = ORIENTED_EDGE('',*,*,#6818,.T.);
#7235 = ORIENTED_EDGE('',*,*,#7195,.F.);
#7236 = ORIENTED_EDGE('',*,*,#6571,.F.);
#7237 = PLANE('',#7238);
#7238 = AXIS2_PLACEMENT_3D('',#7239,#7240,#7241);
#7239 = CARTESIAN_POINT('',(1.27,-6.096,0.));
#7240 = DIRECTION('',(-1.,0.,0.));
#7241 = DIRECTION('',(0.,1.,0.));
#7242 = ADVANCED_FACE('',(#7243),#7254,.F.);
#7243 = FACE_BOUND('',#7244,.F.);
#7244 = EDGE_LOOP('',(#7245,#7246,#7247,#7253));
#7245 = ORIENTED_EDGE('',*,*,#7214,.T.);
#7246 = ORIENTED_EDGE('',*,*,#6802,.T.);
#7247 = ORIENTED_EDGE('',*,*,#7248,.F.);
#7248 = EDGE_CURVE('',#6556,#6803,#7249,.T.);
#7249 = LINE('',#7250,#7251);
#7250 = CARTESIAN_POINT('',(1.016,-6.35,0.));
#7251 = VECTOR('',#7252,1.);
#7252 = DIRECTION('',(0.,0.,1.));
#7253 = ORIENTED_EDGE('',*,*,#6555,.F.);
#7254 = PLANE('',#7255);
#7255 = AXIS2_PLACEMENT_3D('',#7256,#7257,#7258);
#7256 = CARTESIAN_POINT('',(-1.016,-6.35,0.));
#7257 = DIRECTION('',(0.,1.,0.));
#7258 = DIRECTION('',(1.,0.,0.));
#7259 = ADVANCED_FACE('',(#7260),#7266,.F.);
#7260 = FACE_BOUND('',#7261,.F.);
#7261 = EDGE_LOOP('',(#7262,#7263,#7264,#7265));
#7262 = ORIENTED_EDGE('',*,*,#7248,.T.);
#7263 = ORIENTED_EDGE('',*,*,#6810,.T.);
#7264 = ORIENTED_EDGE('',*,*,#7229,.F.);
#7265 = ORIENTED_EDGE('',*,*,#6563,.F.);
#7266 = PLANE('',#7267);
#7267 = AXIS2_PLACEMENT_3D('',#7268,#7269,#7270);
#7268 = CARTESIAN_POINT('',(1.016,-6.35,0.));
#7269 = DIRECTION('',(-0.707106781187,0.707106781187,0.));
#7270 = DIRECTION('',(0.707106781187,0.707106781187,0.));
#7271 = ADVANCED_FACE('',(#7272),#7297,.T.);
#7272 = FACE_BOUND('',#7273,.T.);
#7273 = EDGE_LOOP('',(#7274,#7282,#7290,#7296));
#7274 = ORIENTED_EDGE('',*,*,#7275,.F.);
#7275 = EDGE_CURVE('',#7276,#6637,#7278,.T.);
#7276 = VERTEX_POINT('',#7277);
#7277 = CARTESIAN_POINT('',(0.32,-0.32,-2.84));
#7278 = LINE('',#7279,#7280);
#7279 = CARTESIAN_POINT('',(0.32,-0.32,-3.));
#7280 = VECTOR('',#7281,1.);
#7281 = DIRECTION('',(0.,0.,1.));
#7282 = ORIENTED_EDGE('',*,*,#7283,.T.);
#7283 = EDGE_CURVE('',#7276,#7284,#7286,.T.);
#7284 = VERTEX_POINT('',#7285);
#7285 = CARTESIAN_POINT('',(0.32,0.32,-2.84));
#7286 = LINE('',#7287,#7288);
#7287 = CARTESIAN_POINT('',(0.32,-0.32,-2.84));
#7288 = VECTOR('',#7289,1.);
#7289 = DIRECTION('',(0.,1.,0.));
#7290 = ORIENTED_EDGE('',*,*,#7291,.T.);
#7291 = EDGE_CURVE('',#7284,#6639,#7292,.T.);
#7292 = LINE('',#7293,#7294);
#7293 = CARTESIAN_POINT('',(0.32,0.32,-3.));
#7294 = VECTOR('',#7295,1.);
#7295 = DIRECTION('',(0.,0.,1.));
#7296 = ORIENTED_EDGE('',*,*,#6636,.F.);
#7297 = PLANE('',#7298);
#7298 = AXIS2_PLACEMENT_3D('',#7299,#7300,#7301);
#7299 = CARTESIAN_POINT('',(0.32,-0.32,-3.));
#7300 = DIRECTION('',(1.,0.,0.));
#7301 = DIRECTION('',(0.,0.,1.));
#7302 = ADVANCED_FACE('',(#7303),#7321,.T.);
#7303 = FACE_BOUND('',#7304,.T.);
#7304 = EDGE_LOOP('',(#7305,#7306,#7314,#7320));
#7305 = ORIENTED_EDGE('',*,*,#7291,.F.);
#7306 = ORIENTED_EDGE('',*,*,#7307,.F.);
#7307 = EDGE_CURVE('',#7308,#7284,#7310,.T.);
#7308 = VERTEX_POINT('',#7309);
#7309 = CARTESIAN_POINT('',(-0.32,0.32,-2.84));
#7310 = LINE('',#7311,#7312);
#7311 = CARTESIAN_POINT('',(-0.32,0.32,-2.84));
#7312 = VECTOR('',#7313,1.);
#7313 = DIRECTION('',(1.,0.,0.));
#7314 = ORIENTED_EDGE('',*,*,#7315,.T.);
#7315 = EDGE_CURVE('',#7308,#6655,#7316,.T.);
#7316 = LINE('',#7317,#7318);
#7317 = CARTESIAN_POINT('',(-0.32,0.32,-3.));
#7318 = VECTOR('',#7319,1.);
#7319 = DIRECTION('',(0.,0.,1.));
#7320 = ORIENTED_EDGE('',*,*,#6662,.F.);
#7321 = PLANE('',#7322);
#7322 = AXIS2_PLACEMENT_3D('',#7323,#7324,#7325);
#7323 = CARTESIAN_POINT('',(-0.32,0.32,-3.));
#7324 = DIRECTION('',(0.,1.,0.));
#7325 = DIRECTION('',(0.,-0.,1.));
#7326 = ADVANCED_FACE('',(#7327),#7345,.F.);
#7327 = FACE_BOUND('',#7328,.F.);
#7328 = EDGE_LOOP('',(#7329,#7337,#7343,#7344));
#7329 = ORIENTED_EDGE('',*,*,#7330,.F.);
#7330 = EDGE_CURVE('',#7331,#6647,#7333,.T.);
#7331 = VERTEX_POINT('',#7332);
#7332 = CARTESIAN_POINT('',(-0.32,-0.32,-2.84));
#7333 = LINE('',#7334,#7335);
#7334 = CARTESIAN_POINT('',(-0.32,-0.32,-3.));
#7335 = VECTOR('',#7336,1.);
#7336 = DIRECTION('',(0.,0.,1.));
#7337 = ORIENTED_EDGE('',*,*,#7338,.T.);
#7338 = EDGE_CURVE('',#7331,#7308,#7339,.T.);
#7339 = LINE('',#7340,#7341);
#7340 = CARTESIAN_POINT('',(-0.32,-0.32,-2.84));
#7341 = VECTOR('',#7342,1.);
#7342 = DIRECTION('',(0.,1.,0.));
#7343 = ORIENTED_EDGE('',*,*,#7315,.T.);
#7344 = ORIENTED_EDGE('',*,*,#6654,.F.);
#7345 = PLANE('',#7346);
#7346 = AXIS2_PLACEMENT_3D('',#7347,#7348,#7349);
#7347 = CARTESIAN_POINT('',(-0.32,-0.32,-3.));
#7348 = DIRECTION('',(1.,0.,0.));
#7349 = DIRECTION('',(0.,0.,1.));
#7350 = ADVANCED_FACE('',(#7351),#7362,.F.);
#7351 = FACE_BOUND('',#7352,.F.);
#7352 = EDGE_LOOP('',(#7353,#7354,#7360,#7361));
#7353 = ORIENTED_EDGE('',*,*,#7275,.F.);
#7354 = ORIENTED_EDGE('',*,*,#7355,.F.);
#7355 = EDGE_CURVE('',#7331,#7276,#7356,.T.);
#7356 = LINE('',#7357,#7358);
#7357 = CARTESIAN_POINT('',(-0.32,-0.32,-2.84));
#7358 = VECTOR('',#7359,1.);
#7359 = DIRECTION('',(1.,0.,0.));
#7360 = ORIENTED_EDGE('',*,*,#7330,.T.);
#7361 = ORIENTED_EDGE('',*,*,#6646,.F.);
#7362 = PLANE('',#7363);
#7363 = AXIS2_PLACEMENT_3D('',#7364,#7365,#7366);
#7364 = CARTESIAN_POINT('',(-0.32,-0.32,-3.));
#7365 = DIRECTION('',(0.,1.,0.));
#7366 = DIRECTION('',(0.,-0.,1.));
#7367 = ADVANCED_FACE('',(#7368),#7393,.F.);
#7368 = FACE_BOUND('',#7369,.F.);
#7369 = EDGE_LOOP('',(#7370,#7378,#7386,#7392));
#7370 = ORIENTED_EDGE('',*,*,#7371,.F.);
#7371 = EDGE_CURVE('',#7372,#6671,#7374,.T.);
#7372 = VERTEX_POINT('',#7373);
#7373 = CARTESIAN_POINT('',(0.32,-2.86,-2.84));
#7374 = LINE('',#7375,#7376);
#7375 = CARTESIAN_POINT('',(0.32,-2.86,-3.));
#7376 = VECTOR('',#7377,1.);
#7377 = DIRECTION('',(0.,0.,1.));
#7378 = ORIENTED_EDGE('',*,*,#7379,.F.);
#7379 = EDGE_CURVE('',#7380,#7372,#7382,.T.);
#7380 = VERTEX_POINT('',#7381);
#7381 = CARTESIAN_POINT('',(-0.32,-2.86,-2.84));
#7382 = LINE('',#7383,#7384);
#7383 = CARTESIAN_POINT('',(-0.32,-2.86,-2.84));
#7384 = VECTOR('',#7385,1.);
#7385 = DIRECTION('',(1.,0.,0.));
#7386 = ORIENTED_EDGE('',*,*,#7387,.T.);
#7387 = EDGE_CURVE('',#7380,#6673,#7388,.T.);
#7388 = LINE('',#7389,#7390);
#7389 = CARTESIAN_POINT('',(-0.32,-2.86,-3.));
#7390 = VECTOR('',#7391,1.);
#7391 = DIRECTION('',(0.,0.,1.));
#7392 = ORIENTED_EDGE('',*,*,#6670,.F.);
#7393 = PLANE('',#7394);
#7394 = AXIS2_PLACEMENT_3D('',#7395,#7396,#7397);
#7395 = CARTESIAN_POINT('',(-0.32,-2.86,-3.));
#7396 = DIRECTION('',(0.,1.,0.));
#7397 = DIRECTION('',(0.,-0.,1.));
#7398 = ADVANCED_FACE('',(#7399),#7417,.T.);
#7399 = FACE_BOUND('',#7400,.T.);
#7400 = EDGE_LOOP('',(#7401,#7402,#7410,#7416));
#7401 = ORIENTED_EDGE('',*,*,#7371,.F.);
#7402 = ORIENTED_EDGE('',*,*,#7403,.T.);
#7403 = EDGE_CURVE('',#7372,#7404,#7406,.T.);
#7404 = VERTEX_POINT('',#7405);
#7405 = CARTESIAN_POINT('',(0.32,-2.22,-2.84));
#7406 = LINE('',#7407,#7408);
#7407 = CARTESIAN_POINT('',(0.32,-2.86,-2.84));
#7408 = VECTOR('',#7409,1.);
#7409 = DIRECTION('',(0.,1.,0.));
#7410 = ORIENTED_EDGE('',*,*,#7411,.T.);
#7411 = EDGE_CURVE('',#7404,#6689,#7412,.T.);
#7412 = LINE('',#7413,#7414);
#7413 = CARTESIAN_POINT('',(0.32,-2.22,-3.));
#7414 = VECTOR('',#7415,1.);
#7415 = DIRECTION('',(0.,0.,1.));
#7416 = ORIENTED_EDGE('',*,*,#6696,.F.);
#7417 = PLANE('',#7418);
#7418 = AXIS2_PLACEMENT_3D('',#7419,#7420,#7421);
#7419 = CARTESIAN_POINT('',(0.32,-2.86,-3.));
#7420 = DIRECTION('',(1.,0.,0.));
#7421 = DIRECTION('',(0.,0.,1.));
#7422 = ADVANCED_FACE('',(#7423),#7441,.T.);
#7423 = FACE_BOUND('',#7424,.T.);
#7424 = EDGE_LOOP('',(#7425,#7426,#7434,#7440));
#7425 = ORIENTED_EDGE('',*,*,#7411,.F.);
#7426 = ORIENTED_EDGE('',*,*,#7427,.F.);
#7427 = EDGE_CURVE('',#7428,#7404,#7430,.T.);
#7428 = VERTEX_POINT('',#7429);
#7429 = CARTESIAN_POINT('',(-0.32,-2.22,-2.84));
#7430 = LINE('',#7431,#7432);
#7431 = CARTESIAN_POINT('',(-0.32,-2.22,-2.84));
#7432 = VECTOR('',#7433,1.);
#7433 = DIRECTION('',(1.,0.,0.));
#7434 = ORIENTED_EDGE('',*,*,#7435,.T.);
#7435 = EDGE_CURVE('',#7428,#6681,#7436,.T.);
#7436 = LINE('',#7437,#7438);
#7437 = CARTESIAN_POINT('',(-0.32,-2.22,-3.));
#7438 = VECTOR('',#7439,1.);
#7439 = DIRECTION('',(0.,0.,1.));
#7440 = ORIENTED_EDGE('',*,*,#6688,.F.);
#7441 = PLANE('',#7442);
#7442 = AXIS2_PLACEMENT_3D('',#7443,#7444,#7445);
#7443 = CARTESIAN_POINT('',(-0.32,-2.22,-3.));
#7444 = DIRECTION('',(0.,1.,0.));
#7445 = DIRECTION('',(0.,-0.,1.));
#7446 = ADVANCED_FACE('',(#7447),#7458,.F.);
#7447 = FACE_BOUND('',#7448,.F.);
#7448 = EDGE_LOOP('',(#7449,#7450,#7456,#7457));
#7449 = ORIENTED_EDGE('',*,*,#7387,.F.);
#7450 = ORIENTED_EDGE('',*,*,#7451,.T.);
#7451 = EDGE_CURVE('',#7380,#7428,#7452,.T.);
#7452 = LINE('',#7453,#7454);
#7453 = CARTESIAN_POINT('',(-0.32,-2.86,-2.84));
#7454 = VECTOR('',#7455,1.);
#7455 = DIRECTION('',(0.,1.,0.));
#7456 = ORIENTED_EDGE('',*,*,#7435,.T.);
#7457 = ORIENTED_EDGE('',*,*,#6680,.F.);
#7458 = PLANE('',#7459);
#7459 = AXIS2_PLACEMENT_3D('',#7460,#7461,#7462);
#7460 = CARTESIAN_POINT('',(-0.32,-2.86,-3.));
#7461 = DIRECTION('',(1.,0.,0.));
#7462 = DIRECTION('',(0.,0.,1.));
#7463 = ADVANCED_FACE('',(#7464),#7489,.T.);
#7464 = FACE_BOUND('',#7465,.T.);
#7465 = EDGE_LOOP('',(#7466,#7474,#7482,#7488));
#7466 = ORIENTED_EDGE('',*,*,#7467,.F.);
#7467 = EDGE_CURVE('',#7468,#6705,#7470,.T.);
#7468 = VERTEX_POINT('',#7469);
#7469 = CARTESIAN_POINT('',(0.32,-4.76,-2.84));
#7470 = LINE('',#7471,#7472);
#7471 = CARTESIAN_POINT('',(0.32,-4.76,-3.));
#7472 = VECTOR('',#7473,1.);
#7473 = DIRECTION('',(0.,0.,1.));
#7474 = ORIENTED_EDGE('',*,*,#7475,.F.);
#7475 = EDGE_CURVE('',#7476,#7468,#7478,.T.);
#7476 = VERTEX_POINT('',#7477);
#7477 = CARTESIAN_POINT('',(-0.32,-4.76,-2.84));
#7478 = LINE('',#7479,#7480);
#7479 = CARTESIAN_POINT('',(-0.32,-4.76,-2.84));
#7480 = VECTOR('',#7481,1.);
#7481 = DIRECTION('',(1.,0.,0.));
#7482 = ORIENTED_EDGE('',*,*,#7483,.T.);
#7483 = EDGE_CURVE('',#7476,#6707,#7484,.T.);
#7484 = LINE('',#7485,#7486);
#7485 = CARTESIAN_POINT('',(-0.32,-4.76,-3.));
#7486 = VECTOR('',#7487,1.);
#7487 = DIRECTION('',(0.,0.,1.));
#7488 = ORIENTED_EDGE('',*,*,#6704,.F.);
#7489 = PLANE('',#7490);
#7490 = AXIS2_PLACEMENT_3D('',#7491,#7492,#7493);
#7491 = CARTESIAN_POINT('',(-0.32,-4.76,-3.));
#7492 = DIRECTION('',(0.,1.,0.));
#7493 = DIRECTION('',(0.,-0.,1.));
#7494 = ADVANCED_FACE('',(#7495),#7513,.F.);
#7495 = FACE_BOUND('',#7496,.F.);
#7496 = EDGE_LOOP('',(#7497,#7505,#7511,#7512));
#7497 = ORIENTED_EDGE('',*,*,#7498,.F.);
#7498 = EDGE_CURVE('',#7499,#6723,#7501,.T.);
#7499 = VERTEX_POINT('',#7500);
#7500 = CARTESIAN_POINT('',(-0.32,-5.4,-2.84));
#7501 = LINE('',#7502,#7503);
#7502 = CARTESIAN_POINT('',(-0.32,-5.4,-3.));
#7503 = VECTOR('',#7504,1.);
#7504 = DIRECTION('',(0.,0.,1.));
#7505 = ORIENTED_EDGE('',*,*,#7506,.T.);
#7506 = EDGE_CURVE('',#7499,#7476,#7507,.T.);
#7507 = LINE('',#7508,#7509);
#7508 = CARTESIAN_POINT('',(-0.32,-5.4,-2.84));
#7509 = VECTOR('',#7510,1.);
#7510 = DIRECTION('',(0.,1.,0.));
#7511 = ORIENTED_EDGE('',*,*,#7483,.T.);
#7512 = ORIENTED_EDGE('',*,*,#6730,.F.);
#7513 = PLANE('',#7514);
#7514 = AXIS2_PLACEMENT_3D('',#7515,#7516,#7517);
#7515 = CARTESIAN_POINT('',(-0.32,-5.4,-3.));
#7516 = DIRECTION('',(1.,0.,0.));
#7517 = DIRECTION('',(0.,0.,1.));
#7518 = ADVANCED_FACE('',(#7519),#7537,.F.);
#7519 = FACE_BOUND('',#7520,.F.);
#7520 = EDGE_LOOP('',(#7521,#7529,#7535,#7536));
#7521 = ORIENTED_EDGE('',*,*,#7522,.F.);
#7522 = EDGE_CURVE('',#7523,#6715,#7525,.T.);
#7523 = VERTEX_POINT('',#7524);
#7524 = CARTESIAN_POINT('',(0.32,-5.4,-2.84));
#7525 = LINE('',#7526,#7527);
#7526 = CARTESIAN_POINT('',(0.32,-5.4,-3.));
#7527 = VECTOR('',#7528,1.);
#7528 = DIRECTION('',(0.,0.,1.));
#7529 = ORIENTED_EDGE('',*,*,#7530,.F.);
#7530 = EDGE_CURVE('',#7499,#7523,#7531,.T.);
#7531 = LINE('',#7532,#7533);
#7532 = CARTESIAN_POINT('',(-0.32,-5.4,-2.84));
#7533 = VECTOR('',#7534,1.);
#7534 = DIRECTION('',(1.,0.,0.));
#7535 = ORIENTED_EDGE('',*,*,#7498,.T.);
#7536 = ORIENTED_EDGE('',*,*,#6722,.F.);
#7537 = PLANE('',#7538);
#7538 = AXIS2_PLACEMENT_3D('',#7539,#7540,#7541);
#7539 = CARTESIAN_POINT('',(-0.32,-5.4,-3.));
#7540 = DIRECTION('',(0.,1.,0.));
#7541 = DIRECTION('',(0.,-0.,1.));
#7542 = ADVANCED_FACE('',(#7543),#7554,.T.);
#7543 = FACE_BOUND('',#7544,.T.);
#7544 = EDGE_LOOP('',(#7545,#7546,#7552,#7553));
#7545 = ORIENTED_EDGE('',*,*,#7522,.F.);
#7546 = ORIENTED_EDGE('',*,*,#7547,.T.);
#7547 = EDGE_CURVE('',#7523,#7468,#7548,.T.);
#7548 = LINE('',#7549,#7550);
#7549 = CARTESIAN_POINT('',(0.32,-5.4,-2.84));
#7550 = VECTOR('',#7551,1.);
#7551 = DIRECTION('',(0.,1.,0.));
#7552 = ORIENTED_EDGE('',*,*,#7467,.T.);
#7553 = ORIENTED_EDGE('',*,*,#6714,.F.);
#7554 = PLANE('',#7555);
#7555 = AXIS2_PLACEMENT_3D('',#7556,#7557,#7558);
#7556 = CARTESIAN_POINT('',(0.32,-5.4,-3.));
#7557 = DIRECTION('',(1.,0.,0.));
#7558 = DIRECTION('',(0.,0.,1.));
#7559 = ADVANCED_FACE('',(#7560),#7585,.T.);
#7560 = FACE_BOUND('',#7561,.T.);
#7561 = EDGE_LOOP('',(#7562,#7570,#7571,#7579));
#7562 = ORIENTED_EDGE('',*,*,#7563,.F.);
#7563 = EDGE_CURVE('',#6884,#7564,#7566,.T.);
#7564 = VERTEX_POINT('',#7565);
#7565 = CARTESIAN_POINT('',(0.32,-0.32,8.38));
#7566 = LINE('',#7567,#7568);
#7567 = CARTESIAN_POINT('',(0.32,-0.32,-3.));
#7568 = VECTOR('',#7569,1.);
#7569 = DIRECTION('',(0.,0.,1.));
#7570 = ORIENTED_EDGE('',*,*,#6883,.T.);
#7571 = ORIENTED_EDGE('',*,*,#7572,.T.);
#7572 = EDGE_CURVE('',#6886,#7573,#7575,.T.);
#7573 = VERTEX_POINT('',#7574);
#7574 = CARTESIAN_POINT('',(0.32,0.32,8.38));
#7575 = LINE('',#7576,#7577);
#7576 = CARTESIAN_POINT('',(0.32,0.32,-3.));
#7577 = VECTOR('',#7578,1.);
#7578 = DIRECTION('',(0.,0.,1.));
#7579 = ORIENTED_EDGE('',*,*,#7580,.F.);
#7580 = EDGE_CURVE('',#7564,#7573,#7581,.T.);
#7581 = LINE('',#7582,#7583);
#7582 = CARTESIAN_POINT('',(0.32,-0.32,8.38));
#7583 = VECTOR('',#7584,1.);
#7584 = DIRECTION('',(0.,1.,0.));
#7585 = PLANE('',#7586);
#7586 = AXIS2_PLACEMENT_3D('',#7587,#7588,#7589);
#7587 = CARTESIAN_POINT('',(0.32,-0.32,-3.));
#7588 = DIRECTION('',(1.,0.,0.));
#7589 = DIRECTION('',(0.,0.,1.));
#7590 = ADVANCED_FACE('',(#7591),#7609,.T.);
#7591 = FACE_BOUND('',#7592,.T.);
#7592 = EDGE_LOOP('',(#7593,#7594,#7595,#7603));
#7593 = ORIENTED_EDGE('',*,*,#7572,.F.);
#7594 = ORIENTED_EDGE('',*,*,#6909,.T.);
#7595 = ORIENTED_EDGE('',*,*,#7596,.T.);
#7596 = EDGE_CURVE('',#6902,#7597,#7599,.T.);
#7597 = VERTEX_POINT('',#7598);
#7598 = CARTESIAN_POINT('',(-0.32,0.32,8.38));
#7599 = LINE('',#7600,#7601);
#7600 = CARTESIAN_POINT('',(-0.32,0.32,-3.));
#7601 = VECTOR('',#7602,1.);
#7602 = DIRECTION('',(0.,0.,1.));
#7603 = ORIENTED_EDGE('',*,*,#7604,.T.);
#7604 = EDGE_CURVE('',#7597,#7573,#7605,.T.);
#7605 = LINE('',#7606,#7607);
#7606 = CARTESIAN_POINT('',(-0.32,0.32,8.38));
#7607 = VECTOR('',#7608,1.);
#7608 = DIRECTION('',(1.,0.,0.));
#7609 = PLANE('',#7610);
#7610 = AXIS2_PLACEMENT_3D('',#7611,#7612,#7613);
#7611 = CARTESIAN_POINT('',(-0.32,0.32,-3.));
#7612 = DIRECTION('',(0.,1.,0.));
#7613 = DIRECTION('',(0.,-0.,1.));
#7614 = ADVANCED_FACE('',(#7615),#7633,.F.);
#7615 = FACE_BOUND('',#7616,.F.);
#7616 = EDGE_LOOP('',(#7617,#7625,#7626,#7627));
#7617 = ORIENTED_EDGE('',*,*,#7618,.F.);
#7618 = EDGE_CURVE('',#6894,#7619,#7621,.T.);
#7619 = VERTEX_POINT('',#7620);
#7620 = CARTESIAN_POINT('',(-0.32,-0.32,8.38));
#7621 = LINE('',#7622,#7623);
#7622 = CARTESIAN_POINT('',(-0.32,-0.32,-3.));
#7623 = VECTOR('',#7624,1.);
#7624 = DIRECTION('',(0.,0.,1.));
#7625 = ORIENTED_EDGE('',*,*,#6901,.T.);
#7626 = ORIENTED_EDGE('',*,*,#7596,.T.);
#7627 = ORIENTED_EDGE('',*,*,#7628,.F.);
#7628 = EDGE_CURVE('',#7619,#7597,#7629,.T.);
#7629 = LINE('',#7630,#7631);
#7630 = CARTESIAN_POINT('',(-0.32,-0.32,8.38));
#7631 = VECTOR('',#7632,1.);
#7632 = DIRECTION('',(0.,1.,0.));
#7633 = PLANE('',#7634);
#7634 = AXIS2_PLACEMENT_3D('',#7635,#7636,#7637);
#7635 = CARTESIAN_POINT('',(-0.32,-0.32,-3.));
#7636 = DIRECTION('',(1.,0.,0.));
#7637 = DIRECTION('',(0.,0.,1.));
#7638 = ADVANCED_FACE('',(#7639),#7650,.F.);
#7639 = FACE_BOUND('',#7640,.F.);
#7640 = EDGE_LOOP('',(#7641,#7642,#7643,#7644));
#7641 = ORIENTED_EDGE('',*,*,#7563,.F.);
#7642 = ORIENTED_EDGE('',*,*,#6893,.T.);
#7643 = ORIENTED_EDGE('',*,*,#7618,.T.);
#7644 = ORIENTED_EDGE('',*,*,#7645,.T.);
#7645 = EDGE_CURVE('',#7619,#7564,#7646,.T.);
#7646 = LINE('',#7647,#7648);
#7647 = CARTESIAN_POINT('',(-0.32,-0.32,8.38));
#7648 = VECTOR('',#7649,1.);
#7649 = DIRECTION('',(1.,0.,0.));
#7650 = PLANE('',#7651);
#7651 = AXIS2_PLACEMENT_3D('',#7652,#7653,#7654);
#7652 = CARTESIAN_POINT('',(-0.32,-0.32,-3.));
#7653 = DIRECTION('',(0.,1.,0.));
#7654 = DIRECTION('',(0.,-0.,1.));
#7655 = ADVANCED_FACE('',(#7656),#7681,.F.);
#7656 = FACE_BOUND('',#7657,.F.);
#7657 = EDGE_LOOP('',(#7658,#7666,#7667,#7675));
#7658 = ORIENTED_EDGE('',*,*,#7659,.F.);
#7659 = EDGE_CURVE('',#6918,#7660,#7662,.T.);
#7660 = VERTEX_POINT('',#7661);
#7661 = CARTESIAN_POINT('',(0.32,-2.86,8.38));
#7662 = LINE('',#7663,#7664);
#7663 = CARTESIAN_POINT('',(0.32,-2.86,-3.));
#7664 = VECTOR('',#7665,1.);
#7665 = DIRECTION('',(0.,0.,1.));
#7666 = ORIENTED_EDGE('',*,*,#6917,.T.);
#7667 = ORIENTED_EDGE('',*,*,#7668,.T.);
#7668 = EDGE_CURVE('',#6920,#7669,#7671,.T.);
#7669 = VERTEX_POINT('',#7670);
#7670 = CARTESIAN_POINT('',(-0.32,-2.86,8.38));
#7671 = LINE('',#7672,#7673);
#7672 = CARTESIAN_POINT('',(-0.32,-2.86,-3.));
#7673 = VECTOR('',#7674,1.);
#7674 = DIRECTION('',(0.,0.,1.));
#7675 = ORIENTED_EDGE('',*,*,#7676,.T.);
#7676 = EDGE_CURVE('',#7669,#7660,#7677,.T.);
#7677 = LINE('',#7678,#7679);
#7678 = CARTESIAN_POINT('',(-0.32,-2.86,8.38));
#7679 = VECTOR('',#7680,1.);
#7680 = DIRECTION('',(1.,0.,0.));
#7681 = PLANE('',#7682);
#7682 = AXIS2_PLACEMENT_3D('',#7683,#7684,#7685);
#7683 = CARTESIAN_POINT('',(-0.32,-2.86,-3.));
#7684 = DIRECTION('',(0.,1.,0.));
#7685 = DIRECTION('',(0.,-0.,1.));
#7686 = ADVANCED_FACE('',(#7687),#7705,.T.);
#7687 = FACE_BOUND('',#7688,.T.);
#7688 = EDGE_LOOP('',(#7689,#7690,#7691,#7699));
#7689 = ORIENTED_EDGE('',*,*,#7659,.F.);
#7690 = ORIENTED_EDGE('',*,*,#6943,.T.);
#7691 = ORIENTED_EDGE('',*,*,#7692,.T.);
#7692 = EDGE_CURVE('',#6936,#7693,#7695,.T.);
#7693 = VERTEX_POINT('',#7694);
#7694 = CARTESIAN_POINT('',(0.32,-2.22,8.38));
#7695 = LINE('',#7696,#7697);
#7696 = CARTESIAN_POINT('',(0.32,-2.22,-3.));
#7697 = VECTOR('',#7698,1.);
#7698 = DIRECTION('',(0.,0.,1.));
#7699 = ORIENTED_EDGE('',*,*,#7700,.F.);
#7700 = EDGE_CURVE('',#7660,#7693,#7701,.T.);
#7701 = LINE('',#7702,#7703);
#7702 = CARTESIAN_POINT('',(0.32,-2.86,8.38));
#7703 = VECTOR('',#7704,1.);
#7704 = DIRECTION('',(0.,1.,0.));
#7705 = PLANE('',#7706);
#7706 = AXIS2_PLACEMENT_3D('',#7707,#7708,#7709);
#7707 = CARTESIAN_POINT('',(0.32,-2.86,-3.));
#7708 = DIRECTION('',(1.,0.,0.));
#7709 = DIRECTION('',(0.,0.,1.));
#7710 = ADVANCED_FACE('',(#7711),#7729,.T.);
#7711 = FACE_BOUND('',#7712,.T.);
#7712 = EDGE_LOOP('',(#7713,#7714,#7715,#7723));
#7713 = ORIENTED_EDGE('',*,*,#7692,.F.);
#7714 = ORIENTED_EDGE('',*,*,#6935,.T.);
#7715 = ORIENTED_EDGE('',*,*,#7716,.T.);
#7716 = EDGE_CURVE('',#6928,#7717,#7719,.T.);
#7717 = VERTEX_POINT('',#7718);
#7718 = CARTESIAN_POINT('',(-0.32,-2.22,8.38));
#7719 = LINE('',#7720,#7721);
#7720 = CARTESIAN_POINT('',(-0.32,-2.22,-3.));
#7721 = VECTOR('',#7722,1.);
#7722 = DIRECTION('',(0.,0.,1.));
#7723 = ORIENTED_EDGE('',*,*,#7724,.T.);
#7724 = EDGE_CURVE('',#7717,#7693,#7725,.T.);
#7725 = LINE('',#7726,#7727);
#7726 = CARTESIAN_POINT('',(-0.32,-2.22,8.38));
#7727 = VECTOR('',#7728,1.);
#7728 = DIRECTION('',(1.,0.,0.));
#7729 = PLANE('',#7730);
#7730 = AXIS2_PLACEMENT_3D('',#7731,#7732,#7733);
#7731 = CARTESIAN_POINT('',(-0.32,-2.22,-3.));
#7732 = DIRECTION('',(0.,1.,0.));
#7733 = DIRECTION('',(0.,-0.,1.));
#7734 = ADVANCED_FACE('',(#7735),#7746,.F.);
#7735 = FACE_BOUND('',#7736,.F.);
#7736 = EDGE_LOOP('',(#7737,#7738,#7739,#7740));
#7737 = ORIENTED_EDGE('',*,*,#7668,.F.);
#7738 = ORIENTED_EDGE('',*,*,#6927,.T.);
#7739 = ORIENTED_EDGE('',*,*,#7716,.T.);
#7740 = ORIENTED_EDGE('',*,*,#7741,.F.);
#7741 = EDGE_CURVE('',#7669,#7717,#7742,.T.);
#7742 = LINE('',#7743,#7744);
#7743 = CARTESIAN_POINT('',(-0.32,-2.86,8.38));
#7744 = VECTOR('',#7745,1.);
#7745 = DIRECTION('',(0.,1.,0.));
#7746 = PLANE('',#7747);
#7747 = AXIS2_PLACEMENT_3D('',#7748,#7749,#7750);
#7748 = CARTESIAN_POINT('',(-0.32,-2.86,-3.));
#7749 = DIRECTION('',(1.,0.,0.));
#7750 = DIRECTION('',(0.,0.,1.));
#7751 = ADVANCED_FACE('',(#7752),#7777,.T.);
#7752 = FACE_BOUND('',#7753,.T.);
#7753 = EDGE_LOOP('',(#7754,#7762,#7763,#7771));
#7754 = ORIENTED_EDGE('',*,*,#7755,.F.);
#7755 = EDGE_CURVE('',#6952,#7756,#7758,.T.);
#7756 = VERTEX_POINT('',#7757);
#7757 = CARTESIAN_POINT('',(0.32,-4.76,8.38));
#7758 = LINE('',#7759,#7760);
#7759 = CARTESIAN_POINT('',(0.32,-4.76,-3.));
#7760 = VECTOR('',#7761,1.);
#7761 = DIRECTION('',(0.,0.,1.));
#7762 = ORIENTED_EDGE('',*,*,#6951,.T.);
#7763 = ORIENTED_EDGE('',*,*,#7764,.T.);
#7764 = EDGE_CURVE('',#6954,#7765,#7767,.T.);
#7765 = VERTEX_POINT('',#7766);
#7766 = CARTESIAN_POINT('',(-0.32,-4.76,8.38));
#7767 = LINE('',#7768,#7769);
#7768 = CARTESIAN_POINT('',(-0.32,-4.76,-3.));
#7769 = VECTOR('',#7770,1.);
#7770 = DIRECTION('',(0.,0.,1.));
#7771 = ORIENTED_EDGE('',*,*,#7772,.T.);
#7772 = EDGE_CURVE('',#7765,#7756,#7773,.T.);
#7773 = LINE('',#7774,#7775);
#7774 = CARTESIAN_POINT('',(-0.32,-4.76,8.38));
#7775 = VECTOR('',#7776,1.);
#7776 = DIRECTION('',(1.,0.,0.));
#7777 = PLANE('',#7778);
#7778 = AXIS2_PLACEMENT_3D('',#7779,#7780,#7781);
#7779 = CARTESIAN_POINT('',(-0.32,-4.76,-3.));
#7780 = DIRECTION('',(0.,1.,0.));
#7781 = DIRECTION('',(0.,-0.,1.));
#7782 = ADVANCED_FACE('',(#7783),#7801,.F.);
#7783 = FACE_BOUND('',#7784,.F.);
#7784 = EDGE_LOOP('',(#7785,#7793,#7794,#7795));
#7785 = ORIENTED_EDGE('',*,*,#7786,.F.);
#7786 = EDGE_CURVE('',#6970,#7787,#7789,.T.);
#7787 = VERTEX_POINT('',#7788);
#7788 = CARTESIAN_POINT('',(-0.32,-5.4,8.38));
#7789 = LINE('',#7790,#7791);
#7790 = CARTESIAN_POINT('',(-0.32,-5.4,-3.));
#7791 = VECTOR('',#7792,1.);
#7792 = DIRECTION('',(0.,0.,1.));
#7793 = ORIENTED_EDGE('',*,*,#6977,.T.);
#7794 = ORIENTED_EDGE('',*,*,#7764,.T.);
#7795 = ORIENTED_EDGE('',*,*,#7796,.F.);
#7796 = EDGE_CURVE('',#7787,#7765,#7797,.T.);
#7797 = LINE('',#7798,#7799);
#7798 = CARTESIAN_POINT('',(-0.32,-5.4,8.38));
#7799 = VECTOR('',#7800,1.);
#7800 = DIRECTION('',(0.,1.,0.));
#7801 = PLANE('',#7802);
#7802 = AXIS2_PLACEMENT_3D('',#7803,#7804,#7805);
#7803 = CARTESIAN_POINT('',(-0.32,-5.4,-3.));
#7804 = DIRECTION('',(1.,0.,0.));
#7805 = DIRECTION('',(0.,0.,1.));
#7806 = ADVANCED_FACE('',(#7807),#7825,.F.);
#7807 = FACE_BOUND('',#7808,.F.);
#7808 = EDGE_LOOP('',(#7809,#7817,#7818,#7819));
#7809 = ORIENTED_EDGE('',*,*,#7810,.F.);
#7810 = EDGE_CURVE('',#6962,#7811,#7813,.T.);
#7811 = VERTEX_POINT('',#7812);
#7812 = CARTESIAN_POINT('',(0.32,-5.4,8.38));
#7813 = LINE('',#7814,#7815);
#7814 = CARTESIAN_POINT('',(0.32,-5.4,-3.));
#7815 = VECTOR('',#7816,1.);
#7816 = DIRECTION('',(0.,0.,1.));
#7817 = ORIENTED_EDGE('',*,*,#6969,.T.);
#7818 = ORIENTED_EDGE('',*,*,#7786,.T.);
#7819 = ORIENTED_EDGE('',*,*,#7820,.T.);
#7820 = EDGE_CURVE('',#7787,#7811,#7821,.T.);
#7821 = LINE('',#7822,#7823);
#7822 = CARTESIAN_POINT('',(-0.32,-5.4,8.38));
#7823 = VECTOR('',#7824,1.);
#7824 = DIRECTION('',(1.,0.,0.));
#7825 = PLANE('',#7826);
#7826 = AXIS2_PLACEMENT_3D('',#7827,#7828,#7829);
#7827 = CARTESIAN_POINT('',(-0.32,-5.4,-3.));
#7828 = DIRECTION('',(0.,1.,0.));
#7829 = DIRECTION('',(0.,-0.,1.));
#7830 = ADVANCED_FACE('',(#7831),#7842,.T.);
#7831 = FACE_BOUND('',#7832,.T.);
#7832 = EDGE_LOOP('',(#7833,#7834,#7835,#7836));
#7833 = ORIENTED_EDGE('',*,*,#7810,.F.);
#7834 = ORIENTED_EDGE('',*,*,#6961,.T.);
#7835 = ORIENTED_EDGE('',*,*,#7755,.T.);
#7836 = ORIENTED_EDGE('',*,*,#7837,.F.);
#7837 = EDGE_CURVE('',#7811,#7756,#7838,.T.);
#7838 = LINE('',#7839,#7840);
#7839 = CARTESIAN_POINT('',(0.32,-5.4,8.38));
#7840 = VECTOR('',#7841,1.);
#7841 = DIRECTION('',(0.,1.,0.));
#7842 = PLANE('',#7843);
#7843 = AXIS2_PLACEMENT_3D('',#7844,#7845,#7846);
#7844 = CARTESIAN_POINT('',(0.32,-5.4,-3.));
#7845 = DIRECTION('',(1.,0.,0.));
#7846 = DIRECTION('',(0.,0.,1.));
#7847 = ADVANCED_FACE('',(#7848),#7873,.F.);
#7848 = FACE_BOUND('',#7849,.F.);
#7849 = EDGE_LOOP('',(#7850,#7858,#7859,#7867));
#7850 = ORIENTED_EDGE('',*,*,#7851,.F.);
#7851 = EDGE_CURVE('',#7276,#7852,#7854,.T.);
#7852 = VERTEX_POINT('',#7853);
#7853 = CARTESIAN_POINT('',(0.16,-0.16,-3.));
#7854 = LINE('',#7855,#7856);
#7855 = CARTESIAN_POINT('',(0.16,-0.16,-3.));
#7856 = VECTOR('',#7857,1.);
#7857 = DIRECTION('',(-0.57735026919,0.57735026919,-0.57735026919));
#7858 = ORIENTED_EDGE('',*,*,#7283,.T.);
#7859 = ORIENTED_EDGE('',*,*,#7860,.T.);
#7860 = EDGE_CURVE('',#7284,#7861,#7863,.T.);
#7861 = VERTEX_POINT('',#7862);
#7862 = CARTESIAN_POINT('',(0.16,0.16,-3.));
#7863 = LINE('',#7864,#7865);
#7864 = CARTESIAN_POINT('',(5.333333333333E-02,5.333333333333E-02,
    -3.106666666667));
#7865 = VECTOR('',#7866,1.);
#7866 = DIRECTION('',(-0.57735026919,-0.57735026919,-0.57735026919));
#7867 = ORIENTED_EDGE('',*,*,#7868,.F.);
#7868 = EDGE_CURVE('',#7852,#7861,#7869,.T.);
#7869 = LINE('',#7870,#7871);
#7870 = CARTESIAN_POINT('',(0.16,-0.32,-3.));
#7871 = VECTOR('',#7872,1.);
#7872 = DIRECTION('',(0.,1.,0.));
#7873 = PLANE('',#7874);
#7874 = AXIS2_PLACEMENT_3D('',#7875,#7876,#7877);
#7875 = CARTESIAN_POINT('',(0.24,-0.32,-2.92));
#7876 = DIRECTION('',(-0.707106781187,1.735167508357E-18,0.707106781187)
  );
#7877 = DIRECTION('',(1.226948711654E-18,1.,-1.226948711654E-18));
#7878 = ADVANCED_FACE('',(#7879),#7897,.F.);
#7879 = FACE_BOUND('',#7880,.T.);
#7880 = EDGE_LOOP('',(#7881,#7889,#7890,#7891));
#7881 = ORIENTED_EDGE('',*,*,#7882,.F.);
#7882 = EDGE_CURVE('',#7308,#7883,#7885,.T.);
#7883 = VERTEX_POINT('',#7884);
#7884 = CARTESIAN_POINT('',(-0.16,0.16,-3.));
#7885 = LINE('',#7886,#7887);
#7886 = CARTESIAN_POINT('',(-0.16,0.16,-3.));
#7887 = VECTOR('',#7888,1.);
#7888 = DIRECTION('',(0.57735026919,-0.57735026919,-0.57735026919));
#7889 = ORIENTED_EDGE('',*,*,#7307,.T.);
#7890 = ORIENTED_EDGE('',*,*,#7860,.T.);
#7891 = ORIENTED_EDGE('',*,*,#7892,.F.);
#7892 = EDGE_CURVE('',#7883,#7861,#7893,.T.);
#7893 = LINE('',#7894,#7895);
#7894 = CARTESIAN_POINT('',(-0.32,0.16,-3.));
#7895 = VECTOR('',#7896,1.);
#7896 = DIRECTION('',(1.,0.,0.));
#7897 = PLANE('',#7898);
#7898 = AXIS2_PLACEMENT_3D('',#7899,#7900,#7901);
#7899 = CARTESIAN_POINT('',(-0.32,0.24,-2.92));
#7900 = DIRECTION('',(-1.735167508357E-18,-0.707106781187,0.707106781187
    ));
#7901 = DIRECTION('',(-1.,1.226948711654E-18,-1.226948711654E-18));
#7902 = ADVANCED_FACE('',(#7903),#7921,.T.);
#7903 = FACE_BOUND('',#7904,.T.);
#7904 = EDGE_LOOP('',(#7905,#7913,#7914,#7915));
#7905 = ORIENTED_EDGE('',*,*,#7906,.F.);
#7906 = EDGE_CURVE('',#7331,#7907,#7909,.T.);
#7907 = VERTEX_POINT('',#7908);
#7908 = CARTESIAN_POINT('',(-0.16,-0.16,-3.));
#7909 = LINE('',#7910,#7911);
#7910 = CARTESIAN_POINT('',(-0.266666666667,-0.266666666667,
    -2.893333333333));
#7911 = VECTOR('',#7912,1.);
#7912 = DIRECTION('',(0.57735026919,0.57735026919,-0.57735026919));
#7913 = ORIENTED_EDGE('',*,*,#7338,.T.);
#7914 = ORIENTED_EDGE('',*,*,#7882,.T.);
#7915 = ORIENTED_EDGE('',*,*,#7916,.F.);
#7916 = EDGE_CURVE('',#7907,#7883,#7917,.T.);
#7917 = LINE('',#7918,#7919);
#7918 = CARTESIAN_POINT('',(-0.16,-0.32,-3.));
#7919 = VECTOR('',#7920,1.);
#7920 = DIRECTION('',(0.,1.,0.));
#7921 = PLANE('',#7922);
#7922 = AXIS2_PLACEMENT_3D('',#7923,#7924,#7925);
#7923 = CARTESIAN_POINT('',(-0.24,-0.32,-2.92));
#7924 = DIRECTION('',(-0.707106781187,-1.735167508357E-18,
    -0.707106781187));
#7925 = DIRECTION('',(-1.226948711654E-18,1.,-1.226948711654E-18));
#7926 = ADVANCED_FACE('',(#7927),#7938,.T.);
#7927 = FACE_BOUND('',#7928,.F.);
#7928 = EDGE_LOOP('',(#7929,#7930,#7931,#7932));
#7929 = ORIENTED_EDGE('',*,*,#7906,.F.);
#7930 = ORIENTED_EDGE('',*,*,#7355,.T.);
#7931 = ORIENTED_EDGE('',*,*,#7851,.T.);
#7932 = ORIENTED_EDGE('',*,*,#7933,.F.);
#7933 = EDGE_CURVE('',#7907,#7852,#7934,.T.);
#7934 = LINE('',#7935,#7936);
#7935 = CARTESIAN_POINT('',(-0.32,-0.16,-3.));
#7936 = VECTOR('',#7937,1.);
#7937 = DIRECTION('',(1.,0.,0.));
#7938 = PLANE('',#7939);
#7939 = AXIS2_PLACEMENT_3D('',#7940,#7941,#7942);
#7940 = CARTESIAN_POINT('',(-0.32,-0.24,-2.92));
#7941 = DIRECTION('',(1.735167508357E-18,-0.707106781187,-0.707106781187
    ));
#7942 = DIRECTION('',(-1.,-1.226948711654E-18,-1.226948711654E-18));
#7943 = ADVANCED_FACE('',(#7944),#7969,.T.);
#7944 = FACE_BOUND('',#7945,.F.);
#7945 = EDGE_LOOP('',(#7946,#7954,#7955,#7963));
#7946 = ORIENTED_EDGE('',*,*,#7947,.F.);
#7947 = EDGE_CURVE('',#7380,#7948,#7950,.T.);
#7948 = VERTEX_POINT('',#7949);
#7949 = CARTESIAN_POINT('',(-0.16,-2.7,-3.));
#7950 = LINE('',#7951,#7952);
#7951 = CARTESIAN_POINT('',(-0.266666666667,-2.806666666667,
    -2.893333333333));
#7952 = VECTOR('',#7953,1.);
#7953 = DIRECTION('',(0.57735026919,0.57735026919,-0.57735026919));
#7954 = ORIENTED_EDGE('',*,*,#7379,.T.);
#7955 = ORIENTED_EDGE('',*,*,#7956,.T.);
#7956 = EDGE_CURVE('',#7372,#7957,#7959,.T.);
#7957 = VERTEX_POINT('',#7958);
#7958 = CARTESIAN_POINT('',(0.16,-2.7,-3.));
#7959 = LINE('',#7960,#7961);
#7960 = CARTESIAN_POINT('',(0.16,-2.7,-3.));
#7961 = VECTOR('',#7962,1.);
#7962 = DIRECTION('',(-0.57735026919,0.57735026919,-0.57735026919));
#7963 = ORIENTED_EDGE('',*,*,#7964,.F.);
#7964 = EDGE_CURVE('',#7948,#7957,#7965,.T.);
#7965 = LINE('',#7966,#7967);
#7966 = CARTESIAN_POINT('',(-0.32,-2.7,-3.));
#7967 = VECTOR('',#7968,1.);
#7968 = DIRECTION('',(1.,0.,0.));
#7969 = PLANE('',#7970);
#7970 = AXIS2_PLACEMENT_3D('',#7971,#7972,#7973);
#7971 = CARTESIAN_POINT('',(-0.32,-2.78,-2.92));
#7972 = DIRECTION('',(1.735167508357E-18,-0.707106781187,-0.707106781187
    ));
#7973 = DIRECTION('',(-1.,-1.226948711654E-18,-1.226948711654E-18));
#7974 = ADVANCED_FACE('',(#7975),#7993,.F.);
#7975 = FACE_BOUND('',#7976,.F.);
#7976 = EDGE_LOOP('',(#7977,#7978,#7979,#7987));
#7977 = ORIENTED_EDGE('',*,*,#7956,.F.);
#7978 = ORIENTED_EDGE('',*,*,#7403,.T.);
#7979 = ORIENTED_EDGE('',*,*,#7980,.T.);
#7980 = EDGE_CURVE('',#7404,#7981,#7983,.T.);
#7981 = VERTEX_POINT('',#7982);
#7982 = CARTESIAN_POINT('',(0.16,-2.38,-3.));
#7983 = LINE('',#7984,#7985);
#7984 = CARTESIAN_POINT('',(5.333333333333E-02,-2.486666666667,
    -3.106666666667));
#7985 = VECTOR('',#7986,1.);
#7986 = DIRECTION('',(-0.57735026919,-0.57735026919,-0.57735026919));
#7987 = ORIENTED_EDGE('',*,*,#7988,.F.);
#7988 = EDGE_CURVE('',#7957,#7981,#7989,.T.);
#7989 = LINE('',#7990,#7991);
#7990 = CARTESIAN_POINT('',(0.16,-2.86,-3.));
#7991 = VECTOR('',#7992,1.);
#7992 = DIRECTION('',(0.,1.,0.));
#7993 = PLANE('',#7994);
#7994 = AXIS2_PLACEMENT_3D('',#7995,#7996,#7997);
#7995 = CARTESIAN_POINT('',(0.24,-2.86,-2.92));
#7996 = DIRECTION('',(-0.707106781187,1.735167508357E-18,0.707106781187)
  );
#7997 = DIRECTION('',(1.226948711654E-18,1.,-1.226948711654E-18));
#7998 = ADVANCED_FACE('',(#7999),#8017,.F.);
#7999 = FACE_BOUND('',#8000,.T.);
#8000 = EDGE_LOOP('',(#8001,#8009,#8010,#8011));
#8001 = ORIENTED_EDGE('',*,*,#8002,.F.);
#8002 = EDGE_CURVE('',#7428,#8003,#8005,.T.);
#8003 = VERTEX_POINT('',#8004);
#8004 = CARTESIAN_POINT('',(-0.16,-2.38,-3.));
#8005 = LINE('',#8006,#8007);
#8006 = CARTESIAN_POINT('',(-0.16,-2.38,-3.));
#8007 = VECTOR('',#8008,1.);
#8008 = DIRECTION('',(0.57735026919,-0.57735026919,-0.57735026919));
#8009 = ORIENTED_EDGE('',*,*,#7427,.T.);
#8010 = ORIENTED_EDGE('',*,*,#7980,.T.);
#8011 = ORIENTED_EDGE('',*,*,#8012,.F.);
#8012 = EDGE_CURVE('',#8003,#7981,#8013,.T.);
#8013 = LINE('',#8014,#8015);
#8014 = CARTESIAN_POINT('',(-0.32,-2.38,-3.));
#8015 = VECTOR('',#8016,1.);
#8016 = DIRECTION('',(1.,0.,0.));
#8017 = PLANE('',#8018);
#8018 = AXIS2_PLACEMENT_3D('',#8019,#8020,#8021);
#8019 = CARTESIAN_POINT('',(-0.32,-2.3,-2.92));
#8020 = DIRECTION('',(-1.735167508357E-18,-0.707106781187,0.707106781187
    ));
#8021 = DIRECTION('',(-1.,1.226948711654E-18,-1.226948711654E-18));
#8022 = ADVANCED_FACE('',(#8023),#8034,.T.);
#8023 = FACE_BOUND('',#8024,.T.);
#8024 = EDGE_LOOP('',(#8025,#8026,#8027,#8028));
#8025 = ORIENTED_EDGE('',*,*,#7947,.F.);
#8026 = ORIENTED_EDGE('',*,*,#7451,.T.);
#8027 = ORIENTED_EDGE('',*,*,#8002,.T.);
#8028 = ORIENTED_EDGE('',*,*,#8029,.F.);
#8029 = EDGE_CURVE('',#7948,#8003,#8030,.T.);
#8030 = LINE('',#8031,#8032);
#8031 = CARTESIAN_POINT('',(-0.16,-2.86,-3.));
#8032 = VECTOR('',#8033,1.);
#8033 = DIRECTION('',(0.,1.,0.));
#8034 = PLANE('',#8035);
#8035 = AXIS2_PLACEMENT_3D('',#8036,#8037,#8038);
#8036 = CARTESIAN_POINT('',(-0.24,-2.86,-2.92));
#8037 = DIRECTION('',(-0.707106781187,-1.735167508357E-18,
    -0.707106781187));
#8038 = DIRECTION('',(-1.226948711654E-18,1.,-1.226948711654E-18));
#8039 = ADVANCED_FACE('',(#8040),#8065,.F.);
#8040 = FACE_BOUND('',#8041,.T.);
#8041 = EDGE_LOOP('',(#8042,#8050,#8051,#8059));
#8042 = ORIENTED_EDGE('',*,*,#8043,.F.);
#8043 = EDGE_CURVE('',#7476,#8044,#8046,.T.);
#8044 = VERTEX_POINT('',#8045);
#8045 = CARTESIAN_POINT('',(-0.16,-4.92,-3.));
#8046 = LINE('',#8047,#8048);
#8047 = CARTESIAN_POINT('',(-0.16,-4.92,-3.));
#8048 = VECTOR('',#8049,1.);
#8049 = DIRECTION('',(0.57735026919,-0.57735026919,-0.57735026919));
#8050 = ORIENTED_EDGE('',*,*,#7475,.T.);
#8051 = ORIENTED_EDGE('',*,*,#8052,.T.);
#8052 = EDGE_CURVE('',#7468,#8053,#8055,.T.);
#8053 = VERTEX_POINT('',#8054);
#8054 = CARTESIAN_POINT('',(0.16,-4.92,-3.));
#8055 = LINE('',#8056,#8057);
#8056 = CARTESIAN_POINT('',(5.333333333333E-02,-5.026666666667,
    -3.106666666667));
#8057 = VECTOR('',#8058,1.);
#8058 = DIRECTION('',(-0.57735026919,-0.57735026919,-0.57735026919));
#8059 = ORIENTED_EDGE('',*,*,#8060,.F.);
#8060 = EDGE_CURVE('',#8044,#8053,#8061,.T.);
#8061 = LINE('',#8062,#8063);
#8062 = CARTESIAN_POINT('',(-0.32,-4.92,-3.));
#8063 = VECTOR('',#8064,1.);
#8064 = DIRECTION('',(1.,0.,0.));
#8065 = PLANE('',#8066);
#8066 = AXIS2_PLACEMENT_3D('',#8067,#8068,#8069);
#8067 = CARTESIAN_POINT('',(-0.32,-4.84,-2.92));
#8068 = DIRECTION('',(-1.735167508357E-18,-0.707106781187,0.707106781187
    ));
#8069 = DIRECTION('',(-1.,1.226948711654E-18,-1.226948711654E-18));
#8070 = ADVANCED_FACE('',(#8071),#8089,.T.);
#8071 = FACE_BOUND('',#8072,.T.);
#8072 = EDGE_LOOP('',(#8073,#8081,#8082,#8083));
#8073 = ORIENTED_EDGE('',*,*,#8074,.F.);
#8074 = EDGE_CURVE('',#7499,#8075,#8077,.T.);
#8075 = VERTEX_POINT('',#8076);
#8076 = CARTESIAN_POINT('',(-0.16,-5.24,-3.));
#8077 = LINE('',#8078,#8079);
#8078 = CARTESIAN_POINT('',(-0.266666666667,-5.346666666667,
    -2.893333333333));
#8079 = VECTOR('',#8080,1.);
#8080 = DIRECTION('',(0.57735026919,0.57735026919,-0.57735026919));
#8081 = ORIENTED_EDGE('',*,*,#7506,.T.);
#8082 = ORIENTED_EDGE('',*,*,#8043,.T.);
#8083 = ORIENTED_EDGE('',*,*,#8084,.F.);
#8084 = EDGE_CURVE('',#8075,#8044,#8085,.T.);
#8085 = LINE('',#8086,#8087);
#8086 = CARTESIAN_POINT('',(-0.16,-5.4,-3.));
#8087 = VECTOR('',#8088,1.);
#8088 = DIRECTION('',(0.,1.,0.));
#8089 = PLANE('',#8090);
#8090 = AXIS2_PLACEMENT_3D('',#8091,#8092,#8093);
#8091 = CARTESIAN_POINT('',(-0.24,-5.4,-2.92));
#8092 = DIRECTION('',(-0.707106781187,-1.735167508357E-18,
    -0.707106781187));
#8093 = DIRECTION('',(-1.226948711654E-18,1.,-1.226948711654E-18));
#8094 = ADVANCED_FACE('',(#8095),#8113,.T.);
#8095 = FACE_BOUND('',#8096,.F.);
#8096 = EDGE_LOOP('',(#8097,#8098,#8099,#8107));
#8097 = ORIENTED_EDGE('',*,*,#8074,.F.);
#8098 = ORIENTED_EDGE('',*,*,#7530,.T.);
#8099 = ORIENTED_EDGE('',*,*,#8100,.T.);
#8100 = EDGE_CURVE('',#7523,#8101,#8103,.T.);
#8101 = VERTEX_POINT('',#8102);
#8102 = CARTESIAN_POINT('',(0.16,-5.24,-3.));
#8103 = LINE('',#8104,#8105);
#8104 = CARTESIAN_POINT('',(0.16,-5.24,-3.));
#8105 = VECTOR('',#8106,1.);
#8106 = DIRECTION('',(-0.57735026919,0.57735026919,-0.57735026919));
#8107 = ORIENTED_EDGE('',*,*,#8108,.F.);
#8108 = EDGE_CURVE('',#8075,#8101,#8109,.T.);
#8109 = LINE('',#8110,#8111);
#8110 = CARTESIAN_POINT('',(-0.32,-5.24,-3.));
#8111 = VECTOR('',#8112,1.);
#8112 = DIRECTION('',(1.,0.,0.));
#8113 = PLANE('',#8114);
#8114 = AXIS2_PLACEMENT_3D('',#8115,#8116,#8117);
#8115 = CARTESIAN_POINT('',(-0.32,-5.32,-2.92));
#8116 = DIRECTION('',(1.735167508357E-18,-0.707106781187,-0.707106781187
    ));
#8117 = DIRECTION('',(-1.,-1.226948711654E-18,-1.226948711654E-18));
#8118 = ADVANCED_FACE('',(#8119),#8130,.F.);
#8119 = FACE_BOUND('',#8120,.F.);
#8120 = EDGE_LOOP('',(#8121,#8122,#8123,#8124));
#8121 = ORIENTED_EDGE('',*,*,#8100,.F.);
#8122 = ORIENTED_EDGE('',*,*,#7547,.T.);
#8123 = ORIENTED_EDGE('',*,*,#8052,.T.);
#8124 = ORIENTED_EDGE('',*,*,#8125,.F.);
#8125 = EDGE_CURVE('',#8101,#8053,#8126,.T.);
#8126 = LINE('',#8127,#8128);
#8127 = CARTESIAN_POINT('',(0.16,-5.4,-3.));
#8128 = VECTOR('',#8129,1.);
#8129 = DIRECTION('',(0.,1.,0.));
#8130 = PLANE('',#8131);
#8131 = AXIS2_PLACEMENT_3D('',#8132,#8133,#8134);
#8132 = CARTESIAN_POINT('',(0.24,-5.4,-2.92));
#8133 = DIRECTION('',(-0.707106781187,1.735167508357E-18,0.707106781187)
  );
#8134 = DIRECTION('',(1.226948711654E-18,1.,-1.226948711654E-18));
#8135 = ADVANCED_FACE('',(#8136),#8161,.T.);
#8136 = FACE_BOUND('',#8137,.T.);
#8137 = EDGE_LOOP('',(#8138,#8146,#8147,#8155));
#8138 = ORIENTED_EDGE('',*,*,#8139,.F.);
#8139 = EDGE_CURVE('',#7564,#8140,#8142,.T.);
#8140 = VERTEX_POINT('',#8141);
#8141 = CARTESIAN_POINT('',(0.16,-0.16,8.54));
#8142 = LINE('',#8143,#8144);
#8143 = CARTESIAN_POINT('',(0.16,-0.16,8.54));
#8144 = VECTOR('',#8145,1.);
#8145 = DIRECTION('',(-0.57735026919,0.57735026919,0.57735026919));
#8146 = ORIENTED_EDGE('',*,*,#7580,.T.);
#8147 = ORIENTED_EDGE('',*,*,#8148,.T.);
#8148 = EDGE_CURVE('',#7573,#8149,#8151,.T.);
#8149 = VERTEX_POINT('',#8150);
#8150 = CARTESIAN_POINT('',(0.16,0.16,8.54));
#8151 = LINE('',#8152,#8153);
#8152 = CARTESIAN_POINT('',(5.333333333333E-02,5.333333333333E-02,
    8.646666666667));
#8153 = VECTOR('',#8154,1.);
#8154 = DIRECTION('',(-0.57735026919,-0.57735026919,0.57735026919));
#8155 = ORIENTED_EDGE('',*,*,#8156,.F.);
#8156 = EDGE_CURVE('',#8140,#8149,#8157,.T.);
#8157 = LINE('',#8158,#8159);
#8158 = CARTESIAN_POINT('',(0.16,-0.32,8.54));
#8159 = VECTOR('',#8160,1.);
#8160 = DIRECTION('',(0.,1.,0.));
#8161 = PLANE('',#8162);
#8162 = AXIS2_PLACEMENT_3D('',#8163,#8164,#8165);
#8163 = CARTESIAN_POINT('',(0.24,-0.32,8.46));
#8164 = DIRECTION('',(0.707106781187,-1.735167508357E-18,0.707106781187)
  );
#8165 = DIRECTION('',(1.226948711654E-18,1.,1.226948711654E-18));
#8166 = ADVANCED_FACE('',(#8167),#8185,.T.);
#8167 = FACE_BOUND('',#8168,.F.);
#8168 = EDGE_LOOP('',(#8169,#8177,#8178,#8179));
#8169 = ORIENTED_EDGE('',*,*,#8170,.F.);
#8170 = EDGE_CURVE('',#7597,#8171,#8173,.T.);
#8171 = VERTEX_POINT('',#8172);
#8172 = CARTESIAN_POINT('',(-0.16,0.16,8.54));
#8173 = LINE('',#8174,#8175);
#8174 = CARTESIAN_POINT('',(-0.16,0.16,8.54));
#8175 = VECTOR('',#8176,1.);
#8176 = DIRECTION('',(0.57735026919,-0.57735026919,0.57735026919));
#8177 = ORIENTED_EDGE('',*,*,#7604,.T.);
#8178 = ORIENTED_EDGE('',*,*,#8148,.T.);
#8179 = ORIENTED_EDGE('',*,*,#8180,.F.);
#8180 = EDGE_CURVE('',#8171,#8149,#8181,.T.);
#8181 = LINE('',#8182,#8183);
#8182 = CARTESIAN_POINT('',(-0.32,0.16,8.54));
#8183 = VECTOR('',#8184,1.);
#8184 = DIRECTION('',(1.,0.,0.));
#8185 = PLANE('',#8186);
#8186 = AXIS2_PLACEMENT_3D('',#8187,#8188,#8189);
#8187 = CARTESIAN_POINT('',(-0.32,0.24,8.46));
#8188 = DIRECTION('',(1.735167508357E-18,0.707106781187,0.707106781187)
  );
#8189 = DIRECTION('',(-1.,1.226948711654E-18,1.226948711654E-18));
#8190 = ADVANCED_FACE('',(#8191),#8209,.F.);
#8191 = FACE_BOUND('',#8192,.F.);
#8192 = EDGE_LOOP('',(#8193,#8201,#8202,#8203));
#8193 = ORIENTED_EDGE('',*,*,#8194,.F.);
#8194 = EDGE_CURVE('',#7619,#8195,#8197,.T.);
#8195 = VERTEX_POINT('',#8196);
#8196 = CARTESIAN_POINT('',(-0.16,-0.16,8.54));
#8197 = LINE('',#8198,#8199);
#8198 = CARTESIAN_POINT('',(-0.266666666667,-0.266666666667,
    8.433333333333));
#8199 = VECTOR('',#8200,1.);
#8200 = DIRECTION('',(0.57735026919,0.57735026919,0.57735026919));
#8201 = ORIENTED_EDGE('',*,*,#7628,.T.);
#8202 = ORIENTED_EDGE('',*,*,#8170,.T.);
#8203 = ORIENTED_EDGE('',*,*,#8204,.F.);
#8204 = EDGE_CURVE('',#8195,#8171,#8205,.T.);
#8205 = LINE('',#8206,#8207);
#8206 = CARTESIAN_POINT('',(-0.16,-0.32,8.54));
#8207 = VECTOR('',#8208,1.);
#8208 = DIRECTION('',(0.,1.,0.));
#8209 = PLANE('',#8210);
#8210 = AXIS2_PLACEMENT_3D('',#8211,#8212,#8213);
#8211 = CARTESIAN_POINT('',(-0.24,-0.32,8.46));
#8212 = DIRECTION('',(0.707106781187,1.735167508357E-18,-0.707106781187)
  );
#8213 = DIRECTION('',(-1.226948711654E-18,1.,1.226948711654E-18));
#8214 = ADVANCED_FACE('',(#8215),#8226,.F.);
#8215 = FACE_BOUND('',#8216,.T.);
#8216 = EDGE_LOOP('',(#8217,#8218,#8219,#8220));
#8217 = ORIENTED_EDGE('',*,*,#8194,.F.);
#8218 = ORIENTED_EDGE('',*,*,#7645,.T.);
#8219 = ORIENTED_EDGE('',*,*,#8139,.T.);
#8220 = ORIENTED_EDGE('',*,*,#8221,.F.);
#8221 = EDGE_CURVE('',#8195,#8140,#8222,.T.);
#8222 = LINE('',#8223,#8224);
#8223 = CARTESIAN_POINT('',(-0.32,-0.16,8.54));
#8224 = VECTOR('',#8225,1.);
#8225 = DIRECTION('',(1.,0.,0.));
#8226 = PLANE('',#8227);
#8227 = AXIS2_PLACEMENT_3D('',#8228,#8229,#8230);
#8228 = CARTESIAN_POINT('',(-0.32,-0.24,8.46));
#8229 = DIRECTION('',(-1.735167508357E-18,0.707106781187,-0.707106781187
    ));
#8230 = DIRECTION('',(-1.,-1.226948711654E-18,1.226948711654E-18));
#8231 = ADVANCED_FACE('',(#8232),#8257,.F.);
#8232 = FACE_BOUND('',#8233,.T.);
#8233 = EDGE_LOOP('',(#8234,#8242,#8243,#8251));
#8234 = ORIENTED_EDGE('',*,*,#8235,.F.);
#8235 = EDGE_CURVE('',#7669,#8236,#8238,.T.);
#8236 = VERTEX_POINT('',#8237);
#8237 = CARTESIAN_POINT('',(-0.16,-2.7,8.54));
#8238 = LINE('',#8239,#8240);
#8239 = CARTESIAN_POINT('',(-0.266666666667,-2.806666666667,
    8.433333333333));
#8240 = VECTOR('',#8241,1.);
#8241 = DIRECTION('',(0.57735026919,0.57735026919,0.57735026919));
#8242 = ORIENTED_EDGE('',*,*,#7676,.T.);
#8243 = ORIENTED_EDGE('',*,*,#8244,.T.);
#8244 = EDGE_CURVE('',#7660,#8245,#8247,.T.);
#8245 = VERTEX_POINT('',#8246);
#8246 = CARTESIAN_POINT('',(0.16,-2.7,8.54));
#8247 = LINE('',#8248,#8249);
#8248 = CARTESIAN_POINT('',(0.16,-2.7,8.54));
#8249 = VECTOR('',#8250,1.);
#8250 = DIRECTION('',(-0.57735026919,0.57735026919,0.57735026919));
#8251 = ORIENTED_EDGE('',*,*,#8252,.F.);
#8252 = EDGE_CURVE('',#8236,#8245,#8253,.T.);
#8253 = LINE('',#8254,#8255);
#8254 = CARTESIAN_POINT('',(-0.32,-2.7,8.54));
#8255 = VECTOR('',#8256,1.);
#8256 = DIRECTION('',(1.,0.,0.));
#8257 = PLANE('',#8258);
#8258 = AXIS2_PLACEMENT_3D('',#8259,#8260,#8261);
#8259 = CARTESIAN_POINT('',(-0.32,-2.78,8.46));
#8260 = DIRECTION('',(-1.735167508357E-18,0.707106781187,-0.707106781187
    ));
#8261 = DIRECTION('',(-1.,-1.226948711654E-18,1.226948711654E-18));
#8262 = ADVANCED_FACE('',(#8263),#8281,.T.);
#8263 = FACE_BOUND('',#8264,.T.);
#8264 = EDGE_LOOP('',(#8265,#8266,#8267,#8275));
#8265 = ORIENTED_EDGE('',*,*,#8244,.F.);
#8266 = ORIENTED_EDGE('',*,*,#7700,.T.);
#8267 = ORIENTED_EDGE('',*,*,#8268,.T.);
#8268 = EDGE_CURVE('',#7693,#8269,#8271,.T.);
#8269 = VERTEX_POINT('',#8270);
#8270 = CARTESIAN_POINT('',(0.16,-2.38,8.54));
#8271 = LINE('',#8272,#8273);
#8272 = CARTESIAN_POINT('',(5.333333333333E-02,-2.486666666667,
    8.646666666667));
#8273 = VECTOR('',#8274,1.);
#8274 = DIRECTION('',(-0.57735026919,-0.57735026919,0.57735026919));
#8275 = ORIENTED_EDGE('',*,*,#8276,.F.);
#8276 = EDGE_CURVE('',#8245,#8269,#8277,.T.);
#8277 = LINE('',#8278,#8279);
#8278 = CARTESIAN_POINT('',(0.16,-2.86,8.54));
#8279 = VECTOR('',#8280,1.);
#8280 = DIRECTION('',(0.,1.,0.));
#8281 = PLANE('',#8282);
#8282 = AXIS2_PLACEMENT_3D('',#8283,#8284,#8285);
#8283 = CARTESIAN_POINT('',(0.24,-2.86,8.46));
#8284 = DIRECTION('',(0.707106781187,-1.735167508357E-18,0.707106781187)
  );
#8285 = DIRECTION('',(1.226948711654E-18,1.,1.226948711654E-18));
#8286 = ADVANCED_FACE('',(#8287),#8305,.T.);
#8287 = FACE_BOUND('',#8288,.F.);
#8288 = EDGE_LOOP('',(#8289,#8297,#8298,#8299));
#8289 = ORIENTED_EDGE('',*,*,#8290,.F.);
#8290 = EDGE_CURVE('',#7717,#8291,#8293,.T.);
#8291 = VERTEX_POINT('',#8292);
#8292 = CARTESIAN_POINT('',(-0.16,-2.38,8.54));
#8293 = LINE('',#8294,#8295);
#8294 = CARTESIAN_POINT('',(-0.16,-2.38,8.54));
#8295 = VECTOR('',#8296,1.);
#8296 = DIRECTION('',(0.57735026919,-0.57735026919,0.57735026919));
#8297 = ORIENTED_EDGE('',*,*,#7724,.T.);
#8298 = ORIENTED_EDGE('',*,*,#8268,.T.);
#8299 = ORIENTED_EDGE('',*,*,#8300,.F.);
#8300 = EDGE_CURVE('',#8291,#8269,#8301,.T.);
#8301 = LINE('',#8302,#8303);
#8302 = CARTESIAN_POINT('',(-0.32,-2.38,8.54));
#8303 = VECTOR('',#8304,1.);
#8304 = DIRECTION('',(1.,0.,0.));
#8305 = PLANE('',#8306);
#8306 = AXIS2_PLACEMENT_3D('',#8307,#8308,#8309);
#8307 = CARTESIAN_POINT('',(-0.32,-2.3,8.46));
#8308 = DIRECTION('',(1.735167508357E-18,0.707106781187,0.707106781187)
  );
#8309 = DIRECTION('',(-1.,1.226948711654E-18,1.226948711654E-18));
#8310 = ADVANCED_FACE('',(#8311),#8322,.F.);
#8311 = FACE_BOUND('',#8312,.F.);
#8312 = EDGE_LOOP('',(#8313,#8314,#8315,#8316));
#8313 = ORIENTED_EDGE('',*,*,#8235,.F.);
#8314 = ORIENTED_EDGE('',*,*,#7741,.T.);
#8315 = ORIENTED_EDGE('',*,*,#8290,.T.);
#8316 = ORIENTED_EDGE('',*,*,#8317,.F.);
#8317 = EDGE_CURVE('',#8236,#8291,#8318,.T.);
#8318 = LINE('',#8319,#8320);
#8319 = CARTESIAN_POINT('',(-0.16,-2.86,8.54));
#8320 = VECTOR('',#8321,1.);
#8321 = DIRECTION('',(0.,1.,0.));
#8322 = PLANE('',#8323);
#8323 = AXIS2_PLACEMENT_3D('',#8324,#8325,#8326);
#8324 = CARTESIAN_POINT('',(-0.24,-2.86,8.46));
#8325 = DIRECTION('',(0.707106781187,1.735167508357E-18,-0.707106781187)
  );
#8326 = DIRECTION('',(-1.226948711654E-18,1.,1.226948711654E-18));
#8327 = ADVANCED_FACE('',(#8328),#8353,.T.);
#8328 = FACE_BOUND('',#8329,.F.);
#8329 = EDGE_LOOP('',(#8330,#8338,#8339,#8347));
#8330 = ORIENTED_EDGE('',*,*,#8331,.F.);
#8331 = EDGE_CURVE('',#7765,#8332,#8334,.T.);
#8332 = VERTEX_POINT('',#8333);
#8333 = CARTESIAN_POINT('',(-0.16,-4.92,8.54));
#8334 = LINE('',#8335,#8336);
#8335 = CARTESIAN_POINT('',(-0.16,-4.92,8.54));
#8336 = VECTOR('',#8337,1.);
#8337 = DIRECTION('',(0.57735026919,-0.57735026919,0.57735026919));
#8338 = ORIENTED_EDGE('',*,*,#7772,.T.);
#8339 = ORIENTED_EDGE('',*,*,#8340,.T.);
#8340 = EDGE_CURVE('',#7756,#8341,#8343,.T.);
#8341 = VERTEX_POINT('',#8342);
#8342 = CARTESIAN_POINT('',(0.16,-4.92,8.54));
#8343 = LINE('',#8344,#8345);
#8344 = CARTESIAN_POINT('',(5.333333333333E-02,-5.026666666667,
    8.646666666667));
#8345 = VECTOR('',#8346,1.);
#8346 = DIRECTION('',(-0.57735026919,-0.57735026919,0.57735026919));
#8347 = ORIENTED_EDGE('',*,*,#8348,.F.);
#8348 = EDGE_CURVE('',#8332,#8341,#8349,.T.);
#8349 = LINE('',#8350,#8351);
#8350 = CARTESIAN_POINT('',(-0.32,-4.92,8.54));
#8351 = VECTOR('',#8352,1.);
#8352 = DIRECTION('',(1.,0.,0.));
#8353 = PLANE('',#8354);
#8354 = AXIS2_PLACEMENT_3D('',#8355,#8356,#8357);
#8355 = CARTESIAN_POINT('',(-0.32,-4.84,8.46));
#8356 = DIRECTION('',(1.735167508357E-18,0.707106781187,0.707106781187)
  );
#8357 = DIRECTION('',(-1.,1.226948711654E-18,1.226948711654E-18));
#8358 = ADVANCED_FACE('',(#8359),#8377,.F.);
#8359 = FACE_BOUND('',#8360,.F.);
#8360 = EDGE_LOOP('',(#8361,#8369,#8370,#8371));
#8361 = ORIENTED_EDGE('',*,*,#8362,.F.);
#8362 = EDGE_CURVE('',#7787,#8363,#8365,.T.);
#8363 = VERTEX_POINT('',#8364);
#8364 = CARTESIAN_POINT('',(-0.16,-5.24,8.54));
#8365 = LINE('',#8366,#8367);
#8366 = CARTESIAN_POINT('',(-0.266666666667,-5.346666666667,
    8.433333333333));
#8367 = VECTOR('',#8368,1.);
#8368 = DIRECTION('',(0.57735026919,0.57735026919,0.57735026919));
#8369 = ORIENTED_EDGE('',*,*,#7796,.T.);
#8370 = ORIENTED_EDGE('',*,*,#8331,.T.);
#8371 = ORIENTED_EDGE('',*,*,#8372,.F.);
#8372 = EDGE_CURVE('',#8363,#8332,#8373,.T.);
#8373 = LINE('',#8374,#8375);
#8374 = CARTESIAN_POINT('',(-0.16,-5.4,8.54));
#8375 = VECTOR('',#8376,1.);
#8376 = DIRECTION('',(0.,1.,0.));
#8377 = PLANE('',#8378);
#8378 = AXIS2_PLACEMENT_3D('',#8379,#8380,#8381);
#8379 = CARTESIAN_POINT('',(-0.24,-5.4,8.46));
#8380 = DIRECTION('',(0.707106781187,1.735167508357E-18,-0.707106781187)
  );
#8381 = DIRECTION('',(-1.226948711654E-18,1.,1.226948711654E-18));
#8382 = ADVANCED_FACE('',(#8383),#8401,.F.);
#8383 = FACE_BOUND('',#8384,.T.);
#8384 = EDGE_LOOP('',(#8385,#8386,#8387,#8395));
#8385 = ORIENTED_EDGE('',*,*,#8362,.F.);
#8386 = ORIENTED_EDGE('',*,*,#7820,.T.);
#8387 = ORIENTED_EDGE('',*,*,#8388,.T.);
#8388 = EDGE_CURVE('',#7811,#8389,#8391,.T.);
#8389 = VERTEX_POINT('',#8390);
#8390 = CARTESIAN_POINT('',(0.16,-5.24,8.54));
#8391 = LINE('',#8392,#8393);
#8392 = CARTESIAN_POINT('',(0.16,-5.24,8.54));
#8393 = VECTOR('',#8394,1.);
#8394 = DIRECTION('',(-0.57735026919,0.57735026919,0.57735026919));
#8395 = ORIENTED_EDGE('',*,*,#8396,.F.);
#8396 = EDGE_CURVE('',#8363,#8389,#8397,.T.);
#8397 = LINE('',#8398,#8399);
#8398 = CARTESIAN_POINT('',(-0.32,-5.24,8.54));
#8399 = VECTOR('',#8400,1.);
#8400 = DIRECTION('',(1.,0.,0.));
#8401 = PLANE('',#8402);
#8402 = AXIS2_PLACEMENT_3D('',#8403,#8404,#8405);
#8403 = CARTESIAN_POINT('',(-0.32,-5.32,8.46));
#8404 = DIRECTION('',(-1.735167508357E-18,0.707106781187,-0.707106781187
    ));
#8405 = DIRECTION('',(-1.,-1.226948711654E-18,1.226948711654E-18));
#8406 = ADVANCED_FACE('',(#8407),#8418,.T.);
#8407 = FACE_BOUND('',#8408,.T.);
#8408 = EDGE_LOOP('',(#8409,#8410,#8411,#8412));
#8409 = ORIENTED_EDGE('',*,*,#8388,.F.);
#8410 = ORIENTED_EDGE('',*,*,#7837,.T.);
#8411 = ORIENTED_EDGE('',*,*,#8340,.T.);
#8412 = ORIENTED_EDGE('',*,*,#8413,.F.);
#8413 = EDGE_CURVE('',#8389,#8341,#8414,.T.);
#8414 = LINE('',#8415,#8416);
#8415 = CARTESIAN_POINT('',(0.16,-5.4,8.54));
#8416 = VECTOR('',#8417,1.);
#8417 = DIRECTION('',(0.,1.,0.));
#8418 = PLANE('',#8419);
#8419 = AXIS2_PLACEMENT_3D('',#8420,#8421,#8422);
#8420 = CARTESIAN_POINT('',(0.24,-5.4,8.46));
#8421 = DIRECTION('',(0.707106781187,-1.735167508357E-18,0.707106781187)
  );
#8422 = DIRECTION('',(1.226948711654E-18,1.,1.226948711654E-18));
#8423 = ADVANCED_FACE('',(#8424),#8430,.F.);
#8424 = FACE_BOUND('',#8425,.F.);
#8425 = EDGE_LOOP('',(#8426,#8427,#8428,#8429));
#8426 = ORIENTED_EDGE('',*,*,#7892,.F.);
#8427 = ORIENTED_EDGE('',*,*,#7916,.F.);
#8428 = ORIENTED_EDGE('',*,*,#7933,.T.);
#8429 = ORIENTED_EDGE('',*,*,#7868,.T.);
#8430 = PLANE('',#8431);
#8431 = AXIS2_PLACEMENT_3D('',#8432,#8433,#8434);
#8432 = CARTESIAN_POINT('',(-0.32,-0.32,-3.));
#8433 = DIRECTION('',(0.,0.,1.));
#8434 = DIRECTION('',(1.,0.,-0.));
#8435 = ADVANCED_FACE('',(#8436),#8442,.F.);
#8436 = FACE_BOUND('',#8437,.F.);
#8437 = EDGE_LOOP('',(#8438,#8439,#8440,#8441));
#8438 = ORIENTED_EDGE('',*,*,#8012,.F.);
#8439 = ORIENTED_EDGE('',*,*,#8029,.F.);
#8440 = ORIENTED_EDGE('',*,*,#7964,.T.);
#8441 = ORIENTED_EDGE('',*,*,#7988,.T.);
#8442 = PLANE('',#8443);
#8443 = AXIS2_PLACEMENT_3D('',#8444,#8445,#8446);
#8444 = CARTESIAN_POINT('',(-0.32,-2.86,-3.));
#8445 = DIRECTION('',(0.,0.,1.));
#8446 = DIRECTION('',(1.,0.,-0.));
#8447 = ADVANCED_FACE('',(#8448),#8454,.F.);
#8448 = FACE_BOUND('',#8449,.F.);
#8449 = EDGE_LOOP('',(#8450,#8451,#8452,#8453));
#8450 = ORIENTED_EDGE('',*,*,#8060,.F.);
#8451 = ORIENTED_EDGE('',*,*,#8084,.F.);
#8452 = ORIENTED_EDGE('',*,*,#8108,.T.);
#8453 = ORIENTED_EDGE('',*,*,#8125,.T.);
#8454 = PLANE('',#8455);
#8455 = AXIS2_PLACEMENT_3D('',#8456,#8457,#8458);
#8456 = CARTESIAN_POINT('',(-0.32,-5.4,-3.));
#8457 = DIRECTION('',(0.,0.,1.));
#8458 = DIRECTION('',(1.,0.,-0.));
#8459 = ADVANCED_FACE('',(#8460),#8466,.T.);
#8460 = FACE_BOUND('',#8461,.T.);
#8461 = EDGE_LOOP('',(#8462,#8463,#8464,#8465));
#8462 = ORIENTED_EDGE('',*,*,#8221,.T.);
#8463 = ORIENTED_EDGE('',*,*,#8156,.T.);
#8464 = ORIENTED_EDGE('',*,*,#8180,.F.);
#8465 = ORIENTED_EDGE('',*,*,#8204,.F.);
#8466 = PLANE('',#8467);
#8467 = AXIS2_PLACEMENT_3D('',#8468,#8469,#8470);
#8468 = CARTESIAN_POINT('',(-0.32,-0.32,8.54));
#8469 = DIRECTION('',(0.,0.,1.));
#8470 = DIRECTION('',(1.,0.,-0.));
#8471 = ADVANCED_FACE('',(#8472),#8478,.T.);
#8472 = FACE_BOUND('',#8473,.T.);
#8473 = EDGE_LOOP('',(#8474,#8475,#8476,#8477));
#8474 = ORIENTED_EDGE('',*,*,#8252,.T.);
#8475 = ORIENTED_EDGE('',*,*,#8276,.T.);
#8476 = ORIENTED_EDGE('',*,*,#8300,.F.);
#8477 = ORIENTED_EDGE('',*,*,#8317,.F.);
#8478 = PLANE('',#8479);
#8479 = AXIS2_PLACEMENT_3D('',#8480,#8481,#8482);
#8480 = CARTESIAN_POINT('',(-0.32,-2.86,8.54));
#8481 = DIRECTION('',(0.,0.,1.));
#8482 = DIRECTION('',(1.,0.,-0.));
#8483 = ADVANCED_FACE('',(#8484),#8490,.T.);
#8484 = FACE_BOUND('',#8485,.T.);
#8485 = EDGE_LOOP('',(#8486,#8487,#8488,#8489));
#8486 = ORIENTED_EDGE('',*,*,#8396,.T.);
#8487 = ORIENTED_EDGE('',*,*,#8413,.T.);
#8488 = ORIENTED_EDGE('',*,*,#8348,.F.);
#8489 = ORIENTED_EDGE('',*,*,#8372,.F.);
#8490 = PLANE('',#8491);
#8491 = AXIS2_PLACEMENT_3D('',#8492,#8493,#8494);
#8492 = CARTESIAN_POINT('',(-0.32,-5.4,8.54));
#8493 = DIRECTION('',(0.,0.,1.));
#8494 = DIRECTION('',(1.,0.,-0.));
#8495 = ( GEOMETRIC_REPRESENTATION_CONTEXT(3) 
GLOBAL_UNCERTAINTY_ASSIGNED_CONTEXT((#8499)) 
GLOBAL_UNIT_ASSIGNED_CONTEXT((#8496,#8497,#8498)) REPRESENTATION_CONTEXT
('Context #1','3D Context with UNIT and UNCERTAINTY') );
#8496 = ( LENGTH_UNIT() NAMED_UNIT(*) SI_UNIT(.MILLI.,.METRE.) );
#8497 = ( NAMED_UNIT(*) PLANE_ANGLE_UNIT() SI_UNIT($,.RADIAN.) );
#8498 = ( NAMED_UNIT(*) SI_UNIT($,.STERADIAN.) SOLID_ANGLE_UNIT() );
#8499 = UNCERTAINTY_MEASURE_WITH_UNIT(LENGTH_MEASURE(1.E-07),#8496,
  'distance_accuracy_value','confusion accuracy');
#8500 = CONTEXT_DEPENDENT_SHAPE_REPRESENTATION(#8501,#8503);
#8501 = ( REPRESENTATION_RELATIONSHIP('','',#6388,#10) 
REPRESENTATION_RELATIONSHIP_WITH_TRANSFORMATION(#8502) 
SHAPE_REPRESENTATION_RELATIONSHIP() );
#8502 = ITEM_DEFINED_TRANSFORMATION('','',#11,#27);
#8503 = PRODUCT_DEFINITION_SHAPE('Placement','Placement of an item',
  #8504);
#8504 = NEXT_ASSEMBLY_USAGE_OCCURRENCE('7','SW2','',#5,#6383,$);
#8505 = PRODUCT_RELATED_PRODUCT_CATEGORY('part',$,(#6385));
#8506 = SHAPE_DEFINITION_REPRESENTATION(#8507,#8513);
#8507 = PRODUCT_DEFINITION_SHAPE('','',#8508);
#8508 = PRODUCT_DEFINITION('design','',#8509,#8512);
#8509 = PRODUCT_DEFINITION_FORMATION('','',#8510);
#8510 = PRODUCT('R_0805_2012Metric','R_0805_2012Metric','',(#8511));
#8511 = PRODUCT_CONTEXT('',#2,'mechanical');
#8512 = PRODUCT_DEFINITION_CONTEXT('part definition',#2,'design');
#8513 = ADVANCED_BREP_SHAPE_REPRESENTATION('',(#11,#8514),#9304);
#8514 = MANIFOLD_SOLID_BREP('',#8515);
#8515 = CLOSED_SHELL('',(#8516,#8556,#8639,#8664,#8689,#8756,#8773,#8790
    ,#8839,#8856,#8873,#8922,#8939,#9008,#9039,#9063,#9132,#9156,#9173,
    #9190,#9207,#9224,#9241,#9258,#9275,#9292));
#8516 = ADVANCED_FACE('',(#8517),#8551,.F.);
#8517 = FACE_BOUND('',#8518,.F.);
#8518 = EDGE_LOOP('',(#8519,#8529,#8537,#8545));
#8519 = ORIENTED_EDGE('',*,*,#8520,.F.);
#8520 = EDGE_CURVE('',#8521,#8523,#8525,.T.);
#8521 = VERTEX_POINT('',#8522);
#8522 = CARTESIAN_POINT('',(-1.,-0.6,4.5E-02));
#8523 = VERTEX_POINT('',#8524);
#8524 = CARTESIAN_POINT('',(-1.,-0.6,0.405));
#8525 = LINE('',#8526,#8527);
#8526 = CARTESIAN_POINT('',(-1.,-0.6,0.));
#8527 = VECTOR('',#8528,1.);
#8528 = DIRECTION('',(0.,0.,1.));
#8529 = ORIENTED_EDGE('',*,*,#8530,.T.);
#8530 = EDGE_CURVE('',#8521,#8531,#8533,.T.);
#8531 = VERTEX_POINT('',#8532);
#8532 = CARTESIAN_POINT('',(-1.,0.6,4.5E-02));
#8533 = LINE('',#8534,#8535);
#8534 = CARTESIAN_POINT('',(-1.,-0.6,4.5E-02));
#8535 = VECTOR('',#8536,1.);
#8536 = DIRECTION('',(0.,1.,0.));
#8537 = ORIENTED_EDGE('',*,*,#8538,.T.);
#8538 = EDGE_CURVE('',#8531,#8539,#8541,.T.);
#8539 = VERTEX_POINT('',#8540);
#8540 = CARTESIAN_POINT('',(-1.,0.6,0.405));
#8541 = LINE('',#8542,#8543);
#8542 = CARTESIAN_POINT('',(-1.,0.6,0.));
#8543 = VECTOR('',#8544,1.);
#8544 = DIRECTION('',(0.,0.,1.));
#8545 = ORIENTED_EDGE('',*,*,#8546,.F.);
#8546 = EDGE_CURVE('',#8523,#8539,#8547,.T.);
#8547 = LINE('',#8548,#8549);
#8548 = CARTESIAN_POINT('',(-1.,-0.6,0.405));
#8549 = VECTOR('',#8550,1.);
#8550 = DIRECTION('',(0.,1.,0.));
#8551 = PLANE('',#8552);
#8552 = AXIS2_PLACEMENT_3D('',#8553,#8554,#8555);
#8553 = CARTESIAN_POINT('',(-1.,-0.6,0.));
#8554 = DIRECTION('',(1.,0.,0.));
#8555 = DIRECTION('',(0.,0.,1.));
#8556 = ADVANCED_FACE('',(#8557),#8634,.F.);
#8557 = FACE_BOUND('',#8558,.F.);
#8558 = EDGE_LOOP('',(#8559,#8569,#8576,#8577,#8586,#8594,#8603,#8611,
    #8619,#8627));
#8559 = ORIENTED_EDGE('',*,*,#8560,.F.);
#8560 = EDGE_CURVE('',#8561,#8563,#8565,.T.);
#8561 = VERTEX_POINT('',#8562);
#8562 = CARTESIAN_POINT('',(-0.955,-0.6,-2.775557561563E-17));
#8563 = VERTEX_POINT('',#8564);
#8564 = CARTESIAN_POINT('',(-0.745,-0.6,-2.775557561563E-17));
#8565 = LINE('',#8566,#8567);
#8566 = CARTESIAN_POINT('',(-1.,-0.6,0.));
#8567 = VECTOR('',#8568,1.);
#8568 = DIRECTION('',(1.,0.,0.));
#8569 = ORIENTED_EDGE('',*,*,#8570,.F.);
#8570 = EDGE_CURVE('',#8521,#8561,#8571,.T.);
#8571 = CIRCLE('',#8572,4.5E-02);
#8572 = AXIS2_PLACEMENT_3D('',#8573,#8574,#8575);
#8573 = CARTESIAN_POINT('',(-0.955,-0.6,4.5E-02));
#8574 = DIRECTION('',(0.,-1.,0.));
#8575 = DIRECTION('',(0.,0.,1.));
#8576 = ORIENTED_EDGE('',*,*,#8520,.T.);
#8577 = ORIENTED_EDGE('',*,*,#8578,.T.);
#8578 = EDGE_CURVE('',#8523,#8579,#8581,.T.);
#8579 = VERTEX_POINT('',#8580);
#8580 = CARTESIAN_POINT('',(-0.955,-0.6,0.45));
#8581 = CIRCLE('',#8582,4.5E-02);
#8582 = AXIS2_PLACEMENT_3D('',#8583,#8584,#8585);
#8583 = CARTESIAN_POINT('',(-0.955,-0.6,0.405));
#8584 = DIRECTION('',(0.,1.,0.));
#8585 = DIRECTION('',(0.,-0.,1.));
#8586 = ORIENTED_EDGE('',*,*,#8587,.T.);
#8587 = EDGE_CURVE('',#8579,#8588,#8590,.T.);
#8588 = VERTEX_POINT('',#8589);
#8589 = CARTESIAN_POINT('',(-0.745,-0.6,0.45));
#8590 = LINE('',#8591,#8592);
#8591 = CARTESIAN_POINT('',(-1.,-0.6,0.45));
#8592 = VECTOR('',#8593,1.);
#8593 = DIRECTION('',(1.,0.,0.));
#8594 = ORIENTED_EDGE('',*,*,#8595,.F.);
#8595 = EDGE_CURVE('',#8596,#8588,#8598,.T.);
#8596 = VERTEX_POINT('',#8597);
#8597 = CARTESIAN_POINT('',(-0.7,-0.6,0.405));
#8598 = CIRCLE('',#8599,4.5E-02);
#8599 = AXIS2_PLACEMENT_3D('',#8600,#8601,#8602);
#8600 = CARTESIAN_POINT('',(-0.745,-0.6,0.405));
#8601 = DIRECTION('',(0.,-1.,0.));
#8602 = DIRECTION('',(0.,0.,1.));
#8603 = ORIENTED_EDGE('',*,*,#8604,.F.);
#8604 = EDGE_CURVE('',#8605,#8596,#8607,.T.);
#8605 = VERTEX_POINT('',#8606);
#8606 = CARTESIAN_POINT('',(-0.955,-0.6,0.405));
#8607 = LINE('',#8608,#8609);
#8608 = CARTESIAN_POINT('',(-0.955,-0.6,0.405));
#8609 = VECTOR('',#8610,1.);
#8610 = DIRECTION('',(1.,0.,0.));
#8611 = ORIENTED_EDGE('',*,*,#8612,.F.);
#8612 = EDGE_CURVE('',#8613,#8605,#8615,.T.);
#8613 = VERTEX_POINT('',#8614);
#8614 = CARTESIAN_POINT('',(-0.955,-0.6,4.5E-02));
#8615 = LINE('',#8616,#8617);
#8616 = CARTESIAN_POINT('',(-0.955,-0.6,4.5E-02));
#8617 = VECTOR('',#8618,1.);
#8618 = DIRECTION('',(0.,0.,1.));
#8619 = ORIENTED_EDGE('',*,*,#8620,.T.);
#8620 = EDGE_CURVE('',#8613,#8621,#8623,.T.);
#8621 = VERTEX_POINT('',#8622);
#8622 = CARTESIAN_POINT('',(-0.7,-0.6,4.5E-02));
#8623 = LINE('',#8624,#8625);
#8624 = CARTESIAN_POINT('',(-0.955,-0.6,4.5E-02));
#8625 = VECTOR('',#8626,1.);
#8626 = DIRECTION('',(1.,0.,0.));
#8627 = ORIENTED_EDGE('',*,*,#8628,.T.);
#8628 = EDGE_CURVE('',#8621,#8563,#8629,.T.);
#8629 = CIRCLE('',#8630,4.5E-02);
#8630 = AXIS2_PLACEMENT_3D('',#8631,#8632,#8633);
#8631 = CARTESIAN_POINT('',(-0.745,-0.6,4.5E-02));
#8632 = DIRECTION('',(0.,1.,0.));
#8633 = DIRECTION('',(0.,-0.,1.));
#8634 = PLANE('',#8635);
#8635 = AXIS2_PLACEMENT_3D('',#8636,#8637,#8638);
#8636 = CARTESIAN_POINT('',(-1.,-0.6,0.));
#8637 = DIRECTION('',(0.,1.,0.));
#8638 = DIRECTION('',(0.,-0.,1.));
#8639 = ADVANCED_FACE('',(#8640),#8659,.T.);
#8640 = FACE_BOUND('',#8641,.T.);
#8641 = EDGE_LOOP('',(#8642,#8643,#8652,#8658));
#8642 = ORIENTED_EDGE('',*,*,#8530,.T.);
#8643 = ORIENTED_EDGE('',*,*,#8644,.T.);
#8644 = EDGE_CURVE('',#8531,#8645,#8647,.T.);
#8645 = VERTEX_POINT('',#8646);
#8646 = CARTESIAN_POINT('',(-0.955,0.6,-2.775557561563E-17));
#8647 = CIRCLE('',#8648,4.5E-02);
#8648 = AXIS2_PLACEMENT_3D('',#8649,#8650,#8651);
#8649 = CARTESIAN_POINT('',(-0.955,0.6,4.5E-02));
#8650 = DIRECTION('',(0.,-1.,0.));
#8651 = DIRECTION('',(0.,0.,1.));
#8652 = ORIENTED_EDGE('',*,*,#8653,.F.);
#8653 = EDGE_CURVE('',#8561,#8645,#8654,.T.);
#8654 = LINE('',#8655,#8656);
#8655 = CARTESIAN_POINT('',(-0.955,-0.6,-2.775557561563E-17));
#8656 = VECTOR('',#8657,1.);
#8657 = DIRECTION('',(0.,1.,0.));
#8658 = ORIENTED_EDGE('',*,*,#8570,.F.);
#8659 = CYLINDRICAL_SURFACE('',#8660,4.5E-02);
#8660 = AXIS2_PLACEMENT_3D('',#8661,#8662,#8663);
#8661 = CARTESIAN_POINT('',(-0.955,-0.6,4.5E-02));
#8662 = DIRECTION('',(0.,1.,0.));
#8663 = DIRECTION('',(-1.,0.,0.));
#8664 = ADVANCED_FACE('',(#8665),#8684,.T.);
#8665 = FACE_BOUND('',#8666,.T.);
#8666 = EDGE_LOOP('',(#8667,#8668,#8676,#8683));
#8667 = ORIENTED_EDGE('',*,*,#8578,.T.);
#8668 = ORIENTED_EDGE('',*,*,#8669,.T.);
#8669 = EDGE_CURVE('',#8579,#8670,#8672,.T.);
#8670 = VERTEX_POINT('',#8671);
#8671 = CARTESIAN_POINT('',(-0.955,0.6,0.45));
#8672 = LINE('',#8673,#8674);
#8673 = CARTESIAN_POINT('',(-0.955,-0.6,0.45));
#8674 = VECTOR('',#8675,1.);
#8675 = DIRECTION('',(0.,1.,0.));
#8676 = ORIENTED_EDGE('',*,*,#8677,.F.);
#8677 = EDGE_CURVE('',#8539,#8670,#8678,.T.);
#8678 = CIRCLE('',#8679,4.5E-02);
#8679 = AXIS2_PLACEMENT_3D('',#8680,#8681,#8682);
#8680 = CARTESIAN_POINT('',(-0.955,0.6,0.405));
#8681 = DIRECTION('',(0.,1.,0.));
#8682 = DIRECTION('',(0.,-0.,1.));
#8683 = ORIENTED_EDGE('',*,*,#8546,.F.);
#8684 = CYLINDRICAL_SURFACE('',#8685,4.5E-02);
#8685 = AXIS2_PLACEMENT_3D('',#8686,#8687,#8688);
#8686 = CARTESIAN_POINT('',(-0.955,-0.6,0.405));
#8687 = DIRECTION('',(0.,1.,0.));
#8688 = DIRECTION('',(-1.,0.,0.));
#8689 = ADVANCED_FACE('',(#8690),#8751,.T.);
#8690 = FACE_BOUND('',#8691,.T.);
#8691 = EDGE_LOOP('',(#8692,#8700,#8701,#8702,#8703,#8711,#8720,#8728,
    #8736,#8744));
#8692 = ORIENTED_EDGE('',*,*,#8693,.F.);
#8693 = EDGE_CURVE('',#8645,#8694,#8696,.T.);
#8694 = VERTEX_POINT('',#8695);
#8695 = CARTESIAN_POINT('',(-0.745,0.6,-2.775557561563E-17));
#8696 = LINE('',#8697,#8698);
#8697 = CARTESIAN_POINT('',(-1.,0.6,0.));
#8698 = VECTOR('',#8699,1.);
#8699 = DIRECTION('',(1.,0.,0.));
#8700 = ORIENTED_EDGE('',*,*,#8644,.F.);
#8701 = ORIENTED_EDGE('',*,*,#8538,.T.);
#8702 = ORIENTED_EDGE('',*,*,#8677,.T.);
#8703 = ORIENTED_EDGE('',*,*,#8704,.T.);
#8704 = EDGE_CURVE('',#8670,#8705,#8707,.T.);
#8705 = VERTEX_POINT('',#8706);
#8706 = CARTESIAN_POINT('',(-0.745,0.6,0.45));
#8707 = LINE('',#8708,#8709);
#8708 = CARTESIAN_POINT('',(-1.,0.6,0.45));
#8709 = VECTOR('',#8710,1.);
#8710 = DIRECTION('',(1.,0.,0.));
#8711 = ORIENTED_EDGE('',*,*,#8712,.F.);
#8712 = EDGE_CURVE('',#8713,#8705,#8715,.T.);
#8713 = VERTEX_POINT('',#8714);
#8714 = CARTESIAN_POINT('',(-0.7,0.6,0.405));
#8715 = CIRCLE('',#8716,4.5E-02);
#8716 = AXIS2_PLACEMENT_3D('',#8717,#8718,#8719);
#8717 = CARTESIAN_POINT('',(-0.745,0.6,0.405));
#8718 = DIRECTION('',(0.,-1.,0.));
#8719 = DIRECTION('',(0.,0.,1.));
#8720 = ORIENTED_EDGE('',*,*,#8721,.F.);
#8721 = EDGE_CURVE('',#8722,#8713,#8724,.T.);
#8722 = VERTEX_POINT('',#8723);
#8723 = CARTESIAN_POINT('',(-0.955,0.6,0.405));
#8724 = LINE('',#8725,#8726);
#8725 = CARTESIAN_POINT('',(-0.955,0.6,0.405));
#8726 = VECTOR('',#8727,1.);
#8727 = DIRECTION('',(1.,0.,0.));
#8728 = ORIENTED_EDGE('',*,*,#8729,.F.);
#8729 = EDGE_CURVE('',#8730,#8722,#8732,.T.);
#8730 = VERTEX_POINT('',#8731);
#8731 = CARTESIAN_POINT('',(-0.955,0.6,4.5E-02));
#8732 = LINE('',#8733,#8734);
#8733 = CARTESIAN_POINT('',(-0.955,0.6,4.5E-02));
#8734 = VECTOR('',#8735,1.);
#8735 = DIRECTION('',(0.,0.,1.));
#8736 = ORIENTED_EDGE('',*,*,#8737,.T.);
#8737 = EDGE_CURVE('',#8730,#8738,#8740,.T.);
#8738 = VERTEX_POINT('',#8739);
#8739 = CARTESIAN_POINT('',(-0.7,0.6,4.5E-02));
#8740 = LINE('',#8741,#8742);
#8741 = CARTESIAN_POINT('',(-0.955,0.6,4.5E-02));
#8742 = VECTOR('',#8743,1.);
#8743 = DIRECTION('',(1.,0.,0.));
#8744 = ORIENTED_EDGE('',*,*,#8745,.T.);
#8745 = EDGE_CURVE('',#8738,#8694,#8746,.T.);
#8746 = CIRCLE('',#8747,4.5E-02);
#8747 = AXIS2_PLACEMENT_3D('',#8748,#8749,#8750);
#8748 = CARTESIAN_POINT('',(-0.745,0.6,4.5E-02));
#8749 = DIRECTION('',(0.,1.,0.));
#8750 = DIRECTION('',(0.,-0.,1.));
#8751 = PLANE('',#8752);
#8752 = AXIS2_PLACEMENT_3D('',#8753,#8754,#8755);
#8753 = CARTESIAN_POINT('',(-1.,0.6,0.));
#8754 = DIRECTION('',(0.,1.,0.));
#8755 = DIRECTION('',(0.,-0.,1.));
#8756 = ADVANCED_FACE('',(#8757),#8768,.F.);
#8757 = FACE_BOUND('',#8758,.F.);
#8758 = EDGE_LOOP('',(#8759,#8760,#8761,#8762));
#8759 = ORIENTED_EDGE('',*,*,#8693,.F.);
#8760 = ORIENTED_EDGE('',*,*,#8653,.F.);
#8761 = ORIENTED_EDGE('',*,*,#8560,.T.);
#8762 = ORIENTED_EDGE('',*,*,#8763,.T.);
#8763 = EDGE_CURVE('',#8563,#8694,#8764,.T.);
#8764 = LINE('',#8765,#8766);
#8765 = CARTESIAN_POINT('',(-0.745,-0.6,-2.775557561563E-17));
#8766 = VECTOR('',#8767,1.);
#8767 = DIRECTION('',(0.,1.,0.));
#8768 = PLANE('',#8769);
#8769 = AXIS2_PLACEMENT_3D('',#8770,#8771,#8772);
#8770 = CARTESIAN_POINT('',(-1.,-0.6,0.));
#8771 = DIRECTION('',(0.,0.,1.));
#8772 = DIRECTION('',(1.,0.,-0.));
#8773 = ADVANCED_FACE('',(#8774),#8785,.T.);
#8774 = FACE_BOUND('',#8775,.T.);
#8775 = EDGE_LOOP('',(#8776,#8777,#8778,#8779));
#8776 = ORIENTED_EDGE('',*,*,#8628,.T.);
#8777 = ORIENTED_EDGE('',*,*,#8763,.T.);
#8778 = ORIENTED_EDGE('',*,*,#8745,.F.);
#8779 = ORIENTED_EDGE('',*,*,#8780,.F.);
#8780 = EDGE_CURVE('',#8621,#8738,#8781,.T.);
#8781 = LINE('',#8782,#8783);
#8782 = CARTESIAN_POINT('',(-0.7,-0.6,4.5E-02));
#8783 = VECTOR('',#8784,1.);
#8784 = DIRECTION('',(0.,1.,0.));
#8785 = CYLINDRICAL_SURFACE('',#8786,4.5E-02);
#8786 = AXIS2_PLACEMENT_3D('',#8787,#8788,#8789);
#8787 = CARTESIAN_POINT('',(-0.745,-0.6,4.5E-02));
#8788 = DIRECTION('',(0.,1.,0.));
#8789 = DIRECTION('',(1.,0.,0.));
#8790 = ADVANCED_FACE('',(#8791),#8834,.F.);
#8791 = FACE_BOUND('',#8792,.F.);
#8792 = EDGE_LOOP('',(#8793,#8794,#8795,#8796,#8804,#8812,#8820,#8828));
#8793 = ORIENTED_EDGE('',*,*,#8620,.F.);
#8794 = ORIENTED_EDGE('',*,*,#8612,.T.);
#8795 = ORIENTED_EDGE('',*,*,#8604,.T.);
#8796 = ORIENTED_EDGE('',*,*,#8797,.T.);
#8797 = EDGE_CURVE('',#8596,#8798,#8800,.T.);
#8798 = VERTEX_POINT('',#8799);
#8799 = CARTESIAN_POINT('',(0.7,-0.6,0.405));
#8800 = LINE('',#8801,#8802);
#8801 = CARTESIAN_POINT('',(-0.7,-0.6,0.405));
#8802 = VECTOR('',#8803,1.);
#8803 = DIRECTION('',(1.,0.,0.));
#8804 = ORIENTED_EDGE('',*,*,#8805,.T.);
#8805 = EDGE_CURVE('',#8798,#8806,#8808,.T.);
#8806 = VERTEX_POINT('',#8807);
#8807 = CARTESIAN_POINT('',(0.955,-0.6,0.405));
#8808 = LINE('',#8809,#8810);
#8809 = CARTESIAN_POINT('',(-0.955,-0.6,0.405));
#8810 = VECTOR('',#8811,1.);
#8811 = DIRECTION('',(1.,0.,0.));
#8812 = ORIENTED_EDGE('',*,*,#8813,.F.);
#8813 = EDGE_CURVE('',#8814,#8806,#8816,.T.);
#8814 = VERTEX_POINT('',#8815);
#8815 = CARTESIAN_POINT('',(0.955,-0.6,4.5E-02));
#8816 = LINE('',#8817,#8818);
#8817 = CARTESIAN_POINT('',(0.955,-0.6,4.5E-02));
#8818 = VECTOR('',#8819,1.);
#8819 = DIRECTION('',(0.,0.,1.));
#8820 = ORIENTED_EDGE('',*,*,#8821,.F.);
#8821 = EDGE_CURVE('',#8822,#8814,#8824,.T.);
#8822 = VERTEX_POINT('',#8823);
#8823 = CARTESIAN_POINT('',(0.7,-0.6,4.5E-02));
#8824 = LINE('',#8825,#8826);
#8825 = CARTESIAN_POINT('',(-0.955,-0.6,4.5E-02));
#8826 = VECTOR('',#8827,1.);
#8827 = DIRECTION('',(1.,0.,0.));
#8828 = ORIENTED_EDGE('',*,*,#8829,.F.);
#8829 = EDGE_CURVE('',#8621,#8822,#8830,.T.);
#8830 = LINE('',#8831,#8832);
#8831 = CARTESIAN_POINT('',(-0.955,-0.6,4.5E-02));
#8832 = VECTOR('',#8833,1.);
#8833 = DIRECTION('',(1.,0.,0.));
#8834 = PLANE('',#8835);
#8835 = AXIS2_PLACEMENT_3D('',#8836,#8837,#8838);
#8836 = CARTESIAN_POINT('',(-0.955,-0.6,4.5E-02));
#8837 = DIRECTION('',(0.,1.,0.));
#8838 = DIRECTION('',(0.,-0.,1.));
#8839 = ADVANCED_FACE('',(#8840),#8851,.T.);
#8840 = FACE_BOUND('',#8841,.T.);
#8841 = EDGE_LOOP('',(#8842,#8843,#8844,#8845));
#8842 = ORIENTED_EDGE('',*,*,#8704,.F.);
#8843 = ORIENTED_EDGE('',*,*,#8669,.F.);
#8844 = ORIENTED_EDGE('',*,*,#8587,.T.);
#8845 = ORIENTED_EDGE('',*,*,#8846,.T.);
#8846 = EDGE_CURVE('',#8588,#8705,#8847,.T.);
#8847 = LINE('',#8848,#8849);
#8848 = CARTESIAN_POINT('',(-0.745,-0.6,0.45));
#8849 = VECTOR('',#8850,1.);
#8850 = DIRECTION('',(0.,1.,0.));
#8851 = PLANE('',#8852);
#8852 = AXIS2_PLACEMENT_3D('',#8853,#8854,#8855);
#8853 = CARTESIAN_POINT('',(-1.,-0.6,0.45));
#8854 = DIRECTION('',(0.,0.,1.));
#8855 = DIRECTION('',(1.,0.,-0.));
#8856 = ADVANCED_FACE('',(#8857),#8868,.T.);
#8857 = FACE_BOUND('',#8858,.T.);
#8858 = EDGE_LOOP('',(#8859,#8865,#8866,#8867));
#8859 = ORIENTED_EDGE('',*,*,#8860,.T.);
#8860 = EDGE_CURVE('',#8596,#8713,#8861,.T.);
#8861 = LINE('',#8862,#8863);
#8862 = CARTESIAN_POINT('',(-0.7,-0.6,0.405));
#8863 = VECTOR('',#8864,1.);
#8864 = DIRECTION('',(0.,1.,0.));
#8865 = ORIENTED_EDGE('',*,*,#8712,.T.);
#8866 = ORIENTED_EDGE('',*,*,#8846,.F.);
#8867 = ORIENTED_EDGE('',*,*,#8595,.F.);
#8868 = CYLINDRICAL_SURFACE('',#8869,4.5E-02);
#8869 = AXIS2_PLACEMENT_3D('',#8870,#8871,#8872);
#8870 = CARTESIAN_POINT('',(-0.745,-0.6,0.405));
#8871 = DIRECTION('',(0.,1.,0.));
#8872 = DIRECTION('',(1.,0.,0.));
#8873 = ADVANCED_FACE('',(#8874),#8917,.T.);
#8874 = FACE_BOUND('',#8875,.T.);
#8875 = EDGE_LOOP('',(#8876,#8877,#8878,#8879,#8887,#8895,#8903,#8911));
#8876 = ORIENTED_EDGE('',*,*,#8737,.F.);
#8877 = ORIENTED_EDGE('',*,*,#8729,.T.);
#8878 = ORIENTED_EDGE('',*,*,#8721,.T.);
#8879 = ORIENTED_EDGE('',*,*,#8880,.T.);
#8880 = EDGE_CURVE('',#8713,#8881,#8883,.T.);
#8881 = VERTEX_POINT('',#8882);
#8882 = CARTESIAN_POINT('',(0.7,0.6,0.405));
#8883 = LINE('',#8884,#8885);
#8884 = CARTESIAN_POINT('',(-0.7,0.6,0.405));
#8885 = VECTOR('',#8886,1.);
#8886 = DIRECTION('',(1.,0.,0.));
#8887 = ORIENTED_EDGE('',*,*,#8888,.T.);
#8888 = EDGE_CURVE('',#8881,#8889,#8891,.T.);
#8889 = VERTEX_POINT('',#8890);
#8890 = CARTESIAN_POINT('',(0.955,0.6,0.405));
#8891 = LINE('',#8892,#8893);
#8892 = CARTESIAN_POINT('',(-0.955,0.6,0.405));
#8893 = VECTOR('',#8894,1.);
#8894 = DIRECTION('',(1.,0.,0.));
#8895 = ORIENTED_EDGE('',*,*,#8896,.F.);
#8896 = EDGE_CURVE('',#8897,#8889,#8899,.T.);
#8897 = VERTEX_POINT('',#8898);
#8898 = CARTESIAN_POINT('',(0.955,0.6,4.5E-02));
#8899 = LINE('',#8900,#8901);
#8900 = CARTESIAN_POINT('',(0.955,0.6,4.5E-02));
#8901 = VECTOR('',#8902,1.);
#8902 = DIRECTION('',(0.,0.,1.));
#8903 = ORIENTED_EDGE('',*,*,#8904,.F.);
#8904 = EDGE_CURVE('',#8905,#8897,#8907,.T.);
#8905 = VERTEX_POINT('',#8906);
#8906 = CARTESIAN_POINT('',(0.7,0.6,4.5E-02));
#8907 = LINE('',#8908,#8909);
#8908 = CARTESIAN_POINT('',(-0.955,0.6,4.5E-02));
#8909 = VECTOR('',#8910,1.);
#8910 = DIRECTION('',(1.,0.,0.));
#8911 = ORIENTED_EDGE('',*,*,#8912,.F.);
#8912 = EDGE_CURVE('',#8738,#8905,#8913,.T.);
#8913 = LINE('',#8914,#8915);
#8914 = CARTESIAN_POINT('',(-0.955,0.6,4.5E-02));
#8915 = VECTOR('',#8916,1.);
#8916 = DIRECTION('',(1.,0.,0.));
#8917 = PLANE('',#8918);
#8918 = AXIS2_PLACEMENT_3D('',#8919,#8920,#8921);
#8919 = CARTESIAN_POINT('',(-0.955,0.6,4.5E-02));
#8920 = DIRECTION('',(0.,1.,0.));
#8921 = DIRECTION('',(0.,-0.,1.));
#8922 = ADVANCED_FACE('',(#8923),#8934,.F.);
#8923 = FACE_BOUND('',#8924,.F.);
#8924 = EDGE_LOOP('',(#8925,#8926,#8927,#8933));
#8925 = ORIENTED_EDGE('',*,*,#8780,.F.);
#8926 = ORIENTED_EDGE('',*,*,#8829,.T.);
#8927 = ORIENTED_EDGE('',*,*,#8928,.T.);
#8928 = EDGE_CURVE('',#8822,#8905,#8929,.T.);
#8929 = LINE('',#8930,#8931);
#8930 = CARTESIAN_POINT('',(0.7,-0.6,4.5E-02));
#8931 = VECTOR('',#8932,1.);
#8932 = DIRECTION('',(0.,1.,0.));
#8933 = ORIENTED_EDGE('',*,*,#8912,.F.);
#8934 = PLANE('',#8935);
#8935 = AXIS2_PLACEMENT_3D('',#8936,#8937,#8938);
#8936 = CARTESIAN_POINT('',(-0.955,-0.6,4.5E-02));
#8937 = DIRECTION('',(0.,0.,1.));
#8938 = DIRECTION('',(1.,0.,-0.));
#8939 = ADVANCED_FACE('',(#8940),#9003,.F.);
#8940 = FACE_BOUND('',#8941,.F.);
#8941 = EDGE_LOOP('',(#8942,#8952,#8959,#8960,#8961,#8962,#8971,#8979,
    #8988,#8996));
#8942 = ORIENTED_EDGE('',*,*,#8943,.F.);
#8943 = EDGE_CURVE('',#8944,#8946,#8948,.T.);
#8944 = VERTEX_POINT('',#8945);
#8945 = CARTESIAN_POINT('',(0.745,-0.6,-2.775557561563E-17));
#8946 = VERTEX_POINT('',#8947);
#8947 = CARTESIAN_POINT('',(0.955,-0.6,-2.775557561563E-17));
#8948 = LINE('',#8949,#8950);
#8949 = CARTESIAN_POINT('',(0.7,-0.6,0.));
#8950 = VECTOR('',#8951,1.);
#8951 = DIRECTION('',(1.,0.,0.));
#8952 = ORIENTED_EDGE('',*,*,#8953,.F.);
#8953 = EDGE_CURVE('',#8822,#8944,#8954,.T.);
#8954 = CIRCLE('',#8955,4.5E-02);
#8955 = AXIS2_PLACEMENT_3D('',#8956,#8957,#8958);
#8956 = CARTESIAN_POINT('',(0.745,-0.6,4.5E-02));
#8957 = DIRECTION('',(0.,-1.,0.));
#8958 = DIRECTION('',(0.,0.,1.));
#8959 = ORIENTED_EDGE('',*,*,#8821,.T.);
#8960 = ORIENTED_EDGE('',*,*,#8813,.T.);
#8961 = ORIENTED_EDGE('',*,*,#8805,.F.);
#8962 = ORIENTED_EDGE('',*,*,#8963,.T.);
#8963 = EDGE_CURVE('',#8798,#8964,#8966,.T.);
#8964 = VERTEX_POINT('',#8965);
#8965 = CARTESIAN_POINT('',(0.745,-0.6,0.45));
#8966 = CIRCLE('',#8967,4.5E-02);
#8967 = AXIS2_PLACEMENT_3D('',#8968,#8969,#8970);
#8968 = CARTESIAN_POINT('',(0.745,-0.6,0.405));
#8969 = DIRECTION('',(0.,1.,0.));
#8970 = DIRECTION('',(0.,-0.,1.));
#8971 = ORIENTED_EDGE('',*,*,#8972,.T.);
#8972 = EDGE_CURVE('',#8964,#8973,#8975,.T.);
#8973 = VERTEX_POINT('',#8974);
#8974 = CARTESIAN_POINT('',(0.955,-0.6,0.45));
#8975 = LINE('',#8976,#8977);
#8976 = CARTESIAN_POINT('',(0.7,-0.6,0.45));
#8977 = VECTOR('',#8978,1.);
#8978 = DIRECTION('',(1.,0.,0.));
#8979 = ORIENTED_EDGE('',*,*,#8980,.F.);
#8980 = EDGE_CURVE('',#8981,#8973,#8983,.T.);
#8981 = VERTEX_POINT('',#8982);
#8982 = CARTESIAN_POINT('',(1.,-0.6,0.405));
#8983 = CIRCLE('',#8984,4.5E-02);
#8984 = AXIS2_PLACEMENT_3D('',#8985,#8986,#8987);
#8985 = CARTESIAN_POINT('',(0.955,-0.6,0.405));
#8986 = DIRECTION('',(0.,-1.,0.));
#8987 = DIRECTION('',(0.,0.,1.));
#8988 = ORIENTED_EDGE('',*,*,#8989,.F.);
#8989 = EDGE_CURVE('',#8990,#8981,#8992,.T.);
#8990 = VERTEX_POINT('',#8991);
#8991 = CARTESIAN_POINT('',(1.,-0.6,4.5E-02));
#8992 = LINE('',#8993,#8994);
#8993 = CARTESIAN_POINT('',(1.,-0.6,0.));
#8994 = VECTOR('',#8995,1.);
#8995 = DIRECTION('',(0.,0.,1.));
#8996 = ORIENTED_EDGE('',*,*,#8997,.T.);
#8997 = EDGE_CURVE('',#8990,#8946,#8998,.T.);
#8998 = CIRCLE('',#8999,4.5E-02);
#8999 = AXIS2_PLACEMENT_3D('',#9000,#9001,#9002);
#9000 = CARTESIAN_POINT('',(0.955,-0.6,4.5E-02));
#9001 = DIRECTION('',(0.,1.,0.));
#9002 = DIRECTION('',(0.,-0.,1.));
#9003 = PLANE('',#9004);
#9004 = AXIS2_PLACEMENT_3D('',#9005,#9006,#9007);
#9005 = CARTESIAN_POINT('',(0.7,-0.6,0.));
#9006 = DIRECTION('',(0.,1.,0.));
#9007 = DIRECTION('',(0.,-0.,1.));
#9008 = ADVANCED_FACE('',(#9009),#9034,.F.);
#9009 = FACE_BOUND('',#9010,.F.);
#9010 = EDGE_LOOP('',(#9011,#9012,#9020,#9028));
#9011 = ORIENTED_EDGE('',*,*,#8797,.F.);
#9012 = ORIENTED_EDGE('',*,*,#9013,.T.);
#9013 = EDGE_CURVE('',#8596,#9014,#9016,.T.);
#9014 = VERTEX_POINT('',#9015);
#9015 = CARTESIAN_POINT('',(-0.7,-0.6,0.45));
#9016 = LINE('',#9017,#9018);
#9017 = CARTESIAN_POINT('',(-0.7,-0.6,0.405));
#9018 = VECTOR('',#9019,1.);
#9019 = DIRECTION('',(0.,0.,1.));
#9020 = ORIENTED_EDGE('',*,*,#9021,.T.);
#9021 = EDGE_CURVE('',#9014,#9022,#9024,.T.);
#9022 = VERTEX_POINT('',#9023);
#9023 = CARTESIAN_POINT('',(0.7,-0.6,0.45));
#9024 = LINE('',#9025,#9026);
#9025 = CARTESIAN_POINT('',(-0.7,-0.6,0.45));
#9026 = VECTOR('',#9027,1.);
#9027 = DIRECTION('',(1.,0.,0.));
#9028 = ORIENTED_EDGE('',*,*,#9029,.F.);
#9029 = EDGE_CURVE('',#8798,#9022,#9030,.T.);
#9030 = LINE('',#9031,#9032);
#9031 = CARTESIAN_POINT('',(0.7,-0.6,0.405));
#9032 = VECTOR('',#9033,1.);
#9033 = DIRECTION('',(0.,0.,1.));
#9034 = PLANE('',#9035);
#9035 = AXIS2_PLACEMENT_3D('',#9036,#9037,#9038);
#9036 = CARTESIAN_POINT('',(-0.7,-0.6,0.405));
#9037 = DIRECTION('',(0.,1.,0.));
#9038 = DIRECTION('',(0.,-0.,1.));
#9039 = ADVANCED_FACE('',(#9040),#9058,.F.);
#9040 = FACE_BOUND('',#9041,.F.);
#9041 = EDGE_LOOP('',(#9042,#9043,#9044,#9052));
#9042 = ORIENTED_EDGE('',*,*,#9013,.F.);
#9043 = ORIENTED_EDGE('',*,*,#8860,.T.);
#9044 = ORIENTED_EDGE('',*,*,#9045,.T.);
#9045 = EDGE_CURVE('',#8713,#9046,#9048,.T.);
#9046 = VERTEX_POINT('',#9047);
#9047 = CARTESIAN_POINT('',(-0.7,0.6,0.45));
#9048 = LINE('',#9049,#9050);
#9049 = CARTESIAN_POINT('',(-0.7,0.6,0.405));
#9050 = VECTOR('',#9051,1.);
#9051 = DIRECTION('',(0.,0.,1.));
#9052 = ORIENTED_EDGE('',*,*,#9053,.F.);
#9053 = EDGE_CURVE('',#9014,#9046,#9054,.T.);
#9054 = LINE('',#9055,#9056);
#9055 = CARTESIAN_POINT('',(-0.7,-0.6,0.45));
#9056 = VECTOR('',#9057,1.);
#9057 = DIRECTION('',(0.,1.,0.));
#9058 = PLANE('',#9059);
#9059 = AXIS2_PLACEMENT_3D('',#9060,#9061,#9062);
#9060 = CARTESIAN_POINT('',(-0.7,-0.6,0.405));
#9061 = DIRECTION('',(1.,0.,0.));
#9062 = DIRECTION('',(0.,0.,1.));
#9063 = ADVANCED_FACE('',(#9064),#9127,.T.);
#9064 = FACE_BOUND('',#9065,.T.);
#9065 = EDGE_LOOP('',(#9066,#9076,#9083,#9084,#9085,#9086,#9095,#9103,
    #9112,#9120));
#9066 = ORIENTED_EDGE('',*,*,#9067,.F.);
#9067 = EDGE_CURVE('',#9068,#9070,#9072,.T.);
#9068 = VERTEX_POINT('',#9069);
#9069 = CARTESIAN_POINT('',(0.745,0.6,-2.775557561563E-17));
#9070 = VERTEX_POINT('',#9071);
#9071 = CARTESIAN_POINT('',(0.955,0.6,-2.775557561563E-17));
#9072 = LINE('',#9073,#9074);
#9073 = CARTESIAN_POINT('',(0.7,0.6,0.));
#9074 = VECTOR('',#9075,1.);
#9075 = DIRECTION('',(1.,0.,0.));
#9076 = ORIENTED_EDGE('',*,*,#9077,.F.);
#9077 = EDGE_CURVE('',#8905,#9068,#9078,.T.);
#9078 = CIRCLE('',#9079,4.5E-02);
#9079 = AXIS2_PLACEMENT_3D('',#9080,#9081,#9082);
#9080 = CARTESIAN_POINT('',(0.745,0.6,4.5E-02));
#9081 = DIRECTION('',(0.,-1.,0.));
#9082 = DIRECTION('',(0.,0.,1.));
#9083 = ORIENTED_EDGE('',*,*,#8904,.T.);
#9084 = ORIENTED_EDGE('',*,*,#8896,.T.);
#9085 = ORIENTED_EDGE('',*,*,#8888,.F.);
#9086 = ORIENTED_EDGE('',*,*,#9087,.T.);
#9087 = EDGE_CURVE('',#8881,#9088,#9090,.T.);
#9088 = VERTEX_POINT('',#9089);
#9089 = CARTESIAN_POINT('',(0.745,0.6,0.45));
#9090 = CIRCLE('',#9091,4.5E-02);
#9091 = AXIS2_PLACEMENT_3D('',#9092,#9093,#9094);
#9092 = CARTESIAN_POINT('',(0.745,0.6,0.405));
#9093 = DIRECTION('',(0.,1.,0.));
#9094 = DIRECTION('',(0.,-0.,1.));
#9095 = ORIENTED_EDGE('',*,*,#9096,.T.);
#9096 = EDGE_CURVE('',#9088,#9097,#9099,.T.);
#9097 = VERTEX_POINT('',#9098);
#9098 = CARTESIAN_POINT('',(0.955,0.6,0.45));
#9099 = LINE('',#9100,#9101);
#9100 = CARTESIAN_POINT('',(0.7,0.6,0.45));
#9101 = VECTOR('',#9102,1.);
#9102 = DIRECTION('',(1.,0.,0.));
#9103 = ORIENTED_EDGE('',*,*,#9104,.F.);
#9104 = EDGE_CURVE('',#9105,#9097,#9107,.T.);
#9105 = VERTEX_POINT('',#9106);
#9106 = CARTESIAN_POINT('',(1.,0.6,0.405));
#9107 = CIRCLE('',#9108,4.5E-02);
#9108 = AXIS2_PLACEMENT_3D('',#9109,#9110,#9111);
#9109 = CARTESIAN_POINT('',(0.955,0.6,0.405));
#9110 = DIRECTION('',(0.,-1.,0.));
#9111 = DIRECTION('',(0.,0.,1.));
#9112 = ORIENTED_EDGE('',*,*,#9113,.F.);
#9113 = EDGE_CURVE('',#9114,#9105,#9116,.T.);
#9114 = VERTEX_POINT('',#9115);
#9115 = CARTESIAN_POINT('',(1.,0.6,4.5E-02));
#9116 = LINE('',#9117,#9118);
#9117 = CARTESIAN_POINT('',(1.,0.6,0.));
#9118 = VECTOR('',#9119,1.);
#9119 = DIRECTION('',(0.,0.,1.));
#9120 = ORIENTED_EDGE('',*,*,#9121,.T.);
#9121 = EDGE_CURVE('',#9114,#9070,#9122,.T.);
#9122 = CIRCLE('',#9123,4.5E-02);
#9123 = AXIS2_PLACEMENT_3D('',#9124,#9125,#9126);
#9124 = CARTESIAN_POINT('',(0.955,0.6,4.5E-02));
#9125 = DIRECTION('',(0.,1.,0.));
#9126 = DIRECTION('',(0.,-0.,1.));
#9127 = PLANE('',#9128);
#9128 = AXIS2_PLACEMENT_3D('',#9129,#9130,#9131);
#9129 = CARTESIAN_POINT('',(0.7,0.6,0.));
#9130 = DIRECTION('',(0.,1.,0.));
#9131 = DIRECTION('',(0.,-0.,1.));
#9132 = ADVANCED_FACE('',(#9133),#9151,.T.);
#9133 = FACE_BOUND('',#9134,.T.);
#9134 = EDGE_LOOP('',(#9135,#9136,#9137,#9145));
#9135 = ORIENTED_EDGE('',*,*,#8880,.F.);
#9136 = ORIENTED_EDGE('',*,*,#9045,.T.);
#9137 = ORIENTED_EDGE('',*,*,#9138,.T.);
#9138 = EDGE_CURVE('',#9046,#9139,#9141,.T.);
#9139 = VERTEX_POINT('',#9140);
#9140 = CARTESIAN_POINT('',(0.7,0.6,0.45));
#9141 = LINE('',#9142,#9143);
#9142 = CARTESIAN_POINT('',(-0.7,0.6,0.45));
#9143 = VECTOR('',#9144,1.);
#9144 = DIRECTION('',(1.,0.,0.));
#9145 = ORIENTED_EDGE('',*,*,#9146,.F.);
#9146 = EDGE_CURVE('',#8881,#9139,#9147,.T.);
#9147 = LINE('',#9148,#9149);
#9148 = CARTESIAN_POINT('',(0.7,0.6,0.405));
#9149 = VECTOR('',#9150,1.);
#9150 = DIRECTION('',(0.,0.,1.));
#9151 = PLANE('',#9152);
#9152 = AXIS2_PLACEMENT_3D('',#9153,#9154,#9155);
#9153 = CARTESIAN_POINT('',(-0.7,0.6,0.405));
#9154 = DIRECTION('',(0.,1.,0.));
#9155 = DIRECTION('',(0.,-0.,1.));
#9156 = ADVANCED_FACE('',(#9157),#9168,.T.);
#9157 = FACE_BOUND('',#9158,.T.);
#9158 = EDGE_LOOP('',(#9159,#9160,#9161,#9167));
#9159 = ORIENTED_EDGE('',*,*,#8928,.T.);
#9160 = ORIENTED_EDGE('',*,*,#9077,.T.);
#9161 = ORIENTED_EDGE('',*,*,#9162,.F.);
#9162 = EDGE_CURVE('',#8944,#9068,#9163,.T.);
#9163 = LINE('',#9164,#9165);
#9164 = CARTESIAN_POINT('',(0.745,-0.6,-2.775557561563E-17));
#9165 = VECTOR('',#9166,1.);
#9166 = DIRECTION('',(0.,1.,0.));
#9167 = ORIENTED_EDGE('',*,*,#8953,.F.);
#9168 = CYLINDRICAL_SURFACE('',#9169,4.5E-02);
#9169 = AXIS2_PLACEMENT_3D('',#9170,#9171,#9172);
#9170 = CARTESIAN_POINT('',(0.745,-0.6,4.5E-02));
#9171 = DIRECTION('',(0.,1.,0.));
#9172 = DIRECTION('',(-1.,0.,0.));
#9173 = ADVANCED_FACE('',(#9174),#9185,.F.);
#9174 = FACE_BOUND('',#9175,.F.);
#9175 = EDGE_LOOP('',(#9176,#9177,#9178,#9179));
#9176 = ORIENTED_EDGE('',*,*,#9067,.F.);
#9177 = ORIENTED_EDGE('',*,*,#9162,.F.);
#9178 = ORIENTED_EDGE('',*,*,#8943,.T.);
#9179 = ORIENTED_EDGE('',*,*,#9180,.T.);
#9180 = EDGE_CURVE('',#8946,#9070,#9181,.T.);
#9181 = LINE('',#9182,#9183);
#9182 = CARTESIAN_POINT('',(0.955,-0.6,-2.775557561563E-17));
#9183 = VECTOR('',#9184,1.);
#9184 = DIRECTION('',(0.,1.,0.));
#9185 = PLANE('',#9186);
#9186 = AXIS2_PLACEMENT_3D('',#9187,#9188,#9189);
#9187 = CARTESIAN_POINT('',(0.7,-0.6,0.));
#9188 = DIRECTION('',(0.,0.,1.));
#9189 = DIRECTION('',(1.,0.,-0.));
#9190 = ADVANCED_FACE('',(#9191),#9202,.T.);
#9191 = FACE_BOUND('',#9192,.T.);
#9192 = EDGE_LOOP('',(#9193,#9194,#9195,#9196));
#9193 = ORIENTED_EDGE('',*,*,#8997,.T.);
#9194 = ORIENTED_EDGE('',*,*,#9180,.T.);
#9195 = ORIENTED_EDGE('',*,*,#9121,.F.);
#9196 = ORIENTED_EDGE('',*,*,#9197,.F.);
#9197 = EDGE_CURVE('',#8990,#9114,#9198,.T.);
#9198 = LINE('',#9199,#9200);
#9199 = CARTESIAN_POINT('',(1.,-0.6,4.5E-02));
#9200 = VECTOR('',#9201,1.);
#9201 = DIRECTION('',(0.,1.,0.));
#9202 = CYLINDRICAL_SURFACE('',#9203,4.5E-02);
#9203 = AXIS2_PLACEMENT_3D('',#9204,#9205,#9206);
#9204 = CARTESIAN_POINT('',(0.955,-0.6,4.5E-02));
#9205 = DIRECTION('',(0.,1.,0.));
#9206 = DIRECTION('',(1.,0.,0.));
#9207 = ADVANCED_FACE('',(#9208),#9219,.T.);
#9208 = FACE_BOUND('',#9209,.T.);
#9209 = EDGE_LOOP('',(#9210,#9211,#9212,#9213));
#9210 = ORIENTED_EDGE('',*,*,#8989,.F.);
#9211 = ORIENTED_EDGE('',*,*,#9197,.T.);
#9212 = ORIENTED_EDGE('',*,*,#9113,.T.);
#9213 = ORIENTED_EDGE('',*,*,#9214,.F.);
#9214 = EDGE_CURVE('',#8981,#9105,#9215,.T.);
#9215 = LINE('',#9216,#9217);
#9216 = CARTESIAN_POINT('',(1.,-0.6,0.405));
#9217 = VECTOR('',#9218,1.);
#9218 = DIRECTION('',(0.,1.,0.));
#9219 = PLANE('',#9220);
#9220 = AXIS2_PLACEMENT_3D('',#9221,#9222,#9223);
#9221 = CARTESIAN_POINT('',(1.,-0.6,0.));
#9222 = DIRECTION('',(1.,0.,0.));
#9223 = DIRECTION('',(0.,0.,1.));
#9224 = ADVANCED_FACE('',(#9225),#9236,.T.);
#9225 = FACE_BOUND('',#9226,.T.);
#9226 = EDGE_LOOP('',(#9227,#9228,#9229,#9235));
#9227 = ORIENTED_EDGE('',*,*,#9214,.T.);
#9228 = ORIENTED_EDGE('',*,*,#9104,.T.);
#9229 = ORIENTED_EDGE('',*,*,#9230,.F.);
#9230 = EDGE_CURVE('',#8973,#9097,#9231,.T.);
#9231 = LINE('',#9232,#9233);
#9232 = CARTESIAN_POINT('',(0.955,-0.6,0.45));
#9233 = VECTOR('',#9234,1.);
#9234 = DIRECTION('',(0.,1.,0.));
#9235 = ORIENTED_EDGE('',*,*,#8980,.F.);
#9236 = CYLINDRICAL_SURFACE('',#9237,4.5E-02);
#9237 = AXIS2_PLACEMENT_3D('',#9238,#9239,#9240);
#9238 = CARTESIAN_POINT('',(0.955,-0.6,0.405));
#9239 = DIRECTION('',(0.,1.,0.));
#9240 = DIRECTION('',(1.,0.,0.));
#9241 = ADVANCED_FACE('',(#9242),#9253,.T.);
#9242 = FACE_BOUND('',#9243,.T.);
#9243 = EDGE_LOOP('',(#9244,#9245,#9251,#9252));
#9244 = ORIENTED_EDGE('',*,*,#9096,.F.);
#9245 = ORIENTED_EDGE('',*,*,#9246,.F.);
#9246 = EDGE_CURVE('',#8964,#9088,#9247,.T.);
#9247 = LINE('',#9248,#9249);
#9248 = CARTESIAN_POINT('',(0.745,-0.6,0.45));
#9249 = VECTOR('',#9250,1.);
#9250 = DIRECTION('',(0.,1.,0.));
#9251 = ORIENTED_EDGE('',*,*,#8972,.T.);
#9252 = ORIENTED_EDGE('',*,*,#9230,.T.);
#9253 = PLANE('',#9254);
#9254 = AXIS2_PLACEMENT_3D('',#9255,#9256,#9257);
#9255 = CARTESIAN_POINT('',(0.7,-0.6,0.45));
#9256 = DIRECTION('',(0.,0.,1.));
#9257 = DIRECTION('',(1.,0.,-0.));
#9258 = ADVANCED_FACE('',(#9259),#9270,.T.);
#9259 = FACE_BOUND('',#9260,.T.);
#9260 = EDGE_LOOP('',(#9261,#9262,#9263,#9264));
#9261 = ORIENTED_EDGE('',*,*,#8963,.T.);
#9262 = ORIENTED_EDGE('',*,*,#9246,.T.);
#9263 = ORIENTED_EDGE('',*,*,#9087,.F.);
#9264 = ORIENTED_EDGE('',*,*,#9265,.F.);
#9265 = EDGE_CURVE('',#8798,#8881,#9266,.T.);
#9266 = LINE('',#9267,#9268);
#9267 = CARTESIAN_POINT('',(0.7,-0.6,0.405));
#9268 = VECTOR('',#9269,1.);
#9269 = DIRECTION('',(0.,1.,0.));
#9270 = CYLINDRICAL_SURFACE('',#9271,4.5E-02);
#9271 = AXIS2_PLACEMENT_3D('',#9272,#9273,#9274);
#9272 = CARTESIAN_POINT('',(0.745,-0.6,0.405));
#9273 = DIRECTION('',(0.,1.,0.));
#9274 = DIRECTION('',(-1.,0.,0.));
#9275 = ADVANCED_FACE('',(#9276),#9287,.T.);
#9276 = FACE_BOUND('',#9277,.T.);
#9277 = EDGE_LOOP('',(#9278,#9279,#9280,#9281));
#9278 = ORIENTED_EDGE('',*,*,#9029,.F.);
#9279 = ORIENTED_EDGE('',*,*,#9265,.T.);
#9280 = ORIENTED_EDGE('',*,*,#9146,.T.);
#9281 = ORIENTED_EDGE('',*,*,#9282,.F.);
#9282 = EDGE_CURVE('',#9022,#9139,#9283,.T.);
#9283 = LINE('',#9284,#9285);
#9284 = CARTESIAN_POINT('',(0.7,-0.6,0.45));
#9285 = VECTOR('',#9286,1.);
#9286 = DIRECTION('',(0.,1.,0.));
#9287 = PLANE('',#9288);
#9288 = AXIS2_PLACEMENT_3D('',#9289,#9290,#9291);
#9289 = CARTESIAN_POINT('',(0.7,-0.6,0.405));
#9290 = DIRECTION('',(1.,0.,0.));
#9291 = DIRECTION('',(0.,0.,1.));
#9292 = ADVANCED_FACE('',(#9293),#9299,.T.);
#9293 = FACE_BOUND('',#9294,.T.);
#9294 = EDGE_LOOP('',(#9295,#9296,#9297,#9298));
#9295 = ORIENTED_EDGE('',*,*,#9053,.F.);
#9296 = ORIENTED_EDGE('',*,*,#9021,.T.);
#9297 = ORIENTED_EDGE('',*,*,#9282,.T.);
#9298 = ORIENTED_EDGE('',*,*,#9138,.F.);
#9299 = PLANE('',#9300);
#9300 = AXIS2_PLACEMENT_3D('',#9301,#9302,#9303);
#9301 = CARTESIAN_POINT('',(-0.7,-0.6,0.45));
#9302 = DIRECTION('',(0.,0.,1.));
#9303 = DIRECTION('',(1.,0.,-0.));
#9304 = ( GEOMETRIC_REPRESENTATION_CONTEXT(3) 
GLOBAL_UNCERTAINTY_ASSIGNED_CONTEXT((#9308)) 
GLOBAL_UNIT_ASSIGNED_CONTEXT((#9305,#9306,#9307)) REPRESENTATION_CONTEXT
('Context #1','3D Context with UNIT and UNCERTAINTY') );
#9305 = ( LENGTH_UNIT() NAMED_UNIT(*) SI_UNIT(.MILLI.,.METRE.) );
#9306 = ( NAMED_UNIT(*) PLANE_ANGLE_UNIT() SI_UNIT($,.RADIAN.) );
#9307 = ( NAMED_UNIT(*) SI_UNIT($,.STERADIAN.) SOLID_ANGLE_UNIT() );
#9308 = UNCERTAINTY_MEASURE_WITH_UNIT(LENGTH_MEASURE(1.E-07),#9305,
  'distance_accuracy_value','confusion accuracy');
#9309 = CONTEXT_DEPENDENT_SHAPE_REPRESENTATION(#9310,#9312);
#9310 = ( REPRESENTATION_RELATIONSHIP('','',#8513,#10) 
REPRESENTATION_RELATIONSHIP_WITH_TRANSFORMATION(#9311) 
SHAPE_REPRESENTATION_RELATIONSHIP() );
#9311 = ITEM_DEFINED_TRANSFORMATION('','',#11,#31);
#9312 = PRODUCT_DEFINITION_SHAPE('Placement','Placement of an item',
  #9313);
#9313 = NEXT_ASSEMBLY_USAGE_OCCURRENCE('8','R1','',#5,#8508,$);
#9314 = PRODUCT_RELATED_PRODUCT_CATEGORY('part',$,(#8510));
#9315 = SHAPE_DEFINITION_REPRESENTATION(#9316,#9322);
#9316 = PRODUCT_DEFINITION_SHAPE('','',#9317);
#9317 = PRODUCT_DEFINITION('design','',#9318,#9321);
#9318 = PRODUCT_DEFINITION_FORMATION('','',#9319);
#9319 = PRODUCT('JST_PH_B2B-PH-K_1x02_P2.00mm_Vertical',
  'JST_PH_B2B-PH-K_1x02_P2.00mm_Vertical','',(#9320));
#9320 = PRODUCT_CONTEXT('',#2,'mechanical');
#9321 = PRODUCT_DEFINITION_CONTEXT('part definition',#2,'design');
#9322 = ADVANCED_BREP_SHAPE_REPRESENTATION('',(#11,#9323),#12215);
#9323 = MANIFOLD_SOLID_BREP('',#9324);
#9324 = CLOSED_SHELL('',(#9325,#9365,#9429,#9517,#9557,#9768,#9808,#9832
    ,#9857,#9881,#9930,#9952,#9985,#10009,#10040,#10057,#10090,#10107,
    #10150,#10167,#10213,#10230,#10293,#10317,#10364,#10388,#10412,
    #10429,#10446,#10470,#10494,#10511,#10542,#10566,#10590,#10607,
    #10642,#10682,#10706,#10747,#10796,#10842,#10859,#10871,#10902,
    #10958,#10982,#11031,#11043,#11146,#11170,#11194,#11211,#11242,
    #11298,#11322,#11371,#11388,#11435,#11461,#11478,#11504,#11537,
    #11549,#11580,#11604,#11628,#11645,#11676,#11700,#11724,#11741,
    #11758,#11805,#11831,#11848,#11874,#11907,#11924,#11941,#11953,
    #11984,#12008,#12032,#12049,#12080,#12104,#12128,#12145,#12162,
    #12179,#12191,#12203));
#9325 = ADVANCED_FACE('',(#9326),#9360,.F.);
#9326 = FACE_BOUND('',#9327,.F.);
#9327 = EDGE_LOOP('',(#9328,#9338,#9346,#9354));
#9328 = ORIENTED_EDGE('',*,*,#9329,.T.);
#9329 = EDGE_CURVE('',#9330,#9332,#9334,.T.);
#9330 = VERTEX_POINT('',#9331);
#9331 = CARTESIAN_POINT('',(3.95,-2.8,0.));
#9332 = VERTEX_POINT('',#9333);
#9333 = CARTESIAN_POINT('',(3.95,1.7,0.));
#9334 = LINE('',#9335,#9336);
#9335 = CARTESIAN_POINT('',(3.95,-2.8,0.));
#9336 = VECTOR('',#9337,1.);
#9337 = DIRECTION('',(1.224646799147E-16,1.,0.));
#9338 = ORIENTED_EDGE('',*,*,#9339,.T.);
#9339 = EDGE_CURVE('',#9332,#9340,#9342,.T.);
#9340 = VERTEX_POINT('',#9341);
#9341 = CARTESIAN_POINT('',(2.75,1.7,0.));
#9342 = LINE('',#9343,#9344);
#9343 = CARTESIAN_POINT('',(3.95,1.7,0.));
#9344 = VECTOR('',#9345,1.);
#9345 = DIRECTION('',(-1.,1.224646799147E-16,0.));
#9346 = ORIENTED_EDGE('',*,*,#9347,.F.);
#9347 = EDGE_CURVE('',#9348,#9340,#9350,.T.);
#9348 = VERTEX_POINT('',#9349);
#9349 = CARTESIAN_POINT('',(2.75,-2.8,0.));
#9350 = LINE('',#9351,#9352);
#9351 = CARTESIAN_POINT('',(2.75,-2.8,0.));
#9352 = VECTOR('',#9353,1.);
#9353 = DIRECTION('',(1.224646799147E-16,1.,0.));
#9354 = ORIENTED_EDGE('',*,*,#9355,.T.);
#9355 = EDGE_CURVE('',#9348,#9330,#9356,.T.);
#9356 = LINE('',#9357,#9358);
#9357 = CARTESIAN_POINT('',(-1.95,-2.8,0.));
#9358 = VECTOR('',#9359,1.);
#9359 = DIRECTION('',(1.,-1.224646799147E-16,0.));
#9360 = PLANE('',#9361);
#9361 = AXIS2_PLACEMENT_3D('',#9362,#9363,#9364);
#9362 = CARTESIAN_POINT('',(1.,-0.55,0.));
#9363 = DIRECTION('',(0.,0.,1.));
#9364 = DIRECTION('',(-1.,1.224646799147E-16,0.));
#9365 = ADVANCED_FACE('',(#9366),#9424,.F.);
#9366 = FACE_BOUND('',#9367,.F.);
#9367 = EDGE_LOOP('',(#9368,#9369,#9377,#9385,#9393,#9402,#9410,#9418));
#9368 = ORIENTED_EDGE('',*,*,#9329,.F.);
#9369 = ORIENTED_EDGE('',*,*,#9370,.T.);
#9370 = EDGE_CURVE('',#9330,#9371,#9373,.T.);
#9371 = VERTEX_POINT('',#9372);
#9372 = CARTESIAN_POINT('',(3.95,-2.8,6.));
#9373 = LINE('',#9374,#9375);
#9374 = CARTESIAN_POINT('',(3.95,-2.8,0.));
#9375 = VECTOR('',#9376,1.);
#9376 = DIRECTION('',(0.,0.,1.));
#9377 = ORIENTED_EDGE('',*,*,#9378,.T.);
#9378 = EDGE_CURVE('',#9371,#9379,#9381,.T.);
#9379 = VERTEX_POINT('',#9380);
#9380 = CARTESIAN_POINT('',(3.95,-0.6,6.));
#9381 = LINE('',#9382,#9383);
#9382 = CARTESIAN_POINT('',(3.95,-2.8,6.));
#9383 = VECTOR('',#9384,1.);
#9384 = DIRECTION('',(1.224646799147E-16,1.,0.));
#9385 = ORIENTED_EDGE('',*,*,#9386,.F.);
#9386 = EDGE_CURVE('',#9387,#9379,#9389,.T.);
#9387 = VERTEX_POINT('',#9388);
#9388 = CARTESIAN_POINT('',(3.95,-0.6,4.4));
#9389 = LINE('',#9390,#9391);
#9390 = CARTESIAN_POINT('',(3.95,-0.6,4.4));
#9391 = VECTOR('',#9392,1.);
#9392 = DIRECTION('',(0.,0.,1.));
#9393 = ORIENTED_EDGE('',*,*,#9394,.F.);
#9394 = EDGE_CURVE('',#9395,#9387,#9397,.T.);
#9395 = VERTEX_POINT('',#9396);
#9396 = CARTESIAN_POINT('',(3.95,0.2,4.4));
#9397 = CIRCLE('',#9398,0.4);
#9398 = AXIS2_PLACEMENT_3D('',#9399,#9400,#9401);
#9399 = CARTESIAN_POINT('',(3.95,-0.2,4.4));
#9400 = DIRECTION('',(-1.,1.224646799147E-16,0.));
#9401 = DIRECTION('',(1.224646799147E-16,1.,0.));
#9402 = ORIENTED_EDGE('',*,*,#9403,.F.);
#9403 = EDGE_CURVE('',#9404,#9395,#9406,.T.);
#9404 = VERTEX_POINT('',#9405);
#9405 = CARTESIAN_POINT('',(3.95,0.2,6.));
#9406 = LINE('',#9407,#9408);
#9407 = CARTESIAN_POINT('',(3.95,0.2,6.));
#9408 = VECTOR('',#9409,1.);
#9409 = DIRECTION('',(-0.,0.,-1.));
#9410 = ORIENTED_EDGE('',*,*,#9411,.T.);
#9411 = EDGE_CURVE('',#9404,#9412,#9414,.T.);
#9412 = VERTEX_POINT('',#9413);
#9413 = CARTESIAN_POINT('',(3.95,1.7,6.));
#9414 = LINE('',#9415,#9416);
#9415 = CARTESIAN_POINT('',(3.95,-2.8,6.));
#9416 = VECTOR('',#9417,1.);
#9417 = DIRECTION('',(1.224646799147E-16,1.,0.));
#9418 = ORIENTED_EDGE('',*,*,#9419,.F.);
#9419 = EDGE_CURVE('',#9332,#9412,#9420,.T.);
#9420 = LINE('',#9421,#9422);
#9421 = CARTESIAN_POINT('',(3.95,1.7,0.));
#9422 = VECTOR('',#9423,1.);
#9423 = DIRECTION('',(0.,0.,1.));
#9424 = PLANE('',#9425);
#9425 = AXIS2_PLACEMENT_3D('',#9426,#9427,#9428);
#9426 = CARTESIAN_POINT('',(3.95,-2.8,0.));
#9427 = DIRECTION('',(-1.,1.224646799147E-16,0.));
#9428 = DIRECTION('',(1.224646799147E-16,1.,0.));
#9429 = ADVANCED_FACE('',(#9430),#9512,.F.);
#9430 = FACE_BOUND('',#9431,.F.);
#9431 = EDGE_LOOP('',(#9432,#9442,#9450,#9456,#9457,#9458,#9466,#9474,
    #9482,#9490,#9498,#9506));
#9432 = ORIENTED_EDGE('',*,*,#9433,.F.);
#9433 = EDGE_CURVE('',#9434,#9436,#9438,.T.);
#9434 = VERTEX_POINT('',#9435);
#9435 = CARTESIAN_POINT('',(-1.95,-2.8,0.));
#9436 = VERTEX_POINT('',#9437);
#9437 = CARTESIAN_POINT('',(-0.75,-2.8,0.));
#9438 = LINE('',#9439,#9440);
#9439 = CARTESIAN_POINT('',(-1.95,-2.8,0.));
#9440 = VECTOR('',#9441,1.);
#9441 = DIRECTION('',(1.,-1.224646799147E-16,0.));
#9442 = ORIENTED_EDGE('',*,*,#9443,.T.);
#9443 = EDGE_CURVE('',#9434,#9444,#9446,.T.);
#9444 = VERTEX_POINT('',#9445);
#9445 = CARTESIAN_POINT('',(-1.95,-2.8,6.));
#9446 = LINE('',#9447,#9448);
#9447 = CARTESIAN_POINT('',(-1.95,-2.8,0.));
#9448 = VECTOR('',#9449,1.);
#9449 = DIRECTION('',(0.,0.,1.));
#9450 = ORIENTED_EDGE('',*,*,#9451,.T.);
#9451 = EDGE_CURVE('',#9444,#9371,#9452,.T.);
#9452 = LINE('',#9453,#9454);
#9453 = CARTESIAN_POINT('',(-1.95,-2.8,6.));
#9454 = VECTOR('',#9455,1.);
#9455 = DIRECTION('',(1.,-1.224646799147E-16,0.));
#9456 = ORIENTED_EDGE('',*,*,#9370,.F.);
#9457 = ORIENTED_EDGE('',*,*,#9355,.F.);
#9458 = ORIENTED_EDGE('',*,*,#9459,.F.);
#9459 = EDGE_CURVE('',#9460,#9348,#9462,.T.);
#9460 = VERTEX_POINT('',#9461);
#9461 = CARTESIAN_POINT('',(2.75,-2.8,0.2));
#9462 = LINE('',#9463,#9464);
#9463 = CARTESIAN_POINT('',(2.75,-2.8,0.2));
#9464 = VECTOR('',#9465,1.);
#9465 = DIRECTION('',(-0.,0.,-1.));
#9466 = ORIENTED_EDGE('',*,*,#9467,.T.);
#9467 = EDGE_CURVE('',#9460,#9468,#9470,.T.);
#9468 = VERTEX_POINT('',#9469);
#9469 = CARTESIAN_POINT('',(1.25,-2.8,0.2));
#9470 = LINE('',#9471,#9472);
#9471 = CARTESIAN_POINT('',(2.75,-2.8,0.2));
#9472 = VECTOR('',#9473,1.);
#9473 = DIRECTION('',(-1.,1.224646799147E-16,0.));
#9474 = ORIENTED_EDGE('',*,*,#9475,.T.);
#9475 = EDGE_CURVE('',#9468,#9476,#9478,.T.);
#9476 = VERTEX_POINT('',#9477);
#9477 = CARTESIAN_POINT('',(1.25,-2.8,0.));
#9478 = LINE('',#9479,#9480);
#9479 = CARTESIAN_POINT('',(1.25,-2.8,0.2));
#9480 = VECTOR('',#9481,1.);
#9481 = DIRECTION('',(-0.,0.,-1.));
#9482 = ORIENTED_EDGE('',*,*,#9483,.F.);
#9483 = EDGE_CURVE('',#9484,#9476,#9486,.T.);
#9484 = VERTEX_POINT('',#9485);
#9485 = CARTESIAN_POINT('',(0.75,-2.8,0.));
#9486 = LINE('',#9487,#9488);
#9487 = CARTESIAN_POINT('',(-1.95,-2.8,0.));
#9488 = VECTOR('',#9489,1.);
#9489 = DIRECTION('',(1.,-1.224646799147E-16,0.));
#9490 = ORIENTED_EDGE('',*,*,#9491,.F.);
#9491 = EDGE_CURVE('',#9492,#9484,#9494,.T.);
#9492 = VERTEX_POINT('',#9493);
#9493 = CARTESIAN_POINT('',(0.75,-2.8,0.2));
#9494 = LINE('',#9495,#9496);
#9495 = CARTESIAN_POINT('',(0.75,-2.8,0.2));
#9496 = VECTOR('',#9497,1.);
#9497 = DIRECTION('',(-0.,0.,-1.));
#9498 = ORIENTED_EDGE('',*,*,#9499,.T.);
#9499 = EDGE_CURVE('',#9492,#9500,#9502,.T.);
#9500 = VERTEX_POINT('',#9501);
#9501 = CARTESIAN_POINT('',(-0.75,-2.8,0.2));
#9502 = LINE('',#9503,#9504);
#9503 = CARTESIAN_POINT('',(0.75,-2.8,0.2));
#9504 = VECTOR('',#9505,1.);
#9505 = DIRECTION('',(-1.,1.224646799147E-16,0.));
#9506 = ORIENTED_EDGE('',*,*,#9507,.T.);
#9507 = EDGE_CURVE('',#9500,#9436,#9508,.T.);
#9508 = LINE('',#9509,#9510);
#9509 = CARTESIAN_POINT('',(-0.75,-2.8,0.2));
#9510 = VECTOR('',#9511,1.);
#9511 = DIRECTION('',(-0.,0.,-1.));
#9512 = PLANE('',#9513);
#9513 = AXIS2_PLACEMENT_3D('',#9514,#9515,#9516);
#9514 = CARTESIAN_POINT('',(-1.95,-2.8,0.));
#9515 = DIRECTION('',(1.224646799147E-16,1.,0.));
#9516 = DIRECTION('',(1.,-1.224646799147E-16,0.));
#9517 = ADVANCED_FACE('',(#9518),#9552,.F.);
#9518 = FACE_BOUND('',#9519,.F.);
#9519 = EDGE_LOOP('',(#9520,#9528,#9536,#9544,#9550,#9551));
#9520 = ORIENTED_EDGE('',*,*,#9521,.T.);
#9521 = EDGE_CURVE('',#9340,#9522,#9524,.T.);
#9522 = VERTEX_POINT('',#9523);
#9523 = CARTESIAN_POINT('',(2.75,1.7,0.2));
#9524 = LINE('',#9525,#9526);
#9525 = CARTESIAN_POINT('',(2.75,1.7,0.));
#9526 = VECTOR('',#9527,1.);
#9527 = DIRECTION('',(0.,0.,1.));
#9528 = ORIENTED_EDGE('',*,*,#9529,.T.);
#9529 = EDGE_CURVE('',#9522,#9530,#9532,.T.);
#9530 = VERTEX_POINT('',#9531);
#9531 = CARTESIAN_POINT('',(2.75,0.5,0.1));
#9532 = LINE('',#9533,#9534);
#9533 = CARTESIAN_POINT('',(2.75,1.7,0.2));
#9534 = VECTOR('',#9535,1.);
#9535 = DIRECTION('',(-1.220416573038E-16,-0.996545758245,
    -8.304547985373E-02));
#9536 = ORIENTED_EDGE('',*,*,#9537,.T.);
#9537 = EDGE_CURVE('',#9530,#9538,#9540,.T.);
#9538 = VERTEX_POINT('',#9539);
#9539 = CARTESIAN_POINT('',(2.75,-0.5,0.1));
#9540 = LINE('',#9541,#9542);
#9541 = CARTESIAN_POINT('',(2.75,0.5,0.1));
#9542 = VECTOR('',#9543,1.);
#9543 = DIRECTION('',(-1.224646799147E-16,-1.,0.));
#9544 = ORIENTED_EDGE('',*,*,#9545,.T.);
#9545 = EDGE_CURVE('',#9538,#9460,#9546,.T.);
#9546 = LINE('',#9547,#9548);
#9547 = CARTESIAN_POINT('',(2.75,-0.5,0.1));
#9548 = VECTOR('',#9549,1.);
#9549 = DIRECTION('',(-1.223490926498E-16,-0.999056158355,
    4.343722427631E-02));
#9550 = ORIENTED_EDGE('',*,*,#9459,.T.);
#9551 = ORIENTED_EDGE('',*,*,#9347,.T.);
#9552 = PLANE('',#9553);
#9553 = AXIS2_PLACEMENT_3D('',#9554,#9555,#9556);
#9554 = CARTESIAN_POINT('',(2.75,-0.549524476701,7.07980355453E-02));
#9555 = DIRECTION('',(1.,-1.224646799147E-16,-0.));
#9556 = DIRECTION('',(-0.,0.,-1.));
#9557 = ADVANCED_FACE('',(#9558,#9729),#9763,.F.);
#9558 = FACE_BOUND('',#9559,.F.);
#9559 = EDGE_LOOP('',(#9560,#9561,#9562,#9570,#9578,#9586,#9594,#9602,
    #9610,#9618,#9626,#9634,#9642,#9650,#9658,#9666,#9674,#9682,#9690,
    #9698,#9706,#9714,#9722,#9728));
#9560 = ORIENTED_EDGE('',*,*,#9339,.F.);
#9561 = ORIENTED_EDGE('',*,*,#9419,.T.);
#9562 = ORIENTED_EDGE('',*,*,#9563,.T.);
#9563 = EDGE_CURVE('',#9412,#9564,#9566,.T.);
#9564 = VERTEX_POINT('',#9565);
#9565 = CARTESIAN_POINT('',(1.45,1.7,6.));
#9566 = LINE('',#9567,#9568);
#9567 = CARTESIAN_POINT('',(3.95,1.7,6.));
#9568 = VECTOR('',#9569,1.);
#9569 = DIRECTION('',(-1.,1.224646799147E-16,0.));
#9570 = ORIENTED_EDGE('',*,*,#9571,.T.);
#9571 = EDGE_CURVE('',#9564,#9572,#9574,.T.);
#9572 = VERTEX_POINT('',#9573);
#9573 = CARTESIAN_POINT('',(1.45,1.7,2.1));
#9574 = LINE('',#9575,#9576);
#9575 = CARTESIAN_POINT('',(1.45,1.7,6.));
#9576 = VECTOR('',#9577,1.);
#9577 = DIRECTION('',(-0.,0.,-1.));
#9578 = ORIENTED_EDGE('',*,*,#9579,.T.);
#9579 = EDGE_CURVE('',#9572,#9580,#9582,.T.);
#9580 = VERTEX_POINT('',#9581);
#9581 = CARTESIAN_POINT('',(0.55,1.7,2.1));
#9582 = LINE('',#9583,#9584);
#9583 = CARTESIAN_POINT('',(1.45,1.7,2.1));
#9584 = VECTOR('',#9585,1.);
#9585 = DIRECTION('',(-1.,1.224646799147E-16,0.));
#9586 = ORIENTED_EDGE('',*,*,#9587,.T.);
#9587 = EDGE_CURVE('',#9580,#9588,#9590,.T.);
#9588 = VERTEX_POINT('',#9589);
#9589 = CARTESIAN_POINT('',(0.55,1.7,6.));
#9590 = LINE('',#9591,#9592);
#9591 = CARTESIAN_POINT('',(0.55,1.7,2.1));
#9592 = VECTOR('',#9593,1.);
#9593 = DIRECTION('',(0.,0.,1.));
#9594 = ORIENTED_EDGE('',*,*,#9595,.T.);
#9595 = EDGE_CURVE('',#9588,#9596,#9598,.T.);
#9596 = VERTEX_POINT('',#9597);
#9597 = CARTESIAN_POINT('',(-0.45,1.7,6.));
#9598 = LINE('',#9599,#9600);
#9599 = CARTESIAN_POINT('',(3.95,1.7,6.));
#9600 = VECTOR('',#9601,1.);
#9601 = DIRECTION('',(-1.,1.224646799147E-16,0.));
#9602 = ORIENTED_EDGE('',*,*,#9603,.F.);
#9603 = EDGE_CURVE('',#9604,#9596,#9606,.T.);
#9604 = VERTEX_POINT('',#9605);
#9605 = CARTESIAN_POINT('',(-0.45,1.7,4.2));
#9606 = LINE('',#9607,#9608);
#9607 = CARTESIAN_POINT('',(-0.45,1.7,4.2));
#9608 = VECTOR('',#9609,1.);
#9609 = DIRECTION('',(0.,0.,1.));
#9610 = ORIENTED_EDGE('',*,*,#9611,.F.);
#9611 = EDGE_CURVE('',#9612,#9604,#9614,.T.);
#9612 = VERTEX_POINT('',#9613);
#9613 = CARTESIAN_POINT('',(-0.4,1.7,4.2));
#9614 = LINE('',#9615,#9616);
#9615 = CARTESIAN_POINT('',(-0.4,1.7,4.2));
#9616 = VECTOR('',#9617,1.);
#9617 = DIRECTION('',(-1.,1.224646799147E-16,0.));
#9618 = ORIENTED_EDGE('',*,*,#9619,.F.);
#9619 = EDGE_CURVE('',#9620,#9612,#9622,.T.);
#9620 = VERTEX_POINT('',#9621);
#9621 = CARTESIAN_POINT('',(-0.4,1.7,2.4));
#9622 = LINE('',#9623,#9624);
#9623 = CARTESIAN_POINT('',(-0.4,1.7,2.4));
#9624 = VECTOR('',#9625,1.);
#9625 = DIRECTION('',(0.,0.,1.));
#9626 = ORIENTED_EDGE('',*,*,#9627,.F.);
#9627 = EDGE_CURVE('',#9628,#9620,#9630,.T.);
#9628 = VERTEX_POINT('',#9629);
#9629 = CARTESIAN_POINT('',(-1.4,1.7,2.4));
#9630 = LINE('',#9631,#9632);
#9631 = CARTESIAN_POINT('',(-1.4,1.7,2.4));
#9632 = VECTOR('',#9633,1.);
#9633 = DIRECTION('',(1.,-1.224646799147E-16,0.));
#9634 = ORIENTED_EDGE('',*,*,#9635,.F.);
#9635 = EDGE_CURVE('',#9636,#9628,#9638,.T.);
#9636 = VERTEX_POINT('',#9637);
#9637 = CARTESIAN_POINT('',(-1.4,1.7,4.2));
#9638 = LINE('',#9639,#9640);
#9639 = CARTESIAN_POINT('',(-1.4,1.7,4.2));
#9640 = VECTOR('',#9641,1.);
#9641 = DIRECTION('',(-0.,0.,-1.));
#9642 = ORIENTED_EDGE('',*,*,#9643,.F.);
#9643 = EDGE_CURVE('',#9644,#9636,#9646,.T.);
#9644 = VERTEX_POINT('',#9645);
#9645 = CARTESIAN_POINT('',(-0.95,1.7,4.2));
#9646 = LINE('',#9647,#9648);
#9647 = CARTESIAN_POINT('',(-0.4,1.7,4.2));
#9648 = VECTOR('',#9649,1.);
#9649 = DIRECTION('',(-1.,1.224646799147E-16,0.));
#9650 = ORIENTED_EDGE('',*,*,#9651,.T.);
#9651 = EDGE_CURVE('',#9644,#9652,#9654,.T.);
#9652 = VERTEX_POINT('',#9653);
#9653 = CARTESIAN_POINT('',(-0.95,1.7,6.));
#9654 = LINE('',#9655,#9656);
#9655 = CARTESIAN_POINT('',(-0.95,1.7,4.2));
#9656 = VECTOR('',#9657,1.);
#9657 = DIRECTION('',(0.,0.,1.));
#9658 = ORIENTED_EDGE('',*,*,#9659,.T.);
#9659 = EDGE_CURVE('',#9652,#9660,#9662,.T.);
#9660 = VERTEX_POINT('',#9661);
#9661 = CARTESIAN_POINT('',(-1.95,1.7,6.));
#9662 = LINE('',#9663,#9664);
#9663 = CARTESIAN_POINT('',(3.95,1.7,6.));
#9664 = VECTOR('',#9665,1.);
#9665 = DIRECTION('',(-1.,1.224646799147E-16,0.));
#9666 = ORIENTED_EDGE('',*,*,#9667,.F.);
#9667 = EDGE_CURVE('',#9668,#9660,#9670,.T.);
#9668 = VERTEX_POINT('',#9669);
#9669 = CARTESIAN_POINT('',(-1.95,1.7,0.));
#9670 = LINE('',#9671,#9672);
#9671 = CARTESIAN_POINT('',(-1.95,1.7,0.));
#9672 = VECTOR('',#9673,1.);
#9673 = DIRECTION('',(0.,0.,1.));
#9674 = ORIENTED_EDGE('',*,*,#9675,.F.);
#9675 = EDGE_CURVE('',#9676,#9668,#9678,.T.);
#9676 = VERTEX_POINT('',#9677);
#9677 = CARTESIAN_POINT('',(-0.75,1.7,0.));
#9678 = LINE('',#9679,#9680);
#9679 = CARTESIAN_POINT('',(3.95,1.7,0.));
#9680 = VECTOR('',#9681,1.);
#9681 = DIRECTION('',(-1.,1.224646799147E-16,0.));
#9682 = ORIENTED_EDGE('',*,*,#9683,.T.);
#9683 = EDGE_CURVE('',#9676,#9684,#9686,.T.);
#9684 = VERTEX_POINT('',#9685);
#9685 = CARTESIAN_POINT('',(-0.75,1.7,0.2));
#9686 = LINE('',#9687,#9688);
#9687 = CARTESIAN_POINT('',(-0.75,1.7,0.));
#9688 = VECTOR('',#9689,1.);
#9689 = DIRECTION('',(0.,0.,1.));
#9690 = ORIENTED_EDGE('',*,*,#9691,.F.);
#9691 = EDGE_CURVE('',#9692,#9684,#9694,.T.);
#9692 = VERTEX_POINT('',#9693);
#9693 = CARTESIAN_POINT('',(0.75,1.7,0.2));
#9694 = LINE('',#9695,#9696);
#9695 = CARTESIAN_POINT('',(0.75,1.7,0.2));
#9696 = VECTOR('',#9697,1.);
#9697 = DIRECTION('',(-1.,1.224646799147E-16,0.));
#9698 = ORIENTED_EDGE('',*,*,#9699,.F.);
#9699 = EDGE_CURVE('',#9700,#9692,#9702,.T.);
#9700 = VERTEX_POINT('',#9701);
#9701 = CARTESIAN_POINT('',(0.75,1.7,0.));
#9702 = LINE('',#9703,#9704);
#9703 = CARTESIAN_POINT('',(0.75,1.7,0.));
#9704 = VECTOR('',#9705,1.);
#9705 = DIRECTION('',(0.,0.,1.));
#9706 = ORIENTED_EDGE('',*,*,#9707,.F.);
#9707 = EDGE_CURVE('',#9708,#9700,#9710,.T.);
#9708 = VERTEX_POINT('',#9709);
#9709 = CARTESIAN_POINT('',(1.25,1.7,0.));
#9710 = LINE('',#9711,#9712);
#9711 = CARTESIAN_POINT('',(3.95,1.7,0.));
#9712 = VECTOR('',#9713,1.);
#9713 = DIRECTION('',(-1.,1.224646799147E-16,0.));
#9714 = ORIENTED_EDGE('',*,*,#9715,.T.);
#9715 = EDGE_CURVE('',#9708,#9716,#9718,.T.);
#9716 = VERTEX_POINT('',#9717);
#9717 = CARTESIAN_POINT('',(1.25,1.7,0.2));
#9718 = LINE('',#9719,#9720);
#9719 = CARTESIAN_POINT('',(1.25,1.7,0.));
#9720 = VECTOR('',#9721,1.);
#9721 = DIRECTION('',(0.,0.,1.));
#9722 = ORIENTED_EDGE('',*,*,#9723,.F.);
#9723 = EDGE_CURVE('',#9522,#9716,#9724,.T.);
#9724 = LINE('',#9725,#9726);
#9725 = CARTESIAN_POINT('',(2.75,1.7,0.2));
#9726 = VECTOR('',#9727,1.);
#9727 = DIRECTION('',(-1.,1.224646799147E-16,0.));
#9728 = ORIENTED_EDGE('',*,*,#9521,.F.);
#9729 = FACE_BOUND('',#9730,.F.);
#9730 = EDGE_LOOP('',(#9731,#9741,#9749,#9757));
#9731 = ORIENTED_EDGE('',*,*,#9732,.T.);
#9732 = EDGE_CURVE('',#9733,#9735,#9737,.T.);
#9733 = VERTEX_POINT('',#9734);
#9734 = CARTESIAN_POINT('',(2.4,1.7,4.2));
#9735 = VERTEX_POINT('',#9736);
#9736 = CARTESIAN_POINT('',(3.4,1.7,4.2));
#9737 = LINE('',#9738,#9739);
#9738 = CARTESIAN_POINT('',(2.4,1.7,4.2));
#9739 = VECTOR('',#9740,1.);
#9740 = DIRECTION('',(1.,-1.224646799147E-16,0.));
#9741 = ORIENTED_EDGE('',*,*,#9742,.T.);
#9742 = EDGE_CURVE('',#9735,#9743,#9745,.T.);
#9743 = VERTEX_POINT('',#9744);
#9744 = CARTESIAN_POINT('',(3.4,1.7,2.4));
#9745 = LINE('',#9746,#9747);
#9746 = CARTESIAN_POINT('',(3.4,1.7,4.2));
#9747 = VECTOR('',#9748,1.);
#9748 = DIRECTION('',(-0.,0.,-1.));
#9749 = ORIENTED_EDGE('',*,*,#9750,.T.);
#9750 = EDGE_CURVE('',#9743,#9751,#9753,.T.);
#9751 = VERTEX_POINT('',#9752);
#9752 = CARTESIAN_POINT('',(2.4,1.7,2.4));
#9753 = LINE('',#9754,#9755);
#9754 = CARTESIAN_POINT('',(3.4,1.7,2.4));
#9755 = VECTOR('',#9756,1.);
#9756 = DIRECTION('',(-1.,1.224646799147E-16,0.));
#9757 = ORIENTED_EDGE('',*,*,#9758,.T.);
#9758 = EDGE_CURVE('',#9751,#9733,#9759,.T.);
#9759 = LINE('',#9760,#9761);
#9760 = CARTESIAN_POINT('',(2.4,1.7,2.4));
#9761 = VECTOR('',#9762,1.);
#9762 = DIRECTION('',(0.,0.,1.));
#9763 = PLANE('',#9764);
#9764 = AXIS2_PLACEMENT_3D('',#9765,#9766,#9767);
#9765 = CARTESIAN_POINT('',(3.95,1.7,0.));
#9766 = DIRECTION('',(-1.224646799147E-16,-1.,0.));
#9767 = DIRECTION('',(-1.,1.224646799147E-16,0.));
#9768 = ADVANCED_FACE('',(#9769),#9803,.T.);
#9769 = FACE_BOUND('',#9770,.T.);
#9770 = EDGE_LOOP('',(#9771,#9779,#9780,#9781,#9789,#9797));
#9771 = ORIENTED_EDGE('',*,*,#9772,.F.);
#9772 = EDGE_CURVE('',#9404,#9773,#9775,.T.);
#9773 = VERTEX_POINT('',#9774);
#9774 = CARTESIAN_POINT('',(3.45,0.2,6.));
#9775 = LINE('',#9776,#9777);
#9776 = CARTESIAN_POINT('',(3.95,0.2,6.));
#9777 = VECTOR('',#9778,1.);
#9778 = DIRECTION('',(-1.,1.224646799147E-16,0.));
#9779 = ORIENTED_EDGE('',*,*,#9411,.T.);
#9780 = ORIENTED_EDGE('',*,*,#9563,.T.);
#9781 = ORIENTED_EDGE('',*,*,#9782,.T.);
#9782 = EDGE_CURVE('',#9564,#9783,#9785,.T.);
#9783 = VERTEX_POINT('',#9784);
#9784 = CARTESIAN_POINT('',(1.45,1.1,6.));
#9785 = LINE('',#9786,#9787);
#9786 = CARTESIAN_POINT('',(1.45,1.7,6.));
#9787 = VECTOR('',#9788,1.);
#9788 = DIRECTION('',(-1.224646799147E-16,-1.,0.));
#9789 = ORIENTED_EDGE('',*,*,#9790,.F.);
#9790 = EDGE_CURVE('',#9791,#9783,#9793,.T.);
#9791 = VERTEX_POINT('',#9792);
#9792 = CARTESIAN_POINT('',(3.45,1.1,6.));
#9793 = LINE('',#9794,#9795);
#9794 = CARTESIAN_POINT('',(3.45,1.1,6.));
#9795 = VECTOR('',#9796,1.);
#9796 = DIRECTION('',(-1.,1.224646799147E-16,0.));
#9797 = ORIENTED_EDGE('',*,*,#9798,.F.);
#9798 = EDGE_CURVE('',#9773,#9791,#9799,.T.);
#9799 = LINE('',#9800,#9801);
#9800 = CARTESIAN_POINT('',(3.45,-2.3,6.));
#9801 = VECTOR('',#9802,1.);
#9802 = DIRECTION('',(1.224646799147E-16,1.,0.));
#9803 = PLANE('',#9804);
#9804 = AXIS2_PLACEMENT_3D('',#9805,#9806,#9807);
#9805 = CARTESIAN_POINT('',(1.,-0.55,6.));
#9806 = DIRECTION('',(0.,0.,1.));
#9807 = DIRECTION('',(-1.,1.224646799147E-16,0.));
#9808 = ADVANCED_FACE('',(#9809),#9827,.T.);
#9809 = FACE_BOUND('',#9810,.T.);
#9810 = EDGE_LOOP('',(#9811,#9812,#9813,#9821));
#9811 = ORIENTED_EDGE('',*,*,#9403,.F.);
#9812 = ORIENTED_EDGE('',*,*,#9772,.T.);
#9813 = ORIENTED_EDGE('',*,*,#9814,.T.);
#9814 = EDGE_CURVE('',#9773,#9815,#9817,.T.);
#9815 = VERTEX_POINT('',#9816);
#9816 = CARTESIAN_POINT('',(3.45,0.2,4.4));
#9817 = LINE('',#9818,#9819);
#9818 = CARTESIAN_POINT('',(3.45,0.2,6.));
#9819 = VECTOR('',#9820,1.);
#9820 = DIRECTION('',(-0.,0.,-1.));
#9821 = ORIENTED_EDGE('',*,*,#9822,.F.);
#9822 = EDGE_CURVE('',#9395,#9815,#9823,.T.);
#9823 = LINE('',#9824,#9825);
#9824 = CARTESIAN_POINT('',(3.95,0.2,4.4));
#9825 = VECTOR('',#9826,1.);
#9826 = DIRECTION('',(-1.,1.224646799147E-16,0.));
#9827 = PLANE('',#9828);
#9828 = AXIS2_PLACEMENT_3D('',#9829,#9830,#9831);
#9829 = CARTESIAN_POINT('',(3.95,0.2,6.));
#9830 = DIRECTION('',(-1.224646799147E-16,-1.,0.));
#9831 = DIRECTION('',(-0.,0.,-1.));
#9832 = ADVANCED_FACE('',(#9833),#9852,.F.);
#9833 = FACE_BOUND('',#9834,.F.);
#9834 = EDGE_LOOP('',(#9835,#9843,#9850,#9851));
#9835 = ORIENTED_EDGE('',*,*,#9836,.T.);
#9836 = EDGE_CURVE('',#9387,#9837,#9839,.T.);
#9837 = VERTEX_POINT('',#9838);
#9838 = CARTESIAN_POINT('',(3.45,-0.6,4.4));
#9839 = LINE('',#9840,#9841);
#9840 = CARTESIAN_POINT('',(3.95,-0.6,4.4));
#9841 = VECTOR('',#9842,1.);
#9842 = DIRECTION('',(-1.,1.224646799147E-16,0.));
#9843 = ORIENTED_EDGE('',*,*,#9844,.T.);
#9844 = EDGE_CURVE('',#9837,#9815,#9845,.T.);
#9845 = CIRCLE('',#9846,0.4);
#9846 = AXIS2_PLACEMENT_3D('',#9847,#9848,#9849);
#9847 = CARTESIAN_POINT('',(3.45,-0.2,4.4));
#9848 = DIRECTION('',(1.,-1.224646799147E-16,0.));
#9849 = DIRECTION('',(1.224646799147E-16,1.,0.));
#9850 = ORIENTED_EDGE('',*,*,#9822,.F.);
#9851 = ORIENTED_EDGE('',*,*,#9394,.T.);
#9852 = CYLINDRICAL_SURFACE('',#9853,0.4);
#9853 = AXIS2_PLACEMENT_3D('',#9854,#9855,#9856);
#9854 = CARTESIAN_POINT('',(3.95,-0.2,4.4));
#9855 = DIRECTION('',(1.,-1.224646799147E-16,-0.));
#9856 = DIRECTION('',(1.224646799147E-16,1.,0.));
#9857 = ADVANCED_FACE('',(#9858),#9876,.T.);
#9858 = FACE_BOUND('',#9859,.T.);
#9859 = EDGE_LOOP('',(#9860,#9861,#9862,#9870));
#9860 = ORIENTED_EDGE('',*,*,#9386,.F.);
#9861 = ORIENTED_EDGE('',*,*,#9836,.T.);
#9862 = ORIENTED_EDGE('',*,*,#9863,.T.);
#9863 = EDGE_CURVE('',#9837,#9864,#9866,.T.);
#9864 = VERTEX_POINT('',#9865);
#9865 = CARTESIAN_POINT('',(3.45,-0.6,6.));
#9866 = LINE('',#9867,#9868);
#9867 = CARTESIAN_POINT('',(3.45,-0.6,5.2));
#9868 = VECTOR('',#9869,1.);
#9869 = DIRECTION('',(0.,0.,1.));
#9870 = ORIENTED_EDGE('',*,*,#9871,.F.);
#9871 = EDGE_CURVE('',#9379,#9864,#9872,.T.);
#9872 = LINE('',#9873,#9874);
#9873 = CARTESIAN_POINT('',(3.95,-0.6,6.));
#9874 = VECTOR('',#9875,1.);
#9875 = DIRECTION('',(-1.,1.224646799147E-16,0.));
#9876 = PLANE('',#9877);
#9877 = AXIS2_PLACEMENT_3D('',#9878,#9879,#9880);
#9878 = CARTESIAN_POINT('',(3.95,-0.6,4.4));
#9879 = DIRECTION('',(1.224646799147E-16,1.,0.));
#9880 = DIRECTION('',(0.,-0.,1.));
#9881 = ADVANCED_FACE('',(#9882),#9925,.T.);
#9882 = FACE_BOUND('',#9883,.T.);
#9883 = EDGE_LOOP('',(#9884,#9885,#9886,#9894,#9902,#9910,#9918,#9924));
#9884 = ORIENTED_EDGE('',*,*,#9378,.T.);
#9885 = ORIENTED_EDGE('',*,*,#9871,.T.);
#9886 = ORIENTED_EDGE('',*,*,#9887,.F.);
#9887 = EDGE_CURVE('',#9888,#9864,#9890,.T.);
#9888 = VERTEX_POINT('',#9889);
#9889 = CARTESIAN_POINT('',(3.45,-2.3,6.));
#9890 = LINE('',#9891,#9892);
#9891 = CARTESIAN_POINT('',(3.45,-2.3,6.));
#9892 = VECTOR('',#9893,1.);
#9893 = DIRECTION('',(1.224646799147E-16,1.,0.));
#9894 = ORIENTED_EDGE('',*,*,#9895,.F.);
#9895 = EDGE_CURVE('',#9896,#9888,#9898,.T.);
#9896 = VERTEX_POINT('',#9897);
#9897 = CARTESIAN_POINT('',(-1.45,-2.3,6.));
#9898 = LINE('',#9899,#9900);
#9899 = CARTESIAN_POINT('',(-1.45,-2.3,6.));
#9900 = VECTOR('',#9901,1.);
#9901 = DIRECTION('',(1.,-1.224646799147E-16,0.));
#9902 = ORIENTED_EDGE('',*,*,#9903,.F.);
#9903 = EDGE_CURVE('',#9904,#9896,#9906,.T.);
#9904 = VERTEX_POINT('',#9905);
#9905 = CARTESIAN_POINT('',(-1.45,-0.6,6.));
#9906 = LINE('',#9907,#9908);
#9907 = CARTESIAN_POINT('',(-1.45,1.1,6.));
#9908 = VECTOR('',#9909,1.);
#9909 = DIRECTION('',(-1.224646799147E-16,-1.,0.));
#9910 = ORIENTED_EDGE('',*,*,#9911,.T.);
#9911 = EDGE_CURVE('',#9904,#9912,#9914,.T.);
#9912 = VERTEX_POINT('',#9913);
#9913 = CARTESIAN_POINT('',(-1.95,-0.6,6.));
#9914 = LINE('',#9915,#9916);
#9915 = CARTESIAN_POINT('',(3.95,-0.6,6.));
#9916 = VECTOR('',#9917,1.);
#9917 = DIRECTION('',(-1.,1.224646799147E-16,0.));
#9918 = ORIENTED_EDGE('',*,*,#9919,.T.);
#9919 = EDGE_CURVE('',#9912,#9444,#9920,.T.);
#9920 = LINE('',#9921,#9922);
#9921 = CARTESIAN_POINT('',(-1.95,1.7,6.));
#9922 = VECTOR('',#9923,1.);
#9923 = DIRECTION('',(-1.224646799147E-16,-1.,0.));
#9924 = ORIENTED_EDGE('',*,*,#9451,.T.);
#9925 = PLANE('',#9926);
#9926 = AXIS2_PLACEMENT_3D('',#9927,#9928,#9929);
#9927 = CARTESIAN_POINT('',(1.,-0.55,6.));
#9928 = DIRECTION('',(0.,0.,1.));
#9929 = DIRECTION('',(-1.,1.224646799147E-16,0.));
#9930 = ADVANCED_FACE('',(#9931),#9947,.F.);
#9931 = FACE_BOUND('',#9932,.F.);
#9932 = EDGE_LOOP('',(#9933,#9934,#9940,#9941));
#9933 = ORIENTED_EDGE('',*,*,#9433,.T.);
#9934 = ORIENTED_EDGE('',*,*,#9935,.T.);
#9935 = EDGE_CURVE('',#9436,#9676,#9936,.T.);
#9936 = LINE('',#9937,#9938);
#9937 = CARTESIAN_POINT('',(-0.75,-2.8,0.));
#9938 = VECTOR('',#9939,1.);
#9939 = DIRECTION('',(1.224646799147E-16,1.,0.));
#9940 = ORIENTED_EDGE('',*,*,#9675,.T.);
#9941 = ORIENTED_EDGE('',*,*,#9942,.T.);
#9942 = EDGE_CURVE('',#9668,#9434,#9943,.T.);
#9943 = LINE('',#9944,#9945);
#9944 = CARTESIAN_POINT('',(-1.95,1.7,0.));
#9945 = VECTOR('',#9946,1.);
#9946 = DIRECTION('',(-1.224646799147E-16,-1.,0.));
#9947 = PLANE('',#9948);
#9948 = AXIS2_PLACEMENT_3D('',#9949,#9950,#9951);
#9949 = CARTESIAN_POINT('',(1.,-0.55,0.));
#9950 = DIRECTION('',(0.,0.,1.));
#9951 = DIRECTION('',(-1.,1.224646799147E-16,0.));
#9952 = ADVANCED_FACE('',(#9953),#9980,.T.);
#9953 = FACE_BOUND('',#9954,.T.);
#9954 = EDGE_LOOP('',(#9955,#9956,#9964,#9972,#9978,#9979));
#9955 = ORIENTED_EDGE('',*,*,#9683,.T.);
#9956 = ORIENTED_EDGE('',*,*,#9957,.T.);
#9957 = EDGE_CURVE('',#9684,#9958,#9960,.T.);
#9958 = VERTEX_POINT('',#9959);
#9959 = CARTESIAN_POINT('',(-0.75,0.5,0.1));
#9960 = LINE('',#9961,#9962);
#9961 = CARTESIAN_POINT('',(-0.75,1.7,0.2));
#9962 = VECTOR('',#9963,1.);
#9963 = DIRECTION('',(-1.220416573038E-16,-0.996545758245,
    -8.304547985373E-02));
#9964 = ORIENTED_EDGE('',*,*,#9965,.T.);
#9965 = EDGE_CURVE('',#9958,#9966,#9968,.T.);
#9966 = VERTEX_POINT('',#9967);
#9967 = CARTESIAN_POINT('',(-0.75,-0.5,0.1));
#9968 = LINE('',#9969,#9970);
#9969 = CARTESIAN_POINT('',(-0.75,0.5,0.1));
#9970 = VECTOR('',#9971,1.);
#9971 = DIRECTION('',(-1.224646799147E-16,-1.,0.));
#9972 = ORIENTED_EDGE('',*,*,#9973,.T.);
#9973 = EDGE_CURVE('',#9966,#9500,#9974,.T.);
#9974 = LINE('',#9975,#9976);
#9975 = CARTESIAN_POINT('',(-0.75,-0.5,0.1));
#9976 = VECTOR('',#9977,1.);
#9977 = DIRECTION('',(-1.223490926498E-16,-0.999056158355,
    4.343722427631E-02));
#9978 = ORIENTED_EDGE('',*,*,#9507,.T.);
#9979 = ORIENTED_EDGE('',*,*,#9935,.T.);
#9980 = PLANE('',#9981);
#9981 = AXIS2_PLACEMENT_3D('',#9982,#9983,#9984);
#9982 = CARTESIAN_POINT('',(-0.75,-0.549524476701,7.07980355453E-02));
#9983 = DIRECTION('',(1.,-1.224646799147E-16,-0.));
#9984 = DIRECTION('',(-0.,0.,-1.));
#9985 = ADVANCED_FACE('',(#9986),#10004,.F.);
#9986 = FACE_BOUND('',#9987,.F.);
#9987 = EDGE_LOOP('',(#9988,#9996,#9997,#9998));
#9988 = ORIENTED_EDGE('',*,*,#9989,.T.);
#9989 = EDGE_CURVE('',#9990,#9966,#9992,.T.);
#9990 = VERTEX_POINT('',#9991);
#9991 = CARTESIAN_POINT('',(0.75,-0.5,0.1));
#9992 = LINE('',#9993,#9994);
#9993 = CARTESIAN_POINT('',(0.75,-0.5,0.1));
#9994 = VECTOR('',#9995,1.);
#9995 = DIRECTION('',(-1.,1.224646799147E-16,0.));
#9996 = ORIENTED_EDGE('',*,*,#9973,.T.);
#9997 = ORIENTED_EDGE('',*,*,#9499,.F.);
#9998 = ORIENTED_EDGE('',*,*,#9999,.F.);
#9999 = EDGE_CURVE('',#9990,#9492,#10000,.T.);
#10000 = LINE('',#10001,#10002);
#10001 = CARTESIAN_POINT('',(0.75,-0.5,0.1));
#10002 = VECTOR('',#10003,1.);
#10003 = DIRECTION('',(-1.223490926498E-16,-0.999056158355,
    4.343722427631E-02));
#10004 = PLANE('',#10005);
#10005 = AXIS2_PLACEMENT_3D('',#10006,#10007,#10008);
#10006 = CARTESIAN_POINT('',(0.75,-0.5,0.1));
#10007 = DIRECTION('',(5.319525767383E-18,4.343722427631E-02,
    0.999056158355));
#10008 = DIRECTION('',(-1.223490926498E-16,-0.999056158355,
    4.343722427631E-02));
#10009 = ADVANCED_FACE('',(#10010),#10035,.F.);
#10010 = FACE_BOUND('',#10011,.F.);
#10011 = EDGE_LOOP('',(#10012,#10013,#10021,#10027,#10028,#10029));
#10012 = ORIENTED_EDGE('',*,*,#9699,.T.);
#10013 = ORIENTED_EDGE('',*,*,#10014,.T.);
#10014 = EDGE_CURVE('',#9692,#10015,#10017,.T.);
#10015 = VERTEX_POINT('',#10016);
#10016 = CARTESIAN_POINT('',(0.75,0.5,0.1));
#10017 = LINE('',#10018,#10019);
#10018 = CARTESIAN_POINT('',(0.75,1.7,0.2));
#10019 = VECTOR('',#10020,1.);
#10020 = DIRECTION('',(-1.220416573038E-16,-0.996545758245,
    -8.304547985373E-02));
#10021 = ORIENTED_EDGE('',*,*,#10022,.T.);
#10022 = EDGE_CURVE('',#10015,#9990,#10023,.T.);
#10023 = LINE('',#10024,#10025);
#10024 = CARTESIAN_POINT('',(0.75,0.5,0.1));
#10025 = VECTOR('',#10026,1.);
#10026 = DIRECTION('',(-1.224646799147E-16,-1.,0.));
#10027 = ORIENTED_EDGE('',*,*,#9999,.T.);
#10028 = ORIENTED_EDGE('',*,*,#9491,.T.);
#10029 = ORIENTED_EDGE('',*,*,#10030,.T.);
#10030 = EDGE_CURVE('',#9484,#9700,#10031,.T.);
#10031 = LINE('',#10032,#10033);
#10032 = CARTESIAN_POINT('',(0.75,-2.8,0.));
#10033 = VECTOR('',#10034,1.);
#10034 = DIRECTION('',(1.224646799147E-16,1.,0.));
#10035 = PLANE('',#10036);
#10036 = AXIS2_PLACEMENT_3D('',#10037,#10038,#10039);
#10037 = CARTESIAN_POINT('',(0.75,-0.549524476701,7.07980355453E-02));
#10038 = DIRECTION('',(1.,-1.224646799147E-16,-0.));
#10039 = DIRECTION('',(-0.,0.,-1.));
#10040 = ADVANCED_FACE('',(#10041),#10052,.F.);
#10041 = FACE_BOUND('',#10042,.F.);
#10042 = EDGE_LOOP('',(#10043,#10044,#10050,#10051));
#10043 = ORIENTED_EDGE('',*,*,#9483,.T.);
#10044 = ORIENTED_EDGE('',*,*,#10045,.T.);
#10045 = EDGE_CURVE('',#9476,#9708,#10046,.T.);
#10046 = LINE('',#10047,#10048);
#10047 = CARTESIAN_POINT('',(1.25,-2.8,0.));
#10048 = VECTOR('',#10049,1.);
#10049 = DIRECTION('',(1.224646799147E-16,1.,0.));
#10050 = ORIENTED_EDGE('',*,*,#9707,.T.);
#10051 = ORIENTED_EDGE('',*,*,#10030,.F.);
#10052 = PLANE('',#10053);
#10053 = AXIS2_PLACEMENT_3D('',#10054,#10055,#10056);
#10054 = CARTESIAN_POINT('',(1.,-0.55,0.));
#10055 = DIRECTION('',(0.,0.,1.));
#10056 = DIRECTION('',(-1.,1.224646799147E-16,0.));
#10057 = ADVANCED_FACE('',(#10058),#10085,.T.);
#10058 = FACE_BOUND('',#10059,.T.);
#10059 = EDGE_LOOP('',(#10060,#10061,#10069,#10077,#10083,#10084));
#10060 = ORIENTED_EDGE('',*,*,#9715,.T.);
#10061 = ORIENTED_EDGE('',*,*,#10062,.T.);
#10062 = EDGE_CURVE('',#9716,#10063,#10065,.T.);
#10063 = VERTEX_POINT('',#10064);
#10064 = CARTESIAN_POINT('',(1.25,0.5,0.1));
#10065 = LINE('',#10066,#10067);
#10066 = CARTESIAN_POINT('',(1.25,1.7,0.2));
#10067 = VECTOR('',#10068,1.);
#10068 = DIRECTION('',(-1.220416573038E-16,-0.996545758245,
    -8.304547985373E-02));
#10069 = ORIENTED_EDGE('',*,*,#10070,.T.);
#10070 = EDGE_CURVE('',#10063,#10071,#10073,.T.);
#10071 = VERTEX_POINT('',#10072);
#10072 = CARTESIAN_POINT('',(1.25,-0.5,0.1));
#10073 = LINE('',#10074,#10075);
#10074 = CARTESIAN_POINT('',(1.25,0.5,0.1));
#10075 = VECTOR('',#10076,1.);
#10076 = DIRECTION('',(-1.224646799147E-16,-1.,0.));
#10077 = ORIENTED_EDGE('',*,*,#10078,.T.);
#10078 = EDGE_CURVE('',#10071,#9468,#10079,.T.);
#10079 = LINE('',#10080,#10081);
#10080 = CARTESIAN_POINT('',(1.25,-0.5,0.1));
#10081 = VECTOR('',#10082,1.);
#10082 = DIRECTION('',(-1.223490926498E-16,-0.999056158355,
    4.343722427631E-02));
#10083 = ORIENTED_EDGE('',*,*,#9475,.T.);
#10084 = ORIENTED_EDGE('',*,*,#10045,.T.);
#10085 = PLANE('',#10086);
#10086 = AXIS2_PLACEMENT_3D('',#10087,#10088,#10089);
#10087 = CARTESIAN_POINT('',(1.25,-0.549524476701,7.07980355453E-02));
#10088 = DIRECTION('',(1.,-1.224646799147E-16,-0.));
#10089 = DIRECTION('',(-0.,0.,-1.));
#10090 = ADVANCED_FACE('',(#10091),#10102,.F.);
#10091 = FACE_BOUND('',#10092,.F.);
#10092 = EDGE_LOOP('',(#10093,#10099,#10100,#10101));
#10093 = ORIENTED_EDGE('',*,*,#10094,.T.);
#10094 = EDGE_CURVE('',#9538,#10071,#10095,.T.);
#10095 = LINE('',#10096,#10097);
#10096 = CARTESIAN_POINT('',(2.75,-0.5,0.1));
#10097 = VECTOR('',#10098,1.);
#10098 = DIRECTION('',(-1.,1.224646799147E-16,0.));
#10099 = ORIENTED_EDGE('',*,*,#10078,.T.);
#10100 = ORIENTED_EDGE('',*,*,#9467,.F.);
#10101 = ORIENTED_EDGE('',*,*,#9545,.F.);
#10102 = PLANE('',#10103);
#10103 = AXIS2_PLACEMENT_3D('',#10104,#10105,#10106);
#10104 = CARTESIAN_POINT('',(2.75,-0.5,0.1));
#10105 = DIRECTION('',(5.319525767383E-18,4.343722427631E-02,
    0.999056158355));
#10106 = DIRECTION('',(-1.223490926498E-16,-0.999056158355,
    4.343722427631E-02));
#10107 = ADVANCED_FACE('',(#10108),#10145,.F.);
#10108 = FACE_BOUND('',#10109,.F.);
#10109 = EDGE_LOOP('',(#10110,#10111,#10112,#10120,#10128,#10137,#10143,
    #10144));
#10110 = ORIENTED_EDGE('',*,*,#9942,.F.);
#10111 = ORIENTED_EDGE('',*,*,#9667,.T.);
#10112 = ORIENTED_EDGE('',*,*,#10113,.T.);
#10113 = EDGE_CURVE('',#9660,#10114,#10116,.T.);
#10114 = VERTEX_POINT('',#10115);
#10115 = CARTESIAN_POINT('',(-1.95,0.2,6.));
#10116 = LINE('',#10117,#10118);
#10117 = CARTESIAN_POINT('',(-1.95,1.7,6.));
#10118 = VECTOR('',#10119,1.);
#10119 = DIRECTION('',(-1.224646799147E-16,-1.,0.));
#10120 = ORIENTED_EDGE('',*,*,#10121,.T.);
#10121 = EDGE_CURVE('',#10114,#10122,#10124,.T.);
#10122 = VERTEX_POINT('',#10123);
#10123 = CARTESIAN_POINT('',(-1.95,0.2,4.4));
#10124 = LINE('',#10125,#10126);
#10125 = CARTESIAN_POINT('',(-1.95,0.2,3.));
#10126 = VECTOR('',#10127,1.);
#10127 = DIRECTION('',(-0.,0.,-1.));
#10128 = ORIENTED_EDGE('',*,*,#10129,.F.);
#10129 = EDGE_CURVE('',#10130,#10122,#10132,.T.);
#10130 = VERTEX_POINT('',#10131);
#10131 = CARTESIAN_POINT('',(-1.95,-0.6,4.4));
#10132 = CIRCLE('',#10133,0.4);
#10133 = AXIS2_PLACEMENT_3D('',#10134,#10135,#10136);
#10134 = CARTESIAN_POINT('',(-1.95,-0.2,4.4));
#10135 = DIRECTION('',(1.,-1.224646799147E-16,0.));
#10136 = DIRECTION('',(1.224646799147E-16,1.,0.));
#10137 = ORIENTED_EDGE('',*,*,#10138,.T.);
#10138 = EDGE_CURVE('',#10130,#9912,#10139,.T.);
#10139 = LINE('',#10140,#10141);
#10140 = CARTESIAN_POINT('',(-1.95,-0.6,2.2));
#10141 = VECTOR('',#10142,1.);
#10142 = DIRECTION('',(0.,0.,1.));
#10143 = ORIENTED_EDGE('',*,*,#9919,.T.);
#10144 = ORIENTED_EDGE('',*,*,#9443,.F.);
#10145 = PLANE('',#10146);
#10146 = AXIS2_PLACEMENT_3D('',#10147,#10148,#10149);
#10147 = CARTESIAN_POINT('',(-1.95,1.7,0.));
#10148 = DIRECTION('',(1.,-1.224646799147E-16,0.));
#10149 = DIRECTION('',(-1.224646799147E-16,-1.,0.));
#10150 = ADVANCED_FACE('',(#10151),#10162,.F.);
#10151 = FACE_BOUND('',#10152,.F.);
#10152 = EDGE_LOOP('',(#10153,#10154,#10155,#10161));
#10153 = ORIENTED_EDGE('',*,*,#9723,.T.);
#10154 = ORIENTED_EDGE('',*,*,#10062,.T.);
#10155 = ORIENTED_EDGE('',*,*,#10156,.F.);
#10156 = EDGE_CURVE('',#9530,#10063,#10157,.T.);
#10157 = LINE('',#10158,#10159);
#10158 = CARTESIAN_POINT('',(2.75,0.5,0.1));
#10159 = VECTOR('',#10160,1.);
#10160 = DIRECTION('',(-1.,1.224646799147E-16,0.));
#10161 = ORIENTED_EDGE('',*,*,#9529,.F.);
#10162 = PLANE('',#10163);
#10163 = AXIS2_PLACEMENT_3D('',#10164,#10165,#10166);
#10164 = CARTESIAN_POINT('',(2.75,1.7,0.2));
#10165 = DIRECTION('',(-1.017013810865E-17,-8.304547985373E-02,
    0.996545758245));
#10166 = DIRECTION('',(-1.220416573038E-16,-0.996545758245,
    -8.304547985373E-02));
#10167 = ADVANCED_FACE('',(#10168,#10174),#10208,.F.);
#10168 = FACE_BOUND('',#10169,.F.);
#10169 = EDGE_LOOP('',(#10170,#10171,#10172,#10173));
#10170 = ORIENTED_EDGE('',*,*,#10156,.T.);
#10171 = ORIENTED_EDGE('',*,*,#10070,.T.);
#10172 = ORIENTED_EDGE('',*,*,#10094,.F.);
#10173 = ORIENTED_EDGE('',*,*,#9537,.F.);
#10174 = FACE_BOUND('',#10175,.F.);
#10175 = EDGE_LOOP('',(#10176,#10186,#10194,#10202));
#10176 = ORIENTED_EDGE('',*,*,#10177,.T.);
#10177 = EDGE_CURVE('',#10178,#10180,#10182,.T.);
#10178 = VERTEX_POINT('',#10179);
#10179 = CARTESIAN_POINT('',(1.75,0.25,0.1));
#10180 = VERTEX_POINT('',#10181);
#10181 = CARTESIAN_POINT('',(2.25,0.25,0.1));
#10182 = LINE('',#10183,#10184);
#10183 = CARTESIAN_POINT('',(2.5,0.25,0.1));
#10184 = VECTOR('',#10185,1.);
#10185 = DIRECTION('',(1.,-1.224646799147E-16,0.));
#10186 = ORIENTED_EDGE('',*,*,#10187,.T.);
#10187 = EDGE_CURVE('',#10180,#10188,#10190,.T.);
#10188 = VERTEX_POINT('',#10189);
#10189 = CARTESIAN_POINT('',(2.25,-0.25,0.1));
#10190 = LINE('',#10191,#10192);
#10191 = CARTESIAN_POINT('',(2.25,0.271633216363,0.1));
#10192 = VECTOR('',#10193,1.);
#10193 = DIRECTION('',(-1.224646799147E-16,-1.,0.));
#10194 = ORIENTED_EDGE('',*,*,#10195,.T.);
#10195 = EDGE_CURVE('',#10188,#10196,#10198,.T.);
#10196 = VERTEX_POINT('',#10197);
#10197 = CARTESIAN_POINT('',(1.75,-0.25,0.1));
#10198 = LINE('',#10199,#10200);
#10199 = CARTESIAN_POINT('',(2.5,-0.25,0.1));
#10200 = VECTOR('',#10201,1.);
#10201 = DIRECTION('',(-1.,1.224646799147E-16,0.));
#10202 = ORIENTED_EDGE('',*,*,#10203,.F.);
#10203 = EDGE_CURVE('',#10178,#10196,#10204,.T.);
#10204 = LINE('',#10205,#10206);
#10205 = CARTESIAN_POINT('',(1.75,0.271633216363,0.1));
#10206 = VECTOR('',#10207,1.);
#10207 = DIRECTION('',(-1.224646799147E-16,-1.,0.));
#10208 = PLANE('',#10209);
#10209 = AXIS2_PLACEMENT_3D('',#10210,#10211,#10212);
#10210 = CARTESIAN_POINT('',(2.75,0.5,0.1));
#10211 = DIRECTION('',(0.,0.,1.));
#10212 = DIRECTION('',(-1.224646799147E-16,-1.,0.));
#10213 = ADVANCED_FACE('',(#10214),#10225,.F.);
#10214 = FACE_BOUND('',#10215,.F.);
#10215 = EDGE_LOOP('',(#10216,#10217,#10218,#10224));
#10216 = ORIENTED_EDGE('',*,*,#9691,.T.);
#10217 = ORIENTED_EDGE('',*,*,#9957,.T.);
#10218 = ORIENTED_EDGE('',*,*,#10219,.F.);
#10219 = EDGE_CURVE('',#10015,#9958,#10220,.T.);
#10220 = LINE('',#10221,#10222);
#10221 = CARTESIAN_POINT('',(0.75,0.5,0.1));
#10222 = VECTOR('',#10223,1.);
#10223 = DIRECTION('',(-1.,1.224646799147E-16,0.));
#10224 = ORIENTED_EDGE('',*,*,#10014,.F.);
#10225 = PLANE('',#10226);
#10226 = AXIS2_PLACEMENT_3D('',#10227,#10228,#10229);
#10227 = CARTESIAN_POINT('',(0.75,1.7,0.2));
#10228 = DIRECTION('',(-1.017013810865E-17,-8.304547985373E-02,
    0.996545758245));
#10229 = DIRECTION('',(-1.220416573038E-16,-0.996545758245,
    -8.304547985373E-02));
#10230 = ADVANCED_FACE('',(#10231),#10288,.T.);
#10231 = FACE_BOUND('',#10232,.T.);
#10232 = EDGE_LOOP('',(#10233,#10241,#10242,#10250,#10258,#10264,#10265,
    #10266,#10274,#10282));
#10233 = ORIENTED_EDGE('',*,*,#10234,.F.);
#10234 = EDGE_CURVE('',#9588,#10235,#10237,.T.);
#10235 = VERTEX_POINT('',#10236);
#10236 = CARTESIAN_POINT('',(0.55,1.1,6.));
#10237 = LINE('',#10238,#10239);
#10238 = CARTESIAN_POINT('',(0.55,1.7,6.));
#10239 = VECTOR('',#10240,1.);
#10240 = DIRECTION('',(-1.224646799147E-16,-1.,0.));
#10241 = ORIENTED_EDGE('',*,*,#9595,.T.);
#10242 = ORIENTED_EDGE('',*,*,#10243,.T.);
#10243 = EDGE_CURVE('',#9596,#10244,#10246,.T.);
#10244 = VERTEX_POINT('',#10245);
#10245 = CARTESIAN_POINT('',(-0.45,1.75,6.));
#10246 = LINE('',#10247,#10248);
#10247 = CARTESIAN_POINT('',(-0.45,1.7,6.));
#10248 = VECTOR('',#10249,1.);
#10249 = DIRECTION('',(1.224646799147E-16,1.,0.));
#10250 = ORIENTED_EDGE('',*,*,#10251,.T.);
#10251 = EDGE_CURVE('',#10244,#10252,#10254,.T.);
#10252 = VERTEX_POINT('',#10253);
#10253 = CARTESIAN_POINT('',(-0.95,1.75,6.));
#10254 = LINE('',#10255,#10256);
#10255 = CARTESIAN_POINT('',(-0.45,1.75,6.));
#10256 = VECTOR('',#10257,1.);
#10257 = DIRECTION('',(-1.,1.224646799147E-16,0.));
#10258 = ORIENTED_EDGE('',*,*,#10259,.T.);
#10259 = EDGE_CURVE('',#10252,#9652,#10260,.T.);
#10260 = LINE('',#10261,#10262);
#10261 = CARTESIAN_POINT('',(-0.95,1.75,6.));
#10262 = VECTOR('',#10263,1.);
#10263 = DIRECTION('',(-1.224646799147E-16,-1.,0.));
#10264 = ORIENTED_EDGE('',*,*,#9659,.T.);
#10265 = ORIENTED_EDGE('',*,*,#10113,.T.);
#10266 = ORIENTED_EDGE('',*,*,#10267,.F.);
#10267 = EDGE_CURVE('',#10268,#10114,#10270,.T.);
#10268 = VERTEX_POINT('',#10269);
#10269 = CARTESIAN_POINT('',(-1.45,0.2,6.));
#10270 = LINE('',#10271,#10272);
#10271 = CARTESIAN_POINT('',(3.95,0.2,6.));
#10272 = VECTOR('',#10273,1.);
#10273 = DIRECTION('',(-1.,1.224646799147E-16,0.));
#10274 = ORIENTED_EDGE('',*,*,#10275,.F.);
#10275 = EDGE_CURVE('',#10276,#10268,#10278,.T.);
#10276 = VERTEX_POINT('',#10277);
#10277 = CARTESIAN_POINT('',(-1.45,1.1,6.));
#10278 = LINE('',#10279,#10280);
#10279 = CARTESIAN_POINT('',(-1.45,1.1,6.));
#10280 = VECTOR('',#10281,1.);
#10281 = DIRECTION('',(-1.224646799147E-16,-1.,0.));
#10282 = ORIENTED_EDGE('',*,*,#10283,.F.);
#10283 = EDGE_CURVE('',#10235,#10276,#10284,.T.);
#10284 = LINE('',#10285,#10286);
#10285 = CARTESIAN_POINT('',(3.45,1.1,6.));
#10286 = VECTOR('',#10287,1.);
#10287 = DIRECTION('',(-1.,1.224646799147E-16,0.));
#10288 = PLANE('',#10289);
#10289 = AXIS2_PLACEMENT_3D('',#10290,#10291,#10292);
#10290 = CARTESIAN_POINT('',(-0.922222222222,1.18487654321,6.));
#10291 = DIRECTION('',(0.,0.,1.));
#10292 = DIRECTION('',(-1.,1.224646799147E-16,0.));
#10293 = ADVANCED_FACE('',(#10294),#10312,.F.);
#10294 = FACE_BOUND('',#10295,.F.);
#10295 = EDGE_LOOP('',(#10296,#10304,#10305,#10306));
#10296 = ORIENTED_EDGE('',*,*,#10297,.T.);
#10297 = EDGE_CURVE('',#10298,#10252,#10300,.T.);
#10298 = VERTEX_POINT('',#10299);
#10299 = CARTESIAN_POINT('',(-0.95,1.75,4.2));
#10300 = LINE('',#10301,#10302);
#10301 = CARTESIAN_POINT('',(-0.95,1.75,4.2));
#10302 = VECTOR('',#10303,1.);
#10303 = DIRECTION('',(0.,0.,1.));
#10304 = ORIENTED_EDGE('',*,*,#10259,.T.);
#10305 = ORIENTED_EDGE('',*,*,#9651,.F.);
#10306 = ORIENTED_EDGE('',*,*,#10307,.F.);
#10307 = EDGE_CURVE('',#10298,#9644,#10308,.T.);
#10308 = LINE('',#10309,#10310);
#10309 = CARTESIAN_POINT('',(-0.95,1.75,4.2));
#10310 = VECTOR('',#10311,1.);
#10311 = DIRECTION('',(-1.224646799147E-16,-1.,0.));
#10312 = PLANE('',#10313);
#10313 = AXIS2_PLACEMENT_3D('',#10314,#10315,#10316);
#10314 = CARTESIAN_POINT('',(-0.95,1.75,4.2));
#10315 = DIRECTION('',(1.,-1.224646799147E-16,0.));
#10316 = DIRECTION('',(-1.224646799147E-16,-1.,0.));
#10317 = ADVANCED_FACE('',(#10318),#10359,.T.);
#10318 = FACE_BOUND('',#10319,.T.);
#10319 = EDGE_LOOP('',(#10320,#10321,#10329,#10337,#10343,#10344,#10345,
    #10353));
#10320 = ORIENTED_EDGE('',*,*,#9611,.F.);
#10321 = ORIENTED_EDGE('',*,*,#10322,.T.);
#10322 = EDGE_CURVE('',#9612,#10323,#10325,.T.);
#10323 = VERTEX_POINT('',#10324);
#10324 = CARTESIAN_POINT('',(-0.4,1.1,4.2));
#10325 = LINE('',#10326,#10327);
#10326 = CARTESIAN_POINT('',(-0.4,1.7,4.2));
#10327 = VECTOR('',#10328,1.);
#10328 = DIRECTION('',(-1.224646799147E-16,-1.,0.));
#10329 = ORIENTED_EDGE('',*,*,#10330,.T.);
#10330 = EDGE_CURVE('',#10323,#10331,#10333,.T.);
#10331 = VERTEX_POINT('',#10332);
#10332 = CARTESIAN_POINT('',(-1.4,1.1,4.2));
#10333 = LINE('',#10334,#10335);
#10334 = CARTESIAN_POINT('',(1.525,1.1,4.2));
#10335 = VECTOR('',#10336,1.);
#10336 = DIRECTION('',(-1.,1.224646799147E-16,0.));
#10337 = ORIENTED_EDGE('',*,*,#10338,.F.);
#10338 = EDGE_CURVE('',#9636,#10331,#10339,.T.);
#10339 = LINE('',#10340,#10341);
#10340 = CARTESIAN_POINT('',(-1.4,1.7,4.2));
#10341 = VECTOR('',#10342,1.);
#10342 = DIRECTION('',(-1.224646799147E-16,-1.,0.));
#10343 = ORIENTED_EDGE('',*,*,#9643,.F.);
#10344 = ORIENTED_EDGE('',*,*,#10307,.F.);
#10345 = ORIENTED_EDGE('',*,*,#10346,.F.);
#10346 = EDGE_CURVE('',#10347,#10298,#10349,.T.);
#10347 = VERTEX_POINT('',#10348);
#10348 = CARTESIAN_POINT('',(-0.45,1.75,4.2));
#10349 = LINE('',#10350,#10351);
#10350 = CARTESIAN_POINT('',(-0.45,1.75,4.2));
#10351 = VECTOR('',#10352,1.);
#10352 = DIRECTION('',(-1.,1.224646799147E-16,0.));
#10353 = ORIENTED_EDGE('',*,*,#10354,.F.);
#10354 = EDGE_CURVE('',#9604,#10347,#10355,.T.);
#10355 = LINE('',#10356,#10357);
#10356 = CARTESIAN_POINT('',(-0.45,1.7,4.2));
#10357 = VECTOR('',#10358,1.);
#10358 = DIRECTION('',(1.224646799147E-16,1.,0.));
#10359 = PLANE('',#10360);
#10360 = AXIS2_PLACEMENT_3D('',#10361,#10362,#10363);
#10361 = CARTESIAN_POINT('',(-0.893939393939,1.417424242424,4.2));
#10362 = DIRECTION('',(-2.590322521168E-30,-2.221330562073E-31,-1.));
#10363 = DIRECTION('',(1.,-1.224646799147E-16,-2.590322521168E-30));
#10364 = ADVANCED_FACE('',(#10365),#10383,.T.);
#10365 = FACE_BOUND('',#10366,.T.);
#10366 = EDGE_LOOP('',(#10367,#10368,#10369,#10377));
#10367 = ORIENTED_EDGE('',*,*,#9635,.F.);
#10368 = ORIENTED_EDGE('',*,*,#10338,.T.);
#10369 = ORIENTED_EDGE('',*,*,#10370,.T.);
#10370 = EDGE_CURVE('',#10331,#10371,#10373,.T.);
#10371 = VERTEX_POINT('',#10372);
#10372 = CARTESIAN_POINT('',(-1.4,1.1,2.4));
#10373 = LINE('',#10374,#10375);
#10374 = CARTESIAN_POINT('',(-1.4,1.1,5.1));
#10375 = VECTOR('',#10376,1.);
#10376 = DIRECTION('',(-0.,0.,-1.));
#10377 = ORIENTED_EDGE('',*,*,#10378,.F.);
#10378 = EDGE_CURVE('',#9628,#10371,#10379,.T.);
#10379 = LINE('',#10380,#10381);
#10380 = CARTESIAN_POINT('',(-1.4,1.7,2.4));
#10381 = VECTOR('',#10382,1.);
#10382 = DIRECTION('',(-1.224646799147E-16,-1.,0.));
#10383 = PLANE('',#10384);
#10384 = AXIS2_PLACEMENT_3D('',#10385,#10386,#10387);
#10385 = CARTESIAN_POINT('',(-1.4,1.7,4.2));
#10386 = DIRECTION('',(1.,-1.224646799147E-16,-0.));
#10387 = DIRECTION('',(-0.,0.,-1.));
#10388 = ADVANCED_FACE('',(#10389),#10407,.T.);
#10389 = FACE_BOUND('',#10390,.T.);
#10390 = EDGE_LOOP('',(#10391,#10392,#10393,#10401));
#10391 = ORIENTED_EDGE('',*,*,#9627,.F.);
#10392 = ORIENTED_EDGE('',*,*,#10378,.T.);
#10393 = ORIENTED_EDGE('',*,*,#10394,.T.);
#10394 = EDGE_CURVE('',#10371,#10395,#10397,.T.);
#10395 = VERTEX_POINT('',#10396);
#10396 = CARTESIAN_POINT('',(-0.4,1.1,2.4));
#10397 = LINE('',#10398,#10399);
#10398 = CARTESIAN_POINT('',(1.025,1.1,2.4));
#10399 = VECTOR('',#10400,1.);
#10400 = DIRECTION('',(1.,-1.224646799147E-16,0.));
#10401 = ORIENTED_EDGE('',*,*,#10402,.F.);
#10402 = EDGE_CURVE('',#9620,#10395,#10403,.T.);
#10403 = LINE('',#10404,#10405);
#10404 = CARTESIAN_POINT('',(-0.4,1.7,2.4));
#10405 = VECTOR('',#10406,1.);
#10406 = DIRECTION('',(-1.224646799147E-16,-1.,0.));
#10407 = PLANE('',#10408);
#10408 = AXIS2_PLACEMENT_3D('',#10409,#10410,#10411);
#10409 = CARTESIAN_POINT('',(-1.4,1.7,2.4));
#10410 = DIRECTION('',(0.,0.,1.));
#10411 = DIRECTION('',(1.,-1.224646799147E-16,0.));
#10412 = ADVANCED_FACE('',(#10413),#10424,.T.);
#10413 = FACE_BOUND('',#10414,.T.);
#10414 = EDGE_LOOP('',(#10415,#10416,#10417,#10423));
#10415 = ORIENTED_EDGE('',*,*,#9619,.F.);
#10416 = ORIENTED_EDGE('',*,*,#10402,.T.);
#10417 = ORIENTED_EDGE('',*,*,#10418,.T.);
#10418 = EDGE_CURVE('',#10395,#10323,#10419,.T.);
#10419 = LINE('',#10420,#10421);
#10420 = CARTESIAN_POINT('',(-0.4,1.1,4.2));
#10421 = VECTOR('',#10422,1.);
#10422 = DIRECTION('',(0.,0.,1.));
#10423 = ORIENTED_EDGE('',*,*,#10322,.F.);
#10424 = PLANE('',#10425);
#10425 = AXIS2_PLACEMENT_3D('',#10426,#10427,#10428);
#10426 = CARTESIAN_POINT('',(-0.4,1.7,2.4));
#10427 = DIRECTION('',(-1.,1.224646799147E-16,0.));
#10428 = DIRECTION('',(0.,0.,1.));
#10429 = ADVANCED_FACE('',(#10430),#10441,.F.);
#10430 = FACE_BOUND('',#10431,.F.);
#10431 = EDGE_LOOP('',(#10432,#10433,#10434,#10440));
#10432 = ORIENTED_EDGE('',*,*,#9603,.T.);
#10433 = ORIENTED_EDGE('',*,*,#10243,.T.);
#10434 = ORIENTED_EDGE('',*,*,#10435,.F.);
#10435 = EDGE_CURVE('',#10347,#10244,#10436,.T.);
#10436 = LINE('',#10437,#10438);
#10437 = CARTESIAN_POINT('',(-0.45,1.75,4.2));
#10438 = VECTOR('',#10439,1.);
#10439 = DIRECTION('',(0.,0.,1.));
#10440 = ORIENTED_EDGE('',*,*,#10354,.F.);
#10441 = PLANE('',#10442);
#10442 = AXIS2_PLACEMENT_3D('',#10443,#10444,#10445);
#10443 = CARTESIAN_POINT('',(-0.45,1.7,4.2));
#10444 = DIRECTION('',(-1.,1.224646799147E-16,0.));
#10445 = DIRECTION('',(1.224646799147E-16,1.,0.));
#10446 = ADVANCED_FACE('',(#10447),#10465,.F.);
#10447 = FACE_BOUND('',#10448,.F.);
#10448 = EDGE_LOOP('',(#10449,#10450,#10458,#10464));
#10449 = ORIENTED_EDGE('',*,*,#9587,.F.);
#10450 = ORIENTED_EDGE('',*,*,#10451,.T.);
#10451 = EDGE_CURVE('',#9580,#10452,#10454,.T.);
#10452 = VERTEX_POINT('',#10453);
#10453 = CARTESIAN_POINT('',(0.55,1.1,2.1));
#10454 = LINE('',#10455,#10456);
#10455 = CARTESIAN_POINT('',(0.55,1.7,2.1));
#10456 = VECTOR('',#10457,1.);
#10457 = DIRECTION('',(-1.224646799147E-16,-1.,0.));
#10458 = ORIENTED_EDGE('',*,*,#10459,.T.);
#10459 = EDGE_CURVE('',#10452,#10235,#10460,.T.);
#10460 = LINE('',#10461,#10462);
#10461 = CARTESIAN_POINT('',(0.55,1.1,4.05));
#10462 = VECTOR('',#10463,1.);
#10463 = DIRECTION('',(0.,0.,1.));
#10464 = ORIENTED_EDGE('',*,*,#10234,.F.);
#10465 = PLANE('',#10466);
#10466 = AXIS2_PLACEMENT_3D('',#10467,#10468,#10469);
#10467 = CARTESIAN_POINT('',(0.55,1.7,2.1));
#10468 = DIRECTION('',(-1.,1.224646799147E-16,0.));
#10469 = DIRECTION('',(0.,0.,1.));
#10470 = ADVANCED_FACE('',(#10471),#10489,.F.);
#10471 = FACE_BOUND('',#10472,.F.);
#10472 = EDGE_LOOP('',(#10473,#10474,#10482,#10488));
#10473 = ORIENTED_EDGE('',*,*,#9579,.F.);
#10474 = ORIENTED_EDGE('',*,*,#10475,.T.);
#10475 = EDGE_CURVE('',#9572,#10476,#10478,.T.);
#10476 = VERTEX_POINT('',#10477);
#10477 = CARTESIAN_POINT('',(1.45,1.1,2.1));
#10478 = LINE('',#10479,#10480);
#10479 = CARTESIAN_POINT('',(1.45,1.7,2.1));
#10480 = VECTOR('',#10481,1.);
#10481 = DIRECTION('',(-1.224646799147E-16,-1.,0.));
#10482 = ORIENTED_EDGE('',*,*,#10483,.T.);
#10483 = EDGE_CURVE('',#10476,#10452,#10484,.T.);
#10484 = LINE('',#10485,#10486);
#10485 = CARTESIAN_POINT('',(2.45,1.1,2.1));
#10486 = VECTOR('',#10487,1.);
#10487 = DIRECTION('',(-1.,1.224646799147E-16,0.));
#10488 = ORIENTED_EDGE('',*,*,#10451,.F.);
#10489 = PLANE('',#10490);
#10490 = AXIS2_PLACEMENT_3D('',#10491,#10492,#10493);
#10491 = CARTESIAN_POINT('',(1.45,1.7,2.1));
#10492 = DIRECTION('',(-0.,0.,-1.));
#10493 = DIRECTION('',(-1.,1.224646799147E-16,0.));
#10494 = ADVANCED_FACE('',(#10495),#10506,.F.);
#10495 = FACE_BOUND('',#10496,.F.);
#10496 = EDGE_LOOP('',(#10497,#10498,#10499,#10505));
#10497 = ORIENTED_EDGE('',*,*,#9571,.F.);
#10498 = ORIENTED_EDGE('',*,*,#9782,.T.);
#10499 = ORIENTED_EDGE('',*,*,#10500,.T.);
#10500 = EDGE_CURVE('',#9783,#10476,#10501,.T.);
#10501 = LINE('',#10502,#10503);
#10502 = CARTESIAN_POINT('',(1.45,1.1,6.));
#10503 = VECTOR('',#10504,1.);
#10504 = DIRECTION('',(-0.,0.,-1.));
#10505 = ORIENTED_EDGE('',*,*,#10475,.F.);
#10506 = PLANE('',#10507);
#10507 = AXIS2_PLACEMENT_3D('',#10508,#10509,#10510);
#10508 = CARTESIAN_POINT('',(1.45,1.7,6.));
#10509 = DIRECTION('',(1.,-1.224646799147E-16,0.));
#10510 = DIRECTION('',(0.,-0.,-1.));
#10511 = ADVANCED_FACE('',(#10512),#10537,.F.);
#10512 = FACE_BOUND('',#10513,.F.);
#10513 = EDGE_LOOP('',(#10514,#10515,#10523,#10531));
#10514 = ORIENTED_EDGE('',*,*,#9732,.F.);
#10515 = ORIENTED_EDGE('',*,*,#10516,.T.);
#10516 = EDGE_CURVE('',#9733,#10517,#10519,.T.);
#10517 = VERTEX_POINT('',#10518);
#10518 = CARTESIAN_POINT('',(2.4,1.1,4.2));
#10519 = LINE('',#10520,#10521);
#10520 = CARTESIAN_POINT('',(2.4,1.7,4.2));
#10521 = VECTOR('',#10522,1.);
#10522 = DIRECTION('',(-1.224646799147E-16,-1.,0.));
#10523 = ORIENTED_EDGE('',*,*,#10524,.T.);
#10524 = EDGE_CURVE('',#10517,#10525,#10527,.T.);
#10525 = VERTEX_POINT('',#10526);
#10526 = CARTESIAN_POINT('',(3.4,1.1,4.2));
#10527 = LINE('',#10528,#10529);
#10528 = CARTESIAN_POINT('',(2.925,1.1,4.2));
#10529 = VECTOR('',#10530,1.);
#10530 = DIRECTION('',(1.,-1.224646799147E-16,0.));
#10531 = ORIENTED_EDGE('',*,*,#10532,.F.);
#10532 = EDGE_CURVE('',#9735,#10525,#10533,.T.);
#10533 = LINE('',#10534,#10535);
#10534 = CARTESIAN_POINT('',(3.4,1.7,4.2));
#10535 = VECTOR('',#10536,1.);
#10536 = DIRECTION('',(-1.224646799147E-16,-1.,0.));
#10537 = PLANE('',#10538);
#10538 = AXIS2_PLACEMENT_3D('',#10539,#10540,#10541);
#10539 = CARTESIAN_POINT('',(2.4,1.7,4.2));
#10540 = DIRECTION('',(0.,0.,1.));
#10541 = DIRECTION('',(1.,-1.224646799147E-16,0.));
#10542 = ADVANCED_FACE('',(#10543),#10561,.F.);
#10543 = FACE_BOUND('',#10544,.F.);
#10544 = EDGE_LOOP('',(#10545,#10546,#10554,#10560));
#10545 = ORIENTED_EDGE('',*,*,#9758,.F.);
#10546 = ORIENTED_EDGE('',*,*,#10547,.T.);
#10547 = EDGE_CURVE('',#9751,#10548,#10550,.T.);
#10548 = VERTEX_POINT('',#10549);
#10549 = CARTESIAN_POINT('',(2.4,1.1,2.4));
#10550 = LINE('',#10551,#10552);
#10551 = CARTESIAN_POINT('',(2.4,1.7,2.4));
#10552 = VECTOR('',#10553,1.);
#10553 = DIRECTION('',(-1.224646799147E-16,-1.,0.));
#10554 = ORIENTED_EDGE('',*,*,#10555,.T.);
#10555 = EDGE_CURVE('',#10548,#10517,#10556,.T.);
#10556 = LINE('',#10557,#10558);
#10557 = CARTESIAN_POINT('',(2.4,1.1,4.2));
#10558 = VECTOR('',#10559,1.);
#10559 = DIRECTION('',(0.,0.,1.));
#10560 = ORIENTED_EDGE('',*,*,#10516,.F.);
#10561 = PLANE('',#10562);
#10562 = AXIS2_PLACEMENT_3D('',#10563,#10564,#10565);
#10563 = CARTESIAN_POINT('',(2.4,1.7,2.4));
#10564 = DIRECTION('',(-1.,1.224646799147E-16,0.));
#10565 = DIRECTION('',(0.,0.,1.));
#10566 = ADVANCED_FACE('',(#10567),#10585,.F.);
#10567 = FACE_BOUND('',#10568,.F.);
#10568 = EDGE_LOOP('',(#10569,#10570,#10571,#10579));
#10569 = ORIENTED_EDGE('',*,*,#9742,.F.);
#10570 = ORIENTED_EDGE('',*,*,#10532,.T.);
#10571 = ORIENTED_EDGE('',*,*,#10572,.T.);
#10572 = EDGE_CURVE('',#10525,#10573,#10575,.T.);
#10573 = VERTEX_POINT('',#10574);
#10574 = CARTESIAN_POINT('',(3.4,1.1,2.4));
#10575 = LINE('',#10576,#10577);
#10576 = CARTESIAN_POINT('',(3.4,1.1,5.1));
#10577 = VECTOR('',#10578,1.);
#10578 = DIRECTION('',(-0.,0.,-1.));
#10579 = ORIENTED_EDGE('',*,*,#10580,.F.);
#10580 = EDGE_CURVE('',#9743,#10573,#10581,.T.);
#10581 = LINE('',#10582,#10583);
#10582 = CARTESIAN_POINT('',(3.4,1.7,2.4));
#10583 = VECTOR('',#10584,1.);
#10584 = DIRECTION('',(-1.224646799147E-16,-1.,0.));
#10585 = PLANE('',#10586);
#10586 = AXIS2_PLACEMENT_3D('',#10587,#10588,#10589);
#10587 = CARTESIAN_POINT('',(3.4,1.7,4.2));
#10588 = DIRECTION('',(1.,-1.224646799147E-16,-0.));
#10589 = DIRECTION('',(-0.,0.,-1.));
#10590 = ADVANCED_FACE('',(#10591),#10602,.F.);
#10591 = FACE_BOUND('',#10592,.F.);
#10592 = EDGE_LOOP('',(#10593,#10594,#10595,#10601));
#10593 = ORIENTED_EDGE('',*,*,#9750,.F.);
#10594 = ORIENTED_EDGE('',*,*,#10580,.T.);
#10595 = ORIENTED_EDGE('',*,*,#10596,.T.);
#10596 = EDGE_CURVE('',#10573,#10548,#10597,.T.);
#10597 = LINE('',#10598,#10599);
#10598 = CARTESIAN_POINT('',(3.425,1.1,2.4));
#10599 = VECTOR('',#10600,1.);
#10600 = DIRECTION('',(-1.,1.224646799147E-16,0.));
#10601 = ORIENTED_EDGE('',*,*,#10547,.F.);
#10602 = PLANE('',#10603);
#10603 = AXIS2_PLACEMENT_3D('',#10604,#10605,#10606);
#10604 = CARTESIAN_POINT('',(3.4,1.7,2.4));
#10605 = DIRECTION('',(-0.,0.,-1.));
#10606 = DIRECTION('',(-1.,1.224646799147E-16,0.));
#10607 = ADVANCED_FACE('',(#10608),#10637,.F.);
#10608 = FACE_BOUND('',#10609,.F.);
#10609 = EDGE_LOOP('',(#10610,#10611,#10619,#10627,#10633,#10634,#10635,
    #10636));
#10610 = ORIENTED_EDGE('',*,*,#9887,.F.);
#10611 = ORIENTED_EDGE('',*,*,#10612,.T.);
#10612 = EDGE_CURVE('',#9888,#10613,#10615,.T.);
#10613 = VERTEX_POINT('',#10614);
#10614 = CARTESIAN_POINT('',(3.45,-2.3,1.8));
#10615 = LINE('',#10616,#10617);
#10616 = CARTESIAN_POINT('',(3.45,-2.3,6.));
#10617 = VECTOR('',#10618,1.);
#10618 = DIRECTION('',(0.,0.,-1.));
#10619 = ORIENTED_EDGE('',*,*,#10620,.T.);
#10620 = EDGE_CURVE('',#10613,#10621,#10623,.T.);
#10621 = VERTEX_POINT('',#10622);
#10622 = CARTESIAN_POINT('',(3.45,1.1,1.8));
#10623 = LINE('',#10624,#10625);
#10624 = CARTESIAN_POINT('',(3.45,-2.3,1.8));
#10625 = VECTOR('',#10626,1.);
#10626 = DIRECTION('',(1.224646799147E-16,1.,0.));
#10627 = ORIENTED_EDGE('',*,*,#10628,.F.);
#10628 = EDGE_CURVE('',#9791,#10621,#10629,.T.);
#10629 = LINE('',#10630,#10631);
#10630 = CARTESIAN_POINT('',(3.45,1.1,6.));
#10631 = VECTOR('',#10632,1.);
#10632 = DIRECTION('',(0.,0.,-1.));
#10633 = ORIENTED_EDGE('',*,*,#9798,.F.);
#10634 = ORIENTED_EDGE('',*,*,#9814,.T.);
#10635 = ORIENTED_EDGE('',*,*,#9844,.F.);
#10636 = ORIENTED_EDGE('',*,*,#9863,.T.);
#10637 = PLANE('',#10638);
#10638 = AXIS2_PLACEMENT_3D('',#10639,#10640,#10641);
#10639 = CARTESIAN_POINT('',(3.45,-2.3,6.));
#10640 = DIRECTION('',(1.,-1.224646799147E-16,0.));
#10641 = DIRECTION('',(1.224646799147E-16,1.,0.));
#10642 = ADVANCED_FACE('',(#10643,#10665,#10671),#10677,.F.);
#10643 = FACE_BOUND('',#10644,.F.);
#10644 = EDGE_LOOP('',(#10645,#10646,#10647,#10655,#10661,#10662,#10663,
    #10664));
#10645 = ORIENTED_EDGE('',*,*,#9790,.F.);
#10646 = ORIENTED_EDGE('',*,*,#10628,.T.);
#10647 = ORIENTED_EDGE('',*,*,#10648,.T.);
#10648 = EDGE_CURVE('',#10621,#10649,#10651,.T.);
#10649 = VERTEX_POINT('',#10650);
#10650 = CARTESIAN_POINT('',(-1.45,1.1,1.8));
#10651 = LINE('',#10652,#10653);
#10652 = CARTESIAN_POINT('',(3.45,1.1,1.8));
#10653 = VECTOR('',#10654,1.);
#10654 = DIRECTION('',(-1.,1.224646799147E-16,0.));
#10655 = ORIENTED_EDGE('',*,*,#10656,.F.);
#10656 = EDGE_CURVE('',#10276,#10649,#10657,.T.);
#10657 = LINE('',#10658,#10659);
#10658 = CARTESIAN_POINT('',(-1.45,1.1,6.));
#10659 = VECTOR('',#10660,1.);
#10660 = DIRECTION('',(0.,0.,-1.));
#10661 = ORIENTED_EDGE('',*,*,#10283,.F.);
#10662 = ORIENTED_EDGE('',*,*,#10459,.F.);
#10663 = ORIENTED_EDGE('',*,*,#10483,.F.);
#10664 = ORIENTED_EDGE('',*,*,#10500,.F.);
#10665 = FACE_BOUND('',#10666,.F.);
#10666 = EDGE_LOOP('',(#10667,#10668,#10669,#10670));
#10667 = ORIENTED_EDGE('',*,*,#10330,.T.);
#10668 = ORIENTED_EDGE('',*,*,#10370,.T.);
#10669 = ORIENTED_EDGE('',*,*,#10394,.T.);
#10670 = ORIENTED_EDGE('',*,*,#10418,.T.);
#10671 = FACE_BOUND('',#10672,.F.);
#10672 = EDGE_LOOP('',(#10673,#10674,#10675,#10676));
#10673 = ORIENTED_EDGE('',*,*,#10596,.F.);
#10674 = ORIENTED_EDGE('',*,*,#10572,.F.);
#10675 = ORIENTED_EDGE('',*,*,#10524,.F.);
#10676 = ORIENTED_EDGE('',*,*,#10555,.F.);
#10677 = PLANE('',#10678);
#10678 = AXIS2_PLACEMENT_3D('',#10679,#10680,#10681);
#10679 = CARTESIAN_POINT('',(3.45,1.1,6.));
#10680 = DIRECTION('',(1.224646799147E-16,1.,0.));
#10681 = DIRECTION('',(-1.,1.224646799147E-16,0.));
#10682 = ADVANCED_FACE('',(#10683),#10701,.T.);
#10683 = FACE_BOUND('',#10684,.T.);
#10684 = EDGE_LOOP('',(#10685,#10693,#10699,#10700));
#10685 = ORIENTED_EDGE('',*,*,#10686,.T.);
#10686 = EDGE_CURVE('',#9904,#10687,#10689,.T.);
#10687 = VERTEX_POINT('',#10688);
#10688 = CARTESIAN_POINT('',(-1.45,-0.6,4.4));
#10689 = LINE('',#10690,#10691);
#10690 = CARTESIAN_POINT('',(-1.45,-0.6,5.2));
#10691 = VECTOR('',#10692,1.);
#10692 = DIRECTION('',(-0.,0.,-1.));
#10693 = ORIENTED_EDGE('',*,*,#10694,.T.);
#10694 = EDGE_CURVE('',#10687,#10130,#10695,.T.);
#10695 = LINE('',#10696,#10697);
#10696 = CARTESIAN_POINT('',(3.95,-0.6,4.4));
#10697 = VECTOR('',#10698,1.);
#10698 = DIRECTION('',(-1.,1.224646799147E-16,0.));
#10699 = ORIENTED_EDGE('',*,*,#10138,.T.);
#10700 = ORIENTED_EDGE('',*,*,#9911,.F.);
#10701 = PLANE('',#10702);
#10702 = AXIS2_PLACEMENT_3D('',#10703,#10704,#10705);
#10703 = CARTESIAN_POINT('',(3.95,-0.6,4.4));
#10704 = DIRECTION('',(1.224646799147E-16,1.,0.));
#10705 = DIRECTION('',(0.,-0.,1.));
#10706 = ADVANCED_FACE('',(#10707),#10742,.F.);
#10707 = FACE_BOUND('',#10708,.F.);
#10708 = EDGE_LOOP('',(#10709,#10710,#10711,#10719,#10725,#10726,#10727,
    #10736));
#10709 = ORIENTED_EDGE('',*,*,#10275,.F.);
#10710 = ORIENTED_EDGE('',*,*,#10656,.T.);
#10711 = ORIENTED_EDGE('',*,*,#10712,.T.);
#10712 = EDGE_CURVE('',#10649,#10713,#10715,.T.);
#10713 = VERTEX_POINT('',#10714);
#10714 = CARTESIAN_POINT('',(-1.45,-2.3,1.8));
#10715 = LINE('',#10716,#10717);
#10716 = CARTESIAN_POINT('',(-1.45,1.1,1.8));
#10717 = VECTOR('',#10718,1.);
#10718 = DIRECTION('',(-1.224646799147E-16,-1.,0.));
#10719 = ORIENTED_EDGE('',*,*,#10720,.F.);
#10720 = EDGE_CURVE('',#9896,#10713,#10721,.T.);
#10721 = LINE('',#10722,#10723);
#10722 = CARTESIAN_POINT('',(-1.45,-2.3,6.));
#10723 = VECTOR('',#10724,1.);
#10724 = DIRECTION('',(0.,0.,-1.));
#10725 = ORIENTED_EDGE('',*,*,#9903,.F.);
#10726 = ORIENTED_EDGE('',*,*,#10686,.T.);
#10727 = ORIENTED_EDGE('',*,*,#10728,.T.);
#10728 = EDGE_CURVE('',#10687,#10729,#10731,.T.);
#10729 = VERTEX_POINT('',#10730);
#10730 = CARTESIAN_POINT('',(-1.45,0.2,4.4));
#10731 = CIRCLE('',#10732,0.4);
#10732 = AXIS2_PLACEMENT_3D('',#10733,#10734,#10735);
#10733 = CARTESIAN_POINT('',(-1.45,-0.2,4.4));
#10734 = DIRECTION('',(1.,-1.224646799147E-16,0.));
#10735 = DIRECTION('',(1.224646799147E-16,1.,0.));
#10736 = ORIENTED_EDGE('',*,*,#10737,.T.);
#10737 = EDGE_CURVE('',#10729,#10268,#10738,.T.);
#10738 = LINE('',#10739,#10740);
#10739 = CARTESIAN_POINT('',(-1.45,0.2,6.));
#10740 = VECTOR('',#10741,1.);
#10741 = DIRECTION('',(0.,0.,1.));
#10742 = PLANE('',#10743);
#10743 = AXIS2_PLACEMENT_3D('',#10744,#10745,#10746);
#10744 = CARTESIAN_POINT('',(-1.45,1.1,6.));
#10745 = DIRECTION('',(-1.,1.224646799147E-16,0.));
#10746 = DIRECTION('',(-1.224646799147E-16,-1.,0.));
#10747 = ADVANCED_FACE('',(#10748),#10791,.F.);
#10748 = FACE_BOUND('',#10749,.F.);
#10749 = EDGE_LOOP('',(#10750,#10751,#10752,#10760,#10768,#10776,#10784,
    #10790));
#10750 = ORIENTED_EDGE('',*,*,#9895,.F.);
#10751 = ORIENTED_EDGE('',*,*,#10720,.T.);
#10752 = ORIENTED_EDGE('',*,*,#10753,.T.);
#10753 = EDGE_CURVE('',#10713,#10754,#10756,.T.);
#10754 = VERTEX_POINT('',#10755);
#10755 = CARTESIAN_POINT('',(0.8,-2.3,1.8));
#10756 = LINE('',#10757,#10758);
#10757 = CARTESIAN_POINT('',(-1.45,-2.3,1.8));
#10758 = VECTOR('',#10759,1.);
#10759 = DIRECTION('',(1.,-1.224646799147E-16,0.));
#10760 = ORIENTED_EDGE('',*,*,#10761,.T.);
#10761 = EDGE_CURVE('',#10754,#10762,#10764,.T.);
#10762 = VERTEX_POINT('',#10763);
#10763 = CARTESIAN_POINT('',(0.8,-2.3,3.7));
#10764 = LINE('',#10765,#10766);
#10765 = CARTESIAN_POINT('',(0.8,-2.3,1.8));
#10766 = VECTOR('',#10767,1.);
#10767 = DIRECTION('',(0.,0.,1.));
#10768 = ORIENTED_EDGE('',*,*,#10769,.T.);
#10769 = EDGE_CURVE('',#10762,#10770,#10772,.T.);
#10770 = VERTEX_POINT('',#10771);
#10771 = CARTESIAN_POINT('',(1.2,-2.3,3.7));
#10772 = LINE('',#10773,#10774);
#10773 = CARTESIAN_POINT('',(0.8,-2.3,3.7));
#10774 = VECTOR('',#10775,1.);
#10775 = DIRECTION('',(1.,-1.224646799147E-16,0.));
#10776 = ORIENTED_EDGE('',*,*,#10777,.F.);
#10777 = EDGE_CURVE('',#10778,#10770,#10780,.T.);
#10778 = VERTEX_POINT('',#10779);
#10779 = CARTESIAN_POINT('',(1.2,-2.3,1.8));
#10780 = LINE('',#10781,#10782);
#10781 = CARTESIAN_POINT('',(1.2,-2.3,1.8));
#10782 = VECTOR('',#10783,1.);
#10783 = DIRECTION('',(0.,0.,1.));
#10784 = ORIENTED_EDGE('',*,*,#10785,.T.);
#10785 = EDGE_CURVE('',#10778,#10613,#10786,.T.);
#10786 = LINE('',#10787,#10788);
#10787 = CARTESIAN_POINT('',(-1.45,-2.3,1.8));
#10788 = VECTOR('',#10789,1.);
#10789 = DIRECTION('',(1.,-1.224646799147E-16,0.));
#10790 = ORIENTED_EDGE('',*,*,#10612,.F.);
#10791 = PLANE('',#10792);
#10792 = AXIS2_PLACEMENT_3D('',#10793,#10794,#10795);
#10793 = CARTESIAN_POINT('',(-1.45,-2.3,6.));
#10794 = DIRECTION('',(-1.224646799147E-16,-1.,0.));
#10795 = DIRECTION('',(1.,-1.224646799147E-16,0.));
#10796 = ADVANCED_FACE('',(#10797,#10803),#10837,.F.);
#10797 = FACE_BOUND('',#10798,.F.);
#10798 = EDGE_LOOP('',(#10799,#10800,#10801,#10802));
#10799 = ORIENTED_EDGE('',*,*,#10219,.T.);
#10800 = ORIENTED_EDGE('',*,*,#9965,.T.);
#10801 = ORIENTED_EDGE('',*,*,#9989,.F.);
#10802 = ORIENTED_EDGE('',*,*,#10022,.F.);
#10803 = FACE_BOUND('',#10804,.F.);
#10804 = EDGE_LOOP('',(#10805,#10815,#10823,#10831));
#10805 = ORIENTED_EDGE('',*,*,#10806,.T.);
#10806 = EDGE_CURVE('',#10807,#10809,#10811,.T.);
#10807 = VERTEX_POINT('',#10808);
#10808 = CARTESIAN_POINT('',(-0.25,0.25,0.1));
#10809 = VERTEX_POINT('',#10810);
#10810 = CARTESIAN_POINT('',(0.25,0.25,0.1));
#10811 = LINE('',#10812,#10813);
#10812 = CARTESIAN_POINT('',(0.5,0.25,0.1));
#10813 = VECTOR('',#10814,1.);
#10814 = DIRECTION('',(1.,-1.224646799147E-16,0.));
#10815 = ORIENTED_EDGE('',*,*,#10816,.T.);
#10816 = EDGE_CURVE('',#10809,#10817,#10819,.T.);
#10817 = VERTEX_POINT('',#10818);
#10818 = CARTESIAN_POINT('',(0.25,-0.25,0.1));
#10819 = LINE('',#10820,#10821);
#10820 = CARTESIAN_POINT('',(0.25,0.271633216363,0.1));
#10821 = VECTOR('',#10822,1.);
#10822 = DIRECTION('',(-1.224646799147E-16,-1.,0.));
#10823 = ORIENTED_EDGE('',*,*,#10824,.T.);
#10824 = EDGE_CURVE('',#10817,#10825,#10827,.T.);
#10825 = VERTEX_POINT('',#10826);
#10826 = CARTESIAN_POINT('',(-0.25,-0.25,0.1));
#10827 = LINE('',#10828,#10829);
#10828 = CARTESIAN_POINT('',(0.5,-0.25,0.1));
#10829 = VECTOR('',#10830,1.);
#10830 = DIRECTION('',(-1.,1.224646799147E-16,0.));
#10831 = ORIENTED_EDGE('',*,*,#10832,.F.);
#10832 = EDGE_CURVE('',#10807,#10825,#10833,.T.);
#10833 = LINE('',#10834,#10835);
#10834 = CARTESIAN_POINT('',(-0.25,0.271633216363,0.1));
#10835 = VECTOR('',#10836,1.);
#10836 = DIRECTION('',(-1.224646799147E-16,-1.,0.));
#10837 = PLANE('',#10838);
#10838 = AXIS2_PLACEMENT_3D('',#10839,#10840,#10841);
#10839 = CARTESIAN_POINT('',(0.75,0.5,0.1));
#10840 = DIRECTION('',(0.,0.,1.));
#10841 = DIRECTION('',(-1.224646799147E-16,-1.,0.));
#10842 = ADVANCED_FACE('',(#10843),#10854,.F.);
#10843 = FACE_BOUND('',#10844,.F.);
#10844 = EDGE_LOOP('',(#10845,#10846,#10847,#10853));
#10845 = ORIENTED_EDGE('',*,*,#10694,.T.);
#10846 = ORIENTED_EDGE('',*,*,#10129,.T.);
#10847 = ORIENTED_EDGE('',*,*,#10848,.F.);
#10848 = EDGE_CURVE('',#10729,#10122,#10849,.T.);
#10849 = LINE('',#10850,#10851);
#10850 = CARTESIAN_POINT('',(3.95,0.2,4.4));
#10851 = VECTOR('',#10852,1.);
#10852 = DIRECTION('',(-1.,1.224646799147E-16,0.));
#10853 = ORIENTED_EDGE('',*,*,#10728,.F.);
#10854 = CYLINDRICAL_SURFACE('',#10855,0.4);
#10855 = AXIS2_PLACEMENT_3D('',#10856,#10857,#10858);
#10856 = CARTESIAN_POINT('',(3.95,-0.2,4.4));
#10857 = DIRECTION('',(1.,-1.224646799147E-16,-0.));
#10858 = DIRECTION('',(1.224646799147E-16,1.,0.));
#10859 = ADVANCED_FACE('',(#10860),#10866,.T.);
#10860 = FACE_BOUND('',#10861,.T.);
#10861 = EDGE_LOOP('',(#10862,#10863,#10864,#10865));
#10862 = ORIENTED_EDGE('',*,*,#10737,.T.);
#10863 = ORIENTED_EDGE('',*,*,#10267,.T.);
#10864 = ORIENTED_EDGE('',*,*,#10121,.T.);
#10865 = ORIENTED_EDGE('',*,*,#10848,.F.);
#10866 = PLANE('',#10867);
#10867 = AXIS2_PLACEMENT_3D('',#10868,#10869,#10870);
#10868 = CARTESIAN_POINT('',(3.95,0.2,6.));
#10869 = DIRECTION('',(-1.224646799147E-16,-1.,0.));
#10870 = DIRECTION('',(-0.,0.,-1.));
#10871 = ADVANCED_FACE('',(#10872),#10897,.F.);
#10872 = FACE_BOUND('',#10873,.F.);
#10873 = EDGE_LOOP('',(#10874,#10882,#10883,#10891));
#10874 = ORIENTED_EDGE('',*,*,#10875,.F.);
#10875 = EDGE_CURVE('',#10180,#10876,#10878,.T.);
#10876 = VERTEX_POINT('',#10877);
#10877 = CARTESIAN_POINT('',(2.25,0.25,-0.9));
#10878 = LINE('',#10879,#10880);
#10879 = CARTESIAN_POINT('',(2.25,0.25,5.));
#10880 = VECTOR('',#10881,1.);
#10881 = DIRECTION('',(-0.,0.,-1.));
#10882 = ORIENTED_EDGE('',*,*,#10177,.F.);
#10883 = ORIENTED_EDGE('',*,*,#10884,.T.);
#10884 = EDGE_CURVE('',#10178,#10885,#10887,.T.);
#10885 = VERTEX_POINT('',#10886);
#10886 = CARTESIAN_POINT('',(1.75,0.25,-0.9));
#10887 = LINE('',#10888,#10889);
#10888 = CARTESIAN_POINT('',(1.75,0.25,5.));
#10889 = VECTOR('',#10890,1.);
#10890 = DIRECTION('',(-0.,0.,-1.));
#10891 = ORIENTED_EDGE('',*,*,#10892,.F.);
#10892 = EDGE_CURVE('',#10876,#10885,#10893,.T.);
#10893 = LINE('',#10894,#10895);
#10894 = CARTESIAN_POINT('',(2.25,0.25,-0.9));
#10895 = VECTOR('',#10896,1.);
#10896 = DIRECTION('',(-1.,1.224646799147E-16,0.));
#10897 = PLANE('',#10898);
#10898 = AXIS2_PLACEMENT_3D('',#10899,#10900,#10901);
#10899 = CARTESIAN_POINT('',(2.25,0.25,5.));
#10900 = DIRECTION('',(-1.224646799147E-16,-1.,0.));
#10901 = DIRECTION('',(-0.,0.,-1.));
#10902 = ADVANCED_FACE('',(#10903),#10953,.T.);
#10903 = FACE_BOUND('',#10904,.T.);
#10904 = EDGE_LOOP('',(#10905,#10915,#10923,#10931,#10937,#10938,#10939,
    #10947));
#10905 = ORIENTED_EDGE('',*,*,#10906,.T.);
#10906 = EDGE_CURVE('',#10907,#10909,#10911,.T.);
#10907 = VERTEX_POINT('',#10908);
#10908 = CARTESIAN_POINT('',(1.75,0.281578947368,-3.2));
#10909 = VERTEX_POINT('',#10910);
#10910 = CARTESIAN_POINT('',(1.75,-0.218421052632,-3.2));
#10911 = LINE('',#10912,#10913);
#10912 = CARTESIAN_POINT('',(1.75,0.25,-3.2));
#10913 = VECTOR('',#10914,1.);
#10914 = DIRECTION('',(-1.224646799147E-16,-1.,0.));
#10915 = ORIENTED_EDGE('',*,*,#10916,.T.);
#10916 = EDGE_CURVE('',#10909,#10917,#10919,.T.);
#10917 = VERTEX_POINT('',#10918);
#10918 = CARTESIAN_POINT('',(1.75,5.E-02,-1.5));
#10919 = LINE('',#10920,#10921);
#10920 = CARTESIAN_POINT('',(1.75,-0.25,-3.4));
#10921 = VECTOR('',#10922,1.);
#10922 = DIRECTION('',(1.909990663905E-17,0.155962573473,0.987762965329)
  );
#10923 = ORIENTED_EDGE('',*,*,#10924,.T.);
#10924 = EDGE_CURVE('',#10917,#10925,#10927,.T.);
#10925 = VERTEX_POINT('',#10926);
#10926 = CARTESIAN_POINT('',(1.75,-0.25,-0.9));
#10927 = LINE('',#10928,#10929);
#10928 = CARTESIAN_POINT('',(1.75,5.E-02,-1.5));
#10929 = VECTOR('',#10930,1.);
#10930 = DIRECTION('',(-5.476786982641E-17,-0.4472135955,0.894427191));
#10931 = ORIENTED_EDGE('',*,*,#10932,.T.);
#10932 = EDGE_CURVE('',#10925,#10196,#10933,.T.);
#10933 = LINE('',#10934,#10935);
#10934 = CARTESIAN_POINT('',(1.75,-0.25,-0.9));
#10935 = VECTOR('',#10936,1.);
#10936 = DIRECTION('',(0.,0.,1.));
#10937 = ORIENTED_EDGE('',*,*,#10203,.F.);
#10938 = ORIENTED_EDGE('',*,*,#10884,.T.);
#10939 = ORIENTED_EDGE('',*,*,#10940,.T.);
#10940 = EDGE_CURVE('',#10885,#10941,#10943,.T.);
#10941 = VERTEX_POINT('',#10942);
#10942 = CARTESIAN_POINT('',(1.75,0.55,-1.5));
#10943 = LINE('',#10944,#10945);
#10944 = CARTESIAN_POINT('',(1.75,0.25,-0.9));
#10945 = VECTOR('',#10946,1.);
#10946 = DIRECTION('',(5.476786982641E-17,0.4472135955,-0.894427191));
#10947 = ORIENTED_EDGE('',*,*,#10948,.T.);
#10948 = EDGE_CURVE('',#10941,#10907,#10949,.T.);
#10949 = LINE('',#10950,#10951);
#10950 = CARTESIAN_POINT('',(1.75,0.55,-1.5));
#10951 = VECTOR('',#10952,1.);
#10952 = DIRECTION('',(-1.909990663905E-17,-0.155962573473,
    -0.987762965329));
#10953 = PLANE('',#10954);
#10954 = AXIS2_PLACEMENT_3D('',#10955,#10956,#10957);
#10955 = CARTESIAN_POINT('',(1.75,4.326643272645E-02,0.775746953017));
#10956 = DIRECTION('',(-1.,1.224646799147E-16,0.));
#10957 = DIRECTION('',(0.,0.,1.));
#10958 = ADVANCED_FACE('',(#10959),#10977,.F.);
#10959 = FACE_BOUND('',#10960,.F.);
#10960 = EDGE_LOOP('',(#10961,#10969,#10975,#10976));
#10961 = ORIENTED_EDGE('',*,*,#10962,.F.);
#10962 = EDGE_CURVE('',#10963,#10188,#10965,.T.);
#10963 = VERTEX_POINT('',#10964);
#10964 = CARTESIAN_POINT('',(2.25,-0.25,-0.9));
#10965 = LINE('',#10966,#10967);
#10966 = CARTESIAN_POINT('',(2.25,-0.25,-0.9));
#10967 = VECTOR('',#10968,1.);
#10968 = DIRECTION('',(0.,0.,1.));
#10969 = ORIENTED_EDGE('',*,*,#10970,.T.);
#10970 = EDGE_CURVE('',#10963,#10925,#10971,.T.);
#10971 = LINE('',#10972,#10973);
#10972 = CARTESIAN_POINT('',(2.25,-0.25,-0.9));
#10973 = VECTOR('',#10974,1.);
#10974 = DIRECTION('',(-1.,1.224646799147E-16,0.));
#10975 = ORIENTED_EDGE('',*,*,#10932,.T.);
#10976 = ORIENTED_EDGE('',*,*,#10195,.F.);
#10977 = PLANE('',#10978);
#10978 = AXIS2_PLACEMENT_3D('',#10979,#10980,#10981);
#10979 = CARTESIAN_POINT('',(2.25,-0.25,-0.9));
#10980 = DIRECTION('',(1.224646799147E-16,1.,0.));
#10981 = DIRECTION('',(0.,-0.,1.));
#10982 = ADVANCED_FACE('',(#10983),#11026,.F.);
#10983 = FACE_BOUND('',#10984,.F.);
#10984 = EDGE_LOOP('',(#10985,#10995,#11003,#11009,#11010,#11011,#11012,
    #11020));
#10985 = ORIENTED_EDGE('',*,*,#10986,.T.);
#10986 = EDGE_CURVE('',#10987,#10989,#10991,.T.);
#10987 = VERTEX_POINT('',#10988);
#10988 = CARTESIAN_POINT('',(2.25,0.281578947368,-3.2));
#10989 = VERTEX_POINT('',#10990);
#10990 = CARTESIAN_POINT('',(2.25,-0.218421052632,-3.2));
#10991 = LINE('',#10992,#10993);
#10992 = CARTESIAN_POINT('',(2.25,0.25,-3.2));
#10993 = VECTOR('',#10994,1.);
#10994 = DIRECTION('',(-1.224646799147E-16,-1.,0.));
#10995 = ORIENTED_EDGE('',*,*,#10996,.T.);
#10996 = EDGE_CURVE('',#10989,#10997,#10999,.T.);
#10997 = VERTEX_POINT('',#10998);
#10998 = CARTESIAN_POINT('',(2.25,5.E-02,-1.5));
#10999 = LINE('',#11000,#11001);
#11000 = CARTESIAN_POINT('',(2.25,-0.25,-3.4));
#11001 = VECTOR('',#11002,1.);
#11002 = DIRECTION('',(1.909990663905E-17,0.155962573473,0.987762965329)
  );
#11003 = ORIENTED_EDGE('',*,*,#11004,.T.);
#11004 = EDGE_CURVE('',#10997,#10963,#11005,.T.);
#11005 = LINE('',#11006,#11007);
#11006 = CARTESIAN_POINT('',(2.25,5.E-02,-1.5));
#11007 = VECTOR('',#11008,1.);
#11008 = DIRECTION('',(-5.476786982641E-17,-0.4472135955,0.894427191));
#11009 = ORIENTED_EDGE('',*,*,#10962,.T.);
#11010 = ORIENTED_EDGE('',*,*,#10187,.F.);
#11011 = ORIENTED_EDGE('',*,*,#10875,.T.);
#11012 = ORIENTED_EDGE('',*,*,#11013,.T.);
#11013 = EDGE_CURVE('',#10876,#11014,#11016,.T.);
#11014 = VERTEX_POINT('',#11015);
#11015 = CARTESIAN_POINT('',(2.25,0.55,-1.5));
#11016 = LINE('',#11017,#11018);
#11017 = CARTESIAN_POINT('',(2.25,0.25,-0.9));
#11018 = VECTOR('',#11019,1.);
#11019 = DIRECTION('',(5.476786982641E-17,0.4472135955,-0.894427191));
#11020 = ORIENTED_EDGE('',*,*,#11021,.T.);
#11021 = EDGE_CURVE('',#11014,#10987,#11022,.T.);
#11022 = LINE('',#11023,#11024);
#11023 = CARTESIAN_POINT('',(2.25,0.55,-1.5));
#11024 = VECTOR('',#11025,1.);
#11025 = DIRECTION('',(-1.909990663905E-17,-0.155962573473,
    -0.987762965329));
#11026 = PLANE('',#11027);
#11027 = AXIS2_PLACEMENT_3D('',#11028,#11029,#11030);
#11028 = CARTESIAN_POINT('',(2.25,4.326643272645E-02,0.775746953017));
#11029 = DIRECTION('',(-1.,1.224646799147E-16,0.));
#11030 = DIRECTION('',(0.,0.,1.));
#11031 = ADVANCED_FACE('',(#11032),#11038,.F.);
#11032 = FACE_BOUND('',#11033,.F.);
#11033 = EDGE_LOOP('',(#11034,#11035,#11036,#11037));
#11034 = ORIENTED_EDGE('',*,*,#10435,.T.);
#11035 = ORIENTED_EDGE('',*,*,#10251,.T.);
#11036 = ORIENTED_EDGE('',*,*,#10297,.F.);
#11037 = ORIENTED_EDGE('',*,*,#10346,.F.);
#11038 = PLANE('',#11039);
#11039 = AXIS2_PLACEMENT_3D('',#11040,#11041,#11042);
#11040 = CARTESIAN_POINT('',(-0.45,1.75,4.2));
#11041 = DIRECTION('',(-1.224646799147E-16,-1.,0.));
#11042 = DIRECTION('',(-1.,1.224646799147E-16,0.));
#11043 = ADVANCED_FACE('',(#11044,#11073,#11107),#11141,.T.);
#11044 = FACE_BOUND('',#11045,.T.);
#11045 = EDGE_LOOP('',(#11046,#11047,#11048,#11049,#11050,#11058,#11066,
    #11072));
#11046 = ORIENTED_EDGE('',*,*,#10620,.T.);
#11047 = ORIENTED_EDGE('',*,*,#10648,.T.);
#11048 = ORIENTED_EDGE('',*,*,#10712,.T.);
#11049 = ORIENTED_EDGE('',*,*,#10753,.T.);
#11050 = ORIENTED_EDGE('',*,*,#11051,.F.);
#11051 = EDGE_CURVE('',#11052,#10754,#11054,.T.);
#11052 = VERTEX_POINT('',#11053);
#11053 = CARTESIAN_POINT('',(0.8,-2.,1.8));
#11054 = LINE('',#11055,#11056);
#11055 = CARTESIAN_POINT('',(0.8,-2.,1.8));
#11056 = VECTOR('',#11057,1.);
#11057 = DIRECTION('',(-1.224646799147E-16,-1.,0.));
#11058 = ORIENTED_EDGE('',*,*,#11059,.F.);
#11059 = EDGE_CURVE('',#11060,#11052,#11062,.T.);
#11060 = VERTEX_POINT('',#11061);
#11061 = CARTESIAN_POINT('',(1.2,-2.,1.8));
#11062 = LINE('',#11063,#11064);
#11063 = CARTESIAN_POINT('',(1.2,-2.,1.8));
#11064 = VECTOR('',#11065,1.);
#11065 = DIRECTION('',(-1.,1.224646799147E-16,0.));
#11066 = ORIENTED_EDGE('',*,*,#11067,.F.);
#11067 = EDGE_CURVE('',#10778,#11060,#11068,.T.);
#11068 = LINE('',#11069,#11070);
#11069 = CARTESIAN_POINT('',(1.2,-2.3,1.8));
#11070 = VECTOR('',#11071,1.);
#11071 = DIRECTION('',(1.224646799147E-16,1.,0.));
#11072 = ORIENTED_EDGE('',*,*,#10785,.T.);
#11073 = FACE_BOUND('',#11074,.T.);
#11074 = EDGE_LOOP('',(#11075,#11085,#11093,#11101));
#11075 = ORIENTED_EDGE('',*,*,#11076,.T.);
#11076 = EDGE_CURVE('',#11077,#11079,#11081,.T.);
#11077 = VERTEX_POINT('',#11078);
#11078 = CARTESIAN_POINT('',(1.75,0.25,1.8));
#11079 = VERTEX_POINT('',#11080);
#11080 = CARTESIAN_POINT('',(2.25,0.25,1.8));
#11081 = LINE('',#11082,#11083);
#11082 = CARTESIAN_POINT('',(1.625,0.25,1.8));
#11083 = VECTOR('',#11084,1.);
#11084 = DIRECTION('',(1.,-1.224646799147E-16,0.));
#11085 = ORIENTED_EDGE('',*,*,#11086,.T.);
#11086 = EDGE_CURVE('',#11079,#11087,#11089,.T.);
#11087 = VERTEX_POINT('',#11088);
#11088 = CARTESIAN_POINT('',(2.25,-0.25,1.8));
#11089 = LINE('',#11090,#11091);
#11090 = CARTESIAN_POINT('',(2.25,-0.278366783637,1.8));
#11091 = VECTOR('',#11092,1.);
#11092 = DIRECTION('',(-1.224646799147E-16,-1.,0.));
#11093 = ORIENTED_EDGE('',*,*,#11094,.T.);
#11094 = EDGE_CURVE('',#11087,#11095,#11097,.T.);
#11095 = VERTEX_POINT('',#11096);
#11096 = CARTESIAN_POINT('',(1.75,-0.25,1.8));
#11097 = LINE('',#11098,#11099);
#11098 = CARTESIAN_POINT('',(1.625,-0.25,1.8));
#11099 = VECTOR('',#11100,1.);
#11100 = DIRECTION('',(-1.,1.224646799147E-16,0.));
#11101 = ORIENTED_EDGE('',*,*,#11102,.F.);
#11102 = EDGE_CURVE('',#11077,#11095,#11103,.T.);
#11103 = LINE('',#11104,#11105);
#11104 = CARTESIAN_POINT('',(1.75,-0.278366783637,1.8));
#11105 = VECTOR('',#11106,1.);
#11106 = DIRECTION('',(-1.224646799147E-16,-1.,0.));
#11107 = FACE_BOUND('',#11108,.T.);
#11108 = EDGE_LOOP('',(#11109,#11119,#11127,#11135));
#11109 = ORIENTED_EDGE('',*,*,#11110,.T.);
#11110 = EDGE_CURVE('',#11111,#11113,#11115,.T.);
#11111 = VERTEX_POINT('',#11112);
#11112 = CARTESIAN_POINT('',(-0.25,0.25,1.8));
#11113 = VERTEX_POINT('',#11114);
#11114 = CARTESIAN_POINT('',(0.25,0.25,1.8));
#11115 = LINE('',#11116,#11117);
#11116 = CARTESIAN_POINT('',(0.625,0.25,1.8));
#11117 = VECTOR('',#11118,1.);
#11118 = DIRECTION('',(1.,-1.224646799147E-16,0.));
#11119 = ORIENTED_EDGE('',*,*,#11120,.T.);
#11120 = EDGE_CURVE('',#11113,#11121,#11123,.T.);
#11121 = VERTEX_POINT('',#11122);
#11122 = CARTESIAN_POINT('',(0.25,-0.25,1.8));
#11123 = LINE('',#11124,#11125);
#11124 = CARTESIAN_POINT('',(0.25,-0.278366783637,1.8));
#11125 = VECTOR('',#11126,1.);
#11126 = DIRECTION('',(-1.224646799147E-16,-1.,0.));
#11127 = ORIENTED_EDGE('',*,*,#11128,.T.);
#11128 = EDGE_CURVE('',#11121,#11129,#11131,.T.);
#11129 = VERTEX_POINT('',#11130);
#11130 = CARTESIAN_POINT('',(-0.25,-0.25,1.8));
#11131 = LINE('',#11132,#11133);
#11132 = CARTESIAN_POINT('',(0.625,-0.25,1.8));
#11133 = VECTOR('',#11134,1.);
#11134 = DIRECTION('',(-1.,1.224646799147E-16,0.));
#11135 = ORIENTED_EDGE('',*,*,#11136,.F.);
#11136 = EDGE_CURVE('',#11111,#11129,#11137,.T.);
#11137 = LINE('',#11138,#11139);
#11138 = CARTESIAN_POINT('',(-0.25,-0.278366783637,1.8));
#11139 = VECTOR('',#11140,1.);
#11140 = DIRECTION('',(-1.224646799147E-16,-1.,0.));
#11141 = PLANE('',#11142);
#11142 = AXIS2_PLACEMENT_3D('',#11143,#11144,#11145);
#11143 = CARTESIAN_POINT('',(1.,-0.6,1.8));
#11144 = DIRECTION('',(0.,0.,1.));
#11145 = DIRECTION('',(-1.,1.224646799147E-16,0.));
#11146 = ADVANCED_FACE('',(#11147),#11165,.F.);
#11147 = FACE_BOUND('',#11148,.F.);
#11148 = EDGE_LOOP('',(#11149,#11150,#11158,#11164));
#11149 = ORIENTED_EDGE('',*,*,#10777,.T.);
#11150 = ORIENTED_EDGE('',*,*,#11151,.T.);
#11151 = EDGE_CURVE('',#10770,#11152,#11154,.T.);
#11152 = VERTEX_POINT('',#11153);
#11153 = CARTESIAN_POINT('',(1.2,-2.,3.7));
#11154 = LINE('',#11155,#11156);
#11155 = CARTESIAN_POINT('',(1.2,-2.3,3.7));
#11156 = VECTOR('',#11157,1.);
#11157 = DIRECTION('',(1.224646799147E-16,1.,0.));
#11158 = ORIENTED_EDGE('',*,*,#11159,.F.);
#11159 = EDGE_CURVE('',#11060,#11152,#11160,.T.);
#11160 = LINE('',#11161,#11162);
#11161 = CARTESIAN_POINT('',(1.2,-2.,1.8));
#11162 = VECTOR('',#11163,1.);
#11163 = DIRECTION('',(0.,0.,1.));
#11164 = ORIENTED_EDGE('',*,*,#11067,.F.);
#11165 = PLANE('',#11166);
#11166 = AXIS2_PLACEMENT_3D('',#11167,#11168,#11169);
#11167 = CARTESIAN_POINT('',(1.2,-2.3,1.8));
#11168 = DIRECTION('',(-1.,1.224646799147E-16,0.));
#11169 = DIRECTION('',(1.224646799147E-16,1.,0.));
#11170 = ADVANCED_FACE('',(#11171),#11189,.T.);
#11171 = FACE_BOUND('',#11172,.T.);
#11172 = EDGE_LOOP('',(#11173,#11181,#11187,#11188));
#11173 = ORIENTED_EDGE('',*,*,#11174,.T.);
#11174 = EDGE_CURVE('',#11152,#11175,#11177,.T.);
#11175 = VERTEX_POINT('',#11176);
#11176 = CARTESIAN_POINT('',(0.8,-2.,3.7));
#11177 = LINE('',#11178,#11179);
#11178 = CARTESIAN_POINT('',(1.2,-2.,3.7));
#11179 = VECTOR('',#11180,1.);
#11180 = DIRECTION('',(-1.,1.224646799147E-16,0.));
#11181 = ORIENTED_EDGE('',*,*,#11182,.T.);
#11182 = EDGE_CURVE('',#11175,#10762,#11183,.T.);
#11183 = LINE('',#11184,#11185);
#11184 = CARTESIAN_POINT('',(0.8,-2.,3.7));
#11185 = VECTOR('',#11186,1.);
#11186 = DIRECTION('',(-1.224646799147E-16,-1.,0.));
#11187 = ORIENTED_EDGE('',*,*,#10769,.T.);
#11188 = ORIENTED_EDGE('',*,*,#11151,.T.);
#11189 = PLANE('',#11190);
#11190 = AXIS2_PLACEMENT_3D('',#11191,#11192,#11193);
#11191 = CARTESIAN_POINT('',(1.,-2.15,3.7));
#11192 = DIRECTION('',(0.,0.,1.));
#11193 = DIRECTION('',(-1.,1.224646799147E-16,0.));
#11194 = ADVANCED_FACE('',(#11195),#11206,.F.);
#11195 = FACE_BOUND('',#11196,.F.);
#11196 = EDGE_LOOP('',(#11197,#11203,#11204,#11205));
#11197 = ORIENTED_EDGE('',*,*,#11198,.T.);
#11198 = EDGE_CURVE('',#11052,#11175,#11199,.T.);
#11199 = LINE('',#11200,#11201);
#11200 = CARTESIAN_POINT('',(0.8,-2.,1.8));
#11201 = VECTOR('',#11202,1.);
#11202 = DIRECTION('',(0.,0.,1.));
#11203 = ORIENTED_EDGE('',*,*,#11182,.T.);
#11204 = ORIENTED_EDGE('',*,*,#10761,.F.);
#11205 = ORIENTED_EDGE('',*,*,#11051,.F.);
#11206 = PLANE('',#11207);
#11207 = AXIS2_PLACEMENT_3D('',#11208,#11209,#11210);
#11208 = CARTESIAN_POINT('',(0.8,-2.,1.8));
#11209 = DIRECTION('',(1.,-1.224646799147E-16,0.));
#11210 = DIRECTION('',(-1.224646799147E-16,-1.,0.));
#11211 = ADVANCED_FACE('',(#11212),#11237,.F.);
#11212 = FACE_BOUND('',#11213,.F.);
#11213 = EDGE_LOOP('',(#11214,#11222,#11223,#11231));
#11214 = ORIENTED_EDGE('',*,*,#11215,.F.);
#11215 = EDGE_CURVE('',#10809,#11216,#11218,.T.);
#11216 = VERTEX_POINT('',#11217);
#11217 = CARTESIAN_POINT('',(0.25,0.25,-0.9));
#11218 = LINE('',#11219,#11220);
#11219 = CARTESIAN_POINT('',(0.25,0.25,5.));
#11220 = VECTOR('',#11221,1.);
#11221 = DIRECTION('',(-0.,0.,-1.));
#11222 = ORIENTED_EDGE('',*,*,#10806,.F.);
#11223 = ORIENTED_EDGE('',*,*,#11224,.T.);
#11224 = EDGE_CURVE('',#10807,#11225,#11227,.T.);
#11225 = VERTEX_POINT('',#11226);
#11226 = CARTESIAN_POINT('',(-0.25,0.25,-0.9));
#11227 = LINE('',#11228,#11229);
#11228 = CARTESIAN_POINT('',(-0.25,0.25,5.));
#11229 = VECTOR('',#11230,1.);
#11230 = DIRECTION('',(-0.,0.,-1.));
#11231 = ORIENTED_EDGE('',*,*,#11232,.F.);
#11232 = EDGE_CURVE('',#11216,#11225,#11233,.T.);
#11233 = LINE('',#11234,#11235);
#11234 = CARTESIAN_POINT('',(0.25,0.25,-0.9));
#11235 = VECTOR('',#11236,1.);
#11236 = DIRECTION('',(-1.,1.224646799147E-16,0.));
#11237 = PLANE('',#11238);
#11238 = AXIS2_PLACEMENT_3D('',#11239,#11240,#11241);
#11239 = CARTESIAN_POINT('',(0.25,0.25,5.));
#11240 = DIRECTION('',(-1.224646799147E-16,-1.,0.));
#11241 = DIRECTION('',(-0.,0.,-1.));
#11242 = ADVANCED_FACE('',(#11243),#11293,.T.);
#11243 = FACE_BOUND('',#11244,.T.);
#11244 = EDGE_LOOP('',(#11245,#11255,#11263,#11271,#11277,#11278,#11279,
    #11287));
#11245 = ORIENTED_EDGE('',*,*,#11246,.T.);
#11246 = EDGE_CURVE('',#11247,#11249,#11251,.T.);
#11247 = VERTEX_POINT('',#11248);
#11248 = CARTESIAN_POINT('',(-0.25,0.281578947368,-3.2));
#11249 = VERTEX_POINT('',#11250);
#11250 = CARTESIAN_POINT('',(-0.25,-0.218421052632,-3.2));
#11251 = LINE('',#11252,#11253);
#11252 = CARTESIAN_POINT('',(-0.25,0.25,-3.2));
#11253 = VECTOR('',#11254,1.);
#11254 = DIRECTION('',(-1.224646799147E-16,-1.,0.));
#11255 = ORIENTED_EDGE('',*,*,#11256,.T.);
#11256 = EDGE_CURVE('',#11249,#11257,#11259,.T.);
#11257 = VERTEX_POINT('',#11258);
#11258 = CARTESIAN_POINT('',(-0.25,5.E-02,-1.5));
#11259 = LINE('',#11260,#11261);
#11260 = CARTESIAN_POINT('',(-0.25,-0.25,-3.4));
#11261 = VECTOR('',#11262,1.);
#11262 = DIRECTION('',(1.909990663905E-17,0.155962573473,0.987762965329)
  );
#11263 = ORIENTED_EDGE('',*,*,#11264,.T.);
#11264 = EDGE_CURVE('',#11257,#11265,#11267,.T.);
#11265 = VERTEX_POINT('',#11266);
#11266 = CARTESIAN_POINT('',(-0.25,-0.25,-0.9));
#11267 = LINE('',#11268,#11269);
#11268 = CARTESIAN_POINT('',(-0.25,5.E-02,-1.5));
#11269 = VECTOR('',#11270,1.);
#11270 = DIRECTION('',(-5.476786982641E-17,-0.4472135955,0.894427191));
#11271 = ORIENTED_EDGE('',*,*,#11272,.T.);
#11272 = EDGE_CURVE('',#11265,#10825,#11273,.T.);
#11273 = LINE('',#11274,#11275);
#11274 = CARTESIAN_POINT('',(-0.25,-0.25,-0.9));
#11275 = VECTOR('',#11276,1.);
#11276 = DIRECTION('',(0.,0.,1.));
#11277 = ORIENTED_EDGE('',*,*,#10832,.F.);
#11278 = ORIENTED_EDGE('',*,*,#11224,.T.);
#11279 = ORIENTED_EDGE('',*,*,#11280,.T.);
#11280 = EDGE_CURVE('',#11225,#11281,#11283,.T.);
#11281 = VERTEX_POINT('',#11282);
#11282 = CARTESIAN_POINT('',(-0.25,0.55,-1.5));
#11283 = LINE('',#11284,#11285);
#11284 = CARTESIAN_POINT('',(-0.25,0.25,-0.9));
#11285 = VECTOR('',#11286,1.);
#11286 = DIRECTION('',(5.476786982641E-17,0.4472135955,-0.894427191));
#11287 = ORIENTED_EDGE('',*,*,#11288,.T.);
#11288 = EDGE_CURVE('',#11281,#11247,#11289,.T.);
#11289 = LINE('',#11290,#11291);
#11290 = CARTESIAN_POINT('',(-0.25,0.55,-1.5));
#11291 = VECTOR('',#11292,1.);
#11292 = DIRECTION('',(-1.909990663905E-17,-0.155962573473,
    -0.987762965329));
#11293 = PLANE('',#11294);
#11294 = AXIS2_PLACEMENT_3D('',#11295,#11296,#11297);
#11295 = CARTESIAN_POINT('',(-0.25,4.326643272645E-02,0.775746953017));
#11296 = DIRECTION('',(-1.,1.224646799147E-16,0.));
#11297 = DIRECTION('',(0.,0.,1.));
#11298 = ADVANCED_FACE('',(#11299),#11317,.F.);
#11299 = FACE_BOUND('',#11300,.F.);
#11300 = EDGE_LOOP('',(#11301,#11309,#11315,#11316));
#11301 = ORIENTED_EDGE('',*,*,#11302,.F.);
#11302 = EDGE_CURVE('',#11303,#10817,#11305,.T.);
#11303 = VERTEX_POINT('',#11304);
#11304 = CARTESIAN_POINT('',(0.25,-0.25,-0.9));
#11305 = LINE('',#11306,#11307);
#11306 = CARTESIAN_POINT('',(0.25,-0.25,-0.9));
#11307 = VECTOR('',#11308,1.);
#11308 = DIRECTION('',(0.,0.,1.));
#11309 = ORIENTED_EDGE('',*,*,#11310,.T.);
#11310 = EDGE_CURVE('',#11303,#11265,#11311,.T.);
#11311 = LINE('',#11312,#11313);
#11312 = CARTESIAN_POINT('',(0.25,-0.25,-0.9));
#11313 = VECTOR('',#11314,1.);
#11314 = DIRECTION('',(-1.,1.224646799147E-16,0.));
#11315 = ORIENTED_EDGE('',*,*,#11272,.T.);
#11316 = ORIENTED_EDGE('',*,*,#10824,.F.);
#11317 = PLANE('',#11318);
#11318 = AXIS2_PLACEMENT_3D('',#11319,#11320,#11321);
#11319 = CARTESIAN_POINT('',(0.25,-0.25,-0.9));
#11320 = DIRECTION('',(1.224646799147E-16,1.,0.));
#11321 = DIRECTION('',(0.,-0.,1.));
#11322 = ADVANCED_FACE('',(#11323),#11366,.F.);
#11323 = FACE_BOUND('',#11324,.F.);
#11324 = EDGE_LOOP('',(#11325,#11335,#11343,#11349,#11350,#11351,#11352,
    #11360));
#11325 = ORIENTED_EDGE('',*,*,#11326,.T.);
#11326 = EDGE_CURVE('',#11327,#11329,#11331,.T.);
#11327 = VERTEX_POINT('',#11328);
#11328 = CARTESIAN_POINT('',(0.25,0.281578947368,-3.2));
#11329 = VERTEX_POINT('',#11330);
#11330 = CARTESIAN_POINT('',(0.25,-0.218421052632,-3.2));
#11331 = LINE('',#11332,#11333);
#11332 = CARTESIAN_POINT('',(0.25,0.25,-3.2));
#11333 = VECTOR('',#11334,1.);
#11334 = DIRECTION('',(-1.224646799147E-16,-1.,0.));
#11335 = ORIENTED_EDGE('',*,*,#11336,.T.);
#11336 = EDGE_CURVE('',#11329,#11337,#11339,.T.);
#11337 = VERTEX_POINT('',#11338);
#11338 = CARTESIAN_POINT('',(0.25,5.E-02,-1.5));
#11339 = LINE('',#11340,#11341);
#11340 = CARTESIAN_POINT('',(0.25,-0.25,-3.4));
#11341 = VECTOR('',#11342,1.);
#11342 = DIRECTION('',(1.909990663905E-17,0.155962573473,0.987762965329)
  );
#11343 = ORIENTED_EDGE('',*,*,#11344,.T.);
#11344 = EDGE_CURVE('',#11337,#11303,#11345,.T.);
#11345 = LINE('',#11346,#11347);
#11346 = CARTESIAN_POINT('',(0.25,5.E-02,-1.5));
#11347 = VECTOR('',#11348,1.);
#11348 = DIRECTION('',(-5.476786982641E-17,-0.4472135955,0.894427191));
#11349 = ORIENTED_EDGE('',*,*,#11302,.T.);
#11350 = ORIENTED_EDGE('',*,*,#10816,.F.);
#11351 = ORIENTED_EDGE('',*,*,#11215,.T.);
#11352 = ORIENTED_EDGE('',*,*,#11353,.T.);
#11353 = EDGE_CURVE('',#11216,#11354,#11356,.T.);
#11354 = VERTEX_POINT('',#11355);
#11355 = CARTESIAN_POINT('',(0.25,0.55,-1.5));
#11356 = LINE('',#11357,#11358);
#11357 = CARTESIAN_POINT('',(0.25,0.25,-0.9));
#11358 = VECTOR('',#11359,1.);
#11359 = DIRECTION('',(5.476786982641E-17,0.4472135955,-0.894427191));
#11360 = ORIENTED_EDGE('',*,*,#11361,.T.);
#11361 = EDGE_CURVE('',#11354,#11327,#11362,.T.);
#11362 = LINE('',#11363,#11364);
#11363 = CARTESIAN_POINT('',(0.25,0.55,-1.5));
#11364 = VECTOR('',#11365,1.);
#11365 = DIRECTION('',(-1.909990663905E-17,-0.155962573473,
    -0.987762965329));
#11366 = PLANE('',#11367);
#11367 = AXIS2_PLACEMENT_3D('',#11368,#11369,#11370);
#11368 = CARTESIAN_POINT('',(0.25,4.326643272645E-02,0.775746953017));
#11369 = DIRECTION('',(-1.,1.224646799147E-16,0.));
#11370 = DIRECTION('',(0.,0.,1.));
#11371 = ADVANCED_FACE('',(#11372),#11383,.F.);
#11372 = FACE_BOUND('',#11373,.F.);
#11373 = EDGE_LOOP('',(#11374,#11375,#11376,#11382));
#11374 = ORIENTED_EDGE('',*,*,#10892,.T.);
#11375 = ORIENTED_EDGE('',*,*,#10940,.T.);
#11376 = ORIENTED_EDGE('',*,*,#11377,.F.);
#11377 = EDGE_CURVE('',#11014,#10941,#11378,.T.);
#11378 = LINE('',#11379,#11380);
#11379 = CARTESIAN_POINT('',(2.25,0.55,-1.5));
#11380 = VECTOR('',#11381,1.);
#11381 = DIRECTION('',(-1.,1.224646799147E-16,0.));
#11382 = ORIENTED_EDGE('',*,*,#11013,.F.);
#11383 = PLANE('',#11384);
#11384 = AXIS2_PLACEMENT_3D('',#11385,#11386,#11387);
#11385 = CARTESIAN_POINT('',(2.25,0.25,-0.9));
#11386 = DIRECTION('',(-1.095357396528E-16,-0.894427191,-0.4472135955));
#11387 = DIRECTION('',(5.476786982641E-17,0.4472135955,-0.894427191));
#11388 = ADVANCED_FACE('',(#11389),#11430,.F.);
#11389 = FACE_BOUND('',#11390,.T.);
#11390 = EDGE_LOOP('',(#11391,#11401,#11407,#11408,#11416,#11424));
#11391 = ORIENTED_EDGE('',*,*,#11392,.T.);
#11392 = EDGE_CURVE('',#11393,#11395,#11397,.T.);
#11393 = VERTEX_POINT('',#11394);
#11394 = CARTESIAN_POINT('',(1.95,-5.E-02,-3.4));
#11395 = VERTEX_POINT('',#11396);
#11396 = CARTESIAN_POINT('',(1.752447406934,-0.218807485305,
    -3.202447406934));
#11397 = LINE('',#11398,#11399);
#11398 = CARTESIAN_POINT('',(1.983963101414,-2.097873708559E-02,
    -3.433963101414));
#11399 = VECTOR('',#11400,1.);
#11400 = DIRECTION('',(-0.605209817607,-0.517148096144,0.605209817607));
#11401 = ORIENTED_EDGE('',*,*,#11402,.T.);
#11402 = EDGE_CURVE('',#11395,#10909,#11403,.T.);
#11403 = LINE('',#11404,#11405);
#11404 = CARTESIAN_POINT('',(1.955198358413,-0.250820793434,
    -3.405198358413));
#11405 = VECTOR('',#11406,1.);
#11406 = DIRECTION('',(-0.702740385383,0.110959008218,0.702740385383));
#11407 = ORIENTED_EDGE('',*,*,#10906,.F.);
#11408 = ORIENTED_EDGE('',*,*,#11409,.F.);
#11409 = EDGE_CURVE('',#11410,#10907,#11412,.T.);
#11410 = VERTEX_POINT('',#11411);
#11411 = CARTESIAN_POINT('',(1.752447406934,0.281192514695,
    -3.202447406934));
#11412 = LINE('',#11413,#11414);
#11413 = CARTESIAN_POINT('',(1.493844049248,0.322024623803,
    -2.943844049248));
#11414 = VECTOR('',#11415,1.);
#11415 = DIRECTION('',(-0.702740385383,0.110959008218,0.702740385383));
#11416 = ORIENTED_EDGE('',*,*,#11417,.F.);
#11417 = EDGE_CURVE('',#11418,#11410,#11420,.T.);
#11418 = VERTEX_POINT('',#11419);
#11419 = CARTESIAN_POINT('',(1.95,5.E-02,-3.4));
#11420 = LINE('',#11421,#11422);
#11421 = CARTESIAN_POINT('',(1.895376695718,0.113924744707,
    -3.345376695718));
#11422 = VECTOR('',#11423,1.);
#11423 = DIRECTION('',(-0.544770019249,0.63753529491,0.544770019249));
#11424 = ORIENTED_EDGE('',*,*,#11425,.T.);
#11425 = EDGE_CURVE('',#11418,#11393,#11426,.T.);
#11426 = LINE('',#11427,#11428);
#11427 = CARTESIAN_POINT('',(1.95,0.25,-3.4));
#11428 = VECTOR('',#11429,1.);
#11429 = DIRECTION('',(-1.224646799147E-16,-1.,0.));
#11430 = PLANE('',#11431);
#11431 = AXIS2_PLACEMENT_3D('',#11432,#11433,#11434);
#11432 = CARTESIAN_POINT('',(1.85,0.25,-3.3));
#11433 = DIRECTION('',(0.707106781187,-8.833102285013E-17,0.707106781187
    ));
#11434 = DIRECTION('',(1.236918052038E-16,1.,1.227125289097E-18));
#11435 = ADVANCED_FACE('',(#11436),#11456,.F.);
#11436 = FACE_BOUND('',#11437,.F.);
#11437 = EDGE_LOOP('',(#11438,#11439,#11440,#11441,#11442,#11450));
#11438 = ORIENTED_EDGE('',*,*,#11021,.F.);
#11439 = ORIENTED_EDGE('',*,*,#11377,.T.);
#11440 = ORIENTED_EDGE('',*,*,#10948,.T.);
#11441 = ORIENTED_EDGE('',*,*,#11409,.F.);
#11442 = ORIENTED_EDGE('',*,*,#11443,.F.);
#11443 = EDGE_CURVE('',#11444,#11410,#11446,.T.);
#11444 = VERTEX_POINT('',#11445);
#11445 = CARTESIAN_POINT('',(2.247552593066,0.281192514695,
    -3.202447406934));
#11446 = LINE('',#11447,#11448);
#11447 = CARTESIAN_POINT('',(2.25,0.281192514695,-3.202447406934));
#11448 = VECTOR('',#11449,1.);
#11449 = DIRECTION('',(-1.,1.224646799147E-16,0.));
#11450 = ORIENTED_EDGE('',*,*,#11451,.T.);
#11451 = EDGE_CURVE('',#11444,#10987,#11452,.T.);
#11452 = LINE('',#11453,#11454);
#11453 = CARTESIAN_POINT('',(2.629616963064,0.341518467852,
    -2.820383036936));
#11454 = VECTOR('',#11455,1.);
#11455 = DIRECTION('',(0.702740385383,0.110959008218,0.702740385383));
#11456 = PLANE('',#11457);
#11457 = AXIS2_PLACEMENT_3D('',#11458,#11459,#11460);
#11458 = CARTESIAN_POINT('',(2.25,0.55,-1.5));
#11459 = DIRECTION('',(-1.209660753807E-16,-0.987762965329,
    0.155962573473));
#11460 = DIRECTION('',(-1.909990663905E-17,-0.155962573473,
    -0.987762965329));
#11461 = ADVANCED_FACE('',(#11462),#11473,.F.);
#11462 = FACE_BOUND('',#11463,.F.);
#11463 = EDGE_LOOP('',(#11464,#11470,#11471,#11472));
#11464 = ORIENTED_EDGE('',*,*,#11465,.T.);
#11465 = EDGE_CURVE('',#10997,#10917,#11466,.T.);
#11466 = LINE('',#11467,#11468);
#11467 = CARTESIAN_POINT('',(2.25,5.E-02,-1.5));
#11468 = VECTOR('',#11469,1.);
#11469 = DIRECTION('',(-1.,1.224646799147E-16,0.));
#11470 = ORIENTED_EDGE('',*,*,#10924,.T.);
#11471 = ORIENTED_EDGE('',*,*,#10970,.F.);
#11472 = ORIENTED_EDGE('',*,*,#11004,.F.);
#11473 = PLANE('',#11474);
#11474 = AXIS2_PLACEMENT_3D('',#11475,#11476,#11477);
#11475 = CARTESIAN_POINT('',(2.25,5.E-02,-1.5));
#11476 = DIRECTION('',(1.095357396528E-16,0.894427191,0.4472135955));
#11477 = DIRECTION('',(-5.476786982641E-17,-0.4472135955,0.894427191));
#11478 = ADVANCED_FACE('',(#11479),#11499,.F.);
#11479 = FACE_BOUND('',#11480,.F.);
#11480 = EDGE_LOOP('',(#11481,#11482,#11490,#11496,#11497,#11498));
#11481 = ORIENTED_EDGE('',*,*,#10996,.F.);
#11482 = ORIENTED_EDGE('',*,*,#11483,.F.);
#11483 = EDGE_CURVE('',#11484,#10989,#11486,.T.);
#11484 = VERTEX_POINT('',#11485);
#11485 = CARTESIAN_POINT('',(2.247552593066,-0.218807485305,
    -3.202447406934));
#11486 = LINE('',#11487,#11488);
#11487 = CARTESIAN_POINT('',(2.168262653899,-0.231326949384,
    -3.281737346101));
#11488 = VECTOR('',#11489,1.);
#11489 = DIRECTION('',(0.702740385383,0.110959008218,0.702740385383));
#11490 = ORIENTED_EDGE('',*,*,#11491,.T.);
#11491 = EDGE_CURVE('',#11484,#11395,#11492,.T.);
#11492 = LINE('',#11493,#11494);
#11493 = CARTESIAN_POINT('',(2.25,-0.218807485305,-3.202447406934));
#11494 = VECTOR('',#11495,1.);
#11495 = DIRECTION('',(-1.,1.224646799147E-16,0.));
#11496 = ORIENTED_EDGE('',*,*,#11402,.T.);
#11497 = ORIENTED_EDGE('',*,*,#10916,.T.);
#11498 = ORIENTED_EDGE('',*,*,#11465,.F.);
#11499 = PLANE('',#11500);
#11500 = AXIS2_PLACEMENT_3D('',#11501,#11502,#11503);
#11501 = CARTESIAN_POINT('',(2.25,-0.25,-3.4));
#11502 = DIRECTION('',(1.209660753807E-16,0.987762965329,-0.155962573473
    ));
#11503 = DIRECTION('',(1.909990663905E-17,0.155962573473,0.987762965329)
  );
#11504 = ADVANCED_FACE('',(#11505),#11532,.T.);
#11505 = FACE_BOUND('',#11506,.F.);
#11506 = EDGE_LOOP('',(#11507,#11515,#11516,#11517,#11518,#11526));
#11507 = ORIENTED_EDGE('',*,*,#11508,.T.);
#11508 = EDGE_CURVE('',#11509,#11484,#11511,.T.);
#11509 = VERTEX_POINT('',#11510);
#11510 = CARTESIAN_POINT('',(2.05,-5.E-02,-3.4));
#11511 = LINE('',#11512,#11513);
#11512 = CARTESIAN_POINT('',(2.107606629418,-9.922451332131E-02,
    -3.342393370582));
#11513 = VECTOR('',#11514,1.);
#11514 = DIRECTION('',(0.605209817607,-0.517148096144,0.605209817607));
#11515 = ORIENTED_EDGE('',*,*,#11483,.T.);
#11516 = ORIENTED_EDGE('',*,*,#10986,.F.);
#11517 = ORIENTED_EDGE('',*,*,#11451,.F.);
#11518 = ORIENTED_EDGE('',*,*,#11519,.F.);
#11519 = EDGE_CURVE('',#11520,#11444,#11522,.T.);
#11520 = VERTEX_POINT('',#11521);
#11521 = CARTESIAN_POINT('',(2.05,5.E-02,-3.4));
#11522 = LINE('',#11523,#11524);
#11523 = CARTESIAN_POINT('',(2.17881689775,0.200752273427,-3.27118310225
    ));
#11524 = VECTOR('',#11525,1.);
#11525 = DIRECTION('',(0.544770019249,0.63753529491,0.544770019249));
#11526 = ORIENTED_EDGE('',*,*,#11527,.T.);
#11527 = EDGE_CURVE('',#11520,#11509,#11528,.T.);
#11528 = LINE('',#11529,#11530);
#11529 = CARTESIAN_POINT('',(2.05,0.25,-3.4));
#11530 = VECTOR('',#11531,1.);
#11531 = DIRECTION('',(-1.224646799147E-16,-1.,0.));
#11532 = PLANE('',#11533);
#11533 = AXIS2_PLACEMENT_3D('',#11534,#11535,#11536);
#11534 = CARTESIAN_POINT('',(2.15,0.25,-3.3));
#11535 = DIRECTION('',(0.707106781187,-8.486018839685E-17,
    -0.707106781187));
#11536 = DIRECTION('',(1.212375546256E-16,1.,1.227125289196E-18));
#11537 = ADVANCED_FACE('',(#11538),#11544,.F.);
#11538 = FACE_BOUND('',#11539,.F.);
#11539 = EDGE_LOOP('',(#11540,#11541,#11542,#11543));
#11540 = ORIENTED_EDGE('',*,*,#11159,.T.);
#11541 = ORIENTED_EDGE('',*,*,#11174,.T.);
#11542 = ORIENTED_EDGE('',*,*,#11198,.F.);
#11543 = ORIENTED_EDGE('',*,*,#11059,.F.);
#11544 = PLANE('',#11545);
#11545 = AXIS2_PLACEMENT_3D('',#11546,#11547,#11548);
#11546 = CARTESIAN_POINT('',(1.2,-2.,1.8));
#11547 = DIRECTION('',(-1.224646799147E-16,-1.,0.));
#11548 = DIRECTION('',(-1.,1.224646799147E-16,0.));
#11549 = ADVANCED_FACE('',(#11550),#11575,.F.);
#11550 = FACE_BOUND('',#11551,.F.);
#11551 = EDGE_LOOP('',(#11552,#11560,#11568,#11574));
#11552 = ORIENTED_EDGE('',*,*,#11553,.F.);
#11553 = EDGE_CURVE('',#11554,#11079,#11556,.T.);
#11554 = VERTEX_POINT('',#11555);
#11555 = CARTESIAN_POINT('',(2.25,0.25,4.8));
#11556 = LINE('',#11557,#11558);
#11557 = CARTESIAN_POINT('',(2.25,0.25,5.));
#11558 = VECTOR('',#11559,1.);
#11559 = DIRECTION('',(-0.,0.,-1.));
#11560 = ORIENTED_EDGE('',*,*,#11561,.T.);
#11561 = EDGE_CURVE('',#11554,#11562,#11564,.T.);
#11562 = VERTEX_POINT('',#11563);
#11563 = CARTESIAN_POINT('',(1.75,0.25,4.8));
#11564 = LINE('',#11565,#11566);
#11565 = CARTESIAN_POINT('',(2.25,0.25,4.8));
#11566 = VECTOR('',#11567,1.);
#11567 = DIRECTION('',(-1.,1.224646799147E-16,0.));
#11568 = ORIENTED_EDGE('',*,*,#11569,.T.);
#11569 = EDGE_CURVE('',#11562,#11077,#11570,.T.);
#11570 = LINE('',#11571,#11572);
#11571 = CARTESIAN_POINT('',(1.75,0.25,5.));
#11572 = VECTOR('',#11573,1.);
#11573 = DIRECTION('',(-0.,0.,-1.));
#11574 = ORIENTED_EDGE('',*,*,#11076,.T.);
#11575 = PLANE('',#11576);
#11576 = AXIS2_PLACEMENT_3D('',#11577,#11578,#11579);
#11577 = CARTESIAN_POINT('',(2.25,0.25,5.));
#11578 = DIRECTION('',(-1.224646799147E-16,-1.,0.));
#11579 = DIRECTION('',(-0.,0.,-1.));
#11580 = ADVANCED_FACE('',(#11581),#11599,.T.);
#11581 = FACE_BOUND('',#11582,.T.);
#11582 = EDGE_LOOP('',(#11583,#11584,#11592,#11598));
#11583 = ORIENTED_EDGE('',*,*,#11102,.T.);
#11584 = ORIENTED_EDGE('',*,*,#11585,.T.);
#11585 = EDGE_CURVE('',#11095,#11586,#11588,.T.);
#11586 = VERTEX_POINT('',#11587);
#11587 = CARTESIAN_POINT('',(1.75,-0.25,4.8));
#11588 = LINE('',#11589,#11590);
#11589 = CARTESIAN_POINT('',(1.75,-0.25,-0.9));
#11590 = VECTOR('',#11591,1.);
#11591 = DIRECTION('',(0.,0.,1.));
#11592 = ORIENTED_EDGE('',*,*,#11593,.T.);
#11593 = EDGE_CURVE('',#11586,#11562,#11594,.T.);
#11594 = LINE('',#11595,#11596);
#11595 = CARTESIAN_POINT('',(1.75,-0.25,4.8));
#11596 = VECTOR('',#11597,1.);
#11597 = DIRECTION('',(1.224646799147E-16,1.,0.));
#11598 = ORIENTED_EDGE('',*,*,#11569,.T.);
#11599 = PLANE('',#11600);
#11600 = AXIS2_PLACEMENT_3D('',#11601,#11602,#11603);
#11601 = CARTESIAN_POINT('',(1.75,4.326643272645E-02,0.775746953017));
#11602 = DIRECTION('',(-1.,1.224646799147E-16,0.));
#11603 = DIRECTION('',(0.,0.,1.));
#11604 = ADVANCED_FACE('',(#11605),#11623,.F.);
#11605 = FACE_BOUND('',#11606,.F.);
#11606 = EDGE_LOOP('',(#11607,#11615,#11616,#11617));
#11607 = ORIENTED_EDGE('',*,*,#11608,.F.);
#11608 = EDGE_CURVE('',#11087,#11609,#11611,.T.);
#11609 = VERTEX_POINT('',#11610);
#11610 = CARTESIAN_POINT('',(2.25,-0.25,4.8));
#11611 = LINE('',#11612,#11613);
#11612 = CARTESIAN_POINT('',(2.25,-0.25,-0.9));
#11613 = VECTOR('',#11614,1.);
#11614 = DIRECTION('',(0.,0.,1.));
#11615 = ORIENTED_EDGE('',*,*,#11094,.T.);
#11616 = ORIENTED_EDGE('',*,*,#11585,.T.);
#11617 = ORIENTED_EDGE('',*,*,#11618,.F.);
#11618 = EDGE_CURVE('',#11609,#11586,#11619,.T.);
#11619 = LINE('',#11620,#11621);
#11620 = CARTESIAN_POINT('',(2.25,-0.25,4.8));
#11621 = VECTOR('',#11622,1.);
#11622 = DIRECTION('',(-1.,1.224646799147E-16,0.));
#11623 = PLANE('',#11624);
#11624 = AXIS2_PLACEMENT_3D('',#11625,#11626,#11627);
#11625 = CARTESIAN_POINT('',(2.25,-0.25,-0.9));
#11626 = DIRECTION('',(1.224646799147E-16,1.,0.));
#11627 = DIRECTION('',(0.,-0.,1.));
#11628 = ADVANCED_FACE('',(#11629),#11640,.F.);
#11629 = FACE_BOUND('',#11630,.F.);
#11630 = EDGE_LOOP('',(#11631,#11632,#11633,#11639));
#11631 = ORIENTED_EDGE('',*,*,#11086,.T.);
#11632 = ORIENTED_EDGE('',*,*,#11608,.T.);
#11633 = ORIENTED_EDGE('',*,*,#11634,.T.);
#11634 = EDGE_CURVE('',#11609,#11554,#11635,.T.);
#11635 = LINE('',#11636,#11637);
#11636 = CARTESIAN_POINT('',(2.25,-0.25,4.8));
#11637 = VECTOR('',#11638,1.);
#11638 = DIRECTION('',(1.224646799147E-16,1.,0.));
#11639 = ORIENTED_EDGE('',*,*,#11553,.T.);
#11640 = PLANE('',#11641);
#11641 = AXIS2_PLACEMENT_3D('',#11642,#11643,#11644);
#11642 = CARTESIAN_POINT('',(2.25,4.326643272645E-02,0.775746953017));
#11643 = DIRECTION('',(-1.,1.224646799147E-16,0.));
#11644 = DIRECTION('',(0.,0.,1.));
#11645 = ADVANCED_FACE('',(#11646),#11671,.F.);
#11646 = FACE_BOUND('',#11647,.F.);
#11647 = EDGE_LOOP('',(#11648,#11656,#11664,#11670));
#11648 = ORIENTED_EDGE('',*,*,#11649,.F.);
#11649 = EDGE_CURVE('',#11650,#11113,#11652,.T.);
#11650 = VERTEX_POINT('',#11651);
#11651 = CARTESIAN_POINT('',(0.25,0.25,4.8));
#11652 = LINE('',#11653,#11654);
#11653 = CARTESIAN_POINT('',(0.25,0.25,5.));
#11654 = VECTOR('',#11655,1.);
#11655 = DIRECTION('',(-0.,0.,-1.));
#11656 = ORIENTED_EDGE('',*,*,#11657,.T.);
#11657 = EDGE_CURVE('',#11650,#11658,#11660,.T.);
#11658 = VERTEX_POINT('',#11659);
#11659 = CARTESIAN_POINT('',(-0.25,0.25,4.8));
#11660 = LINE('',#11661,#11662);
#11661 = CARTESIAN_POINT('',(0.25,0.25,4.8));
#11662 = VECTOR('',#11663,1.);
#11663 = DIRECTION('',(-1.,1.224646799147E-16,0.));
#11664 = ORIENTED_EDGE('',*,*,#11665,.T.);
#11665 = EDGE_CURVE('',#11658,#11111,#11666,.T.);
#11666 = LINE('',#11667,#11668);
#11667 = CARTESIAN_POINT('',(-0.25,0.25,5.));
#11668 = VECTOR('',#11669,1.);
#11669 = DIRECTION('',(-0.,0.,-1.));
#11670 = ORIENTED_EDGE('',*,*,#11110,.T.);
#11671 = PLANE('',#11672);
#11672 = AXIS2_PLACEMENT_3D('',#11673,#11674,#11675);
#11673 = CARTESIAN_POINT('',(0.25,0.25,5.));
#11674 = DIRECTION('',(-1.224646799147E-16,-1.,0.));
#11675 = DIRECTION('',(-0.,0.,-1.));
#11676 = ADVANCED_FACE('',(#11677),#11695,.T.);
#11677 = FACE_BOUND('',#11678,.T.);
#11678 = EDGE_LOOP('',(#11679,#11680,#11688,#11694));
#11679 = ORIENTED_EDGE('',*,*,#11136,.T.);
#11680 = ORIENTED_EDGE('',*,*,#11681,.T.);
#11681 = EDGE_CURVE('',#11129,#11682,#11684,.T.);
#11682 = VERTEX_POINT('',#11683);
#11683 = CARTESIAN_POINT('',(-0.25,-0.25,4.8));
#11684 = LINE('',#11685,#11686);
#11685 = CARTESIAN_POINT('',(-0.25,-0.25,-0.9));
#11686 = VECTOR('',#11687,1.);
#11687 = DIRECTION('',(0.,0.,1.));
#11688 = ORIENTED_EDGE('',*,*,#11689,.T.);
#11689 = EDGE_CURVE('',#11682,#11658,#11690,.T.);
#11690 = LINE('',#11691,#11692);
#11691 = CARTESIAN_POINT('',(-0.25,-0.25,4.8));
#11692 = VECTOR('',#11693,1.);
#11693 = DIRECTION('',(1.224646799147E-16,1.,0.));
#11694 = ORIENTED_EDGE('',*,*,#11665,.T.);
#11695 = PLANE('',#11696);
#11696 = AXIS2_PLACEMENT_3D('',#11697,#11698,#11699);
#11697 = CARTESIAN_POINT('',(-0.25,4.326643272645E-02,0.775746953017));
#11698 = DIRECTION('',(-1.,1.224646799147E-16,0.));
#11699 = DIRECTION('',(0.,0.,1.));
#11700 = ADVANCED_FACE('',(#11701),#11719,.F.);
#11701 = FACE_BOUND('',#11702,.F.);
#11702 = EDGE_LOOP('',(#11703,#11711,#11712,#11713));
#11703 = ORIENTED_EDGE('',*,*,#11704,.F.);
#11704 = EDGE_CURVE('',#11121,#11705,#11707,.T.);
#11705 = VERTEX_POINT('',#11706);
#11706 = CARTESIAN_POINT('',(0.25,-0.25,4.8));
#11707 = LINE('',#11708,#11709);
#11708 = CARTESIAN_POINT('',(0.25,-0.25,-0.9));
#11709 = VECTOR('',#11710,1.);
#11710 = DIRECTION('',(0.,0.,1.));
#11711 = ORIENTED_EDGE('',*,*,#11128,.T.);
#11712 = ORIENTED_EDGE('',*,*,#11681,.T.);
#11713 = ORIENTED_EDGE('',*,*,#11714,.F.);
#11714 = EDGE_CURVE('',#11705,#11682,#11715,.T.);
#11715 = LINE('',#11716,#11717);
#11716 = CARTESIAN_POINT('',(0.25,-0.25,4.8));
#11717 = VECTOR('',#11718,1.);
#11718 = DIRECTION('',(-1.,1.224646799147E-16,0.));
#11719 = PLANE('',#11720);
#11720 = AXIS2_PLACEMENT_3D('',#11721,#11722,#11723);
#11721 = CARTESIAN_POINT('',(0.25,-0.25,-0.9));
#11722 = DIRECTION('',(1.224646799147E-16,1.,0.));
#11723 = DIRECTION('',(0.,-0.,1.));
#11724 = ADVANCED_FACE('',(#11725),#11736,.F.);
#11725 = FACE_BOUND('',#11726,.F.);
#11726 = EDGE_LOOP('',(#11727,#11728,#11729,#11735));
#11727 = ORIENTED_EDGE('',*,*,#11120,.T.);
#11728 = ORIENTED_EDGE('',*,*,#11704,.T.);
#11729 = ORIENTED_EDGE('',*,*,#11730,.T.);
#11730 = EDGE_CURVE('',#11705,#11650,#11731,.T.);
#11731 = LINE('',#11732,#11733);
#11732 = CARTESIAN_POINT('',(0.25,-0.25,4.8));
#11733 = VECTOR('',#11734,1.);
#11734 = DIRECTION('',(1.224646799147E-16,1.,0.));
#11735 = ORIENTED_EDGE('',*,*,#11649,.T.);
#11736 = PLANE('',#11737);
#11737 = AXIS2_PLACEMENT_3D('',#11738,#11739,#11740);
#11738 = CARTESIAN_POINT('',(0.25,4.326643272645E-02,0.775746953017));
#11739 = DIRECTION('',(-1.,1.224646799147E-16,0.));
#11740 = DIRECTION('',(0.,0.,1.));
#11741 = ADVANCED_FACE('',(#11742),#11753,.F.);
#11742 = FACE_BOUND('',#11743,.F.);
#11743 = EDGE_LOOP('',(#11744,#11745,#11746,#11752));
#11744 = ORIENTED_EDGE('',*,*,#11232,.T.);
#11745 = ORIENTED_EDGE('',*,*,#11280,.T.);
#11746 = ORIENTED_EDGE('',*,*,#11747,.F.);
#11747 = EDGE_CURVE('',#11354,#11281,#11748,.T.);
#11748 = LINE('',#11749,#11750);
#11749 = CARTESIAN_POINT('',(0.25,0.55,-1.5));
#11750 = VECTOR('',#11751,1.);
#11751 = DIRECTION('',(-1.,1.224646799147E-16,0.));
#11752 = ORIENTED_EDGE('',*,*,#11353,.F.);
#11753 = PLANE('',#11754);
#11754 = AXIS2_PLACEMENT_3D('',#11755,#11756,#11757);
#11755 = CARTESIAN_POINT('',(0.25,0.25,-0.9));
#11756 = DIRECTION('',(-1.095357396528E-16,-0.894427191,-0.4472135955));
#11757 = DIRECTION('',(5.476786982641E-17,0.4472135955,-0.894427191));
#11758 = ADVANCED_FACE('',(#11759),#11800,.F.);
#11759 = FACE_BOUND('',#11760,.T.);
#11760 = EDGE_LOOP('',(#11761,#11771,#11777,#11778,#11786,#11794));
#11761 = ORIENTED_EDGE('',*,*,#11762,.T.);
#11762 = EDGE_CURVE('',#11763,#11765,#11767,.T.);
#11763 = VERTEX_POINT('',#11764);
#11764 = CARTESIAN_POINT('',(-5.E-02,-5.E-02,-3.4));
#11765 = VERTEX_POINT('',#11766);
#11766 = CARTESIAN_POINT('',(-0.247552593066,-0.218807485305,
    -3.202447406934));
#11767 = LINE('',#11768,#11769);
#11768 = CARTESIAN_POINT('',(-1.603689858649E-02,-2.097873708559E-02,
    -3.433963101414));
#11769 = VECTOR('',#11770,1.);
#11770 = DIRECTION('',(-0.605209817607,-0.517148096144,0.605209817607));
#11771 = ORIENTED_EDGE('',*,*,#11772,.T.);
#11772 = EDGE_CURVE('',#11765,#11249,#11773,.T.);
#11773 = LINE('',#11774,#11775);
#11774 = CARTESIAN_POINT('',(-4.480164158687E-02,-0.250820793434,
    -3.405198358413));
#11775 = VECTOR('',#11776,1.);
#11776 = DIRECTION('',(-0.702740385383,0.110959008218,0.702740385383));
#11777 = ORIENTED_EDGE('',*,*,#11246,.F.);
#11778 = ORIENTED_EDGE('',*,*,#11779,.F.);
#11779 = EDGE_CURVE('',#11780,#11247,#11782,.T.);
#11780 = VERTEX_POINT('',#11781);
#11781 = CARTESIAN_POINT('',(-0.247552593066,0.281192514695,
    -3.202447406934));
#11782 = LINE('',#11783,#11784);
#11783 = CARTESIAN_POINT('',(-0.506155950752,0.322024623803,
    -2.943844049248));
#11784 = VECTOR('',#11785,1.);
#11785 = DIRECTION('',(-0.702740385383,0.110959008218,0.702740385383));
#11786 = ORIENTED_EDGE('',*,*,#11787,.F.);
#11787 = EDGE_CURVE('',#11788,#11780,#11790,.T.);
#11788 = VERTEX_POINT('',#11789);
#11789 = CARTESIAN_POINT('',(-5.E-02,5.E-02,-3.4));
#11790 = LINE('',#11791,#11792);
#11791 = CARTESIAN_POINT('',(-0.104623304282,0.113924744707,
    -3.345376695718));
#11792 = VECTOR('',#11793,1.);
#11793 = DIRECTION('',(-0.544770019249,0.63753529491,0.544770019249));
#11794 = ORIENTED_EDGE('',*,*,#11795,.T.);
#11795 = EDGE_CURVE('',#11788,#11763,#11796,.T.);
#11796 = LINE('',#11797,#11798);
#11797 = CARTESIAN_POINT('',(-5.E-02,0.25,-3.4));
#11798 = VECTOR('',#11799,1.);
#11799 = DIRECTION('',(-1.224646799147E-16,-1.,0.));
#11800 = PLANE('',#11801);
#11801 = AXIS2_PLACEMENT_3D('',#11802,#11803,#11804);
#11802 = CARTESIAN_POINT('',(-0.15,0.25,-3.3));
#11803 = DIRECTION('',(0.707106781187,-8.833102285013E-17,0.707106781187
    ));
#11804 = DIRECTION('',(1.236918052038E-16,1.,1.227125289097E-18));
#11805 = ADVANCED_FACE('',(#11806),#11826,.F.);
#11806 = FACE_BOUND('',#11807,.F.);
#11807 = EDGE_LOOP('',(#11808,#11809,#11810,#11811,#11812,#11820));
#11808 = ORIENTED_EDGE('',*,*,#11361,.F.);
#11809 = ORIENTED_EDGE('',*,*,#11747,.T.);
#11810 = ORIENTED_EDGE('',*,*,#11288,.T.);
#11811 = ORIENTED_EDGE('',*,*,#11779,.F.);
#11812 = ORIENTED_EDGE('',*,*,#11813,.F.);
#11813 = EDGE_CURVE('',#11814,#11780,#11816,.T.);
#11814 = VERTEX_POINT('',#11815);
#11815 = CARTESIAN_POINT('',(0.247552593066,0.281192514695,
    -3.202447406934));
#11816 = LINE('',#11817,#11818);
#11817 = CARTESIAN_POINT('',(0.25,0.281192514695,-3.202447406934));
#11818 = VECTOR('',#11819,1.);
#11819 = DIRECTION('',(-1.,1.224646799147E-16,0.));
#11820 = ORIENTED_EDGE('',*,*,#11821,.T.);
#11821 = EDGE_CURVE('',#11814,#11327,#11822,.T.);
#11822 = LINE('',#11823,#11824);
#11823 = CARTESIAN_POINT('',(0.629616963064,0.341518467852,
    -2.820383036936));
#11824 = VECTOR('',#11825,1.);
#11825 = DIRECTION('',(0.702740385383,0.110959008218,0.702740385383));
#11826 = PLANE('',#11827);
#11827 = AXIS2_PLACEMENT_3D('',#11828,#11829,#11830);
#11828 = CARTESIAN_POINT('',(0.25,0.55,-1.5));
#11829 = DIRECTION('',(-1.209660753807E-16,-0.987762965329,
    0.155962573473));
#11830 = DIRECTION('',(-1.909990663905E-17,-0.155962573473,
    -0.987762965329));
#11831 = ADVANCED_FACE('',(#11832),#11843,.F.);
#11832 = FACE_BOUND('',#11833,.F.);
#11833 = EDGE_LOOP('',(#11834,#11840,#11841,#11842));
#11834 = ORIENTED_EDGE('',*,*,#11835,.T.);
#11835 = EDGE_CURVE('',#11337,#11257,#11836,.T.);
#11836 = LINE('',#11837,#11838);
#11837 = CARTESIAN_POINT('',(0.25,5.E-02,-1.5));
#11838 = VECTOR('',#11839,1.);
#11839 = DIRECTION('',(-1.,1.224646799147E-16,0.));
#11840 = ORIENTED_EDGE('',*,*,#11264,.T.);
#11841 = ORIENTED_EDGE('',*,*,#11310,.F.);
#11842 = ORIENTED_EDGE('',*,*,#11344,.F.);
#11843 = PLANE('',#11844);
#11844 = AXIS2_PLACEMENT_3D('',#11845,#11846,#11847);
#11845 = CARTESIAN_POINT('',(0.25,5.E-02,-1.5));
#11846 = DIRECTION('',(1.095357396528E-16,0.894427191,0.4472135955));
#11847 = DIRECTION('',(-5.476786982641E-17,-0.4472135955,0.894427191));
#11848 = ADVANCED_FACE('',(#11849),#11869,.F.);
#11849 = FACE_BOUND('',#11850,.F.);
#11850 = EDGE_LOOP('',(#11851,#11852,#11860,#11866,#11867,#11868));
#11851 = ORIENTED_EDGE('',*,*,#11336,.F.);
#11852 = ORIENTED_EDGE('',*,*,#11853,.F.);
#11853 = EDGE_CURVE('',#11854,#11329,#11856,.T.);
#11854 = VERTEX_POINT('',#11855);
#11855 = CARTESIAN_POINT('',(0.247552593066,-0.218807485305,
    -3.202447406934));
#11856 = LINE('',#11857,#11858);
#11857 = CARTESIAN_POINT('',(0.168262653899,-0.231326949384,
    -3.281737346101));
#11858 = VECTOR('',#11859,1.);
#11859 = DIRECTION('',(0.702740385383,0.110959008218,0.702740385383));
#11860 = ORIENTED_EDGE('',*,*,#11861,.T.);
#11861 = EDGE_CURVE('',#11854,#11765,#11862,.T.);
#11862 = LINE('',#11863,#11864);
#11863 = CARTESIAN_POINT('',(0.25,-0.218807485305,-3.202447406934));
#11864 = VECTOR('',#11865,1.);
#11865 = DIRECTION('',(-1.,1.224646799147E-16,0.));
#11866 = ORIENTED_EDGE('',*,*,#11772,.T.);
#11867 = ORIENTED_EDGE('',*,*,#11256,.T.);
#11868 = ORIENTED_EDGE('',*,*,#11835,.F.);
#11869 = PLANE('',#11870);
#11870 = AXIS2_PLACEMENT_3D('',#11871,#11872,#11873);
#11871 = CARTESIAN_POINT('',(0.25,-0.25,-3.4));
#11872 = DIRECTION('',(1.209660753807E-16,0.987762965329,-0.155962573473
    ));
#11873 = DIRECTION('',(1.909990663905E-17,0.155962573473,0.987762965329)
  );
#11874 = ADVANCED_FACE('',(#11875),#11902,.T.);
#11875 = FACE_BOUND('',#11876,.F.);
#11876 = EDGE_LOOP('',(#11877,#11885,#11886,#11887,#11888,#11896));
#11877 = ORIENTED_EDGE('',*,*,#11878,.T.);
#11878 = EDGE_CURVE('',#11879,#11854,#11881,.T.);
#11879 = VERTEX_POINT('',#11880);
#11880 = CARTESIAN_POINT('',(5.E-02,-5.E-02,-3.4));
#11881 = LINE('',#11882,#11883);
#11882 = CARTESIAN_POINT('',(0.107606629418,-9.922451332131E-02,
    -3.342393370582));
#11883 = VECTOR('',#11884,1.);
#11884 = DIRECTION('',(0.605209817607,-0.517148096144,0.605209817607));
#11885 = ORIENTED_EDGE('',*,*,#11853,.T.);
#11886 = ORIENTED_EDGE('',*,*,#11326,.F.);
#11887 = ORIENTED_EDGE('',*,*,#11821,.F.);
#11888 = ORIENTED_EDGE('',*,*,#11889,.F.);
#11889 = EDGE_CURVE('',#11890,#11814,#11892,.T.);
#11890 = VERTEX_POINT('',#11891);
#11891 = CARTESIAN_POINT('',(5.E-02,5.E-02,-3.4));
#11892 = LINE('',#11893,#11894);
#11893 = CARTESIAN_POINT('',(0.17881689775,0.200752273427,-3.27118310225
    ));
#11894 = VECTOR('',#11895,1.);
#11895 = DIRECTION('',(0.544770019249,0.63753529491,0.544770019249));
#11896 = ORIENTED_EDGE('',*,*,#11897,.T.);
#11897 = EDGE_CURVE('',#11890,#11879,#11898,.T.);
#11898 = LINE('',#11899,#11900);
#11899 = CARTESIAN_POINT('',(5.E-02,0.25,-3.4));
#11900 = VECTOR('',#11901,1.);
#11901 = DIRECTION('',(-1.224646799147E-16,-1.,0.));
#11902 = PLANE('',#11903);
#11903 = AXIS2_PLACEMENT_3D('',#11904,#11905,#11906);
#11904 = CARTESIAN_POINT('',(0.15,0.25,-3.3));
#11905 = DIRECTION('',(0.707106781187,-8.486018839685E-17,
    -0.707106781187));
#11906 = DIRECTION('',(1.212375546256E-16,1.,1.227125289196E-18));
#11907 = ADVANCED_FACE('',(#11908),#11919,.T.);
#11908 = FACE_BOUND('',#11909,.F.);
#11909 = EDGE_LOOP('',(#11910,#11911,#11917,#11918));
#11910 = ORIENTED_EDGE('',*,*,#11508,.F.);
#11911 = ORIENTED_EDGE('',*,*,#11912,.T.);
#11912 = EDGE_CURVE('',#11509,#11393,#11913,.T.);
#11913 = LINE('',#11914,#11915);
#11914 = CARTESIAN_POINT('',(2.25,-5.E-02,-3.4));
#11915 = VECTOR('',#11916,1.);
#11916 = DIRECTION('',(-1.,1.224646799147E-16,0.));
#11917 = ORIENTED_EDGE('',*,*,#11392,.T.);
#11918 = ORIENTED_EDGE('',*,*,#11491,.F.);
#11919 = PLANE('',#11920);
#11920 = AXIS2_PLACEMENT_3D('',#11921,#11922,#11923);
#11921 = CARTESIAN_POINT('',(2.25,-0.134403742653,-3.301223703467));
#11922 = DIRECTION('',(-9.136856246232E-17,-0.760250805153,
    -0.64962967394));
#11923 = DIRECTION('',(1.,-1.211454098155E-16,1.127308249542E-18));
#11924 = ADVANCED_FACE('',(#11925),#11936,.F.);
#11925 = FACE_BOUND('',#11926,.F.);
#11926 = EDGE_LOOP('',(#11927,#11928,#11929,#11935));
#11927 = ORIENTED_EDGE('',*,*,#11912,.F.);
#11928 = ORIENTED_EDGE('',*,*,#11527,.F.);
#11929 = ORIENTED_EDGE('',*,*,#11930,.T.);
#11930 = EDGE_CURVE('',#11520,#11418,#11931,.T.);
#11931 = LINE('',#11932,#11933);
#11932 = CARTESIAN_POINT('',(2.25,5.E-02,-3.4));
#11933 = VECTOR('',#11934,1.);
#11934 = DIRECTION('',(-1.,1.224646799147E-16,0.));
#11935 = ORIENTED_EDGE('',*,*,#11425,.T.);
#11936 = PLANE('',#11937);
#11937 = AXIS2_PLACEMENT_3D('',#11938,#11939,#11940);
#11938 = CARTESIAN_POINT('',(2.25,0.25,-3.4));
#11939 = DIRECTION('',(0.,0.,1.));
#11940 = DIRECTION('',(-1.224646799147E-16,-1.,0.));
#11941 = ADVANCED_FACE('',(#11942),#11948,.T.);
#11942 = FACE_BOUND('',#11943,.T.);
#11943 = EDGE_LOOP('',(#11944,#11945,#11946,#11947));
#11944 = ORIENTED_EDGE('',*,*,#11519,.F.);
#11945 = ORIENTED_EDGE('',*,*,#11930,.T.);
#11946 = ORIENTED_EDGE('',*,*,#11417,.T.);
#11947 = ORIENTED_EDGE('',*,*,#11443,.F.);
#11948 = PLANE('',#11949);
#11949 = AXIS2_PLACEMENT_3D('',#11950,#11951,#11952);
#11950 = CARTESIAN_POINT('',(2.25,0.165596257347,-3.301223703467));
#11951 = DIRECTION('',(8.302774088379E-17,0.64962967394,-0.760250805153)
  );
#11952 = DIRECTION('',(-1.,1.247195775152E-16,-2.638869166629E-18));
#11953 = ADVANCED_FACE('',(#11954),#11979,.T.);
#11954 = FACE_BOUND('',#11955,.F.);
#11955 = EDGE_LOOP('',(#11956,#11964,#11972,#11978));
#11956 = ORIENTED_EDGE('',*,*,#11957,.F.);
#11957 = EDGE_CURVE('',#11958,#11554,#11960,.T.);
#11958 = VERTEX_POINT('',#11959);
#11959 = CARTESIAN_POINT('',(2.05,5.E-02,5.));
#11960 = LINE('',#11961,#11962);
#11961 = CARTESIAN_POINT('',(2.1,0.1,4.95));
#11962 = VECTOR('',#11963,1.);
#11963 = DIRECTION('',(0.57735026919,0.57735026919,-0.57735026919));
#11964 = ORIENTED_EDGE('',*,*,#11965,.T.);
#11965 = EDGE_CURVE('',#11958,#11966,#11968,.T.);
#11966 = VERTEX_POINT('',#11967);
#11967 = CARTESIAN_POINT('',(1.95,5.E-02,5.));
#11968 = LINE('',#11969,#11970);
#11969 = CARTESIAN_POINT('',(2.25,5.E-02,5.));
#11970 = VECTOR('',#11971,1.);
#11971 = DIRECTION('',(-1.,1.224646799147E-16,0.));
#11972 = ORIENTED_EDGE('',*,*,#11973,.T.);
#11973 = EDGE_CURVE('',#11966,#11562,#11974,.T.);
#11974 = LINE('',#11975,#11976);
#11975 = CARTESIAN_POINT('',(1.983333333333,1.666666666667E-02,
    5.033333333333));
#11976 = VECTOR('',#11977,1.);
#11977 = DIRECTION('',(-0.57735026919,0.57735026919,-0.57735026919));
#11978 = ORIENTED_EDGE('',*,*,#11561,.F.);
#11979 = PLANE('',#11980);
#11980 = AXIS2_PLACEMENT_3D('',#11981,#11982,#11983);
#11981 = CARTESIAN_POINT('',(2.25,0.15,4.9));
#11982 = DIRECTION('',(8.833102285013E-17,0.707106781187,0.707106781187)
  );
#11983 = DIRECTION('',(1.,-1.236918052038E-16,-1.227125289097E-18));
#11984 = ADVANCED_FACE('',(#11985),#12003,.F.);
#11985 = FACE_BOUND('',#11986,.T.);
#11986 = EDGE_LOOP('',(#11987,#11995,#12001,#12002));
#11987 = ORIENTED_EDGE('',*,*,#11988,.F.);
#11988 = EDGE_CURVE('',#11989,#11586,#11991,.T.);
#11989 = VERTEX_POINT('',#11990);
#11990 = CARTESIAN_POINT('',(1.95,-5.E-02,5.));
#11991 = LINE('',#11992,#11993);
#11992 = CARTESIAN_POINT('',(1.9,-0.1,4.95));
#11993 = VECTOR('',#11994,1.);
#11994 = DIRECTION('',(-0.57735026919,-0.57735026919,-0.57735026919));
#11995 = ORIENTED_EDGE('',*,*,#11996,.T.);
#11996 = EDGE_CURVE('',#11989,#11966,#11997,.T.);
#11997 = LINE('',#11998,#11999);
#11998 = CARTESIAN_POINT('',(1.95,-0.25,5.));
#11999 = VECTOR('',#12000,1.);
#12000 = DIRECTION('',(1.224646799147E-16,1.,0.));
#12001 = ORIENTED_EDGE('',*,*,#11973,.T.);
#12002 = ORIENTED_EDGE('',*,*,#11593,.F.);
#12003 = PLANE('',#12004);
#12004 = AXIS2_PLACEMENT_3D('',#12005,#12006,#12007);
#12005 = CARTESIAN_POINT('',(1.85,-0.25,4.9));
#12006 = DIRECTION('',(0.707106781187,-8.486018839685E-17,
    -0.707106781187));
#12007 = DIRECTION('',(-1.212375546256E-16,-1.,-1.227125289196E-18));
#12008 = ADVANCED_FACE('',(#12009),#12027,.T.);
#12009 = FACE_BOUND('',#12010,.F.);
#12010 = EDGE_LOOP('',(#12011,#12019,#12020,#12021));
#12011 = ORIENTED_EDGE('',*,*,#12012,.F.);
#12012 = EDGE_CURVE('',#11609,#12013,#12015,.T.);
#12013 = VERTEX_POINT('',#12014);
#12014 = CARTESIAN_POINT('',(2.05,-5.E-02,5.));
#12015 = LINE('',#12016,#12017);
#12016 = CARTESIAN_POINT('',(2.183333333333,-0.183333333333,
    4.866666666667));
#12017 = VECTOR('',#12018,1.);
#12018 = DIRECTION('',(-0.57735026919,0.57735026919,0.57735026919));
#12019 = ORIENTED_EDGE('',*,*,#11618,.T.);
#12020 = ORIENTED_EDGE('',*,*,#11988,.F.);
#12021 = ORIENTED_EDGE('',*,*,#12022,.F.);
#12022 = EDGE_CURVE('',#12013,#11989,#12023,.T.);
#12023 = LINE('',#12024,#12025);
#12024 = CARTESIAN_POINT('',(2.25,-5.E-02,5.));
#12025 = VECTOR('',#12026,1.);
#12026 = DIRECTION('',(-1.,1.224646799147E-16,0.));
#12027 = PLANE('',#12028);
#12028 = AXIS2_PLACEMENT_3D('',#12029,#12030,#12031);
#12029 = CARTESIAN_POINT('',(2.25,-0.15,4.9));
#12030 = DIRECTION('',(-8.833102285013E-17,-0.707106781187,
    0.707106781187));
#12031 = DIRECTION('',(1.,-1.236918052038E-16,1.227125289097E-18));
#12032 = ADVANCED_FACE('',(#12033),#12044,.T.);
#12033 = FACE_BOUND('',#12034,.F.);
#12034 = EDGE_LOOP('',(#12035,#12036,#12042,#12043));
#12035 = ORIENTED_EDGE('',*,*,#12012,.T.);
#12036 = ORIENTED_EDGE('',*,*,#12037,.T.);
#12037 = EDGE_CURVE('',#12013,#11958,#12038,.T.);
#12038 = LINE('',#12039,#12040);
#12039 = CARTESIAN_POINT('',(2.05,-0.25,5.));
#12040 = VECTOR('',#12041,1.);
#12041 = DIRECTION('',(1.224646799147E-16,1.,0.));
#12042 = ORIENTED_EDGE('',*,*,#11957,.T.);
#12043 = ORIENTED_EDGE('',*,*,#11634,.F.);
#12044 = PLANE('',#12045);
#12045 = AXIS2_PLACEMENT_3D('',#12046,#12047,#12048);
#12046 = CARTESIAN_POINT('',(2.15,-0.25,4.9));
#12047 = DIRECTION('',(0.707106781187,-8.833102285013E-17,0.707106781187
    ));
#12048 = DIRECTION('',(-1.236918052038E-16,-1.,-1.227125289097E-18));
#12049 = ADVANCED_FACE('',(#12050),#12075,.T.);
#12050 = FACE_BOUND('',#12051,.F.);
#12051 = EDGE_LOOP('',(#12052,#12060,#12068,#12074));
#12052 = ORIENTED_EDGE('',*,*,#12053,.F.);
#12053 = EDGE_CURVE('',#12054,#11650,#12056,.T.);
#12054 = VERTEX_POINT('',#12055);
#12055 = CARTESIAN_POINT('',(5.E-02,5.E-02,5.));
#12056 = LINE('',#12057,#12058);
#12057 = CARTESIAN_POINT('',(0.1,0.1,4.95));
#12058 = VECTOR('',#12059,1.);
#12059 = DIRECTION('',(0.57735026919,0.57735026919,-0.57735026919));
#12060 = ORIENTED_EDGE('',*,*,#12061,.T.);
#12061 = EDGE_CURVE('',#12054,#12062,#12064,.T.);
#12062 = VERTEX_POINT('',#12063);
#12063 = CARTESIAN_POINT('',(-5.E-02,5.E-02,5.));
#12064 = LINE('',#12065,#12066);
#12065 = CARTESIAN_POINT('',(0.25,5.E-02,5.));
#12066 = VECTOR('',#12067,1.);
#12067 = DIRECTION('',(-1.,1.224646799147E-16,0.));
#12068 = ORIENTED_EDGE('',*,*,#12069,.T.);
#12069 = EDGE_CURVE('',#12062,#11658,#12070,.T.);
#12070 = LINE('',#12071,#12072);
#12071 = CARTESIAN_POINT('',(-1.666666666667E-02,1.666666666667E-02,
    5.033333333333));
#12072 = VECTOR('',#12073,1.);
#12073 = DIRECTION('',(-0.57735026919,0.57735026919,-0.57735026919));
#12074 = ORIENTED_EDGE('',*,*,#11657,.F.);
#12075 = PLANE('',#12076);
#12076 = AXIS2_PLACEMENT_3D('',#12077,#12078,#12079);
#12077 = CARTESIAN_POINT('',(0.25,0.15,4.9));
#12078 = DIRECTION('',(8.833102285013E-17,0.707106781187,0.707106781187)
  );
#12079 = DIRECTION('',(1.,-1.236918052038E-16,-1.227125289097E-18));
#12080 = ADVANCED_FACE('',(#12081),#12099,.F.);
#12081 = FACE_BOUND('',#12082,.T.);
#12082 = EDGE_LOOP('',(#12083,#12091,#12097,#12098));
#12083 = ORIENTED_EDGE('',*,*,#12084,.F.);
#12084 = EDGE_CURVE('',#12085,#11682,#12087,.T.);
#12085 = VERTEX_POINT('',#12086);
#12086 = CARTESIAN_POINT('',(-5.E-02,-5.E-02,5.));
#12087 = LINE('',#12088,#12089);
#12088 = CARTESIAN_POINT('',(-0.1,-0.1,4.95));
#12089 = VECTOR('',#12090,1.);
#12090 = DIRECTION('',(-0.57735026919,-0.57735026919,-0.57735026919));
#12091 = ORIENTED_EDGE('',*,*,#12092,.T.);
#12092 = EDGE_CURVE('',#12085,#12062,#12093,.T.);
#12093 = LINE('',#12094,#12095);
#12094 = CARTESIAN_POINT('',(-5.E-02,-0.25,5.));
#12095 = VECTOR('',#12096,1.);
#12096 = DIRECTION('',(1.224646799147E-16,1.,0.));
#12097 = ORIENTED_EDGE('',*,*,#12069,.T.);
#12098 = ORIENTED_EDGE('',*,*,#11689,.F.);
#12099 = PLANE('',#12100);
#12100 = AXIS2_PLACEMENT_3D('',#12101,#12102,#12103);
#12101 = CARTESIAN_POINT('',(-0.15,-0.25,4.9));
#12102 = DIRECTION('',(0.707106781187,-8.486018839685E-17,
    -0.707106781187));
#12103 = DIRECTION('',(-1.212375546256E-16,-1.,-1.227125289196E-18));
#12104 = ADVANCED_FACE('',(#12105),#12123,.T.);
#12105 = FACE_BOUND('',#12106,.F.);
#12106 = EDGE_LOOP('',(#12107,#12115,#12116,#12117));
#12107 = ORIENTED_EDGE('',*,*,#12108,.F.);
#12108 = EDGE_CURVE('',#11705,#12109,#12111,.T.);
#12109 = VERTEX_POINT('',#12110);
#12110 = CARTESIAN_POINT('',(5.E-02,-5.E-02,5.));
#12111 = LINE('',#12112,#12113);
#12112 = CARTESIAN_POINT('',(0.183333333333,-0.183333333333,
    4.866666666667));
#12113 = VECTOR('',#12114,1.);
#12114 = DIRECTION('',(-0.57735026919,0.57735026919,0.57735026919));
#12115 = ORIENTED_EDGE('',*,*,#11714,.T.);
#12116 = ORIENTED_EDGE('',*,*,#12084,.F.);
#12117 = ORIENTED_EDGE('',*,*,#12118,.F.);
#12118 = EDGE_CURVE('',#12109,#12085,#12119,.T.);
#12119 = LINE('',#12120,#12121);
#12120 = CARTESIAN_POINT('',(0.25,-5.E-02,5.));
#12121 = VECTOR('',#12122,1.);
#12122 = DIRECTION('',(-1.,1.224646799147E-16,0.));
#12123 = PLANE('',#12124);
#12124 = AXIS2_PLACEMENT_3D('',#12125,#12126,#12127);
#12125 = CARTESIAN_POINT('',(0.25,-0.15,4.9));
#12126 = DIRECTION('',(-8.833102285013E-17,-0.707106781187,
    0.707106781187));
#12127 = DIRECTION('',(1.,-1.236918052038E-16,1.227125289097E-18));
#12128 = ADVANCED_FACE('',(#12129),#12140,.T.);
#12129 = FACE_BOUND('',#12130,.F.);
#12130 = EDGE_LOOP('',(#12131,#12132,#12138,#12139));
#12131 = ORIENTED_EDGE('',*,*,#12108,.T.);
#12132 = ORIENTED_EDGE('',*,*,#12133,.T.);
#12133 = EDGE_CURVE('',#12109,#12054,#12134,.T.);
#12134 = LINE('',#12135,#12136);
#12135 = CARTESIAN_POINT('',(5.E-02,-0.25,5.));
#12136 = VECTOR('',#12137,1.);
#12137 = DIRECTION('',(1.224646799147E-16,1.,0.));
#12138 = ORIENTED_EDGE('',*,*,#12053,.T.);
#12139 = ORIENTED_EDGE('',*,*,#11730,.F.);
#12140 = PLANE('',#12141);
#12141 = AXIS2_PLACEMENT_3D('',#12142,#12143,#12144);
#12142 = CARTESIAN_POINT('',(0.15,-0.25,4.9));
#12143 = DIRECTION('',(0.707106781187,-8.833102285013E-17,0.707106781187
    ));
#12144 = DIRECTION('',(-1.236918052038E-16,-1.,-1.227125289097E-18));
#12145 = ADVANCED_FACE('',(#12146),#12157,.T.);
#12146 = FACE_BOUND('',#12147,.F.);
#12147 = EDGE_LOOP('',(#12148,#12149,#12155,#12156));
#12148 = ORIENTED_EDGE('',*,*,#11878,.F.);
#12149 = ORIENTED_EDGE('',*,*,#12150,.T.);
#12150 = EDGE_CURVE('',#11879,#11763,#12151,.T.);
#12151 = LINE('',#12152,#12153);
#12152 = CARTESIAN_POINT('',(0.25,-5.E-02,-3.4));
#12153 = VECTOR('',#12154,1.);
#12154 = DIRECTION('',(-1.,1.224646799147E-16,0.));
#12155 = ORIENTED_EDGE('',*,*,#11762,.T.);
#12156 = ORIENTED_EDGE('',*,*,#11861,.F.);
#12157 = PLANE('',#12158);
#12158 = AXIS2_PLACEMENT_3D('',#12159,#12160,#12161);
#12159 = CARTESIAN_POINT('',(0.25,-0.134403742653,-3.301223703467));
#12160 = DIRECTION('',(-9.136856246232E-17,-0.760250805153,
    -0.64962967394));
#12161 = DIRECTION('',(1.,-1.211454098155E-16,1.127308249542E-18));
#12162 = ADVANCED_FACE('',(#12163),#12174,.F.);
#12163 = FACE_BOUND('',#12164,.F.);
#12164 = EDGE_LOOP('',(#12165,#12166,#12167,#12173));
#12165 = ORIENTED_EDGE('',*,*,#12150,.F.);
#12166 = ORIENTED_EDGE('',*,*,#11897,.F.);
#12167 = ORIENTED_EDGE('',*,*,#12168,.T.);
#12168 = EDGE_CURVE('',#11890,#11788,#12169,.T.);
#12169 = LINE('',#12170,#12171);
#12170 = CARTESIAN_POINT('',(0.25,5.E-02,-3.4));
#12171 = VECTOR('',#12172,1.);
#12172 = DIRECTION('',(-1.,1.224646799147E-16,0.));
#12173 = ORIENTED_EDGE('',*,*,#11795,.T.);
#12174 = PLANE('',#12175);
#12175 = AXIS2_PLACEMENT_3D('',#12176,#12177,#12178);
#12176 = CARTESIAN_POINT('',(0.25,0.25,-3.4));
#12177 = DIRECTION('',(0.,0.,1.));
#12178 = DIRECTION('',(-1.224646799147E-16,-1.,0.));
#12179 = ADVANCED_FACE('',(#12180),#12186,.T.);
#12180 = FACE_BOUND('',#12181,.T.);
#12181 = EDGE_LOOP('',(#12182,#12183,#12184,#12185));
#12182 = ORIENTED_EDGE('',*,*,#11889,.F.);
#12183 = ORIENTED_EDGE('',*,*,#12168,.T.);
#12184 = ORIENTED_EDGE('',*,*,#11787,.T.);
#12185 = ORIENTED_EDGE('',*,*,#11813,.F.);
#12186 = PLANE('',#12187);
#12187 = AXIS2_PLACEMENT_3D('',#12188,#12189,#12190);
#12188 = CARTESIAN_POINT('',(0.25,0.165596257347,-3.301223703467));
#12189 = DIRECTION('',(8.302774088379E-17,0.64962967394,-0.760250805153)
  );
#12190 = DIRECTION('',(-1.,1.247195775152E-16,-2.638869166629E-18));
#12191 = ADVANCED_FACE('',(#12192),#12198,.F.);
#12192 = FACE_BOUND('',#12193,.F.);
#12193 = EDGE_LOOP('',(#12194,#12195,#12196,#12197));
#12194 = ORIENTED_EDGE('',*,*,#11996,.T.);
#12195 = ORIENTED_EDGE('',*,*,#11965,.F.);
#12196 = ORIENTED_EDGE('',*,*,#12037,.F.);
#12197 = ORIENTED_EDGE('',*,*,#12022,.T.);
#12198 = PLANE('',#12199);
#12199 = AXIS2_PLACEMENT_3D('',#12200,#12201,#12202);
#12200 = CARTESIAN_POINT('',(2.25,-0.25,5.));
#12201 = DIRECTION('',(-0.,0.,-1.));
#12202 = DIRECTION('',(1.224646799147E-16,1.,0.));
#12203 = ADVANCED_FACE('',(#12204),#12210,.F.);
#12204 = FACE_BOUND('',#12205,.F.);
#12205 = EDGE_LOOP('',(#12206,#12207,#12208,#12209));
#12206 = ORIENTED_EDGE('',*,*,#12092,.T.);
#12207 = ORIENTED_EDGE('',*,*,#12061,.F.);
#12208 = ORIENTED_EDGE('',*,*,#12133,.F.);
#12209 = ORIENTED_EDGE('',*,*,#12118,.T.);
#12210 = PLANE('',#12211);
#12211 = AXIS2_PLACEMENT_3D('',#12212,#12213,#12214);
#12212 = CARTESIAN_POINT('',(0.25,-0.25,5.));
#12213 = DIRECTION('',(-0.,0.,-1.));
#12214 = DIRECTION('',(1.224646799147E-16,1.,0.));
#12215 = ( GEOMETRIC_REPRESENTATION_CONTEXT(3) 
GLOBAL_UNCERTAINTY_ASSIGNED_CONTEXT((#12219)) 
GLOBAL_UNIT_ASSIGNED_CONTEXT((#12216,#12217,#12218)) 
REPRESENTATION_CONTEXT('Context #1',
  '3D Context with UNIT and UNCERTAINTY') );
#12216 = ( LENGTH_UNIT() NAMED_UNIT(*) SI_UNIT(.MILLI.,.METRE.) );
#12217 = ( NAMED_UNIT(*) PLANE_ANGLE_UNIT() SI_UNIT($,.RADIAN.) );
#12218 = ( NAMED_UNIT(*) SI_UNIT($,.STERADIAN.) SOLID_ANGLE_UNIT() );
#12219 = UNCERTAINTY_MEASURE_WITH_UNIT(LENGTH_MEASURE(1.E-07),#12216,
  'distance_accuracy_value','confusion accuracy');
#12220 = CONTEXT_DEPENDENT_SHAPE_REPRESENTATION(#12221,#12223);
#12221 = ( REPRESENTATION_RELATIONSHIP('','',#9322,#10) 
REPRESENTATION_RELATIONSHIP_WITH_TRANSFORMATION(#12222) 
SHAPE_REPRESENTATION_RELATIONSHIP() );
#12222 = ITEM_DEFINED_TRANSFORMATION('','',#11,#35);
#12223 = PRODUCT_DEFINITION_SHAPE('Placement','Placement of an item',
  #12224);
#12224 = NEXT_ASSEMBLY_USAGE_OCCURRENCE('9','BT1','',#5,#9317,$);
#12225 = PRODUCT_RELATED_PRODUCT_CATEGORY('part',$,(#9319));
#12226 = SHAPE_DEFINITION_REPRESENTATION(#12227,#12233);
#12227 = PRODUCT_DEFINITION_SHAPE('','',#12228);
#12228 = PRODUCT_DEFINITION('design','',#12229,#12232);
#12229 = PRODUCT_DEFINITION_FORMATION('','',#12230);
#12230 = PRODUCT('Schematics_display_deviceV3_PCB',
  'Schematics_display_deviceV3_PCB','',(#12231));
#12231 = PRODUCT_CONTEXT('',#2,'mechanical');
#12232 = PRODUCT_DEFINITION_CONTEXT('part definition',#2,'design');
#12233 = ADVANCED_BREP_SHAPE_REPRESENTATION('',(#11,#12234),#13967);
#12234 = MANIFOLD_SOLID_BREP('',#12235);
#12235 = CLOSED_SHELL('',(#12236,#12278,#12309,#12340,#12799,#13258,
    #13275,#13292,#13309,#13326,#13338,#13355,#13372,#13389,#13406,
    #13423,#13440,#13457,#13474,#13491,#13508,#13525,#13542,#13559,
    #13576,#13593,#13610,#13627,#13644,#13661,#13678,#13695,#13712,
    #13729,#13746,#13763,#13780,#13797,#13814,#13831,#13848,#13865,
    #13882,#13899,#13916,#13933,#13950));
#12236 = ADVANCED_FACE('',(#12237),#12273,.T.);
#12237 = FACE_BOUND('',#12238,.T.);
#12238 = EDGE_LOOP('',(#12239,#12249,#12258,#12266));
#12239 = ORIENTED_EDGE('',*,*,#12240,.T.);
#12240 = EDGE_CURVE('',#12241,#12243,#12245,.T.);
#12241 = VERTEX_POINT('',#12242);
#12242 = CARTESIAN_POINT('',(99.25,-25.5,0.));
#12243 = VERTEX_POINT('',#12244);
#12244 = CARTESIAN_POINT('',(99.25,-25.5,1.51));
#12245 = LINE('',#12246,#12247);
#12246 = CARTESIAN_POINT('',(99.25,-25.5,0.));
#12247 = VECTOR('',#12248,1.);
#12248 = DIRECTION('',(0.,0.,1.));
#12249 = ORIENTED_EDGE('',*,*,#12250,.T.);
#12250 = EDGE_CURVE('',#12243,#12251,#12253,.T.);
#12251 = VERTEX_POINT('',#12252);
#12252 = CARTESIAN_POINT('',(100.25,-26.5,1.51));
#12253 = CIRCLE('',#12254,0.999999252925);
#12254 = AXIS2_PLACEMENT_3D('',#12255,#12256,#12257);
#12255 = CARTESIAN_POINT('',(99.250000747075,-26.49999925292,1.51));
#12256 = DIRECTION('',(0.,0.,-1.));
#12257 = DIRECTION('',(-7.470757349539E-07,1.,0.));
#12258 = ORIENTED_EDGE('',*,*,#12259,.F.);
#12259 = EDGE_CURVE('',#12260,#12251,#12262,.T.);
#12260 = VERTEX_POINT('',#12261);
#12261 = CARTESIAN_POINT('',(100.25,-26.5,0.));
#12262 = LINE('',#12263,#12264);
#12263 = CARTESIAN_POINT('',(100.25,-26.5,0.));
#12264 = VECTOR('',#12265,1.);
#12265 = DIRECTION('',(0.,0.,1.));
#12266 = ORIENTED_EDGE('',*,*,#12267,.F.);
#12267 = EDGE_CURVE('',#12241,#12260,#12268,.T.);
#12268 = CIRCLE('',#12269,0.999999252925);
#12269 = AXIS2_PLACEMENT_3D('',#12270,#12271,#12272);
#12270 = CARTESIAN_POINT('',(99.250000747075,-26.49999925292,0.));
#12271 = DIRECTION('',(0.,0.,-1.));
#12272 = DIRECTION('',(-7.470757349539E-07,1.,0.));
#12273 = CYLINDRICAL_SURFACE('',#12274,0.999999252925);
#12274 = AXIS2_PLACEMENT_3D('',#12275,#12276,#12277);
#12275 = CARTESIAN_POINT('',(99.250000747075,-26.49999925292,0.));
#12276 = DIRECTION('',(0.,0.,-1.));
#12277 = DIRECTION('',(-7.470757349539E-07,1.,0.));
#12278 = ADVANCED_FACE('',(#12279),#12304,.T.);
#12279 = FACE_BOUND('',#12280,.T.);
#12280 = EDGE_LOOP('',(#12281,#12291,#12297,#12298));
#12281 = ORIENTED_EDGE('',*,*,#12282,.T.);
#12282 = EDGE_CURVE('',#12283,#12285,#12287,.T.);
#12283 = VERTEX_POINT('',#12284);
#12284 = CARTESIAN_POINT('',(46.,-25.5,0.));
#12285 = VERTEX_POINT('',#12286);
#12286 = CARTESIAN_POINT('',(46.,-25.5,1.51));
#12287 = LINE('',#12288,#12289);
#12288 = CARTESIAN_POINT('',(46.,-25.5,0.));
#12289 = VECTOR('',#12290,1.);
#12290 = DIRECTION('',(0.,0.,1.));
#12291 = ORIENTED_EDGE('',*,*,#12292,.T.);
#12292 = EDGE_CURVE('',#12285,#12243,#12293,.T.);
#12293 = LINE('',#12294,#12295);
#12294 = CARTESIAN_POINT('',(46.,-25.5,1.51));
#12295 = VECTOR('',#12296,1.);
#12296 = DIRECTION('',(1.,0.,0.));
#12297 = ORIENTED_EDGE('',*,*,#12240,.F.);
#12298 = ORIENTED_EDGE('',*,*,#12299,.F.);
#12299 = EDGE_CURVE('',#12283,#12241,#12300,.T.);
#12300 = LINE('',#12301,#12302);
#12301 = CARTESIAN_POINT('',(46.,-25.5,0.));
#12302 = VECTOR('',#12303,1.);
#12303 = DIRECTION('',(1.,0.,0.));
#12304 = PLANE('',#12305);
#12305 = AXIS2_PLACEMENT_3D('',#12306,#12307,#12308);
#12306 = CARTESIAN_POINT('',(46.,-25.5,0.));
#12307 = DIRECTION('',(0.,1.,0.));
#12308 = DIRECTION('',(1.,0.,0.));
#12309 = ADVANCED_FACE('',(#12310),#12335,.T.);
#12310 = FACE_BOUND('',#12311,.T.);
#12311 = EDGE_LOOP('',(#12312,#12313,#12321,#12329));
#12312 = ORIENTED_EDGE('',*,*,#12259,.T.);
#12313 = ORIENTED_EDGE('',*,*,#12314,.T.);
#12314 = EDGE_CURVE('',#12251,#12315,#12317,.T.);
#12315 = VERTEX_POINT('',#12316);
#12316 = CARTESIAN_POINT('',(100.25,-129.5,1.51));
#12317 = LINE('',#12318,#12319);
#12318 = CARTESIAN_POINT('',(100.25,-26.5,1.51));
#12319 = VECTOR('',#12320,1.);
#12320 = DIRECTION('',(0.,-1.,0.));
#12321 = ORIENTED_EDGE('',*,*,#12322,.F.);
#12322 = EDGE_CURVE('',#12323,#12315,#12325,.T.);
#12323 = VERTEX_POINT('',#12324);
#12324 = CARTESIAN_POINT('',(100.25,-129.5,0.));
#12325 = LINE('',#12326,#12327);
#12326 = CARTESIAN_POINT('',(100.25,-129.5,0.));
#12327 = VECTOR('',#12328,1.);
#12328 = DIRECTION('',(0.,0.,1.));
#12329 = ORIENTED_EDGE('',*,*,#12330,.F.);
#12330 = EDGE_CURVE('',#12260,#12323,#12331,.T.);
#12331 = LINE('',#12332,#12333);
#12332 = CARTESIAN_POINT('',(100.25,-26.5,0.));
#12333 = VECTOR('',#12334,1.);
#12334 = DIRECTION('',(0.,-1.,0.));
#12335 = PLANE('',#12336);
#12336 = AXIS2_PLACEMENT_3D('',#12337,#12338,#12339);
#12337 = CARTESIAN_POINT('',(100.25,-26.5,0.));
#12338 = DIRECTION('',(1.,0.,-0.));
#12339 = DIRECTION('',(0.,-1.,0.));
#12340 = ADVANCED_FACE('',(#12341,#12387,#12398,#12409,#12420,#12431,
    #12442,#12453,#12464,#12475,#12486,#12497,#12508,#12519,#12530,
    #12541,#12552,#12563,#12574,#12585,#12596,#12607,#12618,#12629,
    #12640,#12651,#12662,#12673,#12684,#12695,#12706,#12717,#12728,
    #12739,#12750,#12761,#12772,#12783),#12794,.F.);
#12341 = FACE_BOUND('',#12342,.F.);
#12342 = EDGE_LOOP('',(#12343,#12344,#12345,#12354,#12362,#12371,#12379,
    #12386));
#12343 = ORIENTED_EDGE('',*,*,#12267,.F.);
#12344 = ORIENTED_EDGE('',*,*,#12299,.F.);
#12345 = ORIENTED_EDGE('',*,*,#12346,.F.);
#12346 = EDGE_CURVE('',#12347,#12283,#12349,.T.);
#12347 = VERTEX_POINT('',#12348);
#12348 = CARTESIAN_POINT('',(45.,-26.5,0.));
#12349 = CIRCLE('',#12350,0.999999252925);
#12350 = AXIS2_PLACEMENT_3D('',#12351,#12352,#12353);
#12351 = CARTESIAN_POINT('',(45.999999252925,-26.49999925292,0.));
#12352 = DIRECTION('',(0.,0.,-1.));
#12353 = DIRECTION('',(-1.,-7.470757420593E-07,-0.));
#12354 = ORIENTED_EDGE('',*,*,#12355,.F.);
#12355 = EDGE_CURVE('',#12356,#12347,#12358,.T.);
#12356 = VERTEX_POINT('',#12357);
#12357 = CARTESIAN_POINT('',(45.,-129.5,0.));
#12358 = LINE('',#12359,#12360);
#12359 = CARTESIAN_POINT('',(45.,-129.5,0.));
#12360 = VECTOR('',#12361,1.);
#12361 = DIRECTION('',(0.,1.,0.));
#12362 = ORIENTED_EDGE('',*,*,#12363,.F.);
#12363 = EDGE_CURVE('',#12364,#12356,#12366,.T.);
#12364 = VERTEX_POINT('',#12365);
#12365 = CARTESIAN_POINT('',(46.,-130.5,0.));
#12366 = CIRCLE('',#12367,0.999999252925);
#12367 = AXIS2_PLACEMENT_3D('',#12368,#12369,#12370);
#12368 = CARTESIAN_POINT('',(45.999999252925,-129.500000747,0.));
#12369 = DIRECTION('',(0.,0.,-1.));
#12370 = DIRECTION('',(7.470757562702E-07,-1.,0.));
#12371 = ORIENTED_EDGE('',*,*,#12372,.F.);
#12372 = EDGE_CURVE('',#12373,#12364,#12375,.T.);
#12373 = VERTEX_POINT('',#12374);
#12374 = CARTESIAN_POINT('',(99.25,-130.5,0.));
#12375 = LINE('',#12376,#12377);
#12376 = CARTESIAN_POINT('',(99.25,-130.5,0.));
#12377 = VECTOR('',#12378,1.);
#12378 = DIRECTION('',(-1.,0.,0.));
#12379 = ORIENTED_EDGE('',*,*,#12380,.F.);
#12380 = EDGE_CURVE('',#12323,#12373,#12381,.T.);
#12381 = CIRCLE('',#12382,0.999999252925);
#12382 = AXIS2_PLACEMENT_3D('',#12383,#12384,#12385);
#12383 = CARTESIAN_POINT('',(99.250000747075,-129.500000747,0.));
#12384 = DIRECTION('',(0.,0.,-1.));
#12385 = DIRECTION('',(1.,7.470757349539E-07,0.));
#12386 = ORIENTED_EDGE('',*,*,#12330,.F.);
#12387 = FACE_BOUND('',#12388,.F.);
#12388 = EDGE_LOOP('',(#12389));
#12389 = ORIENTED_EDGE('',*,*,#12390,.F.);
#12390 = EDGE_CURVE('',#12391,#12391,#12393,.T.);
#12391 = VERTEX_POINT('',#12392);
#12392 = CARTESIAN_POINT('',(48.5,-128.5,0.));
#12393 = CIRCLE('',#12394,1.5);
#12394 = AXIS2_PLACEMENT_3D('',#12395,#12396,#12397);
#12395 = CARTESIAN_POINT('',(47.,-128.5,0.));
#12396 = DIRECTION('',(0.,0.,1.));
#12397 = DIRECTION('',(1.,0.,-0.));
#12398 = FACE_BOUND('',#12399,.F.);
#12399 = EDGE_LOOP('',(#12400));
#12400 = ORIENTED_EDGE('',*,*,#12401,.T.);
#12401 = EDGE_CURVE('',#12402,#12402,#12404,.T.);
#12402 = VERTEX_POINT('',#12403);
#12403 = CARTESIAN_POINT('',(56.5,-120.54,0.));
#12404 = CIRCLE('',#12405,0.5);
#12405 = AXIS2_PLACEMENT_3D('',#12406,#12407,#12408);
#12406 = CARTESIAN_POINT('',(56.5,-120.04,0.));
#12407 = DIRECTION('',(-0.,0.,-1.));
#12408 = DIRECTION('',(-0.,-1.,0.));
#12409 = FACE_BOUND('',#12410,.F.);
#12410 = EDGE_LOOP('',(#12411));
#12411 = ORIENTED_EDGE('',*,*,#12412,.T.);
#12412 = EDGE_CURVE('',#12413,#12413,#12415,.T.);
#12413 = VERTEX_POINT('',#12414);
#12414 = CARTESIAN_POINT('',(56.5,-118.,0.));
#12415 = CIRCLE('',#12416,0.5);
#12416 = AXIS2_PLACEMENT_3D('',#12417,#12418,#12419);
#12417 = CARTESIAN_POINT('',(56.5,-117.5,0.));
#12418 = DIRECTION('',(-0.,0.,-1.));
#12419 = DIRECTION('',(-0.,-1.,0.));
#12420 = FACE_BOUND('',#12421,.F.);
#12421 = EDGE_LOOP('',(#12422));
#12422 = ORIENTED_EDGE('',*,*,#12423,.T.);
#12423 = EDGE_CURVE('',#12424,#12424,#12426,.T.);
#12424 = VERTEX_POINT('',#12425);
#12425 = CARTESIAN_POINT('',(56.5,-115.46,0.));
#12426 = CIRCLE('',#12427,0.5);
#12427 = AXIS2_PLACEMENT_3D('',#12428,#12429,#12430);
#12428 = CARTESIAN_POINT('',(56.5,-114.96,0.));
#12429 = DIRECTION('',(-0.,0.,-1.));
#12430 = DIRECTION('',(-0.,-1.,0.));
#12431 = FACE_BOUND('',#12432,.F.);
#12432 = EDGE_LOOP('',(#12433));
#12433 = ORIENTED_EDGE('',*,*,#12434,.T.);
#12434 = EDGE_CURVE('',#12435,#12435,#12437,.T.);
#12435 = VERTEX_POINT('',#12436);
#12436 = CARTESIAN_POINT('',(56.5,-112.92,0.));
#12437 = CIRCLE('',#12438,0.5);
#12438 = AXIS2_PLACEMENT_3D('',#12439,#12440,#12441);
#12439 = CARTESIAN_POINT('',(56.5,-112.42,0.));
#12440 = DIRECTION('',(-0.,0.,-1.));
#12441 = DIRECTION('',(-0.,-1.,0.));
#12442 = FACE_BOUND('',#12443,.F.);
#12443 = EDGE_LOOP('',(#12444));
#12444 = ORIENTED_EDGE('',*,*,#12445,.T.);
#12445 = EDGE_CURVE('',#12446,#12446,#12448,.T.);
#12446 = VERTEX_POINT('',#12447);
#12447 = CARTESIAN_POINT('',(47.5,-83.383,0.));
#12448 = CIRCLE('',#12449,0.508);
#12449 = AXIS2_PLACEMENT_3D('',#12450,#12451,#12452);
#12450 = CARTESIAN_POINT('',(47.5,-82.875,0.));
#12451 = DIRECTION('',(-0.,0.,-1.));
#12452 = DIRECTION('',(-0.,-1.,0.));
#12453 = FACE_BOUND('',#12454,.F.);
#12454 = EDGE_LOOP('',(#12455));
#12455 = ORIENTED_EDGE('',*,*,#12456,.T.);
#12456 = EDGE_CURVE('',#12457,#12457,#12459,.T.);
#12457 = VERTEX_POINT('',#12458);
#12458 = CARTESIAN_POINT('',(50.04,-83.383,0.));
#12459 = CIRCLE('',#12460,0.508);
#12460 = AXIS2_PLACEMENT_3D('',#12461,#12462,#12463);
#12461 = CARTESIAN_POINT('',(50.04,-82.875,0.));
#12462 = DIRECTION('',(-0.,0.,-1.));
#12463 = DIRECTION('',(-0.,-1.,0.));
#12464 = FACE_BOUND('',#12465,.F.);
#12465 = EDGE_LOOP('',(#12466));
#12466 = ORIENTED_EDGE('',*,*,#12467,.T.);
#12467 = EDGE_CURVE('',#12468,#12468,#12470,.T.);
#12468 = VERTEX_POINT('',#12469);
#12469 = CARTESIAN_POINT('',(52.58,-83.383,0.));
#12470 = CIRCLE('',#12471,0.508);
#12471 = AXIS2_PLACEMENT_3D('',#12472,#12473,#12474);
#12472 = CARTESIAN_POINT('',(52.58,-82.875,0.));
#12473 = DIRECTION('',(-0.,0.,-1.));
#12474 = DIRECTION('',(-0.,-1.,0.));
#12475 = FACE_BOUND('',#12476,.F.);
#12476 = EDGE_LOOP('',(#12477));
#12477 = ORIENTED_EDGE('',*,*,#12478,.T.);
#12478 = EDGE_CURVE('',#12479,#12479,#12481,.T.);
#12479 = VERTEX_POINT('',#12480);
#12480 = CARTESIAN_POINT('',(55.12,-83.383,0.));
#12481 = CIRCLE('',#12482,0.508);
#12482 = AXIS2_PLACEMENT_3D('',#12483,#12484,#12485);
#12483 = CARTESIAN_POINT('',(55.12,-82.875,0.));
#12484 = DIRECTION('',(-0.,0.,-1.));
#12485 = DIRECTION('',(-1.398706172756E-14,-1.,0.));
#12486 = FACE_BOUND('',#12487,.F.);
#12487 = EDGE_LOOP('',(#12488));
#12488 = ORIENTED_EDGE('',*,*,#12489,.T.);
#12489 = EDGE_CURVE('',#12490,#12490,#12492,.T.);
#12490 = VERTEX_POINT('',#12491);
#12491 = CARTESIAN_POINT('',(57.66,-83.383,0.));
#12492 = CIRCLE('',#12493,0.508);
#12493 = AXIS2_PLACEMENT_3D('',#12494,#12495,#12496);
#12494 = CARTESIAN_POINT('',(57.66,-82.875,0.));
#12495 = DIRECTION('',(-0.,0.,-1.));
#12496 = DIRECTION('',(-0.,-1.,0.));
#12497 = FACE_BOUND('',#12498,.F.);
#12498 = EDGE_LOOP('',(#12499));
#12499 = ORIENTED_EDGE('',*,*,#12500,.T.);
#12500 = EDGE_CURVE('',#12501,#12501,#12503,.T.);
#12501 = VERTEX_POINT('',#12502);
#12502 = CARTESIAN_POINT('',(60.2,-83.383,0.));
#12503 = CIRCLE('',#12504,0.508);
#12504 = AXIS2_PLACEMENT_3D('',#12505,#12506,#12507);
#12505 = CARTESIAN_POINT('',(60.2,-82.875,0.));
#12506 = DIRECTION('',(-0.,0.,-1.));
#12507 = DIRECTION('',(-0.,-1.,0.));
#12508 = FACE_BOUND('',#12509,.F.);
#12509 = EDGE_LOOP('',(#12510));
#12510 = ORIENTED_EDGE('',*,*,#12511,.T.);
#12511 = EDGE_CURVE('',#12512,#12512,#12514,.T.);
#12512 = VERTEX_POINT('',#12513);
#12513 = CARTESIAN_POINT('',(62.74,-83.383,0.));
#12514 = CIRCLE('',#12515,0.508);
#12515 = AXIS2_PLACEMENT_3D('',#12516,#12517,#12518);
#12516 = CARTESIAN_POINT('',(62.74,-82.875,0.));
#12517 = DIRECTION('',(-0.,0.,-1.));
#12518 = DIRECTION('',(1.398706172756E-14,-1.,-0.));
#12519 = FACE_BOUND('',#12520,.F.);
#12520 = EDGE_LOOP('',(#12521));
#12521 = ORIENTED_EDGE('',*,*,#12522,.F.);
#12522 = EDGE_CURVE('',#12523,#12523,#12525,.T.);
#12523 = VERTEX_POINT('',#12524);
#12524 = CARTESIAN_POINT('',(99.75,-128.5,0.));
#12525 = CIRCLE('',#12526,1.5);
#12526 = AXIS2_PLACEMENT_3D('',#12527,#12528,#12529);
#12527 = CARTESIAN_POINT('',(98.25,-128.5,0.));
#12528 = DIRECTION('',(0.,0.,1.));
#12529 = DIRECTION('',(1.,0.,-0.));
#12530 = FACE_BOUND('',#12531,.F.);
#12531 = EDGE_LOOP('',(#12532));
#12532 = ORIENTED_EDGE('',*,*,#12533,.T.);
#12533 = EDGE_CURVE('',#12534,#12534,#12536,.T.);
#12534 = VERTEX_POINT('',#12535);
#12535 = CARTESIAN_POINT('',(77.,-86.25,0.));
#12536 = CIRCLE('',#12537,0.375);
#12537 = AXIS2_PLACEMENT_3D('',#12538,#12539,#12540);
#12538 = CARTESIAN_POINT('',(77.,-85.875,0.));
#12539 = DIRECTION('',(-0.,0.,-1.));
#12540 = DIRECTION('',(-0.,-1.,0.));
#12541 = FACE_BOUND('',#12542,.F.);
#12542 = EDGE_LOOP('',(#12543));
#12543 = ORIENTED_EDGE('',*,*,#12544,.T.);
#12544 = EDGE_CURVE('',#12545,#12545,#12547,.T.);
#12545 = VERTEX_POINT('',#12546);
#12546 = CARTESIAN_POINT('',(79.,-86.25,0.));
#12547 = CIRCLE('',#12548,0.375);
#12548 = AXIS2_PLACEMENT_3D('',#12549,#12550,#12551);
#12549 = CARTESIAN_POINT('',(79.,-85.875,0.));
#12550 = DIRECTION('',(-0.,0.,-1.));
#12551 = DIRECTION('',(-0.,-1.,0.));
#12552 = FACE_BOUND('',#12553,.F.);
#12553 = EDGE_LOOP('',(#12554));
#12554 = ORIENTED_EDGE('',*,*,#12555,.T.);
#12555 = EDGE_CURVE('',#12556,#12556,#12558,.T.);
#12556 = VERTEX_POINT('',#12557);
#12557 = CARTESIAN_POINT('',(47.5,-68.143,0.));
#12558 = CIRCLE('',#12559,0.508);
#12559 = AXIS2_PLACEMENT_3D('',#12560,#12561,#12562);
#12560 = CARTESIAN_POINT('',(47.5,-67.635,0.));
#12561 = DIRECTION('',(-0.,0.,-1.));
#12562 = DIRECTION('',(-0.,-1.,0.));
#12563 = FACE_BOUND('',#12564,.F.);
#12564 = EDGE_LOOP('',(#12565));
#12565 = ORIENTED_EDGE('',*,*,#12566,.T.);
#12566 = EDGE_CURVE('',#12567,#12567,#12569,.T.);
#12567 = VERTEX_POINT('',#12568);
#12568 = CARTESIAN_POINT('',(50.04,-68.143,0.));
#12569 = CIRCLE('',#12570,0.508);
#12570 = AXIS2_PLACEMENT_3D('',#12571,#12572,#12573);
#12571 = CARTESIAN_POINT('',(50.04,-67.635,0.));
#12572 = DIRECTION('',(-0.,0.,-1.));
#12573 = DIRECTION('',(-0.,-1.,0.));
#12574 = FACE_BOUND('',#12575,.F.);
#12575 = EDGE_LOOP('',(#12576));
#12576 = ORIENTED_EDGE('',*,*,#12577,.T.);
#12577 = EDGE_CURVE('',#12578,#12578,#12580,.T.);
#12578 = VERTEX_POINT('',#12579);
#12579 = CARTESIAN_POINT('',(52.58,-68.143,0.));
#12580 = CIRCLE('',#12581,0.508);
#12581 = AXIS2_PLACEMENT_3D('',#12582,#12583,#12584);
#12582 = CARTESIAN_POINT('',(52.58,-67.635,0.));
#12583 = DIRECTION('',(-0.,0.,-1.));
#12584 = DIRECTION('',(-0.,-1.,0.));
#12585 = FACE_BOUND('',#12586,.F.);
#12586 = EDGE_LOOP('',(#12587));
#12587 = ORIENTED_EDGE('',*,*,#12588,.T.);
#12588 = EDGE_CURVE('',#12589,#12589,#12591,.T.);
#12589 = VERTEX_POINT('',#12590);
#12590 = CARTESIAN_POINT('',(55.12,-68.143,0.));
#12591 = CIRCLE('',#12592,0.508);
#12592 = AXIS2_PLACEMENT_3D('',#12593,#12594,#12595);
#12593 = CARTESIAN_POINT('',(55.12,-67.635,0.));
#12594 = DIRECTION('',(-0.,0.,-1.));
#12595 = DIRECTION('',(-1.398706172756E-14,-1.,0.));
#12596 = FACE_BOUND('',#12597,.F.);
#12597 = EDGE_LOOP('',(#12598));
#12598 = ORIENTED_EDGE('',*,*,#12599,.T.);
#12599 = EDGE_CURVE('',#12600,#12600,#12602,.T.);
#12600 = VERTEX_POINT('',#12601);
#12601 = CARTESIAN_POINT('',(57.66,-68.143,0.));
#12602 = CIRCLE('',#12603,0.508);
#12603 = AXIS2_PLACEMENT_3D('',#12604,#12605,#12606);
#12604 = CARTESIAN_POINT('',(57.66,-67.635,0.));
#12605 = DIRECTION('',(-0.,0.,-1.));
#12606 = DIRECTION('',(-0.,-1.,0.));
#12607 = FACE_BOUND('',#12608,.F.);
#12608 = EDGE_LOOP('',(#12609));
#12609 = ORIENTED_EDGE('',*,*,#12610,.T.);
#12610 = EDGE_CURVE('',#12611,#12611,#12613,.T.);
#12611 = VERTEX_POINT('',#12612);
#12612 = CARTESIAN_POINT('',(60.2,-68.143,0.));
#12613 = CIRCLE('',#12614,0.508);
#12614 = AXIS2_PLACEMENT_3D('',#12615,#12616,#12617);
#12615 = CARTESIAN_POINT('',(60.2,-67.635,0.));
#12616 = DIRECTION('',(-0.,0.,-1.));
#12617 = DIRECTION('',(-0.,-1.,0.));
#12618 = FACE_BOUND('',#12619,.F.);
#12619 = EDGE_LOOP('',(#12620));
#12620 = ORIENTED_EDGE('',*,*,#12621,.T.);
#12621 = EDGE_CURVE('',#12622,#12622,#12624,.T.);
#12622 = VERTEX_POINT('',#12623);
#12623 = CARTESIAN_POINT('',(62.74,-68.143,0.));
#12624 = CIRCLE('',#12625,0.508);
#12625 = AXIS2_PLACEMENT_3D('',#12626,#12627,#12628);
#12626 = CARTESIAN_POINT('',(62.74,-67.635,0.));
#12627 = DIRECTION('',(-0.,0.,-1.));
#12628 = DIRECTION('',(1.398706172756E-14,-1.,-0.));
#12629 = FACE_BOUND('',#12630,.F.);
#12630 = EDGE_LOOP('',(#12631));
#12631 = ORIENTED_EDGE('',*,*,#12632,.F.);
#12632 = EDGE_CURVE('',#12633,#12633,#12635,.T.);
#12633 = VERTEX_POINT('',#12634);
#12634 = CARTESIAN_POINT('',(48.5,-27.5,0.));
#12635 = CIRCLE('',#12636,1.5);
#12636 = AXIS2_PLACEMENT_3D('',#12637,#12638,#12639);
#12637 = CARTESIAN_POINT('',(47.,-27.5,0.));
#12638 = DIRECTION('',(0.,0.,1.));
#12639 = DIRECTION('',(1.,0.,-0.));
#12640 = FACE_BOUND('',#12641,.F.);
#12641 = EDGE_LOOP('',(#12642));
#12642 = ORIENTED_EDGE('',*,*,#12643,.T.);
#12643 = EDGE_CURVE('',#12644,#12644,#12646,.T.);
#12644 = VERTEX_POINT('',#12645);
#12645 = CARTESIAN_POINT('',(61.57,-46.235,0.));
#12646 = CIRCLE('',#12647,0.425);
#12647 = AXIS2_PLACEMENT_3D('',#12648,#12649,#12650);
#12648 = CARTESIAN_POINT('',(61.57,-45.81,0.));
#12649 = DIRECTION('',(-0.,0.,-1.));
#12650 = DIRECTION('',(-0.,-1.,0.));
#12651 = FACE_BOUND('',#12652,.F.);
#12652 = EDGE_LOOP('',(#12653));
#12653 = ORIENTED_EDGE('',*,*,#12654,.F.);
#12654 = EDGE_CURVE('',#12655,#12655,#12657,.T.);
#12655 = VERTEX_POINT('',#12656);
#12656 = CARTESIAN_POINT('',(60.45,-42.,0.));
#12657 = CIRCLE('',#12658,0.95);
#12658 = AXIS2_PLACEMENT_3D('',#12659,#12660,#12661);
#12659 = CARTESIAN_POINT('',(59.5,-42.,0.));
#12660 = DIRECTION('',(0.,0.,1.));
#12661 = DIRECTION('',(1.,0.,-0.));
#12662 = FACE_BOUND('',#12663,.F.);
#12663 = EDGE_LOOP('',(#12664));
#12664 = ORIENTED_EDGE('',*,*,#12665,.T.);
#12665 = EDGE_CURVE('',#12666,#12666,#12668,.T.);
#12666 = VERTEX_POINT('',#12667);
#12667 = CARTESIAN_POINT('',(61.57,-38.615,0.));
#12668 = CIRCLE('',#12669,0.425);
#12669 = AXIS2_PLACEMENT_3D('',#12670,#12671,#12672);
#12670 = CARTESIAN_POINT('',(61.57,-38.19,0.));
#12671 = DIRECTION('',(-0.,0.,-1.));
#12672 = DIRECTION('',(-0.,-1.,0.));
#12673 = FACE_BOUND('',#12674,.F.);
#12674 = EDGE_LOOP('',(#12675));
#12675 = ORIENTED_EDGE('',*,*,#12676,.T.);
#12676 = EDGE_CURVE('',#12677,#12677,#12679,.T.);
#12677 = VERTEX_POINT('',#12678);
#12678 = CARTESIAN_POINT('',(72.9,-78.303,0.));
#12679 = CIRCLE('',#12680,0.508);
#12680 = AXIS2_PLACEMENT_3D('',#12681,#12682,#12683);
#12681 = CARTESIAN_POINT('',(72.9,-77.795,0.));
#12682 = DIRECTION('',(-0.,0.,-1.));
#12683 = DIRECTION('',(-0.,-1.,0.));
#12684 = FACE_BOUND('',#12685,.F.);
#12685 = EDGE_LOOP('',(#12686));
#12686 = ORIENTED_EDGE('',*,*,#12687,.T.);
#12687 = EDGE_CURVE('',#12688,#12688,#12690,.T.);
#12688 = VERTEX_POINT('',#12689);
#12689 = CARTESIAN_POINT('',(72.9,-73.223,0.));
#12690 = CIRCLE('',#12691,0.508);
#12691 = AXIS2_PLACEMENT_3D('',#12692,#12693,#12694);
#12692 = CARTESIAN_POINT('',(72.9,-72.715,0.));
#12693 = DIRECTION('',(-0.,0.,-1.));
#12694 = DIRECTION('',(-0.,-1.,0.));
#12695 = FACE_BOUND('',#12696,.F.);
#12696 = EDGE_LOOP('',(#12697));
#12697 = ORIENTED_EDGE('',*,*,#12698,.T.);
#12698 = EDGE_CURVE('',#12699,#12699,#12701,.T.);
#12699 = VERTEX_POINT('',#12700);
#12700 = CARTESIAN_POINT('',(94.5,-78.,0.));
#12701 = CIRCLE('',#12702,0.5);
#12702 = AXIS2_PLACEMENT_3D('',#12703,#12704,#12705);
#12703 = CARTESIAN_POINT('',(94.5,-77.5,0.));
#12704 = DIRECTION('',(-0.,0.,-1.));
#12705 = DIRECTION('',(-0.,-1.,0.));
#12706 = FACE_BOUND('',#12707,.F.);
#12707 = EDGE_LOOP('',(#12708));
#12708 = ORIENTED_EDGE('',*,*,#12709,.T.);
#12709 = EDGE_CURVE('',#12710,#12710,#12712,.T.);
#12710 = VERTEX_POINT('',#12711);
#12711 = CARTESIAN_POINT('',(94.5,-75.46,0.));
#12712 = CIRCLE('',#12713,0.5);
#12713 = AXIS2_PLACEMENT_3D('',#12714,#12715,#12716);
#12714 = CARTESIAN_POINT('',(94.5,-74.96,0.));
#12715 = DIRECTION('',(-0.,0.,-1.));
#12716 = DIRECTION('',(-0.,-1.,0.));
#12717 = FACE_BOUND('',#12718,.F.);
#12718 = EDGE_LOOP('',(#12719));
#12719 = ORIENTED_EDGE('',*,*,#12720,.T.);
#12720 = EDGE_CURVE('',#12721,#12721,#12723,.T.);
#12721 = VERTEX_POINT('',#12722);
#12722 = CARTESIAN_POINT('',(94.5,-72.92,0.));
#12723 = CIRCLE('',#12724,0.5);
#12724 = AXIS2_PLACEMENT_3D('',#12725,#12726,#12727);
#12725 = CARTESIAN_POINT('',(94.5,-72.42,0.));
#12726 = DIRECTION('',(-0.,0.,-1.));
#12727 = DIRECTION('',(-0.,-1.,0.));
#12728 = FACE_BOUND('',#12729,.F.);
#12729 = EDGE_LOOP('',(#12730));
#12730 = ORIENTED_EDGE('',*,*,#12731,.F.);
#12731 = EDGE_CURVE('',#12732,#12732,#12734,.T.);
#12732 = VERTEX_POINT('',#12733);
#12733 = CARTESIAN_POINT('',(74.95,-52.,0.));
#12734 = CIRCLE('',#12735,1.95);
#12735 = AXIS2_PLACEMENT_3D('',#12736,#12737,#12738);
#12736 = CARTESIAN_POINT('',(73.,-52.,0.));
#12737 = DIRECTION('',(0.,0.,1.));
#12738 = DIRECTION('',(1.,0.,-0.));
#12739 = FACE_BOUND('',#12740,.F.);
#12740 = EDGE_LOOP('',(#12741));
#12741 = ORIENTED_EDGE('',*,*,#12742,.T.);
#12742 = EDGE_CURVE('',#12743,#12743,#12745,.T.);
#12743 = VERTEX_POINT('',#12744);
#12744 = CARTESIAN_POINT('',(84.43,-46.235,0.));
#12745 = CIRCLE('',#12746,0.425);
#12746 = AXIS2_PLACEMENT_3D('',#12747,#12748,#12749);
#12747 = CARTESIAN_POINT('',(84.43,-45.81,0.));
#12748 = DIRECTION('',(-0.,0.,-1.));
#12749 = DIRECTION('',(-0.,-1.,0.));
#12750 = FACE_BOUND('',#12751,.F.);
#12751 = EDGE_LOOP('',(#12752));
#12752 = ORIENTED_EDGE('',*,*,#12753,.F.);
#12753 = EDGE_CURVE('',#12754,#12754,#12756,.T.);
#12754 = VERTEX_POINT('',#12755);
#12755 = CARTESIAN_POINT('',(83.3,-33.,0.));
#12756 = CIRCLE('',#12757,1.3);
#12757 = AXIS2_PLACEMENT_3D('',#12758,#12759,#12760);
#12758 = CARTESIAN_POINT('',(82.,-33.,0.));
#12759 = DIRECTION('',(0.,0.,1.));
#12760 = DIRECTION('',(1.,0.,-0.));
#12761 = FACE_BOUND('',#12762,.F.);
#12762 = EDGE_LOOP('',(#12763));
#12763 = ORIENTED_EDGE('',*,*,#12764,.T.);
#12764 = EDGE_CURVE('',#12765,#12765,#12767,.T.);
#12765 = VERTEX_POINT('',#12766);
#12766 = CARTESIAN_POINT('',(84.43,-38.615,0.));
#12767 = CIRCLE('',#12768,0.425);
#12768 = AXIS2_PLACEMENT_3D('',#12769,#12770,#12771);
#12769 = CARTESIAN_POINT('',(84.43,-38.19,0.));
#12770 = DIRECTION('',(-0.,0.,-1.));
#12771 = DIRECTION('',(-0.,-1.,0.));
#12772 = FACE_BOUND('',#12773,.F.);
#12773 = EDGE_LOOP('',(#12774));
#12774 = ORIENTED_EDGE('',*,*,#12775,.F.);
#12775 = EDGE_CURVE('',#12776,#12776,#12778,.T.);
#12776 = VERTEX_POINT('',#12777);
#12777 = CARTESIAN_POINT('',(87.45,-42.,0.));
#12778 = CIRCLE('',#12779,0.95);
#12779 = AXIS2_PLACEMENT_3D('',#12780,#12781,#12782);
#12780 = CARTESIAN_POINT('',(86.5,-42.,0.));
#12781 = DIRECTION('',(0.,0.,1.));
#12782 = DIRECTION('',(1.,0.,-0.));
#12783 = FACE_BOUND('',#12784,.F.);
#12784 = EDGE_LOOP('',(#12785));
#12785 = ORIENTED_EDGE('',*,*,#12786,.F.);
#12786 = EDGE_CURVE('',#12787,#12787,#12789,.T.);
#12787 = VERTEX_POINT('',#12788);
#12788 = CARTESIAN_POINT('',(99.75,-27.5,0.));
#12789 = CIRCLE('',#12790,1.5);
#12790 = AXIS2_PLACEMENT_3D('',#12791,#12792,#12793);
#12791 = CARTESIAN_POINT('',(98.25,-27.5,0.));
#12792 = DIRECTION('',(0.,0.,1.));
#12793 = DIRECTION('',(1.,0.,-0.));
#12794 = PLANE('',#12795);
#12795 = AXIS2_PLACEMENT_3D('',#12796,#12797,#12798);
#12796 = CARTESIAN_POINT('',(0.,0.,0.));
#12797 = DIRECTION('',(0.,0.,1.));
#12798 = DIRECTION('',(1.,0.,-0.));
#12799 = ADVANCED_FACE('',(#12800,#12846,#12857,#12868,#12879,#12890,
    #12901,#12912,#12923,#12934,#12945,#12956,#12967,#12978,#12989,
    #13000,#13011,#13022,#13033,#13044,#13055,#13066,#13077,#13088,
    #13099,#13110,#13121,#13132,#13143,#13154,#13165,#13176,#13187,
    #13198,#13209,#13220,#13231,#13242),#13253,.T.);
#12800 = FACE_BOUND('',#12801,.T.);
#12801 = EDGE_LOOP('',(#12802,#12803,#12804,#12813,#12821,#12830,#12838,
    #12845));
#12802 = ORIENTED_EDGE('',*,*,#12250,.F.);
#12803 = ORIENTED_EDGE('',*,*,#12292,.F.);
#12804 = ORIENTED_EDGE('',*,*,#12805,.F.);
#12805 = EDGE_CURVE('',#12806,#12285,#12808,.T.);
#12806 = VERTEX_POINT('',#12807);
#12807 = CARTESIAN_POINT('',(45.,-26.5,1.51));
#12808 = CIRCLE('',#12809,0.999999252925);
#12809 = AXIS2_PLACEMENT_3D('',#12810,#12811,#12812);
#12810 = CARTESIAN_POINT('',(45.999999252925,-26.49999925292,1.51));
#12811 = DIRECTION('',(0.,0.,-1.));
#12812 = DIRECTION('',(-1.,-7.470757420593E-07,-0.));
#12813 = ORIENTED_EDGE('',*,*,#12814,.F.);
#12814 = EDGE_CURVE('',#12815,#12806,#12817,.T.);
#12815 = VERTEX_POINT('',#12816);
#12816 = CARTESIAN_POINT('',(45.,-129.5,1.51));
#12817 = LINE('',#12818,#12819);
#12818 = CARTESIAN_POINT('',(45.,-129.5,1.51));
#12819 = VECTOR('',#12820,1.);
#12820 = DIRECTION('',(0.,1.,0.));
#12821 = ORIENTED_EDGE('',*,*,#12822,.F.);
#12822 = EDGE_CURVE('',#12823,#12815,#12825,.T.);
#12823 = VERTEX_POINT('',#12824);
#12824 = CARTESIAN_POINT('',(46.,-130.5,1.51));
#12825 = CIRCLE('',#12826,0.999999252925);
#12826 = AXIS2_PLACEMENT_3D('',#12827,#12828,#12829);
#12827 = CARTESIAN_POINT('',(45.999999252925,-129.500000747,1.51));
#12828 = DIRECTION('',(0.,0.,-1.));
#12829 = DIRECTION('',(7.470757562702E-07,-1.,0.));
#12830 = ORIENTED_EDGE('',*,*,#12831,.F.);
#12831 = EDGE_CURVE('',#12832,#12823,#12834,.T.);
#12832 = VERTEX_POINT('',#12833);
#12833 = CARTESIAN_POINT('',(99.25,-130.5,1.51));
#12834 = LINE('',#12835,#12836);
#12835 = CARTESIAN_POINT('',(99.25,-130.5,1.51));
#12836 = VECTOR('',#12837,1.);
#12837 = DIRECTION('',(-1.,0.,0.));
#12838 = ORIENTED_EDGE('',*,*,#12839,.F.);
#12839 = EDGE_CURVE('',#12315,#12832,#12840,.T.);
#12840 = CIRCLE('',#12841,0.999999252925);
#12841 = AXIS2_PLACEMENT_3D('',#12842,#12843,#12844);
#12842 = CARTESIAN_POINT('',(99.250000747075,-129.500000747,1.51));
#12843 = DIRECTION('',(0.,0.,-1.));
#12844 = DIRECTION('',(1.,7.470757349539E-07,0.));
#12845 = ORIENTED_EDGE('',*,*,#12314,.F.);
#12846 = FACE_BOUND('',#12847,.T.);
#12847 = EDGE_LOOP('',(#12848));
#12848 = ORIENTED_EDGE('',*,*,#12849,.F.);
#12849 = EDGE_CURVE('',#12850,#12850,#12852,.T.);
#12850 = VERTEX_POINT('',#12851);
#12851 = CARTESIAN_POINT('',(48.5,-128.5,1.51));
#12852 = CIRCLE('',#12853,1.5);
#12853 = AXIS2_PLACEMENT_3D('',#12854,#12855,#12856);
#12854 = CARTESIAN_POINT('',(47.,-128.5,1.51));
#12855 = DIRECTION('',(0.,0.,1.));
#12856 = DIRECTION('',(1.,0.,-0.));
#12857 = FACE_BOUND('',#12858,.T.);
#12858 = EDGE_LOOP('',(#12859));
#12859 = ORIENTED_EDGE('',*,*,#12860,.T.);
#12860 = EDGE_CURVE('',#12861,#12861,#12863,.T.);
#12861 = VERTEX_POINT('',#12862);
#12862 = CARTESIAN_POINT('',(56.5,-120.54,1.51));
#12863 = CIRCLE('',#12864,0.5);
#12864 = AXIS2_PLACEMENT_3D('',#12865,#12866,#12867);
#12865 = CARTESIAN_POINT('',(56.5,-120.04,1.51));
#12866 = DIRECTION('',(-0.,0.,-1.));
#12867 = DIRECTION('',(-0.,-1.,0.));
#12868 = FACE_BOUND('',#12869,.T.);
#12869 = EDGE_LOOP('',(#12870));
#12870 = ORIENTED_EDGE('',*,*,#12871,.T.);
#12871 = EDGE_CURVE('',#12872,#12872,#12874,.T.);
#12872 = VERTEX_POINT('',#12873);
#12873 = CARTESIAN_POINT('',(56.5,-118.,1.51));
#12874 = CIRCLE('',#12875,0.5);
#12875 = AXIS2_PLACEMENT_3D('',#12876,#12877,#12878);
#12876 = CARTESIAN_POINT('',(56.5,-117.5,1.51));
#12877 = DIRECTION('',(-0.,0.,-1.));
#12878 = DIRECTION('',(-0.,-1.,0.));
#12879 = FACE_BOUND('',#12880,.T.);
#12880 = EDGE_LOOP('',(#12881));
#12881 = ORIENTED_EDGE('',*,*,#12882,.T.);
#12882 = EDGE_CURVE('',#12883,#12883,#12885,.T.);
#12883 = VERTEX_POINT('',#12884);
#12884 = CARTESIAN_POINT('',(56.5,-115.46,1.51));
#12885 = CIRCLE('',#12886,0.5);
#12886 = AXIS2_PLACEMENT_3D('',#12887,#12888,#12889);
#12887 = CARTESIAN_POINT('',(56.5,-114.96,1.51));
#12888 = DIRECTION('',(-0.,0.,-1.));
#12889 = DIRECTION('',(-0.,-1.,0.));
#12890 = FACE_BOUND('',#12891,.T.);
#12891 = EDGE_LOOP('',(#12892));
#12892 = ORIENTED_EDGE('',*,*,#12893,.T.);
#12893 = EDGE_CURVE('',#12894,#12894,#12896,.T.);
#12894 = VERTEX_POINT('',#12895);
#12895 = CARTESIAN_POINT('',(56.5,-112.92,1.51));
#12896 = CIRCLE('',#12897,0.5);
#12897 = AXIS2_PLACEMENT_3D('',#12898,#12899,#12900);
#12898 = CARTESIAN_POINT('',(56.5,-112.42,1.51));
#12899 = DIRECTION('',(-0.,0.,-1.));
#12900 = DIRECTION('',(-0.,-1.,0.));
#12901 = FACE_BOUND('',#12902,.T.);
#12902 = EDGE_LOOP('',(#12903));
#12903 = ORIENTED_EDGE('',*,*,#12904,.T.);
#12904 = EDGE_CURVE('',#12905,#12905,#12907,.T.);
#12905 = VERTEX_POINT('',#12906);
#12906 = CARTESIAN_POINT('',(47.5,-83.383,1.51));
#12907 = CIRCLE('',#12908,0.508);
#12908 = AXIS2_PLACEMENT_3D('',#12909,#12910,#12911);
#12909 = CARTESIAN_POINT('',(47.5,-82.875,1.51));
#12910 = DIRECTION('',(-0.,0.,-1.));
#12911 = DIRECTION('',(-0.,-1.,0.));
#12912 = FACE_BOUND('',#12913,.T.);
#12913 = EDGE_LOOP('',(#12914));
#12914 = ORIENTED_EDGE('',*,*,#12915,.T.);
#12915 = EDGE_CURVE('',#12916,#12916,#12918,.T.);
#12916 = VERTEX_POINT('',#12917);
#12917 = CARTESIAN_POINT('',(50.04,-83.383,1.51));
#12918 = CIRCLE('',#12919,0.508);
#12919 = AXIS2_PLACEMENT_3D('',#12920,#12921,#12922);
#12920 = CARTESIAN_POINT('',(50.04,-82.875,1.51));
#12921 = DIRECTION('',(-0.,0.,-1.));
#12922 = DIRECTION('',(-0.,-1.,0.));
#12923 = FACE_BOUND('',#12924,.T.);
#12924 = EDGE_LOOP('',(#12925));
#12925 = ORIENTED_EDGE('',*,*,#12926,.T.);
#12926 = EDGE_CURVE('',#12927,#12927,#12929,.T.);
#12927 = VERTEX_POINT('',#12928);
#12928 = CARTESIAN_POINT('',(52.58,-83.383,1.51));
#12929 = CIRCLE('',#12930,0.508);
#12930 = AXIS2_PLACEMENT_3D('',#12931,#12932,#12933);
#12931 = CARTESIAN_POINT('',(52.58,-82.875,1.51));
#12932 = DIRECTION('',(-0.,0.,-1.));
#12933 = DIRECTION('',(-0.,-1.,0.));
#12934 = FACE_BOUND('',#12935,.T.);
#12935 = EDGE_LOOP('',(#12936));
#12936 = ORIENTED_EDGE('',*,*,#12937,.T.);
#12937 = EDGE_CURVE('',#12938,#12938,#12940,.T.);
#12938 = VERTEX_POINT('',#12939);
#12939 = CARTESIAN_POINT('',(55.12,-83.383,1.51));
#12940 = CIRCLE('',#12941,0.508);
#12941 = AXIS2_PLACEMENT_3D('',#12942,#12943,#12944);
#12942 = CARTESIAN_POINT('',(55.12,-82.875,1.51));
#12943 = DIRECTION('',(-0.,0.,-1.));
#12944 = DIRECTION('',(-1.398706172756E-14,-1.,0.));
#12945 = FACE_BOUND('',#12946,.T.);
#12946 = EDGE_LOOP('',(#12947));
#12947 = ORIENTED_EDGE('',*,*,#12948,.T.);
#12948 = EDGE_CURVE('',#12949,#12949,#12951,.T.);
#12949 = VERTEX_POINT('',#12950);
#12950 = CARTESIAN_POINT('',(57.66,-83.383,1.51));
#12951 = CIRCLE('',#12952,0.508);
#12952 = AXIS2_PLACEMENT_3D('',#12953,#12954,#12955);
#12953 = CARTESIAN_POINT('',(57.66,-82.875,1.51));
#12954 = DIRECTION('',(-0.,0.,-1.));
#12955 = DIRECTION('',(-0.,-1.,0.));
#12956 = FACE_BOUND('',#12957,.T.);
#12957 = EDGE_LOOP('',(#12958));
#12958 = ORIENTED_EDGE('',*,*,#12959,.T.);
#12959 = EDGE_CURVE('',#12960,#12960,#12962,.T.);
#12960 = VERTEX_POINT('',#12961);
#12961 = CARTESIAN_POINT('',(60.2,-83.383,1.51));
#12962 = CIRCLE('',#12963,0.508);
#12963 = AXIS2_PLACEMENT_3D('',#12964,#12965,#12966);
#12964 = CARTESIAN_POINT('',(60.2,-82.875,1.51));
#12965 = DIRECTION('',(-0.,0.,-1.));
#12966 = DIRECTION('',(-0.,-1.,0.));
#12967 = FACE_BOUND('',#12968,.T.);
#12968 = EDGE_LOOP('',(#12969));
#12969 = ORIENTED_EDGE('',*,*,#12970,.T.);
#12970 = EDGE_CURVE('',#12971,#12971,#12973,.T.);
#12971 = VERTEX_POINT('',#12972);
#12972 = CARTESIAN_POINT('',(62.74,-83.383,1.51));
#12973 = CIRCLE('',#12974,0.508);
#12974 = AXIS2_PLACEMENT_3D('',#12975,#12976,#12977);
#12975 = CARTESIAN_POINT('',(62.74,-82.875,1.51));
#12976 = DIRECTION('',(-0.,0.,-1.));
#12977 = DIRECTION('',(1.398706172756E-14,-1.,-0.));
#12978 = FACE_BOUND('',#12979,.T.);
#12979 = EDGE_LOOP('',(#12980));
#12980 = ORIENTED_EDGE('',*,*,#12981,.F.);
#12981 = EDGE_CURVE('',#12982,#12982,#12984,.T.);
#12982 = VERTEX_POINT('',#12983);
#12983 = CARTESIAN_POINT('',(99.75,-128.5,1.51));
#12984 = CIRCLE('',#12985,1.5);
#12985 = AXIS2_PLACEMENT_3D('',#12986,#12987,#12988);
#12986 = CARTESIAN_POINT('',(98.25,-128.5,1.51));
#12987 = DIRECTION('',(0.,0.,1.));
#12988 = DIRECTION('',(1.,0.,-0.));
#12989 = FACE_BOUND('',#12990,.T.);
#12990 = EDGE_LOOP('',(#12991));
#12991 = ORIENTED_EDGE('',*,*,#12992,.T.);
#12992 = EDGE_CURVE('',#12993,#12993,#12995,.T.);
#12993 = VERTEX_POINT('',#12994);
#12994 = CARTESIAN_POINT('',(77.,-86.25,1.51));
#12995 = CIRCLE('',#12996,0.375);
#12996 = AXIS2_PLACEMENT_3D('',#12997,#12998,#12999);
#12997 = CARTESIAN_POINT('',(77.,-85.875,1.51));
#12998 = DIRECTION('',(-0.,0.,-1.));
#12999 = DIRECTION('',(-0.,-1.,0.));
#13000 = FACE_BOUND('',#13001,.T.);
#13001 = EDGE_LOOP('',(#13002));
#13002 = ORIENTED_EDGE('',*,*,#13003,.T.);
#13003 = EDGE_CURVE('',#13004,#13004,#13006,.T.);
#13004 = VERTEX_POINT('',#13005);
#13005 = CARTESIAN_POINT('',(79.,-86.25,1.51));
#13006 = CIRCLE('',#13007,0.375);
#13007 = AXIS2_PLACEMENT_3D('',#13008,#13009,#13010);
#13008 = CARTESIAN_POINT('',(79.,-85.875,1.51));
#13009 = DIRECTION('',(-0.,0.,-1.));
#13010 = DIRECTION('',(-0.,-1.,0.));
#13011 = FACE_BOUND('',#13012,.T.);
#13012 = EDGE_LOOP('',(#13013));
#13013 = ORIENTED_EDGE('',*,*,#13014,.T.);
#13014 = EDGE_CURVE('',#13015,#13015,#13017,.T.);
#13015 = VERTEX_POINT('',#13016);
#13016 = CARTESIAN_POINT('',(47.5,-68.143,1.51));
#13017 = CIRCLE('',#13018,0.508);
#13018 = AXIS2_PLACEMENT_3D('',#13019,#13020,#13021);
#13019 = CARTESIAN_POINT('',(47.5,-67.635,1.51));
#13020 = DIRECTION('',(-0.,0.,-1.));
#13021 = DIRECTION('',(-0.,-1.,0.));
#13022 = FACE_BOUND('',#13023,.T.);
#13023 = EDGE_LOOP('',(#13024));
#13024 = ORIENTED_EDGE('',*,*,#13025,.T.);
#13025 = EDGE_CURVE('',#13026,#13026,#13028,.T.);
#13026 = VERTEX_POINT('',#13027);
#13027 = CARTESIAN_POINT('',(50.04,-68.143,1.51));
#13028 = CIRCLE('',#13029,0.508);
#13029 = AXIS2_PLACEMENT_3D('',#13030,#13031,#13032);
#13030 = CARTESIAN_POINT('',(50.04,-67.635,1.51));
#13031 = DIRECTION('',(-0.,0.,-1.));
#13032 = DIRECTION('',(-0.,-1.,0.));
#13033 = FACE_BOUND('',#13034,.T.);
#13034 = EDGE_LOOP('',(#13035));
#13035 = ORIENTED_EDGE('',*,*,#13036,.T.);
#13036 = EDGE_CURVE('',#13037,#13037,#13039,.T.);
#13037 = VERTEX_POINT('',#13038);
#13038 = CARTESIAN_POINT('',(52.58,-68.143,1.51));
#13039 = CIRCLE('',#13040,0.508);
#13040 = AXIS2_PLACEMENT_3D('',#13041,#13042,#13043);
#13041 = CARTESIAN_POINT('',(52.58,-67.635,1.51));
#13042 = DIRECTION('',(-0.,0.,-1.));
#13043 = DIRECTION('',(-0.,-1.,0.));
#13044 = FACE_BOUND('',#13045,.T.);
#13045 = EDGE_LOOP('',(#13046));
#13046 = ORIENTED_EDGE('',*,*,#13047,.T.);
#13047 = EDGE_CURVE('',#13048,#13048,#13050,.T.);
#13048 = VERTEX_POINT('',#13049);
#13049 = CARTESIAN_POINT('',(55.12,-68.143,1.51));
#13050 = CIRCLE('',#13051,0.508);
#13051 = AXIS2_PLACEMENT_3D('',#13052,#13053,#13054);
#13052 = CARTESIAN_POINT('',(55.12,-67.635,1.51));
#13053 = DIRECTION('',(-0.,0.,-1.));
#13054 = DIRECTION('',(-1.398706172756E-14,-1.,0.));
#13055 = FACE_BOUND('',#13056,.T.);
#13056 = EDGE_LOOP('',(#13057));
#13057 = ORIENTED_EDGE('',*,*,#13058,.T.);
#13058 = EDGE_CURVE('',#13059,#13059,#13061,.T.);
#13059 = VERTEX_POINT('',#13060);
#13060 = CARTESIAN_POINT('',(57.66,-68.143,1.51));
#13061 = CIRCLE('',#13062,0.508);
#13062 = AXIS2_PLACEMENT_3D('',#13063,#13064,#13065);
#13063 = CARTESIAN_POINT('',(57.66,-67.635,1.51));
#13064 = DIRECTION('',(-0.,0.,-1.));
#13065 = DIRECTION('',(-0.,-1.,0.));
#13066 = FACE_BOUND('',#13067,.T.);
#13067 = EDGE_LOOP('',(#13068));
#13068 = ORIENTED_EDGE('',*,*,#13069,.T.);
#13069 = EDGE_CURVE('',#13070,#13070,#13072,.T.);
#13070 = VERTEX_POINT('',#13071);
#13071 = CARTESIAN_POINT('',(60.2,-68.143,1.51));
#13072 = CIRCLE('',#13073,0.508);
#13073 = AXIS2_PLACEMENT_3D('',#13074,#13075,#13076);
#13074 = CARTESIAN_POINT('',(60.2,-67.635,1.51));
#13075 = DIRECTION('',(-0.,0.,-1.));
#13076 = DIRECTION('',(-0.,-1.,0.));
#13077 = FACE_BOUND('',#13078,.T.);
#13078 = EDGE_LOOP('',(#13079));
#13079 = ORIENTED_EDGE('',*,*,#13080,.T.);
#13080 = EDGE_CURVE('',#13081,#13081,#13083,.T.);
#13081 = VERTEX_POINT('',#13082);
#13082 = CARTESIAN_POINT('',(62.74,-68.143,1.51));
#13083 = CIRCLE('',#13084,0.508);
#13084 = AXIS2_PLACEMENT_3D('',#13085,#13086,#13087);
#13085 = CARTESIAN_POINT('',(62.74,-67.635,1.51));
#13086 = DIRECTION('',(-0.,0.,-1.));
#13087 = DIRECTION('',(1.398706172756E-14,-1.,-0.));
#13088 = FACE_BOUND('',#13089,.T.);
#13089 = EDGE_LOOP('',(#13090));
#13090 = ORIENTED_EDGE('',*,*,#13091,.F.);
#13091 = EDGE_CURVE('',#13092,#13092,#13094,.T.);
#13092 = VERTEX_POINT('',#13093);
#13093 = CARTESIAN_POINT('',(48.5,-27.5,1.51));
#13094 = CIRCLE('',#13095,1.5);
#13095 = AXIS2_PLACEMENT_3D('',#13096,#13097,#13098);
#13096 = CARTESIAN_POINT('',(47.,-27.5,1.51));
#13097 = DIRECTION('',(0.,0.,1.));
#13098 = DIRECTION('',(1.,0.,-0.));
#13099 = FACE_BOUND('',#13100,.T.);
#13100 = EDGE_LOOP('',(#13101));
#13101 = ORIENTED_EDGE('',*,*,#13102,.T.);
#13102 = EDGE_CURVE('',#13103,#13103,#13105,.T.);
#13103 = VERTEX_POINT('',#13104);
#13104 = CARTESIAN_POINT('',(61.57,-46.235,1.51));
#13105 = CIRCLE('',#13106,0.425);
#13106 = AXIS2_PLACEMENT_3D('',#13107,#13108,#13109);
#13107 = CARTESIAN_POINT('',(61.57,-45.81,1.51));
#13108 = DIRECTION('',(-0.,0.,-1.));
#13109 = DIRECTION('',(-0.,-1.,0.));
#13110 = FACE_BOUND('',#13111,.T.);
#13111 = EDGE_LOOP('',(#13112));
#13112 = ORIENTED_EDGE('',*,*,#13113,.F.);
#13113 = EDGE_CURVE('',#13114,#13114,#13116,.T.);
#13114 = VERTEX_POINT('',#13115);
#13115 = CARTESIAN_POINT('',(60.45,-42.,1.51));
#13116 = CIRCLE('',#13117,0.95);
#13117 = AXIS2_PLACEMENT_3D('',#13118,#13119,#13120);
#13118 = CARTESIAN_POINT('',(59.5,-42.,1.51));
#13119 = DIRECTION('',(0.,0.,1.));
#13120 = DIRECTION('',(1.,0.,-0.));
#13121 = FACE_BOUND('',#13122,.T.);
#13122 = EDGE_LOOP('',(#13123));
#13123 = ORIENTED_EDGE('',*,*,#13124,.T.);
#13124 = EDGE_CURVE('',#13125,#13125,#13127,.T.);
#13125 = VERTEX_POINT('',#13126);
#13126 = CARTESIAN_POINT('',(61.57,-38.615,1.51));
#13127 = CIRCLE('',#13128,0.425);
#13128 = AXIS2_PLACEMENT_3D('',#13129,#13130,#13131);
#13129 = CARTESIAN_POINT('',(61.57,-38.19,1.51));
#13130 = DIRECTION('',(-0.,0.,-1.));
#13131 = DIRECTION('',(-0.,-1.,0.));
#13132 = FACE_BOUND('',#13133,.T.);
#13133 = EDGE_LOOP('',(#13134));
#13134 = ORIENTED_EDGE('',*,*,#13135,.T.);
#13135 = EDGE_CURVE('',#13136,#13136,#13138,.T.);
#13136 = VERTEX_POINT('',#13137);
#13137 = CARTESIAN_POINT('',(72.9,-78.303,1.51));
#13138 = CIRCLE('',#13139,0.508);
#13139 = AXIS2_PLACEMENT_3D('',#13140,#13141,#13142);
#13140 = CARTESIAN_POINT('',(72.9,-77.795,1.51));
#13141 = DIRECTION('',(-0.,0.,-1.));
#13142 = DIRECTION('',(-0.,-1.,0.));
#13143 = FACE_BOUND('',#13144,.T.);
#13144 = EDGE_LOOP('',(#13145));
#13145 = ORIENTED_EDGE('',*,*,#13146,.T.);
#13146 = EDGE_CURVE('',#13147,#13147,#13149,.T.);
#13147 = VERTEX_POINT('',#13148);
#13148 = CARTESIAN_POINT('',(72.9,-73.223,1.51));
#13149 = CIRCLE('',#13150,0.508);
#13150 = AXIS2_PLACEMENT_3D('',#13151,#13152,#13153);
#13151 = CARTESIAN_POINT('',(72.9,-72.715,1.51));
#13152 = DIRECTION('',(-0.,0.,-1.));
#13153 = DIRECTION('',(-0.,-1.,0.));
#13154 = FACE_BOUND('',#13155,.T.);
#13155 = EDGE_LOOP('',(#13156));
#13156 = ORIENTED_EDGE('',*,*,#13157,.T.);
#13157 = EDGE_CURVE('',#13158,#13158,#13160,.T.);
#13158 = VERTEX_POINT('',#13159);
#13159 = CARTESIAN_POINT('',(94.5,-78.,1.51));
#13160 = CIRCLE('',#13161,0.5);
#13161 = AXIS2_PLACEMENT_3D('',#13162,#13163,#13164);
#13162 = CARTESIAN_POINT('',(94.5,-77.5,1.51));
#13163 = DIRECTION('',(-0.,0.,-1.));
#13164 = DIRECTION('',(-0.,-1.,0.));
#13165 = FACE_BOUND('',#13166,.T.);
#13166 = EDGE_LOOP('',(#13167));
#13167 = ORIENTED_EDGE('',*,*,#13168,.T.);
#13168 = EDGE_CURVE('',#13169,#13169,#13171,.T.);
#13169 = VERTEX_POINT('',#13170);
#13170 = CARTESIAN_POINT('',(94.5,-75.46,1.51));
#13171 = CIRCLE('',#13172,0.5);
#13172 = AXIS2_PLACEMENT_3D('',#13173,#13174,#13175);
#13173 = CARTESIAN_POINT('',(94.5,-74.96,1.51));
#13174 = DIRECTION('',(-0.,0.,-1.));
#13175 = DIRECTION('',(-0.,-1.,0.));
#13176 = FACE_BOUND('',#13177,.T.);
#13177 = EDGE_LOOP('',(#13178));
#13178 = ORIENTED_EDGE('',*,*,#13179,.T.);
#13179 = EDGE_CURVE('',#13180,#13180,#13182,.T.);
#13180 = VERTEX_POINT('',#13181);
#13181 = CARTESIAN_POINT('',(94.5,-72.92,1.51));
#13182 = CIRCLE('',#13183,0.5);
#13183 = AXIS2_PLACEMENT_3D('',#13184,#13185,#13186);
#13184 = CARTESIAN_POINT('',(94.5,-72.42,1.51));
#13185 = DIRECTION('',(-0.,0.,-1.));
#13186 = DIRECTION('',(-0.,-1.,0.));
#13187 = FACE_BOUND('',#13188,.T.);
#13188 = EDGE_LOOP('',(#13189));
#13189 = ORIENTED_EDGE('',*,*,#13190,.F.);
#13190 = EDGE_CURVE('',#13191,#13191,#13193,.T.);
#13191 = VERTEX_POINT('',#13192);
#13192 = CARTESIAN_POINT('',(74.95,-52.,1.51));
#13193 = CIRCLE('',#13194,1.95);
#13194 = AXIS2_PLACEMENT_3D('',#13195,#13196,#13197);
#13195 = CARTESIAN_POINT('',(73.,-52.,1.51));
#13196 = DIRECTION('',(0.,0.,1.));
#13197 = DIRECTION('',(1.,0.,-0.));
#13198 = FACE_BOUND('',#13199,.T.);
#13199 = EDGE_LOOP('',(#13200));
#13200 = ORIENTED_EDGE('',*,*,#13201,.T.);
#13201 = EDGE_CURVE('',#13202,#13202,#13204,.T.);
#13202 = VERTEX_POINT('',#13203);
#13203 = CARTESIAN_POINT('',(84.43,-46.235,1.51));
#13204 = CIRCLE('',#13205,0.425);
#13205 = AXIS2_PLACEMENT_3D('',#13206,#13207,#13208);
#13206 = CARTESIAN_POINT('',(84.43,-45.81,1.51));
#13207 = DIRECTION('',(-0.,0.,-1.));
#13208 = DIRECTION('',(-0.,-1.,0.));
#13209 = FACE_BOUND('',#13210,.T.);
#13210 = EDGE_LOOP('',(#13211));
#13211 = ORIENTED_EDGE('',*,*,#13212,.F.);
#13212 = EDGE_CURVE('',#13213,#13213,#13215,.T.);
#13213 = VERTEX_POINT('',#13214);
#13214 = CARTESIAN_POINT('',(83.3,-33.,1.51));
#13215 = CIRCLE('',#13216,1.3);
#13216 = AXIS2_PLACEMENT_3D('',#13217,#13218,#13219);
#13217 = CARTESIAN_POINT('',(82.,-33.,1.51));
#13218 = DIRECTION('',(0.,0.,1.));
#13219 = DIRECTION('',(1.,0.,-0.));
#13220 = FACE_BOUND('',#13221,.T.);
#13221 = EDGE_LOOP('',(#13222));
#13222 = ORIENTED_EDGE('',*,*,#13223,.T.);
#13223 = EDGE_CURVE('',#13224,#13224,#13226,.T.);
#13224 = VERTEX_POINT('',#13225);
#13225 = CARTESIAN_POINT('',(84.43,-38.615,1.51));
#13226 = CIRCLE('',#13227,0.425);
#13227 = AXIS2_PLACEMENT_3D('',#13228,#13229,#13230);
#13228 = CARTESIAN_POINT('',(84.43,-38.19,1.51));
#13229 = DIRECTION('',(-0.,0.,-1.));
#13230 = DIRECTION('',(-0.,-1.,0.));
#13231 = FACE_BOUND('',#13232,.T.);
#13232 = EDGE_LOOP('',(#13233));
#13233 = ORIENTED_EDGE('',*,*,#13234,.F.);
#13234 = EDGE_CURVE('',#13235,#13235,#13237,.T.);
#13235 = VERTEX_POINT('',#13236);
#13236 = CARTESIAN_POINT('',(87.45,-42.,1.51));
#13237 = CIRCLE('',#13238,0.95);
#13238 = AXIS2_PLACEMENT_3D('',#13239,#13240,#13241);
#13239 = CARTESIAN_POINT('',(86.5,-42.,1.51));
#13240 = DIRECTION('',(0.,0.,1.));
#13241 = DIRECTION('',(1.,0.,-0.));
#13242 = FACE_BOUND('',#13243,.T.);
#13243 = EDGE_LOOP('',(#13244));
#13244 = ORIENTED_EDGE('',*,*,#13245,.F.);
#13245 = EDGE_CURVE('',#13246,#13246,#13248,.T.);
#13246 = VERTEX_POINT('',#13247);
#13247 = CARTESIAN_POINT('',(99.75,-27.5,1.51));
#13248 = CIRCLE('',#13249,1.5);
#13249 = AXIS2_PLACEMENT_3D('',#13250,#13251,#13252);
#13250 = CARTESIAN_POINT('',(98.25,-27.5,1.51));
#13251 = DIRECTION('',(0.,0.,1.));
#13252 = DIRECTION('',(1.,0.,-0.));
#13253 = PLANE('',#13254);
#13254 = AXIS2_PLACEMENT_3D('',#13255,#13256,#13257);
#13255 = CARTESIAN_POINT('',(0.,0.,1.51));
#13256 = DIRECTION('',(0.,0.,1.));
#13257 = DIRECTION('',(1.,0.,-0.));
#13258 = ADVANCED_FACE('',(#13259),#13270,.T.);
#13259 = FACE_BOUND('',#13260,.T.);
#13260 = EDGE_LOOP('',(#13261,#13267,#13268,#13269));
#13261 = ORIENTED_EDGE('',*,*,#13262,.T.);
#13262 = EDGE_CURVE('',#12347,#12806,#13263,.T.);
#13263 = LINE('',#13264,#13265);
#13264 = CARTESIAN_POINT('',(45.,-26.5,0.));
#13265 = VECTOR('',#13266,1.);
#13266 = DIRECTION('',(0.,0.,1.));
#13267 = ORIENTED_EDGE('',*,*,#12805,.T.);
#13268 = ORIENTED_EDGE('',*,*,#12282,.F.);
#13269 = ORIENTED_EDGE('',*,*,#12346,.F.);
#13270 = CYLINDRICAL_SURFACE('',#13271,0.999999252925);
#13271 = AXIS2_PLACEMENT_3D('',#13272,#13273,#13274);
#13272 = CARTESIAN_POINT('',(45.999999252925,-26.49999925292,0.));
#13273 = DIRECTION('',(0.,0.,-1.));
#13274 = DIRECTION('',(-1.,-7.470757420593E-07,-0.));
#13275 = ADVANCED_FACE('',(#13276),#13287,.T.);
#13276 = FACE_BOUND('',#13277,.T.);
#13277 = EDGE_LOOP('',(#13278,#13279,#13280,#13286));
#13278 = ORIENTED_EDGE('',*,*,#12322,.T.);
#13279 = ORIENTED_EDGE('',*,*,#12839,.T.);
#13280 = ORIENTED_EDGE('',*,*,#13281,.F.);
#13281 = EDGE_CURVE('',#12373,#12832,#13282,.T.);
#13282 = LINE('',#13283,#13284);
#13283 = CARTESIAN_POINT('',(99.25,-130.5,0.));
#13284 = VECTOR('',#13285,1.);
#13285 = DIRECTION('',(0.,0.,1.));
#13286 = ORIENTED_EDGE('',*,*,#12380,.F.);
#13287 = CYLINDRICAL_SURFACE('',#13288,0.999999252925);
#13288 = AXIS2_PLACEMENT_3D('',#13289,#13290,#13291);
#13289 = CARTESIAN_POINT('',(99.250000747075,-129.500000747,0.));
#13290 = DIRECTION('',(0.,0.,-1.));
#13291 = DIRECTION('',(1.,7.470757349539E-07,0.));
#13292 = ADVANCED_FACE('',(#13293),#13304,.T.);
#13293 = FACE_BOUND('',#13294,.T.);
#13294 = EDGE_LOOP('',(#13295,#13301,#13302,#13303));
#13295 = ORIENTED_EDGE('',*,*,#13296,.T.);
#13296 = EDGE_CURVE('',#12356,#12815,#13297,.T.);
#13297 = LINE('',#13298,#13299);
#13298 = CARTESIAN_POINT('',(45.,-129.5,0.));
#13299 = VECTOR('',#13300,1.);
#13300 = DIRECTION('',(0.,0.,1.));
#13301 = ORIENTED_EDGE('',*,*,#12814,.T.);
#13302 = ORIENTED_EDGE('',*,*,#13262,.F.);
#13303 = ORIENTED_EDGE('',*,*,#12355,.F.);
#13304 = PLANE('',#13305);
#13305 = AXIS2_PLACEMENT_3D('',#13306,#13307,#13308);
#13306 = CARTESIAN_POINT('',(45.,-129.5,0.));
#13307 = DIRECTION('',(-1.,0.,0.));
#13308 = DIRECTION('',(0.,1.,0.));
#13309 = ADVANCED_FACE('',(#13310),#13321,.T.);
#13310 = FACE_BOUND('',#13311,.T.);
#13311 = EDGE_LOOP('',(#13312,#13313,#13314,#13320));
#13312 = ORIENTED_EDGE('',*,*,#13281,.T.);
#13313 = ORIENTED_EDGE('',*,*,#12831,.T.);
#13314 = ORIENTED_EDGE('',*,*,#13315,.F.);
#13315 = EDGE_CURVE('',#12364,#12823,#13316,.T.);
#13316 = LINE('',#13317,#13318);
#13317 = CARTESIAN_POINT('',(46.,-130.5,0.));
#13318 = VECTOR('',#13319,1.);
#13319 = DIRECTION('',(0.,0.,1.));
#13320 = ORIENTED_EDGE('',*,*,#12372,.F.);
#13321 = PLANE('',#13322);
#13322 = AXIS2_PLACEMENT_3D('',#13323,#13324,#13325);
#13323 = CARTESIAN_POINT('',(99.25,-130.5,0.));
#13324 = DIRECTION('',(0.,-1.,0.));
#13325 = DIRECTION('',(-1.,0.,0.));
#13326 = ADVANCED_FACE('',(#13327),#13333,.T.);
#13327 = FACE_BOUND('',#13328,.T.);
#13328 = EDGE_LOOP('',(#13329,#13330,#13331,#13332));
#13329 = ORIENTED_EDGE('',*,*,#13315,.T.);
#13330 = ORIENTED_EDGE('',*,*,#12822,.T.);
#13331 = ORIENTED_EDGE('',*,*,#13296,.F.);
#13332 = ORIENTED_EDGE('',*,*,#12363,.F.);
#13333 = CYLINDRICAL_SURFACE('',#13334,0.999999252925);
#13334 = AXIS2_PLACEMENT_3D('',#13335,#13336,#13337);
#13335 = CARTESIAN_POINT('',(45.999999252925,-129.500000747,0.));
#13336 = DIRECTION('',(0.,0.,-1.));
#13337 = DIRECTION('',(7.470757562702E-07,-1.,0.));
#13338 = ADVANCED_FACE('',(#13339),#13350,.F.);
#13339 = FACE_BOUND('',#13340,.T.);
#13340 = EDGE_LOOP('',(#13341,#13347,#13348,#13349));
#13341 = ORIENTED_EDGE('',*,*,#13342,.T.);
#13342 = EDGE_CURVE('',#12391,#12850,#13343,.T.);
#13343 = LINE('',#13344,#13345);
#13344 = CARTESIAN_POINT('',(48.5,-128.5,0.));
#13345 = VECTOR('',#13346,1.);
#13346 = DIRECTION('',(0.,0.,1.));
#13347 = ORIENTED_EDGE('',*,*,#12849,.T.);
#13348 = ORIENTED_EDGE('',*,*,#13342,.F.);
#13349 = ORIENTED_EDGE('',*,*,#12390,.F.);
#13350 = CYLINDRICAL_SURFACE('',#13351,1.5);
#13351 = AXIS2_PLACEMENT_3D('',#13352,#13353,#13354);
#13352 = CARTESIAN_POINT('',(47.,-128.5,0.));
#13353 = DIRECTION('',(-0.,-0.,-1.));
#13354 = DIRECTION('',(1.,0.,-0.));
#13355 = ADVANCED_FACE('',(#13356),#13367,.F.);
#13356 = FACE_BOUND('',#13357,.T.);
#13357 = EDGE_LOOP('',(#13358,#13359,#13365,#13366));
#13358 = ORIENTED_EDGE('',*,*,#12401,.T.);
#13359 = ORIENTED_EDGE('',*,*,#13360,.T.);
#13360 = EDGE_CURVE('',#12402,#12861,#13361,.T.);
#13361 = LINE('',#13362,#13363);
#13362 = CARTESIAN_POINT('',(56.5,-120.54,-4.6E-02));
#13363 = VECTOR('',#13364,1.);
#13364 = DIRECTION('',(0.,0.,1.));
#13365 = ORIENTED_EDGE('',*,*,#12860,.F.);
#13366 = ORIENTED_EDGE('',*,*,#13360,.F.);
#13367 = CYLINDRICAL_SURFACE('',#13368,0.5);
#13368 = AXIS2_PLACEMENT_3D('',#13369,#13370,#13371);
#13369 = CARTESIAN_POINT('',(56.5,-120.04,-4.6E-02));
#13370 = DIRECTION('',(-0.,-0.,-1.));
#13371 = DIRECTION('',(-0.,-1.,0.));
#13372 = ADVANCED_FACE('',(#13373),#13384,.F.);
#13373 = FACE_BOUND('',#13374,.T.);
#13374 = EDGE_LOOP('',(#13375,#13376,#13382,#13383));
#13375 = ORIENTED_EDGE('',*,*,#12412,.T.);
#13376 = ORIENTED_EDGE('',*,*,#13377,.T.);
#13377 = EDGE_CURVE('',#12413,#12872,#13378,.T.);
#13378 = LINE('',#13379,#13380);
#13379 = CARTESIAN_POINT('',(56.5,-118.,-4.6E-02));
#13380 = VECTOR('',#13381,1.);
#13381 = DIRECTION('',(0.,0.,1.));
#13382 = ORIENTED_EDGE('',*,*,#12871,.F.);
#13383 = ORIENTED_EDGE('',*,*,#13377,.F.);
#13384 = CYLINDRICAL_SURFACE('',#13385,0.5);
#13385 = AXIS2_PLACEMENT_3D('',#13386,#13387,#13388);
#13386 = CARTESIAN_POINT('',(56.5,-117.5,-4.6E-02));
#13387 = DIRECTION('',(-0.,-0.,-1.));
#13388 = DIRECTION('',(-0.,-1.,0.));
#13389 = ADVANCED_FACE('',(#13390),#13401,.F.);
#13390 = FACE_BOUND('',#13391,.T.);
#13391 = EDGE_LOOP('',(#13392,#13393,#13399,#13400));
#13392 = ORIENTED_EDGE('',*,*,#12423,.T.);
#13393 = ORIENTED_EDGE('',*,*,#13394,.T.);
#13394 = EDGE_CURVE('',#12424,#12883,#13395,.T.);
#13395 = LINE('',#13396,#13397);
#13396 = CARTESIAN_POINT('',(56.5,-115.46,-4.6E-02));
#13397 = VECTOR('',#13398,1.);
#13398 = DIRECTION('',(0.,0.,1.));
#13399 = ORIENTED_EDGE('',*,*,#12882,.F.);
#13400 = ORIENTED_EDGE('',*,*,#13394,.F.);
#13401 = CYLINDRICAL_SURFACE('',#13402,0.5);
#13402 = AXIS2_PLACEMENT_3D('',#13403,#13404,#13405);
#13403 = CARTESIAN_POINT('',(56.5,-114.96,-4.6E-02));
#13404 = DIRECTION('',(-0.,-0.,-1.));
#13405 = DIRECTION('',(-0.,-1.,0.));
#13406 = ADVANCED_FACE('',(#13407),#13418,.F.);
#13407 = FACE_BOUND('',#13408,.T.);
#13408 = EDGE_LOOP('',(#13409,#13410,#13416,#13417));
#13409 = ORIENTED_EDGE('',*,*,#12434,.T.);
#13410 = ORIENTED_EDGE('',*,*,#13411,.T.);
#13411 = EDGE_CURVE('',#12435,#12894,#13412,.T.);
#13412 = LINE('',#13413,#13414);
#13413 = CARTESIAN_POINT('',(56.5,-112.92,-4.6E-02));
#13414 = VECTOR('',#13415,1.);
#13415 = DIRECTION('',(0.,0.,1.));
#13416 = ORIENTED_EDGE('',*,*,#12893,.F.);
#13417 = ORIENTED_EDGE('',*,*,#13411,.F.);
#13418 = CYLINDRICAL_SURFACE('',#13419,0.5);
#13419 = AXIS2_PLACEMENT_3D('',#13420,#13421,#13422);
#13420 = CARTESIAN_POINT('',(56.5,-112.42,-4.6E-02));
#13421 = DIRECTION('',(-0.,-0.,-1.));
#13422 = DIRECTION('',(-0.,-1.,0.));
#13423 = ADVANCED_FACE('',(#13424),#13435,.F.);
#13424 = FACE_BOUND('',#13425,.T.);
#13425 = EDGE_LOOP('',(#13426,#13427,#13433,#13434));
#13426 = ORIENTED_EDGE('',*,*,#12445,.T.);
#13427 = ORIENTED_EDGE('',*,*,#13428,.T.);
#13428 = EDGE_CURVE('',#12446,#12905,#13429,.T.);
#13429 = LINE('',#13430,#13431);
#13430 = CARTESIAN_POINT('',(47.5,-83.383,-4.6E-02));
#13431 = VECTOR('',#13432,1.);
#13432 = DIRECTION('',(0.,0.,1.));
#13433 = ORIENTED_EDGE('',*,*,#12904,.F.);
#13434 = ORIENTED_EDGE('',*,*,#13428,.F.);
#13435 = CYLINDRICAL_SURFACE('',#13436,0.508);
#13436 = AXIS2_PLACEMENT_3D('',#13437,#13438,#13439);
#13437 = CARTESIAN_POINT('',(47.5,-82.875,-4.6E-02));
#13438 = DIRECTION('',(-0.,-0.,-1.));
#13439 = DIRECTION('',(-0.,-1.,0.));
#13440 = ADVANCED_FACE('',(#13441),#13452,.F.);
#13441 = FACE_BOUND('',#13442,.T.);
#13442 = EDGE_LOOP('',(#13443,#13444,#13450,#13451));
#13443 = ORIENTED_EDGE('',*,*,#12456,.T.);
#13444 = ORIENTED_EDGE('',*,*,#13445,.T.);
#13445 = EDGE_CURVE('',#12457,#12916,#13446,.T.);
#13446 = LINE('',#13447,#13448);
#13447 = CARTESIAN_POINT('',(50.04,-83.383,-4.6E-02));
#13448 = VECTOR('',#13449,1.);
#13449 = DIRECTION('',(0.,0.,1.));
#13450 = ORIENTED_EDGE('',*,*,#12915,.F.);
#13451 = ORIENTED_EDGE('',*,*,#13445,.F.);
#13452 = CYLINDRICAL_SURFACE('',#13453,0.508);
#13453 = AXIS2_PLACEMENT_3D('',#13454,#13455,#13456);
#13454 = CARTESIAN_POINT('',(50.04,-82.875,-4.6E-02));
#13455 = DIRECTION('',(-0.,-0.,-1.));
#13456 = DIRECTION('',(-0.,-1.,0.));
#13457 = ADVANCED_FACE('',(#13458),#13469,.F.);
#13458 = FACE_BOUND('',#13459,.T.);
#13459 = EDGE_LOOP('',(#13460,#13461,#13467,#13468));
#13460 = ORIENTED_EDGE('',*,*,#12467,.T.);
#13461 = ORIENTED_EDGE('',*,*,#13462,.T.);
#13462 = EDGE_CURVE('',#12468,#12927,#13463,.T.);
#13463 = LINE('',#13464,#13465);
#13464 = CARTESIAN_POINT('',(52.58,-83.383,-4.6E-02));
#13465 = VECTOR('',#13466,1.);
#13466 = DIRECTION('',(0.,0.,1.));
#13467 = ORIENTED_EDGE('',*,*,#12926,.F.);
#13468 = ORIENTED_EDGE('',*,*,#13462,.F.);
#13469 = CYLINDRICAL_SURFACE('',#13470,0.508);
#13470 = AXIS2_PLACEMENT_3D('',#13471,#13472,#13473);
#13471 = CARTESIAN_POINT('',(52.58,-82.875,-4.6E-02));
#13472 = DIRECTION('',(-0.,-0.,-1.));
#13473 = DIRECTION('',(-0.,-1.,0.));
#13474 = ADVANCED_FACE('',(#13475),#13486,.F.);
#13475 = FACE_BOUND('',#13476,.T.);
#13476 = EDGE_LOOP('',(#13477,#13478,#13484,#13485));
#13477 = ORIENTED_EDGE('',*,*,#12478,.T.);
#13478 = ORIENTED_EDGE('',*,*,#13479,.T.);
#13479 = EDGE_CURVE('',#12479,#12938,#13480,.T.);
#13480 = LINE('',#13481,#13482);
#13481 = CARTESIAN_POINT('',(55.12,-83.383,-4.6E-02));
#13482 = VECTOR('',#13483,1.);
#13483 = DIRECTION('',(0.,0.,1.));
#13484 = ORIENTED_EDGE('',*,*,#12937,.F.);
#13485 = ORIENTED_EDGE('',*,*,#13479,.F.);
#13486 = CYLINDRICAL_SURFACE('',#13487,0.508);
#13487 = AXIS2_PLACEMENT_3D('',#13488,#13489,#13490);
#13488 = CARTESIAN_POINT('',(55.12,-82.875,-4.6E-02));
#13489 = DIRECTION('',(-0.,-0.,-1.));
#13490 = DIRECTION('',(-1.398706172756E-14,-1.,0.));
#13491 = ADVANCED_FACE('',(#13492),#13503,.F.);
#13492 = FACE_BOUND('',#13493,.T.);
#13493 = EDGE_LOOP('',(#13494,#13495,#13501,#13502));
#13494 = ORIENTED_EDGE('',*,*,#12489,.T.);
#13495 = ORIENTED_EDGE('',*,*,#13496,.T.);
#13496 = EDGE_CURVE('',#12490,#12949,#13497,.T.);
#13497 = LINE('',#13498,#13499);
#13498 = CARTESIAN_POINT('',(57.66,-83.383,-4.6E-02));
#13499 = VECTOR('',#13500,1.);
#13500 = DIRECTION('',(0.,0.,1.));
#13501 = ORIENTED_EDGE('',*,*,#12948,.F.);
#13502 = ORIENTED_EDGE('',*,*,#13496,.F.);
#13503 = CYLINDRICAL_SURFACE('',#13504,0.508);
#13504 = AXIS2_PLACEMENT_3D('',#13505,#13506,#13507);
#13505 = CARTESIAN_POINT('',(57.66,-82.875,-4.6E-02));
#13506 = DIRECTION('',(-0.,-0.,-1.));
#13507 = DIRECTION('',(-0.,-1.,0.));
#13508 = ADVANCED_FACE('',(#13509),#13520,.F.);
#13509 = FACE_BOUND('',#13510,.T.);
#13510 = EDGE_LOOP('',(#13511,#13512,#13518,#13519));
#13511 = ORIENTED_EDGE('',*,*,#12500,.T.);
#13512 = ORIENTED_EDGE('',*,*,#13513,.T.);
#13513 = EDGE_CURVE('',#12501,#12960,#13514,.T.);
#13514 = LINE('',#13515,#13516);
#13515 = CARTESIAN_POINT('',(60.2,-83.383,-4.6E-02));
#13516 = VECTOR('',#13517,1.);
#13517 = DIRECTION('',(0.,0.,1.));
#13518 = ORIENTED_EDGE('',*,*,#12959,.F.);
#13519 = ORIENTED_EDGE('',*,*,#13513,.F.);
#13520 = CYLINDRICAL_SURFACE('',#13521,0.508);
#13521 = AXIS2_PLACEMENT_3D('',#13522,#13523,#13524);
#13522 = CARTESIAN_POINT('',(60.2,-82.875,-4.6E-02));
#13523 = DIRECTION('',(-0.,-0.,-1.));
#13524 = DIRECTION('',(-0.,-1.,0.));
#13525 = ADVANCED_FACE('',(#13526),#13537,.F.);
#13526 = FACE_BOUND('',#13527,.T.);
#13527 = EDGE_LOOP('',(#13528,#13529,#13535,#13536));
#13528 = ORIENTED_EDGE('',*,*,#12511,.T.);
#13529 = ORIENTED_EDGE('',*,*,#13530,.T.);
#13530 = EDGE_CURVE('',#12512,#12971,#13531,.T.);
#13531 = LINE('',#13532,#13533);
#13532 = CARTESIAN_POINT('',(62.74,-83.383,-4.6E-02));
#13533 = VECTOR('',#13534,1.);
#13534 = DIRECTION('',(0.,0.,1.));
#13535 = ORIENTED_EDGE('',*,*,#12970,.F.);
#13536 = ORIENTED_EDGE('',*,*,#13530,.F.);
#13537 = CYLINDRICAL_SURFACE('',#13538,0.508);
#13538 = AXIS2_PLACEMENT_3D('',#13539,#13540,#13541);
#13539 = CARTESIAN_POINT('',(62.74,-82.875,-4.6E-02));
#13540 = DIRECTION('',(-0.,0.,-1.));
#13541 = DIRECTION('',(1.398706172756E-14,-1.,-0.));
#13542 = ADVANCED_FACE('',(#13543),#13554,.F.);
#13543 = FACE_BOUND('',#13544,.T.);
#13544 = EDGE_LOOP('',(#13545,#13551,#13552,#13553));
#13545 = ORIENTED_EDGE('',*,*,#13546,.T.);
#13546 = EDGE_CURVE('',#12523,#12982,#13547,.T.);
#13547 = LINE('',#13548,#13549);
#13548 = CARTESIAN_POINT('',(99.75,-128.5,0.));
#13549 = VECTOR('',#13550,1.);
#13550 = DIRECTION('',(0.,0.,1.));
#13551 = ORIENTED_EDGE('',*,*,#12981,.T.);
#13552 = ORIENTED_EDGE('',*,*,#13546,.F.);
#13553 = ORIENTED_EDGE('',*,*,#12522,.F.);
#13554 = CYLINDRICAL_SURFACE('',#13555,1.5);
#13555 = AXIS2_PLACEMENT_3D('',#13556,#13557,#13558);
#13556 = CARTESIAN_POINT('',(98.25,-128.5,0.));
#13557 = DIRECTION('',(-0.,-0.,-1.));
#13558 = DIRECTION('',(1.,0.,-0.));
#13559 = ADVANCED_FACE('',(#13560),#13571,.F.);
#13560 = FACE_BOUND('',#13561,.T.);
#13561 = EDGE_LOOP('',(#13562,#13563,#13569,#13570));
#13562 = ORIENTED_EDGE('',*,*,#12533,.T.);
#13563 = ORIENTED_EDGE('',*,*,#13564,.T.);
#13564 = EDGE_CURVE('',#12534,#12993,#13565,.T.);
#13565 = LINE('',#13566,#13567);
#13566 = CARTESIAN_POINT('',(77.,-86.25,-4.6E-02));
#13567 = VECTOR('',#13568,1.);
#13568 = DIRECTION('',(0.,0.,1.));
#13569 = ORIENTED_EDGE('',*,*,#12992,.F.);
#13570 = ORIENTED_EDGE('',*,*,#13564,.F.);
#13571 = CYLINDRICAL_SURFACE('',#13572,0.375);
#13572 = AXIS2_PLACEMENT_3D('',#13573,#13574,#13575);
#13573 = CARTESIAN_POINT('',(77.,-85.875,-4.6E-02));
#13574 = DIRECTION('',(-0.,-0.,-1.));
#13575 = DIRECTION('',(-0.,-1.,0.));
#13576 = ADVANCED_FACE('',(#13577),#13588,.F.);
#13577 = FACE_BOUND('',#13578,.T.);
#13578 = EDGE_LOOP('',(#13579,#13580,#13586,#13587));
#13579 = ORIENTED_EDGE('',*,*,#12544,.T.);
#13580 = ORIENTED_EDGE('',*,*,#13581,.T.);
#13581 = EDGE_CURVE('',#12545,#13004,#13582,.T.);
#13582 = LINE('',#13583,#13584);
#13583 = CARTESIAN_POINT('',(79.,-86.25,-4.6E-02));
#13584 = VECTOR('',#13585,1.);
#13585 = DIRECTION('',(0.,0.,1.));
#13586 = ORIENTED_EDGE('',*,*,#13003,.F.);
#13587 = ORIENTED_EDGE('',*,*,#13581,.F.);
#13588 = CYLINDRICAL_SURFACE('',#13589,0.375);
#13589 = AXIS2_PLACEMENT_3D('',#13590,#13591,#13592);
#13590 = CARTESIAN_POINT('',(79.,-85.875,-4.6E-02));
#13591 = DIRECTION('',(-0.,-0.,-1.));
#13592 = DIRECTION('',(-0.,-1.,0.));
#13593 = ADVANCED_FACE('',(#13594),#13605,.F.);
#13594 = FACE_BOUND('',#13595,.T.);
#13595 = EDGE_LOOP('',(#13596,#13597,#13603,#13604));
#13596 = ORIENTED_EDGE('',*,*,#12555,.T.);
#13597 = ORIENTED_EDGE('',*,*,#13598,.T.);
#13598 = EDGE_CURVE('',#12556,#13015,#13599,.T.);
#13599 = LINE('',#13600,#13601);
#13600 = CARTESIAN_POINT('',(47.5,-68.143,-4.6E-02));
#13601 = VECTOR('',#13602,1.);
#13602 = DIRECTION('',(0.,0.,1.));
#13603 = ORIENTED_EDGE('',*,*,#13014,.F.);
#13604 = ORIENTED_EDGE('',*,*,#13598,.F.);
#13605 = CYLINDRICAL_SURFACE('',#13606,0.508);
#13606 = AXIS2_PLACEMENT_3D('',#13607,#13608,#13609);
#13607 = CARTESIAN_POINT('',(47.5,-67.635,-4.6E-02));
#13608 = DIRECTION('',(-0.,-0.,-1.));
#13609 = DIRECTION('',(-0.,-1.,0.));
#13610 = ADVANCED_FACE('',(#13611),#13622,.F.);
#13611 = FACE_BOUND('',#13612,.T.);
#13612 = EDGE_LOOP('',(#13613,#13614,#13620,#13621));
#13613 = ORIENTED_EDGE('',*,*,#12566,.T.);
#13614 = ORIENTED_EDGE('',*,*,#13615,.T.);
#13615 = EDGE_CURVE('',#12567,#13026,#13616,.T.);
#13616 = LINE('',#13617,#13618);
#13617 = CARTESIAN_POINT('',(50.04,-68.143,-4.6E-02));
#13618 = VECTOR('',#13619,1.);
#13619 = DIRECTION('',(0.,0.,1.));
#13620 = ORIENTED_EDGE('',*,*,#13025,.F.);
#13621 = ORIENTED_EDGE('',*,*,#13615,.F.);
#13622 = CYLINDRICAL_SURFACE('',#13623,0.508);
#13623 = AXIS2_PLACEMENT_3D('',#13624,#13625,#13626);
#13624 = CARTESIAN_POINT('',(50.04,-67.635,-4.6E-02));
#13625 = DIRECTION('',(-0.,-0.,-1.));
#13626 = DIRECTION('',(-0.,-1.,0.));
#13627 = ADVANCED_FACE('',(#13628),#13639,.F.);
#13628 = FACE_BOUND('',#13629,.T.);
#13629 = EDGE_LOOP('',(#13630,#13631,#13637,#13638));
#13630 = ORIENTED_EDGE('',*,*,#12577,.T.);
#13631 = ORIENTED_EDGE('',*,*,#13632,.T.);
#13632 = EDGE_CURVE('',#12578,#13037,#13633,.T.);
#13633 = LINE('',#13634,#13635);
#13634 = CARTESIAN_POINT('',(52.58,-68.143,-4.6E-02));
#13635 = VECTOR('',#13636,1.);
#13636 = DIRECTION('',(0.,0.,1.));
#13637 = ORIENTED_EDGE('',*,*,#13036,.F.);
#13638 = ORIENTED_EDGE('',*,*,#13632,.F.);
#13639 = CYLINDRICAL_SURFACE('',#13640,0.508);
#13640 = AXIS2_PLACEMENT_3D('',#13641,#13642,#13643);
#13641 = CARTESIAN_POINT('',(52.58,-67.635,-4.6E-02));
#13642 = DIRECTION('',(-0.,-0.,-1.));
#13643 = DIRECTION('',(-0.,-1.,0.));
#13644 = ADVANCED_FACE('',(#13645),#13656,.F.);
#13645 = FACE_BOUND('',#13646,.T.);
#13646 = EDGE_LOOP('',(#13647,#13648,#13654,#13655));
#13647 = ORIENTED_EDGE('',*,*,#12588,.T.);
#13648 = ORIENTED_EDGE('',*,*,#13649,.T.);
#13649 = EDGE_CURVE('',#12589,#13048,#13650,.T.);
#13650 = LINE('',#13651,#13652);
#13651 = CARTESIAN_POINT('',(55.12,-68.143,-4.6E-02));
#13652 = VECTOR('',#13653,1.);
#13653 = DIRECTION('',(0.,0.,1.));
#13654 = ORIENTED_EDGE('',*,*,#13047,.F.);
#13655 = ORIENTED_EDGE('',*,*,#13649,.F.);
#13656 = CYLINDRICAL_SURFACE('',#13657,0.508);
#13657 = AXIS2_PLACEMENT_3D('',#13658,#13659,#13660);
#13658 = CARTESIAN_POINT('',(55.12,-67.635,-4.6E-02));
#13659 = DIRECTION('',(-0.,-0.,-1.));
#13660 = DIRECTION('',(-1.398706172756E-14,-1.,0.));
#13661 = ADVANCED_FACE('',(#13662),#13673,.F.);
#13662 = FACE_BOUND('',#13663,.T.);
#13663 = EDGE_LOOP('',(#13664,#13665,#13671,#13672));
#13664 = ORIENTED_EDGE('',*,*,#12599,.T.);
#13665 = ORIENTED_EDGE('',*,*,#13666,.T.);
#13666 = EDGE_CURVE('',#12600,#13059,#13667,.T.);
#13667 = LINE('',#13668,#13669);
#13668 = CARTESIAN_POINT('',(57.66,-68.143,-4.6E-02));
#13669 = VECTOR('',#13670,1.);
#13670 = DIRECTION('',(0.,0.,1.));
#13671 = ORIENTED_EDGE('',*,*,#13058,.F.);
#13672 = ORIENTED_EDGE('',*,*,#13666,.F.);
#13673 = CYLINDRICAL_SURFACE('',#13674,0.508);
#13674 = AXIS2_PLACEMENT_3D('',#13675,#13676,#13677);
#13675 = CARTESIAN_POINT('',(57.66,-67.635,-4.6E-02));
#13676 = DIRECTION('',(-0.,-0.,-1.));
#13677 = DIRECTION('',(-0.,-1.,0.));
#13678 = ADVANCED_FACE('',(#13679),#13690,.F.);
#13679 = FACE_BOUND('',#13680,.T.);
#13680 = EDGE_LOOP('',(#13681,#13682,#13688,#13689));
#13681 = ORIENTED_EDGE('',*,*,#12610,.T.);
#13682 = ORIENTED_EDGE('',*,*,#13683,.T.);
#13683 = EDGE_CURVE('',#12611,#13070,#13684,.T.);
#13684 = LINE('',#13685,#13686);
#13685 = CARTESIAN_POINT('',(60.2,-68.143,-4.6E-02));
#13686 = VECTOR('',#13687,1.);
#13687 = DIRECTION('',(0.,0.,1.));
#13688 = ORIENTED_EDGE('',*,*,#13069,.F.);
#13689 = ORIENTED_EDGE('',*,*,#13683,.F.);
#13690 = CYLINDRICAL_SURFACE('',#13691,0.508);
#13691 = AXIS2_PLACEMENT_3D('',#13692,#13693,#13694);
#13692 = CARTESIAN_POINT('',(60.2,-67.635,-4.6E-02));
#13693 = DIRECTION('',(-0.,-0.,-1.));
#13694 = DIRECTION('',(-0.,-1.,0.));
#13695 = ADVANCED_FACE('',(#13696),#13707,.F.);
#13696 = FACE_BOUND('',#13697,.T.);
#13697 = EDGE_LOOP('',(#13698,#13699,#13705,#13706));
#13698 = ORIENTED_EDGE('',*,*,#12621,.T.);
#13699 = ORIENTED_EDGE('',*,*,#13700,.T.);
#13700 = EDGE_CURVE('',#12622,#13081,#13701,.T.);
#13701 = LINE('',#13702,#13703);
#13702 = CARTESIAN_POINT('',(62.74,-68.143,-4.6E-02));
#13703 = VECTOR('',#13704,1.);
#13704 = DIRECTION('',(0.,0.,1.));
#13705 = ORIENTED_EDGE('',*,*,#13080,.F.);
#13706 = ORIENTED_EDGE('',*,*,#13700,.F.);
#13707 = CYLINDRICAL_SURFACE('',#13708,0.508);
#13708 = AXIS2_PLACEMENT_3D('',#13709,#13710,#13711);
#13709 = CARTESIAN_POINT('',(62.74,-67.635,-4.6E-02));
#13710 = DIRECTION('',(-0.,0.,-1.));
#13711 = DIRECTION('',(1.398706172756E-14,-1.,-0.));
#13712 = ADVANCED_FACE('',(#13713),#13724,.F.);
#13713 = FACE_BOUND('',#13714,.T.);
#13714 = EDGE_LOOP('',(#13715,#13721,#13722,#13723));
#13715 = ORIENTED_EDGE('',*,*,#13716,.T.);
#13716 = EDGE_CURVE('',#12633,#13092,#13717,.T.);
#13717 = LINE('',#13718,#13719);
#13718 = CARTESIAN_POINT('',(48.5,-27.5,0.));
#13719 = VECTOR('',#13720,1.);
#13720 = DIRECTION('',(0.,0.,1.));
#13721 = ORIENTED_EDGE('',*,*,#13091,.T.);
#13722 = ORIENTED_EDGE('',*,*,#13716,.F.);
#13723 = ORIENTED_EDGE('',*,*,#12632,.F.);
#13724 = CYLINDRICAL_SURFACE('',#13725,1.5);
#13725 = AXIS2_PLACEMENT_3D('',#13726,#13727,#13728);
#13726 = CARTESIAN_POINT('',(47.,-27.5,0.));
#13727 = DIRECTION('',(-0.,-0.,-1.));
#13728 = DIRECTION('',(1.,0.,-0.));
#13729 = ADVANCED_FACE('',(#13730),#13741,.F.);
#13730 = FACE_BOUND('',#13731,.T.);
#13731 = EDGE_LOOP('',(#13732,#13733,#13739,#13740));
#13732 = ORIENTED_EDGE('',*,*,#12643,.T.);
#13733 = ORIENTED_EDGE('',*,*,#13734,.T.);
#13734 = EDGE_CURVE('',#12644,#13103,#13735,.T.);
#13735 = LINE('',#13736,#13737);
#13736 = CARTESIAN_POINT('',(61.57,-46.235,-4.6E-02));
#13737 = VECTOR('',#13738,1.);
#13738 = DIRECTION('',(0.,0.,1.));
#13739 = ORIENTED_EDGE('',*,*,#13102,.F.);
#13740 = ORIENTED_EDGE('',*,*,#13734,.F.);
#13741 = CYLINDRICAL_SURFACE('',#13742,0.425);
#13742 = AXIS2_PLACEMENT_3D('',#13743,#13744,#13745);
#13743 = CARTESIAN_POINT('',(61.57,-45.81,-4.6E-02));
#13744 = DIRECTION('',(-0.,-0.,-1.));
#13745 = DIRECTION('',(-0.,-1.,0.));
#13746 = ADVANCED_FACE('',(#13747),#13758,.F.);
#13747 = FACE_BOUND('',#13748,.T.);
#13748 = EDGE_LOOP('',(#13749,#13755,#13756,#13757));
#13749 = ORIENTED_EDGE('',*,*,#13750,.T.);
#13750 = EDGE_CURVE('',#12655,#13114,#13751,.T.);
#13751 = LINE('',#13752,#13753);
#13752 = CARTESIAN_POINT('',(60.45,-42.,0.));
#13753 = VECTOR('',#13754,1.);
#13754 = DIRECTION('',(0.,0.,1.));
#13755 = ORIENTED_EDGE('',*,*,#13113,.T.);
#13756 = ORIENTED_EDGE('',*,*,#13750,.F.);
#13757 = ORIENTED_EDGE('',*,*,#12654,.F.);
#13758 = CYLINDRICAL_SURFACE('',#13759,0.95);
#13759 = AXIS2_PLACEMENT_3D('',#13760,#13761,#13762);
#13760 = CARTESIAN_POINT('',(59.5,-42.,0.));
#13761 = DIRECTION('',(-0.,-0.,-1.));
#13762 = DIRECTION('',(1.,0.,-0.));
#13763 = ADVANCED_FACE('',(#13764),#13775,.F.);
#13764 = FACE_BOUND('',#13765,.T.);
#13765 = EDGE_LOOP('',(#13766,#13767,#13773,#13774));
#13766 = ORIENTED_EDGE('',*,*,#12665,.T.);
#13767 = ORIENTED_EDGE('',*,*,#13768,.T.);
#13768 = EDGE_CURVE('',#12666,#13125,#13769,.T.);
#13769 = LINE('',#13770,#13771);
#13770 = CARTESIAN_POINT('',(61.57,-38.615,-4.6E-02));
#13771 = VECTOR('',#13772,1.);
#13772 = DIRECTION('',(0.,0.,1.));
#13773 = ORIENTED_EDGE('',*,*,#13124,.F.);
#13774 = ORIENTED_EDGE('',*,*,#13768,.F.);
#13775 = CYLINDRICAL_SURFACE('',#13776,0.425);
#13776 = AXIS2_PLACEMENT_3D('',#13777,#13778,#13779);
#13777 = CARTESIAN_POINT('',(61.57,-38.19,-4.6E-02));
#13778 = DIRECTION('',(-0.,-0.,-1.));
#13779 = DIRECTION('',(-0.,-1.,0.));
#13780 = ADVANCED_FACE('',(#13781),#13792,.F.);
#13781 = FACE_BOUND('',#13782,.T.);
#13782 = EDGE_LOOP('',(#13783,#13784,#13790,#13791));
#13783 = ORIENTED_EDGE('',*,*,#12676,.T.);
#13784 = ORIENTED_EDGE('',*,*,#13785,.T.);
#13785 = EDGE_CURVE('',#12677,#13136,#13786,.T.);
#13786 = LINE('',#13787,#13788);
#13787 = CARTESIAN_POINT('',(72.9,-78.303,-4.6E-02));
#13788 = VECTOR('',#13789,1.);
#13789 = DIRECTION('',(0.,0.,1.));
#13790 = ORIENTED_EDGE('',*,*,#13135,.F.);
#13791 = ORIENTED_EDGE('',*,*,#13785,.F.);
#13792 = CYLINDRICAL_SURFACE('',#13793,0.508);
#13793 = AXIS2_PLACEMENT_3D('',#13794,#13795,#13796);
#13794 = CARTESIAN_POINT('',(72.9,-77.795,-4.6E-02));
#13795 = DIRECTION('',(-0.,-0.,-1.));
#13796 = DIRECTION('',(-0.,-1.,0.));
#13797 = ADVANCED_FACE('',(#13798),#13809,.F.);
#13798 = FACE_BOUND('',#13799,.T.);
#13799 = EDGE_LOOP('',(#13800,#13801,#13807,#13808));
#13800 = ORIENTED_EDGE('',*,*,#12687,.T.);
#13801 = ORIENTED_EDGE('',*,*,#13802,.T.);
#13802 = EDGE_CURVE('',#12688,#13147,#13803,.T.);
#13803 = LINE('',#13804,#13805);
#13804 = CARTESIAN_POINT('',(72.9,-73.223,-4.6E-02));
#13805 = VECTOR('',#13806,1.);
#13806 = DIRECTION('',(0.,0.,1.));
#13807 = ORIENTED_EDGE('',*,*,#13146,.F.);
#13808 = ORIENTED_EDGE('',*,*,#13802,.F.);
#13809 = CYLINDRICAL_SURFACE('',#13810,0.508);
#13810 = AXIS2_PLACEMENT_3D('',#13811,#13812,#13813);
#13811 = CARTESIAN_POINT('',(72.9,-72.715,-4.6E-02));
#13812 = DIRECTION('',(-0.,-0.,-1.));
#13813 = DIRECTION('',(-0.,-1.,0.));
#13814 = ADVANCED_FACE('',(#13815),#13826,.F.);
#13815 = FACE_BOUND('',#13816,.T.);
#13816 = EDGE_LOOP('',(#13817,#13818,#13824,#13825));
#13817 = ORIENTED_EDGE('',*,*,#12698,.T.);
#13818 = ORIENTED_EDGE('',*,*,#13819,.T.);
#13819 = EDGE_CURVE('',#12699,#13158,#13820,.T.);
#13820 = LINE('',#13821,#13822);
#13821 = CARTESIAN_POINT('',(94.5,-78.,-4.6E-02));
#13822 = VECTOR('',#13823,1.);
#13823 = DIRECTION('',(0.,0.,1.));
#13824 = ORIENTED_EDGE('',*,*,#13157,.F.);
#13825 = ORIENTED_EDGE('',*,*,#13819,.F.);
#13826 = CYLINDRICAL_SURFACE('',#13827,0.5);
#13827 = AXIS2_PLACEMENT_3D('',#13828,#13829,#13830);
#13828 = CARTESIAN_POINT('',(94.5,-77.5,-4.6E-02));
#13829 = DIRECTION('',(-0.,-0.,-1.));
#13830 = DIRECTION('',(-0.,-1.,0.));
#13831 = ADVANCED_FACE('',(#13832),#13843,.F.);
#13832 = FACE_BOUND('',#13833,.T.);
#13833 = EDGE_LOOP('',(#13834,#13835,#13841,#13842));
#13834 = ORIENTED_EDGE('',*,*,#12709,.T.);
#13835 = ORIENTED_EDGE('',*,*,#13836,.T.);
#13836 = EDGE_CURVE('',#12710,#13169,#13837,.T.);
#13837 = LINE('',#13838,#13839);
#13838 = CARTESIAN_POINT('',(94.5,-75.46,-4.6E-02));
#13839 = VECTOR('',#13840,1.);
#13840 = DIRECTION('',(0.,0.,1.));
#13841 = ORIENTED_EDGE('',*,*,#13168,.F.);
#13842 = ORIENTED_EDGE('',*,*,#13836,.F.);
#13843 = CYLINDRICAL_SURFACE('',#13844,0.5);
#13844 = AXIS2_PLACEMENT_3D('',#13845,#13846,#13847);
#13845 = CARTESIAN_POINT('',(94.5,-74.96,-4.6E-02));
#13846 = DIRECTION('',(-0.,-0.,-1.));
#13847 = DIRECTION('',(-0.,-1.,0.));
#13848 = ADVANCED_FACE('',(#13849),#13860,.F.);
#13849 = FACE_BOUND('',#13850,.T.);
#13850 = EDGE_LOOP('',(#13851,#13852,#13858,#13859));
#13851 = ORIENTED_EDGE('',*,*,#12720,.T.);
#13852 = ORIENTED_EDGE('',*,*,#13853,.T.);
#13853 = EDGE_CURVE('',#12721,#13180,#13854,.T.);
#13854 = LINE('',#13855,#13856);
#13855 = CARTESIAN_POINT('',(94.5,-72.92,-4.6E-02));
#13856 = VECTOR('',#13857,1.);
#13857 = DIRECTION('',(0.,0.,1.));
#13858 = ORIENTED_EDGE('',*,*,#13179,.F.);
#13859 = ORIENTED_EDGE('',*,*,#13853,.F.);
#13860 = CYLINDRICAL_SURFACE('',#13861,0.5);
#13861 = AXIS2_PLACEMENT_3D('',#13862,#13863,#13864);
#13862 = CARTESIAN_POINT('',(94.5,-72.42,-4.6E-02));
#13863 = DIRECTION('',(-0.,-0.,-1.));
#13864 = DIRECTION('',(-0.,-1.,0.));
#13865 = ADVANCED_FACE('',(#13866),#13877,.F.);
#13866 = FACE_BOUND('',#13867,.T.);
#13867 = EDGE_LOOP('',(#13868,#13874,#13875,#13876));
#13868 = ORIENTED_EDGE('',*,*,#13869,.T.);
#13869 = EDGE_CURVE('',#12732,#13191,#13870,.T.);
#13870 = LINE('',#13871,#13872);
#13871 = CARTESIAN_POINT('',(74.95,-52.,0.));
#13872 = VECTOR('',#13873,1.);
#13873 = DIRECTION('',(0.,0.,1.));
#13874 = ORIENTED_EDGE('',*,*,#13190,.T.);
#13875 = ORIENTED_EDGE('',*,*,#13869,.F.);
#13876 = ORIENTED_EDGE('',*,*,#12731,.F.);
#13877 = CYLINDRICAL_SURFACE('',#13878,1.95);
#13878 = AXIS2_PLACEMENT_3D('',#13879,#13880,#13881);
#13879 = CARTESIAN_POINT('',(73.,-52.,0.));
#13880 = DIRECTION('',(-0.,-0.,-1.));
#13881 = DIRECTION('',(1.,0.,-0.));
#13882 = ADVANCED_FACE('',(#13883),#13894,.F.);
#13883 = FACE_BOUND('',#13884,.T.);
#13884 = EDGE_LOOP('',(#13885,#13886,#13892,#13893));
#13885 = ORIENTED_EDGE('',*,*,#12742,.T.);
#13886 = ORIENTED_EDGE('',*,*,#13887,.T.);
#13887 = EDGE_CURVE('',#12743,#13202,#13888,.T.);
#13888 = LINE('',#13889,#13890);
#13889 = CARTESIAN_POINT('',(84.43,-46.235,-4.6E-02));
#13890 = VECTOR('',#13891,1.);
#13891 = DIRECTION('',(0.,0.,1.));
#13892 = ORIENTED_EDGE('',*,*,#13201,.F.);
#13893 = ORIENTED_EDGE('',*,*,#13887,.F.);
#13894 = CYLINDRICAL_SURFACE('',#13895,0.425);
#13895 = AXIS2_PLACEMENT_3D('',#13896,#13897,#13898);
#13896 = CARTESIAN_POINT('',(84.43,-45.81,-4.6E-02));
#13897 = DIRECTION('',(-0.,-0.,-1.));
#13898 = DIRECTION('',(-0.,-1.,0.));
#13899 = ADVANCED_FACE('',(#13900),#13911,.F.);
#13900 = FACE_BOUND('',#13901,.T.);
#13901 = EDGE_LOOP('',(#13902,#13908,#13909,#13910));
#13902 = ORIENTED_EDGE('',*,*,#13903,.T.);
#13903 = EDGE_CURVE('',#12754,#13213,#13904,.T.);
#13904 = LINE('',#13905,#13906);
#13905 = CARTESIAN_POINT('',(83.3,-33.,0.));
#13906 = VECTOR('',#13907,1.);
#13907 = DIRECTION('',(0.,0.,1.));
#13908 = ORIENTED_EDGE('',*,*,#13212,.T.);
#13909 = ORIENTED_EDGE('',*,*,#13903,.F.);
#13910 = ORIENTED_EDGE('',*,*,#12753,.F.);
#13911 = CYLINDRICAL_SURFACE('',#13912,1.3);
#13912 = AXIS2_PLACEMENT_3D('',#13913,#13914,#13915);
#13913 = CARTESIAN_POINT('',(82.,-33.,0.));
#13914 = DIRECTION('',(-0.,-0.,-1.));
#13915 = DIRECTION('',(1.,0.,-0.));
#13916 = ADVANCED_FACE('',(#13917),#13928,.F.);
#13917 = FACE_BOUND('',#13918,.T.);
#13918 = EDGE_LOOP('',(#13919,#13920,#13926,#13927));
#13919 = ORIENTED_EDGE('',*,*,#12764,.T.);
#13920 = ORIENTED_EDGE('',*,*,#13921,.T.);
#13921 = EDGE_CURVE('',#12765,#13224,#13922,.T.);
#13922 = LINE('',#13923,#13924);
#13923 = CARTESIAN_POINT('',(84.43,-38.615,-4.6E-02));
#13924 = VECTOR('',#13925,1.);
#13925 = DIRECTION('',(0.,0.,1.));
#13926 = ORIENTED_EDGE('',*,*,#13223,.F.);
#13927 = ORIENTED_EDGE('',*,*,#13921,.F.);
#13928 = CYLINDRICAL_SURFACE('',#13929,0.425);
#13929 = AXIS2_PLACEMENT_3D('',#13930,#13931,#13932);
#13930 = CARTESIAN_POINT('',(84.43,-38.19,-4.6E-02));
#13931 = DIRECTION('',(-0.,-0.,-1.));
#13932 = DIRECTION('',(-0.,-1.,0.));
#13933 = ADVANCED_FACE('',(#13934),#13945,.F.);
#13934 = FACE_BOUND('',#13935,.T.);
#13935 = EDGE_LOOP('',(#13936,#13942,#13943,#13944));
#13936 = ORIENTED_EDGE('',*,*,#13937,.T.);
#13937 = EDGE_CURVE('',#12776,#13235,#13938,.T.);
#13938 = LINE('',#13939,#13940);
#13939 = CARTESIAN_POINT('',(87.45,-42.,0.));
#13940 = VECTOR('',#13941,1.);
#13941 = DIRECTION('',(0.,0.,1.));
#13942 = ORIENTED_EDGE('',*,*,#13234,.T.);
#13943 = ORIENTED_EDGE('',*,*,#13937,.F.);
#13944 = ORIENTED_EDGE('',*,*,#12775,.F.);
#13945 = CYLINDRICAL_SURFACE('',#13946,0.95);
#13946 = AXIS2_PLACEMENT_3D('',#13947,#13948,#13949);
#13947 = CARTESIAN_POINT('',(86.5,-42.,0.));
#13948 = DIRECTION('',(-0.,-0.,-1.));
#13949 = DIRECTION('',(1.,0.,-0.));
#13950 = ADVANCED_FACE('',(#13951),#13962,.F.);
#13951 = FACE_BOUND('',#13952,.T.);
#13952 = EDGE_LOOP('',(#13953,#13959,#13960,#13961));
#13953 = ORIENTED_EDGE('',*,*,#13954,.T.);
#13954 = EDGE_CURVE('',#12787,#13246,#13955,.T.);
#13955 = LINE('',#13956,#13957);
#13956 = CARTESIAN_POINT('',(99.75,-27.5,0.));
#13957 = VECTOR('',#13958,1.);
#13958 = DIRECTION('',(0.,0.,1.));
#13959 = ORIENTED_EDGE('',*,*,#13245,.T.);
#13960 = ORIENTED_EDGE('',*,*,#13954,.F.);
#13961 = ORIENTED_EDGE('',*,*,#12786,.F.);
#13962 = CYLINDRICAL_SURFACE('',#13963,1.5);
#13963 = AXIS2_PLACEMENT_3D('',#13964,#13965,#13966);
#13964 = CARTESIAN_POINT('',(98.25,-27.5,0.));
#13965 = DIRECTION('',(-0.,-0.,-1.));
#13966 = DIRECTION('',(1.,0.,-0.));
#13967 = ( GEOMETRIC_REPRESENTATION_CONTEXT(3) 
GLOBAL_UNCERTAINTY_ASSIGNED_CONTEXT((#13971)) 
GLOBAL_UNIT_ASSIGNED_CONTEXT((#13968,#13969,#13970)) 
REPRESENTATION_CONTEXT('Context #1',
  '3D Context with UNIT and UNCERTAINTY') );
#13968 = ( LENGTH_UNIT() NAMED_UNIT(*) SI_UNIT(.MILLI.,.METRE.) );
#13969 = ( NAMED_UNIT(*) PLANE_ANGLE_UNIT() SI_UNIT($,.RADIAN.) );
#13970 = ( NAMED_UNIT(*) SI_UNIT($,.STERADIAN.) SOLID_ANGLE_UNIT() );
#13971 = UNCERTAINTY_MEASURE_WITH_UNIT(LENGTH_MEASURE(1.E-07),#13968,
  'distance_accuracy_value','confusion accuracy');
#13972 = CONTEXT_DEPENDENT_SHAPE_REPRESENTATION(#13973,#13975);
#13973 = ( REPRESENTATION_RELATIONSHIP('','',#12233,#10) 
REPRESENTATION_RELATIONSHIP_WITH_TRANSFORMATION(#13974) 
SHAPE_REPRESENTATION_RELATIONSHIP() );
#13974 = ITEM_DEFINED_TRANSFORMATION('','',#11,#39);
#13975 = PRODUCT_DEFINITION_SHAPE('Placement','Placement of an item',
  #13976);
#13976 = NEXT_ASSEMBLY_USAGE_OCCURRENCE('10','=>[0:1:1:8]','',#5,#12228,
  $);
#13977 = PRODUCT_RELATED_PRODUCT_CATEGORY('part',$,(#12230));
#13978 = MECHANICAL_DESIGN_GEOMETRIC_PRESENTATION_REPRESENTATION('',(
    #13979),#1423);
#13979 = STYLED_ITEM('color',(#13980),#558);
#13980 = PRESENTATION_STYLE_ASSIGNMENT((#13981,#13987));
#13981 = SURFACE_STYLE_USAGE(.BOTH.,#13982);
#13982 = SURFACE_SIDE_STYLE('',(#13983));
#13983 = SURFACE_STYLE_FILL_AREA(#13984);
#13984 = FILL_AREA_STYLE('',(#13985));
#13985 = FILL_AREA_STYLE_COLOUR('',#13986);
#13986 = COLOUR_RGB('',0.40784314916,0.40784314916,0.40784314916);
#13987 = CURVE_STYLE('',#13988,POSITIVE_LENGTH_MEASURE(0.1),#13989);
#13988 = DRAUGHTING_PRE_DEFINED_CURVE_FONT('continuous');
#13989 = COLOUR_RGB('',9.803921802644E-02,9.803921802644E-02,
  9.803921802644E-02);
#13990 = MECHANICAL_DESIGN_GEOMETRIC_PRESENTATION_REPRESENTATION('',(
    #13991),#539);
#13991 = STYLED_ITEM('color',(#13992),#323);
#13992 = PRESENTATION_STYLE_ASSIGNMENT((#13993,#13999));
#13993 = SURFACE_STYLE_USAGE(.BOTH.,#13994);
#13994 = SURFACE_SIDE_STYLE('',(#13995));
#13995 = SURFACE_STYLE_FILL_AREA(#13996);
#13996 = FILL_AREA_STYLE('',(#13997));
#13997 = FILL_AREA_STYLE_COLOUR('',#13998);
#13998 = COLOUR_RGB('',0.399999997426,0.275999994077,0.);
#13999 = CURVE_STYLE('',#14000,POSITIVE_LENGTH_MEASURE(0.1),#13989);
#14000 = DRAUGHTING_PRE_DEFINED_CURVE_FONT('continuous');
#14001 = MECHANICAL_DESIGN_GEOMETRIC_PRESENTATION_REPRESENTATION('',(
    #14002,#14010,#14017,#14024,#14031,#14038,#14045,#14052,#14059,
    #14066,#14073,#14080,#14087,#14094,#14101,#14108,#14115,#14122,
    #14129,#14136,#14143,#14150,#14157,#14165,#14172,#14179,#14186,
    #14193,#14200,#14207,#14214,#14221,#14228,#14235,#14242,#14249,
    #14256,#14263,#14270,#14277,#14284,#14291,#14298,#14305,#14312,
    #14319,#14326,#14333,#14340,#14347,#14354,#14361,#14368,#14375,
    #14382,#14389,#14396,#14403,#14410,#14417,#14424,#14431,#14438,
    #14445,#14452,#14459,#14466,#14473,#14480,#14487,#14494,#14501,
    #14508,#14515,#14522,#14529),#8495);
#14002 = STYLED_ITEM('color',(#14003),#6391);
#14003 = PRESENTATION_STYLE_ASSIGNMENT((#14004));
#14004 = SURFACE_STYLE_USAGE(.BOTH.,#14005);
#14005 = SURFACE_SIDE_STYLE('',(#14006));
#14006 = SURFACE_STYLE_FILL_AREA(#14007);
#14007 = FILL_AREA_STYLE('',(#14008));
#14008 = FILL_AREA_STYLE_COLOUR('',#14009);
#14009 = COLOUR_RGB('',0.147999998088,0.144999993226,0.144999993226);
#14010 = STYLED_ITEM('color',(#14011),#6431);
#14011 = PRESENTATION_STYLE_ASSIGNMENT((#14012));
#14012 = SURFACE_STYLE_USAGE(.BOTH.,#14013);
#14013 = SURFACE_SIDE_STYLE('',(#14014));
#14014 = SURFACE_STYLE_FILL_AREA(#14015);
#14015 = FILL_AREA_STYLE('',(#14016));
#14016 = FILL_AREA_STYLE_COLOUR('',#14009);
#14017 = STYLED_ITEM('color',(#14018),#6462);
#14018 = PRESENTATION_STYLE_ASSIGNMENT((#14019));
#14019 = SURFACE_STYLE_USAGE(.BOTH.,#14020);
#14020 = SURFACE_SIDE_STYLE('',(#14021));
#14021 = SURFACE_STYLE_FILL_AREA(#14022);
#14022 = FILL_AREA_STYLE('',(#14023));
#14023 = FILL_AREA_STYLE_COLOUR('',#14009);
#14024 = STYLED_ITEM('color',(#14025),#6493);
#14025 = PRESENTATION_STYLE_ASSIGNMENT((#14026));
#14026 = SURFACE_STYLE_USAGE(.BOTH.,#14027);
#14027 = SURFACE_SIDE_STYLE('',(#14028));
#14028 = SURFACE_STYLE_FILL_AREA(#14029);
#14029 = FILL_AREA_STYLE('',(#14030));
#14030 = FILL_AREA_STYLE_COLOUR('',#14009);
#14031 = STYLED_ITEM('color',(#14032),#6740);
#14032 = PRESENTATION_STYLE_ASSIGNMENT((#14033));
#14033 = SURFACE_STYLE_USAGE(.BOTH.,#14034);
#14034 = SURFACE_SIDE_STYLE('',(#14035));
#14035 = SURFACE_STYLE_FILL_AREA(#14036);
#14036 = FILL_AREA_STYLE('',(#14037));
#14037 = FILL_AREA_STYLE_COLOUR('',#14009);
#14038 = STYLED_ITEM('color',(#14039),#6987);
#14039 = PRESENTATION_STYLE_ASSIGNMENT((#14040));
#14040 = SURFACE_STYLE_USAGE(.BOTH.,#14041);
#14041 = SURFACE_SIDE_STYLE('',(#14042));
#14042 = SURFACE_STYLE_FILL_AREA(#14043);
#14043 = FILL_AREA_STYLE('',(#14044));
#14044 = FILL_AREA_STYLE_COLOUR('',#14009);
#14045 = STYLED_ITEM('color',(#14046),#7004);
#14046 = PRESENTATION_STYLE_ASSIGNMENT((#14047));
#14047 = SURFACE_STYLE_USAGE(.BOTH.,#14048);
#14048 = SURFACE_SIDE_STYLE('',(#14049));
#14049 = SURFACE_STYLE_FILL_AREA(#14050);
#14050 = FILL_AREA_STYLE('',(#14051));
#14051 = FILL_AREA_STYLE_COLOUR('',#14009);
#14052 = STYLED_ITEM('color',(#14053),#7021);
#14053 = PRESENTATION_STYLE_ASSIGNMENT((#14054));
#14054 = SURFACE_STYLE_USAGE(.BOTH.,#14055);
#14055 = SURFACE_SIDE_STYLE('',(#14056));
#14056 = SURFACE_STYLE_FILL_AREA(#14057);
#14057 = FILL_AREA_STYLE('',(#14058));
#14058 = FILL_AREA_STYLE_COLOUR('',#14009);
#14059 = STYLED_ITEM('color',(#14060),#7038);
#14060 = PRESENTATION_STYLE_ASSIGNMENT((#14061));
#14061 = SURFACE_STYLE_USAGE(.BOTH.,#14062);
#14062 = SURFACE_SIDE_STYLE('',(#14063));
#14063 = SURFACE_STYLE_FILL_AREA(#14064);
#14064 = FILL_AREA_STYLE('',(#14065));
#14065 = FILL_AREA_STYLE_COLOUR('',#14009);
#14066 = STYLED_ITEM('color',(#14067),#7055);
#14067 = PRESENTATION_STYLE_ASSIGNMENT((#14068));
#14068 = SURFACE_STYLE_USAGE(.BOTH.,#14069);
#14069 = SURFACE_SIDE_STYLE('',(#14070));
#14070 = SURFACE_STYLE_FILL_AREA(#14071);
#14071 = FILL_AREA_STYLE('',(#14072));
#14072 = FILL_AREA_STYLE_COLOUR('',#14009);
#14073 = STYLED_ITEM('color',(#14074),#7072);
#14074 = PRESENTATION_STYLE_ASSIGNMENT((#14075));
#14075 = SURFACE_STYLE_USAGE(.BOTH.,#14076);
#14076 = SURFACE_SIDE_STYLE('',(#14077));
#14077 = SURFACE_STYLE_FILL_AREA(#14078);
#14078 = FILL_AREA_STYLE('',(#14079));
#14079 = FILL_AREA_STYLE_COLOUR('',#14009);
#14080 = STYLED_ITEM('color',(#14081),#7089);
#14081 = PRESENTATION_STYLE_ASSIGNMENT((#14082));
#14082 = SURFACE_STYLE_USAGE(.BOTH.,#14083);
#14083 = SURFACE_SIDE_STYLE('',(#14084));
#14084 = SURFACE_STYLE_FILL_AREA(#14085);
#14085 = FILL_AREA_STYLE('',(#14086));
#14086 = FILL_AREA_STYLE_COLOUR('',#14009);
#14087 = STYLED_ITEM('color',(#14088),#7106);
#14088 = PRESENTATION_STYLE_ASSIGNMENT((#14089));
#14089 = SURFACE_STYLE_USAGE(.BOTH.,#14090);
#14090 = SURFACE_SIDE_STYLE('',(#14091));
#14091 = SURFACE_STYLE_FILL_AREA(#14092);
#14092 = FILL_AREA_STYLE('',(#14093));
#14093 = FILL_AREA_STYLE_COLOUR('',#14009);
#14094 = STYLED_ITEM('color',(#14095),#7123);
#14095 = PRESENTATION_STYLE_ASSIGNMENT((#14096));
#14096 = SURFACE_STYLE_USAGE(.BOTH.,#14097);
#14097 = SURFACE_SIDE_STYLE('',(#14098));
#14098 = SURFACE_STYLE_FILL_AREA(#14099);
#14099 = FILL_AREA_STYLE('',(#14100));
#14100 = FILL_AREA_STYLE_COLOUR('',#14009);
#14101 = STYLED_ITEM('color',(#14102),#7140);
#14102 = PRESENTATION_STYLE_ASSIGNMENT((#14103));
#14103 = SURFACE_STYLE_USAGE(.BOTH.,#14104);
#14104 = SURFACE_SIDE_STYLE('',(#14105));
#14105 = SURFACE_STYLE_FILL_AREA(#14106);
#14106 = FILL_AREA_STYLE('',(#14107));
#14107 = FILL_AREA_STYLE_COLOUR('',#14009);
#14108 = STYLED_ITEM('color',(#14109),#7157);
#14109 = PRESENTATION_STYLE_ASSIGNMENT((#14110));
#14110 = SURFACE_STYLE_USAGE(.BOTH.,#14111);
#14111 = SURFACE_SIDE_STYLE('',(#14112));
#14112 = SURFACE_STYLE_FILL_AREA(#14113);
#14113 = FILL_AREA_STYLE('',(#14114));
#14114 = FILL_AREA_STYLE_COLOUR('',#14009);
#14115 = STYLED_ITEM('color',(#14116),#7174);
#14116 = PRESENTATION_STYLE_ASSIGNMENT((#14117));
#14117 = SURFACE_STYLE_USAGE(.BOTH.,#14118);
#14118 = SURFACE_SIDE_STYLE('',(#14119));
#14119 = SURFACE_STYLE_FILL_AREA(#14120);
#14120 = FILL_AREA_STYLE('',(#14121));
#14121 = FILL_AREA_STYLE_COLOUR('',#14009);
#14122 = STYLED_ITEM('color',(#14123),#7191);
#14123 = PRESENTATION_STYLE_ASSIGNMENT((#14124));
#14124 = SURFACE_STYLE_USAGE(.BOTH.,#14125);
#14125 = SURFACE_SIDE_STYLE('',(#14126));
#14126 = SURFACE_STYLE_FILL_AREA(#14127);
#14127 = FILL_AREA_STYLE('',(#14128));
#14128 = FILL_AREA_STYLE_COLOUR('',#14009);
#14129 = STYLED_ITEM('color',(#14130),#7208);
#14130 = PRESENTATION_STYLE_ASSIGNMENT((#14131));
#14131 = SURFACE_STYLE_USAGE(.BOTH.,#14132);
#14132 = SURFACE_SIDE_STYLE('',(#14133));
#14133 = SURFACE_STYLE_FILL_AREA(#14134);
#14134 = FILL_AREA_STYLE('',(#14135));
#14135 = FILL_AREA_STYLE_COLOUR('',#14009);
#14136 = STYLED_ITEM('color',(#14137),#7225);
#14137 = PRESENTATION_STYLE_ASSIGNMENT((#14138));
#14138 = SURFACE_STYLE_USAGE(.BOTH.,#14139);
#14139 = SURFACE_SIDE_STYLE('',(#14140));
#14140 = SURFACE_STYLE_FILL_AREA(#14141);
#14141 = FILL_AREA_STYLE('',(#14142));
#14142 = FILL_AREA_STYLE_COLOUR('',#14009);
#14143 = STYLED_ITEM('color',(#14144),#7242);
#14144 = PRESENTATION_STYLE_ASSIGNMENT((#14145));
#14145 = SURFACE_STYLE_USAGE(.BOTH.,#14146);
#14146 = SURFACE_SIDE_STYLE('',(#14147));
#14147 = SURFACE_STYLE_FILL_AREA(#14148);
#14148 = FILL_AREA_STYLE('',(#14149));
#14149 = FILL_AREA_STYLE_COLOUR('',#14009);
#14150 = STYLED_ITEM('color',(#14151),#7259);
#14151 = PRESENTATION_STYLE_ASSIGNMENT((#14152));
#14152 = SURFACE_STYLE_USAGE(.BOTH.,#14153);
#14153 = SURFACE_SIDE_STYLE('',(#14154));
#14154 = SURFACE_STYLE_FILL_AREA(#14155);
#14155 = FILL_AREA_STYLE('',(#14156));
#14156 = FILL_AREA_STYLE_COLOUR('',#14009);
#14157 = STYLED_ITEM('color',(#14158),#7271);
#14158 = PRESENTATION_STYLE_ASSIGNMENT((#14159));
#14159 = SURFACE_STYLE_USAGE(.BOTH.,#14160);
#14160 = SURFACE_SIDE_STYLE('',(#14161));
#14161 = SURFACE_STYLE_FILL_AREA(#14162);
#14162 = FILL_AREA_STYLE('',(#14163));
#14163 = FILL_AREA_STYLE_COLOUR('',#14164);
#14164 = COLOUR_RGB('',0.859000020776,0.737999965183,0.495999988746);
#14165 = STYLED_ITEM('color',(#14166),#7302);
#14166 = PRESENTATION_STYLE_ASSIGNMENT((#14167));
#14167 = SURFACE_STYLE_USAGE(.BOTH.,#14168);
#14168 = SURFACE_SIDE_STYLE('',(#14169));
#14169 = SURFACE_STYLE_FILL_AREA(#14170);
#14170 = FILL_AREA_STYLE('',(#14171));
#14171 = FILL_AREA_STYLE_COLOUR('',#14164);
#14172 = STYLED_ITEM('color',(#14173),#7326);
#14173 = PRESENTATION_STYLE_ASSIGNMENT((#14174));
#14174 = SURFACE_STYLE_USAGE(.BOTH.,#14175);
#14175 = SURFACE_SIDE_STYLE('',(#14176));
#14176 = SURFACE_STYLE_FILL_AREA(#14177);
#14177 = FILL_AREA_STYLE('',(#14178));
#14178 = FILL_AREA_STYLE_COLOUR('',#14164);
#14179 = STYLED_ITEM('color',(#14180),#7350);
#14180 = PRESENTATION_STYLE_ASSIGNMENT((#14181));
#14181 = SURFACE_STYLE_USAGE(.BOTH.,#14182);
#14182 = SURFACE_SIDE_STYLE('',(#14183));
#14183 = SURFACE_STYLE_FILL_AREA(#14184);
#14184 = FILL_AREA_STYLE('',(#14185));
#14185 = FILL_AREA_STYLE_COLOUR('',#14164);
#14186 = STYLED_ITEM('color',(#14187),#7367);
#14187 = PRESENTATION_STYLE_ASSIGNMENT((#14188));
#14188 = SURFACE_STYLE_USAGE(.BOTH.,#14189);
#14189 = SURFACE_SIDE_STYLE('',(#14190));
#14190 = SURFACE_STYLE_FILL_AREA(#14191);
#14191 = FILL_AREA_STYLE('',(#14192));
#14192 = FILL_AREA_STYLE_COLOUR('',#14164);
#14193 = STYLED_ITEM('color',(#14194),#7398);
#14194 = PRESENTATION_STYLE_ASSIGNMENT((#14195));
#14195 = SURFACE_STYLE_USAGE(.BOTH.,#14196);
#14196 = SURFACE_SIDE_STYLE('',(#14197));
#14197 = SURFACE_STYLE_FILL_AREA(#14198);
#14198 = FILL_AREA_STYLE('',(#14199));
#14199 = FILL_AREA_STYLE_COLOUR('',#14164);
#14200 = STYLED_ITEM('color',(#14201),#7422);
#14201 = PRESENTATION_STYLE_ASSIGNMENT((#14202));
#14202 = SURFACE_STYLE_USAGE(.BOTH.,#14203);
#14203 = SURFACE_SIDE_STYLE('',(#14204));
#14204 = SURFACE_STYLE_FILL_AREA(#14205);
#14205 = FILL_AREA_STYLE('',(#14206));
#14206 = FILL_AREA_STYLE_COLOUR('',#14164);
#14207 = STYLED_ITEM('color',(#14208),#7446);
#14208 = PRESENTATION_STYLE_ASSIGNMENT((#14209));
#14209 = SURFACE_STYLE_USAGE(.BOTH.,#14210);
#14210 = SURFACE_SIDE_STYLE('',(#14211));
#14211 = SURFACE_STYLE_FILL_AREA(#14212);
#14212 = FILL_AREA_STYLE('',(#14213));
#14213 = FILL_AREA_STYLE_COLOUR('',#14164);
#14214 = STYLED_ITEM('color',(#14215),#7463);
#14215 = PRESENTATION_STYLE_ASSIGNMENT((#14216));
#14216 = SURFACE_STYLE_USAGE(.BOTH.,#14217);
#14217 = SURFACE_SIDE_STYLE('',(#14218));
#14218 = SURFACE_STYLE_FILL_AREA(#14219);
#14219 = FILL_AREA_STYLE('',(#14220));
#14220 = FILL_AREA_STYLE_COLOUR('',#14164);
#14221 = STYLED_ITEM('color',(#14222),#7494);
#14222 = PRESENTATION_STYLE_ASSIGNMENT((#14223));
#14223 = SURFACE_STYLE_USAGE(.BOTH.,#14224);
#14224 = SURFACE_SIDE_STYLE('',(#14225));
#14225 = SURFACE_STYLE_FILL_AREA(#14226);
#14226 = FILL_AREA_STYLE('',(#14227));
#14227 = FILL_AREA_STYLE_COLOUR('',#14164);
#14228 = STYLED_ITEM('color',(#14229),#7518);
#14229 = PRESENTATION_STYLE_ASSIGNMENT((#14230));
#14230 = SURFACE_STYLE_USAGE(.BOTH.,#14231);
#14231 = SURFACE_SIDE_STYLE('',(#14232));
#14232 = SURFACE_STYLE_FILL_AREA(#14233);
#14233 = FILL_AREA_STYLE('',(#14234));
#14234 = FILL_AREA_STYLE_COLOUR('',#14164);
#14235 = STYLED_ITEM('color',(#14236),#7542);
#14236 = PRESENTATION_STYLE_ASSIGNMENT((#14237));
#14237 = SURFACE_STYLE_USAGE(.BOTH.,#14238);
#14238 = SURFACE_SIDE_STYLE('',(#14239));
#14239 = SURFACE_STYLE_FILL_AREA(#14240);
#14240 = FILL_AREA_STYLE('',(#14241));
#14241 = FILL_AREA_STYLE_COLOUR('',#14164);
#14242 = STYLED_ITEM('color',(#14243),#7559);
#14243 = PRESENTATION_STYLE_ASSIGNMENT((#14244));
#14244 = SURFACE_STYLE_USAGE(.BOTH.,#14245);
#14245 = SURFACE_SIDE_STYLE('',(#14246));
#14246 = SURFACE_STYLE_FILL_AREA(#14247);
#14247 = FILL_AREA_STYLE('',(#14248));
#14248 = FILL_AREA_STYLE_COLOUR('',#14164);
#14249 = STYLED_ITEM('color',(#14250),#7590);
#14250 = PRESENTATION_STYLE_ASSIGNMENT((#14251));
#14251 = SURFACE_STYLE_USAGE(.BOTH.,#14252);
#14252 = SURFACE_SIDE_STYLE('',(#14253));
#14253 = SURFACE_STYLE_FILL_AREA(#14254);
#14254 = FILL_AREA_STYLE('',(#14255));
#14255 = FILL_AREA_STYLE_COLOUR('',#14164);
#14256 = STYLED_ITEM('color',(#14257),#7614);
#14257 = PRESENTATION_STYLE_ASSIGNMENT((#14258));
#14258 = SURFACE_STYLE_USAGE(.BOTH.,#14259);
#14259 = SURFACE_SIDE_STYLE('',(#14260));
#14260 = SURFACE_STYLE_FILL_AREA(#14261);
#14261 = FILL_AREA_STYLE('',(#14262));
#14262 = FILL_AREA_STYLE_COLOUR('',#14164);
#14263 = STYLED_ITEM('color',(#14264),#7638);
#14264 = PRESENTATION_STYLE_ASSIGNMENT((#14265));
#14265 = SURFACE_STYLE_USAGE(.BOTH.,#14266);
#14266 = SURFACE_SIDE_STYLE('',(#14267));
#14267 = SURFACE_STYLE_FILL_AREA(#14268);
#14268 = FILL_AREA_STYLE('',(#14269));
#14269 = FILL_AREA_STYLE_COLOUR('',#14164);
#14270 = STYLED_ITEM('color',(#14271),#7655);
#14271 = PRESENTATION_STYLE_ASSIGNMENT((#14272));
#14272 = SURFACE_STYLE_USAGE(.BOTH.,#14273);
#14273 = SURFACE_SIDE_STYLE('',(#14274));
#14274 = SURFACE_STYLE_FILL_AREA(#14275);
#14275 = FILL_AREA_STYLE('',(#14276));
#14276 = FILL_AREA_STYLE_COLOUR('',#14164);
#14277 = STYLED_ITEM('color',(#14278),#7686);
#14278 = PRESENTATION_STYLE_ASSIGNMENT((#14279));
#14279 = SURFACE_STYLE_USAGE(.BOTH.,#14280);
#14280 = SURFACE_SIDE_STYLE('',(#14281));
#14281 = SURFACE_STYLE_FILL_AREA(#14282);
#14282 = FILL_AREA_STYLE('',(#14283));
#14283 = FILL_AREA_STYLE_COLOUR('',#14164);
#14284 = STYLED_ITEM('color',(#14285),#7710);
#14285 = PRESENTATION_STYLE_ASSIGNMENT((#14286));
#14286 = SURFACE_STYLE_USAGE(.BOTH.,#14287);
#14287 = SURFACE_SIDE_STYLE('',(#14288));
#14288 = SURFACE_STYLE_FILL_AREA(#14289);
#14289 = FILL_AREA_STYLE('',(#14290));
#14290 = FILL_AREA_STYLE_COLOUR('',#14164);
#14291 = STYLED_ITEM('color',(#14292),#7734);
#14292 = PRESENTATION_STYLE_ASSIGNMENT((#14293));
#14293 = SURFACE_STYLE_USAGE(.BOTH.,#14294);
#14294 = SURFACE_SIDE_STYLE('',(#14295));
#14295 = SURFACE_STYLE_FILL_AREA(#14296);
#14296 = FILL_AREA_STYLE('',(#14297));
#14297 = FILL_AREA_STYLE_COLOUR('',#14164);
#14298 = STYLED_ITEM('color',(#14299),#7751);
#14299 = PRESENTATION_STYLE_ASSIGNMENT((#14300));
#14300 = SURFACE_STYLE_USAGE(.BOTH.,#14301);
#14301 = SURFACE_SIDE_STYLE('',(#14302));
#14302 = SURFACE_STYLE_FILL_AREA(#14303);
#14303 = FILL_AREA_STYLE('',(#14304));
#14304 = FILL_AREA_STYLE_COLOUR('',#14164);
#14305 = STYLED_ITEM('color',(#14306),#7782);
#14306 = PRESENTATION_STYLE_ASSIGNMENT((#14307));
#14307 = SURFACE_STYLE_USAGE(.BOTH.,#14308);
#14308 = SURFACE_SIDE_STYLE('',(#14309));
#14309 = SURFACE_STYLE_FILL_AREA(#14310);
#14310 = FILL_AREA_STYLE('',(#14311));
#14311 = FILL_AREA_STYLE_COLOUR('',#14164);
#14312 = STYLED_ITEM('color',(#14313),#7806);
#14313 = PRESENTATION_STYLE_ASSIGNMENT((#14314));
#14314 = SURFACE_STYLE_USAGE(.BOTH.,#14315);
#14315 = SURFACE_SIDE_STYLE('',(#14316));
#14316 = SURFACE_STYLE_FILL_AREA(#14317);
#14317 = FILL_AREA_STYLE('',(#14318));
#14318 = FILL_AREA_STYLE_COLOUR('',#14164);
#14319 = STYLED_ITEM('color',(#14320),#7830);
#14320 = PRESENTATION_STYLE_ASSIGNMENT((#14321));
#14321 = SURFACE_STYLE_USAGE(.BOTH.,#14322);
#14322 = SURFACE_SIDE_STYLE('',(#14323));
#14323 = SURFACE_STYLE_FILL_AREA(#14324);
#14324 = FILL_AREA_STYLE('',(#14325));
#14325 = FILL_AREA_STYLE_COLOUR('',#14164);
#14326 = STYLED_ITEM('color',(#14327),#7847);
#14327 = PRESENTATION_STYLE_ASSIGNMENT((#14328));
#14328 = SURFACE_STYLE_USAGE(.BOTH.,#14329);
#14329 = SURFACE_SIDE_STYLE('',(#14330));
#14330 = SURFACE_STYLE_FILL_AREA(#14331);
#14331 = FILL_AREA_STYLE('',(#14332));
#14332 = FILL_AREA_STYLE_COLOUR('',#14164);
#14333 = STYLED_ITEM('color',(#14334),#7878);
#14334 = PRESENTATION_STYLE_ASSIGNMENT((#14335));
#14335 = SURFACE_STYLE_USAGE(.BOTH.,#14336);
#14336 = SURFACE_SIDE_STYLE('',(#14337));
#14337 = SURFACE_STYLE_FILL_AREA(#14338);
#14338 = FILL_AREA_STYLE('',(#14339));
#14339 = FILL_AREA_STYLE_COLOUR('',#14164);
#14340 = STYLED_ITEM('color',(#14341),#7902);
#14341 = PRESENTATION_STYLE_ASSIGNMENT((#14342));
#14342 = SURFACE_STYLE_USAGE(.BOTH.,#14343);
#14343 = SURFACE_SIDE_STYLE('',(#14344));
#14344 = SURFACE_STYLE_FILL_AREA(#14345);
#14345 = FILL_AREA_STYLE('',(#14346));
#14346 = FILL_AREA_STYLE_COLOUR('',#14164);
#14347 = STYLED_ITEM('color',(#14348),#7926);
#14348 = PRESENTATION_STYLE_ASSIGNMENT((#14349));
#14349 = SURFACE_STYLE_USAGE(.BOTH.,#14350);
#14350 = SURFACE_SIDE_STYLE('',(#14351));
#14351 = SURFACE_STYLE_FILL_AREA(#14352);
#14352 = FILL_AREA_STYLE('',(#14353));
#14353 = FILL_AREA_STYLE_COLOUR('',#14164);
#14354 = STYLED_ITEM('color',(#14355),#7943);
#14355 = PRESENTATION_STYLE_ASSIGNMENT((#14356));
#14356 = SURFACE_STYLE_USAGE(.BOTH.,#14357);
#14357 = SURFACE_SIDE_STYLE('',(#14358));
#14358 = SURFACE_STYLE_FILL_AREA(#14359);
#14359 = FILL_AREA_STYLE('',(#14360));
#14360 = FILL_AREA_STYLE_COLOUR('',#14164);
#14361 = STYLED_ITEM('color',(#14362),#7974);
#14362 = PRESENTATION_STYLE_ASSIGNMENT((#14363));
#14363 = SURFACE_STYLE_USAGE(.BOTH.,#14364);
#14364 = SURFACE_SIDE_STYLE('',(#14365));
#14365 = SURFACE_STYLE_FILL_AREA(#14366);
#14366 = FILL_AREA_STYLE('',(#14367));
#14367 = FILL_AREA_STYLE_COLOUR('',#14164);
#14368 = STYLED_ITEM('color',(#14369),#7998);
#14369 = PRESENTATION_STYLE_ASSIGNMENT((#14370));
#14370 = SURFACE_STYLE_USAGE(.BOTH.,#14371);
#14371 = SURFACE_SIDE_STYLE('',(#14372));
#14372 = SURFACE_STYLE_FILL_AREA(#14373);
#14373 = FILL_AREA_STYLE('',(#14374));
#14374 = FILL_AREA_STYLE_COLOUR('',#14164);
#14375 = STYLED_ITEM('color',(#14376),#8022);
#14376 = PRESENTATION_STYLE_ASSIGNMENT((#14377));
#14377 = SURFACE_STYLE_USAGE(.BOTH.,#14378);
#14378 = SURFACE_SIDE_STYLE('',(#14379));
#14379 = SURFACE_STYLE_FILL_AREA(#14380);
#14380 = FILL_AREA_STYLE('',(#14381));
#14381 = FILL_AREA_STYLE_COLOUR('',#14164);
#14382 = STYLED_ITEM('color',(#14383),#8039);
#14383 = PRESENTATION_STYLE_ASSIGNMENT((#14384));
#14384 = SURFACE_STYLE_USAGE(.BOTH.,#14385);
#14385 = SURFACE_SIDE_STYLE('',(#14386));
#14386 = SURFACE_STYLE_FILL_AREA(#14387);
#14387 = FILL_AREA_STYLE('',(#14388));
#14388 = FILL_AREA_STYLE_COLOUR('',#14164);
#14389 = STYLED_ITEM('color',(#14390),#8070);
#14390 = PRESENTATION_STYLE_ASSIGNMENT((#14391));
#14391 = SURFACE_STYLE_USAGE(.BOTH.,#14392);
#14392 = SURFACE_SIDE_STYLE('',(#14393));
#14393 = SURFACE_STYLE_FILL_AREA(#14394);
#14394 = FILL_AREA_STYLE('',(#14395));
#14395 = FILL_AREA_STYLE_COLOUR('',#14164);
#14396 = STYLED_ITEM('color',(#14397),#8094);
#14397 = PRESENTATION_STYLE_ASSIGNMENT((#14398));
#14398 = SURFACE_STYLE_USAGE(.BOTH.,#14399);
#14399 = SURFACE_SIDE_STYLE('',(#14400));
#14400 = SURFACE_STYLE_FILL_AREA(#14401);
#14401 = FILL_AREA_STYLE('',(#14402));
#14402 = FILL_AREA_STYLE_COLOUR('',#14164);
#14403 = STYLED_ITEM('color',(#14404),#8118);
#14404 = PRESENTATION_STYLE_ASSIGNMENT((#14405));
#14405 = SURFACE_STYLE_USAGE(.BOTH.,#14406);
#14406 = SURFACE_SIDE_STYLE('',(#14407));
#14407 = SURFACE_STYLE_FILL_AREA(#14408);
#14408 = FILL_AREA_STYLE('',(#14409));
#14409 = FILL_AREA_STYLE_COLOUR('',#14164);
#14410 = STYLED_ITEM('color',(#14411),#8135);
#14411 = PRESENTATION_STYLE_ASSIGNMENT((#14412));
#14412 = SURFACE_STYLE_USAGE(.BOTH.,#14413);
#14413 = SURFACE_SIDE_STYLE('',(#14414));
#14414 = SURFACE_STYLE_FILL_AREA(#14415);
#14415 = FILL_AREA_STYLE('',(#14416));
#14416 = FILL_AREA_STYLE_COLOUR('',#14164);
#14417 = STYLED_ITEM('color',(#14418),#8166);
#14418 = PRESENTATION_STYLE_ASSIGNMENT((#14419));
#14419 = SURFACE_STYLE_USAGE(.BOTH.,#14420);
#14420 = SURFACE_SIDE_STYLE('',(#14421));
#14421 = SURFACE_STYLE_FILL_AREA(#14422);
#14422 = FILL_AREA_STYLE('',(#14423));
#14423 = FILL_AREA_STYLE_COLOUR('',#14164);
#14424 = STYLED_ITEM('color',(#14425),#8190);
#14425 = PRESENTATION_STYLE_ASSIGNMENT((#14426));
#14426 = SURFACE_STYLE_USAGE(.BOTH.,#14427);
#14427 = SURFACE_SIDE_STYLE('',(#14428));
#14428 = SURFACE_STYLE_FILL_AREA(#14429);
#14429 = FILL_AREA_STYLE('',(#14430));
#14430 = FILL_AREA_STYLE_COLOUR('',#14164);
#14431 = STYLED_ITEM('color',(#14432),#8214);
#14432 = PRESENTATION_STYLE_ASSIGNMENT((#14433));
#14433 = SURFACE_STYLE_USAGE(.BOTH.,#14434);
#14434 = SURFACE_SIDE_STYLE('',(#14435));
#14435 = SURFACE_STYLE_FILL_AREA(#14436);
#14436 = FILL_AREA_STYLE('',(#14437));
#14437 = FILL_AREA_STYLE_COLOUR('',#14164);
#14438 = STYLED_ITEM('color',(#14439),#8231);
#14439 = PRESENTATION_STYLE_ASSIGNMENT((#14440));
#14440 = SURFACE_STYLE_USAGE(.BOTH.,#14441);
#14441 = SURFACE_SIDE_STYLE('',(#14442));
#14442 = SURFACE_STYLE_FILL_AREA(#14443);
#14443 = FILL_AREA_STYLE('',(#14444));
#14444 = FILL_AREA_STYLE_COLOUR('',#14164);
#14445 = STYLED_ITEM('color',(#14446),#8262);
#14446 = PRESENTATION_STYLE_ASSIGNMENT((#14447));
#14447 = SURFACE_STYLE_USAGE(.BOTH.,#14448);
#14448 = SURFACE_SIDE_STYLE('',(#14449));
#14449 = SURFACE_STYLE_FILL_AREA(#14450);
#14450 = FILL_AREA_STYLE('',(#14451));
#14451 = FILL_AREA_STYLE_COLOUR('',#14164);
#14452 = STYLED_ITEM('color',(#14453),#8286);
#14453 = PRESENTATION_STYLE_ASSIGNMENT((#14454));
#14454 = SURFACE_STYLE_USAGE(.BOTH.,#14455);
#14455 = SURFACE_SIDE_STYLE('',(#14456));
#14456 = SURFACE_STYLE_FILL_AREA(#14457);
#14457 = FILL_AREA_STYLE('',(#14458));
#14458 = FILL_AREA_STYLE_COLOUR('',#14164);
#14459 = STYLED_ITEM('color',(#14460),#8310);
#14460 = PRESENTATION_STYLE_ASSIGNMENT((#14461));
#14461 = SURFACE_STYLE_USAGE(.BOTH.,#14462);
#14462 = SURFACE_SIDE_STYLE('',(#14463));
#14463 = SURFACE_STYLE_FILL_AREA(#14464);
#14464 = FILL_AREA_STYLE('',(#14465));
#14465 = FILL_AREA_STYLE_COLOUR('',#14164);
#14466 = STYLED_ITEM('color',(#14467),#8327);
#14467 = PRESENTATION_STYLE_ASSIGNMENT((#14468));
#14468 = SURFACE_STYLE_USAGE(.BOTH.,#14469);
#14469 = SURFACE_SIDE_STYLE('',(#14470));
#14470 = SURFACE_STYLE_FILL_AREA(#14471);
#14471 = FILL_AREA_STYLE('',(#14472));
#14472 = FILL_AREA_STYLE_COLOUR('',#14164);
#14473 = STYLED_ITEM('color',(#14474),#8358);
#14474 = PRESENTATION_STYLE_ASSIGNMENT((#14475));
#14475 = SURFACE_STYLE_USAGE(.BOTH.,#14476);
#14476 = SURFACE_SIDE_STYLE('',(#14477));
#14477 = SURFACE_STYLE_FILL_AREA(#14478);
#14478 = FILL_AREA_STYLE('',(#14479));
#14479 = FILL_AREA_STYLE_COLOUR('',#14164);
#14480 = STYLED_ITEM('color',(#14481),#8382);
#14481 = PRESENTATION_STYLE_ASSIGNMENT((#14482));
#14482 = SURFACE_STYLE_USAGE(.BOTH.,#14483);
#14483 = SURFACE_SIDE_STYLE('',(#14484));
#14484 = SURFACE_STYLE_FILL_AREA(#14485);
#14485 = FILL_AREA_STYLE('',(#14486));
#14486 = FILL_AREA_STYLE_COLOUR('',#14164);
#14487 = STYLED_ITEM('color',(#14488),#8406);
#14488 = PRESENTATION_STYLE_ASSIGNMENT((#14489));
#14489 = SURFACE_STYLE_USAGE(.BOTH.,#14490);
#14490 = SURFACE_SIDE_STYLE('',(#14491));
#14491 = SURFACE_STYLE_FILL_AREA(#14492);
#14492 = FILL_AREA_STYLE('',(#14493));
#14493 = FILL_AREA_STYLE_COLOUR('',#14164);
#14494 = STYLED_ITEM('color',(#14495),#8423);
#14495 = PRESENTATION_STYLE_ASSIGNMENT((#14496));
#14496 = SURFACE_STYLE_USAGE(.BOTH.,#14497);
#14497 = SURFACE_SIDE_STYLE('',(#14498));
#14498 = SURFACE_STYLE_FILL_AREA(#14499);
#14499 = FILL_AREA_STYLE('',(#14500));
#14500 = FILL_AREA_STYLE_COLOUR('',#14164);
#14501 = STYLED_ITEM('color',(#14502),#8435);
#14502 = PRESENTATION_STYLE_ASSIGNMENT((#14503));
#14503 = SURFACE_STYLE_USAGE(.BOTH.,#14504);
#14504 = SURFACE_SIDE_STYLE('',(#14505));
#14505 = SURFACE_STYLE_FILL_AREA(#14506);
#14506 = FILL_AREA_STYLE('',(#14507));
#14507 = FILL_AREA_STYLE_COLOUR('',#14164);
#14508 = STYLED_ITEM('color',(#14509),#8447);
#14509 = PRESENTATION_STYLE_ASSIGNMENT((#14510));
#14510 = SURFACE_STYLE_USAGE(.BOTH.,#14511);
#14511 = SURFACE_SIDE_STYLE('',(#14512));
#14512 = SURFACE_STYLE_FILL_AREA(#14513);
#14513 = FILL_AREA_STYLE('',(#14514));
#14514 = FILL_AREA_STYLE_COLOUR('',#14164);
#14515 = STYLED_ITEM('color',(#14516),#8459);
#14516 = PRESENTATION_STYLE_ASSIGNMENT((#14517));
#14517 = SURFACE_STYLE_USAGE(.BOTH.,#14518);
#14518 = SURFACE_SIDE_STYLE('',(#14519));
#14519 = SURFACE_STYLE_FILL_AREA(#14520);
#14520 = FILL_AREA_STYLE('',(#14521));
#14521 = FILL_AREA_STYLE_COLOUR('',#14164);
#14522 = STYLED_ITEM('color',(#14523),#8471);
#14523 = PRESENTATION_STYLE_ASSIGNMENT((#14524));
#14524 = SURFACE_STYLE_USAGE(.BOTH.,#14525);
#14525 = SURFACE_SIDE_STYLE('',(#14526));
#14526 = SURFACE_STYLE_FILL_AREA(#14527);
#14527 = FILL_AREA_STYLE('',(#14528));
#14528 = FILL_AREA_STYLE_COLOUR('',#14164);
#14529 = STYLED_ITEM('color',(#14530),#8483);
#14530 = PRESENTATION_STYLE_ASSIGNMENT((#14531));
#14531 = SURFACE_STYLE_USAGE(.BOTH.,#14532);
#14532 = SURFACE_SIDE_STYLE('',(#14533));
#14533 = SURFACE_STYLE_FILL_AREA(#14534);
#14534 = FILL_AREA_STYLE('',(#14535));
#14535 = FILL_AREA_STYLE_COLOUR('',#14164);
#14536 = MECHANICAL_DESIGN_GEOMETRIC_PRESENTATION_REPRESENTATION('',(
    #14537,#14547,#14556,#14565,#14574,#14583,#14592,#14601,#14610,
    #14620,#14629,#14638,#14647,#14656,#14665,#14674,#14683,#14692,
    #14701,#14710,#14719,#14728,#14737,#14746,#14755,#14764,#14773,
    #14782,#14791,#14800,#14809,#14818,#14827,#14836,#14845,#14854,
    #14863,#14872,#14881,#14890,#14899,#14908,#14917,#14926,#14935,
    #14944,#14953,#14962,#14971,#14980,#14989,#14998,#15007,#15016,
    #15025,#15034,#15043,#15052,#15061,#15070,#15079,#15088,#15097,
    #15106,#15115,#15124,#15133,#15142,#15151,#15160,#15169,#15178,
    #15187,#15196,#15205,#15214,#15223,#15232,#15241,#15250,#15259,
    #15268,#15277,#15286,#15295,#15304,#15313,#15322,#15331,#15340,
    #15349,#15358,#15367,#15376,#15385,#15394,#15403,#15412,#15421,
    #15430,#15439,#15448,#15457,#15466,#15475,#15484,#15493,#15502,
    #15511,#15520,#15529,#15538,#15547,#15556,#15565,#15574,#15583,
    #15592,#15601,#15610,#15619,#15628,#15637,#15646,#15655,#15664,
    #15673,#15682,#15691,#15700,#15709,#15718,#15727,#15736,#15745,
    #15754,#15763,#15772,#15781,#15790,#15799,#15808,#15817,#15826,
    #15835,#15844),#6370);
#14537 = STYLED_ITEM('color',(#14538),#2986);
#14538 = PRESENTATION_STYLE_ASSIGNMENT((#14539,#14545));
#14539 = SURFACE_STYLE_USAGE(.BOTH.,#14540);
#14540 = SURFACE_SIDE_STYLE('',(#14541));
#14541 = SURFACE_STYLE_FILL_AREA(#14542);
#14542 = FILL_AREA_STYLE('',(#14543));
#14543 = FILL_AREA_STYLE_COLOUR('',#14544);
#14544 = COLOUR_RGB('',0.147999998088,0.145000001626,0.145000001626);
#14545 = CURVE_STYLE('',#14546,POSITIVE_LENGTH_MEASURE(0.1),#14544);
#14546 = DRAUGHTING_PRE_DEFINED_CURVE_FONT('continuous');
#14547 = STYLED_ITEM('color',(#14548),#3026);
#14548 = PRESENTATION_STYLE_ASSIGNMENT((#14549,#14554));
#14549 = SURFACE_STYLE_USAGE(.BOTH.,#14550);
#14550 = SURFACE_SIDE_STYLE('',(#14551));
#14551 = SURFACE_STYLE_FILL_AREA(#14552);
#14552 = FILL_AREA_STYLE('',(#14553));
#14553 = FILL_AREA_STYLE_COLOUR('',#14544);
#14554 = CURVE_STYLE('',#14555,POSITIVE_LENGTH_MEASURE(0.1),#14544);
#14555 = DRAUGHTING_PRE_DEFINED_CURVE_FONT('continuous');
#14556 = STYLED_ITEM('color',(#14557),#3089);
#14557 = PRESENTATION_STYLE_ASSIGNMENT((#14558,#14563));
#14558 = SURFACE_STYLE_USAGE(.BOTH.,#14559);
#14559 = SURFACE_SIDE_STYLE('',(#14560));
#14560 = SURFACE_STYLE_FILL_AREA(#14561);
#14561 = FILL_AREA_STYLE('',(#14562));
#14562 = FILL_AREA_STYLE_COLOUR('',#14544);
#14563 = CURVE_STYLE('',#14564,POSITIVE_LENGTH_MEASURE(0.1),#14544);
#14564 = DRAUGHTING_PRE_DEFINED_CURVE_FONT('continuous');
#14565 = STYLED_ITEM('color',(#14566),#3152);
#14566 = PRESENTATION_STYLE_ASSIGNMENT((#14567,#14572));
#14567 = SURFACE_STYLE_USAGE(.BOTH.,#14568);
#14568 = SURFACE_SIDE_STYLE('',(#14569));
#14569 = SURFACE_STYLE_FILL_AREA(#14570);
#14570 = FILL_AREA_STYLE('',(#14571));
#14571 = FILL_AREA_STYLE_COLOUR('',#14544);
#14572 = CURVE_STYLE('',#14573,POSITIVE_LENGTH_MEASURE(0.1),#14544);
#14573 = DRAUGHTING_PRE_DEFINED_CURVE_FONT('continuous');
#14574 = STYLED_ITEM('color',(#14575),#3169);
#14575 = PRESENTATION_STYLE_ASSIGNMENT((#14576,#14581));
#14576 = SURFACE_STYLE_USAGE(.BOTH.,#14577);
#14577 = SURFACE_SIDE_STYLE('',(#14578));
#14578 = SURFACE_STYLE_FILL_AREA(#14579);
#14579 = FILL_AREA_STYLE('',(#14580));
#14580 = FILL_AREA_STYLE_COLOUR('',#14544);
#14581 = CURVE_STYLE('',#14582,POSITIVE_LENGTH_MEASURE(0.1),#14544);
#14582 = DRAUGHTING_PRE_DEFINED_CURVE_FONT('continuous');
#14583 = STYLED_ITEM('color',(#14584),#3322);
#14584 = PRESENTATION_STYLE_ASSIGNMENT((#14585,#14590));
#14585 = SURFACE_STYLE_USAGE(.BOTH.,#14586);
#14586 = SURFACE_SIDE_STYLE('',(#14587));
#14587 = SURFACE_STYLE_FILL_AREA(#14588);
#14588 = FILL_AREA_STYLE('',(#14589));
#14589 = FILL_AREA_STYLE_COLOUR('',#14544);
#14590 = CURVE_STYLE('',#14591,POSITIVE_LENGTH_MEASURE(0.1),#14544);
#14591 = DRAUGHTING_PRE_DEFINED_CURVE_FONT('continuous');
#14592 = STYLED_ITEM('color',(#14593),#3344);
#14593 = PRESENTATION_STYLE_ASSIGNMENT((#14594,#14599));
#14594 = SURFACE_STYLE_USAGE(.BOTH.,#14595);
#14595 = SURFACE_SIDE_STYLE('',(#14596));
#14596 = SURFACE_STYLE_FILL_AREA(#14597);
#14597 = FILL_AREA_STYLE('',(#14598));
#14598 = FILL_AREA_STYLE_COLOUR('',#14544);
#14599 = CURVE_STYLE('',#14600,POSITIVE_LENGTH_MEASURE(0.1),#14544);
#14600 = DRAUGHTING_PRE_DEFINED_CURVE_FONT('continuous');
#14601 = STYLED_ITEM('color',(#14602),#3361);
#14602 = PRESENTATION_STYLE_ASSIGNMENT((#14603,#14608));
#14603 = SURFACE_STYLE_USAGE(.BOTH.,#14604);
#14604 = SURFACE_SIDE_STYLE('',(#14605));
#14605 = SURFACE_STYLE_FILL_AREA(#14606);
#14606 = FILL_AREA_STYLE('',(#14607));
#14607 = FILL_AREA_STYLE_COLOUR('',#14544);
#14608 = CURVE_STYLE('',#14609,POSITIVE_LENGTH_MEASURE(0.1),#14544);
#14609 = DRAUGHTING_PRE_DEFINED_CURVE_FONT('continuous');
#14610 = OVER_RIDING_STYLED_ITEM('overriding color',(#14611),#3394,
  #14601);
#14611 = PRESENTATION_STYLE_ASSIGNMENT((#14612,#14618));
#14612 = SURFACE_STYLE_USAGE(.BOTH.,#14613);
#14613 = SURFACE_SIDE_STYLE('',(#14614));
#14614 = SURFACE_STYLE_FILL_AREA(#14615);
#14615 = FILL_AREA_STYLE('',(#14616));
#14616 = FILL_AREA_STYLE_COLOUR('',#14617);
#14617 = COLOUR_RGB('',0.858999988747,0.738000004258,0.496000005009);
#14618 = CURVE_STYLE('',#14619,POSITIVE_LENGTH_MEASURE(0.1),#14617);
#14619 = DRAUGHTING_PRE_DEFINED_CURVE_FONT('continuous');
#14620 = OVER_RIDING_STYLED_ITEM('overriding color',(#14621),#3426,
  #14601);
#14621 = PRESENTATION_STYLE_ASSIGNMENT((#14622,#14627));
#14622 = SURFACE_STYLE_USAGE(.BOTH.,#14623);
#14623 = SURFACE_SIDE_STYLE('',(#14624));
#14624 = SURFACE_STYLE_FILL_AREA(#14625);
#14625 = FILL_AREA_STYLE('',(#14626));
#14626 = FILL_AREA_STYLE_COLOUR('',#14617);
#14627 = CURVE_STYLE('',#14628,POSITIVE_LENGTH_MEASURE(0.1),#14617);
#14628 = DRAUGHTING_PRE_DEFINED_CURVE_FONT('continuous');
#14629 = OVER_RIDING_STYLED_ITEM('overriding color',(#14630),#3460,
  #14601);
#14630 = PRESENTATION_STYLE_ASSIGNMENT((#14631,#14636));
#14631 = SURFACE_STYLE_USAGE(.BOTH.,#14632);
#14632 = SURFACE_SIDE_STYLE('',(#14633));
#14633 = SURFACE_STYLE_FILL_AREA(#14634);
#14634 = FILL_AREA_STYLE('',(#14635));
#14635 = FILL_AREA_STYLE_COLOUR('',#14617);
#14636 = CURVE_STYLE('',#14637,POSITIVE_LENGTH_MEASURE(0.1),#14617);
#14637 = DRAUGHTING_PRE_DEFINED_CURVE_FONT('continuous');
#14638 = OVER_RIDING_STYLED_ITEM('overriding color',(#14639),#3492,
  #14601);
#14639 = PRESENTATION_STYLE_ASSIGNMENT((#14640,#14645));
#14640 = SURFACE_STYLE_USAGE(.BOTH.,#14641);
#14641 = SURFACE_SIDE_STYLE('',(#14642));
#14642 = SURFACE_STYLE_FILL_AREA(#14643);
#14643 = FILL_AREA_STYLE('',(#14644));
#14644 = FILL_AREA_STYLE_COLOUR('',#14617);
#14645 = CURVE_STYLE('',#14646,POSITIVE_LENGTH_MEASURE(0.1),#14617);
#14646 = DRAUGHTING_PRE_DEFINED_CURVE_FONT('continuous');
#14647 = OVER_RIDING_STYLED_ITEM('overriding color',(#14648),#3526,
  #14601);
#14648 = PRESENTATION_STYLE_ASSIGNMENT((#14649,#14654));
#14649 = SURFACE_STYLE_USAGE(.BOTH.,#14650);
#14650 = SURFACE_SIDE_STYLE('',(#14651));
#14651 = SURFACE_STYLE_FILL_AREA(#14652);
#14652 = FILL_AREA_STYLE('',(#14653));
#14653 = FILL_AREA_STYLE_COLOUR('',#14617);
#14654 = CURVE_STYLE('',#14655,POSITIVE_LENGTH_MEASURE(0.1),#14617);
#14655 = DRAUGHTING_PRE_DEFINED_CURVE_FONT('continuous');
#14656 = OVER_RIDING_STYLED_ITEM('overriding color',(#14657),#3558,
  #14601);
#14657 = PRESENTATION_STYLE_ASSIGNMENT((#14658,#14663));
#14658 = SURFACE_STYLE_USAGE(.BOTH.,#14659);
#14659 = SURFACE_SIDE_STYLE('',(#14660));
#14660 = SURFACE_STYLE_FILL_AREA(#14661);
#14661 = FILL_AREA_STYLE('',(#14662));
#14662 = FILL_AREA_STYLE_COLOUR('',#14617);
#14663 = CURVE_STYLE('',#14664,POSITIVE_LENGTH_MEASURE(0.1),#14617);
#14664 = DRAUGHTING_PRE_DEFINED_CURVE_FONT('continuous');
#14665 = OVER_RIDING_STYLED_ITEM('overriding color',(#14666),#3592,
  #14601);
#14666 = PRESENTATION_STYLE_ASSIGNMENT((#14667,#14672));
#14667 = SURFACE_STYLE_USAGE(.BOTH.,#14668);
#14668 = SURFACE_SIDE_STYLE('',(#14669));
#14669 = SURFACE_STYLE_FILL_AREA(#14670);
#14670 = FILL_AREA_STYLE('',(#14671));
#14671 = FILL_AREA_STYLE_COLOUR('',#14617);
#14672 = CURVE_STYLE('',#14673,POSITIVE_LENGTH_MEASURE(0.1),#14617);
#14673 = DRAUGHTING_PRE_DEFINED_CURVE_FONT('continuous');
#14674 = OVER_RIDING_STYLED_ITEM('overriding color',(#14675),#3624,
  #14601);
#14675 = PRESENTATION_STYLE_ASSIGNMENT((#14676,#14681));
#14676 = SURFACE_STYLE_USAGE(.BOTH.,#14677);
#14677 = SURFACE_SIDE_STYLE('',(#14678));
#14678 = SURFACE_STYLE_FILL_AREA(#14679);
#14679 = FILL_AREA_STYLE('',(#14680));
#14680 = FILL_AREA_STYLE_COLOUR('',#14617);
#14681 = CURVE_STYLE('',#14682,POSITIVE_LENGTH_MEASURE(0.1),#14617);
#14682 = DRAUGHTING_PRE_DEFINED_CURVE_FONT('continuous');
#14683 = STYLED_ITEM('color',(#14684),#3642);
#14684 = PRESENTATION_STYLE_ASSIGNMENT((#14685,#14690));
#14685 = SURFACE_STYLE_USAGE(.BOTH.,#14686);
#14686 = SURFACE_SIDE_STYLE('',(#14687));
#14687 = SURFACE_STYLE_FILL_AREA(#14688);
#14688 = FILL_AREA_STYLE('',(#14689));
#14689 = FILL_AREA_STYLE_COLOUR('',#14544);
#14690 = CURVE_STYLE('',#14691,POSITIVE_LENGTH_MEASURE(0.1),#14544);
#14691 = DRAUGHTING_PRE_DEFINED_CURVE_FONT('continuous');
#14692 = STYLED_ITEM('color',(#14693),#3654);
#14693 = PRESENTATION_STYLE_ASSIGNMENT((#14694,#14699));
#14694 = SURFACE_STYLE_USAGE(.BOTH.,#14695);
#14695 = SURFACE_SIDE_STYLE('',(#14696));
#14696 = SURFACE_STYLE_FILL_AREA(#14697);
#14697 = FILL_AREA_STYLE('',(#14698));
#14698 = FILL_AREA_STYLE_COLOUR('',#14544);
#14699 = CURVE_STYLE('',#14700,POSITIVE_LENGTH_MEASURE(0.1),#14544);
#14700 = DRAUGHTING_PRE_DEFINED_CURVE_FONT('continuous');
#14701 = STYLED_ITEM('color',(#14702),#3666);
#14702 = PRESENTATION_STYLE_ASSIGNMENT((#14703,#14708));
#14703 = SURFACE_STYLE_USAGE(.BOTH.,#14704);
#14704 = SURFACE_SIDE_STYLE('',(#14705));
#14705 = SURFACE_STYLE_FILL_AREA(#14706);
#14706 = FILL_AREA_STYLE('',(#14707));
#14707 = FILL_AREA_STYLE_COLOUR('',#14544);
#14708 = CURVE_STYLE('',#14709,POSITIVE_LENGTH_MEASURE(0.1),#14544);
#14709 = DRAUGHTING_PRE_DEFINED_CURVE_FONT('continuous');
#14710 = STYLED_ITEM('color',(#14711),#3697);
#14711 = PRESENTATION_STYLE_ASSIGNMENT((#14712,#14717));
#14712 = SURFACE_STYLE_USAGE(.BOTH.,#14713);
#14713 = SURFACE_SIDE_STYLE('',(#14714));
#14714 = SURFACE_STYLE_FILL_AREA(#14715);
#14715 = FILL_AREA_STYLE('',(#14716));
#14716 = FILL_AREA_STYLE_COLOUR('',#14544);
#14717 = CURVE_STYLE('',#14718,POSITIVE_LENGTH_MEASURE(0.1),#14544);
#14718 = DRAUGHTING_PRE_DEFINED_CURVE_FONT('continuous');
#14719 = STYLED_ITEM('color',(#14720),#3721);
#14720 = PRESENTATION_STYLE_ASSIGNMENT((#14721,#14726));
#14721 = SURFACE_STYLE_USAGE(.BOTH.,#14722);
#14722 = SURFACE_SIDE_STYLE('',(#14723));
#14723 = SURFACE_STYLE_FILL_AREA(#14724);
#14724 = FILL_AREA_STYLE('',(#14725));
#14725 = FILL_AREA_STYLE_COLOUR('',#14544);
#14726 = CURVE_STYLE('',#14727,POSITIVE_LENGTH_MEASURE(0.1),#14544);
#14727 = DRAUGHTING_PRE_DEFINED_CURVE_FONT('continuous');
#14728 = STYLED_ITEM('color',(#14729),#3745);
#14729 = PRESENTATION_STYLE_ASSIGNMENT((#14730,#14735));
#14730 = SURFACE_STYLE_USAGE(.BOTH.,#14731);
#14731 = SURFACE_SIDE_STYLE('',(#14732));
#14732 = SURFACE_STYLE_FILL_AREA(#14733);
#14733 = FILL_AREA_STYLE('',(#14734));
#14734 = FILL_AREA_STYLE_COLOUR('',#14544);
#14735 = CURVE_STYLE('',#14736,POSITIVE_LENGTH_MEASURE(0.1),#14544);
#14736 = DRAUGHTING_PRE_DEFINED_CURVE_FONT('continuous');
#14737 = STYLED_ITEM('color',(#14738),#3762);
#14738 = PRESENTATION_STYLE_ASSIGNMENT((#14739,#14744));
#14739 = SURFACE_STYLE_USAGE(.BOTH.,#14740);
#14740 = SURFACE_SIDE_STYLE('',(#14741));
#14741 = SURFACE_STYLE_FILL_AREA(#14742);
#14742 = FILL_AREA_STYLE('',(#14743));
#14743 = FILL_AREA_STYLE_COLOUR('',#14544);
#14744 = CURVE_STYLE('',#14745,POSITIVE_LENGTH_MEASURE(0.1),#14544);
#14745 = DRAUGHTING_PRE_DEFINED_CURVE_FONT('continuous');
#14746 = STYLED_ITEM('color',(#14747),#3793);
#14747 = PRESENTATION_STYLE_ASSIGNMENT((#14748,#14753));
#14748 = SURFACE_STYLE_USAGE(.BOTH.,#14749);
#14749 = SURFACE_SIDE_STYLE('',(#14750));
#14750 = SURFACE_STYLE_FILL_AREA(#14751);
#14751 = FILL_AREA_STYLE('',(#14752));
#14752 = FILL_AREA_STYLE_COLOUR('',#14544);
#14753 = CURVE_STYLE('',#14754,POSITIVE_LENGTH_MEASURE(0.1),#14544);
#14754 = DRAUGHTING_PRE_DEFINED_CURVE_FONT('continuous');
#14755 = STYLED_ITEM('color',(#14756),#3817);
#14756 = PRESENTATION_STYLE_ASSIGNMENT((#14757,#14762));
#14757 = SURFACE_STYLE_USAGE(.BOTH.,#14758);
#14758 = SURFACE_SIDE_STYLE('',(#14759));
#14759 = SURFACE_STYLE_FILL_AREA(#14760);
#14760 = FILL_AREA_STYLE('',(#14761));
#14761 = FILL_AREA_STYLE_COLOUR('',#14544);
#14762 = CURVE_STYLE('',#14763,POSITIVE_LENGTH_MEASURE(0.1),#14544);
#14763 = DRAUGHTING_PRE_DEFINED_CURVE_FONT('continuous');
#14764 = STYLED_ITEM('color',(#14765),#3841);
#14765 = PRESENTATION_STYLE_ASSIGNMENT((#14766,#14771));
#14766 = SURFACE_STYLE_USAGE(.BOTH.,#14767);
#14767 = SURFACE_SIDE_STYLE('',(#14768));
#14768 = SURFACE_STYLE_FILL_AREA(#14769);
#14769 = FILL_AREA_STYLE('',(#14770));
#14770 = FILL_AREA_STYLE_COLOUR('',#14544);
#14771 = CURVE_STYLE('',#14772,POSITIVE_LENGTH_MEASURE(0.1),#14544);
#14772 = DRAUGHTING_PRE_DEFINED_CURVE_FONT('continuous');
#14773 = STYLED_ITEM('color',(#14774),#3858);
#14774 = PRESENTATION_STYLE_ASSIGNMENT((#14775,#14780));
#14775 = SURFACE_STYLE_USAGE(.BOTH.,#14776);
#14776 = SURFACE_SIDE_STYLE('',(#14777));
#14777 = SURFACE_STYLE_FILL_AREA(#14778);
#14778 = FILL_AREA_STYLE('',(#14779));
#14779 = FILL_AREA_STYLE_COLOUR('',#14544);
#14780 = CURVE_STYLE('',#14781,POSITIVE_LENGTH_MEASURE(0.1),#14544);
#14781 = DRAUGHTING_PRE_DEFINED_CURVE_FONT('continuous');
#14782 = STYLED_ITEM('color',(#14783),#3889);
#14783 = PRESENTATION_STYLE_ASSIGNMENT((#14784,#14789));
#14784 = SURFACE_STYLE_USAGE(.BOTH.,#14785);
#14785 = SURFACE_SIDE_STYLE('',(#14786));
#14786 = SURFACE_STYLE_FILL_AREA(#14787);
#14787 = FILL_AREA_STYLE('',(#14788));
#14788 = FILL_AREA_STYLE_COLOUR('',#14544);
#14789 = CURVE_STYLE('',#14790,POSITIVE_LENGTH_MEASURE(0.1),#14544);
#14790 = DRAUGHTING_PRE_DEFINED_CURVE_FONT('continuous');
#14791 = STYLED_ITEM('color',(#14792),#3913);
#14792 = PRESENTATION_STYLE_ASSIGNMENT((#14793,#14798));
#14793 = SURFACE_STYLE_USAGE(.BOTH.,#14794);
#14794 = SURFACE_SIDE_STYLE('',(#14795));
#14795 = SURFACE_STYLE_FILL_AREA(#14796);
#14796 = FILL_AREA_STYLE('',(#14797));
#14797 = FILL_AREA_STYLE_COLOUR('',#14544);
#14798 = CURVE_STYLE('',#14799,POSITIVE_LENGTH_MEASURE(0.1),#14544);
#14799 = DRAUGHTING_PRE_DEFINED_CURVE_FONT('continuous');
#14800 = STYLED_ITEM('color',(#14801),#3937);
#14801 = PRESENTATION_STYLE_ASSIGNMENT((#14802,#14807));
#14802 = SURFACE_STYLE_USAGE(.BOTH.,#14803);
#14803 = SURFACE_SIDE_STYLE('',(#14804));
#14804 = SURFACE_STYLE_FILL_AREA(#14805);
#14805 = FILL_AREA_STYLE('',(#14806));
#14806 = FILL_AREA_STYLE_COLOUR('',#14544);
#14807 = CURVE_STYLE('',#14808,POSITIVE_LENGTH_MEASURE(0.1),#14544);
#14808 = DRAUGHTING_PRE_DEFINED_CURVE_FONT('continuous');
#14809 = STYLED_ITEM('color',(#14810),#3954);
#14810 = PRESENTATION_STYLE_ASSIGNMENT((#14811,#14816));
#14811 = SURFACE_STYLE_USAGE(.BOTH.,#14812);
#14812 = SURFACE_SIDE_STYLE('',(#14813));
#14813 = SURFACE_STYLE_FILL_AREA(#14814);
#14814 = FILL_AREA_STYLE('',(#14815));
#14815 = FILL_AREA_STYLE_COLOUR('',#14544);
#14816 = CURVE_STYLE('',#14817,POSITIVE_LENGTH_MEASURE(0.1),#14544);
#14817 = DRAUGHTING_PRE_DEFINED_CURVE_FONT('continuous');
#14818 = STYLED_ITEM('color',(#14819),#3985);
#14819 = PRESENTATION_STYLE_ASSIGNMENT((#14820,#14825));
#14820 = SURFACE_STYLE_USAGE(.BOTH.,#14821);
#14821 = SURFACE_SIDE_STYLE('',(#14822));
#14822 = SURFACE_STYLE_FILL_AREA(#14823);
#14823 = FILL_AREA_STYLE('',(#14824));
#14824 = FILL_AREA_STYLE_COLOUR('',#14544);
#14825 = CURVE_STYLE('',#14826,POSITIVE_LENGTH_MEASURE(0.1),#14544);
#14826 = DRAUGHTING_PRE_DEFINED_CURVE_FONT('continuous');
#14827 = STYLED_ITEM('color',(#14828),#4009);
#14828 = PRESENTATION_STYLE_ASSIGNMENT((#14829,#14834));
#14829 = SURFACE_STYLE_USAGE(.BOTH.,#14830);
#14830 = SURFACE_SIDE_STYLE('',(#14831));
#14831 = SURFACE_STYLE_FILL_AREA(#14832);
#14832 = FILL_AREA_STYLE('',(#14833));
#14833 = FILL_AREA_STYLE_COLOUR('',#14544);
#14834 = CURVE_STYLE('',#14835,POSITIVE_LENGTH_MEASURE(0.1),#14544);
#14835 = DRAUGHTING_PRE_DEFINED_CURVE_FONT('continuous');
#14836 = STYLED_ITEM('color',(#14837),#4033);
#14837 = PRESENTATION_STYLE_ASSIGNMENT((#14838,#14843));
#14838 = SURFACE_STYLE_USAGE(.BOTH.,#14839);
#14839 = SURFACE_SIDE_STYLE('',(#14840));
#14840 = SURFACE_STYLE_FILL_AREA(#14841);
#14841 = FILL_AREA_STYLE('',(#14842));
#14842 = FILL_AREA_STYLE_COLOUR('',#14544);
#14843 = CURVE_STYLE('',#14844,POSITIVE_LENGTH_MEASURE(0.1),#14544);
#14844 = DRAUGHTING_PRE_DEFINED_CURVE_FONT('continuous');
#14845 = STYLED_ITEM('color',(#14846),#4050);
#14846 = PRESENTATION_STYLE_ASSIGNMENT((#14847,#14852));
#14847 = SURFACE_STYLE_USAGE(.BOTH.,#14848);
#14848 = SURFACE_SIDE_STYLE('',(#14849));
#14849 = SURFACE_STYLE_FILL_AREA(#14850);
#14850 = FILL_AREA_STYLE('',(#14851));
#14851 = FILL_AREA_STYLE_COLOUR('',#14617);
#14852 = CURVE_STYLE('',#14853,POSITIVE_LENGTH_MEASURE(0.1),#14617);
#14853 = DRAUGHTING_PRE_DEFINED_CURVE_FONT('continuous');
#14854 = STYLED_ITEM('color',(#14855),#4067);
#14855 = PRESENTATION_STYLE_ASSIGNMENT((#14856,#14861));
#14856 = SURFACE_STYLE_USAGE(.BOTH.,#14857);
#14857 = SURFACE_SIDE_STYLE('',(#14858));
#14858 = SURFACE_STYLE_FILL_AREA(#14859);
#14859 = FILL_AREA_STYLE('',(#14860));
#14860 = FILL_AREA_STYLE_COLOUR('',#14617);
#14861 = CURVE_STYLE('',#14862,POSITIVE_LENGTH_MEASURE(0.1),#14617);
#14862 = DRAUGHTING_PRE_DEFINED_CURVE_FONT('continuous');
#14863 = STYLED_ITEM('color',(#14864),#4114);
#14864 = PRESENTATION_STYLE_ASSIGNMENT((#14865,#14870));
#14865 = SURFACE_STYLE_USAGE(.BOTH.,#14866);
#14866 = SURFACE_SIDE_STYLE('',(#14867));
#14867 = SURFACE_STYLE_FILL_AREA(#14868);
#14868 = FILL_AREA_STYLE('',(#14869));
#14869 = FILL_AREA_STYLE_COLOUR('',#14617);
#14870 = CURVE_STYLE('',#14871,POSITIVE_LENGTH_MEASURE(0.1),#14617);
#14871 = DRAUGHTING_PRE_DEFINED_CURVE_FONT('continuous');
#14872 = STYLED_ITEM('color',(#14873),#4131);
#14873 = PRESENTATION_STYLE_ASSIGNMENT((#14874,#14879));
#14874 = SURFACE_STYLE_USAGE(.BOTH.,#14875);
#14875 = SURFACE_SIDE_STYLE('',(#14876));
#14876 = SURFACE_STYLE_FILL_AREA(#14877);
#14877 = FILL_AREA_STYLE('',(#14878));
#14878 = FILL_AREA_STYLE_COLOUR('',#14617);
#14879 = CURVE_STYLE('',#14880,POSITIVE_LENGTH_MEASURE(0.1),#14617);
#14880 = DRAUGHTING_PRE_DEFINED_CURVE_FONT('continuous');
#14881 = STYLED_ITEM('color',(#14882),#4178);
#14882 = PRESENTATION_STYLE_ASSIGNMENT((#14883,#14888));
#14883 = SURFACE_STYLE_USAGE(.BOTH.,#14884);
#14884 = SURFACE_SIDE_STYLE('',(#14885));
#14885 = SURFACE_STYLE_FILL_AREA(#14886);
#14886 = FILL_AREA_STYLE('',(#14887));
#14887 = FILL_AREA_STYLE_COLOUR('',#14617);
#14888 = CURVE_STYLE('',#14889,POSITIVE_LENGTH_MEASURE(0.1),#14617);
#14889 = DRAUGHTING_PRE_DEFINED_CURVE_FONT('continuous');
#14890 = STYLED_ITEM('color',(#14891),#4195);
#14891 = PRESENTATION_STYLE_ASSIGNMENT((#14892,#14897));
#14892 = SURFACE_STYLE_USAGE(.BOTH.,#14893);
#14893 = SURFACE_SIDE_STYLE('',(#14894));
#14894 = SURFACE_STYLE_FILL_AREA(#14895);
#14895 = FILL_AREA_STYLE('',(#14896));
#14896 = FILL_AREA_STYLE_COLOUR('',#14617);
#14897 = CURVE_STYLE('',#14898,POSITIVE_LENGTH_MEASURE(0.1),#14617);
#14898 = DRAUGHTING_PRE_DEFINED_CURVE_FONT('continuous');
#14899 = STYLED_ITEM('color',(#14900),#4242);
#14900 = PRESENTATION_STYLE_ASSIGNMENT((#14901,#14906));
#14901 = SURFACE_STYLE_USAGE(.BOTH.,#14902);
#14902 = SURFACE_SIDE_STYLE('',(#14903));
#14903 = SURFACE_STYLE_FILL_AREA(#14904);
#14904 = FILL_AREA_STYLE('',(#14905));
#14905 = FILL_AREA_STYLE_COLOUR('',#14617);
#14906 = CURVE_STYLE('',#14907,POSITIVE_LENGTH_MEASURE(0.1),#14617);
#14907 = DRAUGHTING_PRE_DEFINED_CURVE_FONT('continuous');
#14908 = STYLED_ITEM('color',(#14909),#4259);
#14909 = PRESENTATION_STYLE_ASSIGNMENT((#14910,#14915));
#14910 = SURFACE_STYLE_USAGE(.BOTH.,#14911);
#14911 = SURFACE_SIDE_STYLE('',(#14912));
#14912 = SURFACE_STYLE_FILL_AREA(#14913);
#14913 = FILL_AREA_STYLE('',(#14914));
#14914 = FILL_AREA_STYLE_COLOUR('',#14617);
#14915 = CURVE_STYLE('',#14916,POSITIVE_LENGTH_MEASURE(0.1),#14617);
#14916 = DRAUGHTING_PRE_DEFINED_CURVE_FONT('continuous');
#14917 = STYLED_ITEM('color',(#14918),#4306);
#14918 = PRESENTATION_STYLE_ASSIGNMENT((#14919,#14924));
#14919 = SURFACE_STYLE_USAGE(.BOTH.,#14920);
#14920 = SURFACE_SIDE_STYLE('',(#14921));
#14921 = SURFACE_STYLE_FILL_AREA(#14922);
#14922 = FILL_AREA_STYLE('',(#14923));
#14923 = FILL_AREA_STYLE_COLOUR('',#14617);
#14924 = CURVE_STYLE('',#14925,POSITIVE_LENGTH_MEASURE(0.1),#14617);
#14925 = DRAUGHTING_PRE_DEFINED_CURVE_FONT('continuous');
#14926 = STYLED_ITEM('color',(#14927),#4323);
#14927 = PRESENTATION_STYLE_ASSIGNMENT((#14928,#14933));
#14928 = SURFACE_STYLE_USAGE(.BOTH.,#14929);
#14929 = SURFACE_SIDE_STYLE('',(#14930));
#14930 = SURFACE_STYLE_FILL_AREA(#14931);
#14931 = FILL_AREA_STYLE('',(#14932));
#14932 = FILL_AREA_STYLE_COLOUR('',#14617);
#14933 = CURVE_STYLE('',#14934,POSITIVE_LENGTH_MEASURE(0.1),#14617);
#14934 = DRAUGHTING_PRE_DEFINED_CURVE_FONT('continuous');
#14935 = STYLED_ITEM('color',(#14936),#4370);
#14936 = PRESENTATION_STYLE_ASSIGNMENT((#14937,#14942));
#14937 = SURFACE_STYLE_USAGE(.BOTH.,#14938);
#14938 = SURFACE_SIDE_STYLE('',(#14939));
#14939 = SURFACE_STYLE_FILL_AREA(#14940);
#14940 = FILL_AREA_STYLE('',(#14941));
#14941 = FILL_AREA_STYLE_COLOUR('',#14617);
#14942 = CURVE_STYLE('',#14943,POSITIVE_LENGTH_MEASURE(0.1),#14617);
#14943 = DRAUGHTING_PRE_DEFINED_CURVE_FONT('continuous');
#14944 = STYLED_ITEM('color',(#14945),#4387);
#14945 = PRESENTATION_STYLE_ASSIGNMENT((#14946,#14951));
#14946 = SURFACE_STYLE_USAGE(.BOTH.,#14947);
#14947 = SURFACE_SIDE_STYLE('',(#14948));
#14948 = SURFACE_STYLE_FILL_AREA(#14949);
#14949 = FILL_AREA_STYLE('',(#14950));
#14950 = FILL_AREA_STYLE_COLOUR('',#14617);
#14951 = CURVE_STYLE('',#14952,POSITIVE_LENGTH_MEASURE(0.1),#14617);
#14952 = DRAUGHTING_PRE_DEFINED_CURVE_FONT('continuous');
#14953 = STYLED_ITEM('color',(#14954),#4434);
#14954 = PRESENTATION_STYLE_ASSIGNMENT((#14955,#14960));
#14955 = SURFACE_STYLE_USAGE(.BOTH.,#14956);
#14956 = SURFACE_SIDE_STYLE('',(#14957));
#14957 = SURFACE_STYLE_FILL_AREA(#14958);
#14958 = FILL_AREA_STYLE('',(#14959));
#14959 = FILL_AREA_STYLE_COLOUR('',#14617);
#14960 = CURVE_STYLE('',#14961,POSITIVE_LENGTH_MEASURE(0.1),#14617);
#14961 = DRAUGHTING_PRE_DEFINED_CURVE_FONT('continuous');
#14962 = STYLED_ITEM('color',(#14963),#4451);
#14963 = PRESENTATION_STYLE_ASSIGNMENT((#14964,#14969));
#14964 = SURFACE_STYLE_USAGE(.BOTH.,#14965);
#14965 = SURFACE_SIDE_STYLE('',(#14966));
#14966 = SURFACE_STYLE_FILL_AREA(#14967);
#14967 = FILL_AREA_STYLE('',(#14968));
#14968 = FILL_AREA_STYLE_COLOUR('',#14617);
#14969 = CURVE_STYLE('',#14970,POSITIVE_LENGTH_MEASURE(0.1),#14617);
#14970 = DRAUGHTING_PRE_DEFINED_CURVE_FONT('continuous');
#14971 = STYLED_ITEM('color',(#14972),#4498);
#14972 = PRESENTATION_STYLE_ASSIGNMENT((#14973,#14978));
#14973 = SURFACE_STYLE_USAGE(.BOTH.,#14974);
#14974 = SURFACE_SIDE_STYLE('',(#14975));
#14975 = SURFACE_STYLE_FILL_AREA(#14976);
#14976 = FILL_AREA_STYLE('',(#14977));
#14977 = FILL_AREA_STYLE_COLOUR('',#14617);
#14978 = CURVE_STYLE('',#14979,POSITIVE_LENGTH_MEASURE(0.1),#14617);
#14979 = DRAUGHTING_PRE_DEFINED_CURVE_FONT('continuous');
#14980 = STYLED_ITEM('color',(#14981),#4515);
#14981 = PRESENTATION_STYLE_ASSIGNMENT((#14982,#14987));
#14982 = SURFACE_STYLE_USAGE(.BOTH.,#14983);
#14983 = SURFACE_SIDE_STYLE('',(#14984));
#14984 = SURFACE_STYLE_FILL_AREA(#14985);
#14985 = FILL_AREA_STYLE('',(#14986));
#14986 = FILL_AREA_STYLE_COLOUR('',#14617);
#14987 = CURVE_STYLE('',#14988,POSITIVE_LENGTH_MEASURE(0.1),#14617);
#14988 = DRAUGHTING_PRE_DEFINED_CURVE_FONT('continuous');
#14989 = STYLED_ITEM('color',(#14990),#4562);
#14990 = PRESENTATION_STYLE_ASSIGNMENT((#14991,#14996));
#14991 = SURFACE_STYLE_USAGE(.BOTH.,#14992);
#14992 = SURFACE_SIDE_STYLE('',(#14993));
#14993 = SURFACE_STYLE_FILL_AREA(#14994);
#14994 = FILL_AREA_STYLE('',(#14995));
#14995 = FILL_AREA_STYLE_COLOUR('',#14544);
#14996 = CURVE_STYLE('',#14997,POSITIVE_LENGTH_MEASURE(0.1),#14544);
#14997 = DRAUGHTING_PRE_DEFINED_CURVE_FONT('continuous');
#14998 = STYLED_ITEM('color',(#14999),#4593);
#14999 = PRESENTATION_STYLE_ASSIGNMENT((#15000,#15005));
#15000 = SURFACE_STYLE_USAGE(.BOTH.,#15001);
#15001 = SURFACE_SIDE_STYLE('',(#15002));
#15002 = SURFACE_STYLE_FILL_AREA(#15003);
#15003 = FILL_AREA_STYLE('',(#15004));
#15004 = FILL_AREA_STYLE_COLOUR('',#14544);
#15005 = CURVE_STYLE('',#15006,POSITIVE_LENGTH_MEASURE(0.1),#14544);
#15006 = DRAUGHTING_PRE_DEFINED_CURVE_FONT('continuous');
#15007 = OVER_RIDING_STYLED_ITEM('overriding color',(#15008),#4607,
  #14998);
#15008 = PRESENTATION_STYLE_ASSIGNMENT((#15009,#15014));
#15009 = SURFACE_STYLE_USAGE(.BOTH.,#15010);
#15010 = SURFACE_SIDE_STYLE('',(#15011));
#15011 = SURFACE_STYLE_FILL_AREA(#15012);
#15012 = FILL_AREA_STYLE('',(#15013));
#15013 = FILL_AREA_STYLE_COLOUR('',#14617);
#15014 = CURVE_STYLE('',#15015,POSITIVE_LENGTH_MEASURE(0.1),#14617);
#15015 = DRAUGHTING_PRE_DEFINED_CURVE_FONT('continuous');
#15016 = OVER_RIDING_STYLED_ITEM('overriding color',(#15017),#4623,
  #14998);
#15017 = PRESENTATION_STYLE_ASSIGNMENT((#15018,#15023));
#15018 = SURFACE_STYLE_USAGE(.BOTH.,#15019);
#15019 = SURFACE_SIDE_STYLE('',(#15020));
#15020 = SURFACE_STYLE_FILL_AREA(#15021);
#15021 = FILL_AREA_STYLE('',(#15022));
#15022 = FILL_AREA_STYLE_COLOUR('',#14617);
#15023 = CURVE_STYLE('',#15024,POSITIVE_LENGTH_MEASURE(0.1),#14617);
#15024 = DRAUGHTING_PRE_DEFINED_CURVE_FONT('continuous');
#15025 = STYLED_ITEM('color',(#15026),#4649);
#15026 = PRESENTATION_STYLE_ASSIGNMENT((#15027,#15032));
#15027 = SURFACE_STYLE_USAGE(.BOTH.,#15028);
#15028 = SURFACE_SIDE_STYLE('',(#15029));
#15029 = SURFACE_STYLE_FILL_AREA(#15030);
#15030 = FILL_AREA_STYLE('',(#15031));
#15031 = FILL_AREA_STYLE_COLOUR('',#14544);
#15032 = CURVE_STYLE('',#15033,POSITIVE_LENGTH_MEASURE(0.1),#14544);
#15033 = DRAUGHTING_PRE_DEFINED_CURVE_FONT('continuous');
#15034 = STYLED_ITEM('color',(#15035),#4673);
#15035 = PRESENTATION_STYLE_ASSIGNMENT((#15036,#15041));
#15036 = SURFACE_STYLE_USAGE(.BOTH.,#15037);
#15037 = SURFACE_SIDE_STYLE('',(#15038));
#15038 = SURFACE_STYLE_FILL_AREA(#15039);
#15039 = FILL_AREA_STYLE('',(#15040));
#15040 = FILL_AREA_STYLE_COLOUR('',#14544);
#15041 = CURVE_STYLE('',#15042,POSITIVE_LENGTH_MEASURE(0.1),#14544);
#15042 = DRAUGHTING_PRE_DEFINED_CURVE_FONT('continuous');
#15043 = OVER_RIDING_STYLED_ITEM('overriding color',(#15044),#4687,
  #15034);
#15044 = PRESENTATION_STYLE_ASSIGNMENT((#15045,#15050));
#15045 = SURFACE_STYLE_USAGE(.BOTH.,#15046);
#15046 = SURFACE_SIDE_STYLE('',(#15047));
#15047 = SURFACE_STYLE_FILL_AREA(#15048);
#15048 = FILL_AREA_STYLE('',(#15049));
#15049 = FILL_AREA_STYLE_COLOUR('',#14617);
#15050 = CURVE_STYLE('',#15051,POSITIVE_LENGTH_MEASURE(0.1),#14617);
#15051 = DRAUGHTING_PRE_DEFINED_CURVE_FONT('continuous');
#15052 = OVER_RIDING_STYLED_ITEM('overriding color',(#15053),#4703,
  #15034);
#15053 = PRESENTATION_STYLE_ASSIGNMENT((#15054,#15059));
#15054 = SURFACE_STYLE_USAGE(.BOTH.,#15055);
#15055 = SURFACE_SIDE_STYLE('',(#15056));
#15056 = SURFACE_STYLE_FILL_AREA(#15057);
#15057 = FILL_AREA_STYLE('',(#15058));
#15058 = FILL_AREA_STYLE_COLOUR('',#14617);
#15059 = CURVE_STYLE('',#15060,POSITIVE_LENGTH_MEASURE(0.1),#14617);
#15060 = DRAUGHTING_PRE_DEFINED_CURVE_FONT('continuous');
#15061 = STYLED_ITEM('color',(#15062),#4722);
#15062 = PRESENTATION_STYLE_ASSIGNMENT((#15063,#15068));
#15063 = SURFACE_STYLE_USAGE(.BOTH.,#15064);
#15064 = SURFACE_SIDE_STYLE('',(#15065));
#15065 = SURFACE_STYLE_FILL_AREA(#15066);
#15066 = FILL_AREA_STYLE('',(#15067));
#15067 = FILL_AREA_STYLE_COLOUR('',#14544);
#15068 = CURVE_STYLE('',#15069,POSITIVE_LENGTH_MEASURE(0.1),#14544);
#15069 = DRAUGHTING_PRE_DEFINED_CURVE_FONT('continuous');
#15070 = STYLED_ITEM('color',(#15071),#4753);
#15071 = PRESENTATION_STYLE_ASSIGNMENT((#15072,#15077));
#15072 = SURFACE_STYLE_USAGE(.BOTH.,#15073);
#15073 = SURFACE_SIDE_STYLE('',(#15074));
#15074 = SURFACE_STYLE_FILL_AREA(#15075);
#15075 = FILL_AREA_STYLE('',(#15076));
#15076 = FILL_AREA_STYLE_COLOUR('',#14544);
#15077 = CURVE_STYLE('',#15078,POSITIVE_LENGTH_MEASURE(0.1),#14544);
#15078 = DRAUGHTING_PRE_DEFINED_CURVE_FONT('continuous');
#15079 = OVER_RIDING_STYLED_ITEM('overriding color',(#15080),#4767,
  #15070);
#15080 = PRESENTATION_STYLE_ASSIGNMENT((#15081,#15086));
#15081 = SURFACE_STYLE_USAGE(.BOTH.,#15082);
#15082 = SURFACE_SIDE_STYLE('',(#15083));
#15083 = SURFACE_STYLE_FILL_AREA(#15084);
#15084 = FILL_AREA_STYLE('',(#15085));
#15085 = FILL_AREA_STYLE_COLOUR('',#14617);
#15086 = CURVE_STYLE('',#15087,POSITIVE_LENGTH_MEASURE(0.1),#14617);
#15087 = DRAUGHTING_PRE_DEFINED_CURVE_FONT('continuous');
#15088 = OVER_RIDING_STYLED_ITEM('overriding color',(#15089),#4783,
  #15070);
#15089 = PRESENTATION_STYLE_ASSIGNMENT((#15090,#15095));
#15090 = SURFACE_STYLE_USAGE(.BOTH.,#15091);
#15091 = SURFACE_SIDE_STYLE('',(#15092));
#15092 = SURFACE_STYLE_FILL_AREA(#15093);
#15093 = FILL_AREA_STYLE('',(#15094));
#15094 = FILL_AREA_STYLE_COLOUR('',#14617);
#15095 = CURVE_STYLE('',#15096,POSITIVE_LENGTH_MEASURE(0.1),#14617);
#15096 = DRAUGHTING_PRE_DEFINED_CURVE_FONT('continuous');
#15097 = STYLED_ITEM('color',(#15098),#4809);
#15098 = PRESENTATION_STYLE_ASSIGNMENT((#15099,#15104));
#15099 = SURFACE_STYLE_USAGE(.BOTH.,#15100);
#15100 = SURFACE_SIDE_STYLE('',(#15101));
#15101 = SURFACE_STYLE_FILL_AREA(#15102);
#15102 = FILL_AREA_STYLE('',(#15103));
#15103 = FILL_AREA_STYLE_COLOUR('',#14544);
#15104 = CURVE_STYLE('',#15105,POSITIVE_LENGTH_MEASURE(0.1),#14544);
#15105 = DRAUGHTING_PRE_DEFINED_CURVE_FONT('continuous');
#15106 = STYLED_ITEM('color',(#15107),#4833);
#15107 = PRESENTATION_STYLE_ASSIGNMENT((#15108,#15113));
#15108 = SURFACE_STYLE_USAGE(.BOTH.,#15109);
#15109 = SURFACE_SIDE_STYLE('',(#15110));
#15110 = SURFACE_STYLE_FILL_AREA(#15111);
#15111 = FILL_AREA_STYLE('',(#15112));
#15112 = FILL_AREA_STYLE_COLOUR('',#14544);
#15113 = CURVE_STYLE('',#15114,POSITIVE_LENGTH_MEASURE(0.1),#14544);
#15114 = DRAUGHTING_PRE_DEFINED_CURVE_FONT('continuous');
#15115 = OVER_RIDING_STYLED_ITEM('overriding color',(#15116),#4847,
  #15106);
#15116 = PRESENTATION_STYLE_ASSIGNMENT((#15117,#15122));
#15117 = SURFACE_STYLE_USAGE(.BOTH.,#15118);
#15118 = SURFACE_SIDE_STYLE('',(#15119));
#15119 = SURFACE_STYLE_FILL_AREA(#15120);
#15120 = FILL_AREA_STYLE('',(#15121));
#15121 = FILL_AREA_STYLE_COLOUR('',#14617);
#15122 = CURVE_STYLE('',#15123,POSITIVE_LENGTH_MEASURE(0.1),#14617);
#15123 = DRAUGHTING_PRE_DEFINED_CURVE_FONT('continuous');
#15124 = OVER_RIDING_STYLED_ITEM('overriding color',(#15125),#4863,
  #15106);
#15125 = PRESENTATION_STYLE_ASSIGNMENT((#15126,#15131));
#15126 = SURFACE_STYLE_USAGE(.BOTH.,#15127);
#15127 = SURFACE_SIDE_STYLE('',(#15128));
#15128 = SURFACE_STYLE_FILL_AREA(#15129);
#15129 = FILL_AREA_STYLE('',(#15130));
#15130 = FILL_AREA_STYLE_COLOUR('',#14617);
#15131 = CURVE_STYLE('',#15132,POSITIVE_LENGTH_MEASURE(0.1),#14617);
#15132 = DRAUGHTING_PRE_DEFINED_CURVE_FONT('continuous');
#15133 = STYLED_ITEM('color',(#15134),#4882);
#15134 = PRESENTATION_STYLE_ASSIGNMENT((#15135,#15140));
#15135 = SURFACE_STYLE_USAGE(.BOTH.,#15136);
#15136 = SURFACE_SIDE_STYLE('',(#15137));
#15137 = SURFACE_STYLE_FILL_AREA(#15138);
#15138 = FILL_AREA_STYLE('',(#15139));
#15139 = FILL_AREA_STYLE_COLOUR('',#14544);
#15140 = CURVE_STYLE('',#15141,POSITIVE_LENGTH_MEASURE(0.1),#14544);
#15141 = DRAUGHTING_PRE_DEFINED_CURVE_FONT('continuous');
#15142 = STYLED_ITEM('color',(#15143),#4913);
#15143 = PRESENTATION_STYLE_ASSIGNMENT((#15144,#15149));
#15144 = SURFACE_STYLE_USAGE(.BOTH.,#15145);
#15145 = SURFACE_SIDE_STYLE('',(#15146));
#15146 = SURFACE_STYLE_FILL_AREA(#15147);
#15147 = FILL_AREA_STYLE('',(#15148));
#15148 = FILL_AREA_STYLE_COLOUR('',#14544);
#15149 = CURVE_STYLE('',#15150,POSITIVE_LENGTH_MEASURE(0.1),#14544);
#15150 = DRAUGHTING_PRE_DEFINED_CURVE_FONT('continuous');
#15151 = OVER_RIDING_STYLED_ITEM('overriding color',(#15152),#4927,
  #15142);
#15152 = PRESENTATION_STYLE_ASSIGNMENT((#15153,#15158));
#15153 = SURFACE_STYLE_USAGE(.BOTH.,#15154);
#15154 = SURFACE_SIDE_STYLE('',(#15155));
#15155 = SURFACE_STYLE_FILL_AREA(#15156);
#15156 = FILL_AREA_STYLE('',(#15157));
#15157 = FILL_AREA_STYLE_COLOUR('',#14617);
#15158 = CURVE_STYLE('',#15159,POSITIVE_LENGTH_MEASURE(0.1),#14617);
#15159 = DRAUGHTING_PRE_DEFINED_CURVE_FONT('continuous');
#15160 = OVER_RIDING_STYLED_ITEM('overriding color',(#15161),#4943,
  #15142);
#15161 = PRESENTATION_STYLE_ASSIGNMENT((#15162,#15167));
#15162 = SURFACE_STYLE_USAGE(.BOTH.,#15163);
#15163 = SURFACE_SIDE_STYLE('',(#15164));
#15164 = SURFACE_STYLE_FILL_AREA(#15165);
#15165 = FILL_AREA_STYLE('',(#15166));
#15166 = FILL_AREA_STYLE_COLOUR('',#14617);
#15167 = CURVE_STYLE('',#15168,POSITIVE_LENGTH_MEASURE(0.1),#14617);
#15168 = DRAUGHTING_PRE_DEFINED_CURVE_FONT('continuous');
#15169 = STYLED_ITEM('color',(#15170),#4969);
#15170 = PRESENTATION_STYLE_ASSIGNMENT((#15171,#15176));
#15171 = SURFACE_STYLE_USAGE(.BOTH.,#15172);
#15172 = SURFACE_SIDE_STYLE('',(#15173));
#15173 = SURFACE_STYLE_FILL_AREA(#15174);
#15174 = FILL_AREA_STYLE('',(#15175));
#15175 = FILL_AREA_STYLE_COLOUR('',#14544);
#15176 = CURVE_STYLE('',#15177,POSITIVE_LENGTH_MEASURE(0.1),#14544);
#15177 = DRAUGHTING_PRE_DEFINED_CURVE_FONT('continuous');
#15178 = STYLED_ITEM('color',(#15179),#4993);
#15179 = PRESENTATION_STYLE_ASSIGNMENT((#15180,#15185));
#15180 = SURFACE_STYLE_USAGE(.BOTH.,#15181);
#15181 = SURFACE_SIDE_STYLE('',(#15182));
#15182 = SURFACE_STYLE_FILL_AREA(#15183);
#15183 = FILL_AREA_STYLE('',(#15184));
#15184 = FILL_AREA_STYLE_COLOUR('',#14544);
#15185 = CURVE_STYLE('',#15186,POSITIVE_LENGTH_MEASURE(0.1),#14544);
#15186 = DRAUGHTING_PRE_DEFINED_CURVE_FONT('continuous');
#15187 = OVER_RIDING_STYLED_ITEM('overriding color',(#15188),#5007,
  #15178);
#15188 = PRESENTATION_STYLE_ASSIGNMENT((#15189,#15194));
#15189 = SURFACE_STYLE_USAGE(.BOTH.,#15190);
#15190 = SURFACE_SIDE_STYLE('',(#15191));
#15191 = SURFACE_STYLE_FILL_AREA(#15192);
#15192 = FILL_AREA_STYLE('',(#15193));
#15193 = FILL_AREA_STYLE_COLOUR('',#14617);
#15194 = CURVE_STYLE('',#15195,POSITIVE_LENGTH_MEASURE(0.1),#14617);
#15195 = DRAUGHTING_PRE_DEFINED_CURVE_FONT('continuous');
#15196 = OVER_RIDING_STYLED_ITEM('overriding color',(#15197),#5023,
  #15178);
#15197 = PRESENTATION_STYLE_ASSIGNMENT((#15198,#15203));
#15198 = SURFACE_STYLE_USAGE(.BOTH.,#15199);
#15199 = SURFACE_SIDE_STYLE('',(#15200));
#15200 = SURFACE_STYLE_FILL_AREA(#15201);
#15201 = FILL_AREA_STYLE('',(#15202));
#15202 = FILL_AREA_STYLE_COLOUR('',#14617);
#15203 = CURVE_STYLE('',#15204,POSITIVE_LENGTH_MEASURE(0.1),#14617);
#15204 = DRAUGHTING_PRE_DEFINED_CURVE_FONT('continuous');
#15205 = STYLED_ITEM('color',(#15206),#5042);
#15206 = PRESENTATION_STYLE_ASSIGNMENT((#15207,#15212));
#15207 = SURFACE_STYLE_USAGE(.BOTH.,#15208);
#15208 = SURFACE_SIDE_STYLE('',(#15209));
#15209 = SURFACE_STYLE_FILL_AREA(#15210);
#15210 = FILL_AREA_STYLE('',(#15211));
#15211 = FILL_AREA_STYLE_COLOUR('',#14544);
#15212 = CURVE_STYLE('',#15213,POSITIVE_LENGTH_MEASURE(0.1),#14544);
#15213 = DRAUGHTING_PRE_DEFINED_CURVE_FONT('continuous');
#15214 = STYLED_ITEM('color',(#15215),#5073);
#15215 = PRESENTATION_STYLE_ASSIGNMENT((#15216,#15221));
#15216 = SURFACE_STYLE_USAGE(.BOTH.,#15217);
#15217 = SURFACE_SIDE_STYLE('',(#15218));
#15218 = SURFACE_STYLE_FILL_AREA(#15219);
#15219 = FILL_AREA_STYLE('',(#15220));
#15220 = FILL_AREA_STYLE_COLOUR('',#14544);
#15221 = CURVE_STYLE('',#15222,POSITIVE_LENGTH_MEASURE(0.1),#14544);
#15222 = DRAUGHTING_PRE_DEFINED_CURVE_FONT('continuous');
#15223 = OVER_RIDING_STYLED_ITEM('overriding color',(#15224),#5087,
  #15214);
#15224 = PRESENTATION_STYLE_ASSIGNMENT((#15225,#15230));
#15225 = SURFACE_STYLE_USAGE(.BOTH.,#15226);
#15226 = SURFACE_SIDE_STYLE('',(#15227));
#15227 = SURFACE_STYLE_FILL_AREA(#15228);
#15228 = FILL_AREA_STYLE('',(#15229));
#15229 = FILL_AREA_STYLE_COLOUR('',#14617);
#15230 = CURVE_STYLE('',#15231,POSITIVE_LENGTH_MEASURE(0.1),#14617);
#15231 = DRAUGHTING_PRE_DEFINED_CURVE_FONT('continuous');
#15232 = OVER_RIDING_STYLED_ITEM('overriding color',(#15233),#5103,
  #15214);
#15233 = PRESENTATION_STYLE_ASSIGNMENT((#15234,#15239));
#15234 = SURFACE_STYLE_USAGE(.BOTH.,#15235);
#15235 = SURFACE_SIDE_STYLE('',(#15236));
#15236 = SURFACE_STYLE_FILL_AREA(#15237);
#15237 = FILL_AREA_STYLE('',(#15238));
#15238 = FILL_AREA_STYLE_COLOUR('',#14617);
#15239 = CURVE_STYLE('',#15240,POSITIVE_LENGTH_MEASURE(0.1),#14617);
#15240 = DRAUGHTING_PRE_DEFINED_CURVE_FONT('continuous');
#15241 = STYLED_ITEM('color',(#15242),#5129);
#15242 = PRESENTATION_STYLE_ASSIGNMENT((#15243,#15248));
#15243 = SURFACE_STYLE_USAGE(.BOTH.,#15244);
#15244 = SURFACE_SIDE_STYLE('',(#15245));
#15245 = SURFACE_STYLE_FILL_AREA(#15246);
#15246 = FILL_AREA_STYLE('',(#15247));
#15247 = FILL_AREA_STYLE_COLOUR('',#14544);
#15248 = CURVE_STYLE('',#15249,POSITIVE_LENGTH_MEASURE(0.1),#14544);
#15249 = DRAUGHTING_PRE_DEFINED_CURVE_FONT('continuous');
#15250 = STYLED_ITEM('color',(#15251),#5153);
#15251 = PRESENTATION_STYLE_ASSIGNMENT((#15252,#15257));
#15252 = SURFACE_STYLE_USAGE(.BOTH.,#15253);
#15253 = SURFACE_SIDE_STYLE('',(#15254));
#15254 = SURFACE_STYLE_FILL_AREA(#15255);
#15255 = FILL_AREA_STYLE('',(#15256));
#15256 = FILL_AREA_STYLE_COLOUR('',#14544);
#15257 = CURVE_STYLE('',#15258,POSITIVE_LENGTH_MEASURE(0.1),#14544);
#15258 = DRAUGHTING_PRE_DEFINED_CURVE_FONT('continuous');
#15259 = OVER_RIDING_STYLED_ITEM('overriding color',(#15260),#5167,
  #15250);
#15260 = PRESENTATION_STYLE_ASSIGNMENT((#15261,#15266));
#15261 = SURFACE_STYLE_USAGE(.BOTH.,#15262);
#15262 = SURFACE_SIDE_STYLE('',(#15263));
#15263 = SURFACE_STYLE_FILL_AREA(#15264);
#15264 = FILL_AREA_STYLE('',(#15265));
#15265 = FILL_AREA_STYLE_COLOUR('',#14617);
#15266 = CURVE_STYLE('',#15267,POSITIVE_LENGTH_MEASURE(0.1),#14617);
#15267 = DRAUGHTING_PRE_DEFINED_CURVE_FONT('continuous');
#15268 = OVER_RIDING_STYLED_ITEM('overriding color',(#15269),#5183,
  #15250);
#15269 = PRESENTATION_STYLE_ASSIGNMENT((#15270,#15275));
#15270 = SURFACE_STYLE_USAGE(.BOTH.,#15271);
#15271 = SURFACE_SIDE_STYLE('',(#15272));
#15272 = SURFACE_STYLE_FILL_AREA(#15273);
#15273 = FILL_AREA_STYLE('',(#15274));
#15274 = FILL_AREA_STYLE_COLOUR('',#14617);
#15275 = CURVE_STYLE('',#15276,POSITIVE_LENGTH_MEASURE(0.1),#14617);
#15276 = DRAUGHTING_PRE_DEFINED_CURVE_FONT('continuous');
#15277 = STYLED_ITEM('color',(#15278),#5202);
#15278 = PRESENTATION_STYLE_ASSIGNMENT((#15279,#15284));
#15279 = SURFACE_STYLE_USAGE(.BOTH.,#15280);
#15280 = SURFACE_SIDE_STYLE('',(#15281));
#15281 = SURFACE_STYLE_FILL_AREA(#15282);
#15282 = FILL_AREA_STYLE('',(#15283));
#15283 = FILL_AREA_STYLE_COLOUR('',#14617);
#15284 = CURVE_STYLE('',#15285,POSITIVE_LENGTH_MEASURE(0.1),#14617);
#15285 = DRAUGHTING_PRE_DEFINED_CURVE_FONT('continuous');
#15286 = STYLED_ITEM('color',(#15287),#5219);
#15287 = PRESENTATION_STYLE_ASSIGNMENT((#15288,#15293));
#15288 = SURFACE_STYLE_USAGE(.BOTH.,#15289);
#15289 = SURFACE_SIDE_STYLE('',(#15290));
#15290 = SURFACE_STYLE_FILL_AREA(#15291);
#15291 = FILL_AREA_STYLE('',(#15292));
#15292 = FILL_AREA_STYLE_COLOUR('',#14617);
#15293 = CURVE_STYLE('',#15294,POSITIVE_LENGTH_MEASURE(0.1),#14617);
#15294 = DRAUGHTING_PRE_DEFINED_CURVE_FONT('continuous');
#15295 = STYLED_ITEM('color',(#15296),#5236);
#15296 = PRESENTATION_STYLE_ASSIGNMENT((#15297,#15302));
#15297 = SURFACE_STYLE_USAGE(.BOTH.,#15298);
#15298 = SURFACE_SIDE_STYLE('',(#15299));
#15299 = SURFACE_STYLE_FILL_AREA(#15300);
#15300 = FILL_AREA_STYLE('',(#15301));
#15301 = FILL_AREA_STYLE_COLOUR('',#14617);
#15302 = CURVE_STYLE('',#15303,POSITIVE_LENGTH_MEASURE(0.1),#14617);
#15303 = DRAUGHTING_PRE_DEFINED_CURVE_FONT('continuous');
#15304 = STYLED_ITEM('color',(#15305),#5253);
#15305 = PRESENTATION_STYLE_ASSIGNMENT((#15306,#15311));
#15306 = SURFACE_STYLE_USAGE(.BOTH.,#15307);
#15307 = SURFACE_SIDE_STYLE('',(#15308));
#15308 = SURFACE_STYLE_FILL_AREA(#15309);
#15309 = FILL_AREA_STYLE('',(#15310));
#15310 = FILL_AREA_STYLE_COLOUR('',#14617);
#15311 = CURVE_STYLE('',#15312,POSITIVE_LENGTH_MEASURE(0.1),#14617);
#15312 = DRAUGHTING_PRE_DEFINED_CURVE_FONT('continuous');
#15313 = STYLED_ITEM('color',(#15314),#5270);
#15314 = PRESENTATION_STYLE_ASSIGNMENT((#15315,#15320));
#15315 = SURFACE_STYLE_USAGE(.BOTH.,#15316);
#15316 = SURFACE_SIDE_STYLE('',(#15317));
#15317 = SURFACE_STYLE_FILL_AREA(#15318);
#15318 = FILL_AREA_STYLE('',(#15319));
#15319 = FILL_AREA_STYLE_COLOUR('',#14617);
#15320 = CURVE_STYLE('',#15321,POSITIVE_LENGTH_MEASURE(0.1),#14617);
#15321 = DRAUGHTING_PRE_DEFINED_CURVE_FONT('continuous');
#15322 = STYLED_ITEM('color',(#15323),#5282);
#15323 = PRESENTATION_STYLE_ASSIGNMENT((#15324,#15329));
#15324 = SURFACE_STYLE_USAGE(.BOTH.,#15325);
#15325 = SURFACE_SIDE_STYLE('',(#15326));
#15326 = SURFACE_STYLE_FILL_AREA(#15327);
#15327 = FILL_AREA_STYLE('',(#15328));
#15328 = FILL_AREA_STYLE_COLOUR('',#14617);
#15329 = CURVE_STYLE('',#15330,POSITIVE_LENGTH_MEASURE(0.1),#14617);
#15330 = DRAUGHTING_PRE_DEFINED_CURVE_FONT('continuous');
#15331 = STYLED_ITEM('color',(#15332),#5299);
#15332 = PRESENTATION_STYLE_ASSIGNMENT((#15333,#15338));
#15333 = SURFACE_STYLE_USAGE(.BOTH.,#15334);
#15334 = SURFACE_SIDE_STYLE('',(#15335));
#15335 = SURFACE_STYLE_FILL_AREA(#15336);
#15336 = FILL_AREA_STYLE('',(#15337));
#15337 = FILL_AREA_STYLE_COLOUR('',#14617);
#15338 = CURVE_STYLE('',#15339,POSITIVE_LENGTH_MEASURE(0.1),#14617);
#15339 = DRAUGHTING_PRE_DEFINED_CURVE_FONT('continuous');
#15340 = STYLED_ITEM('color',(#15341),#5316);
#15341 = PRESENTATION_STYLE_ASSIGNMENT((#15342,#15347));
#15342 = SURFACE_STYLE_USAGE(.BOTH.,#15343);
#15343 = SURFACE_SIDE_STYLE('',(#15344));
#15344 = SURFACE_STYLE_FILL_AREA(#15345);
#15345 = FILL_AREA_STYLE('',(#15346));
#15346 = FILL_AREA_STYLE_COLOUR('',#14617);
#15347 = CURVE_STYLE('',#15348,POSITIVE_LENGTH_MEASURE(0.1),#14617);
#15348 = DRAUGHTING_PRE_DEFINED_CURVE_FONT('continuous');
#15349 = STYLED_ITEM('color',(#15350),#5333);
#15350 = PRESENTATION_STYLE_ASSIGNMENT((#15351,#15356));
#15351 = SURFACE_STYLE_USAGE(.BOTH.,#15352);
#15352 = SURFACE_SIDE_STYLE('',(#15353));
#15353 = SURFACE_STYLE_FILL_AREA(#15354);
#15354 = FILL_AREA_STYLE('',(#15355));
#15355 = FILL_AREA_STYLE_COLOUR('',#14617);
#15356 = CURVE_STYLE('',#15357,POSITIVE_LENGTH_MEASURE(0.1),#14617);
#15357 = DRAUGHTING_PRE_DEFINED_CURVE_FONT('continuous');
#15358 = STYLED_ITEM('color',(#15359),#5350);
#15359 = PRESENTATION_STYLE_ASSIGNMENT((#15360,#15365));
#15360 = SURFACE_STYLE_USAGE(.BOTH.,#15361);
#15361 = SURFACE_SIDE_STYLE('',(#15362));
#15362 = SURFACE_STYLE_FILL_AREA(#15363);
#15363 = FILL_AREA_STYLE('',(#15364));
#15364 = FILL_AREA_STYLE_COLOUR('',#14617);
#15365 = CURVE_STYLE('',#15366,POSITIVE_LENGTH_MEASURE(0.1),#14617);
#15366 = DRAUGHTING_PRE_DEFINED_CURVE_FONT('continuous');
#15367 = STYLED_ITEM('color',(#15368),#5362);
#15368 = PRESENTATION_STYLE_ASSIGNMENT((#15369,#15374));
#15369 = SURFACE_STYLE_USAGE(.BOTH.,#15370);
#15370 = SURFACE_SIDE_STYLE('',(#15371));
#15371 = SURFACE_STYLE_FILL_AREA(#15372);
#15372 = FILL_AREA_STYLE('',(#15373));
#15373 = FILL_AREA_STYLE_COLOUR('',#14617);
#15374 = CURVE_STYLE('',#15375,POSITIVE_LENGTH_MEASURE(0.1),#14617);
#15375 = DRAUGHTING_PRE_DEFINED_CURVE_FONT('continuous');
#15376 = STYLED_ITEM('color',(#15377),#5379);
#15377 = PRESENTATION_STYLE_ASSIGNMENT((#15378,#15383));
#15378 = SURFACE_STYLE_USAGE(.BOTH.,#15379);
#15379 = SURFACE_SIDE_STYLE('',(#15380));
#15380 = SURFACE_STYLE_FILL_AREA(#15381);
#15381 = FILL_AREA_STYLE('',(#15382));
#15382 = FILL_AREA_STYLE_COLOUR('',#14617);
#15383 = CURVE_STYLE('',#15384,POSITIVE_LENGTH_MEASURE(0.1),#14617);
#15384 = DRAUGHTING_PRE_DEFINED_CURVE_FONT('continuous');
#15385 = STYLED_ITEM('color',(#15386),#5396);
#15386 = PRESENTATION_STYLE_ASSIGNMENT((#15387,#15392));
#15387 = SURFACE_STYLE_USAGE(.BOTH.,#15388);
#15388 = SURFACE_SIDE_STYLE('',(#15389));
#15389 = SURFACE_STYLE_FILL_AREA(#15390);
#15390 = FILL_AREA_STYLE('',(#15391));
#15391 = FILL_AREA_STYLE_COLOUR('',#14617);
#15392 = CURVE_STYLE('',#15393,POSITIVE_LENGTH_MEASURE(0.1),#14617);
#15393 = DRAUGHTING_PRE_DEFINED_CURVE_FONT('continuous');
#15394 = STYLED_ITEM('color',(#15395),#5413);
#15395 = PRESENTATION_STYLE_ASSIGNMENT((#15396,#15401));
#15396 = SURFACE_STYLE_USAGE(.BOTH.,#15397);
#15397 = SURFACE_SIDE_STYLE('',(#15398));
#15398 = SURFACE_STYLE_FILL_AREA(#15399);
#15399 = FILL_AREA_STYLE('',(#15400));
#15400 = FILL_AREA_STYLE_COLOUR('',#14617);
#15401 = CURVE_STYLE('',#15402,POSITIVE_LENGTH_MEASURE(0.1),#14617);
#15402 = DRAUGHTING_PRE_DEFINED_CURVE_FONT('continuous');
#15403 = STYLED_ITEM('color',(#15404),#5430);
#15404 = PRESENTATION_STYLE_ASSIGNMENT((#15405,#15410));
#15405 = SURFACE_STYLE_USAGE(.BOTH.,#15406);
#15406 = SURFACE_SIDE_STYLE('',(#15407));
#15407 = SURFACE_STYLE_FILL_AREA(#15408);
#15408 = FILL_AREA_STYLE('',(#15409));
#15409 = FILL_AREA_STYLE_COLOUR('',#14617);
#15410 = CURVE_STYLE('',#15411,POSITIVE_LENGTH_MEASURE(0.1),#14617);
#15411 = DRAUGHTING_PRE_DEFINED_CURVE_FONT('continuous');
#15412 = STYLED_ITEM('color',(#15413),#5442);
#15413 = PRESENTATION_STYLE_ASSIGNMENT((#15414,#15419));
#15414 = SURFACE_STYLE_USAGE(.BOTH.,#15415);
#15415 = SURFACE_SIDE_STYLE('',(#15416));
#15416 = SURFACE_STYLE_FILL_AREA(#15417);
#15417 = FILL_AREA_STYLE('',(#15418));
#15418 = FILL_AREA_STYLE_COLOUR('',#14617);
#15419 = CURVE_STYLE('',#15420,POSITIVE_LENGTH_MEASURE(0.1),#14617);
#15420 = DRAUGHTING_PRE_DEFINED_CURVE_FONT('continuous');
#15421 = STYLED_ITEM('color',(#15422),#5459);
#15422 = PRESENTATION_STYLE_ASSIGNMENT((#15423,#15428));
#15423 = SURFACE_STYLE_USAGE(.BOTH.,#15424);
#15424 = SURFACE_SIDE_STYLE('',(#15425));
#15425 = SURFACE_STYLE_FILL_AREA(#15426);
#15426 = FILL_AREA_STYLE('',(#15427));
#15427 = FILL_AREA_STYLE_COLOUR('',#14617);
#15428 = CURVE_STYLE('',#15429,POSITIVE_LENGTH_MEASURE(0.1),#14617);
#15429 = DRAUGHTING_PRE_DEFINED_CURVE_FONT('continuous');
#15430 = STYLED_ITEM('color',(#15431),#5476);
#15431 = PRESENTATION_STYLE_ASSIGNMENT((#15432,#15437));
#15432 = SURFACE_STYLE_USAGE(.BOTH.,#15433);
#15433 = SURFACE_SIDE_STYLE('',(#15434));
#15434 = SURFACE_STYLE_FILL_AREA(#15435);
#15435 = FILL_AREA_STYLE('',(#15436));
#15436 = FILL_AREA_STYLE_COLOUR('',#14617);
#15437 = CURVE_STYLE('',#15438,POSITIVE_LENGTH_MEASURE(0.1),#14617);
#15438 = DRAUGHTING_PRE_DEFINED_CURVE_FONT('continuous');
#15439 = STYLED_ITEM('color',(#15440),#5493);
#15440 = PRESENTATION_STYLE_ASSIGNMENT((#15441,#15446));
#15441 = SURFACE_STYLE_USAGE(.BOTH.,#15442);
#15442 = SURFACE_SIDE_STYLE('',(#15443));
#15443 = SURFACE_STYLE_FILL_AREA(#15444);
#15444 = FILL_AREA_STYLE('',(#15445));
#15445 = FILL_AREA_STYLE_COLOUR('',#14617);
#15446 = CURVE_STYLE('',#15447,POSITIVE_LENGTH_MEASURE(0.1),#14617);
#15447 = DRAUGHTING_PRE_DEFINED_CURVE_FONT('continuous');
#15448 = STYLED_ITEM('color',(#15449),#5510);
#15449 = PRESENTATION_STYLE_ASSIGNMENT((#15450,#15455));
#15450 = SURFACE_STYLE_USAGE(.BOTH.,#15451);
#15451 = SURFACE_SIDE_STYLE('',(#15452));
#15452 = SURFACE_STYLE_FILL_AREA(#15453);
#15453 = FILL_AREA_STYLE('',(#15454));
#15454 = FILL_AREA_STYLE_COLOUR('',#14617);
#15455 = CURVE_STYLE('',#15456,POSITIVE_LENGTH_MEASURE(0.1),#14617);
#15456 = DRAUGHTING_PRE_DEFINED_CURVE_FONT('continuous');
#15457 = STYLED_ITEM('color',(#15458),#5522);
#15458 = PRESENTATION_STYLE_ASSIGNMENT((#15459,#15464));
#15459 = SURFACE_STYLE_USAGE(.BOTH.,#15460);
#15460 = SURFACE_SIDE_STYLE('',(#15461));
#15461 = SURFACE_STYLE_FILL_AREA(#15462);
#15462 = FILL_AREA_STYLE('',(#15463));
#15463 = FILL_AREA_STYLE_COLOUR('',#14544);
#15464 = CURVE_STYLE('',#15465,POSITIVE_LENGTH_MEASURE(0.1),#14544);
#15465 = DRAUGHTING_PRE_DEFINED_CURVE_FONT('continuous');
#15466 = OVER_RIDING_STYLED_ITEM('overriding color',(#15467),#5529,
  #15457);
#15467 = PRESENTATION_STYLE_ASSIGNMENT((#15468,#15473));
#15468 = SURFACE_STYLE_USAGE(.BOTH.,#15469);
#15469 = SURFACE_SIDE_STYLE('',(#15470));
#15470 = SURFACE_STYLE_FILL_AREA(#15471);
#15471 = FILL_AREA_STYLE('',(#15472));
#15472 = FILL_AREA_STYLE_COLOUR('',#14617);
#15473 = CURVE_STYLE('',#15474,POSITIVE_LENGTH_MEASURE(0.1),#14617);
#15474 = DRAUGHTING_PRE_DEFINED_CURVE_FONT('continuous');
#15475 = STYLED_ITEM('color',(#15476),#5539);
#15476 = PRESENTATION_STYLE_ASSIGNMENT((#15477,#15482));
#15477 = SURFACE_STYLE_USAGE(.BOTH.,#15478);
#15478 = SURFACE_SIDE_STYLE('',(#15479));
#15479 = SURFACE_STYLE_FILL_AREA(#15480);
#15480 = FILL_AREA_STYLE('',(#15481));
#15481 = FILL_AREA_STYLE_COLOUR('',#14544);
#15482 = CURVE_STYLE('',#15483,POSITIVE_LENGTH_MEASURE(0.1),#14544);
#15483 = DRAUGHTING_PRE_DEFINED_CURVE_FONT('continuous');
#15484 = OVER_RIDING_STYLED_ITEM('overriding color',(#15485),#5544,
  #15475);
#15485 = PRESENTATION_STYLE_ASSIGNMENT((#15486,#15491));
#15486 = SURFACE_STYLE_USAGE(.BOTH.,#15487);
#15487 = SURFACE_SIDE_STYLE('',(#15488));
#15488 = SURFACE_STYLE_FILL_AREA(#15489);
#15489 = FILL_AREA_STYLE('',(#15490));
#15490 = FILL_AREA_STYLE_COLOUR('',#14617);
#15491 = CURVE_STYLE('',#15492,POSITIVE_LENGTH_MEASURE(0.1),#14617);
#15492 = DRAUGHTING_PRE_DEFINED_CURVE_FONT('continuous');
#15493 = STYLED_ITEM('color',(#15494),#5556);
#15494 = PRESENTATION_STYLE_ASSIGNMENT((#15495,#15500));
#15495 = SURFACE_STYLE_USAGE(.BOTH.,#15496);
#15496 = SURFACE_SIDE_STYLE('',(#15497));
#15497 = SURFACE_STYLE_FILL_AREA(#15498);
#15498 = FILL_AREA_STYLE('',(#15499));
#15499 = FILL_AREA_STYLE_COLOUR('',#14617);
#15500 = CURVE_STYLE('',#15501,POSITIVE_LENGTH_MEASURE(0.1),#14617);
#15501 = DRAUGHTING_PRE_DEFINED_CURVE_FONT('continuous');
#15502 = STYLED_ITEM('color',(#15503),#5605);
#15503 = PRESENTATION_STYLE_ASSIGNMENT((#15504,#15509));
#15504 = SURFACE_STYLE_USAGE(.BOTH.,#15505);
#15505 = SURFACE_SIDE_STYLE('',(#15506));
#15506 = SURFACE_STYLE_FILL_AREA(#15507);
#15507 = FILL_AREA_STYLE('',(#15508));
#15508 = FILL_AREA_STYLE_COLOUR('',#14617);
#15509 = CURVE_STYLE('',#15510,POSITIVE_LENGTH_MEASURE(0.1),#14617);
#15510 = DRAUGHTING_PRE_DEFINED_CURVE_FONT('continuous');
#15511 = STYLED_ITEM('color',(#15512),#5629);
#15512 = PRESENTATION_STYLE_ASSIGNMENT((#15513,#15518));
#15513 = SURFACE_STYLE_USAGE(.BOTH.,#15514);
#15514 = SURFACE_SIDE_STYLE('',(#15515));
#15515 = SURFACE_STYLE_FILL_AREA(#15516);
#15516 = FILL_AREA_STYLE('',(#15517));
#15517 = FILL_AREA_STYLE_COLOUR('',#14617);
#15518 = CURVE_STYLE('',#15519,POSITIVE_LENGTH_MEASURE(0.1),#14617);
#15519 = DRAUGHTING_PRE_DEFINED_CURVE_FONT('continuous');
#15520 = STYLED_ITEM('color',(#15521),#5671);
#15521 = PRESENTATION_STYLE_ASSIGNMENT((#15522,#15527));
#15522 = SURFACE_STYLE_USAGE(.BOTH.,#15523);
#15523 = SURFACE_SIDE_STYLE('',(#15524));
#15524 = SURFACE_STYLE_FILL_AREA(#15525);
#15525 = FILL_AREA_STYLE('',(#15526));
#15526 = FILL_AREA_STYLE_COLOUR('',#14617);
#15527 = CURVE_STYLE('',#15528,POSITIVE_LENGTH_MEASURE(0.1),#14617);
#15528 = DRAUGHTING_PRE_DEFINED_CURVE_FONT('continuous');
#15529 = STYLED_ITEM('color',(#15530),#5688);
#15530 = PRESENTATION_STYLE_ASSIGNMENT((#15531,#15536));
#15531 = SURFACE_STYLE_USAGE(.BOTH.,#15532);
#15532 = SURFACE_SIDE_STYLE('',(#15533));
#15533 = SURFACE_STYLE_FILL_AREA(#15534);
#15534 = FILL_AREA_STYLE('',(#15535));
#15535 = FILL_AREA_STYLE_COLOUR('',#14544);
#15536 = CURVE_STYLE('',#15537,POSITIVE_LENGTH_MEASURE(0.1),#14544);
#15537 = DRAUGHTING_PRE_DEFINED_CURVE_FONT('continuous');
#15538 = OVER_RIDING_STYLED_ITEM('overriding color',(#15539),#5695,
  #15529);
#15539 = PRESENTATION_STYLE_ASSIGNMENT((#15540,#15545));
#15540 = SURFACE_STYLE_USAGE(.BOTH.,#15541);
#15541 = SURFACE_SIDE_STYLE('',(#15542));
#15542 = SURFACE_STYLE_FILL_AREA(#15543);
#15543 = FILL_AREA_STYLE('',(#15544));
#15544 = FILL_AREA_STYLE_COLOUR('',#14617);
#15545 = CURVE_STYLE('',#15546,POSITIVE_LENGTH_MEASURE(0.1),#14617);
#15546 = DRAUGHTING_PRE_DEFINED_CURVE_FONT('continuous');
#15547 = STYLED_ITEM('color',(#15548),#5705);
#15548 = PRESENTATION_STYLE_ASSIGNMENT((#15549,#15554));
#15549 = SURFACE_STYLE_USAGE(.BOTH.,#15550);
#15550 = SURFACE_SIDE_STYLE('',(#15551));
#15551 = SURFACE_STYLE_FILL_AREA(#15552);
#15552 = FILL_AREA_STYLE('',(#15553));
#15553 = FILL_AREA_STYLE_COLOUR('',#14544);
#15554 = CURVE_STYLE('',#15555,POSITIVE_LENGTH_MEASURE(0.1),#14544);
#15555 = DRAUGHTING_PRE_DEFINED_CURVE_FONT('continuous');
#15556 = OVER_RIDING_STYLED_ITEM('overriding color',(#15557),#5710,
  #15547);
#15557 = PRESENTATION_STYLE_ASSIGNMENT((#15558,#15563));
#15558 = SURFACE_STYLE_USAGE(.BOTH.,#15559);
#15559 = SURFACE_SIDE_STYLE('',(#15560));
#15560 = SURFACE_STYLE_FILL_AREA(#15561);
#15561 = FILL_AREA_STYLE('',(#15562));
#15562 = FILL_AREA_STYLE_COLOUR('',#14617);
#15563 = CURVE_STYLE('',#15564,POSITIVE_LENGTH_MEASURE(0.1),#14617);
#15564 = DRAUGHTING_PRE_DEFINED_CURVE_FONT('continuous');
#15565 = STYLED_ITEM('color',(#15566),#5722);
#15566 = PRESENTATION_STYLE_ASSIGNMENT((#15567,#15572));
#15567 = SURFACE_STYLE_USAGE(.BOTH.,#15568);
#15568 = SURFACE_SIDE_STYLE('',(#15569));
#15569 = SURFACE_STYLE_FILL_AREA(#15570);
#15570 = FILL_AREA_STYLE('',(#15571));
#15571 = FILL_AREA_STYLE_COLOUR('',#14617);
#15572 = CURVE_STYLE('',#15573,POSITIVE_LENGTH_MEASURE(0.1),#14617);
#15573 = DRAUGHTING_PRE_DEFINED_CURVE_FONT('continuous');
#15574 = STYLED_ITEM('color',(#15575),#5771);
#15575 = PRESENTATION_STYLE_ASSIGNMENT((#15576,#15581));
#15576 = SURFACE_STYLE_USAGE(.BOTH.,#15577);
#15577 = SURFACE_SIDE_STYLE('',(#15578));
#15578 = SURFACE_STYLE_FILL_AREA(#15579);
#15579 = FILL_AREA_STYLE('',(#15580));
#15580 = FILL_AREA_STYLE_COLOUR('',#14617);
#15581 = CURVE_STYLE('',#15582,POSITIVE_LENGTH_MEASURE(0.1),#14617);
#15582 = DRAUGHTING_PRE_DEFINED_CURVE_FONT('continuous');
#15583 = STYLED_ITEM('color',(#15584),#5795);
#15584 = PRESENTATION_STYLE_ASSIGNMENT((#15585,#15590));
#15585 = SURFACE_STYLE_USAGE(.BOTH.,#15586);
#15586 = SURFACE_SIDE_STYLE('',(#15587));
#15587 = SURFACE_STYLE_FILL_AREA(#15588);
#15588 = FILL_AREA_STYLE('',(#15589));
#15589 = FILL_AREA_STYLE_COLOUR('',#14617);
#15590 = CURVE_STYLE('',#15591,POSITIVE_LENGTH_MEASURE(0.1),#14617);
#15591 = DRAUGHTING_PRE_DEFINED_CURVE_FONT('continuous');
#15592 = STYLED_ITEM('color',(#15593),#5837);
#15593 = PRESENTATION_STYLE_ASSIGNMENT((#15594,#15599));
#15594 = SURFACE_STYLE_USAGE(.BOTH.,#15595);
#15595 = SURFACE_SIDE_STYLE('',(#15596));
#15596 = SURFACE_STYLE_FILL_AREA(#15597);
#15597 = FILL_AREA_STYLE('',(#15598));
#15598 = FILL_AREA_STYLE_COLOUR('',#14617);
#15599 = CURVE_STYLE('',#15600,POSITIVE_LENGTH_MEASURE(0.1),#14617);
#15600 = DRAUGHTING_PRE_DEFINED_CURVE_FONT('continuous');
#15601 = STYLED_ITEM('color',(#15602),#5854);
#15602 = PRESENTATION_STYLE_ASSIGNMENT((#15603,#15608));
#15603 = SURFACE_STYLE_USAGE(.BOTH.,#15604);
#15604 = SURFACE_SIDE_STYLE('',(#15605));
#15605 = SURFACE_STYLE_FILL_AREA(#15606);
#15606 = FILL_AREA_STYLE('',(#15607));
#15607 = FILL_AREA_STYLE_COLOUR('',#14544);
#15608 = CURVE_STYLE('',#15609,POSITIVE_LENGTH_MEASURE(0.1),#14544);
#15609 = DRAUGHTING_PRE_DEFINED_CURVE_FONT('continuous');
#15610 = OVER_RIDING_STYLED_ITEM('overriding color',(#15611),#5861,
  #15601);
#15611 = PRESENTATION_STYLE_ASSIGNMENT((#15612,#15617));
#15612 = SURFACE_STYLE_USAGE(.BOTH.,#15613);
#15613 = SURFACE_SIDE_STYLE('',(#15614));
#15614 = SURFACE_STYLE_FILL_AREA(#15615);
#15615 = FILL_AREA_STYLE('',(#15616));
#15616 = FILL_AREA_STYLE_COLOUR('',#14617);
#15617 = CURVE_STYLE('',#15618,POSITIVE_LENGTH_MEASURE(0.1),#14617);
#15618 = DRAUGHTING_PRE_DEFINED_CURVE_FONT('continuous');
#15619 = STYLED_ITEM('color',(#15620),#5871);
#15620 = PRESENTATION_STYLE_ASSIGNMENT((#15621,#15626));
#15621 = SURFACE_STYLE_USAGE(.BOTH.,#15622);
#15622 = SURFACE_SIDE_STYLE('',(#15623));
#15623 = SURFACE_STYLE_FILL_AREA(#15624);
#15624 = FILL_AREA_STYLE('',(#15625));
#15625 = FILL_AREA_STYLE_COLOUR('',#14544);
#15626 = CURVE_STYLE('',#15627,POSITIVE_LENGTH_MEASURE(0.1),#14544);
#15627 = DRAUGHTING_PRE_DEFINED_CURVE_FONT('continuous');
#15628 = OVER_RIDING_STYLED_ITEM('overriding color',(#15629),#5876,
  #15619);
#15629 = PRESENTATION_STYLE_ASSIGNMENT((#15630,#15635));
#15630 = SURFACE_STYLE_USAGE(.BOTH.,#15631);
#15631 = SURFACE_SIDE_STYLE('',(#15632));
#15632 = SURFACE_STYLE_FILL_AREA(#15633);
#15633 = FILL_AREA_STYLE('',(#15634));
#15634 = FILL_AREA_STYLE_COLOUR('',#14617);
#15635 = CURVE_STYLE('',#15636,POSITIVE_LENGTH_MEASURE(0.1),#14617);
#15636 = DRAUGHTING_PRE_DEFINED_CURVE_FONT('continuous');
#15637 = STYLED_ITEM('color',(#15638),#5888);
#15638 = PRESENTATION_STYLE_ASSIGNMENT((#15639,#15644));
#15639 = SURFACE_STYLE_USAGE(.BOTH.,#15640);
#15640 = SURFACE_SIDE_STYLE('',(#15641));
#15641 = SURFACE_STYLE_FILL_AREA(#15642);
#15642 = FILL_AREA_STYLE('',(#15643));
#15643 = FILL_AREA_STYLE_COLOUR('',#14617);
#15644 = CURVE_STYLE('',#15645,POSITIVE_LENGTH_MEASURE(0.1),#14617);
#15645 = DRAUGHTING_PRE_DEFINED_CURVE_FONT('continuous');
#15646 = STYLED_ITEM('color',(#15647),#5937);
#15647 = PRESENTATION_STYLE_ASSIGNMENT((#15648,#15653));
#15648 = SURFACE_STYLE_USAGE(.BOTH.,#15649);
#15649 = SURFACE_SIDE_STYLE('',(#15650));
#15650 = SURFACE_STYLE_FILL_AREA(#15651);
#15651 = FILL_AREA_STYLE('',(#15652));
#15652 = FILL_AREA_STYLE_COLOUR('',#14617);
#15653 = CURVE_STYLE('',#15654,POSITIVE_LENGTH_MEASURE(0.1),#14617);
#15654 = DRAUGHTING_PRE_DEFINED_CURVE_FONT('continuous');
#15655 = STYLED_ITEM('color',(#15656),#5961);
#15656 = PRESENTATION_STYLE_ASSIGNMENT((#15657,#15662));
#15657 = SURFACE_STYLE_USAGE(.BOTH.,#15658);
#15658 = SURFACE_SIDE_STYLE('',(#15659));
#15659 = SURFACE_STYLE_FILL_AREA(#15660);
#15660 = FILL_AREA_STYLE('',(#15661));
#15661 = FILL_AREA_STYLE_COLOUR('',#14617);
#15662 = CURVE_STYLE('',#15663,POSITIVE_LENGTH_MEASURE(0.1),#14617);
#15663 = DRAUGHTING_PRE_DEFINED_CURVE_FONT('continuous');
#15664 = STYLED_ITEM('color',(#15665),#6003);
#15665 = PRESENTATION_STYLE_ASSIGNMENT((#15666,#15671));
#15666 = SURFACE_STYLE_USAGE(.BOTH.,#15667);
#15667 = SURFACE_SIDE_STYLE('',(#15668));
#15668 = SURFACE_STYLE_FILL_AREA(#15669);
#15669 = FILL_AREA_STYLE('',(#15670));
#15670 = FILL_AREA_STYLE_COLOUR('',#14617);
#15671 = CURVE_STYLE('',#15672,POSITIVE_LENGTH_MEASURE(0.1),#14617);
#15672 = DRAUGHTING_PRE_DEFINED_CURVE_FONT('continuous');
#15673 = STYLED_ITEM('color',(#15674),#6020);
#15674 = PRESENTATION_STYLE_ASSIGNMENT((#15675,#15680));
#15675 = SURFACE_STYLE_USAGE(.BOTH.,#15676);
#15676 = SURFACE_SIDE_STYLE('',(#15677));
#15677 = SURFACE_STYLE_FILL_AREA(#15678);
#15678 = FILL_AREA_STYLE('',(#15679));
#15679 = FILL_AREA_STYLE_COLOUR('',#14544);
#15680 = CURVE_STYLE('',#15681,POSITIVE_LENGTH_MEASURE(0.1),#14544);
#15681 = DRAUGHTING_PRE_DEFINED_CURVE_FONT('continuous');
#15682 = OVER_RIDING_STYLED_ITEM('overriding color',(#15683),#6027,
  #15673);
#15683 = PRESENTATION_STYLE_ASSIGNMENT((#15684,#15689));
#15684 = SURFACE_STYLE_USAGE(.BOTH.,#15685);
#15685 = SURFACE_SIDE_STYLE('',(#15686));
#15686 = SURFACE_STYLE_FILL_AREA(#15687);
#15687 = FILL_AREA_STYLE('',(#15688));
#15688 = FILL_AREA_STYLE_COLOUR('',#14617);
#15689 = CURVE_STYLE('',#15690,POSITIVE_LENGTH_MEASURE(0.1),#14617);
#15690 = DRAUGHTING_PRE_DEFINED_CURVE_FONT('continuous');
#15691 = STYLED_ITEM('color',(#15692),#6037);
#15692 = PRESENTATION_STYLE_ASSIGNMENT((#15693,#15698));
#15693 = SURFACE_STYLE_USAGE(.BOTH.,#15694);
#15694 = SURFACE_SIDE_STYLE('',(#15695));
#15695 = SURFACE_STYLE_FILL_AREA(#15696);
#15696 = FILL_AREA_STYLE('',(#15697));
#15697 = FILL_AREA_STYLE_COLOUR('',#14544);
#15698 = CURVE_STYLE('',#15699,POSITIVE_LENGTH_MEASURE(0.1),#14544);
#15699 = DRAUGHTING_PRE_DEFINED_CURVE_FONT('continuous');
#15700 = OVER_RIDING_STYLED_ITEM('overriding color',(#15701),#6042,
  #15691);
#15701 = PRESENTATION_STYLE_ASSIGNMENT((#15702,#15707));
#15702 = SURFACE_STYLE_USAGE(.BOTH.,#15703);
#15703 = SURFACE_SIDE_STYLE('',(#15704));
#15704 = SURFACE_STYLE_FILL_AREA(#15705);
#15705 = FILL_AREA_STYLE('',(#15706));
#15706 = FILL_AREA_STYLE_COLOUR('',#14617);
#15707 = CURVE_STYLE('',#15708,POSITIVE_LENGTH_MEASURE(0.1),#14617);
#15708 = DRAUGHTING_PRE_DEFINED_CURVE_FONT('continuous');
#15709 = STYLED_ITEM('color',(#15710),#6054);
#15710 = PRESENTATION_STYLE_ASSIGNMENT((#15711,#15716));
#15711 = SURFACE_STYLE_USAGE(.BOTH.,#15712);
#15712 = SURFACE_SIDE_STYLE('',(#15713));
#15713 = SURFACE_STYLE_FILL_AREA(#15714);
#15714 = FILL_AREA_STYLE('',(#15715));
#15715 = FILL_AREA_STYLE_COLOUR('',#14617);
#15716 = CURVE_STYLE('',#15717,POSITIVE_LENGTH_MEASURE(0.1),#14617);
#15717 = DRAUGHTING_PRE_DEFINED_CURVE_FONT('continuous');
#15718 = STYLED_ITEM('color',(#15719),#6103);
#15719 = PRESENTATION_STYLE_ASSIGNMENT((#15720,#15725));
#15720 = SURFACE_STYLE_USAGE(.BOTH.,#15721);
#15721 = SURFACE_SIDE_STYLE('',(#15722));
#15722 = SURFACE_STYLE_FILL_AREA(#15723);
#15723 = FILL_AREA_STYLE('',(#15724));
#15724 = FILL_AREA_STYLE_COLOUR('',#14617);
#15725 = CURVE_STYLE('',#15726,POSITIVE_LENGTH_MEASURE(0.1),#14617);
#15726 = DRAUGHTING_PRE_DEFINED_CURVE_FONT('continuous');
#15727 = STYLED_ITEM('color',(#15728),#6127);
#15728 = PRESENTATION_STYLE_ASSIGNMENT((#15729,#15734));
#15729 = SURFACE_STYLE_USAGE(.BOTH.,#15730);
#15730 = SURFACE_SIDE_STYLE('',(#15731));
#15731 = SURFACE_STYLE_FILL_AREA(#15732);
#15732 = FILL_AREA_STYLE('',(#15733));
#15733 = FILL_AREA_STYLE_COLOUR('',#14617);
#15734 = CURVE_STYLE('',#15735,POSITIVE_LENGTH_MEASURE(0.1),#14617);
#15735 = DRAUGHTING_PRE_DEFINED_CURVE_FONT('continuous');
#15736 = STYLED_ITEM('color',(#15737),#6169);
#15737 = PRESENTATION_STYLE_ASSIGNMENT((#15738,#15743));
#15738 = SURFACE_STYLE_USAGE(.BOTH.,#15739);
#15739 = SURFACE_SIDE_STYLE('',(#15740));
#15740 = SURFACE_STYLE_FILL_AREA(#15741);
#15741 = FILL_AREA_STYLE('',(#15742));
#15742 = FILL_AREA_STYLE_COLOUR('',#14617);
#15743 = CURVE_STYLE('',#15744,POSITIVE_LENGTH_MEASURE(0.1),#14617);
#15744 = DRAUGHTING_PRE_DEFINED_CURVE_FONT('continuous');
#15745 = STYLED_ITEM('color',(#15746),#6186);
#15746 = PRESENTATION_STYLE_ASSIGNMENT((#15747,#15752));
#15747 = SURFACE_STYLE_USAGE(.BOTH.,#15748);
#15748 = SURFACE_SIDE_STYLE('',(#15749));
#15749 = SURFACE_STYLE_FILL_AREA(#15750);
#15750 = FILL_AREA_STYLE('',(#15751));
#15751 = FILL_AREA_STYLE_COLOUR('',#14617);
#15752 = CURVE_STYLE('',#15753,POSITIVE_LENGTH_MEASURE(0.1),#14617);
#15753 = DRAUGHTING_PRE_DEFINED_CURVE_FONT('continuous');
#15754 = STYLED_ITEM('color',(#15755),#6203);
#15755 = PRESENTATION_STYLE_ASSIGNMENT((#15756,#15761));
#15756 = SURFACE_STYLE_USAGE(.BOTH.,#15757);
#15757 = SURFACE_SIDE_STYLE('',(#15758));
#15758 = SURFACE_STYLE_FILL_AREA(#15759);
#15759 = FILL_AREA_STYLE('',(#15760));
#15760 = FILL_AREA_STYLE_COLOUR('',#14617);
#15761 = CURVE_STYLE('',#15762,POSITIVE_LENGTH_MEASURE(0.1),#14617);
#15762 = DRAUGHTING_PRE_DEFINED_CURVE_FONT('continuous');
#15763 = STYLED_ITEM('color',(#15764),#6220);
#15764 = PRESENTATION_STYLE_ASSIGNMENT((#15765,#15770));
#15765 = SURFACE_STYLE_USAGE(.BOTH.,#15766);
#15766 = SURFACE_SIDE_STYLE('',(#15767));
#15767 = SURFACE_STYLE_FILL_AREA(#15768);
#15768 = FILL_AREA_STYLE('',(#15769));
#15769 = FILL_AREA_STYLE_COLOUR('',#14617);
#15770 = CURVE_STYLE('',#15771,POSITIVE_LENGTH_MEASURE(0.1),#14617);
#15771 = DRAUGHTING_PRE_DEFINED_CURVE_FONT('continuous');
#15772 = STYLED_ITEM('color',(#15773),#6232);
#15773 = PRESENTATION_STYLE_ASSIGNMENT((#15774,#15779));
#15774 = SURFACE_STYLE_USAGE(.BOTH.,#15775);
#15775 = SURFACE_SIDE_STYLE('',(#15776));
#15776 = SURFACE_STYLE_FILL_AREA(#15777);
#15777 = FILL_AREA_STYLE('',(#15778));
#15778 = FILL_AREA_STYLE_COLOUR('',#14617);
#15779 = CURVE_STYLE('',#15780,POSITIVE_LENGTH_MEASURE(0.1),#14617);
#15780 = DRAUGHTING_PRE_DEFINED_CURVE_FONT('continuous');
#15781 = STYLED_ITEM('color',(#15782),#6249);
#15782 = PRESENTATION_STYLE_ASSIGNMENT((#15783,#15788));
#15783 = SURFACE_STYLE_USAGE(.BOTH.,#15784);
#15784 = SURFACE_SIDE_STYLE('',(#15785));
#15785 = SURFACE_STYLE_FILL_AREA(#15786);
#15786 = FILL_AREA_STYLE('',(#15787));
#15787 = FILL_AREA_STYLE_COLOUR('',#14617);
#15788 = CURVE_STYLE('',#15789,POSITIVE_LENGTH_MEASURE(0.1),#14617);
#15789 = DRAUGHTING_PRE_DEFINED_CURVE_FONT('continuous');
#15790 = STYLED_ITEM('color',(#15791),#6266);
#15791 = PRESENTATION_STYLE_ASSIGNMENT((#15792,#15797));
#15792 = SURFACE_STYLE_USAGE(.BOTH.,#15793);
#15793 = SURFACE_SIDE_STYLE('',(#15794));
#15794 = SURFACE_STYLE_FILL_AREA(#15795);
#15795 = FILL_AREA_STYLE('',(#15796));
#15796 = FILL_AREA_STYLE_COLOUR('',#14617);
#15797 = CURVE_STYLE('',#15798,POSITIVE_LENGTH_MEASURE(0.1),#14617);
#15798 = DRAUGHTING_PRE_DEFINED_CURVE_FONT('continuous');
#15799 = STYLED_ITEM('color',(#15800),#6278);
#15800 = PRESENTATION_STYLE_ASSIGNMENT((#15801,#15806));
#15801 = SURFACE_STYLE_USAGE(.BOTH.,#15802);
#15802 = SURFACE_SIDE_STYLE('',(#15803));
#15803 = SURFACE_STYLE_FILL_AREA(#15804);
#15804 = FILL_AREA_STYLE('',(#15805));
#15805 = FILL_AREA_STYLE_COLOUR('',#14617);
#15806 = CURVE_STYLE('',#15807,POSITIVE_LENGTH_MEASURE(0.1),#14617);
#15807 = DRAUGHTING_PRE_DEFINED_CURVE_FONT('continuous');
#15808 = STYLED_ITEM('color',(#15809),#6295);
#15809 = PRESENTATION_STYLE_ASSIGNMENT((#15810,#15815));
#15810 = SURFACE_STYLE_USAGE(.BOTH.,#15811);
#15811 = SURFACE_SIDE_STYLE('',(#15812));
#15812 = SURFACE_STYLE_FILL_AREA(#15813);
#15813 = FILL_AREA_STYLE('',(#15814));
#15814 = FILL_AREA_STYLE_COLOUR('',#14617);
#15815 = CURVE_STYLE('',#15816,POSITIVE_LENGTH_MEASURE(0.1),#14617);
#15816 = DRAUGHTING_PRE_DEFINED_CURVE_FONT('continuous');
#15817 = STYLED_ITEM('color',(#15818),#6312);
#15818 = PRESENTATION_STYLE_ASSIGNMENT((#15819,#15824));
#15819 = SURFACE_STYLE_USAGE(.BOTH.,#15820);
#15820 = SURFACE_SIDE_STYLE('',(#15821));
#15821 = SURFACE_STYLE_FILL_AREA(#15822);
#15822 = FILL_AREA_STYLE('',(#15823));
#15823 = FILL_AREA_STYLE_COLOUR('',#14617);
#15824 = CURVE_STYLE('',#15825,POSITIVE_LENGTH_MEASURE(0.1),#14617);
#15825 = DRAUGHTING_PRE_DEFINED_CURVE_FONT('continuous');
#15826 = STYLED_ITEM('color',(#15827),#6324);
#15827 = PRESENTATION_STYLE_ASSIGNMENT((#15828,#15833));
#15828 = SURFACE_STYLE_USAGE(.BOTH.,#15829);
#15829 = SURFACE_SIDE_STYLE('',(#15830));
#15830 = SURFACE_STYLE_FILL_AREA(#15831);
#15831 = FILL_AREA_STYLE('',(#15832));
#15832 = FILL_AREA_STYLE_COLOUR('',#14617);
#15833 = CURVE_STYLE('',#15834,POSITIVE_LENGTH_MEASURE(0.1),#14617);
#15834 = DRAUGHTING_PRE_DEFINED_CURVE_FONT('continuous');
#15835 = STYLED_ITEM('color',(#15836),#6341);
#15836 = PRESENTATION_STYLE_ASSIGNMENT((#15837,#15842));
#15837 = SURFACE_STYLE_USAGE(.BOTH.,#15838);
#15838 = SURFACE_SIDE_STYLE('',(#15839));
#15839 = SURFACE_STYLE_FILL_AREA(#15840);
#15840 = FILL_AREA_STYLE('',(#15841));
#15841 = FILL_AREA_STYLE_COLOUR('',#14617);
#15842 = CURVE_STYLE('',#15843,POSITIVE_LENGTH_MEASURE(0.1),#14617);
#15843 = DRAUGHTING_PRE_DEFINED_CURVE_FONT('continuous');
#15844 = STYLED_ITEM('color',(#15845),#6358);
#15845 = PRESENTATION_STYLE_ASSIGNMENT((#15846,#15851));
#15846 = SURFACE_STYLE_USAGE(.BOTH.,#15847);
#15847 = SURFACE_SIDE_STYLE('',(#15848));
#15848 = SURFACE_STYLE_FILL_AREA(#15849);
#15849 = FILL_AREA_STYLE('',(#15850));
#15850 = FILL_AREA_STYLE_COLOUR('',#14617);
#15851 = CURVE_STYLE('',#15852,POSITIVE_LENGTH_MEASURE(0.1),#14617);
#15852 = DRAUGHTING_PRE_DEFINED_CURVE_FONT('continuous');
#15853 = MECHANICAL_DESIGN_GEOMETRIC_PRESENTATION_REPRESENTATION('',(
    #15854),#304);
#15854 = STYLED_ITEM('color',(#15855),#88);
#15855 = PRESENTATION_STYLE_ASSIGNMENT((#15856,#15861));
#15856 = SURFACE_STYLE_USAGE(.BOTH.,#15857);
#15857 = SURFACE_SIDE_STYLE('',(#15858));
#15858 = SURFACE_STYLE_FILL_AREA(#15859);
#15859 = FILL_AREA_STYLE('',(#15860));
#15860 = FILL_AREA_STYLE_COLOUR('',#13998);
#15861 = CURVE_STYLE('',#15862,POSITIVE_LENGTH_MEASURE(0.1),#13989);
#15862 = DRAUGHTING_PRE_DEFINED_CURVE_FONT('continuous');
#15863 = MECHANICAL_DESIGN_GEOMETRIC_PRESENTATION_REPRESENTATION('',(
    #15864,#15872,#15879,#15886,#15893,#15900,#15907,#15914,#15922,
    #15929,#15936,#15943,#15950,#15957,#15965,#15972,#15979,#15986,
    #15993,#16000,#16007,#16014,#16021,#16028,#16035,#16042),#9304);
#15864 = STYLED_ITEM('color',(#15865),#8516);
#15865 = PRESENTATION_STYLE_ASSIGNMENT((#15866));
#15866 = SURFACE_STYLE_USAGE(.BOTH.,#15867);
#15867 = SURFACE_SIDE_STYLE('',(#15868));
#15868 = SURFACE_STYLE_FILL_AREA(#15869);
#15869 = FILL_AREA_STYLE('',(#15870));
#15870 = FILL_AREA_STYLE_COLOUR('',#15871);
#15871 = COLOUR_RGB('',0.823999987314,0.819999987296,0.781000009244);
#15872 = STYLED_ITEM('color',(#15873),#8556);
#15873 = PRESENTATION_STYLE_ASSIGNMENT((#15874));
#15874 = SURFACE_STYLE_USAGE(.BOTH.,#15875);
#15875 = SURFACE_SIDE_STYLE('',(#15876));
#15876 = SURFACE_STYLE_FILL_AREA(#15877);
#15877 = FILL_AREA_STYLE('',(#15878));
#15878 = FILL_AREA_STYLE_COLOUR('',#15871);
#15879 = STYLED_ITEM('color',(#15880),#8639);
#15880 = PRESENTATION_STYLE_ASSIGNMENT((#15881));
#15881 = SURFACE_STYLE_USAGE(.BOTH.,#15882);
#15882 = SURFACE_SIDE_STYLE('',(#15883));
#15883 = SURFACE_STYLE_FILL_AREA(#15884);
#15884 = FILL_AREA_STYLE('',(#15885));
#15885 = FILL_AREA_STYLE_COLOUR('',#15871);
#15886 = STYLED_ITEM('color',(#15887),#8664);
#15887 = PRESENTATION_STYLE_ASSIGNMENT((#15888));
#15888 = SURFACE_STYLE_USAGE(.BOTH.,#15889);
#15889 = SURFACE_SIDE_STYLE('',(#15890));
#15890 = SURFACE_STYLE_FILL_AREA(#15891);
#15891 = FILL_AREA_STYLE('',(#15892));
#15892 = FILL_AREA_STYLE_COLOUR('',#15871);
#15893 = STYLED_ITEM('color',(#15894),#8689);
#15894 = PRESENTATION_STYLE_ASSIGNMENT((#15895));
#15895 = SURFACE_STYLE_USAGE(.BOTH.,#15896);
#15896 = SURFACE_SIDE_STYLE('',(#15897));
#15897 = SURFACE_STYLE_FILL_AREA(#15898);
#15898 = FILL_AREA_STYLE('',(#15899));
#15899 = FILL_AREA_STYLE_COLOUR('',#15871);
#15900 = STYLED_ITEM('color',(#15901),#8756);
#15901 = PRESENTATION_STYLE_ASSIGNMENT((#15902));
#15902 = SURFACE_STYLE_USAGE(.BOTH.,#15903);
#15903 = SURFACE_SIDE_STYLE('',(#15904));
#15904 = SURFACE_STYLE_FILL_AREA(#15905);
#15905 = FILL_AREA_STYLE('',(#15906));
#15906 = FILL_AREA_STYLE_COLOUR('',#15871);
#15907 = STYLED_ITEM('color',(#15908),#8773);
#15908 = PRESENTATION_STYLE_ASSIGNMENT((#15909));
#15909 = SURFACE_STYLE_USAGE(.BOTH.,#15910);
#15910 = SURFACE_SIDE_STYLE('',(#15911));
#15911 = SURFACE_STYLE_FILL_AREA(#15912);
#15912 = FILL_AREA_STYLE('',(#15913));
#15913 = FILL_AREA_STYLE_COLOUR('',#15871);
#15914 = STYLED_ITEM('color',(#15915),#8790);
#15915 = PRESENTATION_STYLE_ASSIGNMENT((#15916));
#15916 = SURFACE_STYLE_USAGE(.BOTH.,#15917);
#15917 = SURFACE_SIDE_STYLE('',(#15918));
#15918 = SURFACE_STYLE_FILL_AREA(#15919);
#15919 = FILL_AREA_STYLE('',(#15920));
#15920 = FILL_AREA_STYLE_COLOUR('',#15921);
#15921 = COLOUR_RGB('',0.894999966383,0.890999961016,0.813000030345);
#15922 = STYLED_ITEM('color',(#15923),#8839);
#15923 = PRESENTATION_STYLE_ASSIGNMENT((#15924));
#15924 = SURFACE_STYLE_USAGE(.BOTH.,#15925);
#15925 = SURFACE_SIDE_STYLE('',(#15926));
#15926 = SURFACE_STYLE_FILL_AREA(#15927);
#15927 = FILL_AREA_STYLE('',(#15928));
#15928 = FILL_AREA_STYLE_COLOUR('',#15871);
#15929 = STYLED_ITEM('color',(#15930),#8856);
#15930 = PRESENTATION_STYLE_ASSIGNMENT((#15931));
#15931 = SURFACE_STYLE_USAGE(.BOTH.,#15932);
#15932 = SURFACE_SIDE_STYLE('',(#15933));
#15933 = SURFACE_STYLE_FILL_AREA(#15934);
#15934 = FILL_AREA_STYLE('',(#15935));
#15935 = FILL_AREA_STYLE_COLOUR('',#15871);
#15936 = STYLED_ITEM('color',(#15937),#8873);
#15937 = PRESENTATION_STYLE_ASSIGNMENT((#15938));
#15938 = SURFACE_STYLE_USAGE(.BOTH.,#15939);
#15939 = SURFACE_SIDE_STYLE('',(#15940));
#15940 = SURFACE_STYLE_FILL_AREA(#15941);
#15941 = FILL_AREA_STYLE('',(#15942));
#15942 = FILL_AREA_STYLE_COLOUR('',#15921);
#15943 = STYLED_ITEM('color',(#15944),#8922);
#15944 = PRESENTATION_STYLE_ASSIGNMENT((#15945));
#15945 = SURFACE_STYLE_USAGE(.BOTH.,#15946);
#15946 = SURFACE_SIDE_STYLE('',(#15947));
#15947 = SURFACE_STYLE_FILL_AREA(#15948);
#15948 = FILL_AREA_STYLE('',(#15949));
#15949 = FILL_AREA_STYLE_COLOUR('',#15921);
#15950 = STYLED_ITEM('color',(#15951),#8939);
#15951 = PRESENTATION_STYLE_ASSIGNMENT((#15952));
#15952 = SURFACE_STYLE_USAGE(.BOTH.,#15953);
#15953 = SURFACE_SIDE_STYLE('',(#15954));
#15954 = SURFACE_STYLE_FILL_AREA(#15955);
#15955 = FILL_AREA_STYLE('',(#15956));
#15956 = FILL_AREA_STYLE_COLOUR('',#15871);
#15957 = STYLED_ITEM('color',(#15958),#9008);
#15958 = PRESENTATION_STYLE_ASSIGNMENT((#15959));
#15959 = SURFACE_STYLE_USAGE(.BOTH.,#15960);
#15960 = SURFACE_SIDE_STYLE('',(#15961));
#15961 = SURFACE_STYLE_FILL_AREA(#15962);
#15962 = FILL_AREA_STYLE('',(#15963));
#15963 = FILL_AREA_STYLE_COLOUR('',#15964);
#15964 = COLOUR_RGB('',8.200000279077E-02,8.600000121357E-02,
  9.399999706163E-02);
#15965 = STYLED_ITEM('color',(#15966),#9039);
#15966 = PRESENTATION_STYLE_ASSIGNMENT((#15967));
#15967 = SURFACE_STYLE_USAGE(.BOTH.,#15968);
#15968 = SURFACE_SIDE_STYLE('',(#15969));
#15969 = SURFACE_STYLE_FILL_AREA(#15970);
#15970 = FILL_AREA_STYLE('',(#15971));
#15971 = FILL_AREA_STYLE_COLOUR('',#15964);
#15972 = STYLED_ITEM('color',(#15973),#9063);
#15973 = PRESENTATION_STYLE_ASSIGNMENT((#15974));
#15974 = SURFACE_STYLE_USAGE(.BOTH.,#15975);
#15975 = SURFACE_SIDE_STYLE('',(#15976));
#15976 = SURFACE_STYLE_FILL_AREA(#15977);
#15977 = FILL_AREA_STYLE('',(#15978));
#15978 = FILL_AREA_STYLE_COLOUR('',#15871);
#15979 = STYLED_ITEM('color',(#15980),#9132);
#15980 = PRESENTATION_STYLE_ASSIGNMENT((#15981));
#15981 = SURFACE_STYLE_USAGE(.BOTH.,#15982);
#15982 = SURFACE_SIDE_STYLE('',(#15983));
#15983 = SURFACE_STYLE_FILL_AREA(#15984);
#15984 = FILL_AREA_STYLE('',(#15985));
#15985 = FILL_AREA_STYLE_COLOUR('',#15964);
#15986 = STYLED_ITEM('color',(#15987),#9156);
#15987 = PRESENTATION_STYLE_ASSIGNMENT((#15988));
#15988 = SURFACE_STYLE_USAGE(.BOTH.,#15989);
#15989 = SURFACE_SIDE_STYLE('',(#15990));
#15990 = SURFACE_STYLE_FILL_AREA(#15991);
#15991 = FILL_AREA_STYLE('',(#15992));
#15992 = FILL_AREA_STYLE_COLOUR('',#15871);
#15993 = STYLED_ITEM('color',(#15994),#9173);
#15994 = PRESENTATION_STYLE_ASSIGNMENT((#15995));
#15995 = SURFACE_STYLE_USAGE(.BOTH.,#15996);
#15996 = SURFACE_SIDE_STYLE('',(#15997));
#15997 = SURFACE_STYLE_FILL_AREA(#15998);
#15998 = FILL_AREA_STYLE('',(#15999));
#15999 = FILL_AREA_STYLE_COLOUR('',#15871);
#16000 = STYLED_ITEM('color',(#16001),#9190);
#16001 = PRESENTATION_STYLE_ASSIGNMENT((#16002));
#16002 = SURFACE_STYLE_USAGE(.BOTH.,#16003);
#16003 = SURFACE_SIDE_STYLE('',(#16004));
#16004 = SURFACE_STYLE_FILL_AREA(#16005);
#16005 = FILL_AREA_STYLE('',(#16006));
#16006 = FILL_AREA_STYLE_COLOUR('',#15871);
#16007 = STYLED_ITEM('color',(#16008),#9207);
#16008 = PRESENTATION_STYLE_ASSIGNMENT((#16009));
#16009 = SURFACE_STYLE_USAGE(.BOTH.,#16010);
#16010 = SURFACE_SIDE_STYLE('',(#16011));
#16011 = SURFACE_STYLE_FILL_AREA(#16012);
#16012 = FILL_AREA_STYLE('',(#16013));
#16013 = FILL_AREA_STYLE_COLOUR('',#15871);
#16014 = STYLED_ITEM('color',(#16015),#9224);
#16015 = PRESENTATION_STYLE_ASSIGNMENT((#16016));
#16016 = SURFACE_STYLE_USAGE(.BOTH.,#16017);
#16017 = SURFACE_SIDE_STYLE('',(#16018));
#16018 = SURFACE_STYLE_FILL_AREA(#16019);
#16019 = FILL_AREA_STYLE('',(#16020));
#16020 = FILL_AREA_STYLE_COLOUR('',#15871);
#16021 = STYLED_ITEM('color',(#16022),#9241);
#16022 = PRESENTATION_STYLE_ASSIGNMENT((#16023));
#16023 = SURFACE_STYLE_USAGE(.BOTH.,#16024);
#16024 = SURFACE_SIDE_STYLE('',(#16025));
#16025 = SURFACE_STYLE_FILL_AREA(#16026);
#16026 = FILL_AREA_STYLE('',(#16027));
#16027 = FILL_AREA_STYLE_COLOUR('',#15871);
#16028 = STYLED_ITEM('color',(#16029),#9258);
#16029 = PRESENTATION_STYLE_ASSIGNMENT((#16030));
#16030 = SURFACE_STYLE_USAGE(.BOTH.,#16031);
#16031 = SURFACE_SIDE_STYLE('',(#16032));
#16032 = SURFACE_STYLE_FILL_AREA(#16033);
#16033 = FILL_AREA_STYLE('',(#16034));
#16034 = FILL_AREA_STYLE_COLOUR('',#15871);
#16035 = STYLED_ITEM('color',(#16036),#9275);
#16036 = PRESENTATION_STYLE_ASSIGNMENT((#16037));
#16037 = SURFACE_STYLE_USAGE(.BOTH.,#16038);
#16038 = SURFACE_SIDE_STYLE('',(#16039));
#16039 = SURFACE_STYLE_FILL_AREA(#16040);
#16040 = FILL_AREA_STYLE('',(#16041));
#16041 = FILL_AREA_STYLE_COLOUR('',#15964);
#16042 = STYLED_ITEM('color',(#16043),#9292);
#16043 = PRESENTATION_STYLE_ASSIGNMENT((#16044));
#16044 = SURFACE_STYLE_USAGE(.BOTH.,#16045);
#16045 = SURFACE_SIDE_STYLE('',(#16046));
#16046 = SURFACE_STYLE_FILL_AREA(#16047);
#16047 = FILL_AREA_STYLE('',(#16048));
#16048 = FILL_AREA_STYLE_COLOUR('',#15964);
#16049 = MECHANICAL_DESIGN_GEOMETRIC_PRESENTATION_REPRESENTATION('',(
    #16050,#16058,#16065,#16072,#16079,#16086,#16093,#16100,#16107,
    #16114,#16121,#16128,#16135,#16142,#16149,#16156,#16163,#16170,
    #16177,#16184,#16191,#16198,#16205,#16212,#16219,#16226,#16233,
    #16240,#16247,#16254,#16261,#16268,#16275,#16282,#16289,#16296,
    #16303,#16310,#16317,#16324,#16331,#16338,#16345,#16352,#16360,
    #16367,#16374,#16381,#16388,#16395,#16402,#16409,#16416,#16423,
    #16430,#16437,#16444,#16451,#16458,#16465,#16472,#16479,#16486,
    #16493,#16500,#16507,#16514,#16521,#16528,#16535,#16542,#16549,
    #16556,#16563,#16570,#16577,#16584,#16591,#16598,#16605,#16612,
    #16619,#16626,#16633,#16640,#16647,#16654,#16661,#16668,#16675,
    #16682,#16689,#16696),#12215);
#16050 = STYLED_ITEM('color',(#16051),#9325);
#16051 = PRESENTATION_STYLE_ASSIGNMENT((#16052));
#16052 = SURFACE_STYLE_USAGE(.BOTH.,#16053);
#16053 = SURFACE_SIDE_STYLE('',(#16054));
#16054 = SURFACE_STYLE_FILL_AREA(#16055);
#16055 = FILL_AREA_STYLE('',(#16056));
#16056 = FILL_AREA_STYLE_COLOUR('',#16057);
#16057 = COLOUR_RGB('',0.894117649055,0.890196087049,0.811764731185);
#16058 = STYLED_ITEM('color',(#16059),#9365);
#16059 = PRESENTATION_STYLE_ASSIGNMENT((#16060));
#16060 = SURFACE_STYLE_USAGE(.BOTH.,#16061);
#16061 = SURFACE_SIDE_STYLE('',(#16062));
#16062 = SURFACE_STYLE_FILL_AREA(#16063);
#16063 = FILL_AREA_STYLE('',(#16064));
#16064 = FILL_AREA_STYLE_COLOUR('',#16057);
#16065 = STYLED_ITEM('color',(#16066),#9429);
#16066 = PRESENTATION_STYLE_ASSIGNMENT((#16067));
#16067 = SURFACE_STYLE_USAGE(.BOTH.,#16068);
#16068 = SURFACE_SIDE_STYLE('',(#16069));
#16069 = SURFACE_STYLE_FILL_AREA(#16070);
#16070 = FILL_AREA_STYLE('',(#16071));
#16071 = FILL_AREA_STYLE_COLOUR('',#16057);
#16072 = STYLED_ITEM('color',(#16073),#9517);
#16073 = PRESENTATION_STYLE_ASSIGNMENT((#16074));
#16074 = SURFACE_STYLE_USAGE(.BOTH.,#16075);
#16075 = SURFACE_SIDE_STYLE('',(#16076));
#16076 = SURFACE_STYLE_FILL_AREA(#16077);
#16077 = FILL_AREA_STYLE('',(#16078));
#16078 = FILL_AREA_STYLE_COLOUR('',#16057);
#16079 = STYLED_ITEM('color',(#16080),#9557);
#16080 = PRESENTATION_STYLE_ASSIGNMENT((#16081));
#16081 = SURFACE_STYLE_USAGE(.BOTH.,#16082);
#16082 = SURFACE_SIDE_STYLE('',(#16083));
#16083 = SURFACE_STYLE_FILL_AREA(#16084);
#16084 = FILL_AREA_STYLE('',(#16085));
#16085 = FILL_AREA_STYLE_COLOUR('',#16057);
#16086 = STYLED_ITEM('color',(#16087),#9768);
#16087 = PRESENTATION_STYLE_ASSIGNMENT((#16088));
#16088 = SURFACE_STYLE_USAGE(.BOTH.,#16089);
#16089 = SURFACE_SIDE_STYLE('',(#16090));
#16090 = SURFACE_STYLE_FILL_AREA(#16091);
#16091 = FILL_AREA_STYLE('',(#16092));
#16092 = FILL_AREA_STYLE_COLOUR('',#16057);
#16093 = STYLED_ITEM('color',(#16094),#9808);
#16094 = PRESENTATION_STYLE_ASSIGNMENT((#16095));
#16095 = SURFACE_STYLE_USAGE(.BOTH.,#16096);
#16096 = SURFACE_SIDE_STYLE('',(#16097));
#16097 = SURFACE_STYLE_FILL_AREA(#16098);
#16098 = FILL_AREA_STYLE('',(#16099));
#16099 = FILL_AREA_STYLE_COLOUR('',#16057);
#16100 = STYLED_ITEM('color',(#16101),#9832);
#16101 = PRESENTATION_STYLE_ASSIGNMENT((#16102));
#16102 = SURFACE_STYLE_USAGE(.BOTH.,#16103);
#16103 = SURFACE_SIDE_STYLE('',(#16104));
#16104 = SURFACE_STYLE_FILL_AREA(#16105);
#16105 = FILL_AREA_STYLE('',(#16106));
#16106 = FILL_AREA_STYLE_COLOUR('',#16057);
#16107 = STYLED_ITEM('color',(#16108),#9857);
#16108 = PRESENTATION_STYLE_ASSIGNMENT((#16109));
#16109 = SURFACE_STYLE_USAGE(.BOTH.,#16110);
#16110 = SURFACE_SIDE_STYLE('',(#16111));
#16111 = SURFACE_STYLE_FILL_AREA(#16112);
#16112 = FILL_AREA_STYLE('',(#16113));
#16113 = FILL_AREA_STYLE_COLOUR('',#16057);
#16114 = STYLED_ITEM('color',(#16115),#9881);
#16115 = PRESENTATION_STYLE_ASSIGNMENT((#16116));
#16116 = SURFACE_STYLE_USAGE(.BOTH.,#16117);
#16117 = SURFACE_SIDE_STYLE('',(#16118));
#16118 = SURFACE_STYLE_FILL_AREA(#16119);
#16119 = FILL_AREA_STYLE('',(#16120));
#16120 = FILL_AREA_STYLE_COLOUR('',#16057);
#16121 = STYLED_ITEM('color',(#16122),#9930);
#16122 = PRESENTATION_STYLE_ASSIGNMENT((#16123));
#16123 = SURFACE_STYLE_USAGE(.BOTH.,#16124);
#16124 = SURFACE_SIDE_STYLE('',(#16125));
#16125 = SURFACE_STYLE_FILL_AREA(#16126);
#16126 = FILL_AREA_STYLE('',(#16127));
#16127 = FILL_AREA_STYLE_COLOUR('',#16057);
#16128 = STYLED_ITEM('color',(#16129),#9952);
#16129 = PRESENTATION_STYLE_ASSIGNMENT((#16130));
#16130 = SURFACE_STYLE_USAGE(.BOTH.,#16131);
#16131 = SURFACE_SIDE_STYLE('',(#16132));
#16132 = SURFACE_STYLE_FILL_AREA(#16133);
#16133 = FILL_AREA_STYLE('',(#16134));
#16134 = FILL_AREA_STYLE_COLOUR('',#16057);
#16135 = STYLED_ITEM('color',(#16136),#9985);
#16136 = PRESENTATION_STYLE_ASSIGNMENT((#16137));
#16137 = SURFACE_STYLE_USAGE(.BOTH.,#16138);
#16138 = SURFACE_SIDE_STYLE('',(#16139));
#16139 = SURFACE_STYLE_FILL_AREA(#16140);
#16140 = FILL_AREA_STYLE('',(#16141));
#16141 = FILL_AREA_STYLE_COLOUR('',#16057);
#16142 = STYLED_ITEM('color',(#16143),#10009);
#16143 = PRESENTATION_STYLE_ASSIGNMENT((#16144));
#16144 = SURFACE_STYLE_USAGE(.BOTH.,#16145);
#16145 = SURFACE_SIDE_STYLE('',(#16146));
#16146 = SURFACE_STYLE_FILL_AREA(#16147);
#16147 = FILL_AREA_STYLE('',(#16148));
#16148 = FILL_AREA_STYLE_COLOUR('',#16057);
#16149 = STYLED_ITEM('color',(#16150),#10040);
#16150 = PRESENTATION_STYLE_ASSIGNMENT((#16151));
#16151 = SURFACE_STYLE_USAGE(.BOTH.,#16152);
#16152 = SURFACE_SIDE_STYLE('',(#16153));
#16153 = SURFACE_STYLE_FILL_AREA(#16154);
#16154 = FILL_AREA_STYLE('',(#16155));
#16155 = FILL_AREA_STYLE_COLOUR('',#16057);
#16156 = STYLED_ITEM('color',(#16157),#10057);
#16157 = PRESENTATION_STYLE_ASSIGNMENT((#16158));
#16158 = SURFACE_STYLE_USAGE(.BOTH.,#16159);
#16159 = SURFACE_SIDE_STYLE('',(#16160));
#16160 = SURFACE_STYLE_FILL_AREA(#16161);
#16161 = FILL_AREA_STYLE('',(#16162));
#16162 = FILL_AREA_STYLE_COLOUR('',#16057);
#16163 = STYLED_ITEM('color',(#16164),#10090);
#16164 = PRESENTATION_STYLE_ASSIGNMENT((#16165));
#16165 = SURFACE_STYLE_USAGE(.BOTH.,#16166);
#16166 = SURFACE_SIDE_STYLE('',(#16167));
#16167 = SURFACE_STYLE_FILL_AREA(#16168);
#16168 = FILL_AREA_STYLE('',(#16169));
#16169 = FILL_AREA_STYLE_COLOUR('',#16057);
#16170 = STYLED_ITEM('color',(#16171),#10107);
#16171 = PRESENTATION_STYLE_ASSIGNMENT((#16172));
#16172 = SURFACE_STYLE_USAGE(.BOTH.,#16173);
#16173 = SURFACE_SIDE_STYLE('',(#16174));
#16174 = SURFACE_STYLE_FILL_AREA(#16175);
#16175 = FILL_AREA_STYLE('',(#16176));
#16176 = FILL_AREA_STYLE_COLOUR('',#16057);
#16177 = STYLED_ITEM('color',(#16178),#10150);
#16178 = PRESENTATION_STYLE_ASSIGNMENT((#16179));
#16179 = SURFACE_STYLE_USAGE(.BOTH.,#16180);
#16180 = SURFACE_SIDE_STYLE('',(#16181));
#16181 = SURFACE_STYLE_FILL_AREA(#16182);
#16182 = FILL_AREA_STYLE('',(#16183));
#16183 = FILL_AREA_STYLE_COLOUR('',#16057);
#16184 = STYLED_ITEM('color',(#16185),#10167);
#16185 = PRESENTATION_STYLE_ASSIGNMENT((#16186));
#16186 = SURFACE_STYLE_USAGE(.BOTH.,#16187);
#16187 = SURFACE_SIDE_STYLE('',(#16188));
#16188 = SURFACE_STYLE_FILL_AREA(#16189);
#16189 = FILL_AREA_STYLE('',(#16190));
#16190 = FILL_AREA_STYLE_COLOUR('',#16057);
#16191 = STYLED_ITEM('color',(#16192),#10213);
#16192 = PRESENTATION_STYLE_ASSIGNMENT((#16193));
#16193 = SURFACE_STYLE_USAGE(.BOTH.,#16194);
#16194 = SURFACE_SIDE_STYLE('',(#16195));
#16195 = SURFACE_STYLE_FILL_AREA(#16196);
#16196 = FILL_AREA_STYLE('',(#16197));
#16197 = FILL_AREA_STYLE_COLOUR('',#16057);
#16198 = STYLED_ITEM('color',(#16199),#10230);
#16199 = PRESENTATION_STYLE_ASSIGNMENT((#16200));
#16200 = SURFACE_STYLE_USAGE(.BOTH.,#16201);
#16201 = SURFACE_SIDE_STYLE('',(#16202));
#16202 = SURFACE_STYLE_FILL_AREA(#16203);
#16203 = FILL_AREA_STYLE('',(#16204));
#16204 = FILL_AREA_STYLE_COLOUR('',#16057);
#16205 = STYLED_ITEM('color',(#16206),#10293);
#16206 = PRESENTATION_STYLE_ASSIGNMENT((#16207));
#16207 = SURFACE_STYLE_USAGE(.BOTH.,#16208);
#16208 = SURFACE_SIDE_STYLE('',(#16209));
#16209 = SURFACE_STYLE_FILL_AREA(#16210);
#16210 = FILL_AREA_STYLE('',(#16211));
#16211 = FILL_AREA_STYLE_COLOUR('',#16057);
#16212 = STYLED_ITEM('color',(#16213),#10317);
#16213 = PRESENTATION_STYLE_ASSIGNMENT((#16214));
#16214 = SURFACE_STYLE_USAGE(.BOTH.,#16215);
#16215 = SURFACE_SIDE_STYLE('',(#16216));
#16216 = SURFACE_STYLE_FILL_AREA(#16217);
#16217 = FILL_AREA_STYLE('',(#16218));
#16218 = FILL_AREA_STYLE_COLOUR('',#16057);
#16219 = STYLED_ITEM('color',(#16220),#10364);
#16220 = PRESENTATION_STYLE_ASSIGNMENT((#16221));
#16221 = SURFACE_STYLE_USAGE(.BOTH.,#16222);
#16222 = SURFACE_SIDE_STYLE('',(#16223));
#16223 = SURFACE_STYLE_FILL_AREA(#16224);
#16224 = FILL_AREA_STYLE('',(#16225));
#16225 = FILL_AREA_STYLE_COLOUR('',#16057);
#16226 = STYLED_ITEM('color',(#16227),#10388);
#16227 = PRESENTATION_STYLE_ASSIGNMENT((#16228));
#16228 = SURFACE_STYLE_USAGE(.BOTH.,#16229);
#16229 = SURFACE_SIDE_STYLE('',(#16230));
#16230 = SURFACE_STYLE_FILL_AREA(#16231);
#16231 = FILL_AREA_STYLE('',(#16232));
#16232 = FILL_AREA_STYLE_COLOUR('',#16057);
#16233 = STYLED_ITEM('color',(#16234),#10412);
#16234 = PRESENTATION_STYLE_ASSIGNMENT((#16235));
#16235 = SURFACE_STYLE_USAGE(.BOTH.,#16236);
#16236 = SURFACE_SIDE_STYLE('',(#16237));
#16237 = SURFACE_STYLE_FILL_AREA(#16238);
#16238 = FILL_AREA_STYLE('',(#16239));
#16239 = FILL_AREA_STYLE_COLOUR('',#16057);
#16240 = STYLED_ITEM('color',(#16241),#10429);
#16241 = PRESENTATION_STYLE_ASSIGNMENT((#16242));
#16242 = SURFACE_STYLE_USAGE(.BOTH.,#16243);
#16243 = SURFACE_SIDE_STYLE('',(#16244));
#16244 = SURFACE_STYLE_FILL_AREA(#16245);
#16245 = FILL_AREA_STYLE('',(#16246));
#16246 = FILL_AREA_STYLE_COLOUR('',#16057);
#16247 = STYLED_ITEM('color',(#16248),#10446);
#16248 = PRESENTATION_STYLE_ASSIGNMENT((#16249));
#16249 = SURFACE_STYLE_USAGE(.BOTH.,#16250);
#16250 = SURFACE_SIDE_STYLE('',(#16251));
#16251 = SURFACE_STYLE_FILL_AREA(#16252);
#16252 = FILL_AREA_STYLE('',(#16253));
#16253 = FILL_AREA_STYLE_COLOUR('',#16057);
#16254 = STYLED_ITEM('color',(#16255),#10470);
#16255 = PRESENTATION_STYLE_ASSIGNMENT((#16256));
#16256 = SURFACE_STYLE_USAGE(.BOTH.,#16257);
#16257 = SURFACE_SIDE_STYLE('',(#16258));
#16258 = SURFACE_STYLE_FILL_AREA(#16259);
#16259 = FILL_AREA_STYLE('',(#16260));
#16260 = FILL_AREA_STYLE_COLOUR('',#16057);
#16261 = STYLED_ITEM('color',(#16262),#10494);
#16262 = PRESENTATION_STYLE_ASSIGNMENT((#16263));
#16263 = SURFACE_STYLE_USAGE(.BOTH.,#16264);
#16264 = SURFACE_SIDE_STYLE('',(#16265));
#16265 = SURFACE_STYLE_FILL_AREA(#16266);
#16266 = FILL_AREA_STYLE('',(#16267));
#16267 = FILL_AREA_STYLE_COLOUR('',#16057);
#16268 = STYLED_ITEM('color',(#16269),#10511);
#16269 = PRESENTATION_STYLE_ASSIGNMENT((#16270));
#16270 = SURFACE_STYLE_USAGE(.BOTH.,#16271);
#16271 = SURFACE_SIDE_STYLE('',(#16272));
#16272 = SURFACE_STYLE_FILL_AREA(#16273);
#16273 = FILL_AREA_STYLE('',(#16274));
#16274 = FILL_AREA_STYLE_COLOUR('',#16057);
#16275 = STYLED_ITEM('color',(#16276),#10542);
#16276 = PRESENTATION_STYLE_ASSIGNMENT((#16277));
#16277 = SURFACE_STYLE_USAGE(.BOTH.,#16278);
#16278 = SURFACE_SIDE_STYLE('',(#16279));
#16279 = SURFACE_STYLE_FILL_AREA(#16280);
#16280 = FILL_AREA_STYLE('',(#16281));
#16281 = FILL_AREA_STYLE_COLOUR('',#16057);
#16282 = STYLED_ITEM('color',(#16283),#10566);
#16283 = PRESENTATION_STYLE_ASSIGNMENT((#16284));
#16284 = SURFACE_STYLE_USAGE(.BOTH.,#16285);
#16285 = SURFACE_SIDE_STYLE('',(#16286));
#16286 = SURFACE_STYLE_FILL_AREA(#16287);
#16287 = FILL_AREA_STYLE('',(#16288));
#16288 = FILL_AREA_STYLE_COLOUR('',#16057);
#16289 = STYLED_ITEM('color',(#16290),#10590);
#16290 = PRESENTATION_STYLE_ASSIGNMENT((#16291));
#16291 = SURFACE_STYLE_USAGE(.BOTH.,#16292);
#16292 = SURFACE_SIDE_STYLE('',(#16293));
#16293 = SURFACE_STYLE_FILL_AREA(#16294);
#16294 = FILL_AREA_STYLE('',(#16295));
#16295 = FILL_AREA_STYLE_COLOUR('',#16057);
#16296 = STYLED_ITEM('color',(#16297),#10607);
#16297 = PRESENTATION_STYLE_ASSIGNMENT((#16298));
#16298 = SURFACE_STYLE_USAGE(.BOTH.,#16299);
#16299 = SURFACE_SIDE_STYLE('',(#16300));
#16300 = SURFACE_STYLE_FILL_AREA(#16301);
#16301 = FILL_AREA_STYLE('',(#16302));
#16302 = FILL_AREA_STYLE_COLOUR('',#16057);
#16303 = STYLED_ITEM('color',(#16304),#10642);
#16304 = PRESENTATION_STYLE_ASSIGNMENT((#16305));
#16305 = SURFACE_STYLE_USAGE(.BOTH.,#16306);
#16306 = SURFACE_SIDE_STYLE('',(#16307));
#16307 = SURFACE_STYLE_FILL_AREA(#16308);
#16308 = FILL_AREA_STYLE('',(#16309));
#16309 = FILL_AREA_STYLE_COLOUR('',#16057);
#16310 = STYLED_ITEM('color',(#16311),#10682);
#16311 = PRESENTATION_STYLE_ASSIGNMENT((#16312));
#16312 = SURFACE_STYLE_USAGE(.BOTH.,#16313);
#16313 = SURFACE_SIDE_STYLE('',(#16314));
#16314 = SURFACE_STYLE_FILL_AREA(#16315);
#16315 = FILL_AREA_STYLE('',(#16316));
#16316 = FILL_AREA_STYLE_COLOUR('',#16057);
#16317 = STYLED_ITEM('color',(#16318),#10706);
#16318 = PRESENTATION_STYLE_ASSIGNMENT((#16319));
#16319 = SURFACE_STYLE_USAGE(.BOTH.,#16320);
#16320 = SURFACE_SIDE_STYLE('',(#16321));
#16321 = SURFACE_STYLE_FILL_AREA(#16322);
#16322 = FILL_AREA_STYLE('',(#16323));
#16323 = FILL_AREA_STYLE_COLOUR('',#16057);
#16324 = STYLED_ITEM('color',(#16325),#10747);
#16325 = PRESENTATION_STYLE_ASSIGNMENT((#16326));
#16326 = SURFACE_STYLE_USAGE(.BOTH.,#16327);
#16327 = SURFACE_SIDE_STYLE('',(#16328));
#16328 = SURFACE_STYLE_FILL_AREA(#16329);
#16329 = FILL_AREA_STYLE('',(#16330));
#16330 = FILL_AREA_STYLE_COLOUR('',#16057);
#16331 = STYLED_ITEM('color',(#16332),#10796);
#16332 = PRESENTATION_STYLE_ASSIGNMENT((#16333));
#16333 = SURFACE_STYLE_USAGE(.BOTH.,#16334);
#16334 = SURFACE_SIDE_STYLE('',(#16335));
#16335 = SURFACE_STYLE_FILL_AREA(#16336);
#16336 = FILL_AREA_STYLE('',(#16337));
#16337 = FILL_AREA_STYLE_COLOUR('',#16057);
#16338 = STYLED_ITEM('color',(#16339),#10842);
#16339 = PRESENTATION_STYLE_ASSIGNMENT((#16340));
#16340 = SURFACE_STYLE_USAGE(.BOTH.,#16341);
#16341 = SURFACE_SIDE_STYLE('',(#16342));
#16342 = SURFACE_STYLE_FILL_AREA(#16343);
#16343 = FILL_AREA_STYLE('',(#16344));
#16344 = FILL_AREA_STYLE_COLOUR('',#16057);
#16345 = STYLED_ITEM('color',(#16346),#10859);
#16346 = PRESENTATION_STYLE_ASSIGNMENT((#16347));
#16347 = SURFACE_STYLE_USAGE(.BOTH.,#16348);
#16348 = SURFACE_SIDE_STYLE('',(#16349));
#16349 = SURFACE_STYLE_FILL_AREA(#16350);
#16350 = FILL_AREA_STYLE('',(#16351));
#16351 = FILL_AREA_STYLE_COLOUR('',#16057);
#16352 = STYLED_ITEM('color',(#16353),#10871);
#16353 = PRESENTATION_STYLE_ASSIGNMENT((#16354));
#16354 = SURFACE_STYLE_USAGE(.BOTH.,#16355);
#16355 = SURFACE_SIDE_STYLE('',(#16356));
#16356 = SURFACE_STYLE_FILL_AREA(#16357);
#16357 = FILL_AREA_STYLE('',(#16358));
#16358 = FILL_AREA_STYLE_COLOUR('',#16359);
#16359 = COLOUR_RGB('',0.823529417451,0.819607860991,0.780392170416);
#16360 = STYLED_ITEM('color',(#16361),#10902);
#16361 = PRESENTATION_STYLE_ASSIGNMENT((#16362));
#16362 = SURFACE_STYLE_USAGE(.BOTH.,#16363);
#16363 = SURFACE_SIDE_STYLE('',(#16364));
#16364 = SURFACE_STYLE_FILL_AREA(#16365);
#16365 = FILL_AREA_STYLE('',(#16366));
#16366 = FILL_AREA_STYLE_COLOUR('',#16359);
#16367 = STYLED_ITEM('color',(#16368),#10958);
#16368 = PRESENTATION_STYLE_ASSIGNMENT((#16369));
#16369 = SURFACE_STYLE_USAGE(.BOTH.,#16370);
#16370 = SURFACE_SIDE_STYLE('',(#16371));
#16371 = SURFACE_STYLE_FILL_AREA(#16372);
#16372 = FILL_AREA_STYLE('',(#16373));
#16373 = FILL_AREA_STYLE_COLOUR('',#16359);
#16374 = STYLED_ITEM('color',(#16375),#10982);
#16375 = PRESENTATION_STYLE_ASSIGNMENT((#16376));
#16376 = SURFACE_STYLE_USAGE(.BOTH.,#16377);
#16377 = SURFACE_SIDE_STYLE('',(#16378));
#16378 = SURFACE_STYLE_FILL_AREA(#16379);
#16379 = FILL_AREA_STYLE('',(#16380));
#16380 = FILL_AREA_STYLE_COLOUR('',#16359);
#16381 = STYLED_ITEM('color',(#16382),#11031);
#16382 = PRESENTATION_STYLE_ASSIGNMENT((#16383));
#16383 = SURFACE_STYLE_USAGE(.BOTH.,#16384);
#16384 = SURFACE_SIDE_STYLE('',(#16385));
#16385 = SURFACE_STYLE_FILL_AREA(#16386);
#16386 = FILL_AREA_STYLE('',(#16387));
#16387 = FILL_AREA_STYLE_COLOUR('',#16057);
#16388 = STYLED_ITEM('color',(#16389),#11043);
#16389 = PRESENTATION_STYLE_ASSIGNMENT((#16390));
#16390 = SURFACE_STYLE_USAGE(.BOTH.,#16391);
#16391 = SURFACE_SIDE_STYLE('',(#16392));
#16392 = SURFACE_STYLE_FILL_AREA(#16393);
#16393 = FILL_AREA_STYLE('',(#16394));
#16394 = FILL_AREA_STYLE_COLOUR('',#16057);
#16395 = STYLED_ITEM('color',(#16396),#11146);
#16396 = PRESENTATION_STYLE_ASSIGNMENT((#16397));
#16397 = SURFACE_STYLE_USAGE(.BOTH.,#16398);
#16398 = SURFACE_SIDE_STYLE('',(#16399));
#16399 = SURFACE_STYLE_FILL_AREA(#16400);
#16400 = FILL_AREA_STYLE('',(#16401));
#16401 = FILL_AREA_STYLE_COLOUR('',#16057);
#16402 = STYLED_ITEM('color',(#16403),#11170);
#16403 = PRESENTATION_STYLE_ASSIGNMENT((#16404));
#16404 = SURFACE_STYLE_USAGE(.BOTH.,#16405);
#16405 = SURFACE_SIDE_STYLE('',(#16406));
#16406 = SURFACE_STYLE_FILL_AREA(#16407);
#16407 = FILL_AREA_STYLE('',(#16408));
#16408 = FILL_AREA_STYLE_COLOUR('',#16057);
#16409 = STYLED_ITEM('color',(#16410),#11194);
#16410 = PRESENTATION_STYLE_ASSIGNMENT((#16411));
#16411 = SURFACE_STYLE_USAGE(.BOTH.,#16412);
#16412 = SURFACE_SIDE_STYLE('',(#16413));
#16413 = SURFACE_STYLE_FILL_AREA(#16414);
#16414 = FILL_AREA_STYLE('',(#16415));
#16415 = FILL_AREA_STYLE_COLOUR('',#16057);
#16416 = STYLED_ITEM('color',(#16417),#11211);
#16417 = PRESENTATION_STYLE_ASSIGNMENT((#16418));
#16418 = SURFACE_STYLE_USAGE(.BOTH.,#16419);
#16419 = SURFACE_SIDE_STYLE('',(#16420));
#16420 = SURFACE_STYLE_FILL_AREA(#16421);
#16421 = FILL_AREA_STYLE('',(#16422));
#16422 = FILL_AREA_STYLE_COLOUR('',#16359);
#16423 = STYLED_ITEM('color',(#16424),#11242);
#16424 = PRESENTATION_STYLE_ASSIGNMENT((#16425));
#16425 = SURFACE_STYLE_USAGE(.BOTH.,#16426);
#16426 = SURFACE_SIDE_STYLE('',(#16427));
#16427 = SURFACE_STYLE_FILL_AREA(#16428);
#16428 = FILL_AREA_STYLE('',(#16429));
#16429 = FILL_AREA_STYLE_COLOUR('',#16359);
#16430 = STYLED_ITEM('color',(#16431),#11298);
#16431 = PRESENTATION_STYLE_ASSIGNMENT((#16432));
#16432 = SURFACE_STYLE_USAGE(.BOTH.,#16433);
#16433 = SURFACE_SIDE_STYLE('',(#16434));
#16434 = SURFACE_STYLE_FILL_AREA(#16435);
#16435 = FILL_AREA_STYLE('',(#16436));
#16436 = FILL_AREA_STYLE_COLOUR('',#16359);
#16437 = STYLED_ITEM('color',(#16438),#11322);
#16438 = PRESENTATION_STYLE_ASSIGNMENT((#16439));
#16439 = SURFACE_STYLE_USAGE(.BOTH.,#16440);
#16440 = SURFACE_SIDE_STYLE('',(#16441));
#16441 = SURFACE_STYLE_FILL_AREA(#16442);
#16442 = FILL_AREA_STYLE('',(#16443));
#16443 = FILL_AREA_STYLE_COLOUR('',#16359);
#16444 = STYLED_ITEM('color',(#16445),#11371);
#16445 = PRESENTATION_STYLE_ASSIGNMENT((#16446));
#16446 = SURFACE_STYLE_USAGE(.BOTH.,#16447);
#16447 = SURFACE_SIDE_STYLE('',(#16448));
#16448 = SURFACE_STYLE_FILL_AREA(#16449);
#16449 = FILL_AREA_STYLE('',(#16450));
#16450 = FILL_AREA_STYLE_COLOUR('',#16359);
#16451 = STYLED_ITEM('color',(#16452),#11388);
#16452 = PRESENTATION_STYLE_ASSIGNMENT((#16453));
#16453 = SURFACE_STYLE_USAGE(.BOTH.,#16454);
#16454 = SURFACE_SIDE_STYLE('',(#16455));
#16455 = SURFACE_STYLE_FILL_AREA(#16456);
#16456 = FILL_AREA_STYLE('',(#16457));
#16457 = FILL_AREA_STYLE_COLOUR('',#16359);
#16458 = STYLED_ITEM('color',(#16459),#11435);
#16459 = PRESENTATION_STYLE_ASSIGNMENT((#16460));
#16460 = SURFACE_STYLE_USAGE(.BOTH.,#16461);
#16461 = SURFACE_SIDE_STYLE('',(#16462));
#16462 = SURFACE_STYLE_FILL_AREA(#16463);
#16463 = FILL_AREA_STYLE('',(#16464));
#16464 = FILL_AREA_STYLE_COLOUR('',#16359);
#16465 = STYLED_ITEM('color',(#16466),#11461);
#16466 = PRESENTATION_STYLE_ASSIGNMENT((#16467));
#16467 = SURFACE_STYLE_USAGE(.BOTH.,#16468);
#16468 = SURFACE_SIDE_STYLE('',(#16469));
#16469 = SURFACE_STYLE_FILL_AREA(#16470);
#16470 = FILL_AREA_STYLE('',(#16471));
#16471 = FILL_AREA_STYLE_COLOUR('',#16359);
#16472 = STYLED_ITEM('color',(#16473),#11478);
#16473 = PRESENTATION_STYLE_ASSIGNMENT((#16474));
#16474 = SURFACE_STYLE_USAGE(.BOTH.,#16475);
#16475 = SURFACE_SIDE_STYLE('',(#16476));
#16476 = SURFACE_STYLE_FILL_AREA(#16477);
#16477 = FILL_AREA_STYLE('',(#16478));
#16478 = FILL_AREA_STYLE_COLOUR('',#16359);
#16479 = STYLED_ITEM('color',(#16480),#11504);
#16480 = PRESENTATION_STYLE_ASSIGNMENT((#16481));
#16481 = SURFACE_STYLE_USAGE(.BOTH.,#16482);
#16482 = SURFACE_SIDE_STYLE('',(#16483));
#16483 = SURFACE_STYLE_FILL_AREA(#16484);
#16484 = FILL_AREA_STYLE('',(#16485));
#16485 = FILL_AREA_STYLE_COLOUR('',#16359);
#16486 = STYLED_ITEM('color',(#16487),#11537);
#16487 = PRESENTATION_STYLE_ASSIGNMENT((#16488));
#16488 = SURFACE_STYLE_USAGE(.BOTH.,#16489);
#16489 = SURFACE_SIDE_STYLE('',(#16490));
#16490 = SURFACE_STYLE_FILL_AREA(#16491);
#16491 = FILL_AREA_STYLE('',(#16492));
#16492 = FILL_AREA_STYLE_COLOUR('',#16057);
#16493 = STYLED_ITEM('color',(#16494),#11549);
#16494 = PRESENTATION_STYLE_ASSIGNMENT((#16495));
#16495 = SURFACE_STYLE_USAGE(.BOTH.,#16496);
#16496 = SURFACE_SIDE_STYLE('',(#16497));
#16497 = SURFACE_STYLE_FILL_AREA(#16498);
#16498 = FILL_AREA_STYLE('',(#16499));
#16499 = FILL_AREA_STYLE_COLOUR('',#16359);
#16500 = STYLED_ITEM('color',(#16501),#11580);
#16501 = PRESENTATION_STYLE_ASSIGNMENT((#16502));
#16502 = SURFACE_STYLE_USAGE(.BOTH.,#16503);
#16503 = SURFACE_SIDE_STYLE('',(#16504));
#16504 = SURFACE_STYLE_FILL_AREA(#16505);
#16505 = FILL_AREA_STYLE('',(#16506));
#16506 = FILL_AREA_STYLE_COLOUR('',#16359);
#16507 = STYLED_ITEM('color',(#16508),#11604);
#16508 = PRESENTATION_STYLE_ASSIGNMENT((#16509));
#16509 = SURFACE_STYLE_USAGE(.BOTH.,#16510);
#16510 = SURFACE_SIDE_STYLE('',(#16511));
#16511 = SURFACE_STYLE_FILL_AREA(#16512);
#16512 = FILL_AREA_STYLE('',(#16513));
#16513 = FILL_AREA_STYLE_COLOUR('',#16359);
#16514 = STYLED_ITEM('color',(#16515),#11628);
#16515 = PRESENTATION_STYLE_ASSIGNMENT((#16516));
#16516 = SURFACE_STYLE_USAGE(.BOTH.,#16517);
#16517 = SURFACE_SIDE_STYLE('',(#16518));
#16518 = SURFACE_STYLE_FILL_AREA(#16519);
#16519 = FILL_AREA_STYLE('',(#16520));
#16520 = FILL_AREA_STYLE_COLOUR('',#16359);
#16521 = STYLED_ITEM('color',(#16522),#11645);
#16522 = PRESENTATION_STYLE_ASSIGNMENT((#16523));
#16523 = SURFACE_STYLE_USAGE(.BOTH.,#16524);
#16524 = SURFACE_SIDE_STYLE('',(#16525));
#16525 = SURFACE_STYLE_FILL_AREA(#16526);
#16526 = FILL_AREA_STYLE('',(#16527));
#16527 = FILL_AREA_STYLE_COLOUR('',#16359);
#16528 = STYLED_ITEM('color',(#16529),#11676);
#16529 = PRESENTATION_STYLE_ASSIGNMENT((#16530));
#16530 = SURFACE_STYLE_USAGE(.BOTH.,#16531);
#16531 = SURFACE_SIDE_STYLE('',(#16532));
#16532 = SURFACE_STYLE_FILL_AREA(#16533);
#16533 = FILL_AREA_STYLE('',(#16534));
#16534 = FILL_AREA_STYLE_COLOUR('',#16359);
#16535 = STYLED_ITEM('color',(#16536),#11700);
#16536 = PRESENTATION_STYLE_ASSIGNMENT((#16537));
#16537 = SURFACE_STYLE_USAGE(.BOTH.,#16538);
#16538 = SURFACE_SIDE_STYLE('',(#16539));
#16539 = SURFACE_STYLE_FILL_AREA(#16540);
#16540 = FILL_AREA_STYLE('',(#16541));
#16541 = FILL_AREA_STYLE_COLOUR('',#16359);
#16542 = STYLED_ITEM('color',(#16543),#11724);
#16543 = PRESENTATION_STYLE_ASSIGNMENT((#16544));
#16544 = SURFACE_STYLE_USAGE(.BOTH.,#16545);
#16545 = SURFACE_SIDE_STYLE('',(#16546));
#16546 = SURFACE_STYLE_FILL_AREA(#16547);
#16547 = FILL_AREA_STYLE('',(#16548));
#16548 = FILL_AREA_STYLE_COLOUR('',#16359);
#16549 = STYLED_ITEM('color',(#16550),#11741);
#16550 = PRESENTATION_STYLE_ASSIGNMENT((#16551));
#16551 = SURFACE_STYLE_USAGE(.BOTH.,#16552);
#16552 = SURFACE_SIDE_STYLE('',(#16553));
#16553 = SURFACE_STYLE_FILL_AREA(#16554);
#16554 = FILL_AREA_STYLE('',(#16555));
#16555 = FILL_AREA_STYLE_COLOUR('',#16359);
#16556 = STYLED_ITEM('color',(#16557),#11758);
#16557 = PRESENTATION_STYLE_ASSIGNMENT((#16558));
#16558 = SURFACE_STYLE_USAGE(.BOTH.,#16559);
#16559 = SURFACE_SIDE_STYLE('',(#16560));
#16560 = SURFACE_STYLE_FILL_AREA(#16561);
#16561 = FILL_AREA_STYLE('',(#16562));
#16562 = FILL_AREA_STYLE_COLOUR('',#16359);
#16563 = STYLED_ITEM('color',(#16564),#11805);
#16564 = PRESENTATION_STYLE_ASSIGNMENT((#16565));
#16565 = SURFACE_STYLE_USAGE(.BOTH.,#16566);
#16566 = SURFACE_SIDE_STYLE('',(#16567));
#16567 = SURFACE_STYLE_FILL_AREA(#16568);
#16568 = FILL_AREA_STYLE('',(#16569));
#16569 = FILL_AREA_STYLE_COLOUR('',#16359);
#16570 = STYLED_ITEM('color',(#16571),#11831);
#16571 = PRESENTATION_STYLE_ASSIGNMENT((#16572));
#16572 = SURFACE_STYLE_USAGE(.BOTH.,#16573);
#16573 = SURFACE_SIDE_STYLE('',(#16574));
#16574 = SURFACE_STYLE_FILL_AREA(#16575);
#16575 = FILL_AREA_STYLE('',(#16576));
#16576 = FILL_AREA_STYLE_COLOUR('',#16359);
#16577 = STYLED_ITEM('color',(#16578),#11848);
#16578 = PRESENTATION_STYLE_ASSIGNMENT((#16579));
#16579 = SURFACE_STYLE_USAGE(.BOTH.,#16580);
#16580 = SURFACE_SIDE_STYLE('',(#16581));
#16581 = SURFACE_STYLE_FILL_AREA(#16582);
#16582 = FILL_AREA_STYLE('',(#16583));
#16583 = FILL_AREA_STYLE_COLOUR('',#16359);
#16584 = STYLED_ITEM('color',(#16585),#11874);
#16585 = PRESENTATION_STYLE_ASSIGNMENT((#16586));
#16586 = SURFACE_STYLE_USAGE(.BOTH.,#16587);
#16587 = SURFACE_SIDE_STYLE('',(#16588));
#16588 = SURFACE_STYLE_FILL_AREA(#16589);
#16589 = FILL_AREA_STYLE('',(#16590));
#16590 = FILL_AREA_STYLE_COLOUR('',#16359);
#16591 = STYLED_ITEM('color',(#16592),#11907);
#16592 = PRESENTATION_STYLE_ASSIGNMENT((#16593));
#16593 = SURFACE_STYLE_USAGE(.BOTH.,#16594);
#16594 = SURFACE_SIDE_STYLE('',(#16595));
#16595 = SURFACE_STYLE_FILL_AREA(#16596);
#16596 = FILL_AREA_STYLE('',(#16597));
#16597 = FILL_AREA_STYLE_COLOUR('',#16359);
#16598 = STYLED_ITEM('color',(#16599),#11924);
#16599 = PRESENTATION_STYLE_ASSIGNMENT((#16600));
#16600 = SURFACE_STYLE_USAGE(.BOTH.,#16601);
#16601 = SURFACE_SIDE_STYLE('',(#16602));
#16602 = SURFACE_STYLE_FILL_AREA(#16603);
#16603 = FILL_AREA_STYLE('',(#16604));
#16604 = FILL_AREA_STYLE_COLOUR('',#16359);
#16605 = STYLED_ITEM('color',(#16606),#11941);
#16606 = PRESENTATION_STYLE_ASSIGNMENT((#16607));
#16607 = SURFACE_STYLE_USAGE(.BOTH.,#16608);
#16608 = SURFACE_SIDE_STYLE('',(#16609));
#16609 = SURFACE_STYLE_FILL_AREA(#16610);
#16610 = FILL_AREA_STYLE('',(#16611));
#16611 = FILL_AREA_STYLE_COLOUR('',#16359);
#16612 = STYLED_ITEM('color',(#16613),#11953);
#16613 = PRESENTATION_STYLE_ASSIGNMENT((#16614));
#16614 = SURFACE_STYLE_USAGE(.BOTH.,#16615);
#16615 = SURFACE_SIDE_STYLE('',(#16616));
#16616 = SURFACE_STYLE_FILL_AREA(#16617);
#16617 = FILL_AREA_STYLE('',(#16618));
#16618 = FILL_AREA_STYLE_COLOUR('',#16359);
#16619 = STYLED_ITEM('color',(#16620),#11984);
#16620 = PRESENTATION_STYLE_ASSIGNMENT((#16621));
#16621 = SURFACE_STYLE_USAGE(.BOTH.,#16622);
#16622 = SURFACE_SIDE_STYLE('',(#16623));
#16623 = SURFACE_STYLE_FILL_AREA(#16624);
#16624 = FILL_AREA_STYLE('',(#16625));
#16625 = FILL_AREA_STYLE_COLOUR('',#16359);
#16626 = STYLED_ITEM('color',(#16627),#12008);
#16627 = PRESENTATION_STYLE_ASSIGNMENT((#16628));
#16628 = SURFACE_STYLE_USAGE(.BOTH.,#16629);
#16629 = SURFACE_SIDE_STYLE('',(#16630));
#16630 = SURFACE_STYLE_FILL_AREA(#16631);
#16631 = FILL_AREA_STYLE('',(#16632));
#16632 = FILL_AREA_STYLE_COLOUR('',#16359);
#16633 = STYLED_ITEM('color',(#16634),#12032);
#16634 = PRESENTATION_STYLE_ASSIGNMENT((#16635));
#16635 = SURFACE_STYLE_USAGE(.BOTH.,#16636);
#16636 = SURFACE_SIDE_STYLE('',(#16637));
#16637 = SURFACE_STYLE_FILL_AREA(#16638);
#16638 = FILL_AREA_STYLE('',(#16639));
#16639 = FILL_AREA_STYLE_COLOUR('',#16359);
#16640 = STYLED_ITEM('color',(#16641),#12049);
#16641 = PRESENTATION_STYLE_ASSIGNMENT((#16642));
#16642 = SURFACE_STYLE_USAGE(.BOTH.,#16643);
#16643 = SURFACE_SIDE_STYLE('',(#16644));
#16644 = SURFACE_STYLE_FILL_AREA(#16645);
#16645 = FILL_AREA_STYLE('',(#16646));
#16646 = FILL_AREA_STYLE_COLOUR('',#16359);
#16647 = STYLED_ITEM('color',(#16648),#12080);
#16648 = PRESENTATION_STYLE_ASSIGNMENT((#16649));
#16649 = SURFACE_STYLE_USAGE(.BOTH.,#16650);
#16650 = SURFACE_SIDE_STYLE('',(#16651));
#16651 = SURFACE_STYLE_FILL_AREA(#16652);
#16652 = FILL_AREA_STYLE('',(#16653));
#16653 = FILL_AREA_STYLE_COLOUR('',#16359);
#16654 = STYLED_ITEM('color',(#16655),#12104);
#16655 = PRESENTATION_STYLE_ASSIGNMENT((#16656));
#16656 = SURFACE_STYLE_USAGE(.BOTH.,#16657);
#16657 = SURFACE_SIDE_STYLE('',(#16658));
#16658 = SURFACE_STYLE_FILL_AREA(#16659);
#16659 = FILL_AREA_STYLE('',(#16660));
#16660 = FILL_AREA_STYLE_COLOUR('',#16359);
#16661 = STYLED_ITEM('color',(#16662),#12128);
#16662 = PRESENTATION_STYLE_ASSIGNMENT((#16663));
#16663 = SURFACE_STYLE_USAGE(.BOTH.,#16664);
#16664 = SURFACE_SIDE_STYLE('',(#16665));
#16665 = SURFACE_STYLE_FILL_AREA(#16666);
#16666 = FILL_AREA_STYLE('',(#16667));
#16667 = FILL_AREA_STYLE_COLOUR('',#16359);
#16668 = STYLED_ITEM('color',(#16669),#12145);
#16669 = PRESENTATION_STYLE_ASSIGNMENT((#16670));
#16670 = SURFACE_STYLE_USAGE(.BOTH.,#16671);
#16671 = SURFACE_SIDE_STYLE('',(#16672));
#16672 = SURFACE_STYLE_FILL_AREA(#16673);
#16673 = FILL_AREA_STYLE('',(#16674));
#16674 = FILL_AREA_STYLE_COLOUR('',#16359);
#16675 = STYLED_ITEM('color',(#16676),#12162);
#16676 = PRESENTATION_STYLE_ASSIGNMENT((#16677));
#16677 = SURFACE_STYLE_USAGE(.BOTH.,#16678);
#16678 = SURFACE_SIDE_STYLE('',(#16679));
#16679 = SURFACE_STYLE_FILL_AREA(#16680);
#16680 = FILL_AREA_STYLE('',(#16681));
#16681 = FILL_AREA_STYLE_COLOUR('',#16359);
#16682 = STYLED_ITEM('color',(#16683),#12179);
#16683 = PRESENTATION_STYLE_ASSIGNMENT((#16684));
#16684 = SURFACE_STYLE_USAGE(.BOTH.,#16685);
#16685 = SURFACE_SIDE_STYLE('',(#16686));
#16686 = SURFACE_STYLE_FILL_AREA(#16687);
#16687 = FILL_AREA_STYLE('',(#16688));
#16688 = FILL_AREA_STYLE_COLOUR('',#16359);
#16689 = STYLED_ITEM('color',(#16690),#12191);
#16690 = PRESENTATION_STYLE_ASSIGNMENT((#16691));
#16691 = SURFACE_STYLE_USAGE(.BOTH.,#16692);
#16692 = SURFACE_SIDE_STYLE('',(#16693));
#16693 = SURFACE_STYLE_FILL_AREA(#16694);
#16694 = FILL_AREA_STYLE('',(#16695));
#16695 = FILL_AREA_STYLE_COLOUR('',#16359);
#16696 = STYLED_ITEM('color',(#16697),#12203);
#16697 = PRESENTATION_STYLE_ASSIGNMENT((#16698));
#16698 = SURFACE_STYLE_USAGE(.BOTH.,#16699);
#16699 = SURFACE_SIDE_STYLE('',(#16700));
#16700 = SURFACE_STYLE_FILL_AREA(#16701);
#16701 = FILL_AREA_STYLE('',(#16702));
#16702 = FILL_AREA_STYLE_COLOUR('',#16359);
#16703 = MECHANICAL_DESIGN_GEOMETRIC_PRESENTATION_REPRESENTATION('',(
    #16704),#13967);
#16704 = STYLED_ITEM('color',(#16705),#12234);
#16705 = PRESENTATION_STYLE_ASSIGNMENT((#16706));
#16706 = SURFACE_STYLE_USAGE(.BOTH.,#16707);
#16707 = SURFACE_SIDE_STYLE('',(#16708));
#16708 = SURFACE_STYLE_FILL_AREA(#16709);
#16709 = FILL_AREA_STYLE('',(#16710));
#16710 = FILL_AREA_STYLE_COLOUR('',#16711);
#16711 = COLOUR_RGB('',0.313304153717,0.484529207832,0.410020903123);
#16712 = MECHANICAL_DESIGN_GEOMETRIC_PRESENTATION_REPRESENTATION('',(
    #16713,#16720,#16727,#16734,#16741,#16748,#16755,#16762,#16769,
    #16776,#16783,#16790,#16797,#16804,#16811,#16818,#16825,#16832,
    #16839,#16846,#16853,#16860,#16867,#16874,#16881,#16888,#16895,
    #16902,#16909,#16916,#16923,#16930,#16937,#16944,#16951,#16958,
    #16966,#16973,#16980,#16987,#16994,#17001,#17008,#17015,#17022,
    #17029,#17036,#17043,#17050,#17057),#2965);
#16713 = STYLED_ITEM('color',(#16714),#1444);
#16714 = PRESENTATION_STYLE_ASSIGNMENT((#16715));
#16715 = SURFACE_STYLE_USAGE(.BOTH.,#16716);
#16716 = SURFACE_SIDE_STYLE('',(#16717));
#16717 = SURFACE_STYLE_FILL_AREA(#16718);
#16718 = FILL_AREA_STYLE('',(#16719));
#16719 = FILL_AREA_STYLE_COLOUR('',#15921);
#16720 = STYLED_ITEM('color',(#16721),#1484);
#16721 = PRESENTATION_STYLE_ASSIGNMENT((#16722));
#16722 = SURFACE_STYLE_USAGE(.BOTH.,#16723);
#16723 = SURFACE_SIDE_STYLE('',(#16724));
#16724 = SURFACE_STYLE_FILL_AREA(#16725);
#16725 = FILL_AREA_STYLE('',(#16726));
#16726 = FILL_AREA_STYLE_COLOUR('',#15921);
#16727 = STYLED_ITEM('color',(#16728),#1531);
#16728 = PRESENTATION_STYLE_ASSIGNMENT((#16729));
#16729 = SURFACE_STYLE_USAGE(.BOTH.,#16730);
#16730 = SURFACE_SIDE_STYLE('',(#16731));
#16731 = SURFACE_STYLE_FILL_AREA(#16732);
#16732 = FILL_AREA_STYLE('',(#16733));
#16733 = FILL_AREA_STYLE_COLOUR('',#15921);
#16734 = STYLED_ITEM('color',(#16735),#1610);
#16735 = PRESENTATION_STYLE_ASSIGNMENT((#16736));
#16736 = SURFACE_STYLE_USAGE(.BOTH.,#16737);
#16737 = SURFACE_SIDE_STYLE('',(#16738));
#16738 = SURFACE_STYLE_FILL_AREA(#16739);
#16739 = FILL_AREA_STYLE('',(#16740));
#16740 = FILL_AREA_STYLE_COLOUR('',#15921);
#16741 = STYLED_ITEM('color',(#16742),#1634);
#16742 = PRESENTATION_STYLE_ASSIGNMENT((#16743));
#16743 = SURFACE_STYLE_USAGE(.BOTH.,#16744);
#16744 = SURFACE_SIDE_STYLE('',(#16745));
#16745 = SURFACE_STYLE_FILL_AREA(#16746);
#16746 = FILL_AREA_STYLE('',(#16747));
#16747 = FILL_AREA_STYLE_COLOUR('',#15921);
#16748 = STYLED_ITEM('color',(#16749),#1674);
#16749 = PRESENTATION_STYLE_ASSIGNMENT((#16750));
#16750 = SURFACE_STYLE_USAGE(.BOTH.,#16751);
#16751 = SURFACE_SIDE_STYLE('',(#16752));
#16752 = SURFACE_STYLE_FILL_AREA(#16753);
#16753 = FILL_AREA_STYLE('',(#16754));
#16754 = FILL_AREA_STYLE_COLOUR('',#15921);
#16755 = STYLED_ITEM('color',(#16756),#1705);
#16756 = PRESENTATION_STYLE_ASSIGNMENT((#16757));
#16757 = SURFACE_STYLE_USAGE(.BOTH.,#16758);
#16758 = SURFACE_SIDE_STYLE('',(#16759));
#16759 = SURFACE_STYLE_FILL_AREA(#16760);
#16760 = FILL_AREA_STYLE('',(#16761));
#16761 = FILL_AREA_STYLE_COLOUR('',#15921);
#16762 = STYLED_ITEM('color',(#16763),#1722);
#16763 = PRESENTATION_STYLE_ASSIGNMENT((#16764));
#16764 = SURFACE_STYLE_USAGE(.BOTH.,#16765);
#16765 = SURFACE_SIDE_STYLE('',(#16766));
#16766 = SURFACE_STYLE_FILL_AREA(#16767);
#16767 = FILL_AREA_STYLE('',(#16768));
#16768 = FILL_AREA_STYLE_COLOUR('',#14164);
#16769 = STYLED_ITEM('color',(#16770),#1755);
#16770 = PRESENTATION_STYLE_ASSIGNMENT((#16771));
#16771 = SURFACE_STYLE_USAGE(.BOTH.,#16772);
#16772 = SURFACE_SIDE_STYLE('',(#16773));
#16773 = SURFACE_STYLE_FILL_AREA(#16774);
#16774 = FILL_AREA_STYLE('',(#16775));
#16775 = FILL_AREA_STYLE_COLOUR('',#15921);
#16776 = STYLED_ITEM('color',(#16777),#1779);
#16777 = PRESENTATION_STYLE_ASSIGNMENT((#16778));
#16778 = SURFACE_STYLE_USAGE(.BOTH.,#16779);
#16779 = SURFACE_SIDE_STYLE('',(#16780));
#16780 = SURFACE_STYLE_FILL_AREA(#16781);
#16781 = FILL_AREA_STYLE('',(#16782));
#16782 = FILL_AREA_STYLE_COLOUR('',#14164);
#16783 = STYLED_ITEM('color',(#16784),#1846);
#16784 = PRESENTATION_STYLE_ASSIGNMENT((#16785));
#16785 = SURFACE_STYLE_USAGE(.BOTH.,#16786);
#16786 = SURFACE_SIDE_STYLE('',(#16787));
#16787 = SURFACE_STYLE_FILL_AREA(#16788);
#16788 = FILL_AREA_STYLE('',(#16789));
#16789 = FILL_AREA_STYLE_COLOUR('',#15921);
#16790 = STYLED_ITEM('color',(#16791),#1967);
#16791 = PRESENTATION_STYLE_ASSIGNMENT((#16792));
#16792 = SURFACE_STYLE_USAGE(.BOTH.,#16793);
#16793 = SURFACE_SIDE_STYLE('',(#16794));
#16794 = SURFACE_STYLE_FILL_AREA(#16795);
#16795 = FILL_AREA_STYLE('',(#16796));
#16796 = FILL_AREA_STYLE_COLOUR('',#14164);
#16797 = STYLED_ITEM('color',(#16798),#2034);
#16798 = PRESENTATION_STYLE_ASSIGNMENT((#16799));
#16799 = SURFACE_STYLE_USAGE(.BOTH.,#16800);
#16800 = SURFACE_SIDE_STYLE('',(#16801));
#16801 = SURFACE_STYLE_FILL_AREA(#16802);
#16802 = FILL_AREA_STYLE('',(#16803));
#16803 = FILL_AREA_STYLE_COLOUR('',#15921);
#16804 = STYLED_ITEM('color',(#16805),#2058);
#16805 = PRESENTATION_STYLE_ASSIGNMENT((#16806));
#16806 = SURFACE_STYLE_USAGE(.BOTH.,#16807);
#16807 = SURFACE_SIDE_STYLE('',(#16808));
#16808 = SURFACE_STYLE_FILL_AREA(#16809);
#16809 = FILL_AREA_STYLE('',(#16810));
#16810 = FILL_AREA_STYLE_COLOUR('',#15921);
#16811 = STYLED_ITEM('color',(#16812),#2089);
#16812 = PRESENTATION_STYLE_ASSIGNMENT((#16813));
#16813 = SURFACE_STYLE_USAGE(.BOTH.,#16814);
#16814 = SURFACE_SIDE_STYLE('',(#16815));
#16815 = SURFACE_STYLE_FILL_AREA(#16816);
#16816 = FILL_AREA_STYLE('',(#16817));
#16817 = FILL_AREA_STYLE_COLOUR('',#14164);
#16818 = STYLED_ITEM('color',(#16819),#2122);
#16819 = PRESENTATION_STYLE_ASSIGNMENT((#16820));
#16820 = SURFACE_STYLE_USAGE(.BOTH.,#16821);
#16821 = SURFACE_SIDE_STYLE('',(#16822));
#16822 = SURFACE_STYLE_FILL_AREA(#16823);
#16823 = FILL_AREA_STYLE('',(#16824));
#16824 = FILL_AREA_STYLE_COLOUR('',#15921);
#16825 = STYLED_ITEM('color',(#16826),#2178);
#16826 = PRESENTATION_STYLE_ASSIGNMENT((#16827));
#16827 = SURFACE_STYLE_USAGE(.BOTH.,#16828);
#16828 = SURFACE_SIDE_STYLE('',(#16829));
#16829 = SURFACE_STYLE_FILL_AREA(#16830);
#16830 = FILL_AREA_STYLE('',(#16831));
#16831 = FILL_AREA_STYLE_COLOUR('',#14164);
#16832 = STYLED_ITEM('color',(#16833),#2202);
#16833 = PRESENTATION_STYLE_ASSIGNMENT((#16834));
#16834 = SURFACE_STYLE_USAGE(.BOTH.,#16835);
#16835 = SURFACE_SIDE_STYLE('',(#16836));
#16836 = SURFACE_STYLE_FILL_AREA(#16837);
#16837 = FILL_AREA_STYLE('',(#16838));
#16838 = FILL_AREA_STYLE_COLOUR('',#14164);
#16839 = STYLED_ITEM('color',(#16840),#2226);
#16840 = PRESENTATION_STYLE_ASSIGNMENT((#16841));
#16841 = SURFACE_STYLE_USAGE(.BOTH.,#16842);
#16842 = SURFACE_SIDE_STYLE('',(#16843));
#16843 = SURFACE_STYLE_FILL_AREA(#16844);
#16844 = FILL_AREA_STYLE('',(#16845));
#16845 = FILL_AREA_STYLE_COLOUR('',#14164);
#16846 = STYLED_ITEM('color',(#16847),#2250);
#16847 = PRESENTATION_STYLE_ASSIGNMENT((#16848));
#16848 = SURFACE_STYLE_USAGE(.BOTH.,#16849);
#16849 = SURFACE_SIDE_STYLE('',(#16850));
#16850 = SURFACE_STYLE_FILL_AREA(#16851);
#16851 = FILL_AREA_STYLE('',(#16852));
#16852 = FILL_AREA_STYLE_COLOUR('',#14164);
#16853 = STYLED_ITEM('color',(#16854),#2283);
#16854 = PRESENTATION_STYLE_ASSIGNMENT((#16855));
#16855 = SURFACE_STYLE_USAGE(.BOTH.,#16856);
#16856 = SURFACE_SIDE_STYLE('',(#16857));
#16857 = SURFACE_STYLE_FILL_AREA(#16858);
#16858 = FILL_AREA_STYLE('',(#16859));
#16859 = FILL_AREA_STYLE_COLOUR('',#14164);
#16860 = STYLED_ITEM('color',(#16861),#2295);
#16861 = PRESENTATION_STYLE_ASSIGNMENT((#16862));
#16862 = SURFACE_STYLE_USAGE(.BOTH.,#16863);
#16863 = SURFACE_SIDE_STYLE('',(#16864));
#16864 = SURFACE_STYLE_FILL_AREA(#16865);
#16865 = FILL_AREA_STYLE('',(#16866));
#16866 = FILL_AREA_STYLE_COLOUR('',#14164);
#16867 = STYLED_ITEM('color',(#16868),#2358);
#16868 = PRESENTATION_STYLE_ASSIGNMENT((#16869));
#16869 = SURFACE_STYLE_USAGE(.BOTH.,#16870);
#16870 = SURFACE_SIDE_STYLE('',(#16871));
#16871 = SURFACE_STYLE_FILL_AREA(#16872);
#16872 = FILL_AREA_STYLE('',(#16873));
#16873 = FILL_AREA_STYLE_COLOUR('',#14164);
#16874 = STYLED_ITEM('color',(#16875),#2383);
#16875 = PRESENTATION_STYLE_ASSIGNMENT((#16876));
#16876 = SURFACE_STYLE_USAGE(.BOTH.,#16877);
#16877 = SURFACE_SIDE_STYLE('',(#16878));
#16878 = SURFACE_STYLE_FILL_AREA(#16879);
#16879 = FILL_AREA_STYLE('',(#16880));
#16880 = FILL_AREA_STYLE_COLOUR('',#14164);
#16881 = STYLED_ITEM('color',(#16882),#2400);
#16882 = PRESENTATION_STYLE_ASSIGNMENT((#16883));
#16883 = SURFACE_STYLE_USAGE(.BOTH.,#16884);
#16884 = SURFACE_SIDE_STYLE('',(#16885));
#16885 = SURFACE_STYLE_FILL_AREA(#16886);
#16886 = FILL_AREA_STYLE('',(#16887));
#16887 = FILL_AREA_STYLE_COLOUR('',#14164);
#16888 = STYLED_ITEM('color',(#16889),#2424);
#16889 = PRESENTATION_STYLE_ASSIGNMENT((#16890));
#16890 = SURFACE_STYLE_USAGE(.BOTH.,#16891);
#16891 = SURFACE_SIDE_STYLE('',(#16892));
#16892 = SURFACE_STYLE_FILL_AREA(#16893);
#16893 = FILL_AREA_STYLE('',(#16894));
#16894 = FILL_AREA_STYLE_COLOUR('',#14164);
#16895 = STYLED_ITEM('color',(#16896),#2442);
#16896 = PRESENTATION_STYLE_ASSIGNMENT((#16897));
#16897 = SURFACE_STYLE_USAGE(.BOTH.,#16898);
#16898 = SURFACE_SIDE_STYLE('',(#16899));
#16899 = SURFACE_STYLE_FILL_AREA(#16900);
#16900 = FILL_AREA_STYLE('',(#16901));
#16901 = FILL_AREA_STYLE_COLOUR('',#14164);
#16902 = STYLED_ITEM('color',(#16903),#2460);
#16903 = PRESENTATION_STYLE_ASSIGNMENT((#16904));
#16904 = SURFACE_STYLE_USAGE(.BOTH.,#16905);
#16905 = SURFACE_SIDE_STYLE('',(#16906));
#16906 = SURFACE_STYLE_FILL_AREA(#16907);
#16907 = FILL_AREA_STYLE('',(#16908));
#16908 = FILL_AREA_STYLE_COLOUR('',#14164);
#16909 = STYLED_ITEM('color',(#16910),#2478);
#16910 = PRESENTATION_STYLE_ASSIGNMENT((#16911));
#16911 = SURFACE_STYLE_USAGE(.BOTH.,#16912);
#16912 = SURFACE_SIDE_STYLE('',(#16913));
#16913 = SURFACE_STYLE_FILL_AREA(#16914);
#16914 = FILL_AREA_STYLE('',(#16915));
#16915 = FILL_AREA_STYLE_COLOUR('',#14164);
#16916 = STYLED_ITEM('color',(#16917),#2495);
#16917 = PRESENTATION_STYLE_ASSIGNMENT((#16918));
#16918 = SURFACE_STYLE_USAGE(.BOTH.,#16919);
#16919 = SURFACE_SIDE_STYLE('',(#16920));
#16920 = SURFACE_STYLE_FILL_AREA(#16921);
#16921 = FILL_AREA_STYLE('',(#16922));
#16922 = FILL_AREA_STYLE_COLOUR('',#14164);
#16923 = STYLED_ITEM('color',(#16924),#2512);
#16924 = PRESENTATION_STYLE_ASSIGNMENT((#16925));
#16925 = SURFACE_STYLE_USAGE(.BOTH.,#16926);
#16926 = SURFACE_SIDE_STYLE('',(#16927));
#16927 = SURFACE_STYLE_FILL_AREA(#16928);
#16928 = FILL_AREA_STYLE('',(#16929));
#16929 = FILL_AREA_STYLE_COLOUR('',#14164);
#16930 = STYLED_ITEM('color',(#16931),#2543);
#16931 = PRESENTATION_STYLE_ASSIGNMENT((#16932));
#16932 = SURFACE_STYLE_USAGE(.BOTH.,#16933);
#16933 = SURFACE_SIDE_STYLE('',(#16934));
#16934 = SURFACE_STYLE_FILL_AREA(#16935);
#16935 = FILL_AREA_STYLE('',(#16936));
#16936 = FILL_AREA_STYLE_COLOUR('',#14164);
#16937 = STYLED_ITEM('color',(#16938),#2568);
#16938 = PRESENTATION_STYLE_ASSIGNMENT((#16939));
#16939 = SURFACE_STYLE_USAGE(.BOTH.,#16940);
#16940 = SURFACE_SIDE_STYLE('',(#16941));
#16941 = SURFACE_STYLE_FILL_AREA(#16942);
#16942 = FILL_AREA_STYLE('',(#16943));
#16943 = FILL_AREA_STYLE_COLOUR('',#14164);
#16944 = STYLED_ITEM('color',(#16945),#2593);
#16945 = PRESENTATION_STYLE_ASSIGNMENT((#16946));
#16946 = SURFACE_STYLE_USAGE(.BOTH.,#16947);
#16947 = SURFACE_SIDE_STYLE('',(#16948));
#16948 = SURFACE_STYLE_FILL_AREA(#16949);
#16949 = FILL_AREA_STYLE('',(#16950));
#16950 = FILL_AREA_STYLE_COLOUR('',#14164);
#16951 = STYLED_ITEM('color',(#16952),#2617);
#16952 = PRESENTATION_STYLE_ASSIGNMENT((#16953));
#16953 = SURFACE_STYLE_USAGE(.BOTH.,#16954);
#16954 = SURFACE_SIDE_STYLE('',(#16955));
#16955 = SURFACE_STYLE_FILL_AREA(#16956);
#16956 = FILL_AREA_STYLE('',(#16957));
#16957 = FILL_AREA_STYLE_COLOUR('',#14164);
#16958 = STYLED_ITEM('color',(#16959),#2634);
#16959 = PRESENTATION_STYLE_ASSIGNMENT((#16960));
#16960 = SURFACE_STYLE_USAGE(.BOTH.,#16961);
#16961 = SURFACE_SIDE_STYLE('',(#16962));
#16962 = SURFACE_STYLE_FILL_AREA(#16963);
#16963 = FILL_AREA_STYLE('',(#16964));
#16964 = FILL_AREA_STYLE_COLOUR('',#16965);
#16965 = COLOUR_RGB('',0.340000006699,0.68000001254,0.444999988852);
#16966 = STYLED_ITEM('color',(#16967),#2665);
#16967 = PRESENTATION_STYLE_ASSIGNMENT((#16968));
#16968 = SURFACE_STYLE_USAGE(.BOTH.,#16969);
#16969 = SURFACE_SIDE_STYLE('',(#16970));
#16970 = SURFACE_STYLE_FILL_AREA(#16971);
#16971 = FILL_AREA_STYLE('',(#16972));
#16972 = FILL_AREA_STYLE_COLOUR('',#16965);
#16973 = STYLED_ITEM('color',(#16974),#2689);
#16974 = PRESENTATION_STYLE_ASSIGNMENT((#16975));
#16975 = SURFACE_STYLE_USAGE(.BOTH.,#16976);
#16976 = SURFACE_SIDE_STYLE('',(#16977));
#16977 = SURFACE_STYLE_FILL_AREA(#16978);
#16978 = FILL_AREA_STYLE('',(#16979));
#16979 = FILL_AREA_STYLE_COLOUR('',#16965);
#16980 = STYLED_ITEM('color',(#16981),#2706);
#16981 = PRESENTATION_STYLE_ASSIGNMENT((#16982));
#16982 = SURFACE_STYLE_USAGE(.BOTH.,#16983);
#16983 = SURFACE_SIDE_STYLE('',(#16984));
#16984 = SURFACE_STYLE_FILL_AREA(#16985);
#16985 = FILL_AREA_STYLE('',(#16986));
#16986 = FILL_AREA_STYLE_COLOUR('',#14164);
#16987 = STYLED_ITEM('color',(#16988),#2734);
#16988 = PRESENTATION_STYLE_ASSIGNMENT((#16989));
#16989 = SURFACE_STYLE_USAGE(.BOTH.,#16990);
#16990 = SURFACE_SIDE_STYLE('',(#16991));
#16991 = SURFACE_STYLE_FILL_AREA(#16992);
#16992 = FILL_AREA_STYLE('',(#16993));
#16993 = FILL_AREA_STYLE_COLOUR('',#14164);
#16994 = STYLED_ITEM('color',(#16995),#2759);
#16995 = PRESENTATION_STYLE_ASSIGNMENT((#16996));
#16996 = SURFACE_STYLE_USAGE(.BOTH.,#16997);
#16997 = SURFACE_SIDE_STYLE('',(#16998));
#16998 = SURFACE_STYLE_FILL_AREA(#16999);
#16999 = FILL_AREA_STYLE('',(#17000));
#17000 = FILL_AREA_STYLE_COLOUR('',#14164);
#17001 = STYLED_ITEM('color',(#17002),#2783);
#17002 = PRESENTATION_STYLE_ASSIGNMENT((#17003));
#17003 = SURFACE_STYLE_USAGE(.BOTH.,#17004);
#17004 = SURFACE_SIDE_STYLE('',(#17005));
#17005 = SURFACE_STYLE_FILL_AREA(#17006);
#17006 = FILL_AREA_STYLE('',(#17007));
#17007 = FILL_AREA_STYLE_COLOUR('',#14164);
#17008 = STYLED_ITEM('color',(#17009),#2808);
#17009 = PRESENTATION_STYLE_ASSIGNMENT((#17010));
#17010 = SURFACE_STYLE_USAGE(.BOTH.,#17011);
#17011 = SURFACE_SIDE_STYLE('',(#17012));
#17012 = SURFACE_STYLE_FILL_AREA(#17013);
#17013 = FILL_AREA_STYLE('',(#17014));
#17014 = FILL_AREA_STYLE_COLOUR('',#14164);
#17015 = STYLED_ITEM('color',(#17016),#2855);
#17016 = PRESENTATION_STYLE_ASSIGNMENT((#17017));
#17017 = SURFACE_STYLE_USAGE(.BOTH.,#17018);
#17018 = SURFACE_SIDE_STYLE('',(#17019));
#17019 = SURFACE_STYLE_FILL_AREA(#17020);
#17020 = FILL_AREA_STYLE('',(#17021));
#17021 = FILL_AREA_STYLE_COLOUR('',#14164);
#17022 = STYLED_ITEM('color',(#17023),#2872);
#17023 = PRESENTATION_STYLE_ASSIGNMENT((#17024));
#17024 = SURFACE_STYLE_USAGE(.BOTH.,#17025);
#17025 = SURFACE_SIDE_STYLE('',(#17026));
#17026 = SURFACE_STYLE_FILL_AREA(#17027);
#17027 = FILL_AREA_STYLE('',(#17028));
#17028 = FILL_AREA_STYLE_COLOUR('',#14164);
#17029 = STYLED_ITEM('color',(#17030),#2884);
#17030 = PRESENTATION_STYLE_ASSIGNMENT((#17031));
#17031 = SURFACE_STYLE_USAGE(.BOTH.,#17032);
#17032 = SURFACE_SIDE_STYLE('',(#17033));
#17033 = SURFACE_STYLE_FILL_AREA(#17034);
#17034 = FILL_AREA_STYLE('',(#17035));
#17035 = FILL_AREA_STYLE_COLOUR('',#14164);
#17036 = STYLED_ITEM('color',(#17037),#2906);
#17037 = PRESENTATION_STYLE_ASSIGNMENT((#17038));
#17038 = SURFACE_STYLE_USAGE(.BOTH.,#17039);
#17039 = SURFACE_SIDE_STYLE('',(#17040));
#17040 = SURFACE_STYLE_FILL_AREA(#17041);
#17041 = FILL_AREA_STYLE('',(#17042));
#17042 = FILL_AREA_STYLE_COLOUR('',#14164);
#17043 = STYLED_ITEM('color',(#17044),#2918);
#17044 = PRESENTATION_STYLE_ASSIGNMENT((#17045));
#17045 = SURFACE_STYLE_USAGE(.BOTH.,#17046);
#17046 = SURFACE_SIDE_STYLE('',(#17047));
#17047 = SURFACE_STYLE_FILL_AREA(#17048);
#17048 = FILL_AREA_STYLE('',(#17049));
#17049 = FILL_AREA_STYLE_COLOUR('',#14164);
#17050 = STYLED_ITEM('color',(#17051),#2936);
#17051 = PRESENTATION_STYLE_ASSIGNMENT((#17052));
#17052 = SURFACE_STYLE_USAGE(.BOTH.,#17053);
#17053 = SURFACE_SIDE_STYLE('',(#17054));
#17054 = SURFACE_STYLE_FILL_AREA(#17055);
#17055 = FILL_AREA_STYLE('',(#17056));
#17056 = FILL_AREA_STYLE_COLOUR('',#14164);
#17057 = STYLED_ITEM('color',(#17058),#2954);
#17058 = PRESENTATION_STYLE_ASSIGNMENT((#17059));
#17059 = SURFACE_STYLE_USAGE(.BOTH.,#17060);
#17060 = SURFACE_SIDE_STYLE('',(#17061));
#17061 = SURFACE_STYLE_FILL_AREA(#17062);
#17062 = FILL_AREA_STYLE('',(#17063));
#17063 = FILL_AREA_STYLE_COLOUR('',#16965);
ENDSEC;
END-ISO-10303-21;
