ISO-10303-21;
HEADER;
FILE_DESCRIPTION(('KiCad electronic assembly'),'2;1');
FILE_NAME('Electrical_schematics_V3.step','2026-02-11T21:30:05',(
    'Pcbnew'),('Kicad'),'Open CASCADE STEP processor 7.9',
  'KiCad to STEP converter','Unknown');
FILE_SCHEMA(('AUTOMOTIVE_DESIGN { 1 0 10303 214 1 1 1 1 }'));
ENDSEC;
DATA;
#1 = APPLICATION_PROTOCOL_DEFINITION('international standard',
  'automotive_design',2000,#2);
#2 = APPLICATION_CONTEXT(
  'core data for automotive mechanical design processes');
#3 = SHAPE_DEFINITION_REPRESENTATION(#4,#10);
#4 = PRODUCT_DEFINITION_SHAPE('','',#5);
#5 = PRODUCT_DEFINITION('design','',#6,#9);
#6 = PRODUCT_DEFINITION_FORMATION('','',#7);
#7 = PRODUCT('Electrical_schematics_V3 1','Electrical_schematics_V3 1',
  '',(#8));
#8 = PRODUCT_CONTEXT('',#2,'mechanical');
#9 = PRODUCT_DEFINITION_CONTEXT('part definition',#2,'design');
#10 = SHAPE_REPRESENTATION('',(#11,#15,#19,#23,#27,#31,#35,#39,#43,#47),
  #51);
#11 = AXIS2_PLACEMENT_3D('',#12,#13,#14);
#12 = CARTESIAN_POINT('',(0.,0.,0.));
#13 = DIRECTION('',(0.,0.,1.));
#14 = DIRECTION('',(1.,0.,-0.));
#15 = AXIS2_PLACEMENT_3D('',#16,#17,#18);
#16 = CARTESIAN_POINT('',(117.,-105.5,1.595));
#17 = DIRECTION('',(-0.,0.,1.));
#18 = DIRECTION('',(1.110223024625E-16,-1.,0.));
#19 = AXIS2_PLACEMENT_3D('',#20,#21,#22);
#20 = CARTESIAN_POINT('',(105.025,-102.,1.595));
#21 = DIRECTION('',(0.,0.,1.));
#22 = DIRECTION('',(1.,0.,0.));
#23 = AXIS2_PLACEMENT_3D('',#24,#25,#26);
#24 = CARTESIAN_POINT('',(129.,-110.,1.595));
#25 = DIRECTION('',(0.,0.,1.));
#26 = DIRECTION('',(1.,0.,0.));
#27 = AXIS2_PLACEMENT_3D('',#28,#29,#30);
#28 = CARTESIAN_POINT('',(105.,-89.5,1.595));
#29 = DIRECTION('',(0.,-0.,1.));
#30 = DIRECTION('',(1.110223024625E-16,1.,0.));
#31 = AXIS2_PLACEMENT_3D('',#32,#33,#34);
#32 = CARTESIAN_POINT('',(112.5,-114.,1.595));
#33 = DIRECTION('',(0.,-0.,1.));
#34 = DIRECTION('',(1.110223024625E-16,1.,0.));
#35 = AXIS2_PLACEMENT_3D('',#36,#37,#38);
#36 = CARTESIAN_POINT('',(99.5,-89.5,1.595));
#37 = DIRECTION('',(0.,0.,1.));
#38 = DIRECTION('',(1.,0.,0.));
#39 = AXIS2_PLACEMENT_3D('',#40,#41,#42);
#40 = CARTESIAN_POINT('',(105.,-93.5,1.595));
#41 = DIRECTION('',(0.,-0.,1.));
#42 = DIRECTION('',(1.110223024625E-16,1.,0.));
#43 = AXIS2_PLACEMENT_3D('',#44,#45,#46);
#44 = CARTESIAN_POINT('',(105.,-106.,1.595));
#45 = DIRECTION('',(0.,0.,1.));
#46 = DIRECTION('',(1.,0.,0.));
#47 = AXIS2_PLACEMENT_3D('',#48,#49,#50);
#48 = CARTESIAN_POINT('',(0.,0.,0.));
#49 = DIRECTION('',(0.,0.,1.));
#50 = DIRECTION('',(1.,0.,-0.));
#51 = ( GEOMETRIC_REPRESENTATION_CONTEXT(3) 
GLOBAL_UNCERTAINTY_ASSIGNED_CONTEXT((#55)) GLOBAL_UNIT_ASSIGNED_CONTEXT(
(#52,#53,#54)) REPRESENTATION_CONTEXT('Context #1',
  '3D Context with UNIT and UNCERTAINTY') );
#52 = ( LENGTH_UNIT() NAMED_UNIT(*) SI_UNIT(.MILLI.,.METRE.) );
#53 = ( NAMED_UNIT(*) PLANE_ANGLE_UNIT() SI_UNIT($,.RADIAN.) );
#54 = ( NAMED_UNIT(*) SI_UNIT($,.STERADIAN.) SOLID_ANGLE_UNIT() );
#55 = UNCERTAINTY_MEASURE_WITH_UNIT(LENGTH_MEASURE(1.E-07),#52,
  'distance_accuracy_value','confusion accuracy');
#56 = PRODUCT_RELATED_PRODUCT_CATEGORY('part',$,(#7));
#57 = SHAPE_DEFINITION_REPRESENTATION(#58,#64);
#58 = PRODUCT_DEFINITION_SHAPE('','',#59);
#59 = PRODUCT_DEFINITION('design','',#60,#63);
#60 = PRODUCT_DEFINITION_FORMATION('','',#61);
#61 = PRODUCT('R_0805_2012Metric','R_0805_2012Metric','',(#62));
#62 = PRODUCT_CONTEXT('',#2,'mechanical');
#63 = PRODUCT_DEFINITION_CONTEXT('part definition',#2,'design');
#64 = ADVANCED_BREP_SHAPE_REPRESENTATION('',(#11,#65),#855);
#65 = MANIFOLD_SOLID_BREP('',#66);
#66 = CLOSED_SHELL('',(#67,#107,#190,#215,#240,#307,#324,#341,#390,#407,
    #424,#473,#490,#559,#590,#614,#683,#707,#724,#741,#758,#775,#792,
    #809,#826,#843));
#67 = ADVANCED_FACE('',(#68),#102,.F.);
#68 = FACE_BOUND('',#69,.F.);
#69 = EDGE_LOOP('',(#70,#80,#88,#96));
#70 = ORIENTED_EDGE('',*,*,#71,.F.);
#71 = EDGE_CURVE('',#72,#74,#76,.T.);
#72 = VERTEX_POINT('',#73);
#73 = CARTESIAN_POINT('',(-1.,-0.6,4.5E-02));
#74 = VERTEX_POINT('',#75);
#75 = CARTESIAN_POINT('',(-1.,-0.6,0.405));
#76 = LINE('',#77,#78);
#77 = CARTESIAN_POINT('',(-1.,-0.6,0.));
#78 = VECTOR('',#79,1.);
#79 = DIRECTION('',(0.,0.,1.));
#80 = ORIENTED_EDGE('',*,*,#81,.T.);
#81 = EDGE_CURVE('',#72,#82,#84,.T.);
#82 = VERTEX_POINT('',#83);
#83 = CARTESIAN_POINT('',(-1.,0.6,4.5E-02));
#84 = LINE('',#85,#86);
#85 = CARTESIAN_POINT('',(-1.,-0.6,4.5E-02));
#86 = VECTOR('',#87,1.);
#87 = DIRECTION('',(0.,1.,0.));
#88 = ORIENTED_EDGE('',*,*,#89,.T.);
#89 = EDGE_CURVE('',#82,#90,#92,.T.);
#90 = VERTEX_POINT('',#91);
#91 = CARTESIAN_POINT('',(-1.,0.6,0.405));
#92 = LINE('',#93,#94);
#93 = CARTESIAN_POINT('',(-1.,0.6,0.));
#94 = VECTOR('',#95,1.);
#95 = DIRECTION('',(0.,0.,1.));
#96 = ORIENTED_EDGE('',*,*,#97,.F.);
#97 = EDGE_CURVE('',#74,#90,#98,.T.);
#98 = LINE('',#99,#100);
#99 = CARTESIAN_POINT('',(-1.,-0.6,0.405));
#100 = VECTOR('',#101,1.);
#101 = DIRECTION('',(0.,1.,0.));
#102 = PLANE('',#103);
#103 = AXIS2_PLACEMENT_3D('',#104,#105,#106);
#104 = CARTESIAN_POINT('',(-1.,-0.6,0.));
#105 = DIRECTION('',(1.,0.,0.));
#106 = DIRECTION('',(0.,0.,1.));
#107 = ADVANCED_FACE('',(#108),#185,.F.);
#108 = FACE_BOUND('',#109,.F.);
#109 = EDGE_LOOP('',(#110,#120,#127,#128,#137,#145,#154,#162,#170,#178)
  );
#110 = ORIENTED_EDGE('',*,*,#111,.F.);
#111 = EDGE_CURVE('',#112,#114,#116,.T.);
#112 = VERTEX_POINT('',#113);
#113 = CARTESIAN_POINT('',(-0.955,-0.6,-2.775557561563E-17));
#114 = VERTEX_POINT('',#115);
#115 = CARTESIAN_POINT('',(-0.745,-0.6,-2.775557561563E-17));
#116 = LINE('',#117,#118);
#117 = CARTESIAN_POINT('',(-1.,-0.6,0.));
#118 = VECTOR('',#119,1.);
#119 = DIRECTION('',(1.,0.,0.));
#120 = ORIENTED_EDGE('',*,*,#121,.F.);
#121 = EDGE_CURVE('',#72,#112,#122,.T.);
#122 = CIRCLE('',#123,4.5E-02);
#123 = AXIS2_PLACEMENT_3D('',#124,#125,#126);
#124 = CARTESIAN_POINT('',(-0.955,-0.6,4.5E-02));
#125 = DIRECTION('',(0.,-1.,0.));
#126 = DIRECTION('',(0.,0.,1.));
#127 = ORIENTED_EDGE('',*,*,#71,.T.);
#128 = ORIENTED_EDGE('',*,*,#129,.T.);
#129 = EDGE_CURVE('',#74,#130,#132,.T.);
#130 = VERTEX_POINT('',#131);
#131 = CARTESIAN_POINT('',(-0.955,-0.6,0.45));
#132 = CIRCLE('',#133,4.5E-02);
#133 = AXIS2_PLACEMENT_3D('',#134,#135,#136);
#134 = CARTESIAN_POINT('',(-0.955,-0.6,0.405));
#135 = DIRECTION('',(0.,1.,0.));
#136 = DIRECTION('',(0.,-0.,1.));
#137 = ORIENTED_EDGE('',*,*,#138,.T.);
#138 = EDGE_CURVE('',#130,#139,#141,.T.);
#139 = VERTEX_POINT('',#140);
#140 = CARTESIAN_POINT('',(-0.745,-0.6,0.45));
#141 = LINE('',#142,#143);
#142 = CARTESIAN_POINT('',(-1.,-0.6,0.45));
#143 = VECTOR('',#144,1.);
#144 = DIRECTION('',(1.,0.,0.));
#145 = ORIENTED_EDGE('',*,*,#146,.F.);
#146 = EDGE_CURVE('',#147,#139,#149,.T.);
#147 = VERTEX_POINT('',#148);
#148 = CARTESIAN_POINT('',(-0.7,-0.6,0.405));
#149 = CIRCLE('',#150,4.5E-02);
#150 = AXIS2_PLACEMENT_3D('',#151,#152,#153);
#151 = CARTESIAN_POINT('',(-0.745,-0.6,0.405));
#152 = DIRECTION('',(0.,-1.,0.));
#153 = DIRECTION('',(0.,0.,1.));
#154 = ORIENTED_EDGE('',*,*,#155,.F.);
#155 = EDGE_CURVE('',#156,#147,#158,.T.);
#156 = VERTEX_POINT('',#157);
#157 = CARTESIAN_POINT('',(-0.955,-0.6,0.405));
#158 = LINE('',#159,#160);
#159 = CARTESIAN_POINT('',(-0.955,-0.6,0.405));
#160 = VECTOR('',#161,1.);
#161 = DIRECTION('',(1.,0.,0.));
#162 = ORIENTED_EDGE('',*,*,#163,.F.);
#163 = EDGE_CURVE('',#164,#156,#166,.T.);
#164 = VERTEX_POINT('',#165);
#165 = CARTESIAN_POINT('',(-0.955,-0.6,4.5E-02));
#166 = LINE('',#167,#168);
#167 = CARTESIAN_POINT('',(-0.955,-0.6,4.5E-02));
#168 = VECTOR('',#169,1.);
#169 = DIRECTION('',(0.,0.,1.));
#170 = ORIENTED_EDGE('',*,*,#171,.T.);
#171 = EDGE_CURVE('',#164,#172,#174,.T.);
#172 = VERTEX_POINT('',#173);
#173 = CARTESIAN_POINT('',(-0.7,-0.6,4.5E-02));
#174 = LINE('',#175,#176);
#175 = CARTESIAN_POINT('',(-0.955,-0.6,4.5E-02));
#176 = VECTOR('',#177,1.);
#177 = DIRECTION('',(1.,0.,0.));
#178 = ORIENTED_EDGE('',*,*,#179,.T.);
#179 = EDGE_CURVE('',#172,#114,#180,.T.);
#180 = CIRCLE('',#181,4.5E-02);
#181 = AXIS2_PLACEMENT_3D('',#182,#183,#184);
#182 = CARTESIAN_POINT('',(-0.745,-0.6,4.5E-02));
#183 = DIRECTION('',(0.,1.,0.));
#184 = DIRECTION('',(0.,-0.,1.));
#185 = PLANE('',#186);
#186 = AXIS2_PLACEMENT_3D('',#187,#188,#189);
#187 = CARTESIAN_POINT('',(-1.,-0.6,0.));
#188 = DIRECTION('',(0.,1.,0.));
#189 = DIRECTION('',(0.,-0.,1.));
#190 = ADVANCED_FACE('',(#191),#210,.T.);
#191 = FACE_BOUND('',#192,.T.);
#192 = EDGE_LOOP('',(#193,#194,#203,#209));
#193 = ORIENTED_EDGE('',*,*,#81,.T.);
#194 = ORIENTED_EDGE('',*,*,#195,.T.);
#195 = EDGE_CURVE('',#82,#196,#198,.T.);
#196 = VERTEX_POINT('',#197);
#197 = CARTESIAN_POINT('',(-0.955,0.6,-2.775557561563E-17));
#198 = CIRCLE('',#199,4.5E-02);
#199 = AXIS2_PLACEMENT_3D('',#200,#201,#202);
#200 = CARTESIAN_POINT('',(-0.955,0.6,4.5E-02));
#201 = DIRECTION('',(0.,-1.,0.));
#202 = DIRECTION('',(0.,0.,1.));
#203 = ORIENTED_EDGE('',*,*,#204,.F.);
#204 = EDGE_CURVE('',#112,#196,#205,.T.);
#205 = LINE('',#206,#207);
#206 = CARTESIAN_POINT('',(-0.955,-0.6,-2.775557561563E-17));
#207 = VECTOR('',#208,1.);
#208 = DIRECTION('',(0.,1.,0.));
#209 = ORIENTED_EDGE('',*,*,#121,.F.);
#210 = CYLINDRICAL_SURFACE('',#211,4.5E-02);
#211 = AXIS2_PLACEMENT_3D('',#212,#213,#214);
#212 = CARTESIAN_POINT('',(-0.955,-0.6,4.5E-02));
#213 = DIRECTION('',(0.,1.,0.));
#214 = DIRECTION('',(-1.,0.,0.));
#215 = ADVANCED_FACE('',(#216),#235,.T.);
#216 = FACE_BOUND('',#217,.T.);
#217 = EDGE_LOOP('',(#218,#219,#227,#234));
#218 = ORIENTED_EDGE('',*,*,#129,.T.);
#219 = ORIENTED_EDGE('',*,*,#220,.T.);
#220 = EDGE_CURVE('',#130,#221,#223,.T.);
#221 = VERTEX_POINT('',#222);
#222 = CARTESIAN_POINT('',(-0.955,0.6,0.45));
#223 = LINE('',#224,#225);
#224 = CARTESIAN_POINT('',(-0.955,-0.6,0.45));
#225 = VECTOR('',#226,1.);
#226 = DIRECTION('',(0.,1.,0.));
#227 = ORIENTED_EDGE('',*,*,#228,.F.);
#228 = EDGE_CURVE('',#90,#221,#229,.T.);
#229 = CIRCLE('',#230,4.5E-02);
#230 = AXIS2_PLACEMENT_3D('',#231,#232,#233);
#231 = CARTESIAN_POINT('',(-0.955,0.6,0.405));
#232 = DIRECTION('',(0.,1.,0.));
#233 = DIRECTION('',(0.,-0.,1.));
#234 = ORIENTED_EDGE('',*,*,#97,.F.);
#235 = CYLINDRICAL_SURFACE('',#236,4.5E-02);
#236 = AXIS2_PLACEMENT_3D('',#237,#238,#239);
#237 = CARTESIAN_POINT('',(-0.955,-0.6,0.405));
#238 = DIRECTION('',(0.,1.,0.));
#239 = DIRECTION('',(-1.,0.,0.));
#240 = ADVANCED_FACE('',(#241),#302,.T.);
#241 = FACE_BOUND('',#242,.T.);
#242 = EDGE_LOOP('',(#243,#251,#252,#253,#254,#262,#271,#279,#287,#295)
  );
#243 = ORIENTED_EDGE('',*,*,#244,.F.);
#244 = EDGE_CURVE('',#196,#245,#247,.T.);
#245 = VERTEX_POINT('',#246);
#246 = CARTESIAN_POINT('',(-0.745,0.6,-2.775557561563E-17));
#247 = LINE('',#248,#249);
#248 = CARTESIAN_POINT('',(-1.,0.6,0.));
#249 = VECTOR('',#250,1.);
#250 = DIRECTION('',(1.,0.,0.));
#251 = ORIENTED_EDGE('',*,*,#195,.F.);
#252 = ORIENTED_EDGE('',*,*,#89,.T.);
#253 = ORIENTED_EDGE('',*,*,#228,.T.);
#254 = ORIENTED_EDGE('',*,*,#255,.T.);
#255 = EDGE_CURVE('',#221,#256,#258,.T.);
#256 = VERTEX_POINT('',#257);
#257 = CARTESIAN_POINT('',(-0.745,0.6,0.45));
#258 = LINE('',#259,#260);
#259 = CARTESIAN_POINT('',(-1.,0.6,0.45));
#260 = VECTOR('',#261,1.);
#261 = DIRECTION('',(1.,0.,0.));
#262 = ORIENTED_EDGE('',*,*,#263,.F.);
#263 = EDGE_CURVE('',#264,#256,#266,.T.);
#264 = VERTEX_POINT('',#265);
#265 = CARTESIAN_POINT('',(-0.7,0.6,0.405));
#266 = CIRCLE('',#267,4.5E-02);
#267 = AXIS2_PLACEMENT_3D('',#268,#269,#270);
#268 = CARTESIAN_POINT('',(-0.745,0.6,0.405));
#269 = DIRECTION('',(0.,-1.,0.));
#270 = DIRECTION('',(0.,0.,1.));
#271 = ORIENTED_EDGE('',*,*,#272,.F.);
#272 = EDGE_CURVE('',#273,#264,#275,.T.);
#273 = VERTEX_POINT('',#274);
#274 = CARTESIAN_POINT('',(-0.955,0.6,0.405));
#275 = LINE('',#276,#277);
#276 = CARTESIAN_POINT('',(-0.955,0.6,0.405));
#277 = VECTOR('',#278,1.);
#278 = DIRECTION('',(1.,0.,0.));
#279 = ORIENTED_EDGE('',*,*,#280,.F.);
#280 = EDGE_CURVE('',#281,#273,#283,.T.);
#281 = VERTEX_POINT('',#282);
#282 = CARTESIAN_POINT('',(-0.955,0.6,4.5E-02));
#283 = LINE('',#284,#285);
#284 = CARTESIAN_POINT('',(-0.955,0.6,4.5E-02));
#285 = VECTOR('',#286,1.);
#286 = DIRECTION('',(0.,0.,1.));
#287 = ORIENTED_EDGE('',*,*,#288,.T.);
#288 = EDGE_CURVE('',#281,#289,#291,.T.);
#289 = VERTEX_POINT('',#290);
#290 = CARTESIAN_POINT('',(-0.7,0.6,4.5E-02));
#291 = LINE('',#292,#293);
#292 = CARTESIAN_POINT('',(-0.955,0.6,4.5E-02));
#293 = VECTOR('',#294,1.);
#294 = DIRECTION('',(1.,0.,0.));
#295 = ORIENTED_EDGE('',*,*,#296,.T.);
#296 = EDGE_CURVE('',#289,#245,#297,.T.);
#297 = CIRCLE('',#298,4.5E-02);
#298 = AXIS2_PLACEMENT_3D('',#299,#300,#301);
#299 = CARTESIAN_POINT('',(-0.745,0.6,4.5E-02));
#300 = DIRECTION('',(0.,1.,0.));
#301 = DIRECTION('',(0.,-0.,1.));
#302 = PLANE('',#303);
#303 = AXIS2_PLACEMENT_3D('',#304,#305,#306);
#304 = CARTESIAN_POINT('',(-1.,0.6,0.));
#305 = DIRECTION('',(0.,1.,0.));
#306 = DIRECTION('',(0.,-0.,1.));
#307 = ADVANCED_FACE('',(#308),#319,.F.);
#308 = FACE_BOUND('',#309,.F.);
#309 = EDGE_LOOP('',(#310,#311,#312,#313));
#310 = ORIENTED_EDGE('',*,*,#244,.F.);
#311 = ORIENTED_EDGE('',*,*,#204,.F.);
#312 = ORIENTED_EDGE('',*,*,#111,.T.);
#313 = ORIENTED_EDGE('',*,*,#314,.T.);
#314 = EDGE_CURVE('',#114,#245,#315,.T.);
#315 = LINE('',#316,#317);
#316 = CARTESIAN_POINT('',(-0.745,-0.6,-2.775557561563E-17));
#317 = VECTOR('',#318,1.);
#318 = DIRECTION('',(0.,1.,0.));
#319 = PLANE('',#320);
#320 = AXIS2_PLACEMENT_3D('',#321,#322,#323);
#321 = CARTESIAN_POINT('',(-1.,-0.6,0.));
#322 = DIRECTION('',(0.,0.,1.));
#323 = DIRECTION('',(1.,0.,-0.));
#324 = ADVANCED_FACE('',(#325),#336,.T.);
#325 = FACE_BOUND('',#326,.T.);
#326 = EDGE_LOOP('',(#327,#328,#329,#330));
#327 = ORIENTED_EDGE('',*,*,#179,.T.);
#328 = ORIENTED_EDGE('',*,*,#314,.T.);
#329 = ORIENTED_EDGE('',*,*,#296,.F.);
#330 = ORIENTED_EDGE('',*,*,#331,.F.);
#331 = EDGE_CURVE('',#172,#289,#332,.T.);
#332 = LINE('',#333,#334);
#333 = CARTESIAN_POINT('',(-0.7,-0.6,4.5E-02));
#334 = VECTOR('',#335,1.);
#335 = DIRECTION('',(0.,1.,0.));
#336 = CYLINDRICAL_SURFACE('',#337,4.5E-02);
#337 = AXIS2_PLACEMENT_3D('',#338,#339,#340);
#338 = CARTESIAN_POINT('',(-0.745,-0.6,4.5E-02));
#339 = DIRECTION('',(0.,1.,0.));
#340 = DIRECTION('',(1.,0.,0.));
#341 = ADVANCED_FACE('',(#342),#385,.F.);
#342 = FACE_BOUND('',#343,.F.);
#343 = EDGE_LOOP('',(#344,#345,#346,#347,#355,#363,#371,#379));
#344 = ORIENTED_EDGE('',*,*,#171,.F.);
#345 = ORIENTED_EDGE('',*,*,#163,.T.);
#346 = ORIENTED_EDGE('',*,*,#155,.T.);
#347 = ORIENTED_EDGE('',*,*,#348,.T.);
#348 = EDGE_CURVE('',#147,#349,#351,.T.);
#349 = VERTEX_POINT('',#350);
#350 = CARTESIAN_POINT('',(0.7,-0.6,0.405));
#351 = LINE('',#352,#353);
#352 = CARTESIAN_POINT('',(-0.7,-0.6,0.405));
#353 = VECTOR('',#354,1.);
#354 = DIRECTION('',(1.,0.,0.));
#355 = ORIENTED_EDGE('',*,*,#356,.T.);
#356 = EDGE_CURVE('',#349,#357,#359,.T.);
#357 = VERTEX_POINT('',#358);
#358 = CARTESIAN_POINT('',(0.955,-0.6,0.405));
#359 = LINE('',#360,#361);
#360 = CARTESIAN_POINT('',(-0.955,-0.6,0.405));
#361 = VECTOR('',#362,1.);
#362 = DIRECTION('',(1.,0.,0.));
#363 = ORIENTED_EDGE('',*,*,#364,.F.);
#364 = EDGE_CURVE('',#365,#357,#367,.T.);
#365 = VERTEX_POINT('',#366);
#366 = CARTESIAN_POINT('',(0.955,-0.6,4.5E-02));
#367 = LINE('',#368,#369);
#368 = CARTESIAN_POINT('',(0.955,-0.6,4.5E-02));
#369 = VECTOR('',#370,1.);
#370 = DIRECTION('',(0.,0.,1.));
#371 = ORIENTED_EDGE('',*,*,#372,.F.);
#372 = EDGE_CURVE('',#373,#365,#375,.T.);
#373 = VERTEX_POINT('',#374);
#374 = CARTESIAN_POINT('',(0.7,-0.6,4.5E-02));
#375 = LINE('',#376,#377);
#376 = CARTESIAN_POINT('',(-0.955,-0.6,4.5E-02));
#377 = VECTOR('',#378,1.);
#378 = DIRECTION('',(1.,0.,0.));
#379 = ORIENTED_EDGE('',*,*,#380,.F.);
#380 = EDGE_CURVE('',#172,#373,#381,.T.);
#381 = LINE('',#382,#383);
#382 = CARTESIAN_POINT('',(-0.955,-0.6,4.5E-02));
#383 = VECTOR('',#384,1.);
#384 = DIRECTION('',(1.,0.,0.));
#385 = PLANE('',#386);
#386 = AXIS2_PLACEMENT_3D('',#387,#388,#389);
#387 = CARTESIAN_POINT('',(-0.955,-0.6,4.5E-02));
#388 = DIRECTION('',(0.,1.,0.));
#389 = DIRECTION('',(0.,-0.,1.));
#390 = ADVANCED_FACE('',(#391),#402,.T.);
#391 = FACE_BOUND('',#392,.T.);
#392 = EDGE_LOOP('',(#393,#394,#395,#396));
#393 = ORIENTED_EDGE('',*,*,#255,.F.);
#394 = ORIENTED_EDGE('',*,*,#220,.F.);
#395 = ORIENTED_EDGE('',*,*,#138,.T.);
#396 = ORIENTED_EDGE('',*,*,#397,.T.);
#397 = EDGE_CURVE('',#139,#256,#398,.T.);
#398 = LINE('',#399,#400);
#399 = CARTESIAN_POINT('',(-0.745,-0.6,0.45));
#400 = VECTOR('',#401,1.);
#401 = DIRECTION('',(0.,1.,0.));
#402 = PLANE('',#403);
#403 = AXIS2_PLACEMENT_3D('',#404,#405,#406);
#404 = CARTESIAN_POINT('',(-1.,-0.6,0.45));
#405 = DIRECTION('',(0.,0.,1.));
#406 = DIRECTION('',(1.,0.,-0.));
#407 = ADVANCED_FACE('',(#408),#419,.T.);
#408 = FACE_BOUND('',#409,.T.);
#409 = EDGE_LOOP('',(#410,#416,#417,#418));
#410 = ORIENTED_EDGE('',*,*,#411,.T.);
#411 = EDGE_CURVE('',#147,#264,#412,.T.);
#412 = LINE('',#413,#414);
#413 = CARTESIAN_POINT('',(-0.7,-0.6,0.405));
#414 = VECTOR('',#415,1.);
#415 = DIRECTION('',(0.,1.,0.));
#416 = ORIENTED_EDGE('',*,*,#263,.T.);
#417 = ORIENTED_EDGE('',*,*,#397,.F.);
#418 = ORIENTED_EDGE('',*,*,#146,.F.);
#419 = CYLINDRICAL_SURFACE('',#420,4.5E-02);
#420 = AXIS2_PLACEMENT_3D('',#421,#422,#423);
#421 = CARTESIAN_POINT('',(-0.745,-0.6,0.405));
#422 = DIRECTION('',(0.,1.,0.));
#423 = DIRECTION('',(1.,0.,0.));
#424 = ADVANCED_FACE('',(#425),#468,.T.);
#425 = FACE_BOUND('',#426,.T.);
#426 = EDGE_LOOP('',(#427,#428,#429,#430,#438,#446,#454,#462));
#427 = ORIENTED_EDGE('',*,*,#288,.F.);
#428 = ORIENTED_EDGE('',*,*,#280,.T.);
#429 = ORIENTED_EDGE('',*,*,#272,.T.);
#430 = ORIENTED_EDGE('',*,*,#431,.T.);
#431 = EDGE_CURVE('',#264,#432,#434,.T.);
#432 = VERTEX_POINT('',#433);
#433 = CARTESIAN_POINT('',(0.7,0.6,0.405));
#434 = LINE('',#435,#436);
#435 = CARTESIAN_POINT('',(-0.7,0.6,0.405));
#436 = VECTOR('',#437,1.);
#437 = DIRECTION('',(1.,0.,0.));
#438 = ORIENTED_EDGE('',*,*,#439,.T.);
#439 = EDGE_CURVE('',#432,#440,#442,.T.);
#440 = VERTEX_POINT('',#441);
#441 = CARTESIAN_POINT('',(0.955,0.6,0.405));
#442 = LINE('',#443,#444);
#443 = CARTESIAN_POINT('',(-0.955,0.6,0.405));
#444 = VECTOR('',#445,1.);
#445 = DIRECTION('',(1.,0.,0.));
#446 = ORIENTED_EDGE('',*,*,#447,.F.);
#447 = EDGE_CURVE('',#448,#440,#450,.T.);
#448 = VERTEX_POINT('',#449);
#449 = CARTESIAN_POINT('',(0.955,0.6,4.5E-02));
#450 = LINE('',#451,#452);
#451 = CARTESIAN_POINT('',(0.955,0.6,4.5E-02));
#452 = VECTOR('',#453,1.);
#453 = DIRECTION('',(0.,0.,1.));
#454 = ORIENTED_EDGE('',*,*,#455,.F.);
#455 = EDGE_CURVE('',#456,#448,#458,.T.);
#456 = VERTEX_POINT('',#457);
#457 = CARTESIAN_POINT('',(0.7,0.6,4.5E-02));
#458 = LINE('',#459,#460);
#459 = CARTESIAN_POINT('',(-0.955,0.6,4.5E-02));
#460 = VECTOR('',#461,1.);
#461 = DIRECTION('',(1.,0.,0.));
#462 = ORIENTED_EDGE('',*,*,#463,.F.);
#463 = EDGE_CURVE('',#289,#456,#464,.T.);
#464 = LINE('',#465,#466);
#465 = CARTESIAN_POINT('',(-0.955,0.6,4.5E-02));
#466 = VECTOR('',#467,1.);
#467 = DIRECTION('',(1.,0.,0.));
#468 = PLANE('',#469);
#469 = AXIS2_PLACEMENT_3D('',#470,#471,#472);
#470 = CARTESIAN_POINT('',(-0.955,0.6,4.5E-02));
#471 = DIRECTION('',(0.,1.,0.));
#472 = DIRECTION('',(0.,-0.,1.));
#473 = ADVANCED_FACE('',(#474),#485,.F.);
#474 = FACE_BOUND('',#475,.F.);
#475 = EDGE_LOOP('',(#476,#477,#478,#484));
#476 = ORIENTED_EDGE('',*,*,#331,.F.);
#477 = ORIENTED_EDGE('',*,*,#380,.T.);
#478 = ORIENTED_EDGE('',*,*,#479,.T.);
#479 = EDGE_CURVE('',#373,#456,#480,.T.);
#480 = LINE('',#481,#482);
#481 = CARTESIAN_POINT('',(0.7,-0.6,4.5E-02));
#482 = VECTOR('',#483,1.);
#483 = DIRECTION('',(0.,1.,0.));
#484 = ORIENTED_EDGE('',*,*,#463,.F.);
#485 = PLANE('',#486);
#486 = AXIS2_PLACEMENT_3D('',#487,#488,#489);
#487 = CARTESIAN_POINT('',(-0.955,-0.6,4.5E-02));
#488 = DIRECTION('',(0.,0.,1.));
#489 = DIRECTION('',(1.,0.,-0.));
#490 = ADVANCED_FACE('',(#491),#554,.F.);
#491 = FACE_BOUND('',#492,.F.);
#492 = EDGE_LOOP('',(#493,#503,#510,#511,#512,#513,#522,#530,#539,#547)
  );
#493 = ORIENTED_EDGE('',*,*,#494,.F.);
#494 = EDGE_CURVE('',#495,#497,#499,.T.);
#495 = VERTEX_POINT('',#496);
#496 = CARTESIAN_POINT('',(0.745,-0.6,-2.775557561563E-17));
#497 = VERTEX_POINT('',#498);
#498 = CARTESIAN_POINT('',(0.955,-0.6,-2.775557561563E-17));
#499 = LINE('',#500,#501);
#500 = CARTESIAN_POINT('',(0.7,-0.6,0.));
#501 = VECTOR('',#502,1.);
#502 = DIRECTION('',(1.,0.,0.));
#503 = ORIENTED_EDGE('',*,*,#504,.F.);
#504 = EDGE_CURVE('',#373,#495,#505,.T.);
#505 = CIRCLE('',#506,4.5E-02);
#506 = AXIS2_PLACEMENT_3D('',#507,#508,#509);
#507 = CARTESIAN_POINT('',(0.745,-0.6,4.5E-02));
#508 = DIRECTION('',(0.,-1.,0.));
#509 = DIRECTION('',(0.,0.,1.));
#510 = ORIENTED_EDGE('',*,*,#372,.T.);
#511 = ORIENTED_EDGE('',*,*,#364,.T.);
#512 = ORIENTED_EDGE('',*,*,#356,.F.);
#513 = ORIENTED_EDGE('',*,*,#514,.T.);
#514 = EDGE_CURVE('',#349,#515,#517,.T.);
#515 = VERTEX_POINT('',#516);
#516 = CARTESIAN_POINT('',(0.745,-0.6,0.45));
#517 = CIRCLE('',#518,4.5E-02);
#518 = AXIS2_PLACEMENT_3D('',#519,#520,#521);
#519 = CARTESIAN_POINT('',(0.745,-0.6,0.405));
#520 = DIRECTION('',(0.,1.,0.));
#521 = DIRECTION('',(0.,-0.,1.));
#522 = ORIENTED_EDGE('',*,*,#523,.T.);
#523 = EDGE_CURVE('',#515,#524,#526,.T.);
#524 = VERTEX_POINT('',#525);
#525 = CARTESIAN_POINT('',(0.955,-0.6,0.45));
#526 = LINE('',#527,#528);
#527 = CARTESIAN_POINT('',(0.7,-0.6,0.45));
#528 = VECTOR('',#529,1.);
#529 = DIRECTION('',(1.,0.,0.));
#530 = ORIENTED_EDGE('',*,*,#531,.F.);
#531 = EDGE_CURVE('',#532,#524,#534,.T.);
#532 = VERTEX_POINT('',#533);
#533 = CARTESIAN_POINT('',(1.,-0.6,0.405));
#534 = CIRCLE('',#535,4.5E-02);
#535 = AXIS2_PLACEMENT_3D('',#536,#537,#538);
#536 = CARTESIAN_POINT('',(0.955,-0.6,0.405));
#537 = DIRECTION('',(0.,-1.,0.));
#538 = DIRECTION('',(0.,0.,1.));
#539 = ORIENTED_EDGE('',*,*,#540,.F.);
#540 = EDGE_CURVE('',#541,#532,#543,.T.);
#541 = VERTEX_POINT('',#542);
#542 = CARTESIAN_POINT('',(1.,-0.6,4.5E-02));
#543 = LINE('',#544,#545);
#544 = CARTESIAN_POINT('',(1.,-0.6,0.));
#545 = VECTOR('',#546,1.);
#546 = DIRECTION('',(0.,0.,1.));
#547 = ORIENTED_EDGE('',*,*,#548,.T.);
#548 = EDGE_CURVE('',#541,#497,#549,.T.);
#549 = CIRCLE('',#550,4.5E-02);
#550 = AXIS2_PLACEMENT_3D('',#551,#552,#553);
#551 = CARTESIAN_POINT('',(0.955,-0.6,4.5E-02));
#552 = DIRECTION('',(0.,1.,0.));
#553 = DIRECTION('',(0.,-0.,1.));
#554 = PLANE('',#555);
#555 = AXIS2_PLACEMENT_3D('',#556,#557,#558);
#556 = CARTESIAN_POINT('',(0.7,-0.6,0.));
#557 = DIRECTION('',(0.,1.,0.));
#558 = DIRECTION('',(0.,-0.,1.));
#559 = ADVANCED_FACE('',(#560),#585,.F.);
#560 = FACE_BOUND('',#561,.F.);
#561 = EDGE_LOOP('',(#562,#563,#571,#579));
#562 = ORIENTED_EDGE('',*,*,#348,.F.);
#563 = ORIENTED_EDGE('',*,*,#564,.T.);
#564 = EDGE_CURVE('',#147,#565,#567,.T.);
#565 = VERTEX_POINT('',#566);
#566 = CARTESIAN_POINT('',(-0.7,-0.6,0.45));
#567 = LINE('',#568,#569);
#568 = CARTESIAN_POINT('',(-0.7,-0.6,0.405));
#569 = VECTOR('',#570,1.);
#570 = DIRECTION('',(0.,0.,1.));
#571 = ORIENTED_EDGE('',*,*,#572,.T.);
#572 = EDGE_CURVE('',#565,#573,#575,.T.);
#573 = VERTEX_POINT('',#574);
#574 = CARTESIAN_POINT('',(0.7,-0.6,0.45));
#575 = LINE('',#576,#577);
#576 = CARTESIAN_POINT('',(-0.7,-0.6,0.45));
#577 = VECTOR('',#578,1.);
#578 = DIRECTION('',(1.,0.,0.));
#579 = ORIENTED_EDGE('',*,*,#580,.F.);
#580 = EDGE_CURVE('',#349,#573,#581,.T.);
#581 = LINE('',#582,#583);
#582 = CARTESIAN_POINT('',(0.7,-0.6,0.405));
#583 = VECTOR('',#584,1.);
#584 = DIRECTION('',(0.,0.,1.));
#585 = PLANE('',#586);
#586 = AXIS2_PLACEMENT_3D('',#587,#588,#589);
#587 = CARTESIAN_POINT('',(-0.7,-0.6,0.405));
#588 = DIRECTION('',(0.,1.,0.));
#589 = DIRECTION('',(0.,-0.,1.));
#590 = ADVANCED_FACE('',(#591),#609,.F.);
#591 = FACE_BOUND('',#592,.F.);
#592 = EDGE_LOOP('',(#593,#594,#595,#603));
#593 = ORIENTED_EDGE('',*,*,#564,.F.);
#594 = ORIENTED_EDGE('',*,*,#411,.T.);
#595 = ORIENTED_EDGE('',*,*,#596,.T.);
#596 = EDGE_CURVE('',#264,#597,#599,.T.);
#597 = VERTEX_POINT('',#598);
#598 = CARTESIAN_POINT('',(-0.7,0.6,0.45));
#599 = LINE('',#600,#601);
#600 = CARTESIAN_POINT('',(-0.7,0.6,0.405));
#601 = VECTOR('',#602,1.);
#602 = DIRECTION('',(0.,0.,1.));
#603 = ORIENTED_EDGE('',*,*,#604,.F.);
#604 = EDGE_CURVE('',#565,#597,#605,.T.);
#605 = LINE('',#606,#607);
#606 = CARTESIAN_POINT('',(-0.7,-0.6,0.45));
#607 = VECTOR('',#608,1.);
#608 = DIRECTION('',(0.,1.,0.));
#609 = PLANE('',#610);
#610 = AXIS2_PLACEMENT_3D('',#611,#612,#613);
#611 = CARTESIAN_POINT('',(-0.7,-0.6,0.405));
#612 = DIRECTION('',(1.,0.,0.));
#613 = DIRECTION('',(0.,0.,1.));
#614 = ADVANCED_FACE('',(#615),#678,.T.);
#615 = FACE_BOUND('',#616,.T.);
#616 = EDGE_LOOP('',(#617,#627,#634,#635,#636,#637,#646,#654,#663,#671)
  );
#617 = ORIENTED_EDGE('',*,*,#618,.F.);
#618 = EDGE_CURVE('',#619,#621,#623,.T.);
#619 = VERTEX_POINT('',#620);
#620 = CARTESIAN_POINT('',(0.745,0.6,-2.775557561563E-17));
#621 = VERTEX_POINT('',#622);
#622 = CARTESIAN_POINT('',(0.955,0.6,-2.775557561563E-17));
#623 = LINE('',#624,#625);
#624 = CARTESIAN_POINT('',(0.7,0.6,0.));
#625 = VECTOR('',#626,1.);
#626 = DIRECTION('',(1.,0.,0.));
#627 = ORIENTED_EDGE('',*,*,#628,.F.);
#628 = EDGE_CURVE('',#456,#619,#629,.T.);
#629 = CIRCLE('',#630,4.5E-02);
#630 = AXIS2_PLACEMENT_3D('',#631,#632,#633);
#631 = CARTESIAN_POINT('',(0.745,0.6,4.5E-02));
#632 = DIRECTION('',(0.,-1.,0.));
#633 = DIRECTION('',(0.,0.,1.));
#634 = ORIENTED_EDGE('',*,*,#455,.T.);
#635 = ORIENTED_EDGE('',*,*,#447,.T.);
#636 = ORIENTED_EDGE('',*,*,#439,.F.);
#637 = ORIENTED_EDGE('',*,*,#638,.T.);
#638 = EDGE_CURVE('',#432,#639,#641,.T.);
#639 = VERTEX_POINT('',#640);
#640 = CARTESIAN_POINT('',(0.745,0.6,0.45));
#641 = CIRCLE('',#642,4.5E-02);
#642 = AXIS2_PLACEMENT_3D('',#643,#644,#645);
#643 = CARTESIAN_POINT('',(0.745,0.6,0.405));
#644 = DIRECTION('',(0.,1.,0.));
#645 = DIRECTION('',(0.,-0.,1.));
#646 = ORIENTED_EDGE('',*,*,#647,.T.);
#647 = EDGE_CURVE('',#639,#648,#650,.T.);
#648 = VERTEX_POINT('',#649);
#649 = CARTESIAN_POINT('',(0.955,0.6,0.45));
#650 = LINE('',#651,#652);
#651 = CARTESIAN_POINT('',(0.7,0.6,0.45));
#652 = VECTOR('',#653,1.);
#653 = DIRECTION('',(1.,0.,0.));
#654 = ORIENTED_EDGE('',*,*,#655,.F.);
#655 = EDGE_CURVE('',#656,#648,#658,.T.);
#656 = VERTEX_POINT('',#657);
#657 = CARTESIAN_POINT('',(1.,0.6,0.405));
#658 = CIRCLE('',#659,4.5E-02);
#659 = AXIS2_PLACEMENT_3D('',#660,#661,#662);
#660 = CARTESIAN_POINT('',(0.955,0.6,0.405));
#661 = DIRECTION('',(0.,-1.,0.));
#662 = DIRECTION('',(0.,0.,1.));
#663 = ORIENTED_EDGE('',*,*,#664,.F.);
#664 = EDGE_CURVE('',#665,#656,#667,.T.);
#665 = VERTEX_POINT('',#666);
#666 = CARTESIAN_POINT('',(1.,0.6,4.5E-02));
#667 = LINE('',#668,#669);
#668 = CARTESIAN_POINT('',(1.,0.6,0.));
#669 = VECTOR('',#670,1.);
#670 = DIRECTION('',(0.,0.,1.));
#671 = ORIENTED_EDGE('',*,*,#672,.T.);
#672 = EDGE_CURVE('',#665,#621,#673,.T.);
#673 = CIRCLE('',#674,4.5E-02);
#674 = AXIS2_PLACEMENT_3D('',#675,#676,#677);
#675 = CARTESIAN_POINT('',(0.955,0.6,4.5E-02));
#676 = DIRECTION('',(0.,1.,0.));
#677 = DIRECTION('',(0.,-0.,1.));
#678 = PLANE('',#679);
#679 = AXIS2_PLACEMENT_3D('',#680,#681,#682);
#680 = CARTESIAN_POINT('',(0.7,0.6,0.));
#681 = DIRECTION('',(0.,1.,0.));
#682 = DIRECTION('',(0.,-0.,1.));
#683 = ADVANCED_FACE('',(#684),#702,.T.);
#684 = FACE_BOUND('',#685,.T.);
#685 = EDGE_LOOP('',(#686,#687,#688,#696));
#686 = ORIENTED_EDGE('',*,*,#431,.F.);
#687 = ORIENTED_EDGE('',*,*,#596,.T.);
#688 = ORIENTED_EDGE('',*,*,#689,.T.);
#689 = EDGE_CURVE('',#597,#690,#692,.T.);
#690 = VERTEX_POINT('',#691);
#691 = CARTESIAN_POINT('',(0.7,0.6,0.45));
#692 = LINE('',#693,#694);
#693 = CARTESIAN_POINT('',(-0.7,0.6,0.45));
#694 = VECTOR('',#695,1.);
#695 = DIRECTION('',(1.,0.,0.));
#696 = ORIENTED_EDGE('',*,*,#697,.F.);
#697 = EDGE_CURVE('',#432,#690,#698,.T.);
#698 = LINE('',#699,#700);
#699 = CARTESIAN_POINT('',(0.7,0.6,0.405));
#700 = VECTOR('',#701,1.);
#701 = DIRECTION('',(0.,0.,1.));
#702 = PLANE('',#703);
#703 = AXIS2_PLACEMENT_3D('',#704,#705,#706);
#704 = CARTESIAN_POINT('',(-0.7,0.6,0.405));
#705 = DIRECTION('',(0.,1.,0.));
#706 = DIRECTION('',(0.,-0.,1.));
#707 = ADVANCED_FACE('',(#708),#719,.T.);
#708 = FACE_BOUND('',#709,.T.);
#709 = EDGE_LOOP('',(#710,#711,#712,#718));
#710 = ORIENTED_EDGE('',*,*,#479,.T.);
#711 = ORIENTED_EDGE('',*,*,#628,.T.);
#712 = ORIENTED_EDGE('',*,*,#713,.F.);
#713 = EDGE_CURVE('',#495,#619,#714,.T.);
#714 = LINE('',#715,#716);
#715 = CARTESIAN_POINT('',(0.745,-0.6,-2.775557561563E-17));
#716 = VECTOR('',#717,1.);
#717 = DIRECTION('',(0.,1.,0.));
#718 = ORIENTED_EDGE('',*,*,#504,.F.);
#719 = CYLINDRICAL_SURFACE('',#720,4.5E-02);
#720 = AXIS2_PLACEMENT_3D('',#721,#722,#723);
#721 = CARTESIAN_POINT('',(0.745,-0.6,4.5E-02));
#722 = DIRECTION('',(0.,1.,0.));
#723 = DIRECTION('',(-1.,0.,0.));
#724 = ADVANCED_FACE('',(#725),#736,.F.);
#725 = FACE_BOUND('',#726,.F.);
#726 = EDGE_LOOP('',(#727,#728,#729,#730));
#727 = ORIENTED_EDGE('',*,*,#618,.F.);
#728 = ORIENTED_EDGE('',*,*,#713,.F.);
#729 = ORIENTED_EDGE('',*,*,#494,.T.);
#730 = ORIENTED_EDGE('',*,*,#731,.T.);
#731 = EDGE_CURVE('',#497,#621,#732,.T.);
#732 = LINE('',#733,#734);
#733 = CARTESIAN_POINT('',(0.955,-0.6,-2.775557561563E-17));
#734 = VECTOR('',#735,1.);
#735 = DIRECTION('',(0.,1.,0.));
#736 = PLANE('',#737);
#737 = AXIS2_PLACEMENT_3D('',#738,#739,#740);
#738 = CARTESIAN_POINT('',(0.7,-0.6,0.));
#739 = DIRECTION('',(0.,0.,1.));
#740 = DIRECTION('',(1.,0.,-0.));
#741 = ADVANCED_FACE('',(#742),#753,.T.);
#742 = FACE_BOUND('',#743,.T.);
#743 = EDGE_LOOP('',(#744,#745,#746,#747));
#744 = ORIENTED_EDGE('',*,*,#548,.T.);
#745 = ORIENTED_EDGE('',*,*,#731,.T.);
#746 = ORIENTED_EDGE('',*,*,#672,.F.);
#747 = ORIENTED_EDGE('',*,*,#748,.F.);
#748 = EDGE_CURVE('',#541,#665,#749,.T.);
#749 = LINE('',#750,#751);
#750 = CARTESIAN_POINT('',(1.,-0.6,4.5E-02));
#751 = VECTOR('',#752,1.);
#752 = DIRECTION('',(0.,1.,0.));
#753 = CYLINDRICAL_SURFACE('',#754,4.5E-02);
#754 = AXIS2_PLACEMENT_3D('',#755,#756,#757);
#755 = CARTESIAN_POINT('',(0.955,-0.6,4.5E-02));
#756 = DIRECTION('',(0.,1.,0.));
#757 = DIRECTION('',(1.,0.,0.));
#758 = ADVANCED_FACE('',(#759),#770,.T.);
#759 = FACE_BOUND('',#760,.T.);
#760 = EDGE_LOOP('',(#761,#762,#763,#764));
#761 = ORIENTED_EDGE('',*,*,#540,.F.);
#762 = ORIENTED_EDGE('',*,*,#748,.T.);
#763 = ORIENTED_EDGE('',*,*,#664,.T.);
#764 = ORIENTED_EDGE('',*,*,#765,.F.);
#765 = EDGE_CURVE('',#532,#656,#766,.T.);
#766 = LINE('',#767,#768);
#767 = CARTESIAN_POINT('',(1.,-0.6,0.405));
#768 = VECTOR('',#769,1.);
#769 = DIRECTION('',(0.,1.,0.));
#770 = PLANE('',#771);
#771 = AXIS2_PLACEMENT_3D('',#772,#773,#774);
#772 = CARTESIAN_POINT('',(1.,-0.6,0.));
#773 = DIRECTION('',(1.,0.,0.));
#774 = DIRECTION('',(0.,0.,1.));
#775 = ADVANCED_FACE('',(#776),#787,.T.);
#776 = FACE_BOUND('',#777,.T.);
#777 = EDGE_LOOP('',(#778,#779,#780,#786));
#778 = ORIENTED_EDGE('',*,*,#765,.T.);
#779 = ORIENTED_EDGE('',*,*,#655,.T.);
#780 = ORIENTED_EDGE('',*,*,#781,.F.);
#781 = EDGE_CURVE('',#524,#648,#782,.T.);
#782 = LINE('',#783,#784);
#783 = CARTESIAN_POINT('',(0.955,-0.6,0.45));
#784 = VECTOR('',#785,1.);
#785 = DIRECTION('',(0.,1.,0.));
#786 = ORIENTED_EDGE('',*,*,#531,.F.);
#787 = CYLINDRICAL_SURFACE('',#788,4.5E-02);
#788 = AXIS2_PLACEMENT_3D('',#789,#790,#791);
#789 = CARTESIAN_POINT('',(0.955,-0.6,0.405));
#790 = DIRECTION('',(0.,1.,0.));
#791 = DIRECTION('',(1.,0.,0.));
#792 = ADVANCED_FACE('',(#793),#804,.T.);
#793 = FACE_BOUND('',#794,.T.);
#794 = EDGE_LOOP('',(#795,#796,#802,#803));
#795 = ORIENTED_EDGE('',*,*,#647,.F.);
#796 = ORIENTED_EDGE('',*,*,#797,.F.);
#797 = EDGE_CURVE('',#515,#639,#798,.T.);
#798 = LINE('',#799,#800);
#799 = CARTESIAN_POINT('',(0.745,-0.6,0.45));
#800 = VECTOR('',#801,1.);
#801 = DIRECTION('',(0.,1.,0.));
#802 = ORIENTED_EDGE('',*,*,#523,.T.);
#803 = ORIENTED_EDGE('',*,*,#781,.T.);
#804 = PLANE('',#805);
#805 = AXIS2_PLACEMENT_3D('',#806,#807,#808);
#806 = CARTESIAN_POINT('',(0.7,-0.6,0.45));
#807 = DIRECTION('',(0.,0.,1.));
#808 = DIRECTION('',(1.,0.,-0.));
#809 = ADVANCED_FACE('',(#810),#821,.T.);
#810 = FACE_BOUND('',#811,.T.);
#811 = EDGE_LOOP('',(#812,#813,#814,#815));
#812 = ORIENTED_EDGE('',*,*,#514,.T.);
#813 = ORIENTED_EDGE('',*,*,#797,.T.);
#814 = ORIENTED_EDGE('',*,*,#638,.F.);
#815 = ORIENTED_EDGE('',*,*,#816,.F.);
#816 = EDGE_CURVE('',#349,#432,#817,.T.);
#817 = LINE('',#818,#819);
#818 = CARTESIAN_POINT('',(0.7,-0.6,0.405));
#819 = VECTOR('',#820,1.);
#820 = DIRECTION('',(0.,1.,0.));
#821 = CYLINDRICAL_SURFACE('',#822,4.5E-02);
#822 = AXIS2_PLACEMENT_3D('',#823,#824,#825);
#823 = CARTESIAN_POINT('',(0.745,-0.6,0.405));
#824 = DIRECTION('',(0.,1.,0.));
#825 = DIRECTION('',(-1.,0.,0.));
#826 = ADVANCED_FACE('',(#827),#838,.T.);
#827 = FACE_BOUND('',#828,.T.);
#828 = EDGE_LOOP('',(#829,#830,#831,#832));
#829 = ORIENTED_EDGE('',*,*,#580,.F.);
#830 = ORIENTED_EDGE('',*,*,#816,.T.);
#831 = ORIENTED_EDGE('',*,*,#697,.T.);
#832 = ORIENTED_EDGE('',*,*,#833,.F.);
#833 = EDGE_CURVE('',#573,#690,#834,.T.);
#834 = LINE('',#835,#836);
#835 = CARTESIAN_POINT('',(0.7,-0.6,0.45));
#836 = VECTOR('',#837,1.);
#837 = DIRECTION('',(0.,1.,0.));
#838 = PLANE('',#839);
#839 = AXIS2_PLACEMENT_3D('',#840,#841,#842);
#840 = CARTESIAN_POINT('',(0.7,-0.6,0.405));
#841 = DIRECTION('',(1.,0.,0.));
#842 = DIRECTION('',(0.,0.,1.));
#843 = ADVANCED_FACE('',(#844),#850,.T.);
#844 = FACE_BOUND('',#845,.T.);
#845 = EDGE_LOOP('',(#846,#847,#848,#849));
#846 = ORIENTED_EDGE('',*,*,#604,.F.);
#847 = ORIENTED_EDGE('',*,*,#572,.T.);
#848 = ORIENTED_EDGE('',*,*,#833,.T.);
#849 = ORIENTED_EDGE('',*,*,#689,.F.);
#850 = PLANE('',#851);
#851 = AXIS2_PLACEMENT_3D('',#852,#853,#854);
#852 = CARTESIAN_POINT('',(-0.7,-0.6,0.45));
#853 = DIRECTION('',(0.,0.,1.));
#854 = DIRECTION('',(1.,0.,-0.));
#855 = ( GEOMETRIC_REPRESENTATION_CONTEXT(3) 
GLOBAL_UNCERTAINTY_ASSIGNED_CONTEXT((#859)) GLOBAL_UNIT_ASSIGNED_CONTEXT
((#856,#857,#858)) REPRESENTATION_CONTEXT('Context #1',
  '3D Context with UNIT and UNCERTAINTY') );
#856 = ( LENGTH_UNIT() NAMED_UNIT(*) SI_UNIT(.MILLI.,.METRE.) );
#857 = ( NAMED_UNIT(*) PLANE_ANGLE_UNIT() SI_UNIT($,.RADIAN.) );
#858 = ( NAMED_UNIT(*) SI_UNIT($,.STERADIAN.) SOLID_ANGLE_UNIT() );
#859 = UNCERTAINTY_MEASURE_WITH_UNIT(LENGTH_MEASURE(1.E-07),#856,
  'distance_accuracy_value','confusion accuracy');
#860 = CONTEXT_DEPENDENT_SHAPE_REPRESENTATION(#861,#863);
#861 = ( REPRESENTATION_RELATIONSHIP('','',#64,#10) 
REPRESENTATION_RELATIONSHIP_WITH_TRANSFORMATION(#862) 
SHAPE_REPRESENTATION_RELATIONSHIP() );
#862 = ITEM_DEFINED_TRANSFORMATION('','',#11,#15);
#863 = PRODUCT_DEFINITION_SHAPE('Placement','Placement of an item',#864
  );
#864 = NEXT_ASSEMBLY_USAGE_OCCURRENCE('1','R2','',#5,#59,$);
#865 = PRODUCT_RELATED_PRODUCT_CATEGORY('part',$,(#61));
#866 = SHAPE_DEFINITION_REPRESENTATION(#867,#873);
#867 = PRODUCT_DEFINITION_SHAPE('','',#868);
#868 = PRODUCT_DEFINITION('design','',#869,#872);
#869 = PRODUCT_DEFINITION_FORMATION('','',#870);
#870 = PRODUCT('LED_0805_2012Metric','LED_0805_2012Metric','',(#871));
#871 = PRODUCT_CONTEXT('',#2,'mechanical');
#872 = PRODUCT_DEFINITION_CONTEXT('part definition',#2,'design');
#873 = ADVANCED_BREP_SHAPE_REPRESENTATION('',(#11,#874),#2397);
#874 = MANIFOLD_SOLID_BREP('',#875);
#875 = CLOSED_SHELL('',(#876,#916,#963,#1042,#1066,#1106,#1137,#1154,
    #1187,#1211,#1278,#1399,#1466,#1490,#1521,#1554,#1610,#1634,#1658,
    #1682,#1715,#1727,#1790,#1815,#1832,#1856,#1874,#1892,#1910,#1927,
    #1944,#1975,#2000,#2025,#2049,#2066,#2097,#2121,#2138,#2166,#2191,
    #2215,#2240,#2287,#2304,#2316,#2338,#2350,#2368,#2386));
#876 = ADVANCED_FACE('',(#877),#911,.F.);
#877 = FACE_BOUND('',#878,.F.);
#878 = EDGE_LOOP('',(#879,#889,#897,#905));
#879 = ORIENTED_EDGE('',*,*,#880,.T.);
#880 = EDGE_CURVE('',#881,#883,#885,.T.);
#881 = VERTEX_POINT('',#882);
#882 = CARTESIAN_POINT('',(-0.65,-0.625,0.465));
#883 = VERTEX_POINT('',#884);
#884 = CARTESIAN_POINT('',(-0.585,-0.625,1.1));
#885 = LINE('',#886,#887);
#886 = CARTESIAN_POINT('',(-0.65,-0.625,0.465));
#887 = VECTOR('',#888,1.);
#888 = DIRECTION('',(0.101830105936,0.,0.994801804142));
#889 = ORIENTED_EDGE('',*,*,#890,.T.);
#890 = EDGE_CURVE('',#883,#891,#893,.T.);
#891 = VERTEX_POINT('',#892);
#892 = CARTESIAN_POINT('',(0.585,-0.625,1.1));
#893 = LINE('',#894,#895);
#894 = CARTESIAN_POINT('',(-0.585,-0.625,1.1));
#895 = VECTOR('',#896,1.);
#896 = DIRECTION('',(1.,0.,0.));
#897 = ORIENTED_EDGE('',*,*,#898,.T.);
#898 = EDGE_CURVE('',#891,#899,#901,.T.);
#899 = VERTEX_POINT('',#900);
#900 = CARTESIAN_POINT('',(0.65,-0.625,0.465));
#901 = LINE('',#902,#903);
#902 = CARTESIAN_POINT('',(0.585,-0.625,1.1));
#903 = VECTOR('',#904,1.);
#904 = DIRECTION('',(0.101830105936,0.,-0.994801804142));
#905 = ORIENTED_EDGE('',*,*,#906,.T.);
#906 = EDGE_CURVE('',#899,#881,#907,.T.);
#907 = LINE('',#908,#909);
#908 = CARTESIAN_POINT('',(0.65,-0.625,0.465));
#909 = VECTOR('',#910,1.);
#910 = DIRECTION('',(-1.,0.,-4.270088556251E-17));
#911 = PLANE('',#912);
#912 = AXIS2_PLACEMENT_3D('',#913,#914,#915);
#913 = CARTESIAN_POINT('',(1.481626402817E-17,-0.625,0.771483451357));
#914 = DIRECTION('',(-5.57234551408E-33,1.,3.18580557984E-32));
#915 = DIRECTION('',(0.,-3.18580557984E-32,1.));
#916 = ADVANCED_FACE('',(#917),#958,.T.);
#917 = FACE_BOUND('',#918,.T.);
#918 = EDGE_LOOP('',(#919,#929,#937,#943,#944,#952));
#919 = ORIENTED_EDGE('',*,*,#920,.T.);
#920 = EDGE_CURVE('',#921,#923,#925,.T.);
#921 = VERTEX_POINT('',#922);
#922 = CARTESIAN_POINT('',(-0.65,0.625,0.465));
#923 = VERTEX_POINT('',#924);
#924 = CARTESIAN_POINT('',(-0.65,0.46875,0.465));
#925 = LINE('',#926,#927);
#926 = CARTESIAN_POINT('',(-0.65,0.625,0.465));
#927 = VECTOR('',#928,1.);
#928 = DIRECTION('',(0.,-1.,0.));
#929 = ORIENTED_EDGE('',*,*,#930,.F.);
#930 = EDGE_CURVE('',#931,#923,#933,.T.);
#931 = VERTEX_POINT('',#932);
#932 = CARTESIAN_POINT('',(-0.65,-0.46875,0.465));
#933 = LINE('',#934,#935);
#934 = CARTESIAN_POINT('',(-0.65,-0.625,0.465));
#935 = VECTOR('',#936,1.);
#936 = DIRECTION('',(0.,1.,0.));
#937 = ORIENTED_EDGE('',*,*,#938,.T.);
#938 = EDGE_CURVE('',#931,#881,#939,.T.);
#939 = LINE('',#940,#941);
#940 = CARTESIAN_POINT('',(-0.65,0.625,0.465));
#941 = VECTOR('',#942,1.);
#942 = DIRECTION('',(0.,-1.,0.));
#943 = ORIENTED_EDGE('',*,*,#880,.T.);
#944 = ORIENTED_EDGE('',*,*,#945,.F.);
#945 = EDGE_CURVE('',#946,#883,#948,.T.);
#946 = VERTEX_POINT('',#947);
#947 = CARTESIAN_POINT('',(-0.585,0.625,1.1));
#948 = LINE('',#949,#950);
#949 = CARTESIAN_POINT('',(-0.585,0.625,1.1));
#950 = VECTOR('',#951,1.);
#951 = DIRECTION('',(0.,-1.,0.));
#952 = ORIENTED_EDGE('',*,*,#953,.F.);
#953 = EDGE_CURVE('',#921,#946,#954,.T.);
#954 = LINE('',#955,#956);
#955 = CARTESIAN_POINT('',(-0.65,0.625,0.465));
#956 = VECTOR('',#957,1.);
#957 = DIRECTION('',(0.101830105936,0.,0.994801804142));
#958 = PLANE('',#959);
#959 = AXIS2_PLACEMENT_3D('',#960,#961,#962);
#960 = CARTESIAN_POINT('',(-0.65,0.625,0.465));
#961 = DIRECTION('',(-0.994801804142,0.,0.101830105936));
#962 = DIRECTION('',(0.101830105936,0.,0.994801804142));
#963 = ADVANCED_FACE('',(#964),#1037,.F.);
#964 = FACE_BOUND('',#965,.F.);
#965 = EDGE_LOOP('',(#966,#976,#984,#992,#998,#999,#1007,#1015,#1023,
    #1031));
#966 = ORIENTED_EDGE('',*,*,#967,.F.);
#967 = EDGE_CURVE('',#968,#970,#972,.T.);
#968 = VERTEX_POINT('',#969);
#969 = CARTESIAN_POINT('',(-0.965,-0.625,3.5E-02));
#970 = VERTEX_POINT('',#971);
#971 = CARTESIAN_POINT('',(-0.9125,-0.625,3.5E-02));
#972 = LINE('',#973,#974);
#973 = CARTESIAN_POINT('',(-0.965,-0.625,3.5E-02));
#974 = VECTOR('',#975,1.);
#975 = DIRECTION('',(1.,0.,0.));
#976 = ORIENTED_EDGE('',*,*,#977,.T.);
#977 = EDGE_CURVE('',#968,#978,#980,.T.);
#978 = VERTEX_POINT('',#979);
#979 = CARTESIAN_POINT('',(-0.965,-0.625,0.465));
#980 = LINE('',#981,#982);
#981 = CARTESIAN_POINT('',(-0.965,-0.625,3.5E-02));
#982 = VECTOR('',#983,1.);
#983 = DIRECTION('',(0.,0.,1.));
#984 = ORIENTED_EDGE('',*,*,#985,.T.);
#985 = EDGE_CURVE('',#978,#986,#988,.T.);
#986 = VERTEX_POINT('',#987);
#987 = CARTESIAN_POINT('',(-0.9125,-0.625,0.465));
#988 = LINE('',#989,#990);
#989 = CARTESIAN_POINT('',(-0.965,-0.625,0.465));
#990 = VECTOR('',#991,1.);
#991 = DIRECTION('',(1.,0.,0.));
#992 = ORIENTED_EDGE('',*,*,#993,.T.);
#993 = EDGE_CURVE('',#986,#881,#994,.T.);
#994 = LINE('',#995,#996);
#995 = CARTESIAN_POINT('',(-0.965,-0.625,0.465));
#996 = VECTOR('',#997,1.);
#997 = DIRECTION('',(1.,0.,0.));
#998 = ORIENTED_EDGE('',*,*,#906,.F.);
#999 = ORIENTED_EDGE('',*,*,#1000,.T.);
#1000 = EDGE_CURVE('',#899,#1001,#1003,.T.);
#1001 = VERTEX_POINT('',#1002);
#1002 = CARTESIAN_POINT('',(0.9125,-0.625,0.465));
#1003 = LINE('',#1004,#1005);
#1004 = CARTESIAN_POINT('',(-0.965,-0.625,0.465));
#1005 = VECTOR('',#1006,1.);
#1006 = DIRECTION('',(1.,0.,0.));
#1007 = ORIENTED_EDGE('',*,*,#1008,.T.);
#1008 = EDGE_CURVE('',#1001,#1009,#1011,.T.);
#1009 = VERTEX_POINT('',#1010);
#1010 = CARTESIAN_POINT('',(0.965,-0.625,0.465));
#1011 = LINE('',#1012,#1013);
#1012 = CARTESIAN_POINT('',(-0.965,-0.625,0.465));
#1013 = VECTOR('',#1014,1.);
#1014 = DIRECTION('',(1.,0.,0.));
#1015 = ORIENTED_EDGE('',*,*,#1016,.F.);
#1016 = EDGE_CURVE('',#1017,#1009,#1019,.T.);
#1017 = VERTEX_POINT('',#1018);
#1018 = CARTESIAN_POINT('',(0.965,-0.625,3.5E-02));
#1019 = LINE('',#1020,#1021);
#1020 = CARTESIAN_POINT('',(0.965,-0.625,3.5E-02));
#1021 = VECTOR('',#1022,1.);
#1022 = DIRECTION('',(0.,0.,1.));
#1023 = ORIENTED_EDGE('',*,*,#1024,.F.);
#1024 = EDGE_CURVE('',#1025,#1017,#1027,.T.);
#1025 = VERTEX_POINT('',#1026);
#1026 = CARTESIAN_POINT('',(0.9125,-0.625,3.5E-02));
#1027 = LINE('',#1028,#1029);
#1028 = CARTESIAN_POINT('',(-0.965,-0.625,3.5E-02));
#1029 = VECTOR('',#1030,1.);
#1030 = DIRECTION('',(1.,0.,0.));
#1031 = ORIENTED_EDGE('',*,*,#1032,.F.);
#1032 = EDGE_CURVE('',#970,#1025,#1033,.T.);
#1033 = LINE('',#1034,#1035);
#1034 = CARTESIAN_POINT('',(-0.965,-0.625,3.5E-02));
#1035 = VECTOR('',#1036,1.);
#1036 = DIRECTION('',(1.,0.,0.));
#1037 = PLANE('',#1038);
#1038 = AXIS2_PLACEMENT_3D('',#1039,#1040,#1041);
#1039 = CARTESIAN_POINT('',(-0.965,-0.625,3.5E-02));
#1040 = DIRECTION('',(0.,1.,0.));
#1041 = DIRECTION('',(0.,-0.,1.));
#1042 = ADVANCED_FACE('',(#1043),#1061,.T.);
#1043 = FACE_BOUND('',#1044,.T.);
#1044 = EDGE_LOOP('',(#1045,#1046,#1047,#1055));
#1045 = ORIENTED_EDGE('',*,*,#945,.T.);
#1046 = ORIENTED_EDGE('',*,*,#890,.T.);
#1047 = ORIENTED_EDGE('',*,*,#1048,.F.);
#1048 = EDGE_CURVE('',#1049,#891,#1051,.T.);
#1049 = VERTEX_POINT('',#1050);
#1050 = CARTESIAN_POINT('',(0.585,0.625,1.1));
#1051 = LINE('',#1052,#1053);
#1052 = CARTESIAN_POINT('',(0.585,0.625,1.1));
#1053 = VECTOR('',#1054,1.);
#1054 = DIRECTION('',(0.,-1.,0.));
#1055 = ORIENTED_EDGE('',*,*,#1056,.F.);
#1056 = EDGE_CURVE('',#946,#1049,#1057,.T.);
#1057 = LINE('',#1058,#1059);
#1058 = CARTESIAN_POINT('',(-0.585,0.625,1.1));
#1059 = VECTOR('',#1060,1.);
#1060 = DIRECTION('',(1.,0.,0.));
#1061 = PLANE('',#1062);
#1062 = AXIS2_PLACEMENT_3D('',#1063,#1064,#1065);
#1063 = CARTESIAN_POINT('',(-0.585,0.625,1.1));
#1064 = DIRECTION('',(0.,0.,1.));
#1065 = DIRECTION('',(1.,0.,-0.));
#1066 = ADVANCED_FACE('',(#1067),#1101,.T.);
#1067 = FACE_BOUND('',#1068,.T.);
#1068 = EDGE_LOOP('',(#1069,#1070,#1071,#1079,#1087,#1095));
#1069 = ORIENTED_EDGE('',*,*,#1048,.T.);
#1070 = ORIENTED_EDGE('',*,*,#898,.T.);
#1071 = ORIENTED_EDGE('',*,*,#1072,.F.);
#1072 = EDGE_CURVE('',#1073,#899,#1075,.T.);
#1073 = VERTEX_POINT('',#1074);
#1074 = CARTESIAN_POINT('',(0.65,-0.46875,0.465));
#1075 = LINE('',#1076,#1077);
#1076 = CARTESIAN_POINT('',(0.65,0.625,0.465));
#1077 = VECTOR('',#1078,1.);
#1078 = DIRECTION('',(0.,-1.,0.));
#1079 = ORIENTED_EDGE('',*,*,#1080,.F.);
#1080 = EDGE_CURVE('',#1081,#1073,#1083,.T.);
#1081 = VERTEX_POINT('',#1082);
#1082 = CARTESIAN_POINT('',(0.65,0.46875,0.465));
#1083 = LINE('',#1084,#1085);
#1084 = CARTESIAN_POINT('',(0.65,0.625,0.465));
#1085 = VECTOR('',#1086,1.);
#1086 = DIRECTION('',(0.,-1.,0.));
#1087 = ORIENTED_EDGE('',*,*,#1088,.F.);
#1088 = EDGE_CURVE('',#1089,#1081,#1091,.T.);
#1089 = VERTEX_POINT('',#1090);
#1090 = CARTESIAN_POINT('',(0.65,0.625,0.465));
#1091 = LINE('',#1092,#1093);
#1092 = CARTESIAN_POINT('',(0.65,0.625,0.465));
#1093 = VECTOR('',#1094,1.);
#1094 = DIRECTION('',(0.,-1.,0.));
#1095 = ORIENTED_EDGE('',*,*,#1096,.F.);
#1096 = EDGE_CURVE('',#1049,#1089,#1097,.T.);
#1097 = LINE('',#1098,#1099);
#1098 = CARTESIAN_POINT('',(0.585,0.625,1.1));
#1099 = VECTOR('',#1100,1.);
#1100 = DIRECTION('',(0.101830105936,0.,-0.994801804142));
#1101 = PLANE('',#1102);
#1102 = AXIS2_PLACEMENT_3D('',#1103,#1104,#1105);
#1103 = CARTESIAN_POINT('',(0.585,0.625,1.1));
#1104 = DIRECTION('',(0.994801804142,0.,0.101830105936));
#1105 = DIRECTION('',(0.101830105936,0.,-0.994801804142));
#1106 = ADVANCED_FACE('',(#1107),#1132,.T.);
#1107 = FACE_BOUND('',#1108,.T.);
#1108 = EDGE_LOOP('',(#1109,#1117,#1125,#1131));
#1109 = ORIENTED_EDGE('',*,*,#1110,.F.);
#1110 = EDGE_CURVE('',#1111,#921,#1113,.T.);
#1111 = VERTEX_POINT('',#1112);
#1112 = CARTESIAN_POINT('',(-0.9125,0.625,0.465));
#1113 = LINE('',#1114,#1115);
#1114 = CARTESIAN_POINT('',(-0.965,0.625,0.465));
#1115 = VECTOR('',#1116,1.);
#1116 = DIRECTION('',(1.,0.,0.));
#1117 = ORIENTED_EDGE('',*,*,#1118,.F.);
#1118 = EDGE_CURVE('',#1119,#1111,#1121,.T.);
#1119 = VERTEX_POINT('',#1120);
#1120 = CARTESIAN_POINT('',(-0.9125,0.46875,0.465));
#1121 = LINE('',#1122,#1123);
#1122 = CARTESIAN_POINT('',(-0.9125,7.8125E-02,0.465));
#1123 = VECTOR('',#1124,1.);
#1124 = DIRECTION('',(0.,1.,0.));
#1125 = ORIENTED_EDGE('',*,*,#1126,.F.);
#1126 = EDGE_CURVE('',#923,#1119,#1127,.T.);
#1127 = LINE('',#1128,#1129);
#1128 = CARTESIAN_POINT('',(-0.93875,0.46875,0.465));
#1129 = VECTOR('',#1130,1.);
#1130 = DIRECTION('',(-1.,0.,0.));
#1131 = ORIENTED_EDGE('',*,*,#920,.F.);
#1132 = PLANE('',#1133);
#1133 = AXIS2_PLACEMENT_3D('',#1134,#1135,#1136);
#1134 = CARTESIAN_POINT('',(-0.965,-0.625,0.465));
#1135 = DIRECTION('',(0.,0.,1.));
#1136 = DIRECTION('',(1.,0.,-0.));
#1137 = ADVANCED_FACE('',(#1138),#1149,.T.);
#1138 = FACE_BOUND('',#1139,.T.);
#1139 = EDGE_LOOP('',(#1140,#1141,#1142,#1143));
#1140 = ORIENTED_EDGE('',*,*,#953,.T.);
#1141 = ORIENTED_EDGE('',*,*,#1056,.T.);
#1142 = ORIENTED_EDGE('',*,*,#1096,.T.);
#1143 = ORIENTED_EDGE('',*,*,#1144,.T.);
#1144 = EDGE_CURVE('',#1089,#921,#1145,.T.);
#1145 = LINE('',#1146,#1147);
#1146 = CARTESIAN_POINT('',(0.65,0.625,0.465));
#1147 = VECTOR('',#1148,1.);
#1148 = DIRECTION('',(-1.,0.,-4.270088556251E-17));
#1149 = PLANE('',#1150);
#1150 = AXIS2_PLACEMENT_3D('',#1151,#1152,#1153);
#1151 = CARTESIAN_POINT('',(1.481626402817E-17,0.625,0.771483451357));
#1152 = DIRECTION('',(-5.57234551408E-33,1.,3.18580557984E-32));
#1153 = DIRECTION('',(0.,-3.18580557984E-32,1.));
#1154 = ADVANCED_FACE('',(#1155),#1182,.T.);
#1155 = FACE_BOUND('',#1156,.T.);
#1156 = EDGE_LOOP('',(#1157,#1166,#1174,#1181));
#1157 = ORIENTED_EDGE('',*,*,#1158,.F.);
#1158 = EDGE_CURVE('',#1159,#923,#1161,.T.);
#1159 = VERTEX_POINT('',#1160);
#1160 = CARTESIAN_POINT('',(-0.685,0.46875,0.5));
#1161 = CIRCLE('',#1162,3.5E-02);
#1162 = AXIS2_PLACEMENT_3D('',#1163,#1164,#1165);
#1163 = CARTESIAN_POINT('',(-0.685,0.46875,0.465));
#1164 = DIRECTION('',(-0.,1.,0.));
#1165 = DIRECTION('',(1.,0.,0.));
#1166 = ORIENTED_EDGE('',*,*,#1167,.F.);
#1167 = EDGE_CURVE('',#1168,#1159,#1170,.T.);
#1168 = VERTEX_POINT('',#1169);
#1169 = CARTESIAN_POINT('',(-0.685,-0.46875,0.5));
#1170 = LINE('',#1171,#1172);
#1171 = CARTESIAN_POINT('',(-0.685,-0.625,0.5));
#1172 = VECTOR('',#1173,1.);
#1173 = DIRECTION('',(0.,1.,0.));
#1174 = ORIENTED_EDGE('',*,*,#1175,.T.);
#1175 = EDGE_CURVE('',#1168,#931,#1176,.T.);
#1176 = CIRCLE('',#1177,3.5E-02);
#1177 = AXIS2_PLACEMENT_3D('',#1178,#1179,#1180);
#1178 = CARTESIAN_POINT('',(-0.685,-0.46875,0.465));
#1179 = DIRECTION('',(-0.,1.,0.));
#1180 = DIRECTION('',(1.,0.,0.));
#1181 = ORIENTED_EDGE('',*,*,#930,.T.);
#1182 = CYLINDRICAL_SURFACE('',#1183,3.5E-02);
#1183 = AXIS2_PLACEMENT_3D('',#1184,#1185,#1186);
#1184 = CARTESIAN_POINT('',(-0.685,-0.625,0.465));
#1185 = DIRECTION('',(0.,1.,0.));
#1186 = DIRECTION('',(1.,0.,0.));
#1187 = ADVANCED_FACE('',(#1188),#1206,.T.);
#1188 = FACE_BOUND('',#1189,.T.);
#1189 = EDGE_LOOP('',(#1190,#1198,#1199,#1200));
#1190 = ORIENTED_EDGE('',*,*,#1191,.F.);
#1191 = EDGE_CURVE('',#986,#1192,#1194,.T.);
#1192 = VERTEX_POINT('',#1193);
#1193 = CARTESIAN_POINT('',(-0.9125,-0.46875,0.465));
#1194 = LINE('',#1195,#1196);
#1195 = CARTESIAN_POINT('',(-0.9125,-0.546875,0.465));
#1196 = VECTOR('',#1197,1.);
#1197 = DIRECTION('',(0.,1.,0.));
#1198 = ORIENTED_EDGE('',*,*,#993,.T.);
#1199 = ORIENTED_EDGE('',*,*,#938,.F.);
#1200 = ORIENTED_EDGE('',*,*,#1201,.F.);
#1201 = EDGE_CURVE('',#1192,#931,#1202,.T.);
#1202 = LINE('',#1203,#1204);
#1203 = CARTESIAN_POINT('',(-2.625E-02,-0.46875,0.465));
#1204 = VECTOR('',#1205,1.);
#1205 = DIRECTION('',(1.,0.,0.));
#1206 = PLANE('',#1207);
#1207 = AXIS2_PLACEMENT_3D('',#1208,#1209,#1210);
#1208 = CARTESIAN_POINT('',(-0.965,-0.625,0.465));
#1209 = DIRECTION('',(0.,0.,1.));
#1210 = DIRECTION('',(1.,0.,-0.));
#1211 = ADVANCED_FACE('',(#1212),#1273,.F.);
#1212 = FACE_BOUND('',#1213,.F.);
#1213 = EDGE_LOOP('',(#1214,#1224,#1233,#1241,#1250,#1258,#1264,#1265,
    #1266,#1267));
#1214 = ORIENTED_EDGE('',*,*,#1215,.F.);
#1215 = EDGE_CURVE('',#1216,#1218,#1220,.T.);
#1216 = VERTEX_POINT('',#1217);
#1217 = CARTESIAN_POINT('',(-0.965,-0.625,-6.938893903907E-18));
#1218 = VERTEX_POINT('',#1219);
#1219 = CARTESIAN_POINT('',(-0.9125,-0.625,0.));
#1220 = LINE('',#1221,#1222);
#1221 = CARTESIAN_POINT('',(-1.,-0.625,0.));
#1222 = VECTOR('',#1223,1.);
#1223 = DIRECTION('',(1.,0.,0.));
#1224 = ORIENTED_EDGE('',*,*,#1225,.F.);
#1225 = EDGE_CURVE('',#1226,#1216,#1228,.T.);
#1226 = VERTEX_POINT('',#1227);
#1227 = CARTESIAN_POINT('',(-1.,-0.625,3.5E-02));
#1228 = CIRCLE('',#1229,3.5E-02);
#1229 = AXIS2_PLACEMENT_3D('',#1230,#1231,#1232);
#1230 = CARTESIAN_POINT('',(-0.965,-0.625,3.5E-02));
#1231 = DIRECTION('',(0.,-1.,0.));
#1232 = DIRECTION('',(0.,0.,1.));
#1233 = ORIENTED_EDGE('',*,*,#1234,.T.);
#1234 = EDGE_CURVE('',#1226,#1235,#1237,.T.);
#1235 = VERTEX_POINT('',#1236);
#1236 = CARTESIAN_POINT('',(-1.,-0.625,0.465));
#1237 = LINE('',#1238,#1239);
#1238 = CARTESIAN_POINT('',(-1.,-0.625,0.));
#1239 = VECTOR('',#1240,1.);
#1240 = DIRECTION('',(0.,0.,1.));
#1241 = ORIENTED_EDGE('',*,*,#1242,.T.);
#1242 = EDGE_CURVE('',#1235,#1243,#1245,.T.);
#1243 = VERTEX_POINT('',#1244);
#1244 = CARTESIAN_POINT('',(-0.965,-0.625,0.5));
#1245 = CIRCLE('',#1246,3.5E-02);
#1246 = AXIS2_PLACEMENT_3D('',#1247,#1248,#1249);
#1247 = CARTESIAN_POINT('',(-0.965,-0.625,0.465));
#1248 = DIRECTION('',(0.,1.,0.));
#1249 = DIRECTION('',(0.,-0.,1.));
#1250 = ORIENTED_EDGE('',*,*,#1251,.T.);
#1251 = EDGE_CURVE('',#1243,#1252,#1254,.T.);
#1252 = VERTEX_POINT('',#1253);
#1253 = CARTESIAN_POINT('',(-0.9125,-0.625,0.5));
#1254 = LINE('',#1255,#1256);
#1255 = CARTESIAN_POINT('',(-1.,-0.625,0.5));
#1256 = VECTOR('',#1257,1.);
#1257 = DIRECTION('',(1.,0.,0.));
#1258 = ORIENTED_EDGE('',*,*,#1259,.F.);
#1259 = EDGE_CURVE('',#986,#1252,#1260,.T.);
#1260 = LINE('',#1261,#1262);
#1261 = CARTESIAN_POINT('',(-0.9125,-0.625,0.375));
#1262 = VECTOR('',#1263,1.);
#1263 = DIRECTION('',(0.,0.,1.));
#1264 = ORIENTED_EDGE('',*,*,#985,.F.);
#1265 = ORIENTED_EDGE('',*,*,#977,.F.);
#1266 = ORIENTED_EDGE('',*,*,#967,.T.);
#1267 = ORIENTED_EDGE('',*,*,#1268,.F.);
#1268 = EDGE_CURVE('',#1218,#970,#1269,.T.);
#1269 = LINE('',#1270,#1271);
#1270 = CARTESIAN_POINT('',(-0.9125,-0.625,0.375));
#1271 = VECTOR('',#1272,1.);
#1272 = DIRECTION('',(0.,0.,1.));
#1273 = PLANE('',#1274);
#1274 = AXIS2_PLACEMENT_3D('',#1275,#1276,#1277);
#1275 = CARTESIAN_POINT('',(-1.,-0.625,0.));
#1276 = DIRECTION('',(0.,1.,0.));
#1277 = DIRECTION('',(0.,-0.,1.));
#1278 = ADVANCED_FACE('',(#1279,#1368),#1394,.F.);
#1279 = FACE_BOUND('',#1280,.F.);
#1280 = EDGE_LOOP('',(#1281,#1289,#1290,#1298,#1306,#1314,#1322,#1330,
    #1338,#1346,#1354,#1362));
#1281 = ORIENTED_EDGE('',*,*,#1282,.F.);
#1282 = EDGE_CURVE('',#970,#1283,#1285,.T.);
#1283 = VERTEX_POINT('',#1284);
#1284 = CARTESIAN_POINT('',(-0.9125,-0.46875,3.5E-02));
#1285 = LINE('',#1286,#1287);
#1286 = CARTESIAN_POINT('',(-0.9125,-0.546875,3.5E-02));
#1287 = VECTOR('',#1288,1.);
#1288 = DIRECTION('',(0.,1.,0.));
#1289 = ORIENTED_EDGE('',*,*,#1032,.T.);
#1290 = ORIENTED_EDGE('',*,*,#1291,.F.);
#1291 = EDGE_CURVE('',#1292,#1025,#1294,.T.);
#1292 = VERTEX_POINT('',#1293);
#1293 = CARTESIAN_POINT('',(0.9125,-0.46875,3.5E-02));
#1294 = LINE('',#1295,#1296);
#1295 = CARTESIAN_POINT('',(0.9125,-0.703125,3.5E-02));
#1296 = VECTOR('',#1297,1.);
#1297 = DIRECTION('',(0.,-1.,0.));
#1298 = ORIENTED_EDGE('',*,*,#1299,.F.);
#1299 = EDGE_CURVE('',#1300,#1292,#1302,.T.);
#1300 = VERTEX_POINT('',#1301);
#1301 = CARTESIAN_POINT('',(0.65,-0.46875,3.5E-02));
#1302 = LINE('',#1303,#1304);
#1303 = CARTESIAN_POINT('',(-2.625E-02,-0.46875,3.5E-02));
#1304 = VECTOR('',#1305,1.);
#1305 = DIRECTION('',(1.,0.,0.));
#1306 = ORIENTED_EDGE('',*,*,#1307,.T.);
#1307 = EDGE_CURVE('',#1300,#1308,#1310,.T.);
#1308 = VERTEX_POINT('',#1309);
#1309 = CARTESIAN_POINT('',(0.65,0.46875,3.5E-02));
#1310 = LINE('',#1311,#1312);
#1311 = CARTESIAN_POINT('',(0.65,-0.625,3.5E-02));
#1312 = VECTOR('',#1313,1.);
#1313 = DIRECTION('',(0.,1.,0.));
#1314 = ORIENTED_EDGE('',*,*,#1315,.F.);
#1315 = EDGE_CURVE('',#1316,#1308,#1318,.T.);
#1316 = VERTEX_POINT('',#1317);
#1317 = CARTESIAN_POINT('',(0.9125,0.46875,3.5E-02));
#1318 = LINE('',#1319,#1320);
#1319 = CARTESIAN_POINT('',(-0.93875,0.46875,3.5E-02));
#1320 = VECTOR('',#1321,1.);
#1321 = DIRECTION('',(-1.,0.,0.));
#1322 = ORIENTED_EDGE('',*,*,#1323,.F.);
#1323 = EDGE_CURVE('',#1324,#1316,#1326,.T.);
#1324 = VERTEX_POINT('',#1325);
#1325 = CARTESIAN_POINT('',(0.9125,0.625,3.5E-02));
#1326 = LINE('',#1327,#1328);
#1327 = CARTESIAN_POINT('',(0.9125,-7.8125E-02,3.5E-02));
#1328 = VECTOR('',#1329,1.);
#1329 = DIRECTION('',(0.,-1.,0.));
#1330 = ORIENTED_EDGE('',*,*,#1331,.F.);
#1331 = EDGE_CURVE('',#1332,#1324,#1334,.T.);
#1332 = VERTEX_POINT('',#1333);
#1333 = CARTESIAN_POINT('',(-0.9125,0.625,3.5E-02));
#1334 = LINE('',#1335,#1336);
#1335 = CARTESIAN_POINT('',(-0.965,0.625,3.5E-02));
#1336 = VECTOR('',#1337,1.);
#1337 = DIRECTION('',(1.,0.,0.));
#1338 = ORIENTED_EDGE('',*,*,#1339,.F.);
#1339 = EDGE_CURVE('',#1340,#1332,#1342,.T.);
#1340 = VERTEX_POINT('',#1341);
#1341 = CARTESIAN_POINT('',(-0.9125,0.46875,3.5E-02));
#1342 = LINE('',#1343,#1344);
#1343 = CARTESIAN_POINT('',(-0.9125,7.8125E-02,3.5E-02));
#1344 = VECTOR('',#1345,1.);
#1345 = DIRECTION('',(0.,1.,0.));
#1346 = ORIENTED_EDGE('',*,*,#1347,.F.);
#1347 = EDGE_CURVE('',#1348,#1340,#1350,.T.);
#1348 = VERTEX_POINT('',#1349);
#1349 = CARTESIAN_POINT('',(-0.65,0.46875,3.5E-02));
#1350 = LINE('',#1351,#1352);
#1351 = CARTESIAN_POINT('',(-0.93875,0.46875,3.5E-02));
#1352 = VECTOR('',#1353,1.);
#1353 = DIRECTION('',(-1.,0.,0.));
#1354 = ORIENTED_EDGE('',*,*,#1355,.F.);
#1355 = EDGE_CURVE('',#1356,#1348,#1358,.T.);
#1356 = VERTEX_POINT('',#1357);
#1357 = CARTESIAN_POINT('',(-0.65,-0.46875,3.5E-02));
#1358 = LINE('',#1359,#1360);
#1359 = CARTESIAN_POINT('',(-0.65,-0.625,3.5E-02));
#1360 = VECTOR('',#1361,1.);
#1361 = DIRECTION('',(0.,1.,0.));
#1362 = ORIENTED_EDGE('',*,*,#1363,.F.);
#1363 = EDGE_CURVE('',#1283,#1356,#1364,.T.);
#1364 = LINE('',#1365,#1366);
#1365 = CARTESIAN_POINT('',(-2.625E-02,-0.46875,3.5E-02));
#1366 = VECTOR('',#1367,1.);
#1367 = DIRECTION('',(1.,0.,0.));
#1368 = FACE_BOUND('',#1369,.F.);
#1369 = EDGE_LOOP('',(#1370,#1380,#1388));
#1370 = ORIENTED_EDGE('',*,*,#1371,.T.);
#1371 = EDGE_CURVE('',#1372,#1374,#1376,.T.);
#1372 = VERTEX_POINT('',#1373);
#1373 = CARTESIAN_POINT('',(0.433012701892,0.5,3.5E-02));
#1374 = VERTEX_POINT('',#1375);
#1375 = CARTESIAN_POINT('',(0.433012701892,-0.5,3.5E-02));
#1376 = LINE('',#1377,#1378);
#1377 = CARTESIAN_POINT('',(0.433012701892,0.5,3.5E-02));
#1378 = VECTOR('',#1379,1.);
#1379 = DIRECTION('',(0.,-1.,0.));
#1380 = ORIENTED_EDGE('',*,*,#1381,.T.);
#1381 = EDGE_CURVE('',#1374,#1382,#1384,.T.);
#1382 = VERTEX_POINT('',#1383);
#1383 = CARTESIAN_POINT('',(-0.433012701892,0.,3.5E-02));
#1384 = LINE('',#1385,#1386);
#1385 = CARTESIAN_POINT('',(0.433012701892,-0.5,3.5E-02));
#1386 = VECTOR('',#1387,1.);
#1387 = DIRECTION('',(-0.866025403784,0.5,0.));
#1388 = ORIENTED_EDGE('',*,*,#1389,.T.);
#1389 = EDGE_CURVE('',#1382,#1372,#1390,.T.);
#1390 = LINE('',#1391,#1392);
#1391 = CARTESIAN_POINT('',(-0.433012701892,0.,3.5E-02));
#1392 = VECTOR('',#1393,1.);
#1393 = DIRECTION('',(0.866025403784,0.5,0.));
#1394 = PLANE('',#1395);
#1395 = AXIS2_PLACEMENT_3D('',#1396,#1397,#1398);
#1396 = CARTESIAN_POINT('',(-0.965,-0.625,3.5E-02));
#1397 = DIRECTION('',(0.,0.,1.));
#1398 = DIRECTION('',(1.,0.,-0.));
#1399 = ADVANCED_FACE('',(#1400),#1461,.F.);
#1400 = FACE_BOUND('',#1401,.F.);
#1401 = EDGE_LOOP('',(#1402,#1412,#1418,#1419,#1420,#1421,#1429,#1437,
    #1446,#1454));
#1402 = ORIENTED_EDGE('',*,*,#1403,.F.);
#1403 = EDGE_CURVE('',#1404,#1406,#1408,.T.);
#1404 = VERTEX_POINT('',#1405);
#1405 = CARTESIAN_POINT('',(0.9125,-0.625,0.));
#1406 = VERTEX_POINT('',#1407);
#1407 = CARTESIAN_POINT('',(0.965,-0.625,-6.938893903907E-18));
#1408 = LINE('',#1409,#1410);
#1409 = CARTESIAN_POINT('',(0.65,-0.625,0.));
#1410 = VECTOR('',#1411,1.);
#1411 = DIRECTION('',(1.,0.,0.));
#1412 = ORIENTED_EDGE('',*,*,#1413,.F.);
#1413 = EDGE_CURVE('',#1025,#1404,#1414,.T.);
#1414 = LINE('',#1415,#1416);
#1415 = CARTESIAN_POINT('',(0.9125,-0.625,0.375));
#1416 = VECTOR('',#1417,1.);
#1417 = DIRECTION('',(0.,0.,-1.));
#1418 = ORIENTED_EDGE('',*,*,#1024,.T.);
#1419 = ORIENTED_EDGE('',*,*,#1016,.T.);
#1420 = ORIENTED_EDGE('',*,*,#1008,.F.);
#1421 = ORIENTED_EDGE('',*,*,#1422,.F.);
#1422 = EDGE_CURVE('',#1423,#1001,#1425,.T.);
#1423 = VERTEX_POINT('',#1424);
#1424 = CARTESIAN_POINT('',(0.9125,-0.625,0.5));
#1425 = LINE('',#1426,#1427);
#1426 = CARTESIAN_POINT('',(0.9125,-0.625,0.375));
#1427 = VECTOR('',#1428,1.);
#1428 = DIRECTION('',(0.,0.,-1.));
#1429 = ORIENTED_EDGE('',*,*,#1430,.T.);
#1430 = EDGE_CURVE('',#1423,#1431,#1433,.T.);
#1431 = VERTEX_POINT('',#1432);
#1432 = CARTESIAN_POINT('',(0.965,-0.625,0.5));
#1433 = LINE('',#1434,#1435);
#1434 = CARTESIAN_POINT('',(0.65,-0.625,0.5));
#1435 = VECTOR('',#1436,1.);
#1436 = DIRECTION('',(1.,0.,0.));
#1437 = ORIENTED_EDGE('',*,*,#1438,.F.);
#1438 = EDGE_CURVE('',#1439,#1431,#1441,.T.);
#1439 = VERTEX_POINT('',#1440);
#1440 = CARTESIAN_POINT('',(1.,-0.625,0.465));
#1441 = CIRCLE('',#1442,3.5E-02);
#1442 = AXIS2_PLACEMENT_3D('',#1443,#1444,#1445);
#1443 = CARTESIAN_POINT('',(0.965,-0.625,0.465));
#1444 = DIRECTION('',(0.,-1.,0.));
#1445 = DIRECTION('',(0.,0.,1.));
#1446 = ORIENTED_EDGE('',*,*,#1447,.F.);
#1447 = EDGE_CURVE('',#1448,#1439,#1450,.T.);
#1448 = VERTEX_POINT('',#1449);
#1449 = CARTESIAN_POINT('',(1.,-0.625,3.5E-02));
#1450 = LINE('',#1451,#1452);
#1451 = CARTESIAN_POINT('',(1.,-0.625,0.));
#1452 = VECTOR('',#1453,1.);
#1453 = DIRECTION('',(0.,0.,1.));
#1454 = ORIENTED_EDGE('',*,*,#1455,.T.);
#1455 = EDGE_CURVE('',#1448,#1406,#1456,.T.);
#1456 = CIRCLE('',#1457,3.5E-02);
#1457 = AXIS2_PLACEMENT_3D('',#1458,#1459,#1460);
#1458 = CARTESIAN_POINT('',(0.965,-0.625,3.5E-02));
#1459 = DIRECTION('',(0.,1.,0.));
#1460 = DIRECTION('',(0.,-0.,1.));
#1461 = PLANE('',#1462);
#1462 = AXIS2_PLACEMENT_3D('',#1463,#1464,#1465);
#1463 = CARTESIAN_POINT('',(0.65,-0.625,0.));
#1464 = DIRECTION('',(0.,1.,0.));
#1465 = DIRECTION('',(0.,-0.,1.));
#1466 = ADVANCED_FACE('',(#1467),#1485,.T.);
#1467 = FACE_BOUND('',#1468,.T.);
#1468 = EDGE_LOOP('',(#1469,#1477,#1478,#1479));
#1469 = ORIENTED_EDGE('',*,*,#1470,.F.);
#1470 = EDGE_CURVE('',#1073,#1471,#1473,.T.);
#1471 = VERTEX_POINT('',#1472);
#1472 = CARTESIAN_POINT('',(0.9125,-0.46875,0.465));
#1473 = LINE('',#1474,#1475);
#1474 = CARTESIAN_POINT('',(-2.625E-02,-0.46875,0.465));
#1475 = VECTOR('',#1476,1.);
#1476 = DIRECTION('',(1.,0.,0.));
#1477 = ORIENTED_EDGE('',*,*,#1072,.T.);
#1478 = ORIENTED_EDGE('',*,*,#1000,.T.);
#1479 = ORIENTED_EDGE('',*,*,#1480,.F.);
#1480 = EDGE_CURVE('',#1471,#1001,#1481,.T.);
#1481 = LINE('',#1482,#1483);
#1482 = CARTESIAN_POINT('',(0.9125,-0.703125,0.465));
#1483 = VECTOR('',#1484,1.);
#1484 = DIRECTION('',(0.,-1.,0.));
#1485 = PLANE('',#1486);
#1486 = AXIS2_PLACEMENT_3D('',#1487,#1488,#1489);
#1487 = CARTESIAN_POINT('',(-0.965,-0.625,0.465));
#1488 = DIRECTION('',(0.,0.,1.));
#1489 = DIRECTION('',(1.,0.,-0.));
#1490 = ADVANCED_FACE('',(#1491),#1516,.T.);
#1491 = FACE_BOUND('',#1492,.T.);
#1492 = EDGE_LOOP('',(#1493,#1501,#1502,#1510));
#1493 = ORIENTED_EDGE('',*,*,#1494,.F.);
#1494 = EDGE_CURVE('',#1089,#1495,#1497,.T.);
#1495 = VERTEX_POINT('',#1496);
#1496 = CARTESIAN_POINT('',(0.9125,0.625,0.465));
#1497 = LINE('',#1498,#1499);
#1498 = CARTESIAN_POINT('',(-0.965,0.625,0.465));
#1499 = VECTOR('',#1500,1.);
#1500 = DIRECTION('',(1.,0.,0.));
#1501 = ORIENTED_EDGE('',*,*,#1088,.T.);
#1502 = ORIENTED_EDGE('',*,*,#1503,.F.);
#1503 = EDGE_CURVE('',#1504,#1081,#1506,.T.);
#1504 = VERTEX_POINT('',#1505);
#1505 = CARTESIAN_POINT('',(0.9125,0.46875,0.465));
#1506 = LINE('',#1507,#1508);
#1507 = CARTESIAN_POINT('',(-0.93875,0.46875,0.465));
#1508 = VECTOR('',#1509,1.);
#1509 = DIRECTION('',(-1.,0.,0.));
#1510 = ORIENTED_EDGE('',*,*,#1511,.F.);
#1511 = EDGE_CURVE('',#1495,#1504,#1512,.T.);
#1512 = LINE('',#1513,#1514);
#1513 = CARTESIAN_POINT('',(0.9125,-7.8125E-02,0.465));
#1514 = VECTOR('',#1515,1.);
#1515 = DIRECTION('',(0.,-1.,0.));
#1516 = PLANE('',#1517);
#1517 = AXIS2_PLACEMENT_3D('',#1518,#1519,#1520);
#1518 = CARTESIAN_POINT('',(-0.965,-0.625,0.465));
#1519 = DIRECTION('',(0.,0.,1.));
#1520 = DIRECTION('',(1.,0.,-0.));
#1521 = ADVANCED_FACE('',(#1522),#1549,.T.);
#1522 = FACE_BOUND('',#1523,.T.);
#1523 = EDGE_LOOP('',(#1524,#1525,#1534,#1542));
#1524 = ORIENTED_EDGE('',*,*,#1080,.T.);
#1525 = ORIENTED_EDGE('',*,*,#1526,.T.);
#1526 = EDGE_CURVE('',#1073,#1527,#1529,.T.);
#1527 = VERTEX_POINT('',#1528);
#1528 = CARTESIAN_POINT('',(0.685,-0.46875,0.5));
#1529 = CIRCLE('',#1530,3.5E-02);
#1530 = AXIS2_PLACEMENT_3D('',#1531,#1532,#1533);
#1531 = CARTESIAN_POINT('',(0.685,-0.46875,0.465));
#1532 = DIRECTION('',(0.,1.,-0.));
#1533 = DIRECTION('',(-1.,0.,0.));
#1534 = ORIENTED_EDGE('',*,*,#1535,.T.);
#1535 = EDGE_CURVE('',#1527,#1536,#1538,.T.);
#1536 = VERTEX_POINT('',#1537);
#1537 = CARTESIAN_POINT('',(0.685,0.46875,0.5));
#1538 = LINE('',#1539,#1540);
#1539 = CARTESIAN_POINT('',(0.685,-0.625,0.5));
#1540 = VECTOR('',#1541,1.);
#1541 = DIRECTION('',(0.,1.,0.));
#1542 = ORIENTED_EDGE('',*,*,#1543,.F.);
#1543 = EDGE_CURVE('',#1081,#1536,#1544,.T.);
#1544 = CIRCLE('',#1545,3.5E-02);
#1545 = AXIS2_PLACEMENT_3D('',#1546,#1547,#1548);
#1546 = CARTESIAN_POINT('',(0.685,0.46875,0.465));
#1547 = DIRECTION('',(0.,1.,-0.));
#1548 = DIRECTION('',(-1.,0.,0.));
#1549 = CYLINDRICAL_SURFACE('',#1550,3.5E-02);
#1550 = AXIS2_PLACEMENT_3D('',#1551,#1552,#1553);
#1551 = CARTESIAN_POINT('',(0.685,-0.625,0.465));
#1552 = DIRECTION('',(0.,1.,0.));
#1553 = DIRECTION('',(-1.,0.,0.));
#1554 = ADVANCED_FACE('',(#1555),#1605,.T.);
#1555 = FACE_BOUND('',#1556,.T.);
#1556 = EDGE_LOOP('',(#1557,#1565,#1573,#1579,#1580,#1581,#1582,#1590,
    #1598,#1604));
#1557 = ORIENTED_EDGE('',*,*,#1558,.F.);
#1558 = EDGE_CURVE('',#1559,#1332,#1561,.T.);
#1559 = VERTEX_POINT('',#1560);
#1560 = CARTESIAN_POINT('',(-0.965,0.625,3.5E-02));
#1561 = LINE('',#1562,#1563);
#1562 = CARTESIAN_POINT('',(-0.965,0.625,3.5E-02));
#1563 = VECTOR('',#1564,1.);
#1564 = DIRECTION('',(1.,0.,0.));
#1565 = ORIENTED_EDGE('',*,*,#1566,.T.);
#1566 = EDGE_CURVE('',#1559,#1567,#1569,.T.);
#1567 = VERTEX_POINT('',#1568);
#1568 = CARTESIAN_POINT('',(-0.965,0.625,0.465));
#1569 = LINE('',#1570,#1571);
#1570 = CARTESIAN_POINT('',(-0.965,0.625,3.5E-02));
#1571 = VECTOR('',#1572,1.);
#1572 = DIRECTION('',(0.,0.,1.));
#1573 = ORIENTED_EDGE('',*,*,#1574,.T.);
#1574 = EDGE_CURVE('',#1567,#1111,#1575,.T.);
#1575 = LINE('',#1576,#1577);
#1576 = CARTESIAN_POINT('',(-0.965,0.625,0.465));
#1577 = VECTOR('',#1578,1.);
#1578 = DIRECTION('',(1.,0.,0.));
#1579 = ORIENTED_EDGE('',*,*,#1110,.T.);
#1580 = ORIENTED_EDGE('',*,*,#1144,.F.);
#1581 = ORIENTED_EDGE('',*,*,#1494,.T.);
#1582 = ORIENTED_EDGE('',*,*,#1583,.T.);
#1583 = EDGE_CURVE('',#1495,#1584,#1586,.T.);
#1584 = VERTEX_POINT('',#1585);
#1585 = CARTESIAN_POINT('',(0.965,0.625,0.465));
#1586 = LINE('',#1587,#1588);
#1587 = CARTESIAN_POINT('',(-0.965,0.625,0.465));
#1588 = VECTOR('',#1589,1.);
#1589 = DIRECTION('',(1.,0.,0.));
#1590 = ORIENTED_EDGE('',*,*,#1591,.F.);
#1591 = EDGE_CURVE('',#1592,#1584,#1594,.T.);
#1592 = VERTEX_POINT('',#1593);
#1593 = CARTESIAN_POINT('',(0.965,0.625,3.5E-02));
#1594 = LINE('',#1595,#1596);
#1595 = CARTESIAN_POINT('',(0.965,0.625,3.5E-02));
#1596 = VECTOR('',#1597,1.);
#1597 = DIRECTION('',(0.,0.,1.));
#1598 = ORIENTED_EDGE('',*,*,#1599,.F.);
#1599 = EDGE_CURVE('',#1324,#1592,#1600,.T.);
#1600 = LINE('',#1601,#1602);
#1601 = CARTESIAN_POINT('',(-0.965,0.625,3.5E-02));
#1602 = VECTOR('',#1603,1.);
#1603 = DIRECTION('',(1.,0.,0.));
#1604 = ORIENTED_EDGE('',*,*,#1331,.F.);
#1605 = PLANE('',#1606);
#1606 = AXIS2_PLACEMENT_3D('',#1607,#1608,#1609);
#1607 = CARTESIAN_POINT('',(-0.965,0.625,3.5E-02));
#1608 = DIRECTION('',(0.,1.,0.));
#1609 = DIRECTION('',(0.,-0.,1.));
#1610 = ADVANCED_FACE('',(#1611),#1629,.F.);
#1611 = FACE_BOUND('',#1612,.F.);
#1612 = EDGE_LOOP('',(#1613,#1621,#1627,#1628));
#1613 = ORIENTED_EDGE('',*,*,#1614,.F.);
#1614 = EDGE_CURVE('',#1615,#1159,#1617,.T.);
#1615 = VERTEX_POINT('',#1616);
#1616 = CARTESIAN_POINT('',(-0.9125,0.46875,0.5));
#1617 = LINE('',#1618,#1619);
#1618 = CARTESIAN_POINT('',(-0.95625,0.46875,0.5));
#1619 = VECTOR('',#1620,1.);
#1620 = DIRECTION('',(1.,0.,0.));
#1621 = ORIENTED_EDGE('',*,*,#1622,.T.);
#1622 = EDGE_CURVE('',#1615,#1119,#1623,.T.);
#1623 = LINE('',#1624,#1625);
#1624 = CARTESIAN_POINT('',(-0.9125,0.46875,0.75));
#1625 = VECTOR('',#1626,1.);
#1626 = DIRECTION('',(-0.,-0.,-1.));
#1627 = ORIENTED_EDGE('',*,*,#1126,.F.);
#1628 = ORIENTED_EDGE('',*,*,#1158,.F.);
#1629 = PLANE('',#1630);
#1630 = AXIS2_PLACEMENT_3D('',#1631,#1632,#1633);
#1631 = CARTESIAN_POINT('',(-0.9125,0.46875,0.75));
#1632 = DIRECTION('',(0.,-1.,0.));
#1633 = DIRECTION('',(1.,0.,0.));
#1634 = ADVANCED_FACE('',(#1635),#1653,.F.);
#1635 = FACE_BOUND('',#1636,.F.);
#1636 = EDGE_LOOP('',(#1637,#1638,#1646,#1652));
#1637 = ORIENTED_EDGE('',*,*,#1622,.F.);
#1638 = ORIENTED_EDGE('',*,*,#1639,.F.);
#1639 = EDGE_CURVE('',#1640,#1615,#1642,.T.);
#1640 = VERTEX_POINT('',#1641);
#1641 = CARTESIAN_POINT('',(-0.9125,0.625,0.5));
#1642 = LINE('',#1643,#1644);
#1643 = CARTESIAN_POINT('',(-0.9125,7.8125E-02,0.5));
#1644 = VECTOR('',#1645,1.);
#1645 = DIRECTION('',(0.,-1.,0.));
#1646 = ORIENTED_EDGE('',*,*,#1647,.F.);
#1647 = EDGE_CURVE('',#1111,#1640,#1648,.T.);
#1648 = LINE('',#1649,#1650);
#1649 = CARTESIAN_POINT('',(-0.9125,0.625,0.375));
#1650 = VECTOR('',#1651,1.);
#1651 = DIRECTION('',(0.,0.,1.));
#1652 = ORIENTED_EDGE('',*,*,#1118,.F.);
#1653 = PLANE('',#1654);
#1654 = AXIS2_PLACEMENT_3D('',#1655,#1656,#1657);
#1655 = CARTESIAN_POINT('',(-0.9125,0.78125,0.75));
#1656 = DIRECTION('',(-1.,0.,0.));
#1657 = DIRECTION('',(0.,-1.,0.));
#1658 = ADVANCED_FACE('',(#1659),#1677,.F.);
#1659 = FACE_BOUND('',#1660,.F.);
#1660 = EDGE_LOOP('',(#1661,#1669,#1675,#1676));
#1661 = ORIENTED_EDGE('',*,*,#1662,.F.);
#1662 = EDGE_CURVE('',#1663,#1192,#1665,.T.);
#1663 = VERTEX_POINT('',#1664);
#1664 = CARTESIAN_POINT('',(-0.9125,-0.46875,0.5));
#1665 = LINE('',#1666,#1667);
#1666 = CARTESIAN_POINT('',(-0.9125,-0.46875,0.75));
#1667 = VECTOR('',#1668,1.);
#1668 = DIRECTION('',(-0.,-0.,-1.));
#1669 = ORIENTED_EDGE('',*,*,#1670,.F.);
#1670 = EDGE_CURVE('',#1168,#1663,#1671,.T.);
#1671 = LINE('',#1672,#1673);
#1672 = CARTESIAN_POINT('',(-4.375E-02,-0.46875,0.5));
#1673 = VECTOR('',#1674,1.);
#1674 = DIRECTION('',(-1.,0.,0.));
#1675 = ORIENTED_EDGE('',*,*,#1175,.T.);
#1676 = ORIENTED_EDGE('',*,*,#1201,.F.);
#1677 = PLANE('',#1678);
#1678 = AXIS2_PLACEMENT_3D('',#1679,#1680,#1681);
#1679 = CARTESIAN_POINT('',(0.9125,-0.46875,0.75));
#1680 = DIRECTION('',(0.,1.,0.));
#1681 = DIRECTION('',(-1.,0.,0.));
#1682 = ADVANCED_FACE('',(#1683),#1710,.T.);
#1683 = FACE_BOUND('',#1684,.T.);
#1684 = EDGE_LOOP('',(#1685,#1693,#1699,#1700,#1706,#1707,#1708,#1709));
#1685 = ORIENTED_EDGE('',*,*,#1686,.F.);
#1686 = EDGE_CURVE('',#1687,#1640,#1689,.T.);
#1687 = VERTEX_POINT('',#1688);
#1688 = CARTESIAN_POINT('',(-0.965,0.625,0.5));
#1689 = LINE('',#1690,#1691);
#1690 = CARTESIAN_POINT('',(-1.,0.625,0.5));
#1691 = VECTOR('',#1692,1.);
#1692 = DIRECTION('',(1.,0.,0.));
#1693 = ORIENTED_EDGE('',*,*,#1694,.F.);
#1694 = EDGE_CURVE('',#1243,#1687,#1695,.T.);
#1695 = LINE('',#1696,#1697);
#1696 = CARTESIAN_POINT('',(-0.965,-0.625,0.5));
#1697 = VECTOR('',#1698,1.);
#1698 = DIRECTION('',(0.,1.,0.));
#1699 = ORIENTED_EDGE('',*,*,#1251,.T.);
#1700 = ORIENTED_EDGE('',*,*,#1701,.F.);
#1701 = EDGE_CURVE('',#1663,#1252,#1702,.T.);
#1702 = LINE('',#1703,#1704);
#1703 = CARTESIAN_POINT('',(-0.9125,-0.546875,0.5));
#1704 = VECTOR('',#1705,1.);
#1705 = DIRECTION('',(0.,-1.,0.));
#1706 = ORIENTED_EDGE('',*,*,#1670,.F.);
#1707 = ORIENTED_EDGE('',*,*,#1167,.T.);
#1708 = ORIENTED_EDGE('',*,*,#1614,.F.);
#1709 = ORIENTED_EDGE('',*,*,#1639,.F.);
#1710 = PLANE('',#1711);
#1711 = AXIS2_PLACEMENT_3D('',#1712,#1713,#1714);
#1712 = CARTESIAN_POINT('',(-1.,-0.625,0.5));
#1713 = DIRECTION('',(0.,0.,1.));
#1714 = DIRECTION('',(1.,0.,-0.));
#1715 = ADVANCED_FACE('',(#1716),#1722,.F.);
#1716 = FACE_BOUND('',#1717,.F.);
#1717 = EDGE_LOOP('',(#1718,#1719,#1720,#1721));
#1718 = ORIENTED_EDGE('',*,*,#1701,.F.);
#1719 = ORIENTED_EDGE('',*,*,#1662,.T.);
#1720 = ORIENTED_EDGE('',*,*,#1191,.F.);
#1721 = ORIENTED_EDGE('',*,*,#1259,.T.);
#1722 = PLANE('',#1723);
#1723 = AXIS2_PLACEMENT_3D('',#1724,#1725,#1726);
#1724 = CARTESIAN_POINT('',(-0.9125,-0.46875,0.75));
#1725 = DIRECTION('',(-1.,0.,0.));
#1726 = DIRECTION('',(0.,-1.,0.));
#1727 = ADVANCED_FACE('',(#1728),#1785,.F.);
#1728 = FACE_BOUND('',#1729,.F.);
#1729 = EDGE_LOOP('',(#1730,#1740,#1746,#1747,#1755,#1763,#1771,#1779));
#1730 = ORIENTED_EDGE('',*,*,#1731,.F.);
#1731 = EDGE_CURVE('',#1732,#1734,#1736,.T.);
#1732 = VERTEX_POINT('',#1733);
#1733 = CARTESIAN_POINT('',(-0.965,0.625,-6.938893903907E-18));
#1734 = VERTEX_POINT('',#1735);
#1735 = CARTESIAN_POINT('',(-0.9125,0.625,0.));
#1736 = LINE('',#1737,#1738);
#1737 = CARTESIAN_POINT('',(-1.,0.625,0.));
#1738 = VECTOR('',#1739,1.);
#1739 = DIRECTION('',(1.,0.,0.));
#1740 = ORIENTED_EDGE('',*,*,#1741,.F.);
#1741 = EDGE_CURVE('',#1216,#1732,#1742,.T.);
#1742 = LINE('',#1743,#1744);
#1743 = CARTESIAN_POINT('',(-0.965,-0.625,-6.938893903907E-18));
#1744 = VECTOR('',#1745,1.);
#1745 = DIRECTION('',(0.,1.,0.));
#1746 = ORIENTED_EDGE('',*,*,#1215,.T.);
#1747 = ORIENTED_EDGE('',*,*,#1748,.F.);
#1748 = EDGE_CURVE('',#1749,#1218,#1751,.T.);
#1749 = VERTEX_POINT('',#1750);
#1750 = CARTESIAN_POINT('',(-0.9125,-0.46875,0.));
#1751 = LINE('',#1752,#1753);
#1752 = CARTESIAN_POINT('',(-0.9125,-0.546875,0.));
#1753 = VECTOR('',#1754,1.);
#1754 = DIRECTION('',(0.,-1.,0.));
#1755 = ORIENTED_EDGE('',*,*,#1756,.F.);
#1756 = EDGE_CURVE('',#1757,#1749,#1759,.T.);
#1757 = VERTEX_POINT('',#1758);
#1758 = CARTESIAN_POINT('',(-0.685,-0.46875,-6.938893903907E-18));
#1759 = LINE('',#1760,#1761);
#1760 = CARTESIAN_POINT('',(-4.375E-02,-0.46875,0.));
#1761 = VECTOR('',#1762,1.);
#1762 = DIRECTION('',(-1.,0.,0.));
#1763 = ORIENTED_EDGE('',*,*,#1764,.T.);
#1764 = EDGE_CURVE('',#1757,#1765,#1767,.T.);
#1765 = VERTEX_POINT('',#1766);
#1766 = CARTESIAN_POINT('',(-0.685,0.46875,-6.938893903907E-18));
#1767 = LINE('',#1768,#1769);
#1768 = CARTESIAN_POINT('',(-0.685,-0.625,-6.938893903907E-18));
#1769 = VECTOR('',#1770,1.);
#1770 = DIRECTION('',(0.,1.,0.));
#1771 = ORIENTED_EDGE('',*,*,#1772,.F.);
#1772 = EDGE_CURVE('',#1773,#1765,#1775,.T.);
#1773 = VERTEX_POINT('',#1774);
#1774 = CARTESIAN_POINT('',(-0.9125,0.46875,0.));
#1775 = LINE('',#1776,#1777);
#1776 = CARTESIAN_POINT('',(-0.95625,0.46875,0.));
#1777 = VECTOR('',#1778,1.);
#1778 = DIRECTION('',(1.,0.,0.));
#1779 = ORIENTED_EDGE('',*,*,#1780,.F.);
#1780 = EDGE_CURVE('',#1734,#1773,#1781,.T.);
#1781 = LINE('',#1782,#1783);
#1782 = CARTESIAN_POINT('',(-0.9125,7.8125E-02,0.));
#1783 = VECTOR('',#1784,1.);
#1784 = DIRECTION('',(0.,-1.,0.));
#1785 = PLANE('',#1786);
#1786 = AXIS2_PLACEMENT_3D('',#1787,#1788,#1789);
#1787 = CARTESIAN_POINT('',(-1.,-0.625,0.));
#1788 = DIRECTION('',(0.,0.,1.));
#1789 = DIRECTION('',(1.,0.,-0.));
#1790 = ADVANCED_FACE('',(#1791),#1810,.T.);
#1791 = FACE_BOUND('',#1792,.T.);
#1792 = EDGE_LOOP('',(#1793,#1801,#1808,#1809));
#1793 = ORIENTED_EDGE('',*,*,#1794,.T.);
#1794 = EDGE_CURVE('',#1226,#1795,#1797,.T.);
#1795 = VERTEX_POINT('',#1796);
#1796 = CARTESIAN_POINT('',(-1.,0.625,3.5E-02));
#1797 = LINE('',#1798,#1799);
#1798 = CARTESIAN_POINT('',(-1.,-0.625,3.5E-02));
#1799 = VECTOR('',#1800,1.);
#1800 = DIRECTION('',(0.,1.,0.));
#1801 = ORIENTED_EDGE('',*,*,#1802,.T.);
#1802 = EDGE_CURVE('',#1795,#1732,#1803,.T.);
#1803 = CIRCLE('',#1804,3.5E-02);
#1804 = AXIS2_PLACEMENT_3D('',#1805,#1806,#1807);
#1805 = CARTESIAN_POINT('',(-0.965,0.625,3.5E-02));
#1806 = DIRECTION('',(0.,-1.,0.));
#1807 = DIRECTION('',(0.,0.,1.));
#1808 = ORIENTED_EDGE('',*,*,#1741,.F.);
#1809 = ORIENTED_EDGE('',*,*,#1225,.F.);
#1810 = CYLINDRICAL_SURFACE('',#1811,3.5E-02);
#1811 = AXIS2_PLACEMENT_3D('',#1812,#1813,#1814);
#1812 = CARTESIAN_POINT('',(-0.965,-0.625,3.5E-02));
#1813 = DIRECTION('',(0.,1.,0.));
#1814 = DIRECTION('',(-1.,0.,0.));
#1815 = ADVANCED_FACE('',(#1816),#1827,.F.);
#1816 = FACE_BOUND('',#1817,.F.);
#1817 = EDGE_LOOP('',(#1818,#1819,#1825,#1826));
#1818 = ORIENTED_EDGE('',*,*,#1282,.T.);
#1819 = ORIENTED_EDGE('',*,*,#1820,.T.);
#1820 = EDGE_CURVE('',#1283,#1749,#1821,.T.);
#1821 = LINE('',#1822,#1823);
#1822 = CARTESIAN_POINT('',(-0.9125,-0.46875,0.75));
#1823 = VECTOR('',#1824,1.);
#1824 = DIRECTION('',(-0.,-0.,-1.));
#1825 = ORIENTED_EDGE('',*,*,#1748,.T.);
#1826 = ORIENTED_EDGE('',*,*,#1268,.T.);
#1827 = PLANE('',#1828);
#1828 = AXIS2_PLACEMENT_3D('',#1829,#1830,#1831);
#1829 = CARTESIAN_POINT('',(-0.9125,-0.46875,0.75));
#1830 = DIRECTION('',(-1.,0.,0.));
#1831 = DIRECTION('',(0.,-1.,0.));
#1832 = ADVANCED_FACE('',(#1833),#1851,.F.);
#1833 = FACE_BOUND('',#1834,.F.);
#1834 = EDGE_LOOP('',(#1835,#1836,#1837,#1845));
#1835 = ORIENTED_EDGE('',*,*,#1234,.F.);
#1836 = ORIENTED_EDGE('',*,*,#1794,.T.);
#1837 = ORIENTED_EDGE('',*,*,#1838,.T.);
#1838 = EDGE_CURVE('',#1795,#1839,#1841,.T.);
#1839 = VERTEX_POINT('',#1840);
#1840 = CARTESIAN_POINT('',(-1.,0.625,0.465));
#1841 = LINE('',#1842,#1843);
#1842 = CARTESIAN_POINT('',(-1.,0.625,0.));
#1843 = VECTOR('',#1844,1.);
#1844 = DIRECTION('',(0.,0.,1.));
#1845 = ORIENTED_EDGE('',*,*,#1846,.F.);
#1846 = EDGE_CURVE('',#1235,#1839,#1847,.T.);
#1847 = LINE('',#1848,#1849);
#1848 = CARTESIAN_POINT('',(-1.,-0.625,0.465));
#1849 = VECTOR('',#1850,1.);
#1850 = DIRECTION('',(0.,1.,0.));
#1851 = PLANE('',#1852);
#1852 = AXIS2_PLACEMENT_3D('',#1853,#1854,#1855);
#1853 = CARTESIAN_POINT('',(-1.,-0.625,0.));
#1854 = DIRECTION('',(1.,0.,0.));
#1855 = DIRECTION('',(0.,0.,1.));
#1856 = ADVANCED_FACE('',(#1857),#1869,.T.);
#1857 = FACE_BOUND('',#1858,.T.);
#1858 = EDGE_LOOP('',(#1859,#1860,#1861,#1868));
#1859 = ORIENTED_EDGE('',*,*,#1242,.T.);
#1860 = ORIENTED_EDGE('',*,*,#1694,.T.);
#1861 = ORIENTED_EDGE('',*,*,#1862,.F.);
#1862 = EDGE_CURVE('',#1839,#1687,#1863,.T.);
#1863 = CIRCLE('',#1864,3.5E-02);
#1864 = AXIS2_PLACEMENT_3D('',#1865,#1866,#1867);
#1865 = CARTESIAN_POINT('',(-0.965,0.625,0.465));
#1866 = DIRECTION('',(0.,1.,0.));
#1867 = DIRECTION('',(0.,-0.,1.));
#1868 = ORIENTED_EDGE('',*,*,#1846,.F.);
#1869 = CYLINDRICAL_SURFACE('',#1870,3.5E-02);
#1870 = AXIS2_PLACEMENT_3D('',#1871,#1872,#1873);
#1871 = CARTESIAN_POINT('',(-0.965,-0.625,0.465));
#1872 = DIRECTION('',(0.,1.,0.));
#1873 = DIRECTION('',(-1.,0.,0.));
#1874 = ADVANCED_FACE('',(#1875),#1887,.F.);
#1875 = FACE_BOUND('',#1876,.F.);
#1876 = EDGE_LOOP('',(#1877,#1878,#1879,#1886));
#1877 = ORIENTED_EDGE('',*,*,#1820,.F.);
#1878 = ORIENTED_EDGE('',*,*,#1363,.T.);
#1879 = ORIENTED_EDGE('',*,*,#1880,.T.);
#1880 = EDGE_CURVE('',#1356,#1757,#1881,.T.);
#1881 = CIRCLE('',#1882,3.5E-02);
#1882 = AXIS2_PLACEMENT_3D('',#1883,#1884,#1885);
#1883 = CARTESIAN_POINT('',(-0.685,-0.46875,3.5E-02));
#1884 = DIRECTION('',(-0.,1.,0.));
#1885 = DIRECTION('',(1.,0.,0.));
#1886 = ORIENTED_EDGE('',*,*,#1756,.T.);
#1887 = PLANE('',#1888);
#1888 = AXIS2_PLACEMENT_3D('',#1889,#1890,#1891);
#1889 = CARTESIAN_POINT('',(0.9125,-0.46875,0.75));
#1890 = DIRECTION('',(0.,1.,0.));
#1891 = DIRECTION('',(-1.,0.,0.));
#1892 = ADVANCED_FACE('',(#1893),#1905,.T.);
#1893 = FACE_BOUND('',#1894,.T.);
#1894 = EDGE_LOOP('',(#1895,#1896,#1897,#1898));
#1895 = ORIENTED_EDGE('',*,*,#1355,.F.);
#1896 = ORIENTED_EDGE('',*,*,#1880,.T.);
#1897 = ORIENTED_EDGE('',*,*,#1764,.T.);
#1898 = ORIENTED_EDGE('',*,*,#1899,.F.);
#1899 = EDGE_CURVE('',#1348,#1765,#1900,.T.);
#1900 = CIRCLE('',#1901,3.5E-02);
#1901 = AXIS2_PLACEMENT_3D('',#1902,#1903,#1904);
#1902 = CARTESIAN_POINT('',(-0.685,0.46875,3.5E-02));
#1903 = DIRECTION('',(-0.,1.,0.));
#1904 = DIRECTION('',(1.,0.,0.));
#1905 = CYLINDRICAL_SURFACE('',#1906,3.5E-02);
#1906 = AXIS2_PLACEMENT_3D('',#1907,#1908,#1909);
#1907 = CARTESIAN_POINT('',(-0.685,-0.625,3.5E-02));
#1908 = DIRECTION('',(0.,1.,0.));
#1909 = DIRECTION('',(1.,0.,0.));
#1910 = ADVANCED_FACE('',(#1911),#1922,.F.);
#1911 = FACE_BOUND('',#1912,.F.);
#1912 = EDGE_LOOP('',(#1913,#1914,#1920,#1921));
#1913 = ORIENTED_EDGE('',*,*,#1347,.T.);
#1914 = ORIENTED_EDGE('',*,*,#1915,.T.);
#1915 = EDGE_CURVE('',#1340,#1773,#1916,.T.);
#1916 = LINE('',#1917,#1918);
#1917 = CARTESIAN_POINT('',(-0.9125,0.46875,0.75));
#1918 = VECTOR('',#1919,1.);
#1919 = DIRECTION('',(-0.,-0.,-1.));
#1920 = ORIENTED_EDGE('',*,*,#1772,.T.);
#1921 = ORIENTED_EDGE('',*,*,#1899,.F.);
#1922 = PLANE('',#1923);
#1923 = AXIS2_PLACEMENT_3D('',#1924,#1925,#1926);
#1924 = CARTESIAN_POINT('',(-0.9125,0.46875,0.75));
#1925 = DIRECTION('',(0.,-1.,0.));
#1926 = DIRECTION('',(1.,0.,0.));
#1927 = ADVANCED_FACE('',(#1928),#1939,.F.);
#1928 = FACE_BOUND('',#1929,.F.);
#1929 = EDGE_LOOP('',(#1930,#1931,#1932,#1938));
#1930 = ORIENTED_EDGE('',*,*,#1915,.F.);
#1931 = ORIENTED_EDGE('',*,*,#1339,.T.);
#1932 = ORIENTED_EDGE('',*,*,#1933,.F.);
#1933 = EDGE_CURVE('',#1734,#1332,#1934,.T.);
#1934 = LINE('',#1935,#1936);
#1935 = CARTESIAN_POINT('',(-0.9125,0.625,0.375));
#1936 = VECTOR('',#1937,1.);
#1937 = DIRECTION('',(0.,0.,1.));
#1938 = ORIENTED_EDGE('',*,*,#1780,.T.);
#1939 = PLANE('',#1940);
#1940 = AXIS2_PLACEMENT_3D('',#1941,#1942,#1943);
#1941 = CARTESIAN_POINT('',(-0.9125,0.78125,0.75));
#1942 = DIRECTION('',(-1.,0.,0.));
#1943 = DIRECTION('',(0.,-1.,0.));
#1944 = ADVANCED_FACE('',(#1945),#1970,.F.);
#1945 = FACE_BOUND('',#1946,.F.);
#1946 = EDGE_LOOP('',(#1947,#1948,#1956,#1964));
#1947 = ORIENTED_EDGE('',*,*,#1323,.T.);
#1948 = ORIENTED_EDGE('',*,*,#1949,.T.);
#1949 = EDGE_CURVE('',#1316,#1950,#1952,.T.);
#1950 = VERTEX_POINT('',#1951);
#1951 = CARTESIAN_POINT('',(0.9125,0.46875,0.));
#1952 = LINE('',#1953,#1954);
#1953 = CARTESIAN_POINT('',(0.9125,0.46875,0.75));
#1954 = VECTOR('',#1955,1.);
#1955 = DIRECTION('',(-0.,-0.,-1.));
#1956 = ORIENTED_EDGE('',*,*,#1957,.T.);
#1957 = EDGE_CURVE('',#1950,#1958,#1960,.T.);
#1958 = VERTEX_POINT('',#1959);
#1959 = CARTESIAN_POINT('',(0.9125,0.625,0.));
#1960 = LINE('',#1961,#1962);
#1961 = CARTESIAN_POINT('',(0.9125,-7.8125E-02,0.));
#1962 = VECTOR('',#1963,1.);
#1963 = DIRECTION('',(0.,1.,0.));
#1964 = ORIENTED_EDGE('',*,*,#1965,.F.);
#1965 = EDGE_CURVE('',#1324,#1958,#1966,.T.);
#1966 = LINE('',#1967,#1968);
#1967 = CARTESIAN_POINT('',(0.9125,0.625,0.375));
#1968 = VECTOR('',#1969,1.);
#1969 = DIRECTION('',(0.,0.,-1.));
#1970 = PLANE('',#1971);
#1971 = AXIS2_PLACEMENT_3D('',#1972,#1973,#1974);
#1972 = CARTESIAN_POINT('',(0.9125,0.46875,0.75));
#1973 = DIRECTION('',(1.,0.,0.));
#1974 = DIRECTION('',(-0.,1.,0.));
#1975 = ADVANCED_FACE('',(#1976),#1995,.F.);
#1976 = FACE_BOUND('',#1977,.F.);
#1977 = EDGE_LOOP('',(#1978,#1979,#1980,#1989));
#1978 = ORIENTED_EDGE('',*,*,#1949,.F.);
#1979 = ORIENTED_EDGE('',*,*,#1315,.T.);
#1980 = ORIENTED_EDGE('',*,*,#1981,.F.);
#1981 = EDGE_CURVE('',#1982,#1308,#1984,.T.);
#1982 = VERTEX_POINT('',#1983);
#1983 = CARTESIAN_POINT('',(0.685,0.46875,-6.938893903907E-18));
#1984 = CIRCLE('',#1985,3.5E-02);
#1985 = AXIS2_PLACEMENT_3D('',#1986,#1987,#1988);
#1986 = CARTESIAN_POINT('',(0.685,0.46875,3.5E-02));
#1987 = DIRECTION('',(0.,1.,-0.));
#1988 = DIRECTION('',(-1.,0.,0.));
#1989 = ORIENTED_EDGE('',*,*,#1990,.T.);
#1990 = EDGE_CURVE('',#1982,#1950,#1991,.T.);
#1991 = LINE('',#1992,#1993);
#1992 = CARTESIAN_POINT('',(-0.13125,0.46875,0.));
#1993 = VECTOR('',#1994,1.);
#1994 = DIRECTION('',(1.,0.,0.));
#1995 = PLANE('',#1996);
#1996 = AXIS2_PLACEMENT_3D('',#1997,#1998,#1999);
#1997 = CARTESIAN_POINT('',(-0.9125,0.46875,0.75));
#1998 = DIRECTION('',(0.,-1.,0.));
#1999 = DIRECTION('',(1.,0.,0.));
#2000 = ADVANCED_FACE('',(#2001),#2020,.T.);
#2001 = FACE_BOUND('',#2002,.T.);
#2002 = EDGE_LOOP('',(#2003,#2004,#2012,#2019));
#2003 = ORIENTED_EDGE('',*,*,#1981,.F.);
#2004 = ORIENTED_EDGE('',*,*,#2005,.F.);
#2005 = EDGE_CURVE('',#2006,#1982,#2008,.T.);
#2006 = VERTEX_POINT('',#2007);
#2007 = CARTESIAN_POINT('',(0.685,-0.46875,-6.938893903907E-18));
#2008 = LINE('',#2009,#2010);
#2009 = CARTESIAN_POINT('',(0.685,-0.625,-6.938893903907E-18));
#2010 = VECTOR('',#2011,1.);
#2011 = DIRECTION('',(0.,1.,0.));
#2012 = ORIENTED_EDGE('',*,*,#2013,.T.);
#2013 = EDGE_CURVE('',#2006,#1300,#2014,.T.);
#2014 = CIRCLE('',#2015,3.5E-02);
#2015 = AXIS2_PLACEMENT_3D('',#2016,#2017,#2018);
#2016 = CARTESIAN_POINT('',(0.685,-0.46875,3.5E-02));
#2017 = DIRECTION('',(0.,1.,-0.));
#2018 = DIRECTION('',(-1.,0.,0.));
#2019 = ORIENTED_EDGE('',*,*,#1307,.T.);
#2020 = CYLINDRICAL_SURFACE('',#2021,3.5E-02);
#2021 = AXIS2_PLACEMENT_3D('',#2022,#2023,#2024);
#2022 = CARTESIAN_POINT('',(0.685,-0.625,3.5E-02));
#2023 = DIRECTION('',(0.,1.,0.));
#2024 = DIRECTION('',(-1.,0.,0.));
#2025 = ADVANCED_FACE('',(#2026),#2044,.F.);
#2026 = FACE_BOUND('',#2027,.F.);
#2027 = EDGE_LOOP('',(#2028,#2029,#2037,#2043));
#2028 = ORIENTED_EDGE('',*,*,#1299,.T.);
#2029 = ORIENTED_EDGE('',*,*,#2030,.T.);
#2030 = EDGE_CURVE('',#1292,#2031,#2033,.T.);
#2031 = VERTEX_POINT('',#2032);
#2032 = CARTESIAN_POINT('',(0.9125,-0.46875,0.));
#2033 = LINE('',#2034,#2035);
#2034 = CARTESIAN_POINT('',(0.9125,-0.46875,0.75));
#2035 = VECTOR('',#2036,1.);
#2036 = DIRECTION('',(-0.,-0.,-1.));
#2037 = ORIENTED_EDGE('',*,*,#2038,.T.);
#2038 = EDGE_CURVE('',#2031,#2006,#2039,.T.);
#2039 = LINE('',#2040,#2041);
#2040 = CARTESIAN_POINT('',(0.78125,-0.46875,0.));
#2041 = VECTOR('',#2042,1.);
#2042 = DIRECTION('',(-1.,0.,0.));
#2043 = ORIENTED_EDGE('',*,*,#2013,.T.);
#2044 = PLANE('',#2045);
#2045 = AXIS2_PLACEMENT_3D('',#2046,#2047,#2048);
#2046 = CARTESIAN_POINT('',(0.9125,-0.46875,0.75));
#2047 = DIRECTION('',(0.,1.,0.));
#2048 = DIRECTION('',(-1.,0.,0.));
#2049 = ADVANCED_FACE('',(#2050),#2061,.F.);
#2050 = FACE_BOUND('',#2051,.F.);
#2051 = EDGE_LOOP('',(#2052,#2053,#2054,#2055));
#2052 = ORIENTED_EDGE('',*,*,#2030,.F.);
#2053 = ORIENTED_EDGE('',*,*,#1291,.T.);
#2054 = ORIENTED_EDGE('',*,*,#1413,.T.);
#2055 = ORIENTED_EDGE('',*,*,#2056,.T.);
#2056 = EDGE_CURVE('',#1404,#2031,#2057,.T.);
#2057 = LINE('',#2058,#2059);
#2058 = CARTESIAN_POINT('',(0.9125,-0.703125,0.));
#2059 = VECTOR('',#2060,1.);
#2060 = DIRECTION('',(0.,1.,0.));
#2061 = PLANE('',#2062);
#2062 = AXIS2_PLACEMENT_3D('',#2063,#2064,#2065);
#2063 = CARTESIAN_POINT('',(0.9125,-0.78125,0.75));
#2064 = DIRECTION('',(1.,0.,0.));
#2065 = DIRECTION('',(-0.,1.,0.));
#2066 = ADVANCED_FACE('',(#2067),#2092,.T.);
#2067 = FACE_BOUND('',#2068,.T.);
#2068 = EDGE_LOOP('',(#2069,#2077,#2078,#2086));
#2069 = ORIENTED_EDGE('',*,*,#2070,.T.);
#2070 = EDGE_CURVE('',#2071,#1372,#2073,.T.);
#2071 = VERTEX_POINT('',#2072);
#2072 = CARTESIAN_POINT('',(0.433012701892,0.5,1.75E-02));
#2073 = LINE('',#2074,#2075);
#2074 = CARTESIAN_POINT('',(0.433012701892,0.5,1.75E-02));
#2075 = VECTOR('',#2076,1.);
#2076 = DIRECTION('',(0.,0.,1.));
#2077 = ORIENTED_EDGE('',*,*,#1371,.T.);
#2078 = ORIENTED_EDGE('',*,*,#2079,.F.);
#2079 = EDGE_CURVE('',#2080,#1374,#2082,.T.);
#2080 = VERTEX_POINT('',#2081);
#2081 = CARTESIAN_POINT('',(0.433012701892,-0.5,1.75E-02));
#2082 = LINE('',#2083,#2084);
#2083 = CARTESIAN_POINT('',(0.433012701892,-0.5,1.75E-02));
#2084 = VECTOR('',#2085,1.);
#2085 = DIRECTION('',(0.,0.,1.));
#2086 = ORIENTED_EDGE('',*,*,#2087,.F.);
#2087 = EDGE_CURVE('',#2071,#2080,#2088,.T.);
#2088 = LINE('',#2089,#2090);
#2089 = CARTESIAN_POINT('',(0.433012701892,0.5,1.75E-02));
#2090 = VECTOR('',#2091,1.);
#2091 = DIRECTION('',(0.,-1.,0.));
#2092 = PLANE('',#2093);
#2093 = AXIS2_PLACEMENT_3D('',#2094,#2095,#2096);
#2094 = CARTESIAN_POINT('',(0.433012701892,0.5,1.75E-02));
#2095 = DIRECTION('',(1.,0.,0.));
#2096 = DIRECTION('',(0.,-1.,0.));
#2097 = ADVANCED_FACE('',(#2098),#2116,.T.);
#2098 = FACE_BOUND('',#2099,.T.);
#2099 = EDGE_LOOP('',(#2100,#2108,#2109,#2110));
#2100 = ORIENTED_EDGE('',*,*,#2101,.T.);
#2101 = EDGE_CURVE('',#2102,#1382,#2104,.T.);
#2102 = VERTEX_POINT('',#2103);
#2103 = CARTESIAN_POINT('',(-0.433012701892,0.,1.75E-02));
#2104 = LINE('',#2105,#2106);
#2105 = CARTESIAN_POINT('',(-0.433012701892,0.,1.75E-02));
#2106 = VECTOR('',#2107,1.);
#2107 = DIRECTION('',(0.,0.,1.));
#2108 = ORIENTED_EDGE('',*,*,#1389,.T.);
#2109 = ORIENTED_EDGE('',*,*,#2070,.F.);
#2110 = ORIENTED_EDGE('',*,*,#2111,.F.);
#2111 = EDGE_CURVE('',#2102,#2071,#2112,.T.);
#2112 = LINE('',#2113,#2114);
#2113 = CARTESIAN_POINT('',(-0.433012701892,0.,1.75E-02));
#2114 = VECTOR('',#2115,1.);
#2115 = DIRECTION('',(0.866025403784,0.5,0.));
#2116 = PLANE('',#2117);
#2117 = AXIS2_PLACEMENT_3D('',#2118,#2119,#2120);
#2118 = CARTESIAN_POINT('',(-0.433012701892,0.,1.75E-02));
#2119 = DIRECTION('',(-0.5,0.866025403784,0.));
#2120 = DIRECTION('',(0.866025403784,0.5,0.));
#2121 = ADVANCED_FACE('',(#2122),#2133,.T.);
#2122 = FACE_BOUND('',#2123,.T.);
#2123 = EDGE_LOOP('',(#2124,#2125,#2126,#2127));
#2124 = ORIENTED_EDGE('',*,*,#2079,.T.);
#2125 = ORIENTED_EDGE('',*,*,#1381,.T.);
#2126 = ORIENTED_EDGE('',*,*,#2101,.F.);
#2127 = ORIENTED_EDGE('',*,*,#2128,.F.);
#2128 = EDGE_CURVE('',#2080,#2102,#2129,.T.);
#2129 = LINE('',#2130,#2131);
#2130 = CARTESIAN_POINT('',(0.433012701892,-0.5,1.75E-02));
#2131 = VECTOR('',#2132,1.);
#2132 = DIRECTION('',(-0.866025403784,0.5,0.));
#2133 = PLANE('',#2134);
#2134 = AXIS2_PLACEMENT_3D('',#2135,#2136,#2137);
#2135 = CARTESIAN_POINT('',(0.433012701892,-0.5,1.75E-02));
#2136 = DIRECTION('',(-0.5,-0.866025403784,0.));
#2137 = DIRECTION('',(-0.866025403784,0.5,0.));
#2138 = ADVANCED_FACE('',(#2139),#2161,.F.);
#2139 = FACE_BOUND('',#2140,.F.);
#2140 = EDGE_LOOP('',(#2141,#2149,#2150,#2151,#2152,#2153,#2154,#2155));
#2141 = ORIENTED_EDGE('',*,*,#2142,.F.);
#2142 = EDGE_CURVE('',#1958,#2143,#2145,.T.);
#2143 = VERTEX_POINT('',#2144);
#2144 = CARTESIAN_POINT('',(0.965,0.625,-6.938893903907E-18));
#2145 = LINE('',#2146,#2147);
#2146 = CARTESIAN_POINT('',(0.65,0.625,0.));
#2147 = VECTOR('',#2148,1.);
#2148 = DIRECTION('',(1.,0.,0.));
#2149 = ORIENTED_EDGE('',*,*,#1957,.F.);
#2150 = ORIENTED_EDGE('',*,*,#1990,.F.);
#2151 = ORIENTED_EDGE('',*,*,#2005,.F.);
#2152 = ORIENTED_EDGE('',*,*,#2038,.F.);
#2153 = ORIENTED_EDGE('',*,*,#2056,.F.);
#2154 = ORIENTED_EDGE('',*,*,#1403,.T.);
#2155 = ORIENTED_EDGE('',*,*,#2156,.T.);
#2156 = EDGE_CURVE('',#1406,#2143,#2157,.T.);
#2157 = LINE('',#2158,#2159);
#2158 = CARTESIAN_POINT('',(0.965,-0.625,-6.938893903907E-18));
#2159 = VECTOR('',#2160,1.);
#2160 = DIRECTION('',(0.,1.,0.));
#2161 = PLANE('',#2162);
#2162 = AXIS2_PLACEMENT_3D('',#2163,#2164,#2165);
#2163 = CARTESIAN_POINT('',(0.65,-0.625,0.));
#2164 = DIRECTION('',(0.,0.,1.));
#2165 = DIRECTION('',(1.,0.,-0.));
#2166 = ADVANCED_FACE('',(#2167),#2186,.T.);
#2167 = FACE_BOUND('',#2168,.T.);
#2168 = EDGE_LOOP('',(#2169,#2170,#2171,#2180));
#2169 = ORIENTED_EDGE('',*,*,#1455,.T.);
#2170 = ORIENTED_EDGE('',*,*,#2156,.T.);
#2171 = ORIENTED_EDGE('',*,*,#2172,.F.);
#2172 = EDGE_CURVE('',#2173,#2143,#2175,.T.);
#2173 = VERTEX_POINT('',#2174);
#2174 = CARTESIAN_POINT('',(1.,0.625,3.5E-02));
#2175 = CIRCLE('',#2176,3.5E-02);
#2176 = AXIS2_PLACEMENT_3D('',#2177,#2178,#2179);
#2177 = CARTESIAN_POINT('',(0.965,0.625,3.5E-02));
#2178 = DIRECTION('',(0.,1.,0.));
#2179 = DIRECTION('',(0.,-0.,1.));
#2180 = ORIENTED_EDGE('',*,*,#2181,.F.);
#2181 = EDGE_CURVE('',#1448,#2173,#2182,.T.);
#2182 = LINE('',#2183,#2184);
#2183 = CARTESIAN_POINT('',(1.,-0.625,3.5E-02));
#2184 = VECTOR('',#2185,1.);
#2185 = DIRECTION('',(0.,1.,0.));
#2186 = CYLINDRICAL_SURFACE('',#2187,3.5E-02);
#2187 = AXIS2_PLACEMENT_3D('',#2188,#2189,#2190);
#2188 = CARTESIAN_POINT('',(0.965,-0.625,3.5E-02));
#2189 = DIRECTION('',(0.,1.,0.));
#2190 = DIRECTION('',(1.,0.,0.));
#2191 = ADVANCED_FACE('',(#2192),#2210,.T.);
#2192 = FACE_BOUND('',#2193,.T.);
#2193 = EDGE_LOOP('',(#2194,#2195,#2196,#2204));
#2194 = ORIENTED_EDGE('',*,*,#1447,.F.);
#2195 = ORIENTED_EDGE('',*,*,#2181,.T.);
#2196 = ORIENTED_EDGE('',*,*,#2197,.T.);
#2197 = EDGE_CURVE('',#2173,#2198,#2200,.T.);
#2198 = VERTEX_POINT('',#2199);
#2199 = CARTESIAN_POINT('',(1.,0.625,0.465));
#2200 = LINE('',#2201,#2202);
#2201 = CARTESIAN_POINT('',(1.,0.625,0.));
#2202 = VECTOR('',#2203,1.);
#2203 = DIRECTION('',(0.,0.,1.));
#2204 = ORIENTED_EDGE('',*,*,#2205,.F.);
#2205 = EDGE_CURVE('',#1439,#2198,#2206,.T.);
#2206 = LINE('',#2207,#2208);
#2207 = CARTESIAN_POINT('',(1.,-0.625,0.465));
#2208 = VECTOR('',#2209,1.);
#2209 = DIRECTION('',(0.,1.,0.));
#2210 = PLANE('',#2211);
#2211 = AXIS2_PLACEMENT_3D('',#2212,#2213,#2214);
#2212 = CARTESIAN_POINT('',(1.,-0.625,0.));
#2213 = DIRECTION('',(1.,0.,0.));
#2214 = DIRECTION('',(0.,0.,1.));
#2215 = ADVANCED_FACE('',(#2216),#2235,.T.);
#2216 = FACE_BOUND('',#2217,.T.);
#2217 = EDGE_LOOP('',(#2218,#2219,#2228,#2234));
#2218 = ORIENTED_EDGE('',*,*,#2205,.T.);
#2219 = ORIENTED_EDGE('',*,*,#2220,.T.);
#2220 = EDGE_CURVE('',#2198,#2221,#2223,.T.);
#2221 = VERTEX_POINT('',#2222);
#2222 = CARTESIAN_POINT('',(0.965,0.625,0.5));
#2223 = CIRCLE('',#2224,3.5E-02);
#2224 = AXIS2_PLACEMENT_3D('',#2225,#2226,#2227);
#2225 = CARTESIAN_POINT('',(0.965,0.625,0.465));
#2226 = DIRECTION('',(0.,-1.,0.));
#2227 = DIRECTION('',(0.,0.,1.));
#2228 = ORIENTED_EDGE('',*,*,#2229,.F.);
#2229 = EDGE_CURVE('',#1431,#2221,#2230,.T.);
#2230 = LINE('',#2231,#2232);
#2231 = CARTESIAN_POINT('',(0.965,-0.625,0.5));
#2232 = VECTOR('',#2233,1.);
#2233 = DIRECTION('',(0.,1.,0.));
#2234 = ORIENTED_EDGE('',*,*,#1438,.F.);
#2235 = CYLINDRICAL_SURFACE('',#2236,3.5E-02);
#2236 = AXIS2_PLACEMENT_3D('',#2237,#2238,#2239);
#2237 = CARTESIAN_POINT('',(0.965,-0.625,0.465));
#2238 = DIRECTION('',(0.,1.,0.));
#2239 = DIRECTION('',(1.,0.,0.));
#2240 = ADVANCED_FACE('',(#2241),#2282,.T.);
#2241 = FACE_BOUND('',#2242,.T.);
#2242 = EDGE_LOOP('',(#2243,#2251,#2259,#2265,#2266,#2274,#2280,#2281));
#2243 = ORIENTED_EDGE('',*,*,#2244,.F.);
#2244 = EDGE_CURVE('',#2245,#2221,#2247,.T.);
#2245 = VERTEX_POINT('',#2246);
#2246 = CARTESIAN_POINT('',(0.9125,0.625,0.5));
#2247 = LINE('',#2248,#2249);
#2248 = CARTESIAN_POINT('',(0.65,0.625,0.5));
#2249 = VECTOR('',#2250,1.);
#2250 = DIRECTION('',(1.,0.,0.));
#2251 = ORIENTED_EDGE('',*,*,#2252,.F.);
#2252 = EDGE_CURVE('',#2253,#2245,#2255,.T.);
#2253 = VERTEX_POINT('',#2254);
#2254 = CARTESIAN_POINT('',(0.9125,0.46875,0.5));
#2255 = LINE('',#2256,#2257);
#2256 = CARTESIAN_POINT('',(0.9125,-7.8125E-02,0.5));
#2257 = VECTOR('',#2258,1.);
#2258 = DIRECTION('',(0.,1.,0.));
#2259 = ORIENTED_EDGE('',*,*,#2260,.F.);
#2260 = EDGE_CURVE('',#1536,#2253,#2261,.T.);
#2261 = LINE('',#2262,#2263);
#2262 = CARTESIAN_POINT('',(-0.13125,0.46875,0.5));
#2263 = VECTOR('',#2264,1.);
#2264 = DIRECTION('',(1.,0.,0.));
#2265 = ORIENTED_EDGE('',*,*,#1535,.F.);
#2266 = ORIENTED_EDGE('',*,*,#2267,.F.);
#2267 = EDGE_CURVE('',#2268,#1527,#2270,.T.);
#2268 = VERTEX_POINT('',#2269);
#2269 = CARTESIAN_POINT('',(0.9125,-0.46875,0.5));
#2270 = LINE('',#2271,#2272);
#2271 = CARTESIAN_POINT('',(0.78125,-0.46875,0.5));
#2272 = VECTOR('',#2273,1.);
#2273 = DIRECTION('',(-1.,0.,0.));
#2274 = ORIENTED_EDGE('',*,*,#2275,.F.);
#2275 = EDGE_CURVE('',#1423,#2268,#2276,.T.);
#2276 = LINE('',#2277,#2278);
#2277 = CARTESIAN_POINT('',(0.9125,-0.703125,0.5));
#2278 = VECTOR('',#2279,1.);
#2279 = DIRECTION('',(0.,1.,0.));
#2280 = ORIENTED_EDGE('',*,*,#1430,.T.);
#2281 = ORIENTED_EDGE('',*,*,#2229,.T.);
#2282 = PLANE('',#2283);
#2283 = AXIS2_PLACEMENT_3D('',#2284,#2285,#2286);
#2284 = CARTESIAN_POINT('',(0.65,-0.625,0.5));
#2285 = DIRECTION('',(0.,0.,1.));
#2286 = DIRECTION('',(1.,0.,-0.));
#2287 = ADVANCED_FACE('',(#2288),#2299,.F.);
#2288 = FACE_BOUND('',#2289,.F.);
#2289 = EDGE_LOOP('',(#2290,#2296,#2297,#2298));
#2290 = ORIENTED_EDGE('',*,*,#2291,.F.);
#2291 = EDGE_CURVE('',#2268,#1471,#2292,.T.);
#2292 = LINE('',#2293,#2294);
#2293 = CARTESIAN_POINT('',(0.9125,-0.46875,0.75));
#2294 = VECTOR('',#2295,1.);
#2295 = DIRECTION('',(-0.,-0.,-1.));
#2296 = ORIENTED_EDGE('',*,*,#2275,.F.);
#2297 = ORIENTED_EDGE('',*,*,#1422,.T.);
#2298 = ORIENTED_EDGE('',*,*,#1480,.F.);
#2299 = PLANE('',#2300);
#2300 = AXIS2_PLACEMENT_3D('',#2301,#2302,#2303);
#2301 = CARTESIAN_POINT('',(0.9125,-0.78125,0.75));
#2302 = DIRECTION('',(1.,0.,0.));
#2303 = DIRECTION('',(-0.,1.,0.));
#2304 = ADVANCED_FACE('',(#2305),#2311,.F.);
#2305 = FACE_BOUND('',#2306,.F.);
#2306 = EDGE_LOOP('',(#2307,#2308,#2309,#2310));
#2307 = ORIENTED_EDGE('',*,*,#2267,.F.);
#2308 = ORIENTED_EDGE('',*,*,#2291,.T.);
#2309 = ORIENTED_EDGE('',*,*,#1470,.F.);
#2310 = ORIENTED_EDGE('',*,*,#1526,.T.);
#2311 = PLANE('',#2312);
#2312 = AXIS2_PLACEMENT_3D('',#2313,#2314,#2315);
#2313 = CARTESIAN_POINT('',(0.9125,-0.46875,0.75));
#2314 = DIRECTION('',(0.,1.,0.));
#2315 = DIRECTION('',(-1.,0.,0.));
#2316 = ADVANCED_FACE('',(#2317),#2333,.F.);
#2317 = FACE_BOUND('',#2318,.F.);
#2318 = EDGE_LOOP('',(#2319,#2320,#2326,#2327));
#2319 = ORIENTED_EDGE('',*,*,#2252,.F.);
#2320 = ORIENTED_EDGE('',*,*,#2321,.T.);
#2321 = EDGE_CURVE('',#2253,#1504,#2322,.T.);
#2322 = LINE('',#2323,#2324);
#2323 = CARTESIAN_POINT('',(0.9125,0.46875,0.75));
#2324 = VECTOR('',#2325,1.);
#2325 = DIRECTION('',(-0.,-0.,-1.));
#2326 = ORIENTED_EDGE('',*,*,#1511,.F.);
#2327 = ORIENTED_EDGE('',*,*,#2328,.F.);
#2328 = EDGE_CURVE('',#2245,#1495,#2329,.T.);
#2329 = LINE('',#2330,#2331);
#2330 = CARTESIAN_POINT('',(0.9125,0.625,0.375));
#2331 = VECTOR('',#2332,1.);
#2332 = DIRECTION('',(0.,0.,-1.));
#2333 = PLANE('',#2334);
#2334 = AXIS2_PLACEMENT_3D('',#2335,#2336,#2337);
#2335 = CARTESIAN_POINT('',(0.9125,0.46875,0.75));
#2336 = DIRECTION('',(1.,0.,0.));
#2337 = DIRECTION('',(-0.,1.,0.));
#2338 = ADVANCED_FACE('',(#2339),#2345,.F.);
#2339 = FACE_BOUND('',#2340,.F.);
#2340 = EDGE_LOOP('',(#2341,#2342,#2343,#2344));
#2341 = ORIENTED_EDGE('',*,*,#2321,.F.);
#2342 = ORIENTED_EDGE('',*,*,#2260,.F.);
#2343 = ORIENTED_EDGE('',*,*,#1543,.F.);
#2344 = ORIENTED_EDGE('',*,*,#1503,.F.);
#2345 = PLANE('',#2346);
#2346 = AXIS2_PLACEMENT_3D('',#2347,#2348,#2349);
#2347 = CARTESIAN_POINT('',(-0.9125,0.46875,0.75));
#2348 = DIRECTION('',(0.,-1.,0.));
#2349 = DIRECTION('',(1.,0.,0.));
#2350 = ADVANCED_FACE('',(#2351),#2363,.T.);
#2351 = FACE_BOUND('',#2352,.T.);
#2352 = EDGE_LOOP('',(#2353,#2354,#2355,#2356,#2357,#2358,#2359,#2360,
    #2361,#2362));
#2353 = ORIENTED_EDGE('',*,*,#1731,.F.);
#2354 = ORIENTED_EDGE('',*,*,#1802,.F.);
#2355 = ORIENTED_EDGE('',*,*,#1838,.T.);
#2356 = ORIENTED_EDGE('',*,*,#1862,.T.);
#2357 = ORIENTED_EDGE('',*,*,#1686,.T.);
#2358 = ORIENTED_EDGE('',*,*,#1647,.F.);
#2359 = ORIENTED_EDGE('',*,*,#1574,.F.);
#2360 = ORIENTED_EDGE('',*,*,#1566,.F.);
#2361 = ORIENTED_EDGE('',*,*,#1558,.T.);
#2362 = ORIENTED_EDGE('',*,*,#1933,.F.);
#2363 = PLANE('',#2364);
#2364 = AXIS2_PLACEMENT_3D('',#2365,#2366,#2367);
#2365 = CARTESIAN_POINT('',(-1.,0.625,0.));
#2366 = DIRECTION('',(0.,1.,0.));
#2367 = DIRECTION('',(0.,-0.,1.));
#2368 = ADVANCED_FACE('',(#2369),#2381,.T.);
#2369 = FACE_BOUND('',#2370,.T.);
#2370 = EDGE_LOOP('',(#2371,#2372,#2373,#2374,#2375,#2376,#2377,#2378,
    #2379,#2380));
#2371 = ORIENTED_EDGE('',*,*,#2142,.F.);
#2372 = ORIENTED_EDGE('',*,*,#1965,.F.);
#2373 = ORIENTED_EDGE('',*,*,#1599,.T.);
#2374 = ORIENTED_EDGE('',*,*,#1591,.T.);
#2375 = ORIENTED_EDGE('',*,*,#1583,.F.);
#2376 = ORIENTED_EDGE('',*,*,#2328,.F.);
#2377 = ORIENTED_EDGE('',*,*,#2244,.T.);
#2378 = ORIENTED_EDGE('',*,*,#2220,.F.);
#2379 = ORIENTED_EDGE('',*,*,#2197,.F.);
#2380 = ORIENTED_EDGE('',*,*,#2172,.T.);
#2381 = PLANE('',#2382);
#2382 = AXIS2_PLACEMENT_3D('',#2383,#2384,#2385);
#2383 = CARTESIAN_POINT('',(0.65,0.625,0.));
#2384 = DIRECTION('',(0.,1.,0.));
#2385 = DIRECTION('',(0.,-0.,1.));
#2386 = ADVANCED_FACE('',(#2387),#2392,.T.);
#2387 = FACE_BOUND('',#2388,.T.);
#2388 = EDGE_LOOP('',(#2389,#2390,#2391));
#2389 = ORIENTED_EDGE('',*,*,#2111,.T.);
#2390 = ORIENTED_EDGE('',*,*,#2087,.T.);
#2391 = ORIENTED_EDGE('',*,*,#2128,.T.);
#2392 = PLANE('',#2393);
#2393 = AXIS2_PLACEMENT_3D('',#2394,#2395,#2396);
#2394 = CARTESIAN_POINT('',(0.144337567297,9.251858538543E-18,1.75E-02)
  );
#2395 = DIRECTION('',(-0.,-0.,-1.));
#2396 = DIRECTION('',(-1.,0.,0.));
#2397 = ( GEOMETRIC_REPRESENTATION_CONTEXT(3) 
GLOBAL_UNCERTAINTY_ASSIGNED_CONTEXT((#2401)) 
GLOBAL_UNIT_ASSIGNED_CONTEXT((#2398,#2399,#2400)) REPRESENTATION_CONTEXT
('Context #1','3D Context with UNIT and UNCERTAINTY') );
#2398 = ( LENGTH_UNIT() NAMED_UNIT(*) SI_UNIT(.MILLI.,.METRE.) );
#2399 = ( NAMED_UNIT(*) PLANE_ANGLE_UNIT() SI_UNIT($,.RADIAN.) );
#2400 = ( NAMED_UNIT(*) SI_UNIT($,.STERADIAN.) SOLID_ANGLE_UNIT() );
#2401 = UNCERTAINTY_MEASURE_WITH_UNIT(LENGTH_MEASURE(1.E-07),#2398,
  'distance_accuracy_value','confusion accuracy');
#2402 = CONTEXT_DEPENDENT_SHAPE_REPRESENTATION(#2403,#2405);
#2403 = ( REPRESENTATION_RELATIONSHIP('','',#873,#10) 
REPRESENTATION_RELATIONSHIP_WITH_TRANSFORMATION(#2404) 
SHAPE_REPRESENTATION_RELATIONSHIP() );
#2404 = ITEM_DEFINED_TRANSFORMATION('','',#11,#19);
#2405 = PRODUCT_DEFINITION_SHAPE('Placement','Placement of an item',
  #2406);
#2406 = NEXT_ASSEMBLY_USAGE_OCCURRENCE('2','D1','',#5,#868,$);
#2407 = PRODUCT_RELATED_PRODUCT_CATEGORY('part',$,(#870));
#2408 = SHAPE_DEFINITION_REPRESENTATION(#2409,#2415);
#2409 = PRODUCT_DEFINITION_SHAPE('','',#2410);
#2410 = PRODUCT_DEFINITION('design','',#2411,#2414);
#2411 = PRODUCT_DEFINITION_FORMATION('','',#2412);
#2412 = PRODUCT('JST_PH_B2B-PH-K_1x02_P2.00mm_Vertical',
  'JST_PH_B2B-PH-K_1x02_P2.00mm_Vertical','',(#2413));
#2413 = PRODUCT_CONTEXT('',#2,'mechanical');
#2414 = PRODUCT_DEFINITION_CONTEXT('part definition',#2,'design');
#2415 = ADVANCED_BREP_SHAPE_REPRESENTATION('',(#11,#2416),#5308);
#2416 = MANIFOLD_SOLID_BREP('',#2417);
#2417 = CLOSED_SHELL('',(#2418,#2458,#2522,#2610,#2650,#2861,#2901,#2925
    ,#2950,#2974,#3023,#3045,#3078,#3102,#3133,#3150,#3183,#3200,#3243,
    #3260,#3306,#3323,#3386,#3410,#3457,#3481,#3505,#3522,#3539,#3563,
    #3587,#3604,#3635,#3659,#3683,#3700,#3735,#3775,#3799,#3840,#3889,
    #3935,#3952,#3964,#3995,#4051,#4075,#4124,#4136,#4239,#4263,#4287,
    #4304,#4335,#4391,#4415,#4464,#4481,#4528,#4554,#4571,#4597,#4630,
    #4642,#4673,#4697,#4721,#4738,#4769,#4793,#4817,#4834,#4851,#4898,
    #4924,#4941,#4967,#5000,#5017,#5034,#5046,#5077,#5101,#5125,#5142,
    #5173,#5197,#5221,#5238,#5255,#5272,#5284,#5296));
#2418 = ADVANCED_FACE('',(#2419),#2453,.F.);
#2419 = FACE_BOUND('',#2420,.F.);
#2420 = EDGE_LOOP('',(#2421,#2431,#2439,#2447));
#2421 = ORIENTED_EDGE('',*,*,#2422,.T.);
#2422 = EDGE_CURVE('',#2423,#2425,#2427,.T.);
#2423 = VERTEX_POINT('',#2424);
#2424 = CARTESIAN_POINT('',(3.95,-2.8,0.));
#2425 = VERTEX_POINT('',#2426);
#2426 = CARTESIAN_POINT('',(3.95,1.7,0.));
#2427 = LINE('',#2428,#2429);
#2428 = CARTESIAN_POINT('',(3.95,-2.8,0.));
#2429 = VECTOR('',#2430,1.);
#2430 = DIRECTION('',(1.224646799147E-16,1.,0.));
#2431 = ORIENTED_EDGE('',*,*,#2432,.T.);
#2432 = EDGE_CURVE('',#2425,#2433,#2435,.T.);
#2433 = VERTEX_POINT('',#2434);
#2434 = CARTESIAN_POINT('',(2.75,1.7,0.));
#2435 = LINE('',#2436,#2437);
#2436 = CARTESIAN_POINT('',(3.95,1.7,0.));
#2437 = VECTOR('',#2438,1.);
#2438 = DIRECTION('',(-1.,1.224646799147E-16,0.));
#2439 = ORIENTED_EDGE('',*,*,#2440,.F.);
#2440 = EDGE_CURVE('',#2441,#2433,#2443,.T.);
#2441 = VERTEX_POINT('',#2442);
#2442 = CARTESIAN_POINT('',(2.75,-2.8,0.));
#2443 = LINE('',#2444,#2445);
#2444 = CARTESIAN_POINT('',(2.75,-2.8,0.));
#2445 = VECTOR('',#2446,1.);
#2446 = DIRECTION('',(1.224646799147E-16,1.,0.));
#2447 = ORIENTED_EDGE('',*,*,#2448,.T.);
#2448 = EDGE_CURVE('',#2441,#2423,#2449,.T.);
#2449 = LINE('',#2450,#2451);
#2450 = CARTESIAN_POINT('',(-1.95,-2.8,0.));
#2451 = VECTOR('',#2452,1.);
#2452 = DIRECTION('',(1.,-1.224646799147E-16,0.));
#2453 = PLANE('',#2454);
#2454 = AXIS2_PLACEMENT_3D('',#2455,#2456,#2457);
#2455 = CARTESIAN_POINT('',(1.,-0.55,0.));
#2456 = DIRECTION('',(0.,0.,1.));
#2457 = DIRECTION('',(-1.,1.224646799147E-16,0.));
#2458 = ADVANCED_FACE('',(#2459),#2517,.F.);
#2459 = FACE_BOUND('',#2460,.F.);
#2460 = EDGE_LOOP('',(#2461,#2462,#2470,#2478,#2486,#2495,#2503,#2511));
#2461 = ORIENTED_EDGE('',*,*,#2422,.F.);
#2462 = ORIENTED_EDGE('',*,*,#2463,.T.);
#2463 = EDGE_CURVE('',#2423,#2464,#2466,.T.);
#2464 = VERTEX_POINT('',#2465);
#2465 = CARTESIAN_POINT('',(3.95,-2.8,6.));
#2466 = LINE('',#2467,#2468);
#2467 = CARTESIAN_POINT('',(3.95,-2.8,0.));
#2468 = VECTOR('',#2469,1.);
#2469 = DIRECTION('',(0.,0.,1.));
#2470 = ORIENTED_EDGE('',*,*,#2471,.T.);
#2471 = EDGE_CURVE('',#2464,#2472,#2474,.T.);
#2472 = VERTEX_POINT('',#2473);
#2473 = CARTESIAN_POINT('',(3.95,-0.6,6.));
#2474 = LINE('',#2475,#2476);
#2475 = CARTESIAN_POINT('',(3.95,-2.8,6.));
#2476 = VECTOR('',#2477,1.);
#2477 = DIRECTION('',(1.224646799147E-16,1.,0.));
#2478 = ORIENTED_EDGE('',*,*,#2479,.F.);
#2479 = EDGE_CURVE('',#2480,#2472,#2482,.T.);
#2480 = VERTEX_POINT('',#2481);
#2481 = CARTESIAN_POINT('',(3.95,-0.6,4.4));
#2482 = LINE('',#2483,#2484);
#2483 = CARTESIAN_POINT('',(3.95,-0.6,4.4));
#2484 = VECTOR('',#2485,1.);
#2485 = DIRECTION('',(0.,0.,1.));
#2486 = ORIENTED_EDGE('',*,*,#2487,.F.);
#2487 = EDGE_CURVE('',#2488,#2480,#2490,.T.);
#2488 = VERTEX_POINT('',#2489);
#2489 = CARTESIAN_POINT('',(3.95,0.2,4.4));
#2490 = CIRCLE('',#2491,0.4);
#2491 = AXIS2_PLACEMENT_3D('',#2492,#2493,#2494);
#2492 = CARTESIAN_POINT('',(3.95,-0.2,4.4));
#2493 = DIRECTION('',(-1.,1.224646799147E-16,0.));
#2494 = DIRECTION('',(1.224646799147E-16,1.,0.));
#2495 = ORIENTED_EDGE('',*,*,#2496,.F.);
#2496 = EDGE_CURVE('',#2497,#2488,#2499,.T.);
#2497 = VERTEX_POINT('',#2498);
#2498 = CARTESIAN_POINT('',(3.95,0.2,6.));
#2499 = LINE('',#2500,#2501);
#2500 = CARTESIAN_POINT('',(3.95,0.2,6.));
#2501 = VECTOR('',#2502,1.);
#2502 = DIRECTION('',(-0.,0.,-1.));
#2503 = ORIENTED_EDGE('',*,*,#2504,.T.);
#2504 = EDGE_CURVE('',#2497,#2505,#2507,.T.);
#2505 = VERTEX_POINT('',#2506);
#2506 = CARTESIAN_POINT('',(3.95,1.7,6.));
#2507 = LINE('',#2508,#2509);
#2508 = CARTESIAN_POINT('',(3.95,-2.8,6.));
#2509 = VECTOR('',#2510,1.);
#2510 = DIRECTION('',(1.224646799147E-16,1.,0.));
#2511 = ORIENTED_EDGE('',*,*,#2512,.F.);
#2512 = EDGE_CURVE('',#2425,#2505,#2513,.T.);
#2513 = LINE('',#2514,#2515);
#2514 = CARTESIAN_POINT('',(3.95,1.7,0.));
#2515 = VECTOR('',#2516,1.);
#2516 = DIRECTION('',(0.,0.,1.));
#2517 = PLANE('',#2518);
#2518 = AXIS2_PLACEMENT_3D('',#2519,#2520,#2521);
#2519 = CARTESIAN_POINT('',(3.95,-2.8,0.));
#2520 = DIRECTION('',(-1.,1.224646799147E-16,0.));
#2521 = DIRECTION('',(1.224646799147E-16,1.,0.));
#2522 = ADVANCED_FACE('',(#2523),#2605,.F.);
#2523 = FACE_BOUND('',#2524,.F.);
#2524 = EDGE_LOOP('',(#2525,#2535,#2543,#2549,#2550,#2551,#2559,#2567,
    #2575,#2583,#2591,#2599));
#2525 = ORIENTED_EDGE('',*,*,#2526,.F.);
#2526 = EDGE_CURVE('',#2527,#2529,#2531,.T.);
#2527 = VERTEX_POINT('',#2528);
#2528 = CARTESIAN_POINT('',(-1.95,-2.8,0.));
#2529 = VERTEX_POINT('',#2530);
#2530 = CARTESIAN_POINT('',(-0.75,-2.8,0.));
#2531 = LINE('',#2532,#2533);
#2532 = CARTESIAN_POINT('',(-1.95,-2.8,0.));
#2533 = VECTOR('',#2534,1.);
#2534 = DIRECTION('',(1.,-1.224646799147E-16,0.));
#2535 = ORIENTED_EDGE('',*,*,#2536,.T.);
#2536 = EDGE_CURVE('',#2527,#2537,#2539,.T.);
#2537 = VERTEX_POINT('',#2538);
#2538 = CARTESIAN_POINT('',(-1.95,-2.8,6.));
#2539 = LINE('',#2540,#2541);
#2540 = CARTESIAN_POINT('',(-1.95,-2.8,0.));
#2541 = VECTOR('',#2542,1.);
#2542 = DIRECTION('',(0.,0.,1.));
#2543 = ORIENTED_EDGE('',*,*,#2544,.T.);
#2544 = EDGE_CURVE('',#2537,#2464,#2545,.T.);
#2545 = LINE('',#2546,#2547);
#2546 = CARTESIAN_POINT('',(-1.95,-2.8,6.));
#2547 = VECTOR('',#2548,1.);
#2548 = DIRECTION('',(1.,-1.224646799147E-16,0.));
#2549 = ORIENTED_EDGE('',*,*,#2463,.F.);
#2550 = ORIENTED_EDGE('',*,*,#2448,.F.);
#2551 = ORIENTED_EDGE('',*,*,#2552,.F.);
#2552 = EDGE_CURVE('',#2553,#2441,#2555,.T.);
#2553 = VERTEX_POINT('',#2554);
#2554 = CARTESIAN_POINT('',(2.75,-2.8,0.2));
#2555 = LINE('',#2556,#2557);
#2556 = CARTESIAN_POINT('',(2.75,-2.8,0.2));
#2557 = VECTOR('',#2558,1.);
#2558 = DIRECTION('',(-0.,0.,-1.));
#2559 = ORIENTED_EDGE('',*,*,#2560,.T.);
#2560 = EDGE_CURVE('',#2553,#2561,#2563,.T.);
#2561 = VERTEX_POINT('',#2562);
#2562 = CARTESIAN_POINT('',(1.25,-2.8,0.2));
#2563 = LINE('',#2564,#2565);
#2564 = CARTESIAN_POINT('',(2.75,-2.8,0.2));
#2565 = VECTOR('',#2566,1.);
#2566 = DIRECTION('',(-1.,1.224646799147E-16,0.));
#2567 = ORIENTED_EDGE('',*,*,#2568,.T.);
#2568 = EDGE_CURVE('',#2561,#2569,#2571,.T.);
#2569 = VERTEX_POINT('',#2570);
#2570 = CARTESIAN_POINT('',(1.25,-2.8,0.));
#2571 = LINE('',#2572,#2573);
#2572 = CARTESIAN_POINT('',(1.25,-2.8,0.2));
#2573 = VECTOR('',#2574,1.);
#2574 = DIRECTION('',(-0.,0.,-1.));
#2575 = ORIENTED_EDGE('',*,*,#2576,.F.);
#2576 = EDGE_CURVE('',#2577,#2569,#2579,.T.);
#2577 = VERTEX_POINT('',#2578);
#2578 = CARTESIAN_POINT('',(0.75,-2.8,0.));
#2579 = LINE('',#2580,#2581);
#2580 = CARTESIAN_POINT('',(-1.95,-2.8,0.));
#2581 = VECTOR('',#2582,1.);
#2582 = DIRECTION('',(1.,-1.224646799147E-16,0.));
#2583 = ORIENTED_EDGE('',*,*,#2584,.F.);
#2584 = EDGE_CURVE('',#2585,#2577,#2587,.T.);
#2585 = VERTEX_POINT('',#2586);
#2586 = CARTESIAN_POINT('',(0.75,-2.8,0.2));
#2587 = LINE('',#2588,#2589);
#2588 = CARTESIAN_POINT('',(0.75,-2.8,0.2));
#2589 = VECTOR('',#2590,1.);
#2590 = DIRECTION('',(-0.,0.,-1.));
#2591 = ORIENTED_EDGE('',*,*,#2592,.T.);
#2592 = EDGE_CURVE('',#2585,#2593,#2595,.T.);
#2593 = VERTEX_POINT('',#2594);
#2594 = CARTESIAN_POINT('',(-0.75,-2.8,0.2));
#2595 = LINE('',#2596,#2597);
#2596 = CARTESIAN_POINT('',(0.75,-2.8,0.2));
#2597 = VECTOR('',#2598,1.);
#2598 = DIRECTION('',(-1.,1.224646799147E-16,0.));
#2599 = ORIENTED_EDGE('',*,*,#2600,.T.);
#2600 = EDGE_CURVE('',#2593,#2529,#2601,.T.);
#2601 = LINE('',#2602,#2603);
#2602 = CARTESIAN_POINT('',(-0.75,-2.8,0.2));
#2603 = VECTOR('',#2604,1.);
#2604 = DIRECTION('',(-0.,0.,-1.));
#2605 = PLANE('',#2606);
#2606 = AXIS2_PLACEMENT_3D('',#2607,#2608,#2609);
#2607 = CARTESIAN_POINT('',(-1.95,-2.8,0.));
#2608 = DIRECTION('',(1.224646799147E-16,1.,0.));
#2609 = DIRECTION('',(1.,-1.224646799147E-16,0.));
#2610 = ADVANCED_FACE('',(#2611),#2645,.F.);
#2611 = FACE_BOUND('',#2612,.F.);
#2612 = EDGE_LOOP('',(#2613,#2621,#2629,#2637,#2643,#2644));
#2613 = ORIENTED_EDGE('',*,*,#2614,.T.);
#2614 = EDGE_CURVE('',#2433,#2615,#2617,.T.);
#2615 = VERTEX_POINT('',#2616);
#2616 = CARTESIAN_POINT('',(2.75,1.7,0.2));
#2617 = LINE('',#2618,#2619);
#2618 = CARTESIAN_POINT('',(2.75,1.7,0.));
#2619 = VECTOR('',#2620,1.);
#2620 = DIRECTION('',(0.,0.,1.));
#2621 = ORIENTED_EDGE('',*,*,#2622,.T.);
#2622 = EDGE_CURVE('',#2615,#2623,#2625,.T.);
#2623 = VERTEX_POINT('',#2624);
#2624 = CARTESIAN_POINT('',(2.75,0.5,0.1));
#2625 = LINE('',#2626,#2627);
#2626 = CARTESIAN_POINT('',(2.75,1.7,0.2));
#2627 = VECTOR('',#2628,1.);
#2628 = DIRECTION('',(-1.220416573038E-16,-0.996545758245,
    -8.304547985373E-02));
#2629 = ORIENTED_EDGE('',*,*,#2630,.T.);
#2630 = EDGE_CURVE('',#2623,#2631,#2633,.T.);
#2631 = VERTEX_POINT('',#2632);
#2632 = CARTESIAN_POINT('',(2.75,-0.5,0.1));
#2633 = LINE('',#2634,#2635);
#2634 = CARTESIAN_POINT('',(2.75,0.5,0.1));
#2635 = VECTOR('',#2636,1.);
#2636 = DIRECTION('',(-1.224646799147E-16,-1.,0.));
#2637 = ORIENTED_EDGE('',*,*,#2638,.T.);
#2638 = EDGE_CURVE('',#2631,#2553,#2639,.T.);
#2639 = LINE('',#2640,#2641);
#2640 = CARTESIAN_POINT('',(2.75,-0.5,0.1));
#2641 = VECTOR('',#2642,1.);
#2642 = DIRECTION('',(-1.223490926498E-16,-0.999056158355,
    4.343722427631E-02));
#2643 = ORIENTED_EDGE('',*,*,#2552,.T.);
#2644 = ORIENTED_EDGE('',*,*,#2440,.T.);
#2645 = PLANE('',#2646);
#2646 = AXIS2_PLACEMENT_3D('',#2647,#2648,#2649);
#2647 = CARTESIAN_POINT('',(2.75,-0.549524476701,7.07980355453E-02));
#2648 = DIRECTION('',(1.,-1.224646799147E-16,-0.));
#2649 = DIRECTION('',(-0.,0.,-1.));
#2650 = ADVANCED_FACE('',(#2651,#2822),#2856,.F.);
#2651 = FACE_BOUND('',#2652,.F.);
#2652 = EDGE_LOOP('',(#2653,#2654,#2655,#2663,#2671,#2679,#2687,#2695,
    #2703,#2711,#2719,#2727,#2735,#2743,#2751,#2759,#2767,#2775,#2783,
    #2791,#2799,#2807,#2815,#2821));
#2653 = ORIENTED_EDGE('',*,*,#2432,.F.);
#2654 = ORIENTED_EDGE('',*,*,#2512,.T.);
#2655 = ORIENTED_EDGE('',*,*,#2656,.T.);
#2656 = EDGE_CURVE('',#2505,#2657,#2659,.T.);
#2657 = VERTEX_POINT('',#2658);
#2658 = CARTESIAN_POINT('',(1.45,1.7,6.));
#2659 = LINE('',#2660,#2661);
#2660 = CARTESIAN_POINT('',(3.95,1.7,6.));
#2661 = VECTOR('',#2662,1.);
#2662 = DIRECTION('',(-1.,1.224646799147E-16,0.));
#2663 = ORIENTED_EDGE('',*,*,#2664,.T.);
#2664 = EDGE_CURVE('',#2657,#2665,#2667,.T.);
#2665 = VERTEX_POINT('',#2666);
#2666 = CARTESIAN_POINT('',(1.45,1.7,2.1));
#2667 = LINE('',#2668,#2669);
#2668 = CARTESIAN_POINT('',(1.45,1.7,6.));
#2669 = VECTOR('',#2670,1.);
#2670 = DIRECTION('',(-0.,0.,-1.));
#2671 = ORIENTED_EDGE('',*,*,#2672,.T.);
#2672 = EDGE_CURVE('',#2665,#2673,#2675,.T.);
#2673 = VERTEX_POINT('',#2674);
#2674 = CARTESIAN_POINT('',(0.55,1.7,2.1));
#2675 = LINE('',#2676,#2677);
#2676 = CARTESIAN_POINT('',(1.45,1.7,2.1));
#2677 = VECTOR('',#2678,1.);
#2678 = DIRECTION('',(-1.,1.224646799147E-16,0.));
#2679 = ORIENTED_EDGE('',*,*,#2680,.T.);
#2680 = EDGE_CURVE('',#2673,#2681,#2683,.T.);
#2681 = VERTEX_POINT('',#2682);
#2682 = CARTESIAN_POINT('',(0.55,1.7,6.));
#2683 = LINE('',#2684,#2685);
#2684 = CARTESIAN_POINT('',(0.55,1.7,2.1));
#2685 = VECTOR('',#2686,1.);
#2686 = DIRECTION('',(0.,0.,1.));
#2687 = ORIENTED_EDGE('',*,*,#2688,.T.);
#2688 = EDGE_CURVE('',#2681,#2689,#2691,.T.);
#2689 = VERTEX_POINT('',#2690);
#2690 = CARTESIAN_POINT('',(-0.45,1.7,6.));
#2691 = LINE('',#2692,#2693);
#2692 = CARTESIAN_POINT('',(3.95,1.7,6.));
#2693 = VECTOR('',#2694,1.);
#2694 = DIRECTION('',(-1.,1.224646799147E-16,0.));
#2695 = ORIENTED_EDGE('',*,*,#2696,.F.);
#2696 = EDGE_CURVE('',#2697,#2689,#2699,.T.);
#2697 = VERTEX_POINT('',#2698);
#2698 = CARTESIAN_POINT('',(-0.45,1.7,4.2));
#2699 = LINE('',#2700,#2701);
#2700 = CARTESIAN_POINT('',(-0.45,1.7,4.2));
#2701 = VECTOR('',#2702,1.);
#2702 = DIRECTION('',(0.,0.,1.));
#2703 = ORIENTED_EDGE('',*,*,#2704,.F.);
#2704 = EDGE_CURVE('',#2705,#2697,#2707,.T.);
#2705 = VERTEX_POINT('',#2706);
#2706 = CARTESIAN_POINT('',(-0.4,1.7,4.2));
#2707 = LINE('',#2708,#2709);
#2708 = CARTESIAN_POINT('',(-0.4,1.7,4.2));
#2709 = VECTOR('',#2710,1.);
#2710 = DIRECTION('',(-1.,1.224646799147E-16,0.));
#2711 = ORIENTED_EDGE('',*,*,#2712,.F.);
#2712 = EDGE_CURVE('',#2713,#2705,#2715,.T.);
#2713 = VERTEX_POINT('',#2714);
#2714 = CARTESIAN_POINT('',(-0.4,1.7,2.4));
#2715 = LINE('',#2716,#2717);
#2716 = CARTESIAN_POINT('',(-0.4,1.7,2.4));
#2717 = VECTOR('',#2718,1.);
#2718 = DIRECTION('',(0.,0.,1.));
#2719 = ORIENTED_EDGE('',*,*,#2720,.F.);
#2720 = EDGE_CURVE('',#2721,#2713,#2723,.T.);
#2721 = VERTEX_POINT('',#2722);
#2722 = CARTESIAN_POINT('',(-1.4,1.7,2.4));
#2723 = LINE('',#2724,#2725);
#2724 = CARTESIAN_POINT('',(-1.4,1.7,2.4));
#2725 = VECTOR('',#2726,1.);
#2726 = DIRECTION('',(1.,-1.224646799147E-16,0.));
#2727 = ORIENTED_EDGE('',*,*,#2728,.F.);
#2728 = EDGE_CURVE('',#2729,#2721,#2731,.T.);
#2729 = VERTEX_POINT('',#2730);
#2730 = CARTESIAN_POINT('',(-1.4,1.7,4.2));
#2731 = LINE('',#2732,#2733);
#2732 = CARTESIAN_POINT('',(-1.4,1.7,4.2));
#2733 = VECTOR('',#2734,1.);
#2734 = DIRECTION('',(-0.,0.,-1.));
#2735 = ORIENTED_EDGE('',*,*,#2736,.F.);
#2736 = EDGE_CURVE('',#2737,#2729,#2739,.T.);
#2737 = VERTEX_POINT('',#2738);
#2738 = CARTESIAN_POINT('',(-0.95,1.7,4.2));
#2739 = LINE('',#2740,#2741);
#2740 = CARTESIAN_POINT('',(-0.4,1.7,4.2));
#2741 = VECTOR('',#2742,1.);
#2742 = DIRECTION('',(-1.,1.224646799147E-16,0.));
#2743 = ORIENTED_EDGE('',*,*,#2744,.T.);
#2744 = EDGE_CURVE('',#2737,#2745,#2747,.T.);
#2745 = VERTEX_POINT('',#2746);
#2746 = CARTESIAN_POINT('',(-0.95,1.7,6.));
#2747 = LINE('',#2748,#2749);
#2748 = CARTESIAN_POINT('',(-0.95,1.7,4.2));
#2749 = VECTOR('',#2750,1.);
#2750 = DIRECTION('',(0.,0.,1.));
#2751 = ORIENTED_EDGE('',*,*,#2752,.T.);
#2752 = EDGE_CURVE('',#2745,#2753,#2755,.T.);
#2753 = VERTEX_POINT('',#2754);
#2754 = CARTESIAN_POINT('',(-1.95,1.7,6.));
#2755 = LINE('',#2756,#2757);
#2756 = CARTESIAN_POINT('',(3.95,1.7,6.));
#2757 = VECTOR('',#2758,1.);
#2758 = DIRECTION('',(-1.,1.224646799147E-16,0.));
#2759 = ORIENTED_EDGE('',*,*,#2760,.F.);
#2760 = EDGE_CURVE('',#2761,#2753,#2763,.T.);
#2761 = VERTEX_POINT('',#2762);
#2762 = CARTESIAN_POINT('',(-1.95,1.7,0.));
#2763 = LINE('',#2764,#2765);
#2764 = CARTESIAN_POINT('',(-1.95,1.7,0.));
#2765 = VECTOR('',#2766,1.);
#2766 = DIRECTION('',(0.,0.,1.));
#2767 = ORIENTED_EDGE('',*,*,#2768,.F.);
#2768 = EDGE_CURVE('',#2769,#2761,#2771,.T.);
#2769 = VERTEX_POINT('',#2770);
#2770 = CARTESIAN_POINT('',(-0.75,1.7,0.));
#2771 = LINE('',#2772,#2773);
#2772 = CARTESIAN_POINT('',(3.95,1.7,0.));
#2773 = VECTOR('',#2774,1.);
#2774 = DIRECTION('',(-1.,1.224646799147E-16,0.));
#2775 = ORIENTED_EDGE('',*,*,#2776,.T.);
#2776 = EDGE_CURVE('',#2769,#2777,#2779,.T.);
#2777 = VERTEX_POINT('',#2778);
#2778 = CARTESIAN_POINT('',(-0.75,1.7,0.2));
#2779 = LINE('',#2780,#2781);
#2780 = CARTESIAN_POINT('',(-0.75,1.7,0.));
#2781 = VECTOR('',#2782,1.);
#2782 = DIRECTION('',(0.,0.,1.));
#2783 = ORIENTED_EDGE('',*,*,#2784,.F.);
#2784 = EDGE_CURVE('',#2785,#2777,#2787,.T.);
#2785 = VERTEX_POINT('',#2786);
#2786 = CARTESIAN_POINT('',(0.75,1.7,0.2));
#2787 = LINE('',#2788,#2789);
#2788 = CARTESIAN_POINT('',(0.75,1.7,0.2));
#2789 = VECTOR('',#2790,1.);
#2790 = DIRECTION('',(-1.,1.224646799147E-16,0.));
#2791 = ORIENTED_EDGE('',*,*,#2792,.F.);
#2792 = EDGE_CURVE('',#2793,#2785,#2795,.T.);
#2793 = VERTEX_POINT('',#2794);
#2794 = CARTESIAN_POINT('',(0.75,1.7,0.));
#2795 = LINE('',#2796,#2797);
#2796 = CARTESIAN_POINT('',(0.75,1.7,0.));
#2797 = VECTOR('',#2798,1.);
#2798 = DIRECTION('',(0.,0.,1.));
#2799 = ORIENTED_EDGE('',*,*,#2800,.F.);
#2800 = EDGE_CURVE('',#2801,#2793,#2803,.T.);
#2801 = VERTEX_POINT('',#2802);
#2802 = CARTESIAN_POINT('',(1.25,1.7,0.));
#2803 = LINE('',#2804,#2805);
#2804 = CARTESIAN_POINT('',(3.95,1.7,0.));
#2805 = VECTOR('',#2806,1.);
#2806 = DIRECTION('',(-1.,1.224646799147E-16,0.));
#2807 = ORIENTED_EDGE('',*,*,#2808,.T.);
#2808 = EDGE_CURVE('',#2801,#2809,#2811,.T.);
#2809 = VERTEX_POINT('',#2810);
#2810 = CARTESIAN_POINT('',(1.25,1.7,0.2));
#2811 = LINE('',#2812,#2813);
#2812 = CARTESIAN_POINT('',(1.25,1.7,0.));
#2813 = VECTOR('',#2814,1.);
#2814 = DIRECTION('',(0.,0.,1.));
#2815 = ORIENTED_EDGE('',*,*,#2816,.F.);
#2816 = EDGE_CURVE('',#2615,#2809,#2817,.T.);
#2817 = LINE('',#2818,#2819);
#2818 = CARTESIAN_POINT('',(2.75,1.7,0.2));
#2819 = VECTOR('',#2820,1.);
#2820 = DIRECTION('',(-1.,1.224646799147E-16,0.));
#2821 = ORIENTED_EDGE('',*,*,#2614,.F.);
#2822 = FACE_BOUND('',#2823,.F.);
#2823 = EDGE_LOOP('',(#2824,#2834,#2842,#2850));
#2824 = ORIENTED_EDGE('',*,*,#2825,.T.);
#2825 = EDGE_CURVE('',#2826,#2828,#2830,.T.);
#2826 = VERTEX_POINT('',#2827);
#2827 = CARTESIAN_POINT('',(2.4,1.7,4.2));
#2828 = VERTEX_POINT('',#2829);
#2829 = CARTESIAN_POINT('',(3.4,1.7,4.2));
#2830 = LINE('',#2831,#2832);
#2831 = CARTESIAN_POINT('',(2.4,1.7,4.2));
#2832 = VECTOR('',#2833,1.);
#2833 = DIRECTION('',(1.,-1.224646799147E-16,0.));
#2834 = ORIENTED_EDGE('',*,*,#2835,.T.);
#2835 = EDGE_CURVE('',#2828,#2836,#2838,.T.);
#2836 = VERTEX_POINT('',#2837);
#2837 = CARTESIAN_POINT('',(3.4,1.7,2.4));
#2838 = LINE('',#2839,#2840);
#2839 = CARTESIAN_POINT('',(3.4,1.7,4.2));
#2840 = VECTOR('',#2841,1.);
#2841 = DIRECTION('',(-0.,0.,-1.));
#2842 = ORIENTED_EDGE('',*,*,#2843,.T.);
#2843 = EDGE_CURVE('',#2836,#2844,#2846,.T.);
#2844 = VERTEX_POINT('',#2845);
#2845 = CARTESIAN_POINT('',(2.4,1.7,2.4));
#2846 = LINE('',#2847,#2848);
#2847 = CARTESIAN_POINT('',(3.4,1.7,2.4));
#2848 = VECTOR('',#2849,1.);
#2849 = DIRECTION('',(-1.,1.224646799147E-16,0.));
#2850 = ORIENTED_EDGE('',*,*,#2851,.T.);
#2851 = EDGE_CURVE('',#2844,#2826,#2852,.T.);
#2852 = LINE('',#2853,#2854);
#2853 = CARTESIAN_POINT('',(2.4,1.7,2.4));
#2854 = VECTOR('',#2855,1.);
#2855 = DIRECTION('',(0.,0.,1.));
#2856 = PLANE('',#2857);
#2857 = AXIS2_PLACEMENT_3D('',#2858,#2859,#2860);
#2858 = CARTESIAN_POINT('',(3.95,1.7,0.));
#2859 = DIRECTION('',(-1.224646799147E-16,-1.,0.));
#2860 = DIRECTION('',(-1.,1.224646799147E-16,0.));
#2861 = ADVANCED_FACE('',(#2862),#2896,.T.);
#2862 = FACE_BOUND('',#2863,.T.);
#2863 = EDGE_LOOP('',(#2864,#2872,#2873,#2874,#2882,#2890));
#2864 = ORIENTED_EDGE('',*,*,#2865,.F.);
#2865 = EDGE_CURVE('',#2497,#2866,#2868,.T.);
#2866 = VERTEX_POINT('',#2867);
#2867 = CARTESIAN_POINT('',(3.45,0.2,6.));
#2868 = LINE('',#2869,#2870);
#2869 = CARTESIAN_POINT('',(3.95,0.2,6.));
#2870 = VECTOR('',#2871,1.);
#2871 = DIRECTION('',(-1.,1.224646799147E-16,0.));
#2872 = ORIENTED_EDGE('',*,*,#2504,.T.);
#2873 = ORIENTED_EDGE('',*,*,#2656,.T.);
#2874 = ORIENTED_EDGE('',*,*,#2875,.T.);
#2875 = EDGE_CURVE('',#2657,#2876,#2878,.T.);
#2876 = VERTEX_POINT('',#2877);
#2877 = CARTESIAN_POINT('',(1.45,1.1,6.));
#2878 = LINE('',#2879,#2880);
#2879 = CARTESIAN_POINT('',(1.45,1.7,6.));
#2880 = VECTOR('',#2881,1.);
#2881 = DIRECTION('',(-1.224646799147E-16,-1.,0.));
#2882 = ORIENTED_EDGE('',*,*,#2883,.F.);
#2883 = EDGE_CURVE('',#2884,#2876,#2886,.T.);
#2884 = VERTEX_POINT('',#2885);
#2885 = CARTESIAN_POINT('',(3.45,1.1,6.));
#2886 = LINE('',#2887,#2888);
#2887 = CARTESIAN_POINT('',(3.45,1.1,6.));
#2888 = VECTOR('',#2889,1.);
#2889 = DIRECTION('',(-1.,1.224646799147E-16,0.));
#2890 = ORIENTED_EDGE('',*,*,#2891,.F.);
#2891 = EDGE_CURVE('',#2866,#2884,#2892,.T.);
#2892 = LINE('',#2893,#2894);
#2893 = CARTESIAN_POINT('',(3.45,-2.3,6.));
#2894 = VECTOR('',#2895,1.);
#2895 = DIRECTION('',(1.224646799147E-16,1.,0.));
#2896 = PLANE('',#2897);
#2897 = AXIS2_PLACEMENT_3D('',#2898,#2899,#2900);
#2898 = CARTESIAN_POINT('',(1.,-0.55,6.));
#2899 = DIRECTION('',(0.,0.,1.));
#2900 = DIRECTION('',(-1.,1.224646799147E-16,0.));
#2901 = ADVANCED_FACE('',(#2902),#2920,.T.);
#2902 = FACE_BOUND('',#2903,.T.);
#2903 = EDGE_LOOP('',(#2904,#2905,#2906,#2914));
#2904 = ORIENTED_EDGE('',*,*,#2496,.F.);
#2905 = ORIENTED_EDGE('',*,*,#2865,.T.);
#2906 = ORIENTED_EDGE('',*,*,#2907,.T.);
#2907 = EDGE_CURVE('',#2866,#2908,#2910,.T.);
#2908 = VERTEX_POINT('',#2909);
#2909 = CARTESIAN_POINT('',(3.45,0.2,4.4));
#2910 = LINE('',#2911,#2912);
#2911 = CARTESIAN_POINT('',(3.45,0.2,6.));
#2912 = VECTOR('',#2913,1.);
#2913 = DIRECTION('',(-0.,0.,-1.));
#2914 = ORIENTED_EDGE('',*,*,#2915,.F.);
#2915 = EDGE_CURVE('',#2488,#2908,#2916,.T.);
#2916 = LINE('',#2917,#2918);
#2917 = CARTESIAN_POINT('',(3.95,0.2,4.4));
#2918 = VECTOR('',#2919,1.);
#2919 = DIRECTION('',(-1.,1.224646799147E-16,0.));
#2920 = PLANE('',#2921);
#2921 = AXIS2_PLACEMENT_3D('',#2922,#2923,#2924);
#2922 = CARTESIAN_POINT('',(3.95,0.2,6.));
#2923 = DIRECTION('',(-1.224646799147E-16,-1.,0.));
#2924 = DIRECTION('',(-0.,0.,-1.));
#2925 = ADVANCED_FACE('',(#2926),#2945,.F.);
#2926 = FACE_BOUND('',#2927,.F.);
#2927 = EDGE_LOOP('',(#2928,#2936,#2943,#2944));
#2928 = ORIENTED_EDGE('',*,*,#2929,.T.);
#2929 = EDGE_CURVE('',#2480,#2930,#2932,.T.);
#2930 = VERTEX_POINT('',#2931);
#2931 = CARTESIAN_POINT('',(3.45,-0.6,4.4));
#2932 = LINE('',#2933,#2934);
#2933 = CARTESIAN_POINT('',(3.95,-0.6,4.4));
#2934 = VECTOR('',#2935,1.);
#2935 = DIRECTION('',(-1.,1.224646799147E-16,0.));
#2936 = ORIENTED_EDGE('',*,*,#2937,.T.);
#2937 = EDGE_CURVE('',#2930,#2908,#2938,.T.);
#2938 = CIRCLE('',#2939,0.4);
#2939 = AXIS2_PLACEMENT_3D('',#2940,#2941,#2942);
#2940 = CARTESIAN_POINT('',(3.45,-0.2,4.4));
#2941 = DIRECTION('',(1.,-1.224646799147E-16,0.));
#2942 = DIRECTION('',(1.224646799147E-16,1.,0.));
#2943 = ORIENTED_EDGE('',*,*,#2915,.F.);
#2944 = ORIENTED_EDGE('',*,*,#2487,.T.);
#2945 = CYLINDRICAL_SURFACE('',#2946,0.4);
#2946 = AXIS2_PLACEMENT_3D('',#2947,#2948,#2949);
#2947 = CARTESIAN_POINT('',(3.95,-0.2,4.4));
#2948 = DIRECTION('',(1.,-1.224646799147E-16,-0.));
#2949 = DIRECTION('',(1.224646799147E-16,1.,0.));
#2950 = ADVANCED_FACE('',(#2951),#2969,.T.);
#2951 = FACE_BOUND('',#2952,.T.);
#2952 = EDGE_LOOP('',(#2953,#2954,#2955,#2963));
#2953 = ORIENTED_EDGE('',*,*,#2479,.F.);
#2954 = ORIENTED_EDGE('',*,*,#2929,.T.);
#2955 = ORIENTED_EDGE('',*,*,#2956,.T.);
#2956 = EDGE_CURVE('',#2930,#2957,#2959,.T.);
#2957 = VERTEX_POINT('',#2958);
#2958 = CARTESIAN_POINT('',(3.45,-0.6,6.));
#2959 = LINE('',#2960,#2961);
#2960 = CARTESIAN_POINT('',(3.45,-0.6,5.2));
#2961 = VECTOR('',#2962,1.);
#2962 = DIRECTION('',(0.,0.,1.));
#2963 = ORIENTED_EDGE('',*,*,#2964,.F.);
#2964 = EDGE_CURVE('',#2472,#2957,#2965,.T.);
#2965 = LINE('',#2966,#2967);
#2966 = CARTESIAN_POINT('',(3.95,-0.6,6.));
#2967 = VECTOR('',#2968,1.);
#2968 = DIRECTION('',(-1.,1.224646799147E-16,0.));
#2969 = PLANE('',#2970);
#2970 = AXIS2_PLACEMENT_3D('',#2971,#2972,#2973);
#2971 = CARTESIAN_POINT('',(3.95,-0.6,4.4));
#2972 = DIRECTION('',(1.224646799147E-16,1.,0.));
#2973 = DIRECTION('',(0.,-0.,1.));
#2974 = ADVANCED_FACE('',(#2975),#3018,.T.);
#2975 = FACE_BOUND('',#2976,.T.);
#2976 = EDGE_LOOP('',(#2977,#2978,#2979,#2987,#2995,#3003,#3011,#3017));
#2977 = ORIENTED_EDGE('',*,*,#2471,.T.);
#2978 = ORIENTED_EDGE('',*,*,#2964,.T.);
#2979 = ORIENTED_EDGE('',*,*,#2980,.F.);
#2980 = EDGE_CURVE('',#2981,#2957,#2983,.T.);
#2981 = VERTEX_POINT('',#2982);
#2982 = CARTESIAN_POINT('',(3.45,-2.3,6.));
#2983 = LINE('',#2984,#2985);
#2984 = CARTESIAN_POINT('',(3.45,-2.3,6.));
#2985 = VECTOR('',#2986,1.);
#2986 = DIRECTION('',(1.224646799147E-16,1.,0.));
#2987 = ORIENTED_EDGE('',*,*,#2988,.F.);
#2988 = EDGE_CURVE('',#2989,#2981,#2991,.T.);
#2989 = VERTEX_POINT('',#2990);
#2990 = CARTESIAN_POINT('',(-1.45,-2.3,6.));
#2991 = LINE('',#2992,#2993);
#2992 = CARTESIAN_POINT('',(-1.45,-2.3,6.));
#2993 = VECTOR('',#2994,1.);
#2994 = DIRECTION('',(1.,-1.224646799147E-16,0.));
#2995 = ORIENTED_EDGE('',*,*,#2996,.F.);
#2996 = EDGE_CURVE('',#2997,#2989,#2999,.T.);
#2997 = VERTEX_POINT('',#2998);
#2998 = CARTESIAN_POINT('',(-1.45,-0.6,6.));
#2999 = LINE('',#3000,#3001);
#3000 = CARTESIAN_POINT('',(-1.45,1.1,6.));
#3001 = VECTOR('',#3002,1.);
#3002 = DIRECTION('',(-1.224646799147E-16,-1.,0.));
#3003 = ORIENTED_EDGE('',*,*,#3004,.T.);
#3004 = EDGE_CURVE('',#2997,#3005,#3007,.T.);
#3005 = VERTEX_POINT('',#3006);
#3006 = CARTESIAN_POINT('',(-1.95,-0.6,6.));
#3007 = LINE('',#3008,#3009);
#3008 = CARTESIAN_POINT('',(3.95,-0.6,6.));
#3009 = VECTOR('',#3010,1.);
#3010 = DIRECTION('',(-1.,1.224646799147E-16,0.));
#3011 = ORIENTED_EDGE('',*,*,#3012,.T.);
#3012 = EDGE_CURVE('',#3005,#2537,#3013,.T.);
#3013 = LINE('',#3014,#3015);
#3014 = CARTESIAN_POINT('',(-1.95,1.7,6.));
#3015 = VECTOR('',#3016,1.);
#3016 = DIRECTION('',(-1.224646799147E-16,-1.,0.));
#3017 = ORIENTED_EDGE('',*,*,#2544,.T.);
#3018 = PLANE('',#3019);
#3019 = AXIS2_PLACEMENT_3D('',#3020,#3021,#3022);
#3020 = CARTESIAN_POINT('',(1.,-0.55,6.));
#3021 = DIRECTION('',(0.,0.,1.));
#3022 = DIRECTION('',(-1.,1.224646799147E-16,0.));
#3023 = ADVANCED_FACE('',(#3024),#3040,.F.);
#3024 = FACE_BOUND('',#3025,.F.);
#3025 = EDGE_LOOP('',(#3026,#3027,#3033,#3034));
#3026 = ORIENTED_EDGE('',*,*,#2526,.T.);
#3027 = ORIENTED_EDGE('',*,*,#3028,.T.);
#3028 = EDGE_CURVE('',#2529,#2769,#3029,.T.);
#3029 = LINE('',#3030,#3031);
#3030 = CARTESIAN_POINT('',(-0.75,-2.8,0.));
#3031 = VECTOR('',#3032,1.);
#3032 = DIRECTION('',(1.224646799147E-16,1.,0.));
#3033 = ORIENTED_EDGE('',*,*,#2768,.T.);
#3034 = ORIENTED_EDGE('',*,*,#3035,.T.);
#3035 = EDGE_CURVE('',#2761,#2527,#3036,.T.);
#3036 = LINE('',#3037,#3038);
#3037 = CARTESIAN_POINT('',(-1.95,1.7,0.));
#3038 = VECTOR('',#3039,1.);
#3039 = DIRECTION('',(-1.224646799147E-16,-1.,0.));
#3040 = PLANE('',#3041);
#3041 = AXIS2_PLACEMENT_3D('',#3042,#3043,#3044);
#3042 = CARTESIAN_POINT('',(1.,-0.55,0.));
#3043 = DIRECTION('',(0.,0.,1.));
#3044 = DIRECTION('',(-1.,1.224646799147E-16,0.));
#3045 = ADVANCED_FACE('',(#3046),#3073,.T.);
#3046 = FACE_BOUND('',#3047,.T.);
#3047 = EDGE_LOOP('',(#3048,#3049,#3057,#3065,#3071,#3072));
#3048 = ORIENTED_EDGE('',*,*,#2776,.T.);
#3049 = ORIENTED_EDGE('',*,*,#3050,.T.);
#3050 = EDGE_CURVE('',#2777,#3051,#3053,.T.);
#3051 = VERTEX_POINT('',#3052);
#3052 = CARTESIAN_POINT('',(-0.75,0.5,0.1));
#3053 = LINE('',#3054,#3055);
#3054 = CARTESIAN_POINT('',(-0.75,1.7,0.2));
#3055 = VECTOR('',#3056,1.);
#3056 = DIRECTION('',(-1.220416573038E-16,-0.996545758245,
    -8.304547985373E-02));
#3057 = ORIENTED_EDGE('',*,*,#3058,.T.);
#3058 = EDGE_CURVE('',#3051,#3059,#3061,.T.);
#3059 = VERTEX_POINT('',#3060);
#3060 = CARTESIAN_POINT('',(-0.75,-0.5,0.1));
#3061 = LINE('',#3062,#3063);
#3062 = CARTESIAN_POINT('',(-0.75,0.5,0.1));
#3063 = VECTOR('',#3064,1.);
#3064 = DIRECTION('',(-1.224646799147E-16,-1.,0.));
#3065 = ORIENTED_EDGE('',*,*,#3066,.T.);
#3066 = EDGE_CURVE('',#3059,#2593,#3067,.T.);
#3067 = LINE('',#3068,#3069);
#3068 = CARTESIAN_POINT('',(-0.75,-0.5,0.1));
#3069 = VECTOR('',#3070,1.);
#3070 = DIRECTION('',(-1.223490926498E-16,-0.999056158355,
    4.343722427631E-02));
#3071 = ORIENTED_EDGE('',*,*,#2600,.T.);
#3072 = ORIENTED_EDGE('',*,*,#3028,.T.);
#3073 = PLANE('',#3074);
#3074 = AXIS2_PLACEMENT_3D('',#3075,#3076,#3077);
#3075 = CARTESIAN_POINT('',(-0.75,-0.549524476701,7.07980355453E-02));
#3076 = DIRECTION('',(1.,-1.224646799147E-16,-0.));
#3077 = DIRECTION('',(-0.,0.,-1.));
#3078 = ADVANCED_FACE('',(#3079),#3097,.F.);
#3079 = FACE_BOUND('',#3080,.F.);
#3080 = EDGE_LOOP('',(#3081,#3089,#3090,#3091));
#3081 = ORIENTED_EDGE('',*,*,#3082,.T.);
#3082 = EDGE_CURVE('',#3083,#3059,#3085,.T.);
#3083 = VERTEX_POINT('',#3084);
#3084 = CARTESIAN_POINT('',(0.75,-0.5,0.1));
#3085 = LINE('',#3086,#3087);
#3086 = CARTESIAN_POINT('',(0.75,-0.5,0.1));
#3087 = VECTOR('',#3088,1.);
#3088 = DIRECTION('',(-1.,1.224646799147E-16,0.));
#3089 = ORIENTED_EDGE('',*,*,#3066,.T.);
#3090 = ORIENTED_EDGE('',*,*,#2592,.F.);
#3091 = ORIENTED_EDGE('',*,*,#3092,.F.);
#3092 = EDGE_CURVE('',#3083,#2585,#3093,.T.);
#3093 = LINE('',#3094,#3095);
#3094 = CARTESIAN_POINT('',(0.75,-0.5,0.1));
#3095 = VECTOR('',#3096,1.);
#3096 = DIRECTION('',(-1.223490926498E-16,-0.999056158355,
    4.343722427631E-02));
#3097 = PLANE('',#3098);
#3098 = AXIS2_PLACEMENT_3D('',#3099,#3100,#3101);
#3099 = CARTESIAN_POINT('',(0.75,-0.5,0.1));
#3100 = DIRECTION('',(5.319525767383E-18,4.343722427631E-02,
    0.999056158355));
#3101 = DIRECTION('',(-1.223490926498E-16,-0.999056158355,
    4.343722427631E-02));
#3102 = ADVANCED_FACE('',(#3103),#3128,.F.);
#3103 = FACE_BOUND('',#3104,.F.);
#3104 = EDGE_LOOP('',(#3105,#3106,#3114,#3120,#3121,#3122));
#3105 = ORIENTED_EDGE('',*,*,#2792,.T.);
#3106 = ORIENTED_EDGE('',*,*,#3107,.T.);
#3107 = EDGE_CURVE('',#2785,#3108,#3110,.T.);
#3108 = VERTEX_POINT('',#3109);
#3109 = CARTESIAN_POINT('',(0.75,0.5,0.1));
#3110 = LINE('',#3111,#3112);
#3111 = CARTESIAN_POINT('',(0.75,1.7,0.2));
#3112 = VECTOR('',#3113,1.);
#3113 = DIRECTION('',(-1.220416573038E-16,-0.996545758245,
    -8.304547985373E-02));
#3114 = ORIENTED_EDGE('',*,*,#3115,.T.);
#3115 = EDGE_CURVE('',#3108,#3083,#3116,.T.);
#3116 = LINE('',#3117,#3118);
#3117 = CARTESIAN_POINT('',(0.75,0.5,0.1));
#3118 = VECTOR('',#3119,1.);
#3119 = DIRECTION('',(-1.224646799147E-16,-1.,0.));
#3120 = ORIENTED_EDGE('',*,*,#3092,.T.);
#3121 = ORIENTED_EDGE('',*,*,#2584,.T.);
#3122 = ORIENTED_EDGE('',*,*,#3123,.T.);
#3123 = EDGE_CURVE('',#2577,#2793,#3124,.T.);
#3124 = LINE('',#3125,#3126);
#3125 = CARTESIAN_POINT('',(0.75,-2.8,0.));
#3126 = VECTOR('',#3127,1.);
#3127 = DIRECTION('',(1.224646799147E-16,1.,0.));
#3128 = PLANE('',#3129);
#3129 = AXIS2_PLACEMENT_3D('',#3130,#3131,#3132);
#3130 = CARTESIAN_POINT('',(0.75,-0.549524476701,7.07980355453E-02));
#3131 = DIRECTION('',(1.,-1.224646799147E-16,-0.));
#3132 = DIRECTION('',(-0.,0.,-1.));
#3133 = ADVANCED_FACE('',(#3134),#3145,.F.);
#3134 = FACE_BOUND('',#3135,.F.);
#3135 = EDGE_LOOP('',(#3136,#3137,#3143,#3144));
#3136 = ORIENTED_EDGE('',*,*,#2576,.T.);
#3137 = ORIENTED_EDGE('',*,*,#3138,.T.);
#3138 = EDGE_CURVE('',#2569,#2801,#3139,.T.);
#3139 = LINE('',#3140,#3141);
#3140 = CARTESIAN_POINT('',(1.25,-2.8,0.));
#3141 = VECTOR('',#3142,1.);
#3142 = DIRECTION('',(1.224646799147E-16,1.,0.));
#3143 = ORIENTED_EDGE('',*,*,#2800,.T.);
#3144 = ORIENTED_EDGE('',*,*,#3123,.F.);
#3145 = PLANE('',#3146);
#3146 = AXIS2_PLACEMENT_3D('',#3147,#3148,#3149);
#3147 = CARTESIAN_POINT('',(1.,-0.55,0.));
#3148 = DIRECTION('',(0.,0.,1.));
#3149 = DIRECTION('',(-1.,1.224646799147E-16,0.));
#3150 = ADVANCED_FACE('',(#3151),#3178,.T.);
#3151 = FACE_BOUND('',#3152,.T.);
#3152 = EDGE_LOOP('',(#3153,#3154,#3162,#3170,#3176,#3177));
#3153 = ORIENTED_EDGE('',*,*,#2808,.T.);
#3154 = ORIENTED_EDGE('',*,*,#3155,.T.);
#3155 = EDGE_CURVE('',#2809,#3156,#3158,.T.);
#3156 = VERTEX_POINT('',#3157);
#3157 = CARTESIAN_POINT('',(1.25,0.5,0.1));
#3158 = LINE('',#3159,#3160);
#3159 = CARTESIAN_POINT('',(1.25,1.7,0.2));
#3160 = VECTOR('',#3161,1.);
#3161 = DIRECTION('',(-1.220416573038E-16,-0.996545758245,
    -8.304547985373E-02));
#3162 = ORIENTED_EDGE('',*,*,#3163,.T.);
#3163 = EDGE_CURVE('',#3156,#3164,#3166,.T.);
#3164 = VERTEX_POINT('',#3165);
#3165 = CARTESIAN_POINT('',(1.25,-0.5,0.1));
#3166 = LINE('',#3167,#3168);
#3167 = CARTESIAN_POINT('',(1.25,0.5,0.1));
#3168 = VECTOR('',#3169,1.);
#3169 = DIRECTION('',(-1.224646799147E-16,-1.,0.));
#3170 = ORIENTED_EDGE('',*,*,#3171,.T.);
#3171 = EDGE_CURVE('',#3164,#2561,#3172,.T.);
#3172 = LINE('',#3173,#3174);
#3173 = CARTESIAN_POINT('',(1.25,-0.5,0.1));
#3174 = VECTOR('',#3175,1.);
#3175 = DIRECTION('',(-1.223490926498E-16,-0.999056158355,
    4.343722427631E-02));
#3176 = ORIENTED_EDGE('',*,*,#2568,.T.);
#3177 = ORIENTED_EDGE('',*,*,#3138,.T.);
#3178 = PLANE('',#3179);
#3179 = AXIS2_PLACEMENT_3D('',#3180,#3181,#3182);
#3180 = CARTESIAN_POINT('',(1.25,-0.549524476701,7.07980355453E-02));
#3181 = DIRECTION('',(1.,-1.224646799147E-16,-0.));
#3182 = DIRECTION('',(-0.,0.,-1.));
#3183 = ADVANCED_FACE('',(#3184),#3195,.F.);
#3184 = FACE_BOUND('',#3185,.F.);
#3185 = EDGE_LOOP('',(#3186,#3192,#3193,#3194));
#3186 = ORIENTED_EDGE('',*,*,#3187,.T.);
#3187 = EDGE_CURVE('',#2631,#3164,#3188,.T.);
#3188 = LINE('',#3189,#3190);
#3189 = CARTESIAN_POINT('',(2.75,-0.5,0.1));
#3190 = VECTOR('',#3191,1.);
#3191 = DIRECTION('',(-1.,1.224646799147E-16,0.));
#3192 = ORIENTED_EDGE('',*,*,#3171,.T.);
#3193 = ORIENTED_EDGE('',*,*,#2560,.F.);
#3194 = ORIENTED_EDGE('',*,*,#2638,.F.);
#3195 = PLANE('',#3196);
#3196 = AXIS2_PLACEMENT_3D('',#3197,#3198,#3199);
#3197 = CARTESIAN_POINT('',(2.75,-0.5,0.1));
#3198 = DIRECTION('',(5.319525767383E-18,4.343722427631E-02,
    0.999056158355));
#3199 = DIRECTION('',(-1.223490926498E-16,-0.999056158355,
    4.343722427631E-02));
#3200 = ADVANCED_FACE('',(#3201),#3238,.F.);
#3201 = FACE_BOUND('',#3202,.F.);
#3202 = EDGE_LOOP('',(#3203,#3204,#3205,#3213,#3221,#3230,#3236,#3237));
#3203 = ORIENTED_EDGE('',*,*,#3035,.F.);
#3204 = ORIENTED_EDGE('',*,*,#2760,.T.);
#3205 = ORIENTED_EDGE('',*,*,#3206,.T.);
#3206 = EDGE_CURVE('',#2753,#3207,#3209,.T.);
#3207 = VERTEX_POINT('',#3208);
#3208 = CARTESIAN_POINT('',(-1.95,0.2,6.));
#3209 = LINE('',#3210,#3211);
#3210 = CARTESIAN_POINT('',(-1.95,1.7,6.));
#3211 = VECTOR('',#3212,1.);
#3212 = DIRECTION('',(-1.224646799147E-16,-1.,0.));
#3213 = ORIENTED_EDGE('',*,*,#3214,.T.);
#3214 = EDGE_CURVE('',#3207,#3215,#3217,.T.);
#3215 = VERTEX_POINT('',#3216);
#3216 = CARTESIAN_POINT('',(-1.95,0.2,4.4));
#3217 = LINE('',#3218,#3219);
#3218 = CARTESIAN_POINT('',(-1.95,0.2,3.));
#3219 = VECTOR('',#3220,1.);
#3220 = DIRECTION('',(-0.,0.,-1.));
#3221 = ORIENTED_EDGE('',*,*,#3222,.F.);
#3222 = EDGE_CURVE('',#3223,#3215,#3225,.T.);
#3223 = VERTEX_POINT('',#3224);
#3224 = CARTESIAN_POINT('',(-1.95,-0.6,4.4));
#3225 = CIRCLE('',#3226,0.4);
#3226 = AXIS2_PLACEMENT_3D('',#3227,#3228,#3229);
#3227 = CARTESIAN_POINT('',(-1.95,-0.2,4.4));
#3228 = DIRECTION('',(1.,-1.224646799147E-16,0.));
#3229 = DIRECTION('',(1.224646799147E-16,1.,0.));
#3230 = ORIENTED_EDGE('',*,*,#3231,.T.);
#3231 = EDGE_CURVE('',#3223,#3005,#3232,.T.);
#3232 = LINE('',#3233,#3234);
#3233 = CARTESIAN_POINT('',(-1.95,-0.6,2.2));
#3234 = VECTOR('',#3235,1.);
#3235 = DIRECTION('',(0.,0.,1.));
#3236 = ORIENTED_EDGE('',*,*,#3012,.T.);
#3237 = ORIENTED_EDGE('',*,*,#2536,.F.);
#3238 = PLANE('',#3239);
#3239 = AXIS2_PLACEMENT_3D('',#3240,#3241,#3242);
#3240 = CARTESIAN_POINT('',(-1.95,1.7,0.));
#3241 = DIRECTION('',(1.,-1.224646799147E-16,0.));
#3242 = DIRECTION('',(-1.224646799147E-16,-1.,0.));
#3243 = ADVANCED_FACE('',(#3244),#3255,.F.);
#3244 = FACE_BOUND('',#3245,.F.);
#3245 = EDGE_LOOP('',(#3246,#3247,#3248,#3254));
#3246 = ORIENTED_EDGE('',*,*,#2816,.T.);
#3247 = ORIENTED_EDGE('',*,*,#3155,.T.);
#3248 = ORIENTED_EDGE('',*,*,#3249,.F.);
#3249 = EDGE_CURVE('',#2623,#3156,#3250,.T.);
#3250 = LINE('',#3251,#3252);
#3251 = CARTESIAN_POINT('',(2.75,0.5,0.1));
#3252 = VECTOR('',#3253,1.);
#3253 = DIRECTION('',(-1.,1.224646799147E-16,0.));
#3254 = ORIENTED_EDGE('',*,*,#2622,.F.);
#3255 = PLANE('',#3256);
#3256 = AXIS2_PLACEMENT_3D('',#3257,#3258,#3259);
#3257 = CARTESIAN_POINT('',(2.75,1.7,0.2));
#3258 = DIRECTION('',(-1.017013810865E-17,-8.304547985373E-02,
    0.996545758245));
#3259 = DIRECTION('',(-1.220416573038E-16,-0.996545758245,
    -8.304547985373E-02));
#3260 = ADVANCED_FACE('',(#3261,#3267),#3301,.F.);
#3261 = FACE_BOUND('',#3262,.F.);
#3262 = EDGE_LOOP('',(#3263,#3264,#3265,#3266));
#3263 = ORIENTED_EDGE('',*,*,#3249,.T.);
#3264 = ORIENTED_EDGE('',*,*,#3163,.T.);
#3265 = ORIENTED_EDGE('',*,*,#3187,.F.);
#3266 = ORIENTED_EDGE('',*,*,#2630,.F.);
#3267 = FACE_BOUND('',#3268,.F.);
#3268 = EDGE_LOOP('',(#3269,#3279,#3287,#3295));
#3269 = ORIENTED_EDGE('',*,*,#3270,.T.);
#3270 = EDGE_CURVE('',#3271,#3273,#3275,.T.);
#3271 = VERTEX_POINT('',#3272);
#3272 = CARTESIAN_POINT('',(1.75,0.25,0.1));
#3273 = VERTEX_POINT('',#3274);
#3274 = CARTESIAN_POINT('',(2.25,0.25,0.1));
#3275 = LINE('',#3276,#3277);
#3276 = CARTESIAN_POINT('',(2.5,0.25,0.1));
#3277 = VECTOR('',#3278,1.);
#3278 = DIRECTION('',(1.,-1.224646799147E-16,0.));
#3279 = ORIENTED_EDGE('',*,*,#3280,.T.);
#3280 = EDGE_CURVE('',#3273,#3281,#3283,.T.);
#3281 = VERTEX_POINT('',#3282);
#3282 = CARTESIAN_POINT('',(2.25,-0.25,0.1));
#3283 = LINE('',#3284,#3285);
#3284 = CARTESIAN_POINT('',(2.25,0.271633216363,0.1));
#3285 = VECTOR('',#3286,1.);
#3286 = DIRECTION('',(-1.224646799147E-16,-1.,0.));
#3287 = ORIENTED_EDGE('',*,*,#3288,.T.);
#3288 = EDGE_CURVE('',#3281,#3289,#3291,.T.);
#3289 = VERTEX_POINT('',#3290);
#3290 = CARTESIAN_POINT('',(1.75,-0.25,0.1));
#3291 = LINE('',#3292,#3293);
#3292 = CARTESIAN_POINT('',(2.5,-0.25,0.1));
#3293 = VECTOR('',#3294,1.);
#3294 = DIRECTION('',(-1.,1.224646799147E-16,0.));
#3295 = ORIENTED_EDGE('',*,*,#3296,.F.);
#3296 = EDGE_CURVE('',#3271,#3289,#3297,.T.);
#3297 = LINE('',#3298,#3299);
#3298 = CARTESIAN_POINT('',(1.75,0.271633216363,0.1));
#3299 = VECTOR('',#3300,1.);
#3300 = DIRECTION('',(-1.224646799147E-16,-1.,0.));
#3301 = PLANE('',#3302);
#3302 = AXIS2_PLACEMENT_3D('',#3303,#3304,#3305);
#3303 = CARTESIAN_POINT('',(2.75,0.5,0.1));
#3304 = DIRECTION('',(0.,0.,1.));
#3305 = DIRECTION('',(-1.224646799147E-16,-1.,0.));
#3306 = ADVANCED_FACE('',(#3307),#3318,.F.);
#3307 = FACE_BOUND('',#3308,.F.);
#3308 = EDGE_LOOP('',(#3309,#3310,#3311,#3317));
#3309 = ORIENTED_EDGE('',*,*,#2784,.T.);
#3310 = ORIENTED_EDGE('',*,*,#3050,.T.);
#3311 = ORIENTED_EDGE('',*,*,#3312,.F.);
#3312 = EDGE_CURVE('',#3108,#3051,#3313,.T.);
#3313 = LINE('',#3314,#3315);
#3314 = CARTESIAN_POINT('',(0.75,0.5,0.1));
#3315 = VECTOR('',#3316,1.);
#3316 = DIRECTION('',(-1.,1.224646799147E-16,0.));
#3317 = ORIENTED_EDGE('',*,*,#3107,.F.);
#3318 = PLANE('',#3319);
#3319 = AXIS2_PLACEMENT_3D('',#3320,#3321,#3322);
#3320 = CARTESIAN_POINT('',(0.75,1.7,0.2));
#3321 = DIRECTION('',(-1.017013810865E-17,-8.304547985373E-02,
    0.996545758245));
#3322 = DIRECTION('',(-1.220416573038E-16,-0.996545758245,
    -8.304547985373E-02));
#3323 = ADVANCED_FACE('',(#3324),#3381,.T.);
#3324 = FACE_BOUND('',#3325,.T.);
#3325 = EDGE_LOOP('',(#3326,#3334,#3335,#3343,#3351,#3357,#3358,#3359,
    #3367,#3375));
#3326 = ORIENTED_EDGE('',*,*,#3327,.F.);
#3327 = EDGE_CURVE('',#2681,#3328,#3330,.T.);
#3328 = VERTEX_POINT('',#3329);
#3329 = CARTESIAN_POINT('',(0.55,1.1,6.));
#3330 = LINE('',#3331,#3332);
#3331 = CARTESIAN_POINT('',(0.55,1.7,6.));
#3332 = VECTOR('',#3333,1.);
#3333 = DIRECTION('',(-1.224646799147E-16,-1.,0.));
#3334 = ORIENTED_EDGE('',*,*,#2688,.T.);
#3335 = ORIENTED_EDGE('',*,*,#3336,.T.);
#3336 = EDGE_CURVE('',#2689,#3337,#3339,.T.);
#3337 = VERTEX_POINT('',#3338);
#3338 = CARTESIAN_POINT('',(-0.45,1.75,6.));
#3339 = LINE('',#3340,#3341);
#3340 = CARTESIAN_POINT('',(-0.45,1.7,6.));
#3341 = VECTOR('',#3342,1.);
#3342 = DIRECTION('',(1.224646799147E-16,1.,0.));
#3343 = ORIENTED_EDGE('',*,*,#3344,.T.);
#3344 = EDGE_CURVE('',#3337,#3345,#3347,.T.);
#3345 = VERTEX_POINT('',#3346);
#3346 = CARTESIAN_POINT('',(-0.95,1.75,6.));
#3347 = LINE('',#3348,#3349);
#3348 = CARTESIAN_POINT('',(-0.45,1.75,6.));
#3349 = VECTOR('',#3350,1.);
#3350 = DIRECTION('',(-1.,1.224646799147E-16,0.));
#3351 = ORIENTED_EDGE('',*,*,#3352,.T.);
#3352 = EDGE_CURVE('',#3345,#2745,#3353,.T.);
#3353 = LINE('',#3354,#3355);
#3354 = CARTESIAN_POINT('',(-0.95,1.75,6.));
#3355 = VECTOR('',#3356,1.);
#3356 = DIRECTION('',(-1.224646799147E-16,-1.,0.));
#3357 = ORIENTED_EDGE('',*,*,#2752,.T.);
#3358 = ORIENTED_EDGE('',*,*,#3206,.T.);
#3359 = ORIENTED_EDGE('',*,*,#3360,.F.);
#3360 = EDGE_CURVE('',#3361,#3207,#3363,.T.);
#3361 = VERTEX_POINT('',#3362);
#3362 = CARTESIAN_POINT('',(-1.45,0.2,6.));
#3363 = LINE('',#3364,#3365);
#3364 = CARTESIAN_POINT('',(3.95,0.2,6.));
#3365 = VECTOR('',#3366,1.);
#3366 = DIRECTION('',(-1.,1.224646799147E-16,0.));
#3367 = ORIENTED_EDGE('',*,*,#3368,.F.);
#3368 = EDGE_CURVE('',#3369,#3361,#3371,.T.);
#3369 = VERTEX_POINT('',#3370);
#3370 = CARTESIAN_POINT('',(-1.45,1.1,6.));
#3371 = LINE('',#3372,#3373);
#3372 = CARTESIAN_POINT('',(-1.45,1.1,6.));
#3373 = VECTOR('',#3374,1.);
#3374 = DIRECTION('',(-1.224646799147E-16,-1.,0.));
#3375 = ORIENTED_EDGE('',*,*,#3376,.F.);
#3376 = EDGE_CURVE('',#3328,#3369,#3377,.T.);
#3377 = LINE('',#3378,#3379);
#3378 = CARTESIAN_POINT('',(3.45,1.1,6.));
#3379 = VECTOR('',#3380,1.);
#3380 = DIRECTION('',(-1.,1.224646799147E-16,0.));
#3381 = PLANE('',#3382);
#3382 = AXIS2_PLACEMENT_3D('',#3383,#3384,#3385);
#3383 = CARTESIAN_POINT('',(-0.922222222222,1.18487654321,6.));
#3384 = DIRECTION('',(0.,0.,1.));
#3385 = DIRECTION('',(-1.,1.224646799147E-16,0.));
#3386 = ADVANCED_FACE('',(#3387),#3405,.F.);
#3387 = FACE_BOUND('',#3388,.F.);
#3388 = EDGE_LOOP('',(#3389,#3397,#3398,#3399));
#3389 = ORIENTED_EDGE('',*,*,#3390,.T.);
#3390 = EDGE_CURVE('',#3391,#3345,#3393,.T.);
#3391 = VERTEX_POINT('',#3392);
#3392 = CARTESIAN_POINT('',(-0.95,1.75,4.2));
#3393 = LINE('',#3394,#3395);
#3394 = CARTESIAN_POINT('',(-0.95,1.75,4.2));
#3395 = VECTOR('',#3396,1.);
#3396 = DIRECTION('',(0.,0.,1.));
#3397 = ORIENTED_EDGE('',*,*,#3352,.T.);
#3398 = ORIENTED_EDGE('',*,*,#2744,.F.);
#3399 = ORIENTED_EDGE('',*,*,#3400,.F.);
#3400 = EDGE_CURVE('',#3391,#2737,#3401,.T.);
#3401 = LINE('',#3402,#3403);
#3402 = CARTESIAN_POINT('',(-0.95,1.75,4.2));
#3403 = VECTOR('',#3404,1.);
#3404 = DIRECTION('',(-1.224646799147E-16,-1.,0.));
#3405 = PLANE('',#3406);
#3406 = AXIS2_PLACEMENT_3D('',#3407,#3408,#3409);
#3407 = CARTESIAN_POINT('',(-0.95,1.75,4.2));
#3408 = DIRECTION('',(1.,-1.224646799147E-16,0.));
#3409 = DIRECTION('',(-1.224646799147E-16,-1.,0.));
#3410 = ADVANCED_FACE('',(#3411),#3452,.T.);
#3411 = FACE_BOUND('',#3412,.T.);
#3412 = EDGE_LOOP('',(#3413,#3414,#3422,#3430,#3436,#3437,#3438,#3446));
#3413 = ORIENTED_EDGE('',*,*,#2704,.F.);
#3414 = ORIENTED_EDGE('',*,*,#3415,.T.);
#3415 = EDGE_CURVE('',#2705,#3416,#3418,.T.);
#3416 = VERTEX_POINT('',#3417);
#3417 = CARTESIAN_POINT('',(-0.4,1.1,4.2));
#3418 = LINE('',#3419,#3420);
#3419 = CARTESIAN_POINT('',(-0.4,1.7,4.2));
#3420 = VECTOR('',#3421,1.);
#3421 = DIRECTION('',(-1.224646799147E-16,-1.,0.));
#3422 = ORIENTED_EDGE('',*,*,#3423,.T.);
#3423 = EDGE_CURVE('',#3416,#3424,#3426,.T.);
#3424 = VERTEX_POINT('',#3425);
#3425 = CARTESIAN_POINT('',(-1.4,1.1,4.2));
#3426 = LINE('',#3427,#3428);
#3427 = CARTESIAN_POINT('',(1.525,1.1,4.2));
#3428 = VECTOR('',#3429,1.);
#3429 = DIRECTION('',(-1.,1.224646799147E-16,0.));
#3430 = ORIENTED_EDGE('',*,*,#3431,.F.);
#3431 = EDGE_CURVE('',#2729,#3424,#3432,.T.);
#3432 = LINE('',#3433,#3434);
#3433 = CARTESIAN_POINT('',(-1.4,1.7,4.2));
#3434 = VECTOR('',#3435,1.);
#3435 = DIRECTION('',(-1.224646799147E-16,-1.,0.));
#3436 = ORIENTED_EDGE('',*,*,#2736,.F.);
#3437 = ORIENTED_EDGE('',*,*,#3400,.F.);
#3438 = ORIENTED_EDGE('',*,*,#3439,.F.);
#3439 = EDGE_CURVE('',#3440,#3391,#3442,.T.);
#3440 = VERTEX_POINT('',#3441);
#3441 = CARTESIAN_POINT('',(-0.45,1.75,4.2));
#3442 = LINE('',#3443,#3444);
#3443 = CARTESIAN_POINT('',(-0.45,1.75,4.2));
#3444 = VECTOR('',#3445,1.);
#3445 = DIRECTION('',(-1.,1.224646799147E-16,0.));
#3446 = ORIENTED_EDGE('',*,*,#3447,.F.);
#3447 = EDGE_CURVE('',#2697,#3440,#3448,.T.);
#3448 = LINE('',#3449,#3450);
#3449 = CARTESIAN_POINT('',(-0.45,1.7,4.2));
#3450 = VECTOR('',#3451,1.);
#3451 = DIRECTION('',(1.224646799147E-16,1.,0.));
#3452 = PLANE('',#3453);
#3453 = AXIS2_PLACEMENT_3D('',#3454,#3455,#3456);
#3454 = CARTESIAN_POINT('',(-0.893939393939,1.417424242424,4.2));
#3455 = DIRECTION('',(-2.590322521168E-30,-2.221330562073E-31,-1.));
#3456 = DIRECTION('',(1.,-1.224646799147E-16,-2.590322521168E-30));
#3457 = ADVANCED_FACE('',(#3458),#3476,.T.);
#3458 = FACE_BOUND('',#3459,.T.);
#3459 = EDGE_LOOP('',(#3460,#3461,#3462,#3470));
#3460 = ORIENTED_EDGE('',*,*,#2728,.F.);
#3461 = ORIENTED_EDGE('',*,*,#3431,.T.);
#3462 = ORIENTED_EDGE('',*,*,#3463,.T.);
#3463 = EDGE_CURVE('',#3424,#3464,#3466,.T.);
#3464 = VERTEX_POINT('',#3465);
#3465 = CARTESIAN_POINT('',(-1.4,1.1,2.4));
#3466 = LINE('',#3467,#3468);
#3467 = CARTESIAN_POINT('',(-1.4,1.1,5.1));
#3468 = VECTOR('',#3469,1.);
#3469 = DIRECTION('',(-0.,0.,-1.));
#3470 = ORIENTED_EDGE('',*,*,#3471,.F.);
#3471 = EDGE_CURVE('',#2721,#3464,#3472,.T.);
#3472 = LINE('',#3473,#3474);
#3473 = CARTESIAN_POINT('',(-1.4,1.7,2.4));
#3474 = VECTOR('',#3475,1.);
#3475 = DIRECTION('',(-1.224646799147E-16,-1.,0.));
#3476 = PLANE('',#3477);
#3477 = AXIS2_PLACEMENT_3D('',#3478,#3479,#3480);
#3478 = CARTESIAN_POINT('',(-1.4,1.7,4.2));
#3479 = DIRECTION('',(1.,-1.224646799147E-16,-0.));
#3480 = DIRECTION('',(-0.,0.,-1.));
#3481 = ADVANCED_FACE('',(#3482),#3500,.T.);
#3482 = FACE_BOUND('',#3483,.T.);
#3483 = EDGE_LOOP('',(#3484,#3485,#3486,#3494));
#3484 = ORIENTED_EDGE('',*,*,#2720,.F.);
#3485 = ORIENTED_EDGE('',*,*,#3471,.T.);
#3486 = ORIENTED_EDGE('',*,*,#3487,.T.);
#3487 = EDGE_CURVE('',#3464,#3488,#3490,.T.);
#3488 = VERTEX_POINT('',#3489);
#3489 = CARTESIAN_POINT('',(-0.4,1.1,2.4));
#3490 = LINE('',#3491,#3492);
#3491 = CARTESIAN_POINT('',(1.025,1.1,2.4));
#3492 = VECTOR('',#3493,1.);
#3493 = DIRECTION('',(1.,-1.224646799147E-16,0.));
#3494 = ORIENTED_EDGE('',*,*,#3495,.F.);
#3495 = EDGE_CURVE('',#2713,#3488,#3496,.T.);
#3496 = LINE('',#3497,#3498);
#3497 = CARTESIAN_POINT('',(-0.4,1.7,2.4));
#3498 = VECTOR('',#3499,1.);
#3499 = DIRECTION('',(-1.224646799147E-16,-1.,0.));
#3500 = PLANE('',#3501);
#3501 = AXIS2_PLACEMENT_3D('',#3502,#3503,#3504);
#3502 = CARTESIAN_POINT('',(-1.4,1.7,2.4));
#3503 = DIRECTION('',(0.,0.,1.));
#3504 = DIRECTION('',(1.,-1.224646799147E-16,0.));
#3505 = ADVANCED_FACE('',(#3506),#3517,.T.);
#3506 = FACE_BOUND('',#3507,.T.);
#3507 = EDGE_LOOP('',(#3508,#3509,#3510,#3516));
#3508 = ORIENTED_EDGE('',*,*,#2712,.F.);
#3509 = ORIENTED_EDGE('',*,*,#3495,.T.);
#3510 = ORIENTED_EDGE('',*,*,#3511,.T.);
#3511 = EDGE_CURVE('',#3488,#3416,#3512,.T.);
#3512 = LINE('',#3513,#3514);
#3513 = CARTESIAN_POINT('',(-0.4,1.1,4.2));
#3514 = VECTOR('',#3515,1.);
#3515 = DIRECTION('',(0.,0.,1.));
#3516 = ORIENTED_EDGE('',*,*,#3415,.F.);
#3517 = PLANE('',#3518);
#3518 = AXIS2_PLACEMENT_3D('',#3519,#3520,#3521);
#3519 = CARTESIAN_POINT('',(-0.4,1.7,2.4));
#3520 = DIRECTION('',(-1.,1.224646799147E-16,0.));
#3521 = DIRECTION('',(0.,0.,1.));
#3522 = ADVANCED_FACE('',(#3523),#3534,.F.);
#3523 = FACE_BOUND('',#3524,.F.);
#3524 = EDGE_LOOP('',(#3525,#3526,#3527,#3533));
#3525 = ORIENTED_EDGE('',*,*,#2696,.T.);
#3526 = ORIENTED_EDGE('',*,*,#3336,.T.);
#3527 = ORIENTED_EDGE('',*,*,#3528,.F.);
#3528 = EDGE_CURVE('',#3440,#3337,#3529,.T.);
#3529 = LINE('',#3530,#3531);
#3530 = CARTESIAN_POINT('',(-0.45,1.75,4.2));
#3531 = VECTOR('',#3532,1.);
#3532 = DIRECTION('',(0.,0.,1.));
#3533 = ORIENTED_EDGE('',*,*,#3447,.F.);
#3534 = PLANE('',#3535);
#3535 = AXIS2_PLACEMENT_3D('',#3536,#3537,#3538);
#3536 = CARTESIAN_POINT('',(-0.45,1.7,4.2));
#3537 = DIRECTION('',(-1.,1.224646799147E-16,0.));
#3538 = DIRECTION('',(1.224646799147E-16,1.,0.));
#3539 = ADVANCED_FACE('',(#3540),#3558,.F.);
#3540 = FACE_BOUND('',#3541,.F.);
#3541 = EDGE_LOOP('',(#3542,#3543,#3551,#3557));
#3542 = ORIENTED_EDGE('',*,*,#2680,.F.);
#3543 = ORIENTED_EDGE('',*,*,#3544,.T.);
#3544 = EDGE_CURVE('',#2673,#3545,#3547,.T.);
#3545 = VERTEX_POINT('',#3546);
#3546 = CARTESIAN_POINT('',(0.55,1.1,2.1));
#3547 = LINE('',#3548,#3549);
#3548 = CARTESIAN_POINT('',(0.55,1.7,2.1));
#3549 = VECTOR('',#3550,1.);
#3550 = DIRECTION('',(-1.224646799147E-16,-1.,0.));
#3551 = ORIENTED_EDGE('',*,*,#3552,.T.);
#3552 = EDGE_CURVE('',#3545,#3328,#3553,.T.);
#3553 = LINE('',#3554,#3555);
#3554 = CARTESIAN_POINT('',(0.55,1.1,4.05));
#3555 = VECTOR('',#3556,1.);
#3556 = DIRECTION('',(0.,0.,1.));
#3557 = ORIENTED_EDGE('',*,*,#3327,.F.);
#3558 = PLANE('',#3559);
#3559 = AXIS2_PLACEMENT_3D('',#3560,#3561,#3562);
#3560 = CARTESIAN_POINT('',(0.55,1.7,2.1));
#3561 = DIRECTION('',(-1.,1.224646799147E-16,0.));
#3562 = DIRECTION('',(0.,0.,1.));
#3563 = ADVANCED_FACE('',(#3564),#3582,.F.);
#3564 = FACE_BOUND('',#3565,.F.);
#3565 = EDGE_LOOP('',(#3566,#3567,#3575,#3581));
#3566 = ORIENTED_EDGE('',*,*,#2672,.F.);
#3567 = ORIENTED_EDGE('',*,*,#3568,.T.);
#3568 = EDGE_CURVE('',#2665,#3569,#3571,.T.);
#3569 = VERTEX_POINT('',#3570);
#3570 = CARTESIAN_POINT('',(1.45,1.1,2.1));
#3571 = LINE('',#3572,#3573);
#3572 = CARTESIAN_POINT('',(1.45,1.7,2.1));
#3573 = VECTOR('',#3574,1.);
#3574 = DIRECTION('',(-1.224646799147E-16,-1.,0.));
#3575 = ORIENTED_EDGE('',*,*,#3576,.T.);
#3576 = EDGE_CURVE('',#3569,#3545,#3577,.T.);
#3577 = LINE('',#3578,#3579);
#3578 = CARTESIAN_POINT('',(2.45,1.1,2.1));
#3579 = VECTOR('',#3580,1.);
#3580 = DIRECTION('',(-1.,1.224646799147E-16,0.));
#3581 = ORIENTED_EDGE('',*,*,#3544,.F.);
#3582 = PLANE('',#3583);
#3583 = AXIS2_PLACEMENT_3D('',#3584,#3585,#3586);
#3584 = CARTESIAN_POINT('',(1.45,1.7,2.1));
#3585 = DIRECTION('',(-0.,0.,-1.));
#3586 = DIRECTION('',(-1.,1.224646799147E-16,0.));
#3587 = ADVANCED_FACE('',(#3588),#3599,.F.);
#3588 = FACE_BOUND('',#3589,.F.);
#3589 = EDGE_LOOP('',(#3590,#3591,#3592,#3598));
#3590 = ORIENTED_EDGE('',*,*,#2664,.F.);
#3591 = ORIENTED_EDGE('',*,*,#2875,.T.);
#3592 = ORIENTED_EDGE('',*,*,#3593,.T.);
#3593 = EDGE_CURVE('',#2876,#3569,#3594,.T.);
#3594 = LINE('',#3595,#3596);
#3595 = CARTESIAN_POINT('',(1.45,1.1,6.));
#3596 = VECTOR('',#3597,1.);
#3597 = DIRECTION('',(-0.,0.,-1.));
#3598 = ORIENTED_EDGE('',*,*,#3568,.F.);
#3599 = PLANE('',#3600);
#3600 = AXIS2_PLACEMENT_3D('',#3601,#3602,#3603);
#3601 = CARTESIAN_POINT('',(1.45,1.7,6.));
#3602 = DIRECTION('',(1.,-1.224646799147E-16,0.));
#3603 = DIRECTION('',(0.,-0.,-1.));
#3604 = ADVANCED_FACE('',(#3605),#3630,.F.);
#3605 = FACE_BOUND('',#3606,.F.);
#3606 = EDGE_LOOP('',(#3607,#3608,#3616,#3624));
#3607 = ORIENTED_EDGE('',*,*,#2825,.F.);
#3608 = ORIENTED_EDGE('',*,*,#3609,.T.);
#3609 = EDGE_CURVE('',#2826,#3610,#3612,.T.);
#3610 = VERTEX_POINT('',#3611);
#3611 = CARTESIAN_POINT('',(2.4,1.1,4.2));
#3612 = LINE('',#3613,#3614);
#3613 = CARTESIAN_POINT('',(2.4,1.7,4.2));
#3614 = VECTOR('',#3615,1.);
#3615 = DIRECTION('',(-1.224646799147E-16,-1.,0.));
#3616 = ORIENTED_EDGE('',*,*,#3617,.T.);
#3617 = EDGE_CURVE('',#3610,#3618,#3620,.T.);
#3618 = VERTEX_POINT('',#3619);
#3619 = CARTESIAN_POINT('',(3.4,1.1,4.2));
#3620 = LINE('',#3621,#3622);
#3621 = CARTESIAN_POINT('',(2.925,1.1,4.2));
#3622 = VECTOR('',#3623,1.);
#3623 = DIRECTION('',(1.,-1.224646799147E-16,0.));
#3624 = ORIENTED_EDGE('',*,*,#3625,.F.);
#3625 = EDGE_CURVE('',#2828,#3618,#3626,.T.);
#3626 = LINE('',#3627,#3628);
#3627 = CARTESIAN_POINT('',(3.4,1.7,4.2));
#3628 = VECTOR('',#3629,1.);
#3629 = DIRECTION('',(-1.224646799147E-16,-1.,0.));
#3630 = PLANE('',#3631);
#3631 = AXIS2_PLACEMENT_3D('',#3632,#3633,#3634);
#3632 = CARTESIAN_POINT('',(2.4,1.7,4.2));
#3633 = DIRECTION('',(0.,0.,1.));
#3634 = DIRECTION('',(1.,-1.224646799147E-16,0.));
#3635 = ADVANCED_FACE('',(#3636),#3654,.F.);
#3636 = FACE_BOUND('',#3637,.F.);
#3637 = EDGE_LOOP('',(#3638,#3639,#3647,#3653));
#3638 = ORIENTED_EDGE('',*,*,#2851,.F.);
#3639 = ORIENTED_EDGE('',*,*,#3640,.T.);
#3640 = EDGE_CURVE('',#2844,#3641,#3643,.T.);
#3641 = VERTEX_POINT('',#3642);
#3642 = CARTESIAN_POINT('',(2.4,1.1,2.4));
#3643 = LINE('',#3644,#3645);
#3644 = CARTESIAN_POINT('',(2.4,1.7,2.4));
#3645 = VECTOR('',#3646,1.);
#3646 = DIRECTION('',(-1.224646799147E-16,-1.,0.));
#3647 = ORIENTED_EDGE('',*,*,#3648,.T.);
#3648 = EDGE_CURVE('',#3641,#3610,#3649,.T.);
#3649 = LINE('',#3650,#3651);
#3650 = CARTESIAN_POINT('',(2.4,1.1,4.2));
#3651 = VECTOR('',#3652,1.);
#3652 = DIRECTION('',(0.,0.,1.));
#3653 = ORIENTED_EDGE('',*,*,#3609,.F.);
#3654 = PLANE('',#3655);
#3655 = AXIS2_PLACEMENT_3D('',#3656,#3657,#3658);
#3656 = CARTESIAN_POINT('',(2.4,1.7,2.4));
#3657 = DIRECTION('',(-1.,1.224646799147E-16,0.));
#3658 = DIRECTION('',(0.,0.,1.));
#3659 = ADVANCED_FACE('',(#3660),#3678,.F.);
#3660 = FACE_BOUND('',#3661,.F.);
#3661 = EDGE_LOOP('',(#3662,#3663,#3664,#3672));
#3662 = ORIENTED_EDGE('',*,*,#2835,.F.);
#3663 = ORIENTED_EDGE('',*,*,#3625,.T.);
#3664 = ORIENTED_EDGE('',*,*,#3665,.T.);
#3665 = EDGE_CURVE('',#3618,#3666,#3668,.T.);
#3666 = VERTEX_POINT('',#3667);
#3667 = CARTESIAN_POINT('',(3.4,1.1,2.4));
#3668 = LINE('',#3669,#3670);
#3669 = CARTESIAN_POINT('',(3.4,1.1,5.1));
#3670 = VECTOR('',#3671,1.);
#3671 = DIRECTION('',(-0.,0.,-1.));
#3672 = ORIENTED_EDGE('',*,*,#3673,.F.);
#3673 = EDGE_CURVE('',#2836,#3666,#3674,.T.);
#3674 = LINE('',#3675,#3676);
#3675 = CARTESIAN_POINT('',(3.4,1.7,2.4));
#3676 = VECTOR('',#3677,1.);
#3677 = DIRECTION('',(-1.224646799147E-16,-1.,0.));
#3678 = PLANE('',#3679);
#3679 = AXIS2_PLACEMENT_3D('',#3680,#3681,#3682);
#3680 = CARTESIAN_POINT('',(3.4,1.7,4.2));
#3681 = DIRECTION('',(1.,-1.224646799147E-16,-0.));
#3682 = DIRECTION('',(-0.,0.,-1.));
#3683 = ADVANCED_FACE('',(#3684),#3695,.F.);
#3684 = FACE_BOUND('',#3685,.F.);
#3685 = EDGE_LOOP('',(#3686,#3687,#3688,#3694));
#3686 = ORIENTED_EDGE('',*,*,#2843,.F.);
#3687 = ORIENTED_EDGE('',*,*,#3673,.T.);
#3688 = ORIENTED_EDGE('',*,*,#3689,.T.);
#3689 = EDGE_CURVE('',#3666,#3641,#3690,.T.);
#3690 = LINE('',#3691,#3692);
#3691 = CARTESIAN_POINT('',(3.425,1.1,2.4));
#3692 = VECTOR('',#3693,1.);
#3693 = DIRECTION('',(-1.,1.224646799147E-16,0.));
#3694 = ORIENTED_EDGE('',*,*,#3640,.F.);
#3695 = PLANE('',#3696);
#3696 = AXIS2_PLACEMENT_3D('',#3697,#3698,#3699);
#3697 = CARTESIAN_POINT('',(3.4,1.7,2.4));
#3698 = DIRECTION('',(-0.,0.,-1.));
#3699 = DIRECTION('',(-1.,1.224646799147E-16,0.));
#3700 = ADVANCED_FACE('',(#3701),#3730,.F.);
#3701 = FACE_BOUND('',#3702,.F.);
#3702 = EDGE_LOOP('',(#3703,#3704,#3712,#3720,#3726,#3727,#3728,#3729));
#3703 = ORIENTED_EDGE('',*,*,#2980,.F.);
#3704 = ORIENTED_EDGE('',*,*,#3705,.T.);
#3705 = EDGE_CURVE('',#2981,#3706,#3708,.T.);
#3706 = VERTEX_POINT('',#3707);
#3707 = CARTESIAN_POINT('',(3.45,-2.3,1.8));
#3708 = LINE('',#3709,#3710);
#3709 = CARTESIAN_POINT('',(3.45,-2.3,6.));
#3710 = VECTOR('',#3711,1.);
#3711 = DIRECTION('',(0.,0.,-1.));
#3712 = ORIENTED_EDGE('',*,*,#3713,.T.);
#3713 = EDGE_CURVE('',#3706,#3714,#3716,.T.);
#3714 = VERTEX_POINT('',#3715);
#3715 = CARTESIAN_POINT('',(3.45,1.1,1.8));
#3716 = LINE('',#3717,#3718);
#3717 = CARTESIAN_POINT('',(3.45,-2.3,1.8));
#3718 = VECTOR('',#3719,1.);
#3719 = DIRECTION('',(1.224646799147E-16,1.,0.));
#3720 = ORIENTED_EDGE('',*,*,#3721,.F.);
#3721 = EDGE_CURVE('',#2884,#3714,#3722,.T.);
#3722 = LINE('',#3723,#3724);
#3723 = CARTESIAN_POINT('',(3.45,1.1,6.));
#3724 = VECTOR('',#3725,1.);
#3725 = DIRECTION('',(0.,0.,-1.));
#3726 = ORIENTED_EDGE('',*,*,#2891,.F.);
#3727 = ORIENTED_EDGE('',*,*,#2907,.T.);
#3728 = ORIENTED_EDGE('',*,*,#2937,.F.);
#3729 = ORIENTED_EDGE('',*,*,#2956,.T.);
#3730 = PLANE('',#3731);
#3731 = AXIS2_PLACEMENT_3D('',#3732,#3733,#3734);
#3732 = CARTESIAN_POINT('',(3.45,-2.3,6.));
#3733 = DIRECTION('',(1.,-1.224646799147E-16,0.));
#3734 = DIRECTION('',(1.224646799147E-16,1.,0.));
#3735 = ADVANCED_FACE('',(#3736,#3758,#3764),#3770,.F.);
#3736 = FACE_BOUND('',#3737,.F.);
#3737 = EDGE_LOOP('',(#3738,#3739,#3740,#3748,#3754,#3755,#3756,#3757));
#3738 = ORIENTED_EDGE('',*,*,#2883,.F.);
#3739 = ORIENTED_EDGE('',*,*,#3721,.T.);
#3740 = ORIENTED_EDGE('',*,*,#3741,.T.);
#3741 = EDGE_CURVE('',#3714,#3742,#3744,.T.);
#3742 = VERTEX_POINT('',#3743);
#3743 = CARTESIAN_POINT('',(-1.45,1.1,1.8));
#3744 = LINE('',#3745,#3746);
#3745 = CARTESIAN_POINT('',(3.45,1.1,1.8));
#3746 = VECTOR('',#3747,1.);
#3747 = DIRECTION('',(-1.,1.224646799147E-16,0.));
#3748 = ORIENTED_EDGE('',*,*,#3749,.F.);
#3749 = EDGE_CURVE('',#3369,#3742,#3750,.T.);
#3750 = LINE('',#3751,#3752);
#3751 = CARTESIAN_POINT('',(-1.45,1.1,6.));
#3752 = VECTOR('',#3753,1.);
#3753 = DIRECTION('',(0.,0.,-1.));
#3754 = ORIENTED_EDGE('',*,*,#3376,.F.);
#3755 = ORIENTED_EDGE('',*,*,#3552,.F.);
#3756 = ORIENTED_EDGE('',*,*,#3576,.F.);
#3757 = ORIENTED_EDGE('',*,*,#3593,.F.);
#3758 = FACE_BOUND('',#3759,.F.);
#3759 = EDGE_LOOP('',(#3760,#3761,#3762,#3763));
#3760 = ORIENTED_EDGE('',*,*,#3423,.T.);
#3761 = ORIENTED_EDGE('',*,*,#3463,.T.);
#3762 = ORIENTED_EDGE('',*,*,#3487,.T.);
#3763 = ORIENTED_EDGE('',*,*,#3511,.T.);
#3764 = FACE_BOUND('',#3765,.F.);
#3765 = EDGE_LOOP('',(#3766,#3767,#3768,#3769));
#3766 = ORIENTED_EDGE('',*,*,#3689,.F.);
#3767 = ORIENTED_EDGE('',*,*,#3665,.F.);
#3768 = ORIENTED_EDGE('',*,*,#3617,.F.);
#3769 = ORIENTED_EDGE('',*,*,#3648,.F.);
#3770 = PLANE('',#3771);
#3771 = AXIS2_PLACEMENT_3D('',#3772,#3773,#3774);
#3772 = CARTESIAN_POINT('',(3.45,1.1,6.));
#3773 = DIRECTION('',(1.224646799147E-16,1.,0.));
#3774 = DIRECTION('',(-1.,1.224646799147E-16,0.));
#3775 = ADVANCED_FACE('',(#3776),#3794,.T.);
#3776 = FACE_BOUND('',#3777,.T.);
#3777 = EDGE_LOOP('',(#3778,#3786,#3792,#3793));
#3778 = ORIENTED_EDGE('',*,*,#3779,.T.);
#3779 = EDGE_CURVE('',#2997,#3780,#3782,.T.);
#3780 = VERTEX_POINT('',#3781);
#3781 = CARTESIAN_POINT('',(-1.45,-0.6,4.4));
#3782 = LINE('',#3783,#3784);
#3783 = CARTESIAN_POINT('',(-1.45,-0.6,5.2));
#3784 = VECTOR('',#3785,1.);
#3785 = DIRECTION('',(-0.,0.,-1.));
#3786 = ORIENTED_EDGE('',*,*,#3787,.T.);
#3787 = EDGE_CURVE('',#3780,#3223,#3788,.T.);
#3788 = LINE('',#3789,#3790);
#3789 = CARTESIAN_POINT('',(3.95,-0.6,4.4));
#3790 = VECTOR('',#3791,1.);
#3791 = DIRECTION('',(-1.,1.224646799147E-16,0.));
#3792 = ORIENTED_EDGE('',*,*,#3231,.T.);
#3793 = ORIENTED_EDGE('',*,*,#3004,.F.);
#3794 = PLANE('',#3795);
#3795 = AXIS2_PLACEMENT_3D('',#3796,#3797,#3798);
#3796 = CARTESIAN_POINT('',(3.95,-0.6,4.4));
#3797 = DIRECTION('',(1.224646799147E-16,1.,0.));
#3798 = DIRECTION('',(0.,-0.,1.));
#3799 = ADVANCED_FACE('',(#3800),#3835,.F.);
#3800 = FACE_BOUND('',#3801,.F.);
#3801 = EDGE_LOOP('',(#3802,#3803,#3804,#3812,#3818,#3819,#3820,#3829));
#3802 = ORIENTED_EDGE('',*,*,#3368,.F.);
#3803 = ORIENTED_EDGE('',*,*,#3749,.T.);
#3804 = ORIENTED_EDGE('',*,*,#3805,.T.);
#3805 = EDGE_CURVE('',#3742,#3806,#3808,.T.);
#3806 = VERTEX_POINT('',#3807);
#3807 = CARTESIAN_POINT('',(-1.45,-2.3,1.8));
#3808 = LINE('',#3809,#3810);
#3809 = CARTESIAN_POINT('',(-1.45,1.1,1.8));
#3810 = VECTOR('',#3811,1.);
#3811 = DIRECTION('',(-1.224646799147E-16,-1.,0.));
#3812 = ORIENTED_EDGE('',*,*,#3813,.F.);
#3813 = EDGE_CURVE('',#2989,#3806,#3814,.T.);
#3814 = LINE('',#3815,#3816);
#3815 = CARTESIAN_POINT('',(-1.45,-2.3,6.));
#3816 = VECTOR('',#3817,1.);
#3817 = DIRECTION('',(0.,0.,-1.));
#3818 = ORIENTED_EDGE('',*,*,#2996,.F.);
#3819 = ORIENTED_EDGE('',*,*,#3779,.T.);
#3820 = ORIENTED_EDGE('',*,*,#3821,.T.);
#3821 = EDGE_CURVE('',#3780,#3822,#3824,.T.);
#3822 = VERTEX_POINT('',#3823);
#3823 = CARTESIAN_POINT('',(-1.45,0.2,4.4));
#3824 = CIRCLE('',#3825,0.4);
#3825 = AXIS2_PLACEMENT_3D('',#3826,#3827,#3828);
#3826 = CARTESIAN_POINT('',(-1.45,-0.2,4.4));
#3827 = DIRECTION('',(1.,-1.224646799147E-16,0.));
#3828 = DIRECTION('',(1.224646799147E-16,1.,0.));
#3829 = ORIENTED_EDGE('',*,*,#3830,.T.);
#3830 = EDGE_CURVE('',#3822,#3361,#3831,.T.);
#3831 = LINE('',#3832,#3833);
#3832 = CARTESIAN_POINT('',(-1.45,0.2,6.));
#3833 = VECTOR('',#3834,1.);
#3834 = DIRECTION('',(0.,0.,1.));
#3835 = PLANE('',#3836);
#3836 = AXIS2_PLACEMENT_3D('',#3837,#3838,#3839);
#3837 = CARTESIAN_POINT('',(-1.45,1.1,6.));
#3838 = DIRECTION('',(-1.,1.224646799147E-16,0.));
#3839 = DIRECTION('',(-1.224646799147E-16,-1.,0.));
#3840 = ADVANCED_FACE('',(#3841),#3884,.F.);
#3841 = FACE_BOUND('',#3842,.F.);
#3842 = EDGE_LOOP('',(#3843,#3844,#3845,#3853,#3861,#3869,#3877,#3883));
#3843 = ORIENTED_EDGE('',*,*,#2988,.F.);
#3844 = ORIENTED_EDGE('',*,*,#3813,.T.);
#3845 = ORIENTED_EDGE('',*,*,#3846,.T.);
#3846 = EDGE_CURVE('',#3806,#3847,#3849,.T.);
#3847 = VERTEX_POINT('',#3848);
#3848 = CARTESIAN_POINT('',(0.8,-2.3,1.8));
#3849 = LINE('',#3850,#3851);
#3850 = CARTESIAN_POINT('',(-1.45,-2.3,1.8));
#3851 = VECTOR('',#3852,1.);
#3852 = DIRECTION('',(1.,-1.224646799147E-16,0.));
#3853 = ORIENTED_EDGE('',*,*,#3854,.T.);
#3854 = EDGE_CURVE('',#3847,#3855,#3857,.T.);
#3855 = VERTEX_POINT('',#3856);
#3856 = CARTESIAN_POINT('',(0.8,-2.3,3.7));
#3857 = LINE('',#3858,#3859);
#3858 = CARTESIAN_POINT('',(0.8,-2.3,1.8));
#3859 = VECTOR('',#3860,1.);
#3860 = DIRECTION('',(0.,0.,1.));
#3861 = ORIENTED_EDGE('',*,*,#3862,.T.);
#3862 = EDGE_CURVE('',#3855,#3863,#3865,.T.);
#3863 = VERTEX_POINT('',#3864);
#3864 = CARTESIAN_POINT('',(1.2,-2.3,3.7));
#3865 = LINE('',#3866,#3867);
#3866 = CARTESIAN_POINT('',(0.8,-2.3,3.7));
#3867 = VECTOR('',#3868,1.);
#3868 = DIRECTION('',(1.,-1.224646799147E-16,0.));
#3869 = ORIENTED_EDGE('',*,*,#3870,.F.);
#3870 = EDGE_CURVE('',#3871,#3863,#3873,.T.);
#3871 = VERTEX_POINT('',#3872);
#3872 = CARTESIAN_POINT('',(1.2,-2.3,1.8));
#3873 = LINE('',#3874,#3875);
#3874 = CARTESIAN_POINT('',(1.2,-2.3,1.8));
#3875 = VECTOR('',#3876,1.);
#3876 = DIRECTION('',(0.,0.,1.));
#3877 = ORIENTED_EDGE('',*,*,#3878,.T.);
#3878 = EDGE_CURVE('',#3871,#3706,#3879,.T.);
#3879 = LINE('',#3880,#3881);
#3880 = CARTESIAN_POINT('',(-1.45,-2.3,1.8));
#3881 = VECTOR('',#3882,1.);
#3882 = DIRECTION('',(1.,-1.224646799147E-16,0.));
#3883 = ORIENTED_EDGE('',*,*,#3705,.F.);
#3884 = PLANE('',#3885);
#3885 = AXIS2_PLACEMENT_3D('',#3886,#3887,#3888);
#3886 = CARTESIAN_POINT('',(-1.45,-2.3,6.));
#3887 = DIRECTION('',(-1.224646799147E-16,-1.,0.));
#3888 = DIRECTION('',(1.,-1.224646799147E-16,0.));
#3889 = ADVANCED_FACE('',(#3890,#3896),#3930,.F.);
#3890 = FACE_BOUND('',#3891,.F.);
#3891 = EDGE_LOOP('',(#3892,#3893,#3894,#3895));
#3892 = ORIENTED_EDGE('',*,*,#3312,.T.);
#3893 = ORIENTED_EDGE('',*,*,#3058,.T.);
#3894 = ORIENTED_EDGE('',*,*,#3082,.F.);
#3895 = ORIENTED_EDGE('',*,*,#3115,.F.);
#3896 = FACE_BOUND('',#3897,.F.);
#3897 = EDGE_LOOP('',(#3898,#3908,#3916,#3924));
#3898 = ORIENTED_EDGE('',*,*,#3899,.T.);
#3899 = EDGE_CURVE('',#3900,#3902,#3904,.T.);
#3900 = VERTEX_POINT('',#3901);
#3901 = CARTESIAN_POINT('',(-0.25,0.25,0.1));
#3902 = VERTEX_POINT('',#3903);
#3903 = CARTESIAN_POINT('',(0.25,0.25,0.1));
#3904 = LINE('',#3905,#3906);
#3905 = CARTESIAN_POINT('',(0.5,0.25,0.1));
#3906 = VECTOR('',#3907,1.);
#3907 = DIRECTION('',(1.,-1.224646799147E-16,0.));
#3908 = ORIENTED_EDGE('',*,*,#3909,.T.);
#3909 = EDGE_CURVE('',#3902,#3910,#3912,.T.);
#3910 = VERTEX_POINT('',#3911);
#3911 = CARTESIAN_POINT('',(0.25,-0.25,0.1));
#3912 = LINE('',#3913,#3914);
#3913 = CARTESIAN_POINT('',(0.25,0.271633216363,0.1));
#3914 = VECTOR('',#3915,1.);
#3915 = DIRECTION('',(-1.224646799147E-16,-1.,0.));
#3916 = ORIENTED_EDGE('',*,*,#3917,.T.);
#3917 = EDGE_CURVE('',#3910,#3918,#3920,.T.);
#3918 = VERTEX_POINT('',#3919);
#3919 = CARTESIAN_POINT('',(-0.25,-0.25,0.1));
#3920 = LINE('',#3921,#3922);
#3921 = CARTESIAN_POINT('',(0.5,-0.25,0.1));
#3922 = VECTOR('',#3923,1.);
#3923 = DIRECTION('',(-1.,1.224646799147E-16,0.));
#3924 = ORIENTED_EDGE('',*,*,#3925,.F.);
#3925 = EDGE_CURVE('',#3900,#3918,#3926,.T.);
#3926 = LINE('',#3927,#3928);
#3927 = CARTESIAN_POINT('',(-0.25,0.271633216363,0.1));
#3928 = VECTOR('',#3929,1.);
#3929 = DIRECTION('',(-1.224646799147E-16,-1.,0.));
#3930 = PLANE('',#3931);
#3931 = AXIS2_PLACEMENT_3D('',#3932,#3933,#3934);
#3932 = CARTESIAN_POINT('',(0.75,0.5,0.1));
#3933 = DIRECTION('',(0.,0.,1.));
#3934 = DIRECTION('',(-1.224646799147E-16,-1.,0.));
#3935 = ADVANCED_FACE('',(#3936),#3947,.F.);
#3936 = FACE_BOUND('',#3937,.F.);
#3937 = EDGE_LOOP('',(#3938,#3939,#3940,#3946));
#3938 = ORIENTED_EDGE('',*,*,#3787,.T.);
#3939 = ORIENTED_EDGE('',*,*,#3222,.T.);
#3940 = ORIENTED_EDGE('',*,*,#3941,.F.);
#3941 = EDGE_CURVE('',#3822,#3215,#3942,.T.);
#3942 = LINE('',#3943,#3944);
#3943 = CARTESIAN_POINT('',(3.95,0.2,4.4));
#3944 = VECTOR('',#3945,1.);
#3945 = DIRECTION('',(-1.,1.224646799147E-16,0.));
#3946 = ORIENTED_EDGE('',*,*,#3821,.F.);
#3947 = CYLINDRICAL_SURFACE('',#3948,0.4);
#3948 = AXIS2_PLACEMENT_3D('',#3949,#3950,#3951);
#3949 = CARTESIAN_POINT('',(3.95,-0.2,4.4));
#3950 = DIRECTION('',(1.,-1.224646799147E-16,-0.));
#3951 = DIRECTION('',(1.224646799147E-16,1.,0.));
#3952 = ADVANCED_FACE('',(#3953),#3959,.T.);
#3953 = FACE_BOUND('',#3954,.T.);
#3954 = EDGE_LOOP('',(#3955,#3956,#3957,#3958));
#3955 = ORIENTED_EDGE('',*,*,#3830,.T.);
#3956 = ORIENTED_EDGE('',*,*,#3360,.T.);
#3957 = ORIENTED_EDGE('',*,*,#3214,.T.);
#3958 = ORIENTED_EDGE('',*,*,#3941,.F.);
#3959 = PLANE('',#3960);
#3960 = AXIS2_PLACEMENT_3D('',#3961,#3962,#3963);
#3961 = CARTESIAN_POINT('',(3.95,0.2,6.));
#3962 = DIRECTION('',(-1.224646799147E-16,-1.,0.));
#3963 = DIRECTION('',(-0.,0.,-1.));
#3964 = ADVANCED_FACE('',(#3965),#3990,.F.);
#3965 = FACE_BOUND('',#3966,.F.);
#3966 = EDGE_LOOP('',(#3967,#3975,#3976,#3984));
#3967 = ORIENTED_EDGE('',*,*,#3968,.F.);
#3968 = EDGE_CURVE('',#3273,#3969,#3971,.T.);
#3969 = VERTEX_POINT('',#3970);
#3970 = CARTESIAN_POINT('',(2.25,0.25,-0.9));
#3971 = LINE('',#3972,#3973);
#3972 = CARTESIAN_POINT('',(2.25,0.25,5.));
#3973 = VECTOR('',#3974,1.);
#3974 = DIRECTION('',(-0.,0.,-1.));
#3975 = ORIENTED_EDGE('',*,*,#3270,.F.);
#3976 = ORIENTED_EDGE('',*,*,#3977,.T.);
#3977 = EDGE_CURVE('',#3271,#3978,#3980,.T.);
#3978 = VERTEX_POINT('',#3979);
#3979 = CARTESIAN_POINT('',(1.75,0.25,-0.9));
#3980 = LINE('',#3981,#3982);
#3981 = CARTESIAN_POINT('',(1.75,0.25,5.));
#3982 = VECTOR('',#3983,1.);
#3983 = DIRECTION('',(-0.,0.,-1.));
#3984 = ORIENTED_EDGE('',*,*,#3985,.F.);
#3985 = EDGE_CURVE('',#3969,#3978,#3986,.T.);
#3986 = LINE('',#3987,#3988);
#3987 = CARTESIAN_POINT('',(2.25,0.25,-0.9));
#3988 = VECTOR('',#3989,1.);
#3989 = DIRECTION('',(-1.,1.224646799147E-16,0.));
#3990 = PLANE('',#3991);
#3991 = AXIS2_PLACEMENT_3D('',#3992,#3993,#3994);
#3992 = CARTESIAN_POINT('',(2.25,0.25,5.));
#3993 = DIRECTION('',(-1.224646799147E-16,-1.,0.));
#3994 = DIRECTION('',(-0.,0.,-1.));
#3995 = ADVANCED_FACE('',(#3996),#4046,.T.);
#3996 = FACE_BOUND('',#3997,.T.);
#3997 = EDGE_LOOP('',(#3998,#4008,#4016,#4024,#4030,#4031,#4032,#4040));
#3998 = ORIENTED_EDGE('',*,*,#3999,.T.);
#3999 = EDGE_CURVE('',#4000,#4002,#4004,.T.);
#4000 = VERTEX_POINT('',#4001);
#4001 = CARTESIAN_POINT('',(1.75,0.281578947368,-3.2));
#4002 = VERTEX_POINT('',#4003);
#4003 = CARTESIAN_POINT('',(1.75,-0.218421052632,-3.2));
#4004 = LINE('',#4005,#4006);
#4005 = CARTESIAN_POINT('',(1.75,0.25,-3.2));
#4006 = VECTOR('',#4007,1.);
#4007 = DIRECTION('',(-1.224646799147E-16,-1.,0.));
#4008 = ORIENTED_EDGE('',*,*,#4009,.T.);
#4009 = EDGE_CURVE('',#4002,#4010,#4012,.T.);
#4010 = VERTEX_POINT('',#4011);
#4011 = CARTESIAN_POINT('',(1.75,5.E-02,-1.5));
#4012 = LINE('',#4013,#4014);
#4013 = CARTESIAN_POINT('',(1.75,-0.25,-3.4));
#4014 = VECTOR('',#4015,1.);
#4015 = DIRECTION('',(1.909990663905E-17,0.155962573473,0.987762965329)
  );
#4016 = ORIENTED_EDGE('',*,*,#4017,.T.);
#4017 = EDGE_CURVE('',#4010,#4018,#4020,.T.);
#4018 = VERTEX_POINT('',#4019);
#4019 = CARTESIAN_POINT('',(1.75,-0.25,-0.9));
#4020 = LINE('',#4021,#4022);
#4021 = CARTESIAN_POINT('',(1.75,5.E-02,-1.5));
#4022 = VECTOR('',#4023,1.);
#4023 = DIRECTION('',(-5.476786982641E-17,-0.4472135955,0.894427191));
#4024 = ORIENTED_EDGE('',*,*,#4025,.T.);
#4025 = EDGE_CURVE('',#4018,#3289,#4026,.T.);
#4026 = LINE('',#4027,#4028);
#4027 = CARTESIAN_POINT('',(1.75,-0.25,-0.9));
#4028 = VECTOR('',#4029,1.);
#4029 = DIRECTION('',(0.,0.,1.));
#4030 = ORIENTED_EDGE('',*,*,#3296,.F.);
#4031 = ORIENTED_EDGE('',*,*,#3977,.T.);
#4032 = ORIENTED_EDGE('',*,*,#4033,.T.);
#4033 = EDGE_CURVE('',#3978,#4034,#4036,.T.);
#4034 = VERTEX_POINT('',#4035);
#4035 = CARTESIAN_POINT('',(1.75,0.55,-1.5));
#4036 = LINE('',#4037,#4038);
#4037 = CARTESIAN_POINT('',(1.75,0.25,-0.9));
#4038 = VECTOR('',#4039,1.);
#4039 = DIRECTION('',(5.476786982641E-17,0.4472135955,-0.894427191));
#4040 = ORIENTED_EDGE('',*,*,#4041,.T.);
#4041 = EDGE_CURVE('',#4034,#4000,#4042,.T.);
#4042 = LINE('',#4043,#4044);
#4043 = CARTESIAN_POINT('',(1.75,0.55,-1.5));
#4044 = VECTOR('',#4045,1.);
#4045 = DIRECTION('',(-1.909990663905E-17,-0.155962573473,
    -0.987762965329));
#4046 = PLANE('',#4047);
#4047 = AXIS2_PLACEMENT_3D('',#4048,#4049,#4050);
#4048 = CARTESIAN_POINT('',(1.75,4.326643272645E-02,0.775746953017));
#4049 = DIRECTION('',(-1.,1.224646799147E-16,0.));
#4050 = DIRECTION('',(0.,0.,1.));
#4051 = ADVANCED_FACE('',(#4052),#4070,.F.);
#4052 = FACE_BOUND('',#4053,.F.);
#4053 = EDGE_LOOP('',(#4054,#4062,#4068,#4069));
#4054 = ORIENTED_EDGE('',*,*,#4055,.F.);
#4055 = EDGE_CURVE('',#4056,#3281,#4058,.T.);
#4056 = VERTEX_POINT('',#4057);
#4057 = CARTESIAN_POINT('',(2.25,-0.25,-0.9));
#4058 = LINE('',#4059,#4060);
#4059 = CARTESIAN_POINT('',(2.25,-0.25,-0.9));
#4060 = VECTOR('',#4061,1.);
#4061 = DIRECTION('',(0.,0.,1.));
#4062 = ORIENTED_EDGE('',*,*,#4063,.T.);
#4063 = EDGE_CURVE('',#4056,#4018,#4064,.T.);
#4064 = LINE('',#4065,#4066);
#4065 = CARTESIAN_POINT('',(2.25,-0.25,-0.9));
#4066 = VECTOR('',#4067,1.);
#4067 = DIRECTION('',(-1.,1.224646799147E-16,0.));
#4068 = ORIENTED_EDGE('',*,*,#4025,.T.);
#4069 = ORIENTED_EDGE('',*,*,#3288,.F.);
#4070 = PLANE('',#4071);
#4071 = AXIS2_PLACEMENT_3D('',#4072,#4073,#4074);
#4072 = CARTESIAN_POINT('',(2.25,-0.25,-0.9));
#4073 = DIRECTION('',(1.224646799147E-16,1.,0.));
#4074 = DIRECTION('',(0.,-0.,1.));
#4075 = ADVANCED_FACE('',(#4076),#4119,.F.);
#4076 = FACE_BOUND('',#4077,.F.);
#4077 = EDGE_LOOP('',(#4078,#4088,#4096,#4102,#4103,#4104,#4105,#4113));
#4078 = ORIENTED_EDGE('',*,*,#4079,.T.);
#4079 = EDGE_CURVE('',#4080,#4082,#4084,.T.);
#4080 = VERTEX_POINT('',#4081);
#4081 = CARTESIAN_POINT('',(2.25,0.281578947368,-3.2));
#4082 = VERTEX_POINT('',#4083);
#4083 = CARTESIAN_POINT('',(2.25,-0.218421052632,-3.2));
#4084 = LINE('',#4085,#4086);
#4085 = CARTESIAN_POINT('',(2.25,0.25,-3.2));
#4086 = VECTOR('',#4087,1.);
#4087 = DIRECTION('',(-1.224646799147E-16,-1.,0.));
#4088 = ORIENTED_EDGE('',*,*,#4089,.T.);
#4089 = EDGE_CURVE('',#4082,#4090,#4092,.T.);
#4090 = VERTEX_POINT('',#4091);
#4091 = CARTESIAN_POINT('',(2.25,5.E-02,-1.5));
#4092 = LINE('',#4093,#4094);
#4093 = CARTESIAN_POINT('',(2.25,-0.25,-3.4));
#4094 = VECTOR('',#4095,1.);
#4095 = DIRECTION('',(1.909990663905E-17,0.155962573473,0.987762965329)
  );
#4096 = ORIENTED_EDGE('',*,*,#4097,.T.);
#4097 = EDGE_CURVE('',#4090,#4056,#4098,.T.);
#4098 = LINE('',#4099,#4100);
#4099 = CARTESIAN_POINT('',(2.25,5.E-02,-1.5));
#4100 = VECTOR('',#4101,1.);
#4101 = DIRECTION('',(-5.476786982641E-17,-0.4472135955,0.894427191));
#4102 = ORIENTED_EDGE('',*,*,#4055,.T.);
#4103 = ORIENTED_EDGE('',*,*,#3280,.F.);
#4104 = ORIENTED_EDGE('',*,*,#3968,.T.);
#4105 = ORIENTED_EDGE('',*,*,#4106,.T.);
#4106 = EDGE_CURVE('',#3969,#4107,#4109,.T.);
#4107 = VERTEX_POINT('',#4108);
#4108 = CARTESIAN_POINT('',(2.25,0.55,-1.5));
#4109 = LINE('',#4110,#4111);
#4110 = CARTESIAN_POINT('',(2.25,0.25,-0.9));
#4111 = VECTOR('',#4112,1.);
#4112 = DIRECTION('',(5.476786982641E-17,0.4472135955,-0.894427191));
#4113 = ORIENTED_EDGE('',*,*,#4114,.T.);
#4114 = EDGE_CURVE('',#4107,#4080,#4115,.T.);
#4115 = LINE('',#4116,#4117);
#4116 = CARTESIAN_POINT('',(2.25,0.55,-1.5));
#4117 = VECTOR('',#4118,1.);
#4118 = DIRECTION('',(-1.909990663905E-17,-0.155962573473,
    -0.987762965329));
#4119 = PLANE('',#4120);
#4120 = AXIS2_PLACEMENT_3D('',#4121,#4122,#4123);
#4121 = CARTESIAN_POINT('',(2.25,4.326643272645E-02,0.775746953017));
#4122 = DIRECTION('',(-1.,1.224646799147E-16,0.));
#4123 = DIRECTION('',(0.,0.,1.));
#4124 = ADVANCED_FACE('',(#4125),#4131,.F.);
#4125 = FACE_BOUND('',#4126,.F.);
#4126 = EDGE_LOOP('',(#4127,#4128,#4129,#4130));
#4127 = ORIENTED_EDGE('',*,*,#3528,.T.);
#4128 = ORIENTED_EDGE('',*,*,#3344,.T.);
#4129 = ORIENTED_EDGE('',*,*,#3390,.F.);
#4130 = ORIENTED_EDGE('',*,*,#3439,.F.);
#4131 = PLANE('',#4132);
#4132 = AXIS2_PLACEMENT_3D('',#4133,#4134,#4135);
#4133 = CARTESIAN_POINT('',(-0.45,1.75,4.2));
#4134 = DIRECTION('',(-1.224646799147E-16,-1.,0.));
#4135 = DIRECTION('',(-1.,1.224646799147E-16,0.));
#4136 = ADVANCED_FACE('',(#4137,#4166,#4200),#4234,.T.);
#4137 = FACE_BOUND('',#4138,.T.);
#4138 = EDGE_LOOP('',(#4139,#4140,#4141,#4142,#4143,#4151,#4159,#4165));
#4139 = ORIENTED_EDGE('',*,*,#3713,.T.);
#4140 = ORIENTED_EDGE('',*,*,#3741,.T.);
#4141 = ORIENTED_EDGE('',*,*,#3805,.T.);
#4142 = ORIENTED_EDGE('',*,*,#3846,.T.);
#4143 = ORIENTED_EDGE('',*,*,#4144,.F.);
#4144 = EDGE_CURVE('',#4145,#3847,#4147,.T.);
#4145 = VERTEX_POINT('',#4146);
#4146 = CARTESIAN_POINT('',(0.8,-2.,1.8));
#4147 = LINE('',#4148,#4149);
#4148 = CARTESIAN_POINT('',(0.8,-2.,1.8));
#4149 = VECTOR('',#4150,1.);
#4150 = DIRECTION('',(-1.224646799147E-16,-1.,0.));
#4151 = ORIENTED_EDGE('',*,*,#4152,.F.);
#4152 = EDGE_CURVE('',#4153,#4145,#4155,.T.);
#4153 = VERTEX_POINT('',#4154);
#4154 = CARTESIAN_POINT('',(1.2,-2.,1.8));
#4155 = LINE('',#4156,#4157);
#4156 = CARTESIAN_POINT('',(1.2,-2.,1.8));
#4157 = VECTOR('',#4158,1.);
#4158 = DIRECTION('',(-1.,1.224646799147E-16,0.));
#4159 = ORIENTED_EDGE('',*,*,#4160,.F.);
#4160 = EDGE_CURVE('',#3871,#4153,#4161,.T.);
#4161 = LINE('',#4162,#4163);
#4162 = CARTESIAN_POINT('',(1.2,-2.3,1.8));
#4163 = VECTOR('',#4164,1.);
#4164 = DIRECTION('',(1.224646799147E-16,1.,0.));
#4165 = ORIENTED_EDGE('',*,*,#3878,.T.);
#4166 = FACE_BOUND('',#4167,.T.);
#4167 = EDGE_LOOP('',(#4168,#4178,#4186,#4194));
#4168 = ORIENTED_EDGE('',*,*,#4169,.T.);
#4169 = EDGE_CURVE('',#4170,#4172,#4174,.T.);
#4170 = VERTEX_POINT('',#4171);
#4171 = CARTESIAN_POINT('',(1.75,0.25,1.8));
#4172 = VERTEX_POINT('',#4173);
#4173 = CARTESIAN_POINT('',(2.25,0.25,1.8));
#4174 = LINE('',#4175,#4176);
#4175 = CARTESIAN_POINT('',(1.625,0.25,1.8));
#4176 = VECTOR('',#4177,1.);
#4177 = DIRECTION('',(1.,-1.224646799147E-16,0.));
#4178 = ORIENTED_EDGE('',*,*,#4179,.T.);
#4179 = EDGE_CURVE('',#4172,#4180,#4182,.T.);
#4180 = VERTEX_POINT('',#4181);
#4181 = CARTESIAN_POINT('',(2.25,-0.25,1.8));
#4182 = LINE('',#4183,#4184);
#4183 = CARTESIAN_POINT('',(2.25,-0.278366783637,1.8));
#4184 = VECTOR('',#4185,1.);
#4185 = DIRECTION('',(-1.224646799147E-16,-1.,0.));
#4186 = ORIENTED_EDGE('',*,*,#4187,.T.);
#4187 = EDGE_CURVE('',#4180,#4188,#4190,.T.);
#4188 = VERTEX_POINT('',#4189);
#4189 = CARTESIAN_POINT('',(1.75,-0.25,1.8));
#4190 = LINE('',#4191,#4192);
#4191 = CARTESIAN_POINT('',(1.625,-0.25,1.8));
#4192 = VECTOR('',#4193,1.);
#4193 = DIRECTION('',(-1.,1.224646799147E-16,0.));
#4194 = ORIENTED_EDGE('',*,*,#4195,.F.);
#4195 = EDGE_CURVE('',#4170,#4188,#4196,.T.);
#4196 = LINE('',#4197,#4198);
#4197 = CARTESIAN_POINT('',(1.75,-0.278366783637,1.8));
#4198 = VECTOR('',#4199,1.);
#4199 = DIRECTION('',(-1.224646799147E-16,-1.,0.));
#4200 = FACE_BOUND('',#4201,.T.);
#4201 = EDGE_LOOP('',(#4202,#4212,#4220,#4228));
#4202 = ORIENTED_EDGE('',*,*,#4203,.T.);
#4203 = EDGE_CURVE('',#4204,#4206,#4208,.T.);
#4204 = VERTEX_POINT('',#4205);
#4205 = CARTESIAN_POINT('',(-0.25,0.25,1.8));
#4206 = VERTEX_POINT('',#4207);
#4207 = CARTESIAN_POINT('',(0.25,0.25,1.8));
#4208 = LINE('',#4209,#4210);
#4209 = CARTESIAN_POINT('',(0.625,0.25,1.8));
#4210 = VECTOR('',#4211,1.);
#4211 = DIRECTION('',(1.,-1.224646799147E-16,0.));
#4212 = ORIENTED_EDGE('',*,*,#4213,.T.);
#4213 = EDGE_CURVE('',#4206,#4214,#4216,.T.);
#4214 = VERTEX_POINT('',#4215);
#4215 = CARTESIAN_POINT('',(0.25,-0.25,1.8));
#4216 = LINE('',#4217,#4218);
#4217 = CARTESIAN_POINT('',(0.25,-0.278366783637,1.8));
#4218 = VECTOR('',#4219,1.);
#4219 = DIRECTION('',(-1.224646799147E-16,-1.,0.));
#4220 = ORIENTED_EDGE('',*,*,#4221,.T.);
#4221 = EDGE_CURVE('',#4214,#4222,#4224,.T.);
#4222 = VERTEX_POINT('',#4223);
#4223 = CARTESIAN_POINT('',(-0.25,-0.25,1.8));
#4224 = LINE('',#4225,#4226);
#4225 = CARTESIAN_POINT('',(0.625,-0.25,1.8));
#4226 = VECTOR('',#4227,1.);
#4227 = DIRECTION('',(-1.,1.224646799147E-16,0.));
#4228 = ORIENTED_EDGE('',*,*,#4229,.F.);
#4229 = EDGE_CURVE('',#4204,#4222,#4230,.T.);
#4230 = LINE('',#4231,#4232);
#4231 = CARTESIAN_POINT('',(-0.25,-0.278366783637,1.8));
#4232 = VECTOR('',#4233,1.);
#4233 = DIRECTION('',(-1.224646799147E-16,-1.,0.));
#4234 = PLANE('',#4235);
#4235 = AXIS2_PLACEMENT_3D('',#4236,#4237,#4238);
#4236 = CARTESIAN_POINT('',(1.,-0.6,1.8));
#4237 = DIRECTION('',(0.,0.,1.));
#4238 = DIRECTION('',(-1.,1.224646799147E-16,0.));
#4239 = ADVANCED_FACE('',(#4240),#4258,.F.);
#4240 = FACE_BOUND('',#4241,.F.);
#4241 = EDGE_LOOP('',(#4242,#4243,#4251,#4257));
#4242 = ORIENTED_EDGE('',*,*,#3870,.T.);
#4243 = ORIENTED_EDGE('',*,*,#4244,.T.);
#4244 = EDGE_CURVE('',#3863,#4245,#4247,.T.);
#4245 = VERTEX_POINT('',#4246);
#4246 = CARTESIAN_POINT('',(1.2,-2.,3.7));
#4247 = LINE('',#4248,#4249);
#4248 = CARTESIAN_POINT('',(1.2,-2.3,3.7));
#4249 = VECTOR('',#4250,1.);
#4250 = DIRECTION('',(1.224646799147E-16,1.,0.));
#4251 = ORIENTED_EDGE('',*,*,#4252,.F.);
#4252 = EDGE_CURVE('',#4153,#4245,#4253,.T.);
#4253 = LINE('',#4254,#4255);
#4254 = CARTESIAN_POINT('',(1.2,-2.,1.8));
#4255 = VECTOR('',#4256,1.);
#4256 = DIRECTION('',(0.,0.,1.));
#4257 = ORIENTED_EDGE('',*,*,#4160,.F.);
#4258 = PLANE('',#4259);
#4259 = AXIS2_PLACEMENT_3D('',#4260,#4261,#4262);
#4260 = CARTESIAN_POINT('',(1.2,-2.3,1.8));
#4261 = DIRECTION('',(-1.,1.224646799147E-16,0.));
#4262 = DIRECTION('',(1.224646799147E-16,1.,0.));
#4263 = ADVANCED_FACE('',(#4264),#4282,.T.);
#4264 = FACE_BOUND('',#4265,.T.);
#4265 = EDGE_LOOP('',(#4266,#4274,#4280,#4281));
#4266 = ORIENTED_EDGE('',*,*,#4267,.T.);
#4267 = EDGE_CURVE('',#4245,#4268,#4270,.T.);
#4268 = VERTEX_POINT('',#4269);
#4269 = CARTESIAN_POINT('',(0.8,-2.,3.7));
#4270 = LINE('',#4271,#4272);
#4271 = CARTESIAN_POINT('',(1.2,-2.,3.7));
#4272 = VECTOR('',#4273,1.);
#4273 = DIRECTION('',(-1.,1.224646799147E-16,0.));
#4274 = ORIENTED_EDGE('',*,*,#4275,.T.);
#4275 = EDGE_CURVE('',#4268,#3855,#4276,.T.);
#4276 = LINE('',#4277,#4278);
#4277 = CARTESIAN_POINT('',(0.8,-2.,3.7));
#4278 = VECTOR('',#4279,1.);
#4279 = DIRECTION('',(-1.224646799147E-16,-1.,0.));
#4280 = ORIENTED_EDGE('',*,*,#3862,.T.);
#4281 = ORIENTED_EDGE('',*,*,#4244,.T.);
#4282 = PLANE('',#4283);
#4283 = AXIS2_PLACEMENT_3D('',#4284,#4285,#4286);
#4284 = CARTESIAN_POINT('',(1.,-2.15,3.7));
#4285 = DIRECTION('',(0.,0.,1.));
#4286 = DIRECTION('',(-1.,1.224646799147E-16,0.));
#4287 = ADVANCED_FACE('',(#4288),#4299,.F.);
#4288 = FACE_BOUND('',#4289,.F.);
#4289 = EDGE_LOOP('',(#4290,#4296,#4297,#4298));
#4290 = ORIENTED_EDGE('',*,*,#4291,.T.);
#4291 = EDGE_CURVE('',#4145,#4268,#4292,.T.);
#4292 = LINE('',#4293,#4294);
#4293 = CARTESIAN_POINT('',(0.8,-2.,1.8));
#4294 = VECTOR('',#4295,1.);
#4295 = DIRECTION('',(0.,0.,1.));
#4296 = ORIENTED_EDGE('',*,*,#4275,.T.);
#4297 = ORIENTED_EDGE('',*,*,#3854,.F.);
#4298 = ORIENTED_EDGE('',*,*,#4144,.F.);
#4299 = PLANE('',#4300);
#4300 = AXIS2_PLACEMENT_3D('',#4301,#4302,#4303);
#4301 = CARTESIAN_POINT('',(0.8,-2.,1.8));
#4302 = DIRECTION('',(1.,-1.224646799147E-16,0.));
#4303 = DIRECTION('',(-1.224646799147E-16,-1.,0.));
#4304 = ADVANCED_FACE('',(#4305),#4330,.F.);
#4305 = FACE_BOUND('',#4306,.F.);
#4306 = EDGE_LOOP('',(#4307,#4315,#4316,#4324));
#4307 = ORIENTED_EDGE('',*,*,#4308,.F.);
#4308 = EDGE_CURVE('',#3902,#4309,#4311,.T.);
#4309 = VERTEX_POINT('',#4310);
#4310 = CARTESIAN_POINT('',(0.25,0.25,-0.9));
#4311 = LINE('',#4312,#4313);
#4312 = CARTESIAN_POINT('',(0.25,0.25,5.));
#4313 = VECTOR('',#4314,1.);
#4314 = DIRECTION('',(-0.,0.,-1.));
#4315 = ORIENTED_EDGE('',*,*,#3899,.F.);
#4316 = ORIENTED_EDGE('',*,*,#4317,.T.);
#4317 = EDGE_CURVE('',#3900,#4318,#4320,.T.);
#4318 = VERTEX_POINT('',#4319);
#4319 = CARTESIAN_POINT('',(-0.25,0.25,-0.9));
#4320 = LINE('',#4321,#4322);
#4321 = CARTESIAN_POINT('',(-0.25,0.25,5.));
#4322 = VECTOR('',#4323,1.);
#4323 = DIRECTION('',(-0.,0.,-1.));
#4324 = ORIENTED_EDGE('',*,*,#4325,.F.);
#4325 = EDGE_CURVE('',#4309,#4318,#4326,.T.);
#4326 = LINE('',#4327,#4328);
#4327 = CARTESIAN_POINT('',(0.25,0.25,-0.9));
#4328 = VECTOR('',#4329,1.);
#4329 = DIRECTION('',(-1.,1.224646799147E-16,0.));
#4330 = PLANE('',#4331);
#4331 = AXIS2_PLACEMENT_3D('',#4332,#4333,#4334);
#4332 = CARTESIAN_POINT('',(0.25,0.25,5.));
#4333 = DIRECTION('',(-1.224646799147E-16,-1.,0.));
#4334 = DIRECTION('',(-0.,0.,-1.));
#4335 = ADVANCED_FACE('',(#4336),#4386,.T.);
#4336 = FACE_BOUND('',#4337,.T.);
#4337 = EDGE_LOOP('',(#4338,#4348,#4356,#4364,#4370,#4371,#4372,#4380));
#4338 = ORIENTED_EDGE('',*,*,#4339,.T.);
#4339 = EDGE_CURVE('',#4340,#4342,#4344,.T.);
#4340 = VERTEX_POINT('',#4341);
#4341 = CARTESIAN_POINT('',(-0.25,0.281578947368,-3.2));
#4342 = VERTEX_POINT('',#4343);
#4343 = CARTESIAN_POINT('',(-0.25,-0.218421052632,-3.2));
#4344 = LINE('',#4345,#4346);
#4345 = CARTESIAN_POINT('',(-0.25,0.25,-3.2));
#4346 = VECTOR('',#4347,1.);
#4347 = DIRECTION('',(-1.224646799147E-16,-1.,0.));
#4348 = ORIENTED_EDGE('',*,*,#4349,.T.);
#4349 = EDGE_CURVE('',#4342,#4350,#4352,.T.);
#4350 = VERTEX_POINT('',#4351);
#4351 = CARTESIAN_POINT('',(-0.25,5.E-02,-1.5));
#4352 = LINE('',#4353,#4354);
#4353 = CARTESIAN_POINT('',(-0.25,-0.25,-3.4));
#4354 = VECTOR('',#4355,1.);
#4355 = DIRECTION('',(1.909990663905E-17,0.155962573473,0.987762965329)
  );
#4356 = ORIENTED_EDGE('',*,*,#4357,.T.);
#4357 = EDGE_CURVE('',#4350,#4358,#4360,.T.);
#4358 = VERTEX_POINT('',#4359);
#4359 = CARTESIAN_POINT('',(-0.25,-0.25,-0.9));
#4360 = LINE('',#4361,#4362);
#4361 = CARTESIAN_POINT('',(-0.25,5.E-02,-1.5));
#4362 = VECTOR('',#4363,1.);
#4363 = DIRECTION('',(-5.476786982641E-17,-0.4472135955,0.894427191));
#4364 = ORIENTED_EDGE('',*,*,#4365,.T.);
#4365 = EDGE_CURVE('',#4358,#3918,#4366,.T.);
#4366 = LINE('',#4367,#4368);
#4367 = CARTESIAN_POINT('',(-0.25,-0.25,-0.9));
#4368 = VECTOR('',#4369,1.);
#4369 = DIRECTION('',(0.,0.,1.));
#4370 = ORIENTED_EDGE('',*,*,#3925,.F.);
#4371 = ORIENTED_EDGE('',*,*,#4317,.T.);
#4372 = ORIENTED_EDGE('',*,*,#4373,.T.);
#4373 = EDGE_CURVE('',#4318,#4374,#4376,.T.);
#4374 = VERTEX_POINT('',#4375);
#4375 = CARTESIAN_POINT('',(-0.25,0.55,-1.5));
#4376 = LINE('',#4377,#4378);
#4377 = CARTESIAN_POINT('',(-0.25,0.25,-0.9));
#4378 = VECTOR('',#4379,1.);
#4379 = DIRECTION('',(5.476786982641E-17,0.4472135955,-0.894427191));
#4380 = ORIENTED_EDGE('',*,*,#4381,.T.);
#4381 = EDGE_CURVE('',#4374,#4340,#4382,.T.);
#4382 = LINE('',#4383,#4384);
#4383 = CARTESIAN_POINT('',(-0.25,0.55,-1.5));
#4384 = VECTOR('',#4385,1.);
#4385 = DIRECTION('',(-1.909990663905E-17,-0.155962573473,
    -0.987762965329));
#4386 = PLANE('',#4387);
#4387 = AXIS2_PLACEMENT_3D('',#4388,#4389,#4390);
#4388 = CARTESIAN_POINT('',(-0.25,4.326643272645E-02,0.775746953017));
#4389 = DIRECTION('',(-1.,1.224646799147E-16,0.));
#4390 = DIRECTION('',(0.,0.,1.));
#4391 = ADVANCED_FACE('',(#4392),#4410,.F.);
#4392 = FACE_BOUND('',#4393,.F.);
#4393 = EDGE_LOOP('',(#4394,#4402,#4408,#4409));
#4394 = ORIENTED_EDGE('',*,*,#4395,.F.);
#4395 = EDGE_CURVE('',#4396,#3910,#4398,.T.);
#4396 = VERTEX_POINT('',#4397);
#4397 = CARTESIAN_POINT('',(0.25,-0.25,-0.9));
#4398 = LINE('',#4399,#4400);
#4399 = CARTESIAN_POINT('',(0.25,-0.25,-0.9));
#4400 = VECTOR('',#4401,1.);
#4401 = DIRECTION('',(0.,0.,1.));
#4402 = ORIENTED_EDGE('',*,*,#4403,.T.);
#4403 = EDGE_CURVE('',#4396,#4358,#4404,.T.);
#4404 = LINE('',#4405,#4406);
#4405 = CARTESIAN_POINT('',(0.25,-0.25,-0.9));
#4406 = VECTOR('',#4407,1.);
#4407 = DIRECTION('',(-1.,1.224646799147E-16,0.));
#4408 = ORIENTED_EDGE('',*,*,#4365,.T.);
#4409 = ORIENTED_EDGE('',*,*,#3917,.F.);
#4410 = PLANE('',#4411);
#4411 = AXIS2_PLACEMENT_3D('',#4412,#4413,#4414);
#4412 = CARTESIAN_POINT('',(0.25,-0.25,-0.9));
#4413 = DIRECTION('',(1.224646799147E-16,1.,0.));
#4414 = DIRECTION('',(0.,-0.,1.));
#4415 = ADVANCED_FACE('',(#4416),#4459,.F.);
#4416 = FACE_BOUND('',#4417,.F.);
#4417 = EDGE_LOOP('',(#4418,#4428,#4436,#4442,#4443,#4444,#4445,#4453));
#4418 = ORIENTED_EDGE('',*,*,#4419,.T.);
#4419 = EDGE_CURVE('',#4420,#4422,#4424,.T.);
#4420 = VERTEX_POINT('',#4421);
#4421 = CARTESIAN_POINT('',(0.25,0.281578947368,-3.2));
#4422 = VERTEX_POINT('',#4423);
#4423 = CARTESIAN_POINT('',(0.25,-0.218421052632,-3.2));
#4424 = LINE('',#4425,#4426);
#4425 = CARTESIAN_POINT('',(0.25,0.25,-3.2));
#4426 = VECTOR('',#4427,1.);
#4427 = DIRECTION('',(-1.224646799147E-16,-1.,0.));
#4428 = ORIENTED_EDGE('',*,*,#4429,.T.);
#4429 = EDGE_CURVE('',#4422,#4430,#4432,.T.);
#4430 = VERTEX_POINT('',#4431);
#4431 = CARTESIAN_POINT('',(0.25,5.E-02,-1.5));
#4432 = LINE('',#4433,#4434);
#4433 = CARTESIAN_POINT('',(0.25,-0.25,-3.4));
#4434 = VECTOR('',#4435,1.);
#4435 = DIRECTION('',(1.909990663905E-17,0.155962573473,0.987762965329)
  );
#4436 = ORIENTED_EDGE('',*,*,#4437,.T.);
#4437 = EDGE_CURVE('',#4430,#4396,#4438,.T.);
#4438 = LINE('',#4439,#4440);
#4439 = CARTESIAN_POINT('',(0.25,5.E-02,-1.5));
#4440 = VECTOR('',#4441,1.);
#4441 = DIRECTION('',(-5.476786982641E-17,-0.4472135955,0.894427191));
#4442 = ORIENTED_EDGE('',*,*,#4395,.T.);
#4443 = ORIENTED_EDGE('',*,*,#3909,.F.);
#4444 = ORIENTED_EDGE('',*,*,#4308,.T.);
#4445 = ORIENTED_EDGE('',*,*,#4446,.T.);
#4446 = EDGE_CURVE('',#4309,#4447,#4449,.T.);
#4447 = VERTEX_POINT('',#4448);
#4448 = CARTESIAN_POINT('',(0.25,0.55,-1.5));
#4449 = LINE('',#4450,#4451);
#4450 = CARTESIAN_POINT('',(0.25,0.25,-0.9));
#4451 = VECTOR('',#4452,1.);
#4452 = DIRECTION('',(5.476786982641E-17,0.4472135955,-0.894427191));
#4453 = ORIENTED_EDGE('',*,*,#4454,.T.);
#4454 = EDGE_CURVE('',#4447,#4420,#4455,.T.);
#4455 = LINE('',#4456,#4457);
#4456 = CARTESIAN_POINT('',(0.25,0.55,-1.5));
#4457 = VECTOR('',#4458,1.);
#4458 = DIRECTION('',(-1.909990663905E-17,-0.155962573473,
    -0.987762965329));
#4459 = PLANE('',#4460);
#4460 = AXIS2_PLACEMENT_3D('',#4461,#4462,#4463);
#4461 = CARTESIAN_POINT('',(0.25,4.326643272645E-02,0.775746953017));
#4462 = DIRECTION('',(-1.,1.224646799147E-16,0.));
#4463 = DIRECTION('',(0.,0.,1.));
#4464 = ADVANCED_FACE('',(#4465),#4476,.F.);
#4465 = FACE_BOUND('',#4466,.F.);
#4466 = EDGE_LOOP('',(#4467,#4468,#4469,#4475));
#4467 = ORIENTED_EDGE('',*,*,#3985,.T.);
#4468 = ORIENTED_EDGE('',*,*,#4033,.T.);
#4469 = ORIENTED_EDGE('',*,*,#4470,.F.);
#4470 = EDGE_CURVE('',#4107,#4034,#4471,.T.);
#4471 = LINE('',#4472,#4473);
#4472 = CARTESIAN_POINT('',(2.25,0.55,-1.5));
#4473 = VECTOR('',#4474,1.);
#4474 = DIRECTION('',(-1.,1.224646799147E-16,0.));
#4475 = ORIENTED_EDGE('',*,*,#4106,.F.);
#4476 = PLANE('',#4477);
#4477 = AXIS2_PLACEMENT_3D('',#4478,#4479,#4480);
#4478 = CARTESIAN_POINT('',(2.25,0.25,-0.9));
#4479 = DIRECTION('',(-1.095357396528E-16,-0.894427191,-0.4472135955));
#4480 = DIRECTION('',(5.476786982641E-17,0.4472135955,-0.894427191));
#4481 = ADVANCED_FACE('',(#4482),#4523,.F.);
#4482 = FACE_BOUND('',#4483,.T.);
#4483 = EDGE_LOOP('',(#4484,#4494,#4500,#4501,#4509,#4517));
#4484 = ORIENTED_EDGE('',*,*,#4485,.T.);
#4485 = EDGE_CURVE('',#4486,#4488,#4490,.T.);
#4486 = VERTEX_POINT('',#4487);
#4487 = CARTESIAN_POINT('',(1.95,-5.E-02,-3.4));
#4488 = VERTEX_POINT('',#4489);
#4489 = CARTESIAN_POINT('',(1.752447406934,-0.218807485305,
    -3.202447406934));
#4490 = LINE('',#4491,#4492);
#4491 = CARTESIAN_POINT('',(1.983963101414,-2.097873708559E-02,
    -3.433963101414));
#4492 = VECTOR('',#4493,1.);
#4493 = DIRECTION('',(-0.605209817607,-0.517148096144,0.605209817607));
#4494 = ORIENTED_EDGE('',*,*,#4495,.T.);
#4495 = EDGE_CURVE('',#4488,#4002,#4496,.T.);
#4496 = LINE('',#4497,#4498);
#4497 = CARTESIAN_POINT('',(1.955198358413,-0.250820793434,
    -3.405198358413));
#4498 = VECTOR('',#4499,1.);
#4499 = DIRECTION('',(-0.702740385383,0.110959008218,0.702740385383));
#4500 = ORIENTED_EDGE('',*,*,#3999,.F.);
#4501 = ORIENTED_EDGE('',*,*,#4502,.F.);
#4502 = EDGE_CURVE('',#4503,#4000,#4505,.T.);
#4503 = VERTEX_POINT('',#4504);
#4504 = CARTESIAN_POINT('',(1.752447406934,0.281192514695,
    -3.202447406934));
#4505 = LINE('',#4506,#4507);
#4506 = CARTESIAN_POINT('',(1.493844049248,0.322024623803,
    -2.943844049248));
#4507 = VECTOR('',#4508,1.);
#4508 = DIRECTION('',(-0.702740385383,0.110959008218,0.702740385383));
#4509 = ORIENTED_EDGE('',*,*,#4510,.F.);
#4510 = EDGE_CURVE('',#4511,#4503,#4513,.T.);
#4511 = VERTEX_POINT('',#4512);
#4512 = CARTESIAN_POINT('',(1.95,5.E-02,-3.4));
#4513 = LINE('',#4514,#4515);
#4514 = CARTESIAN_POINT('',(1.895376695718,0.113924744707,
    -3.345376695718));
#4515 = VECTOR('',#4516,1.);
#4516 = DIRECTION('',(-0.544770019249,0.63753529491,0.544770019249));
#4517 = ORIENTED_EDGE('',*,*,#4518,.T.);
#4518 = EDGE_CURVE('',#4511,#4486,#4519,.T.);
#4519 = LINE('',#4520,#4521);
#4520 = CARTESIAN_POINT('',(1.95,0.25,-3.4));
#4521 = VECTOR('',#4522,1.);
#4522 = DIRECTION('',(-1.224646799147E-16,-1.,0.));
#4523 = PLANE('',#4524);
#4524 = AXIS2_PLACEMENT_3D('',#4525,#4526,#4527);
#4525 = CARTESIAN_POINT('',(1.85,0.25,-3.3));
#4526 = DIRECTION('',(0.707106781187,-8.833102285013E-17,0.707106781187)
  );
#4527 = DIRECTION('',(1.236918052038E-16,1.,1.227125289097E-18));
#4528 = ADVANCED_FACE('',(#4529),#4549,.F.);
#4529 = FACE_BOUND('',#4530,.F.);
#4530 = EDGE_LOOP('',(#4531,#4532,#4533,#4534,#4535,#4543));
#4531 = ORIENTED_EDGE('',*,*,#4114,.F.);
#4532 = ORIENTED_EDGE('',*,*,#4470,.T.);
#4533 = ORIENTED_EDGE('',*,*,#4041,.T.);
#4534 = ORIENTED_EDGE('',*,*,#4502,.F.);
#4535 = ORIENTED_EDGE('',*,*,#4536,.F.);
#4536 = EDGE_CURVE('',#4537,#4503,#4539,.T.);
#4537 = VERTEX_POINT('',#4538);
#4538 = CARTESIAN_POINT('',(2.247552593066,0.281192514695,
    -3.202447406934));
#4539 = LINE('',#4540,#4541);
#4540 = CARTESIAN_POINT('',(2.25,0.281192514695,-3.202447406934));
#4541 = VECTOR('',#4542,1.);
#4542 = DIRECTION('',(-1.,1.224646799147E-16,0.));
#4543 = ORIENTED_EDGE('',*,*,#4544,.T.);
#4544 = EDGE_CURVE('',#4537,#4080,#4545,.T.);
#4545 = LINE('',#4546,#4547);
#4546 = CARTESIAN_POINT('',(2.629616963064,0.341518467852,
    -2.820383036936));
#4547 = VECTOR('',#4548,1.);
#4548 = DIRECTION('',(0.702740385383,0.110959008218,0.702740385383));
#4549 = PLANE('',#4550);
#4550 = AXIS2_PLACEMENT_3D('',#4551,#4552,#4553);
#4551 = CARTESIAN_POINT('',(2.25,0.55,-1.5));
#4552 = DIRECTION('',(-1.209660753807E-16,-0.987762965329,0.155962573473
    ));
#4553 = DIRECTION('',(-1.909990663905E-17,-0.155962573473,
    -0.987762965329));
#4554 = ADVANCED_FACE('',(#4555),#4566,.F.);
#4555 = FACE_BOUND('',#4556,.F.);
#4556 = EDGE_LOOP('',(#4557,#4563,#4564,#4565));
#4557 = ORIENTED_EDGE('',*,*,#4558,.T.);
#4558 = EDGE_CURVE('',#4090,#4010,#4559,.T.);
#4559 = LINE('',#4560,#4561);
#4560 = CARTESIAN_POINT('',(2.25,5.E-02,-1.5));
#4561 = VECTOR('',#4562,1.);
#4562 = DIRECTION('',(-1.,1.224646799147E-16,0.));
#4563 = ORIENTED_EDGE('',*,*,#4017,.T.);
#4564 = ORIENTED_EDGE('',*,*,#4063,.F.);
#4565 = ORIENTED_EDGE('',*,*,#4097,.F.);
#4566 = PLANE('',#4567);
#4567 = AXIS2_PLACEMENT_3D('',#4568,#4569,#4570);
#4568 = CARTESIAN_POINT('',(2.25,5.E-02,-1.5));
#4569 = DIRECTION('',(1.095357396528E-16,0.894427191,0.4472135955));
#4570 = DIRECTION('',(-5.476786982641E-17,-0.4472135955,0.894427191));
#4571 = ADVANCED_FACE('',(#4572),#4592,.F.);
#4572 = FACE_BOUND('',#4573,.F.);
#4573 = EDGE_LOOP('',(#4574,#4575,#4583,#4589,#4590,#4591));
#4574 = ORIENTED_EDGE('',*,*,#4089,.F.);
#4575 = ORIENTED_EDGE('',*,*,#4576,.F.);
#4576 = EDGE_CURVE('',#4577,#4082,#4579,.T.);
#4577 = VERTEX_POINT('',#4578);
#4578 = CARTESIAN_POINT('',(2.247552593066,-0.218807485305,
    -3.202447406934));
#4579 = LINE('',#4580,#4581);
#4580 = CARTESIAN_POINT('',(2.168262653899,-0.231326949384,
    -3.281737346101));
#4581 = VECTOR('',#4582,1.);
#4582 = DIRECTION('',(0.702740385383,0.110959008218,0.702740385383));
#4583 = ORIENTED_EDGE('',*,*,#4584,.T.);
#4584 = EDGE_CURVE('',#4577,#4488,#4585,.T.);
#4585 = LINE('',#4586,#4587);
#4586 = CARTESIAN_POINT('',(2.25,-0.218807485305,-3.202447406934));
#4587 = VECTOR('',#4588,1.);
#4588 = DIRECTION('',(-1.,1.224646799147E-16,0.));
#4589 = ORIENTED_EDGE('',*,*,#4495,.T.);
#4590 = ORIENTED_EDGE('',*,*,#4009,.T.);
#4591 = ORIENTED_EDGE('',*,*,#4558,.F.);
#4592 = PLANE('',#4593);
#4593 = AXIS2_PLACEMENT_3D('',#4594,#4595,#4596);
#4594 = CARTESIAN_POINT('',(2.25,-0.25,-3.4));
#4595 = DIRECTION('',(1.209660753807E-16,0.987762965329,-0.155962573473)
  );
#4596 = DIRECTION('',(1.909990663905E-17,0.155962573473,0.987762965329)
  );
#4597 = ADVANCED_FACE('',(#4598),#4625,.T.);
#4598 = FACE_BOUND('',#4599,.F.);
#4599 = EDGE_LOOP('',(#4600,#4608,#4609,#4610,#4611,#4619));
#4600 = ORIENTED_EDGE('',*,*,#4601,.T.);
#4601 = EDGE_CURVE('',#4602,#4577,#4604,.T.);
#4602 = VERTEX_POINT('',#4603);
#4603 = CARTESIAN_POINT('',(2.05,-5.E-02,-3.4));
#4604 = LINE('',#4605,#4606);
#4605 = CARTESIAN_POINT('',(2.107606629418,-9.922451332131E-02,
    -3.342393370582));
#4606 = VECTOR('',#4607,1.);
#4607 = DIRECTION('',(0.605209817607,-0.517148096144,0.605209817607));
#4608 = ORIENTED_EDGE('',*,*,#4576,.T.);
#4609 = ORIENTED_EDGE('',*,*,#4079,.F.);
#4610 = ORIENTED_EDGE('',*,*,#4544,.F.);
#4611 = ORIENTED_EDGE('',*,*,#4612,.F.);
#4612 = EDGE_CURVE('',#4613,#4537,#4615,.T.);
#4613 = VERTEX_POINT('',#4614);
#4614 = CARTESIAN_POINT('',(2.05,5.E-02,-3.4));
#4615 = LINE('',#4616,#4617);
#4616 = CARTESIAN_POINT('',(2.17881689775,0.200752273427,-3.27118310225)
  );
#4617 = VECTOR('',#4618,1.);
#4618 = DIRECTION('',(0.544770019249,0.63753529491,0.544770019249));
#4619 = ORIENTED_EDGE('',*,*,#4620,.T.);
#4620 = EDGE_CURVE('',#4613,#4602,#4621,.T.);
#4621 = LINE('',#4622,#4623);
#4622 = CARTESIAN_POINT('',(2.05,0.25,-3.4));
#4623 = VECTOR('',#4624,1.);
#4624 = DIRECTION('',(-1.224646799147E-16,-1.,0.));
#4625 = PLANE('',#4626);
#4626 = AXIS2_PLACEMENT_3D('',#4627,#4628,#4629);
#4627 = CARTESIAN_POINT('',(2.15,0.25,-3.3));
#4628 = DIRECTION('',(0.707106781187,-8.486018839685E-17,-0.707106781187
    ));
#4629 = DIRECTION('',(1.212375546256E-16,1.,1.227125289196E-18));
#4630 = ADVANCED_FACE('',(#4631),#4637,.F.);
#4631 = FACE_BOUND('',#4632,.F.);
#4632 = EDGE_LOOP('',(#4633,#4634,#4635,#4636));
#4633 = ORIENTED_EDGE('',*,*,#4252,.T.);
#4634 = ORIENTED_EDGE('',*,*,#4267,.T.);
#4635 = ORIENTED_EDGE('',*,*,#4291,.F.);
#4636 = ORIENTED_EDGE('',*,*,#4152,.F.);
#4637 = PLANE('',#4638);
#4638 = AXIS2_PLACEMENT_3D('',#4639,#4640,#4641);
#4639 = CARTESIAN_POINT('',(1.2,-2.,1.8));
#4640 = DIRECTION('',(-1.224646799147E-16,-1.,0.));
#4641 = DIRECTION('',(-1.,1.224646799147E-16,0.));
#4642 = ADVANCED_FACE('',(#4643),#4668,.F.);
#4643 = FACE_BOUND('',#4644,.F.);
#4644 = EDGE_LOOP('',(#4645,#4653,#4661,#4667));
#4645 = ORIENTED_EDGE('',*,*,#4646,.F.);
#4646 = EDGE_CURVE('',#4647,#4172,#4649,.T.);
#4647 = VERTEX_POINT('',#4648);
#4648 = CARTESIAN_POINT('',(2.25,0.25,4.8));
#4649 = LINE('',#4650,#4651);
#4650 = CARTESIAN_POINT('',(2.25,0.25,5.));
#4651 = VECTOR('',#4652,1.);
#4652 = DIRECTION('',(-0.,0.,-1.));
#4653 = ORIENTED_EDGE('',*,*,#4654,.T.);
#4654 = EDGE_CURVE('',#4647,#4655,#4657,.T.);
#4655 = VERTEX_POINT('',#4656);
#4656 = CARTESIAN_POINT('',(1.75,0.25,4.8));
#4657 = LINE('',#4658,#4659);
#4658 = CARTESIAN_POINT('',(2.25,0.25,4.8));
#4659 = VECTOR('',#4660,1.);
#4660 = DIRECTION('',(-1.,1.224646799147E-16,0.));
#4661 = ORIENTED_EDGE('',*,*,#4662,.T.);
#4662 = EDGE_CURVE('',#4655,#4170,#4663,.T.);
#4663 = LINE('',#4664,#4665);
#4664 = CARTESIAN_POINT('',(1.75,0.25,5.));
#4665 = VECTOR('',#4666,1.);
#4666 = DIRECTION('',(-0.,0.,-1.));
#4667 = ORIENTED_EDGE('',*,*,#4169,.T.);
#4668 = PLANE('',#4669);
#4669 = AXIS2_PLACEMENT_3D('',#4670,#4671,#4672);
#4670 = CARTESIAN_POINT('',(2.25,0.25,5.));
#4671 = DIRECTION('',(-1.224646799147E-16,-1.,0.));
#4672 = DIRECTION('',(-0.,0.,-1.));
#4673 = ADVANCED_FACE('',(#4674),#4692,.T.);
#4674 = FACE_BOUND('',#4675,.T.);
#4675 = EDGE_LOOP('',(#4676,#4677,#4685,#4691));
#4676 = ORIENTED_EDGE('',*,*,#4195,.T.);
#4677 = ORIENTED_EDGE('',*,*,#4678,.T.);
#4678 = EDGE_CURVE('',#4188,#4679,#4681,.T.);
#4679 = VERTEX_POINT('',#4680);
#4680 = CARTESIAN_POINT('',(1.75,-0.25,4.8));
#4681 = LINE('',#4682,#4683);
#4682 = CARTESIAN_POINT('',(1.75,-0.25,-0.9));
#4683 = VECTOR('',#4684,1.);
#4684 = DIRECTION('',(0.,0.,1.));
#4685 = ORIENTED_EDGE('',*,*,#4686,.T.);
#4686 = EDGE_CURVE('',#4679,#4655,#4687,.T.);
#4687 = LINE('',#4688,#4689);
#4688 = CARTESIAN_POINT('',(1.75,-0.25,4.8));
#4689 = VECTOR('',#4690,1.);
#4690 = DIRECTION('',(1.224646799147E-16,1.,0.));
#4691 = ORIENTED_EDGE('',*,*,#4662,.T.);
#4692 = PLANE('',#4693);
#4693 = AXIS2_PLACEMENT_3D('',#4694,#4695,#4696);
#4694 = CARTESIAN_POINT('',(1.75,4.326643272645E-02,0.775746953017));
#4695 = DIRECTION('',(-1.,1.224646799147E-16,0.));
#4696 = DIRECTION('',(0.,0.,1.));
#4697 = ADVANCED_FACE('',(#4698),#4716,.F.);
#4698 = FACE_BOUND('',#4699,.F.);
#4699 = EDGE_LOOP('',(#4700,#4708,#4709,#4710));
#4700 = ORIENTED_EDGE('',*,*,#4701,.F.);
#4701 = EDGE_CURVE('',#4180,#4702,#4704,.T.);
#4702 = VERTEX_POINT('',#4703);
#4703 = CARTESIAN_POINT('',(2.25,-0.25,4.8));
#4704 = LINE('',#4705,#4706);
#4705 = CARTESIAN_POINT('',(2.25,-0.25,-0.9));
#4706 = VECTOR('',#4707,1.);
#4707 = DIRECTION('',(0.,0.,1.));
#4708 = ORIENTED_EDGE('',*,*,#4187,.T.);
#4709 = ORIENTED_EDGE('',*,*,#4678,.T.);
#4710 = ORIENTED_EDGE('',*,*,#4711,.F.);
#4711 = EDGE_CURVE('',#4702,#4679,#4712,.T.);
#4712 = LINE('',#4713,#4714);
#4713 = CARTESIAN_POINT('',(2.25,-0.25,4.8));
#4714 = VECTOR('',#4715,1.);
#4715 = DIRECTION('',(-1.,1.224646799147E-16,0.));
#4716 = PLANE('',#4717);
#4717 = AXIS2_PLACEMENT_3D('',#4718,#4719,#4720);
#4718 = CARTESIAN_POINT('',(2.25,-0.25,-0.9));
#4719 = DIRECTION('',(1.224646799147E-16,1.,0.));
#4720 = DIRECTION('',(0.,-0.,1.));
#4721 = ADVANCED_FACE('',(#4722),#4733,.F.);
#4722 = FACE_BOUND('',#4723,.F.);
#4723 = EDGE_LOOP('',(#4724,#4725,#4726,#4732));
#4724 = ORIENTED_EDGE('',*,*,#4179,.T.);
#4725 = ORIENTED_EDGE('',*,*,#4701,.T.);
#4726 = ORIENTED_EDGE('',*,*,#4727,.T.);
#4727 = EDGE_CURVE('',#4702,#4647,#4728,.T.);
#4728 = LINE('',#4729,#4730);
#4729 = CARTESIAN_POINT('',(2.25,-0.25,4.8));
#4730 = VECTOR('',#4731,1.);
#4731 = DIRECTION('',(1.224646799147E-16,1.,0.));
#4732 = ORIENTED_EDGE('',*,*,#4646,.T.);
#4733 = PLANE('',#4734);
#4734 = AXIS2_PLACEMENT_3D('',#4735,#4736,#4737);
#4735 = CARTESIAN_POINT('',(2.25,4.326643272645E-02,0.775746953017));
#4736 = DIRECTION('',(-1.,1.224646799147E-16,0.));
#4737 = DIRECTION('',(0.,0.,1.));
#4738 = ADVANCED_FACE('',(#4739),#4764,.F.);
#4739 = FACE_BOUND('',#4740,.F.);
#4740 = EDGE_LOOP('',(#4741,#4749,#4757,#4763));
#4741 = ORIENTED_EDGE('',*,*,#4742,.F.);
#4742 = EDGE_CURVE('',#4743,#4206,#4745,.T.);
#4743 = VERTEX_POINT('',#4744);
#4744 = CARTESIAN_POINT('',(0.25,0.25,4.8));
#4745 = LINE('',#4746,#4747);
#4746 = CARTESIAN_POINT('',(0.25,0.25,5.));
#4747 = VECTOR('',#4748,1.);
#4748 = DIRECTION('',(-0.,0.,-1.));
#4749 = ORIENTED_EDGE('',*,*,#4750,.T.);
#4750 = EDGE_CURVE('',#4743,#4751,#4753,.T.);
#4751 = VERTEX_POINT('',#4752);
#4752 = CARTESIAN_POINT('',(-0.25,0.25,4.8));
#4753 = LINE('',#4754,#4755);
#4754 = CARTESIAN_POINT('',(0.25,0.25,4.8));
#4755 = VECTOR('',#4756,1.);
#4756 = DIRECTION('',(-1.,1.224646799147E-16,0.));
#4757 = ORIENTED_EDGE('',*,*,#4758,.T.);
#4758 = EDGE_CURVE('',#4751,#4204,#4759,.T.);
#4759 = LINE('',#4760,#4761);
#4760 = CARTESIAN_POINT('',(-0.25,0.25,5.));
#4761 = VECTOR('',#4762,1.);
#4762 = DIRECTION('',(-0.,0.,-1.));
#4763 = ORIENTED_EDGE('',*,*,#4203,.T.);
#4764 = PLANE('',#4765);
#4765 = AXIS2_PLACEMENT_3D('',#4766,#4767,#4768);
#4766 = CARTESIAN_POINT('',(0.25,0.25,5.));
#4767 = DIRECTION('',(-1.224646799147E-16,-1.,0.));
#4768 = DIRECTION('',(-0.,0.,-1.));
#4769 = ADVANCED_FACE('',(#4770),#4788,.T.);
#4770 = FACE_BOUND('',#4771,.T.);
#4771 = EDGE_LOOP('',(#4772,#4773,#4781,#4787));
#4772 = ORIENTED_EDGE('',*,*,#4229,.T.);
#4773 = ORIENTED_EDGE('',*,*,#4774,.T.);
#4774 = EDGE_CURVE('',#4222,#4775,#4777,.T.);
#4775 = VERTEX_POINT('',#4776);
#4776 = CARTESIAN_POINT('',(-0.25,-0.25,4.8));
#4777 = LINE('',#4778,#4779);
#4778 = CARTESIAN_POINT('',(-0.25,-0.25,-0.9));
#4779 = VECTOR('',#4780,1.);
#4780 = DIRECTION('',(0.,0.,1.));
#4781 = ORIENTED_EDGE('',*,*,#4782,.T.);
#4782 = EDGE_CURVE('',#4775,#4751,#4783,.T.);
#4783 = LINE('',#4784,#4785);
#4784 = CARTESIAN_POINT('',(-0.25,-0.25,4.8));
#4785 = VECTOR('',#4786,1.);
#4786 = DIRECTION('',(1.224646799147E-16,1.,0.));
#4787 = ORIENTED_EDGE('',*,*,#4758,.T.);
#4788 = PLANE('',#4789);
#4789 = AXIS2_PLACEMENT_3D('',#4790,#4791,#4792);
#4790 = CARTESIAN_POINT('',(-0.25,4.326643272645E-02,0.775746953017));
#4791 = DIRECTION('',(-1.,1.224646799147E-16,0.));
#4792 = DIRECTION('',(0.,0.,1.));
#4793 = ADVANCED_FACE('',(#4794),#4812,.F.);
#4794 = FACE_BOUND('',#4795,.F.);
#4795 = EDGE_LOOP('',(#4796,#4804,#4805,#4806));
#4796 = ORIENTED_EDGE('',*,*,#4797,.F.);
#4797 = EDGE_CURVE('',#4214,#4798,#4800,.T.);
#4798 = VERTEX_POINT('',#4799);
#4799 = CARTESIAN_POINT('',(0.25,-0.25,4.8));
#4800 = LINE('',#4801,#4802);
#4801 = CARTESIAN_POINT('',(0.25,-0.25,-0.9));
#4802 = VECTOR('',#4803,1.);
#4803 = DIRECTION('',(0.,0.,1.));
#4804 = ORIENTED_EDGE('',*,*,#4221,.T.);
#4805 = ORIENTED_EDGE('',*,*,#4774,.T.);
#4806 = ORIENTED_EDGE('',*,*,#4807,.F.);
#4807 = EDGE_CURVE('',#4798,#4775,#4808,.T.);
#4808 = LINE('',#4809,#4810);
#4809 = CARTESIAN_POINT('',(0.25,-0.25,4.8));
#4810 = VECTOR('',#4811,1.);
#4811 = DIRECTION('',(-1.,1.224646799147E-16,0.));
#4812 = PLANE('',#4813);
#4813 = AXIS2_PLACEMENT_3D('',#4814,#4815,#4816);
#4814 = CARTESIAN_POINT('',(0.25,-0.25,-0.9));
#4815 = DIRECTION('',(1.224646799147E-16,1.,0.));
#4816 = DIRECTION('',(0.,-0.,1.));
#4817 = ADVANCED_FACE('',(#4818),#4829,.F.);
#4818 = FACE_BOUND('',#4819,.F.);
#4819 = EDGE_LOOP('',(#4820,#4821,#4822,#4828));
#4820 = ORIENTED_EDGE('',*,*,#4213,.T.);
#4821 = ORIENTED_EDGE('',*,*,#4797,.T.);
#4822 = ORIENTED_EDGE('',*,*,#4823,.T.);
#4823 = EDGE_CURVE('',#4798,#4743,#4824,.T.);
#4824 = LINE('',#4825,#4826);
#4825 = CARTESIAN_POINT('',(0.25,-0.25,4.8));
#4826 = VECTOR('',#4827,1.);
#4827 = DIRECTION('',(1.224646799147E-16,1.,0.));
#4828 = ORIENTED_EDGE('',*,*,#4742,.T.);
#4829 = PLANE('',#4830);
#4830 = AXIS2_PLACEMENT_3D('',#4831,#4832,#4833);
#4831 = CARTESIAN_POINT('',(0.25,4.326643272645E-02,0.775746953017));
#4832 = DIRECTION('',(-1.,1.224646799147E-16,0.));
#4833 = DIRECTION('',(0.,0.,1.));
#4834 = ADVANCED_FACE('',(#4835),#4846,.F.);
#4835 = FACE_BOUND('',#4836,.F.);
#4836 = EDGE_LOOP('',(#4837,#4838,#4839,#4845));
#4837 = ORIENTED_EDGE('',*,*,#4325,.T.);
#4838 = ORIENTED_EDGE('',*,*,#4373,.T.);
#4839 = ORIENTED_EDGE('',*,*,#4840,.F.);
#4840 = EDGE_CURVE('',#4447,#4374,#4841,.T.);
#4841 = LINE('',#4842,#4843);
#4842 = CARTESIAN_POINT('',(0.25,0.55,-1.5));
#4843 = VECTOR('',#4844,1.);
#4844 = DIRECTION('',(-1.,1.224646799147E-16,0.));
#4845 = ORIENTED_EDGE('',*,*,#4446,.F.);
#4846 = PLANE('',#4847);
#4847 = AXIS2_PLACEMENT_3D('',#4848,#4849,#4850);
#4848 = CARTESIAN_POINT('',(0.25,0.25,-0.9));
#4849 = DIRECTION('',(-1.095357396528E-16,-0.894427191,-0.4472135955));
#4850 = DIRECTION('',(5.476786982641E-17,0.4472135955,-0.894427191));
#4851 = ADVANCED_FACE('',(#4852),#4893,.F.);
#4852 = FACE_BOUND('',#4853,.T.);
#4853 = EDGE_LOOP('',(#4854,#4864,#4870,#4871,#4879,#4887));
#4854 = ORIENTED_EDGE('',*,*,#4855,.T.);
#4855 = EDGE_CURVE('',#4856,#4858,#4860,.T.);
#4856 = VERTEX_POINT('',#4857);
#4857 = CARTESIAN_POINT('',(-5.E-02,-5.E-02,-3.4));
#4858 = VERTEX_POINT('',#4859);
#4859 = CARTESIAN_POINT('',(-0.247552593066,-0.218807485305,
    -3.202447406934));
#4860 = LINE('',#4861,#4862);
#4861 = CARTESIAN_POINT('',(-1.603689858649E-02,-2.097873708559E-02,
    -3.433963101414));
#4862 = VECTOR('',#4863,1.);
#4863 = DIRECTION('',(-0.605209817607,-0.517148096144,0.605209817607));
#4864 = ORIENTED_EDGE('',*,*,#4865,.T.);
#4865 = EDGE_CURVE('',#4858,#4342,#4866,.T.);
#4866 = LINE('',#4867,#4868);
#4867 = CARTESIAN_POINT('',(-4.480164158687E-02,-0.250820793434,
    -3.405198358413));
#4868 = VECTOR('',#4869,1.);
#4869 = DIRECTION('',(-0.702740385383,0.110959008218,0.702740385383));
#4870 = ORIENTED_EDGE('',*,*,#4339,.F.);
#4871 = ORIENTED_EDGE('',*,*,#4872,.F.);
#4872 = EDGE_CURVE('',#4873,#4340,#4875,.T.);
#4873 = VERTEX_POINT('',#4874);
#4874 = CARTESIAN_POINT('',(-0.247552593066,0.281192514695,
    -3.202447406934));
#4875 = LINE('',#4876,#4877);
#4876 = CARTESIAN_POINT('',(-0.506155950752,0.322024623803,
    -2.943844049248));
#4877 = VECTOR('',#4878,1.);
#4878 = DIRECTION('',(-0.702740385383,0.110959008218,0.702740385383));
#4879 = ORIENTED_EDGE('',*,*,#4880,.F.);
#4880 = EDGE_CURVE('',#4881,#4873,#4883,.T.);
#4881 = VERTEX_POINT('',#4882);
#4882 = CARTESIAN_POINT('',(-5.E-02,5.E-02,-3.4));
#4883 = LINE('',#4884,#4885);
#4884 = CARTESIAN_POINT('',(-0.104623304282,0.113924744707,
    -3.345376695718));
#4885 = VECTOR('',#4886,1.);
#4886 = DIRECTION('',(-0.544770019249,0.63753529491,0.544770019249));
#4887 = ORIENTED_EDGE('',*,*,#4888,.T.);
#4888 = EDGE_CURVE('',#4881,#4856,#4889,.T.);
#4889 = LINE('',#4890,#4891);
#4890 = CARTESIAN_POINT('',(-5.E-02,0.25,-3.4));
#4891 = VECTOR('',#4892,1.);
#4892 = DIRECTION('',(-1.224646799147E-16,-1.,0.));
#4893 = PLANE('',#4894);
#4894 = AXIS2_PLACEMENT_3D('',#4895,#4896,#4897);
#4895 = CARTESIAN_POINT('',(-0.15,0.25,-3.3));
#4896 = DIRECTION('',(0.707106781187,-8.833102285013E-17,0.707106781187)
  );
#4897 = DIRECTION('',(1.236918052038E-16,1.,1.227125289097E-18));
#4898 = ADVANCED_FACE('',(#4899),#4919,.F.);
#4899 = FACE_BOUND('',#4900,.F.);
#4900 = EDGE_LOOP('',(#4901,#4902,#4903,#4904,#4905,#4913));
#4901 = ORIENTED_EDGE('',*,*,#4454,.F.);
#4902 = ORIENTED_EDGE('',*,*,#4840,.T.);
#4903 = ORIENTED_EDGE('',*,*,#4381,.T.);
#4904 = ORIENTED_EDGE('',*,*,#4872,.F.);
#4905 = ORIENTED_EDGE('',*,*,#4906,.F.);
#4906 = EDGE_CURVE('',#4907,#4873,#4909,.T.);
#4907 = VERTEX_POINT('',#4908);
#4908 = CARTESIAN_POINT('',(0.247552593066,0.281192514695,
    -3.202447406934));
#4909 = LINE('',#4910,#4911);
#4910 = CARTESIAN_POINT('',(0.25,0.281192514695,-3.202447406934));
#4911 = VECTOR('',#4912,1.);
#4912 = DIRECTION('',(-1.,1.224646799147E-16,0.));
#4913 = ORIENTED_EDGE('',*,*,#4914,.T.);
#4914 = EDGE_CURVE('',#4907,#4420,#4915,.T.);
#4915 = LINE('',#4916,#4917);
#4916 = CARTESIAN_POINT('',(0.629616963064,0.341518467852,
    -2.820383036936));
#4917 = VECTOR('',#4918,1.);
#4918 = DIRECTION('',(0.702740385383,0.110959008218,0.702740385383));
#4919 = PLANE('',#4920);
#4920 = AXIS2_PLACEMENT_3D('',#4921,#4922,#4923);
#4921 = CARTESIAN_POINT('',(0.25,0.55,-1.5));
#4922 = DIRECTION('',(-1.209660753807E-16,-0.987762965329,0.155962573473
    ));
#4923 = DIRECTION('',(-1.909990663905E-17,-0.155962573473,
    -0.987762965329));
#4924 = ADVANCED_FACE('',(#4925),#4936,.F.);
#4925 = FACE_BOUND('',#4926,.F.);
#4926 = EDGE_LOOP('',(#4927,#4933,#4934,#4935));
#4927 = ORIENTED_EDGE('',*,*,#4928,.T.);
#4928 = EDGE_CURVE('',#4430,#4350,#4929,.T.);
#4929 = LINE('',#4930,#4931);
#4930 = CARTESIAN_POINT('',(0.25,5.E-02,-1.5));
#4931 = VECTOR('',#4932,1.);
#4932 = DIRECTION('',(-1.,1.224646799147E-16,0.));
#4933 = ORIENTED_EDGE('',*,*,#4357,.T.);
#4934 = ORIENTED_EDGE('',*,*,#4403,.F.);
#4935 = ORIENTED_EDGE('',*,*,#4437,.F.);
#4936 = PLANE('',#4937);
#4937 = AXIS2_PLACEMENT_3D('',#4938,#4939,#4940);
#4938 = CARTESIAN_POINT('',(0.25,5.E-02,-1.5));
#4939 = DIRECTION('',(1.095357396528E-16,0.894427191,0.4472135955));
#4940 = DIRECTION('',(-5.476786982641E-17,-0.4472135955,0.894427191));
#4941 = ADVANCED_FACE('',(#4942),#4962,.F.);
#4942 = FACE_BOUND('',#4943,.F.);
#4943 = EDGE_LOOP('',(#4944,#4945,#4953,#4959,#4960,#4961));
#4944 = ORIENTED_EDGE('',*,*,#4429,.F.);
#4945 = ORIENTED_EDGE('',*,*,#4946,.F.);
#4946 = EDGE_CURVE('',#4947,#4422,#4949,.T.);
#4947 = VERTEX_POINT('',#4948);
#4948 = CARTESIAN_POINT('',(0.247552593066,-0.218807485305,
    -3.202447406934));
#4949 = LINE('',#4950,#4951);
#4950 = CARTESIAN_POINT('',(0.168262653899,-0.231326949384,
    -3.281737346101));
#4951 = VECTOR('',#4952,1.);
#4952 = DIRECTION('',(0.702740385383,0.110959008218,0.702740385383));
#4953 = ORIENTED_EDGE('',*,*,#4954,.T.);
#4954 = EDGE_CURVE('',#4947,#4858,#4955,.T.);
#4955 = LINE('',#4956,#4957);
#4956 = CARTESIAN_POINT('',(0.25,-0.218807485305,-3.202447406934));
#4957 = VECTOR('',#4958,1.);
#4958 = DIRECTION('',(-1.,1.224646799147E-16,0.));
#4959 = ORIENTED_EDGE('',*,*,#4865,.T.);
#4960 = ORIENTED_EDGE('',*,*,#4349,.T.);
#4961 = ORIENTED_EDGE('',*,*,#4928,.F.);
#4962 = PLANE('',#4963);
#4963 = AXIS2_PLACEMENT_3D('',#4964,#4965,#4966);
#4964 = CARTESIAN_POINT('',(0.25,-0.25,-3.4));
#4965 = DIRECTION('',(1.209660753807E-16,0.987762965329,-0.155962573473)
  );
#4966 = DIRECTION('',(1.909990663905E-17,0.155962573473,0.987762965329)
  );
#4967 = ADVANCED_FACE('',(#4968),#4995,.T.);
#4968 = FACE_BOUND('',#4969,.F.);
#4969 = EDGE_LOOP('',(#4970,#4978,#4979,#4980,#4981,#4989));
#4970 = ORIENTED_EDGE('',*,*,#4971,.T.);
#4971 = EDGE_CURVE('',#4972,#4947,#4974,.T.);
#4972 = VERTEX_POINT('',#4973);
#4973 = CARTESIAN_POINT('',(5.E-02,-5.E-02,-3.4));
#4974 = LINE('',#4975,#4976);
#4975 = CARTESIAN_POINT('',(0.107606629418,-9.922451332131E-02,
    -3.342393370582));
#4976 = VECTOR('',#4977,1.);
#4977 = DIRECTION('',(0.605209817607,-0.517148096144,0.605209817607));
#4978 = ORIENTED_EDGE('',*,*,#4946,.T.);
#4979 = ORIENTED_EDGE('',*,*,#4419,.F.);
#4980 = ORIENTED_EDGE('',*,*,#4914,.F.);
#4981 = ORIENTED_EDGE('',*,*,#4982,.F.);
#4982 = EDGE_CURVE('',#4983,#4907,#4985,.T.);
#4983 = VERTEX_POINT('',#4984);
#4984 = CARTESIAN_POINT('',(5.E-02,5.E-02,-3.4));
#4985 = LINE('',#4986,#4987);
#4986 = CARTESIAN_POINT('',(0.17881689775,0.200752273427,-3.27118310225)
  );
#4987 = VECTOR('',#4988,1.);
#4988 = DIRECTION('',(0.544770019249,0.63753529491,0.544770019249));
#4989 = ORIENTED_EDGE('',*,*,#4990,.T.);
#4990 = EDGE_CURVE('',#4983,#4972,#4991,.T.);
#4991 = LINE('',#4992,#4993);
#4992 = CARTESIAN_POINT('',(5.E-02,0.25,-3.4));
#4993 = VECTOR('',#4994,1.);
#4994 = DIRECTION('',(-1.224646799147E-16,-1.,0.));
#4995 = PLANE('',#4996);
#4996 = AXIS2_PLACEMENT_3D('',#4997,#4998,#4999);
#4997 = CARTESIAN_POINT('',(0.15,0.25,-3.3));
#4998 = DIRECTION('',(0.707106781187,-8.486018839685E-17,-0.707106781187
    ));
#4999 = DIRECTION('',(1.212375546256E-16,1.,1.227125289196E-18));
#5000 = ADVANCED_FACE('',(#5001),#5012,.T.);
#5001 = FACE_BOUND('',#5002,.F.);
#5002 = EDGE_LOOP('',(#5003,#5004,#5010,#5011));
#5003 = ORIENTED_EDGE('',*,*,#4601,.F.);
#5004 = ORIENTED_EDGE('',*,*,#5005,.T.);
#5005 = EDGE_CURVE('',#4602,#4486,#5006,.T.);
#5006 = LINE('',#5007,#5008);
#5007 = CARTESIAN_POINT('',(2.25,-5.E-02,-3.4));
#5008 = VECTOR('',#5009,1.);
#5009 = DIRECTION('',(-1.,1.224646799147E-16,0.));
#5010 = ORIENTED_EDGE('',*,*,#4485,.T.);
#5011 = ORIENTED_EDGE('',*,*,#4584,.F.);
#5012 = PLANE('',#5013);
#5013 = AXIS2_PLACEMENT_3D('',#5014,#5015,#5016);
#5014 = CARTESIAN_POINT('',(2.25,-0.134403742653,-3.301223703467));
#5015 = DIRECTION('',(-9.136856246232E-17,-0.760250805153,-0.64962967394
    ));
#5016 = DIRECTION('',(1.,-1.211454098155E-16,1.127308249542E-18));
#5017 = ADVANCED_FACE('',(#5018),#5029,.F.);
#5018 = FACE_BOUND('',#5019,.F.);
#5019 = EDGE_LOOP('',(#5020,#5021,#5022,#5028));
#5020 = ORIENTED_EDGE('',*,*,#5005,.F.);
#5021 = ORIENTED_EDGE('',*,*,#4620,.F.);
#5022 = ORIENTED_EDGE('',*,*,#5023,.T.);
#5023 = EDGE_CURVE('',#4613,#4511,#5024,.T.);
#5024 = LINE('',#5025,#5026);
#5025 = CARTESIAN_POINT('',(2.25,5.E-02,-3.4));
#5026 = VECTOR('',#5027,1.);
#5027 = DIRECTION('',(-1.,1.224646799147E-16,0.));
#5028 = ORIENTED_EDGE('',*,*,#4518,.T.);
#5029 = PLANE('',#5030);
#5030 = AXIS2_PLACEMENT_3D('',#5031,#5032,#5033);
#5031 = CARTESIAN_POINT('',(2.25,0.25,-3.4));
#5032 = DIRECTION('',(0.,0.,1.));
#5033 = DIRECTION('',(-1.224646799147E-16,-1.,0.));
#5034 = ADVANCED_FACE('',(#5035),#5041,.T.);
#5035 = FACE_BOUND('',#5036,.T.);
#5036 = EDGE_LOOP('',(#5037,#5038,#5039,#5040));
#5037 = ORIENTED_EDGE('',*,*,#4612,.F.);
#5038 = ORIENTED_EDGE('',*,*,#5023,.T.);
#5039 = ORIENTED_EDGE('',*,*,#4510,.T.);
#5040 = ORIENTED_EDGE('',*,*,#4536,.F.);
#5041 = PLANE('',#5042);
#5042 = AXIS2_PLACEMENT_3D('',#5043,#5044,#5045);
#5043 = CARTESIAN_POINT('',(2.25,0.165596257347,-3.301223703467));
#5044 = DIRECTION('',(8.302774088379E-17,0.64962967394,-0.760250805153)
  );
#5045 = DIRECTION('',(-1.,1.247195775152E-16,-2.638869166629E-18));
#5046 = ADVANCED_FACE('',(#5047),#5072,.T.);
#5047 = FACE_BOUND('',#5048,.F.);
#5048 = EDGE_LOOP('',(#5049,#5057,#5065,#5071));
#5049 = ORIENTED_EDGE('',*,*,#5050,.F.);
#5050 = EDGE_CURVE('',#5051,#4647,#5053,.T.);
#5051 = VERTEX_POINT('',#5052);
#5052 = CARTESIAN_POINT('',(2.05,5.E-02,5.));
#5053 = LINE('',#5054,#5055);
#5054 = CARTESIAN_POINT('',(2.1,0.1,4.95));
#5055 = VECTOR('',#5056,1.);
#5056 = DIRECTION('',(0.57735026919,0.57735026919,-0.57735026919));
#5057 = ORIENTED_EDGE('',*,*,#5058,.T.);
#5058 = EDGE_CURVE('',#5051,#5059,#5061,.T.);
#5059 = VERTEX_POINT('',#5060);
#5060 = CARTESIAN_POINT('',(1.95,5.E-02,5.));
#5061 = LINE('',#5062,#5063);
#5062 = CARTESIAN_POINT('',(2.25,5.E-02,5.));
#5063 = VECTOR('',#5064,1.);
#5064 = DIRECTION('',(-1.,1.224646799147E-16,0.));
#5065 = ORIENTED_EDGE('',*,*,#5066,.T.);
#5066 = EDGE_CURVE('',#5059,#4655,#5067,.T.);
#5067 = LINE('',#5068,#5069);
#5068 = CARTESIAN_POINT('',(1.983333333333,1.666666666667E-02,
    5.033333333333));
#5069 = VECTOR('',#5070,1.);
#5070 = DIRECTION('',(-0.57735026919,0.57735026919,-0.57735026919));
#5071 = ORIENTED_EDGE('',*,*,#4654,.F.);
#5072 = PLANE('',#5073);
#5073 = AXIS2_PLACEMENT_3D('',#5074,#5075,#5076);
#5074 = CARTESIAN_POINT('',(2.25,0.15,4.9));
#5075 = DIRECTION('',(8.833102285013E-17,0.707106781187,0.707106781187)
  );
#5076 = DIRECTION('',(1.,-1.236918052038E-16,-1.227125289097E-18));
#5077 = ADVANCED_FACE('',(#5078),#5096,.F.);
#5078 = FACE_BOUND('',#5079,.T.);
#5079 = EDGE_LOOP('',(#5080,#5088,#5094,#5095));
#5080 = ORIENTED_EDGE('',*,*,#5081,.F.);
#5081 = EDGE_CURVE('',#5082,#4679,#5084,.T.);
#5082 = VERTEX_POINT('',#5083);
#5083 = CARTESIAN_POINT('',(1.95,-5.E-02,5.));
#5084 = LINE('',#5085,#5086);
#5085 = CARTESIAN_POINT('',(1.9,-0.1,4.95));
#5086 = VECTOR('',#5087,1.);
#5087 = DIRECTION('',(-0.57735026919,-0.57735026919,-0.57735026919));
#5088 = ORIENTED_EDGE('',*,*,#5089,.T.);
#5089 = EDGE_CURVE('',#5082,#5059,#5090,.T.);
#5090 = LINE('',#5091,#5092);
#5091 = CARTESIAN_POINT('',(1.95,-0.25,5.));
#5092 = VECTOR('',#5093,1.);
#5093 = DIRECTION('',(1.224646799147E-16,1.,0.));
#5094 = ORIENTED_EDGE('',*,*,#5066,.T.);
#5095 = ORIENTED_EDGE('',*,*,#4686,.F.);
#5096 = PLANE('',#5097);
#5097 = AXIS2_PLACEMENT_3D('',#5098,#5099,#5100);
#5098 = CARTESIAN_POINT('',(1.85,-0.25,4.9));
#5099 = DIRECTION('',(0.707106781187,-8.486018839685E-17,-0.707106781187
    ));
#5100 = DIRECTION('',(-1.212375546256E-16,-1.,-1.227125289196E-18));
#5101 = ADVANCED_FACE('',(#5102),#5120,.T.);
#5102 = FACE_BOUND('',#5103,.F.);
#5103 = EDGE_LOOP('',(#5104,#5112,#5113,#5114));
#5104 = ORIENTED_EDGE('',*,*,#5105,.F.);
#5105 = EDGE_CURVE('',#4702,#5106,#5108,.T.);
#5106 = VERTEX_POINT('',#5107);
#5107 = CARTESIAN_POINT('',(2.05,-5.E-02,5.));
#5108 = LINE('',#5109,#5110);
#5109 = CARTESIAN_POINT('',(2.183333333333,-0.183333333333,
    4.866666666667));
#5110 = VECTOR('',#5111,1.);
#5111 = DIRECTION('',(-0.57735026919,0.57735026919,0.57735026919));
#5112 = ORIENTED_EDGE('',*,*,#4711,.T.);
#5113 = ORIENTED_EDGE('',*,*,#5081,.F.);
#5114 = ORIENTED_EDGE('',*,*,#5115,.F.);
#5115 = EDGE_CURVE('',#5106,#5082,#5116,.T.);
#5116 = LINE('',#5117,#5118);
#5117 = CARTESIAN_POINT('',(2.25,-5.E-02,5.));
#5118 = VECTOR('',#5119,1.);
#5119 = DIRECTION('',(-1.,1.224646799147E-16,0.));
#5120 = PLANE('',#5121);
#5121 = AXIS2_PLACEMENT_3D('',#5122,#5123,#5124);
#5122 = CARTESIAN_POINT('',(2.25,-0.15,4.9));
#5123 = DIRECTION('',(-8.833102285013E-17,-0.707106781187,0.707106781187
    ));
#5124 = DIRECTION('',(1.,-1.236918052038E-16,1.227125289097E-18));
#5125 = ADVANCED_FACE('',(#5126),#5137,.T.);
#5126 = FACE_BOUND('',#5127,.F.);
#5127 = EDGE_LOOP('',(#5128,#5129,#5135,#5136));
#5128 = ORIENTED_EDGE('',*,*,#5105,.T.);
#5129 = ORIENTED_EDGE('',*,*,#5130,.T.);
#5130 = EDGE_CURVE('',#5106,#5051,#5131,.T.);
#5131 = LINE('',#5132,#5133);
#5132 = CARTESIAN_POINT('',(2.05,-0.25,5.));
#5133 = VECTOR('',#5134,1.);
#5134 = DIRECTION('',(1.224646799147E-16,1.,0.));
#5135 = ORIENTED_EDGE('',*,*,#5050,.T.);
#5136 = ORIENTED_EDGE('',*,*,#4727,.F.);
#5137 = PLANE('',#5138);
#5138 = AXIS2_PLACEMENT_3D('',#5139,#5140,#5141);
#5139 = CARTESIAN_POINT('',(2.15,-0.25,4.9));
#5140 = DIRECTION('',(0.707106781187,-8.833102285013E-17,0.707106781187)
  );
#5141 = DIRECTION('',(-1.236918052038E-16,-1.,-1.227125289097E-18));
#5142 = ADVANCED_FACE('',(#5143),#5168,.T.);
#5143 = FACE_BOUND('',#5144,.F.);
#5144 = EDGE_LOOP('',(#5145,#5153,#5161,#5167));
#5145 = ORIENTED_EDGE('',*,*,#5146,.F.);
#5146 = EDGE_CURVE('',#5147,#4743,#5149,.T.);
#5147 = VERTEX_POINT('',#5148);
#5148 = CARTESIAN_POINT('',(5.E-02,5.E-02,5.));
#5149 = LINE('',#5150,#5151);
#5150 = CARTESIAN_POINT('',(0.1,0.1,4.95));
#5151 = VECTOR('',#5152,1.);
#5152 = DIRECTION('',(0.57735026919,0.57735026919,-0.57735026919));
#5153 = ORIENTED_EDGE('',*,*,#5154,.T.);
#5154 = EDGE_CURVE('',#5147,#5155,#5157,.T.);
#5155 = VERTEX_POINT('',#5156);
#5156 = CARTESIAN_POINT('',(-5.E-02,5.E-02,5.));
#5157 = LINE('',#5158,#5159);
#5158 = CARTESIAN_POINT('',(0.25,5.E-02,5.));
#5159 = VECTOR('',#5160,1.);
#5160 = DIRECTION('',(-1.,1.224646799147E-16,0.));
#5161 = ORIENTED_EDGE('',*,*,#5162,.T.);
#5162 = EDGE_CURVE('',#5155,#4751,#5163,.T.);
#5163 = LINE('',#5164,#5165);
#5164 = CARTESIAN_POINT('',(-1.666666666667E-02,1.666666666667E-02,
    5.033333333333));
#5165 = VECTOR('',#5166,1.);
#5166 = DIRECTION('',(-0.57735026919,0.57735026919,-0.57735026919));
#5167 = ORIENTED_EDGE('',*,*,#4750,.F.);
#5168 = PLANE('',#5169);
#5169 = AXIS2_PLACEMENT_3D('',#5170,#5171,#5172);
#5170 = CARTESIAN_POINT('',(0.25,0.15,4.9));
#5171 = DIRECTION('',(8.833102285013E-17,0.707106781187,0.707106781187)
  );
#5172 = DIRECTION('',(1.,-1.236918052038E-16,-1.227125289097E-18));
#5173 = ADVANCED_FACE('',(#5174),#5192,.F.);
#5174 = FACE_BOUND('',#5175,.T.);
#5175 = EDGE_LOOP('',(#5176,#5184,#5190,#5191));
#5176 = ORIENTED_EDGE('',*,*,#5177,.F.);
#5177 = EDGE_CURVE('',#5178,#4775,#5180,.T.);
#5178 = VERTEX_POINT('',#5179);
#5179 = CARTESIAN_POINT('',(-5.E-02,-5.E-02,5.));
#5180 = LINE('',#5181,#5182);
#5181 = CARTESIAN_POINT('',(-0.1,-0.1,4.95));
#5182 = VECTOR('',#5183,1.);
#5183 = DIRECTION('',(-0.57735026919,-0.57735026919,-0.57735026919));
#5184 = ORIENTED_EDGE('',*,*,#5185,.T.);
#5185 = EDGE_CURVE('',#5178,#5155,#5186,.T.);
#5186 = LINE('',#5187,#5188);
#5187 = CARTESIAN_POINT('',(-5.E-02,-0.25,5.));
#5188 = VECTOR('',#5189,1.);
#5189 = DIRECTION('',(1.224646799147E-16,1.,0.));
#5190 = ORIENTED_EDGE('',*,*,#5162,.T.);
#5191 = ORIENTED_EDGE('',*,*,#4782,.F.);
#5192 = PLANE('',#5193);
#5193 = AXIS2_PLACEMENT_3D('',#5194,#5195,#5196);
#5194 = CARTESIAN_POINT('',(-0.15,-0.25,4.9));
#5195 = DIRECTION('',(0.707106781187,-8.486018839685E-17,-0.707106781187
    ));
#5196 = DIRECTION('',(-1.212375546256E-16,-1.,-1.227125289196E-18));
#5197 = ADVANCED_FACE('',(#5198),#5216,.T.);
#5198 = FACE_BOUND('',#5199,.F.);
#5199 = EDGE_LOOP('',(#5200,#5208,#5209,#5210));
#5200 = ORIENTED_EDGE('',*,*,#5201,.F.);
#5201 = EDGE_CURVE('',#4798,#5202,#5204,.T.);
#5202 = VERTEX_POINT('',#5203);
#5203 = CARTESIAN_POINT('',(5.E-02,-5.E-02,5.));
#5204 = LINE('',#5205,#5206);
#5205 = CARTESIAN_POINT('',(0.183333333333,-0.183333333333,
    4.866666666667));
#5206 = VECTOR('',#5207,1.);
#5207 = DIRECTION('',(-0.57735026919,0.57735026919,0.57735026919));
#5208 = ORIENTED_EDGE('',*,*,#4807,.T.);
#5209 = ORIENTED_EDGE('',*,*,#5177,.F.);
#5210 = ORIENTED_EDGE('',*,*,#5211,.F.);
#5211 = EDGE_CURVE('',#5202,#5178,#5212,.T.);
#5212 = LINE('',#5213,#5214);
#5213 = CARTESIAN_POINT('',(0.25,-5.E-02,5.));
#5214 = VECTOR('',#5215,1.);
#5215 = DIRECTION('',(-1.,1.224646799147E-16,0.));
#5216 = PLANE('',#5217);
#5217 = AXIS2_PLACEMENT_3D('',#5218,#5219,#5220);
#5218 = CARTESIAN_POINT('',(0.25,-0.15,4.9));
#5219 = DIRECTION('',(-8.833102285013E-17,-0.707106781187,0.707106781187
    ));
#5220 = DIRECTION('',(1.,-1.236918052038E-16,1.227125289097E-18));
#5221 = ADVANCED_FACE('',(#5222),#5233,.T.);
#5222 = FACE_BOUND('',#5223,.F.);
#5223 = EDGE_LOOP('',(#5224,#5225,#5231,#5232));
#5224 = ORIENTED_EDGE('',*,*,#5201,.T.);
#5225 = ORIENTED_EDGE('',*,*,#5226,.T.);
#5226 = EDGE_CURVE('',#5202,#5147,#5227,.T.);
#5227 = LINE('',#5228,#5229);
#5228 = CARTESIAN_POINT('',(5.E-02,-0.25,5.));
#5229 = VECTOR('',#5230,1.);
#5230 = DIRECTION('',(1.224646799147E-16,1.,0.));
#5231 = ORIENTED_EDGE('',*,*,#5146,.T.);
#5232 = ORIENTED_EDGE('',*,*,#4823,.F.);
#5233 = PLANE('',#5234);
#5234 = AXIS2_PLACEMENT_3D('',#5235,#5236,#5237);
#5235 = CARTESIAN_POINT('',(0.15,-0.25,4.9));
#5236 = DIRECTION('',(0.707106781187,-8.833102285013E-17,0.707106781187)
  );
#5237 = DIRECTION('',(-1.236918052038E-16,-1.,-1.227125289097E-18));
#5238 = ADVANCED_FACE('',(#5239),#5250,.T.);
#5239 = FACE_BOUND('',#5240,.F.);
#5240 = EDGE_LOOP('',(#5241,#5242,#5248,#5249));
#5241 = ORIENTED_EDGE('',*,*,#4971,.F.);
#5242 = ORIENTED_EDGE('',*,*,#5243,.T.);
#5243 = EDGE_CURVE('',#4972,#4856,#5244,.T.);
#5244 = LINE('',#5245,#5246);
#5245 = CARTESIAN_POINT('',(0.25,-5.E-02,-3.4));
#5246 = VECTOR('',#5247,1.);
#5247 = DIRECTION('',(-1.,1.224646799147E-16,0.));
#5248 = ORIENTED_EDGE('',*,*,#4855,.T.);
#5249 = ORIENTED_EDGE('',*,*,#4954,.F.);
#5250 = PLANE('',#5251);
#5251 = AXIS2_PLACEMENT_3D('',#5252,#5253,#5254);
#5252 = CARTESIAN_POINT('',(0.25,-0.134403742653,-3.301223703467));
#5253 = DIRECTION('',(-9.136856246232E-17,-0.760250805153,-0.64962967394
    ));
#5254 = DIRECTION('',(1.,-1.211454098155E-16,1.127308249542E-18));
#5255 = ADVANCED_FACE('',(#5256),#5267,.F.);
#5256 = FACE_BOUND('',#5257,.F.);
#5257 = EDGE_LOOP('',(#5258,#5259,#5260,#5266));
#5258 = ORIENTED_EDGE('',*,*,#5243,.F.);
#5259 = ORIENTED_EDGE('',*,*,#4990,.F.);
#5260 = ORIENTED_EDGE('',*,*,#5261,.T.);
#5261 = EDGE_CURVE('',#4983,#4881,#5262,.T.);
#5262 = LINE('',#5263,#5264);
#5263 = CARTESIAN_POINT('',(0.25,5.E-02,-3.4));
#5264 = VECTOR('',#5265,1.);
#5265 = DIRECTION('',(-1.,1.224646799147E-16,0.));
#5266 = ORIENTED_EDGE('',*,*,#4888,.T.);
#5267 = PLANE('',#5268);
#5268 = AXIS2_PLACEMENT_3D('',#5269,#5270,#5271);
#5269 = CARTESIAN_POINT('',(0.25,0.25,-3.4));
#5270 = DIRECTION('',(0.,0.,1.));
#5271 = DIRECTION('',(-1.224646799147E-16,-1.,0.));
#5272 = ADVANCED_FACE('',(#5273),#5279,.T.);
#5273 = FACE_BOUND('',#5274,.T.);
#5274 = EDGE_LOOP('',(#5275,#5276,#5277,#5278));
#5275 = ORIENTED_EDGE('',*,*,#4982,.F.);
#5276 = ORIENTED_EDGE('',*,*,#5261,.T.);
#5277 = ORIENTED_EDGE('',*,*,#4880,.T.);
#5278 = ORIENTED_EDGE('',*,*,#4906,.F.);
#5279 = PLANE('',#5280);
#5280 = AXIS2_PLACEMENT_3D('',#5281,#5282,#5283);
#5281 = CARTESIAN_POINT('',(0.25,0.165596257347,-3.301223703467));
#5282 = DIRECTION('',(8.302774088379E-17,0.64962967394,-0.760250805153)
  );
#5283 = DIRECTION('',(-1.,1.247195775152E-16,-2.638869166629E-18));
#5284 = ADVANCED_FACE('',(#5285),#5291,.F.);
#5285 = FACE_BOUND('',#5286,.F.);
#5286 = EDGE_LOOP('',(#5287,#5288,#5289,#5290));
#5287 = ORIENTED_EDGE('',*,*,#5089,.T.);
#5288 = ORIENTED_EDGE('',*,*,#5058,.F.);
#5289 = ORIENTED_EDGE('',*,*,#5130,.F.);
#5290 = ORIENTED_EDGE('',*,*,#5115,.T.);
#5291 = PLANE('',#5292);
#5292 = AXIS2_PLACEMENT_3D('',#5293,#5294,#5295);
#5293 = CARTESIAN_POINT('',(2.25,-0.25,5.));
#5294 = DIRECTION('',(-0.,0.,-1.));
#5295 = DIRECTION('',(1.224646799147E-16,1.,0.));
#5296 = ADVANCED_FACE('',(#5297),#5303,.F.);
#5297 = FACE_BOUND('',#5298,.F.);
#5298 = EDGE_LOOP('',(#5299,#5300,#5301,#5302));
#5299 = ORIENTED_EDGE('',*,*,#5185,.T.);
#5300 = ORIENTED_EDGE('',*,*,#5154,.F.);
#5301 = ORIENTED_EDGE('',*,*,#5226,.F.);
#5302 = ORIENTED_EDGE('',*,*,#5211,.T.);
#5303 = PLANE('',#5304);
#5304 = AXIS2_PLACEMENT_3D('',#5305,#5306,#5307);
#5305 = CARTESIAN_POINT('',(0.25,-0.25,5.));
#5306 = DIRECTION('',(-0.,0.,-1.));
#5307 = DIRECTION('',(1.224646799147E-16,1.,0.));
#5308 = ( GEOMETRIC_REPRESENTATION_CONTEXT(3) 
GLOBAL_UNCERTAINTY_ASSIGNED_CONTEXT((#5312)) 
GLOBAL_UNIT_ASSIGNED_CONTEXT((#5309,#5310,#5311)) REPRESENTATION_CONTEXT
('Context #1','3D Context with UNIT and UNCERTAINTY') );
#5309 = ( LENGTH_UNIT() NAMED_UNIT(*) SI_UNIT(.MILLI.,.METRE.) );
#5310 = ( NAMED_UNIT(*) PLANE_ANGLE_UNIT() SI_UNIT($,.RADIAN.) );
#5311 = ( NAMED_UNIT(*) SI_UNIT($,.STERADIAN.) SOLID_ANGLE_UNIT() );
#5312 = UNCERTAINTY_MEASURE_WITH_UNIT(LENGTH_MEASURE(1.E-07),#5309,
  'distance_accuracy_value','confusion accuracy');
#5313 = CONTEXT_DEPENDENT_SHAPE_REPRESENTATION(#5314,#5316);
#5314 = ( REPRESENTATION_RELATIONSHIP('','',#2415,#10) 
REPRESENTATION_RELATIONSHIP_WITH_TRANSFORMATION(#5315) 
SHAPE_REPRESENTATION_RELATIONSHIP() );
#5315 = ITEM_DEFINED_TRANSFORMATION('','',#11,#23);
#5316 = PRODUCT_DEFINITION_SHAPE('Placement','Placement of an item',
  #5317);
#5317 = NEXT_ASSEMBLY_USAGE_OCCURRENCE('3','BT1','',#5,#2410,$);
#5318 = PRODUCT_RELATED_PRODUCT_CATEGORY('part',$,(#2412));
#5319 = CONTEXT_DEPENDENT_SHAPE_REPRESENTATION(#5320,#5322);
#5320 = ( REPRESENTATION_RELATIONSHIP('','',#64,#10) 
REPRESENTATION_RELATIONSHIP_WITH_TRANSFORMATION(#5321) 
SHAPE_REPRESENTATION_RELATIONSHIP() );
#5321 = ITEM_DEFINED_TRANSFORMATION('','',#11,#27);
#5322 = PRODUCT_DEFINITION_SHAPE('Placement','Placement of an item',
  #5323);
#5323 = NEXT_ASSEMBLY_USAGE_OCCURRENCE('4','R3','',#5,#59,$);
#5324 = SHAPE_DEFINITION_REPRESENTATION(#5325,#5331);
#5325 = PRODUCT_DEFINITION_SHAPE('','',#5326);
#5326 = PRODUCT_DEFINITION('design','',#5327,#5330);
#5327 = PRODUCT_DEFINITION_FORMATION('','',#5328);
#5328 = PRODUCT('PinHeader_1x03_P2.54mm_Vertical',
  'PinHeader_1x03_P2.54mm_Vertical','',(#5329));
#5329 = PRODUCT_CONTEXT('',#2,'mechanical');
#5330 = PRODUCT_DEFINITION_CONTEXT('part definition',#2,'design');
#5331 = ADVANCED_BREP_SHAPE_REPRESENTATION('',(#11,#5332),#7438);
#5332 = MANIFOLD_SOLID_BREP('',#5333);
#5333 = CLOSED_SHELL('',(#5334,#5374,#5405,#5436,#5683,#5930,#5947,#5964
    ,#5981,#5998,#6015,#6032,#6049,#6066,#6083,#6100,#6117,#6134,#6151,
    #6168,#6185,#6202,#6214,#6245,#6269,#6293,#6310,#6341,#6365,#6389,
    #6406,#6437,#6461,#6485,#6502,#6533,#6557,#6581,#6598,#6629,#6653,
    #6677,#6694,#6725,#6749,#6773,#6790,#6821,#6845,#6869,#6886,#6917,
    #6941,#6965,#6982,#7013,#7037,#7061,#7078,#7109,#7133,#7157,#7174,
    #7205,#7229,#7253,#7270,#7301,#7325,#7349,#7366,#7378,#7390,#7402,
    #7414,#7426));
#5334 = ADVANCED_FACE('',(#5335),#5369,.F.);
#5335 = FACE_BOUND('',#5336,.F.);
#5336 = EDGE_LOOP('',(#5337,#5347,#5355,#5363));
#5337 = ORIENTED_EDGE('',*,*,#5338,.T.);
#5338 = EDGE_CURVE('',#5339,#5341,#5343,.T.);
#5339 = VERTEX_POINT('',#5340);
#5340 = CARTESIAN_POINT('',(-1.016,1.27,0.));
#5341 = VERTEX_POINT('',#5342);
#5342 = CARTESIAN_POINT('',(-1.016,1.27,2.54));
#5343 = LINE('',#5344,#5345);
#5344 = CARTESIAN_POINT('',(-1.016,1.27,0.));
#5345 = VECTOR('',#5346,1.);
#5346 = DIRECTION('',(0.,0.,1.));
#5347 = ORIENTED_EDGE('',*,*,#5348,.T.);
#5348 = EDGE_CURVE('',#5341,#5349,#5351,.T.);
#5349 = VERTEX_POINT('',#5350);
#5350 = CARTESIAN_POINT('',(-1.27,1.016,2.54));
#5351 = LINE('',#5352,#5353);
#5352 = CARTESIAN_POINT('',(-1.016,1.27,2.54));
#5353 = VECTOR('',#5354,1.);
#5354 = DIRECTION('',(-0.707106781187,-0.707106781187,0.));
#5355 = ORIENTED_EDGE('',*,*,#5356,.F.);
#5356 = EDGE_CURVE('',#5357,#5349,#5359,.T.);
#5357 = VERTEX_POINT('',#5358);
#5358 = CARTESIAN_POINT('',(-1.27,1.016,0.));
#5359 = LINE('',#5360,#5361);
#5360 = CARTESIAN_POINT('',(-1.27,1.016,0.));
#5361 = VECTOR('',#5362,1.);
#5362 = DIRECTION('',(0.,0.,1.));
#5363 = ORIENTED_EDGE('',*,*,#5364,.F.);
#5364 = EDGE_CURVE('',#5339,#5357,#5365,.T.);
#5365 = LINE('',#5366,#5367);
#5366 = CARTESIAN_POINT('',(-1.016,1.27,0.));
#5367 = VECTOR('',#5368,1.);
#5368 = DIRECTION('',(-0.707106781187,-0.707106781187,0.));
#5369 = PLANE('',#5370);
#5370 = AXIS2_PLACEMENT_3D('',#5371,#5372,#5373);
#5371 = CARTESIAN_POINT('',(-1.016,1.27,0.));
#5372 = DIRECTION('',(0.707106781187,-0.707106781187,0.));
#5373 = DIRECTION('',(-0.707106781187,-0.707106781187,0.));
#5374 = ADVANCED_FACE('',(#5375),#5400,.F.);
#5375 = FACE_BOUND('',#5376,.F.);
#5376 = EDGE_LOOP('',(#5377,#5387,#5393,#5394));
#5377 = ORIENTED_EDGE('',*,*,#5378,.T.);
#5378 = EDGE_CURVE('',#5379,#5381,#5383,.T.);
#5379 = VERTEX_POINT('',#5380);
#5380 = CARTESIAN_POINT('',(1.016,1.27,0.));
#5381 = VERTEX_POINT('',#5382);
#5382 = CARTESIAN_POINT('',(1.016,1.27,2.54));
#5383 = LINE('',#5384,#5385);
#5384 = CARTESIAN_POINT('',(1.016,1.27,0.));
#5385 = VECTOR('',#5386,1.);
#5386 = DIRECTION('',(0.,0.,1.));
#5387 = ORIENTED_EDGE('',*,*,#5388,.T.);
#5388 = EDGE_CURVE('',#5381,#5341,#5389,.T.);
#5389 = LINE('',#5390,#5391);
#5390 = CARTESIAN_POINT('',(1.016,1.27,2.54));
#5391 = VECTOR('',#5392,1.);
#5392 = DIRECTION('',(-1.,0.,0.));
#5393 = ORIENTED_EDGE('',*,*,#5338,.F.);
#5394 = ORIENTED_EDGE('',*,*,#5395,.F.);
#5395 = EDGE_CURVE('',#5379,#5339,#5396,.T.);
#5396 = LINE('',#5397,#5398);
#5397 = CARTESIAN_POINT('',(1.016,1.27,0.));
#5398 = VECTOR('',#5399,1.);
#5399 = DIRECTION('',(-1.,0.,0.));
#5400 = PLANE('',#5401);
#5401 = AXIS2_PLACEMENT_3D('',#5402,#5403,#5404);
#5402 = CARTESIAN_POINT('',(1.016,1.27,0.));
#5403 = DIRECTION('',(0.,-1.,0.));
#5404 = DIRECTION('',(-1.,0.,0.));
#5405 = ADVANCED_FACE('',(#5406),#5431,.F.);
#5406 = FACE_BOUND('',#5407,.F.);
#5407 = EDGE_LOOP('',(#5408,#5409,#5417,#5425));
#5408 = ORIENTED_EDGE('',*,*,#5356,.T.);
#5409 = ORIENTED_EDGE('',*,*,#5410,.T.);
#5410 = EDGE_CURVE('',#5349,#5411,#5413,.T.);
#5411 = VERTEX_POINT('',#5412);
#5412 = CARTESIAN_POINT('',(-1.27,-1.016,2.54));
#5413 = LINE('',#5414,#5415);
#5414 = CARTESIAN_POINT('',(-1.27,1.016,2.54));
#5415 = VECTOR('',#5416,1.);
#5416 = DIRECTION('',(0.,-1.,0.));
#5417 = ORIENTED_EDGE('',*,*,#5418,.F.);
#5418 = EDGE_CURVE('',#5419,#5411,#5421,.T.);
#5419 = VERTEX_POINT('',#5420);
#5420 = CARTESIAN_POINT('',(-1.27,-1.016,0.));
#5421 = LINE('',#5422,#5423);
#5422 = CARTESIAN_POINT('',(-1.27,-1.016,0.));
#5423 = VECTOR('',#5424,1.);
#5424 = DIRECTION('',(0.,0.,1.));
#5425 = ORIENTED_EDGE('',*,*,#5426,.F.);
#5426 = EDGE_CURVE('',#5357,#5419,#5427,.T.);
#5427 = LINE('',#5428,#5429);
#5428 = CARTESIAN_POINT('',(-1.27,1.016,0.));
#5429 = VECTOR('',#5430,1.);
#5430 = DIRECTION('',(0.,-1.,0.));
#5431 = PLANE('',#5432);
#5432 = AXIS2_PLACEMENT_3D('',#5433,#5434,#5435);
#5433 = CARTESIAN_POINT('',(-1.27,1.016,0.));
#5434 = DIRECTION('',(1.,0.,0.));
#5435 = DIRECTION('',(0.,-1.,0.));
#5436 = ADVANCED_FACE('',(#5437,#5576,#5610,#5644),#5678,.F.);
#5437 = FACE_BOUND('',#5438,.F.);
#5438 = EDGE_LOOP('',(#5439,#5440,#5441,#5449,#5457,#5465,#5473,#5481,
    #5489,#5497,#5505,#5513,#5521,#5529,#5537,#5545,#5553,#5561,#5569,
    #5575));
#5439 = ORIENTED_EDGE('',*,*,#5364,.T.);
#5440 = ORIENTED_EDGE('',*,*,#5426,.T.);
#5441 = ORIENTED_EDGE('',*,*,#5442,.T.);
#5442 = EDGE_CURVE('',#5419,#5443,#5445,.T.);
#5443 = VERTEX_POINT('',#5444);
#5444 = CARTESIAN_POINT('',(-1.016,-1.27,0.));
#5445 = LINE('',#5446,#5447);
#5446 = CARTESIAN_POINT('',(-1.27,-1.016,0.));
#5447 = VECTOR('',#5448,1.);
#5448 = DIRECTION('',(0.707106781187,-0.707106781187,0.));
#5449 = ORIENTED_EDGE('',*,*,#5450,.T.);
#5450 = EDGE_CURVE('',#5443,#5451,#5453,.T.);
#5451 = VERTEX_POINT('',#5452);
#5452 = CARTESIAN_POINT('',(-1.27,-1.524,0.));
#5453 = LINE('',#5454,#5455);
#5454 = CARTESIAN_POINT('',(-1.016,-1.27,0.));
#5455 = VECTOR('',#5456,1.);
#5456 = DIRECTION('',(-0.707106781187,-0.707106781187,0.));
#5457 = ORIENTED_EDGE('',*,*,#5458,.T.);
#5458 = EDGE_CURVE('',#5451,#5459,#5461,.T.);
#5459 = VERTEX_POINT('',#5460);
#5460 = CARTESIAN_POINT('',(-1.27,-3.556,0.));
#5461 = LINE('',#5462,#5463);
#5462 = CARTESIAN_POINT('',(-1.27,-1.524,0.));
#5463 = VECTOR('',#5464,1.);
#5464 = DIRECTION('',(0.,-1.,0.));
#5465 = ORIENTED_EDGE('',*,*,#5466,.T.);
#5466 = EDGE_CURVE('',#5459,#5467,#5469,.T.);
#5467 = VERTEX_POINT('',#5468);
#5468 = CARTESIAN_POINT('',(-1.016,-3.81,0.));
#5469 = LINE('',#5470,#5471);
#5470 = CARTESIAN_POINT('',(-1.27,-3.556,0.));
#5471 = VECTOR('',#5472,1.);
#5472 = DIRECTION('',(0.707106781187,-0.707106781187,0.));
#5473 = ORIENTED_EDGE('',*,*,#5474,.T.);
#5474 = EDGE_CURVE('',#5467,#5475,#5477,.T.);
#5475 = VERTEX_POINT('',#5476);
#5476 = CARTESIAN_POINT('',(-1.27,-4.064,0.));
#5477 = LINE('',#5478,#5479);
#5478 = CARTESIAN_POINT('',(-1.016,-3.81,0.));
#5479 = VECTOR('',#5480,1.);
#5480 = DIRECTION('',(-0.707106781187,-0.707106781187,0.));
#5481 = ORIENTED_EDGE('',*,*,#5482,.T.);
#5482 = EDGE_CURVE('',#5475,#5483,#5485,.T.);
#5483 = VERTEX_POINT('',#5484);
#5484 = CARTESIAN_POINT('',(-1.27,-6.096,0.));
#5485 = LINE('',#5486,#5487);
#5486 = CARTESIAN_POINT('',(-1.27,-4.064,0.));
#5487 = VECTOR('',#5488,1.);
#5488 = DIRECTION('',(0.,-1.,0.));
#5489 = ORIENTED_EDGE('',*,*,#5490,.T.);
#5490 = EDGE_CURVE('',#5483,#5491,#5493,.T.);
#5491 = VERTEX_POINT('',#5492);
#5492 = CARTESIAN_POINT('',(-1.016,-6.35,0.));
#5493 = LINE('',#5494,#5495);
#5494 = CARTESIAN_POINT('',(-1.27,-6.096,0.));
#5495 = VECTOR('',#5496,1.);
#5496 = DIRECTION('',(0.707106781187,-0.707106781187,0.));
#5497 = ORIENTED_EDGE('',*,*,#5498,.T.);
#5498 = EDGE_CURVE('',#5491,#5499,#5501,.T.);
#5499 = VERTEX_POINT('',#5500);
#5500 = CARTESIAN_POINT('',(1.016,-6.35,0.));
#5501 = LINE('',#5502,#5503);
#5502 = CARTESIAN_POINT('',(-1.016,-6.35,0.));
#5503 = VECTOR('',#5504,1.);
#5504 = DIRECTION('',(1.,0.,0.));
#5505 = ORIENTED_EDGE('',*,*,#5506,.T.);
#5506 = EDGE_CURVE('',#5499,#5507,#5509,.T.);
#5507 = VERTEX_POINT('',#5508);
#5508 = CARTESIAN_POINT('',(1.27,-6.096,0.));
#5509 = LINE('',#5510,#5511);
#5510 = CARTESIAN_POINT('',(1.016,-6.35,0.));
#5511 = VECTOR('',#5512,1.);
#5512 = DIRECTION('',(0.707106781187,0.707106781187,0.));
#5513 = ORIENTED_EDGE('',*,*,#5514,.T.);
#5514 = EDGE_CURVE('',#5507,#5515,#5517,.T.);
#5515 = VERTEX_POINT('',#5516);
#5516 = CARTESIAN_POINT('',(1.27,-4.064,0.));
#5517 = LINE('',#5518,#5519);
#5518 = CARTESIAN_POINT('',(1.27,-6.096,0.));
#5519 = VECTOR('',#5520,1.);
#5520 = DIRECTION('',(0.,1.,0.));
#5521 = ORIENTED_EDGE('',*,*,#5522,.T.);
#5522 = EDGE_CURVE('',#5515,#5523,#5525,.T.);
#5523 = VERTEX_POINT('',#5524);
#5524 = CARTESIAN_POINT('',(1.016,-3.81,0.));
#5525 = LINE('',#5526,#5527);
#5526 = CARTESIAN_POINT('',(1.27,-4.064,0.));
#5527 = VECTOR('',#5528,1.);
#5528 = DIRECTION('',(-0.707106781187,0.707106781187,0.));
#5529 = ORIENTED_EDGE('',*,*,#5530,.T.);
#5530 = EDGE_CURVE('',#5523,#5531,#5533,.T.);
#5531 = VERTEX_POINT('',#5532);
#5532 = CARTESIAN_POINT('',(1.27,-3.556,0.));
#5533 = LINE('',#5534,#5535);
#5534 = CARTESIAN_POINT('',(1.016,-3.81,0.));
#5535 = VECTOR('',#5536,1.);
#5536 = DIRECTION('',(0.707106781187,0.707106781187,0.));
#5537 = ORIENTED_EDGE('',*,*,#5538,.T.);
#5538 = EDGE_CURVE('',#5531,#5539,#5541,.T.);
#5539 = VERTEX_POINT('',#5540);
#5540 = CARTESIAN_POINT('',(1.27,-1.524,0.));
#5541 = LINE('',#5542,#5543);
#5542 = CARTESIAN_POINT('',(1.27,-3.556,0.));
#5543 = VECTOR('',#5544,1.);
#5544 = DIRECTION('',(0.,1.,0.));
#5545 = ORIENTED_EDGE('',*,*,#5546,.T.);
#5546 = EDGE_CURVE('',#5539,#5547,#5549,.T.);
#5547 = VERTEX_POINT('',#5548);
#5548 = CARTESIAN_POINT('',(1.016,-1.27,0.));
#5549 = LINE('',#5550,#5551);
#5550 = CARTESIAN_POINT('',(1.27,-1.524,0.));
#5551 = VECTOR('',#5552,1.);
#5552 = DIRECTION('',(-0.707106781187,0.707106781187,0.));
#5553 = ORIENTED_EDGE('',*,*,#5554,.T.);
#5554 = EDGE_CURVE('',#5547,#5555,#5557,.T.);
#5555 = VERTEX_POINT('',#5556);
#5556 = CARTESIAN_POINT('',(1.27,-1.016,0.));
#5557 = LINE('',#5558,#5559);
#5558 = CARTESIAN_POINT('',(1.016,-1.27,0.));
#5559 = VECTOR('',#5560,1.);
#5560 = DIRECTION('',(0.707106781187,0.707106781187,0.));
#5561 = ORIENTED_EDGE('',*,*,#5562,.T.);
#5562 = EDGE_CURVE('',#5555,#5563,#5565,.T.);
#5563 = VERTEX_POINT('',#5564);
#5564 = CARTESIAN_POINT('',(1.27,1.016,0.));
#5565 = LINE('',#5566,#5567);
#5566 = CARTESIAN_POINT('',(1.27,-1.016,0.));
#5567 = VECTOR('',#5568,1.);
#5568 = DIRECTION('',(0.,1.,0.));
#5569 = ORIENTED_EDGE('',*,*,#5570,.T.);
#5570 = EDGE_CURVE('',#5563,#5379,#5571,.T.);
#5571 = LINE('',#5572,#5573);
#5572 = CARTESIAN_POINT('',(1.27,1.016,0.));
#5573 = VECTOR('',#5574,1.);
#5574 = DIRECTION('',(-0.707106781187,0.707106781187,0.));
#5575 = ORIENTED_EDGE('',*,*,#5395,.T.);
#5576 = FACE_BOUND('',#5577,.F.);
#5577 = EDGE_LOOP('',(#5578,#5588,#5596,#5604));
#5578 = ORIENTED_EDGE('',*,*,#5579,.F.);
#5579 = EDGE_CURVE('',#5580,#5582,#5584,.T.);
#5580 = VERTEX_POINT('',#5581);
#5581 = CARTESIAN_POINT('',(0.32,-0.32,0.));
#5582 = VERTEX_POINT('',#5583);
#5583 = CARTESIAN_POINT('',(0.32,0.32,0.));
#5584 = LINE('',#5585,#5586);
#5585 = CARTESIAN_POINT('',(0.32,-1.43,0.));
#5586 = VECTOR('',#5587,1.);
#5587 = DIRECTION('',(0.,1.,0.));
#5588 = ORIENTED_EDGE('',*,*,#5589,.T.);
#5589 = EDGE_CURVE('',#5580,#5590,#5592,.T.);
#5590 = VERTEX_POINT('',#5591);
#5591 = CARTESIAN_POINT('',(-0.32,-0.32,0.));
#5592 = LINE('',#5593,#5594);
#5593 = CARTESIAN_POINT('',(-0.16,-0.32,0.));
#5594 = VECTOR('',#5595,1.);
#5595 = DIRECTION('',(-1.,0.,0.));
#5596 = ORIENTED_EDGE('',*,*,#5597,.T.);
#5597 = EDGE_CURVE('',#5590,#5598,#5600,.T.);
#5598 = VERTEX_POINT('',#5599);
#5599 = CARTESIAN_POINT('',(-0.32,0.32,0.));
#5600 = LINE('',#5601,#5602);
#5601 = CARTESIAN_POINT('',(-0.32,-1.43,0.));
#5602 = VECTOR('',#5603,1.);
#5603 = DIRECTION('',(0.,1.,0.));
#5604 = ORIENTED_EDGE('',*,*,#5605,.F.);
#5605 = EDGE_CURVE('',#5582,#5598,#5606,.T.);
#5606 = LINE('',#5607,#5608);
#5607 = CARTESIAN_POINT('',(-0.16,0.32,0.));
#5608 = VECTOR('',#5609,1.);
#5609 = DIRECTION('',(-1.,0.,0.));
#5610 = FACE_BOUND('',#5611,.F.);
#5611 = EDGE_LOOP('',(#5612,#5622,#5630,#5638));
#5612 = ORIENTED_EDGE('',*,*,#5613,.T.);
#5613 = EDGE_CURVE('',#5614,#5616,#5618,.T.);
#5614 = VERTEX_POINT('',#5615);
#5615 = CARTESIAN_POINT('',(0.32,-2.86,0.));
#5616 = VERTEX_POINT('',#5617);
#5617 = CARTESIAN_POINT('',(-0.32,-2.86,0.));
#5618 = LINE('',#5619,#5620);
#5619 = CARTESIAN_POINT('',(-0.16,-2.86,0.));
#5620 = VECTOR('',#5621,1.);
#5621 = DIRECTION('',(-1.,0.,0.));
#5622 = ORIENTED_EDGE('',*,*,#5623,.T.);
#5623 = EDGE_CURVE('',#5616,#5624,#5626,.T.);
#5624 = VERTEX_POINT('',#5625);
#5625 = CARTESIAN_POINT('',(-0.32,-2.22,0.));
#5626 = LINE('',#5627,#5628);
#5627 = CARTESIAN_POINT('',(-0.32,-2.7,0.));
#5628 = VECTOR('',#5629,1.);
#5629 = DIRECTION('',(0.,1.,0.));
#5630 = ORIENTED_EDGE('',*,*,#5631,.F.);
#5631 = EDGE_CURVE('',#5632,#5624,#5634,.T.);
#5632 = VERTEX_POINT('',#5633);
#5633 = CARTESIAN_POINT('',(0.32,-2.22,0.));
#5634 = LINE('',#5635,#5636);
#5635 = CARTESIAN_POINT('',(-0.16,-2.22,0.));
#5636 = VECTOR('',#5637,1.);
#5637 = DIRECTION('',(-1.,0.,0.));
#5638 = ORIENTED_EDGE('',*,*,#5639,.F.);
#5639 = EDGE_CURVE('',#5614,#5632,#5640,.T.);
#5640 = LINE('',#5641,#5642);
#5641 = CARTESIAN_POINT('',(0.32,-2.7,0.));
#5642 = VECTOR('',#5643,1.);
#5643 = DIRECTION('',(0.,1.,0.));
#5644 = FACE_BOUND('',#5645,.F.);
#5645 = EDGE_LOOP('',(#5646,#5656,#5664,#5672));
#5646 = ORIENTED_EDGE('',*,*,#5647,.F.);
#5647 = EDGE_CURVE('',#5648,#5650,#5652,.T.);
#5648 = VERTEX_POINT('',#5649);
#5649 = CARTESIAN_POINT('',(0.32,-4.76,0.));
#5650 = VERTEX_POINT('',#5651);
#5651 = CARTESIAN_POINT('',(-0.32,-4.76,0.));
#5652 = LINE('',#5653,#5654);
#5653 = CARTESIAN_POINT('',(-0.16,-4.76,0.));
#5654 = VECTOR('',#5655,1.);
#5655 = DIRECTION('',(-1.,0.,0.));
#5656 = ORIENTED_EDGE('',*,*,#5657,.F.);
#5657 = EDGE_CURVE('',#5658,#5648,#5660,.T.);
#5658 = VERTEX_POINT('',#5659);
#5659 = CARTESIAN_POINT('',(0.32,-5.4,0.));
#5660 = LINE('',#5661,#5662);
#5661 = CARTESIAN_POINT('',(0.32,-3.97,0.));
#5662 = VECTOR('',#5663,1.);
#5663 = DIRECTION('',(0.,1.,0.));
#5664 = ORIENTED_EDGE('',*,*,#5665,.T.);
#5665 = EDGE_CURVE('',#5658,#5666,#5668,.T.);
#5666 = VERTEX_POINT('',#5667);
#5667 = CARTESIAN_POINT('',(-0.32,-5.4,0.));
#5668 = LINE('',#5669,#5670);
#5669 = CARTESIAN_POINT('',(-0.16,-5.4,0.));
#5670 = VECTOR('',#5671,1.);
#5671 = DIRECTION('',(-1.,0.,0.));
#5672 = ORIENTED_EDGE('',*,*,#5673,.T.);
#5673 = EDGE_CURVE('',#5666,#5650,#5674,.T.);
#5674 = LINE('',#5675,#5676);
#5675 = CARTESIAN_POINT('',(-0.32,-3.97,0.));
#5676 = VECTOR('',#5677,1.);
#5677 = DIRECTION('',(0.,1.,0.));
#5678 = PLANE('',#5679);
#5679 = AXIS2_PLACEMENT_3D('',#5680,#5681,#5682);
#5680 = CARTESIAN_POINT('',(5.398204781459E-17,-2.54,0.));
#5681 = DIRECTION('',(0.,0.,1.));
#5682 = DIRECTION('',(1.,0.,-0.));
#5683 = ADVANCED_FACE('',(#5684,#5823,#5857,#5891),#5925,.T.);
#5684 = FACE_BOUND('',#5685,.T.);
#5685 = EDGE_LOOP('',(#5686,#5687,#5688,#5696,#5704,#5712,#5720,#5728,
    #5736,#5744,#5752,#5760,#5768,#5776,#5784,#5792,#5800,#5808,#5816,
    #5822));
#5686 = ORIENTED_EDGE('',*,*,#5348,.T.);
#5687 = ORIENTED_EDGE('',*,*,#5410,.T.);
#5688 = ORIENTED_EDGE('',*,*,#5689,.T.);
#5689 = EDGE_CURVE('',#5411,#5690,#5692,.T.);
#5690 = VERTEX_POINT('',#5691);
#5691 = CARTESIAN_POINT('',(-1.016,-1.27,2.54));
#5692 = LINE('',#5693,#5694);
#5693 = CARTESIAN_POINT('',(-1.27,-1.016,2.54));
#5694 = VECTOR('',#5695,1.);
#5695 = DIRECTION('',(0.707106781187,-0.707106781187,0.));
#5696 = ORIENTED_EDGE('',*,*,#5697,.T.);
#5697 = EDGE_CURVE('',#5690,#5698,#5700,.T.);
#5698 = VERTEX_POINT('',#5699);
#5699 = CARTESIAN_POINT('',(-1.27,-1.524,2.54));
#5700 = LINE('',#5701,#5702);
#5701 = CARTESIAN_POINT('',(-1.016,-1.27,2.54));
#5702 = VECTOR('',#5703,1.);
#5703 = DIRECTION('',(-0.707106781187,-0.707106781187,0.));
#5704 = ORIENTED_EDGE('',*,*,#5705,.T.);
#5705 = EDGE_CURVE('',#5698,#5706,#5708,.T.);
#5706 = VERTEX_POINT('',#5707);
#5707 = CARTESIAN_POINT('',(-1.27,-3.556,2.54));
#5708 = LINE('',#5709,#5710);
#5709 = CARTESIAN_POINT('',(-1.27,-1.524,2.54));
#5710 = VECTOR('',#5711,1.);
#5711 = DIRECTION('',(0.,-1.,0.));
#5712 = ORIENTED_EDGE('',*,*,#5713,.T.);
#5713 = EDGE_CURVE('',#5706,#5714,#5716,.T.);
#5714 = VERTEX_POINT('',#5715);
#5715 = CARTESIAN_POINT('',(-1.016,-3.81,2.54));
#5716 = LINE('',#5717,#5718);
#5717 = CARTESIAN_POINT('',(-1.27,-3.556,2.54));
#5718 = VECTOR('',#5719,1.);
#5719 = DIRECTION('',(0.707106781187,-0.707106781187,0.));
#5720 = ORIENTED_EDGE('',*,*,#5721,.T.);
#5721 = EDGE_CURVE('',#5714,#5722,#5724,.T.);
#5722 = VERTEX_POINT('',#5723);
#5723 = CARTESIAN_POINT('',(-1.27,-4.064,2.54));
#5724 = LINE('',#5725,#5726);
#5725 = CARTESIAN_POINT('',(-1.016,-3.81,2.54));
#5726 = VECTOR('',#5727,1.);
#5727 = DIRECTION('',(-0.707106781187,-0.707106781187,0.));
#5728 = ORIENTED_EDGE('',*,*,#5729,.T.);
#5729 = EDGE_CURVE('',#5722,#5730,#5732,.T.);
#5730 = VERTEX_POINT('',#5731);
#5731 = CARTESIAN_POINT('',(-1.27,-6.096,2.54));
#5732 = LINE('',#5733,#5734);
#5733 = CARTESIAN_POINT('',(-1.27,-4.064,2.54));
#5734 = VECTOR('',#5735,1.);
#5735 = DIRECTION('',(0.,-1.,0.));
#5736 = ORIENTED_EDGE('',*,*,#5737,.T.);
#5737 = EDGE_CURVE('',#5730,#5738,#5740,.T.);
#5738 = VERTEX_POINT('',#5739);
#5739 = CARTESIAN_POINT('',(-1.016,-6.35,2.54));
#5740 = LINE('',#5741,#5742);
#5741 = CARTESIAN_POINT('',(-1.27,-6.096,2.54));
#5742 = VECTOR('',#5743,1.);
#5743 = DIRECTION('',(0.707106781187,-0.707106781187,0.));
#5744 = ORIENTED_EDGE('',*,*,#5745,.T.);
#5745 = EDGE_CURVE('',#5738,#5746,#5748,.T.);
#5746 = VERTEX_POINT('',#5747);
#5747 = CARTESIAN_POINT('',(1.016,-6.35,2.54));
#5748 = LINE('',#5749,#5750);
#5749 = CARTESIAN_POINT('',(-1.016,-6.35,2.54));
#5750 = VECTOR('',#5751,1.);
#5751 = DIRECTION('',(1.,0.,0.));
#5752 = ORIENTED_EDGE('',*,*,#5753,.T.);
#5753 = EDGE_CURVE('',#5746,#5754,#5756,.T.);
#5754 = VERTEX_POINT('',#5755);
#5755 = CARTESIAN_POINT('',(1.27,-6.096,2.54));
#5756 = LINE('',#5757,#5758);
#5757 = CARTESIAN_POINT('',(1.016,-6.35,2.54));
#5758 = VECTOR('',#5759,1.);
#5759 = DIRECTION('',(0.707106781187,0.707106781187,0.));
#5760 = ORIENTED_EDGE('',*,*,#5761,.T.);
#5761 = EDGE_CURVE('',#5754,#5762,#5764,.T.);
#5762 = VERTEX_POINT('',#5763);
#5763 = CARTESIAN_POINT('',(1.27,-4.064,2.54));
#5764 = LINE('',#5765,#5766);
#5765 = CARTESIAN_POINT('',(1.27,-6.096,2.54));
#5766 = VECTOR('',#5767,1.);
#5767 = DIRECTION('',(0.,1.,0.));
#5768 = ORIENTED_EDGE('',*,*,#5769,.T.);
#5769 = EDGE_CURVE('',#5762,#5770,#5772,.T.);
#5770 = VERTEX_POINT('',#5771);
#5771 = CARTESIAN_POINT('',(1.016,-3.81,2.54));
#5772 = LINE('',#5773,#5774);
#5773 = CARTESIAN_POINT('',(1.27,-4.064,2.54));
#5774 = VECTOR('',#5775,1.);
#5775 = DIRECTION('',(-0.707106781187,0.707106781187,0.));
#5776 = ORIENTED_EDGE('',*,*,#5777,.T.);
#5777 = EDGE_CURVE('',#5770,#5778,#5780,.T.);
#5778 = VERTEX_POINT('',#5779);
#5779 = CARTESIAN_POINT('',(1.27,-3.556,2.54));
#5780 = LINE('',#5781,#5782);
#5781 = CARTESIAN_POINT('',(1.016,-3.81,2.54));
#5782 = VECTOR('',#5783,1.);
#5783 = DIRECTION('',(0.707106781187,0.707106781187,0.));
#5784 = ORIENTED_EDGE('',*,*,#5785,.T.);
#5785 = EDGE_CURVE('',#5778,#5786,#5788,.T.);
#5786 = VERTEX_POINT('',#5787);
#5787 = CARTESIAN_POINT('',(1.27,-1.524,2.54));
#5788 = LINE('',#5789,#5790);
#5789 = CARTESIAN_POINT('',(1.27,-3.556,2.54));
#5790 = VECTOR('',#5791,1.);
#5791 = DIRECTION('',(0.,1.,0.));
#5792 = ORIENTED_EDGE('',*,*,#5793,.T.);
#5793 = EDGE_CURVE('',#5786,#5794,#5796,.T.);
#5794 = VERTEX_POINT('',#5795);
#5795 = CARTESIAN_POINT('',(1.016,-1.27,2.54));
#5796 = LINE('',#5797,#5798);
#5797 = CARTESIAN_POINT('',(1.27,-1.524,2.54));
#5798 = VECTOR('',#5799,1.);
#5799 = DIRECTION('',(-0.707106781187,0.707106781187,0.));
#5800 = ORIENTED_EDGE('',*,*,#5801,.T.);
#5801 = EDGE_CURVE('',#5794,#5802,#5804,.T.);
#5802 = VERTEX_POINT('',#5803);
#5803 = CARTESIAN_POINT('',(1.27,-1.016,2.54));
#5804 = LINE('',#5805,#5806);
#5805 = CARTESIAN_POINT('',(1.016,-1.27,2.54));
#5806 = VECTOR('',#5807,1.);
#5807 = DIRECTION('',(0.707106781187,0.707106781187,0.));
#5808 = ORIENTED_EDGE('',*,*,#5809,.T.);
#5809 = EDGE_CURVE('',#5802,#5810,#5812,.T.);
#5810 = VERTEX_POINT('',#5811);
#5811 = CARTESIAN_POINT('',(1.27,1.016,2.54));
#5812 = LINE('',#5813,#5814);
#5813 = CARTESIAN_POINT('',(1.27,-1.016,2.54));
#5814 = VECTOR('',#5815,1.);
#5815 = DIRECTION('',(0.,1.,0.));
#5816 = ORIENTED_EDGE('',*,*,#5817,.T.);
#5817 = EDGE_CURVE('',#5810,#5381,#5818,.T.);
#5818 = LINE('',#5819,#5820);
#5819 = CARTESIAN_POINT('',(1.27,1.016,2.54));
#5820 = VECTOR('',#5821,1.);
#5821 = DIRECTION('',(-0.707106781187,0.707106781187,0.));
#5822 = ORIENTED_EDGE('',*,*,#5388,.T.);
#5823 = FACE_BOUND('',#5824,.T.);
#5824 = EDGE_LOOP('',(#5825,#5835,#5843,#5851));
#5825 = ORIENTED_EDGE('',*,*,#5826,.F.);
#5826 = EDGE_CURVE('',#5827,#5829,#5831,.T.);
#5827 = VERTEX_POINT('',#5828);
#5828 = CARTESIAN_POINT('',(0.32,-0.32,2.54));
#5829 = VERTEX_POINT('',#5830);
#5830 = CARTESIAN_POINT('',(0.32,0.32,2.54));
#5831 = LINE('',#5832,#5833);
#5832 = CARTESIAN_POINT('',(0.32,-1.43,2.54));
#5833 = VECTOR('',#5834,1.);
#5834 = DIRECTION('',(0.,1.,0.));
#5835 = ORIENTED_EDGE('',*,*,#5836,.T.);
#5836 = EDGE_CURVE('',#5827,#5837,#5839,.T.);
#5837 = VERTEX_POINT('',#5838);
#5838 = CARTESIAN_POINT('',(-0.32,-0.32,2.54));
#5839 = LINE('',#5840,#5841);
#5840 = CARTESIAN_POINT('',(-0.16,-0.32,2.54));
#5841 = VECTOR('',#5842,1.);
#5842 = DIRECTION('',(-1.,0.,0.));
#5843 = ORIENTED_EDGE('',*,*,#5844,.T.);
#5844 = EDGE_CURVE('',#5837,#5845,#5847,.T.);
#5845 = VERTEX_POINT('',#5846);
#5846 = CARTESIAN_POINT('',(-0.32,0.32,2.54));
#5847 = LINE('',#5848,#5849);
#5848 = CARTESIAN_POINT('',(-0.32,-1.43,2.54));
#5849 = VECTOR('',#5850,1.);
#5850 = DIRECTION('',(0.,1.,0.));
#5851 = ORIENTED_EDGE('',*,*,#5852,.F.);
#5852 = EDGE_CURVE('',#5829,#5845,#5853,.T.);
#5853 = LINE('',#5854,#5855);
#5854 = CARTESIAN_POINT('',(-0.16,0.32,2.54));
#5855 = VECTOR('',#5856,1.);
#5856 = DIRECTION('',(-1.,0.,0.));
#5857 = FACE_BOUND('',#5858,.T.);
#5858 = EDGE_LOOP('',(#5859,#5869,#5877,#5885));
#5859 = ORIENTED_EDGE('',*,*,#5860,.T.);
#5860 = EDGE_CURVE('',#5861,#5863,#5865,.T.);
#5861 = VERTEX_POINT('',#5862);
#5862 = CARTESIAN_POINT('',(0.32,-2.86,2.54));
#5863 = VERTEX_POINT('',#5864);
#5864 = CARTESIAN_POINT('',(-0.32,-2.86,2.54));
#5865 = LINE('',#5866,#5867);
#5866 = CARTESIAN_POINT('',(-0.16,-2.86,2.54));
#5867 = VECTOR('',#5868,1.);
#5868 = DIRECTION('',(-1.,0.,0.));
#5869 = ORIENTED_EDGE('',*,*,#5870,.T.);
#5870 = EDGE_CURVE('',#5863,#5871,#5873,.T.);
#5871 = VERTEX_POINT('',#5872);
#5872 = CARTESIAN_POINT('',(-0.32,-2.22,2.54));
#5873 = LINE('',#5874,#5875);
#5874 = CARTESIAN_POINT('',(-0.32,-2.7,2.54));
#5875 = VECTOR('',#5876,1.);
#5876 = DIRECTION('',(0.,1.,0.));
#5877 = ORIENTED_EDGE('',*,*,#5878,.F.);
#5878 = EDGE_CURVE('',#5879,#5871,#5881,.T.);
#5879 = VERTEX_POINT('',#5880);
#5880 = CARTESIAN_POINT('',(0.32,-2.22,2.54));
#5881 = LINE('',#5882,#5883);
#5882 = CARTESIAN_POINT('',(-0.16,-2.22,2.54));
#5883 = VECTOR('',#5884,1.);
#5884 = DIRECTION('',(-1.,0.,0.));
#5885 = ORIENTED_EDGE('',*,*,#5886,.F.);
#5886 = EDGE_CURVE('',#5861,#5879,#5887,.T.);
#5887 = LINE('',#5888,#5889);
#5888 = CARTESIAN_POINT('',(0.32,-2.7,2.54));
#5889 = VECTOR('',#5890,1.);
#5890 = DIRECTION('',(0.,1.,0.));
#5891 = FACE_BOUND('',#5892,.T.);
#5892 = EDGE_LOOP('',(#5893,#5903,#5911,#5919));
#5893 = ORIENTED_EDGE('',*,*,#5894,.F.);
#5894 = EDGE_CURVE('',#5895,#5897,#5899,.T.);
#5895 = VERTEX_POINT('',#5896);
#5896 = CARTESIAN_POINT('',(0.32,-4.76,2.54));
#5897 = VERTEX_POINT('',#5898);
#5898 = CARTESIAN_POINT('',(-0.32,-4.76,2.54));
#5899 = LINE('',#5900,#5901);
#5900 = CARTESIAN_POINT('',(-0.16,-4.76,2.54));
#5901 = VECTOR('',#5902,1.);
#5902 = DIRECTION('',(-1.,0.,0.));
#5903 = ORIENTED_EDGE('',*,*,#5904,.F.);
#5904 = EDGE_CURVE('',#5905,#5895,#5907,.T.);
#5905 = VERTEX_POINT('',#5906);
#5906 = CARTESIAN_POINT('',(0.32,-5.4,2.54));
#5907 = LINE('',#5908,#5909);
#5908 = CARTESIAN_POINT('',(0.32,-3.97,2.54));
#5909 = VECTOR('',#5910,1.);
#5910 = DIRECTION('',(0.,1.,0.));
#5911 = ORIENTED_EDGE('',*,*,#5912,.T.);
#5912 = EDGE_CURVE('',#5905,#5913,#5915,.T.);
#5913 = VERTEX_POINT('',#5914);
#5914 = CARTESIAN_POINT('',(-0.32,-5.4,2.54));
#5915 = LINE('',#5916,#5917);
#5916 = CARTESIAN_POINT('',(-0.16,-5.4,2.54));
#5917 = VECTOR('',#5918,1.);
#5918 = DIRECTION('',(-1.,0.,0.));
#5919 = ORIENTED_EDGE('',*,*,#5920,.T.);
#5920 = EDGE_CURVE('',#5913,#5897,#5921,.T.);
#5921 = LINE('',#5922,#5923);
#5922 = CARTESIAN_POINT('',(-0.32,-3.97,2.54));
#5923 = VECTOR('',#5924,1.);
#5924 = DIRECTION('',(0.,1.,0.));
#5925 = PLANE('',#5926);
#5926 = AXIS2_PLACEMENT_3D('',#5927,#5928,#5929);
#5927 = CARTESIAN_POINT('',(5.398204781459E-17,-2.54,2.54));
#5928 = DIRECTION('',(0.,0.,1.));
#5929 = DIRECTION('',(1.,0.,-0.));
#5930 = ADVANCED_FACE('',(#5931),#5942,.F.);
#5931 = FACE_BOUND('',#5932,.F.);
#5932 = EDGE_LOOP('',(#5933,#5939,#5940,#5941));
#5933 = ORIENTED_EDGE('',*,*,#5934,.T.);
#5934 = EDGE_CURVE('',#5563,#5810,#5935,.T.);
#5935 = LINE('',#5936,#5937);
#5936 = CARTESIAN_POINT('',(1.27,1.016,0.));
#5937 = VECTOR('',#5938,1.);
#5938 = DIRECTION('',(0.,0.,1.));
#5939 = ORIENTED_EDGE('',*,*,#5817,.T.);
#5940 = ORIENTED_EDGE('',*,*,#5378,.F.);
#5941 = ORIENTED_EDGE('',*,*,#5570,.F.);
#5942 = PLANE('',#5943);
#5943 = AXIS2_PLACEMENT_3D('',#5944,#5945,#5946);
#5944 = CARTESIAN_POINT('',(1.27,1.016,0.));
#5945 = DIRECTION('',(-0.707106781187,-0.707106781187,0.));
#5946 = DIRECTION('',(-0.707106781187,0.707106781187,0.));
#5947 = ADVANCED_FACE('',(#5948),#5959,.F.);
#5948 = FACE_BOUND('',#5949,.F.);
#5949 = EDGE_LOOP('',(#5950,#5951,#5952,#5958));
#5950 = ORIENTED_EDGE('',*,*,#5418,.T.);
#5951 = ORIENTED_EDGE('',*,*,#5689,.T.);
#5952 = ORIENTED_EDGE('',*,*,#5953,.F.);
#5953 = EDGE_CURVE('',#5443,#5690,#5954,.T.);
#5954 = LINE('',#5955,#5956);
#5955 = CARTESIAN_POINT('',(-1.016,-1.27,0.));
#5956 = VECTOR('',#5957,1.);
#5957 = DIRECTION('',(0.,0.,1.));
#5958 = ORIENTED_EDGE('',*,*,#5442,.F.);
#5959 = PLANE('',#5960);
#5960 = AXIS2_PLACEMENT_3D('',#5961,#5962,#5963);
#5961 = CARTESIAN_POINT('',(-1.27,-1.016,0.));
#5962 = DIRECTION('',(0.707106781187,0.707106781187,0.));
#5963 = DIRECTION('',(0.707106781187,-0.707106781187,0.));
#5964 = ADVANCED_FACE('',(#5965),#5976,.F.);
#5965 = FACE_BOUND('',#5966,.F.);
#5966 = EDGE_LOOP('',(#5967,#5973,#5974,#5975));
#5967 = ORIENTED_EDGE('',*,*,#5968,.T.);
#5968 = EDGE_CURVE('',#5555,#5802,#5969,.T.);
#5969 = LINE('',#5970,#5971);
#5970 = CARTESIAN_POINT('',(1.27,-1.016,0.));
#5971 = VECTOR('',#5972,1.);
#5972 = DIRECTION('',(0.,0.,1.));
#5973 = ORIENTED_EDGE('',*,*,#5809,.T.);
#5974 = ORIENTED_EDGE('',*,*,#5934,.F.);
#5975 = ORIENTED_EDGE('',*,*,#5562,.F.);
#5976 = PLANE('',#5977);
#5977 = AXIS2_PLACEMENT_3D('',#5978,#5979,#5980);
#5978 = CARTESIAN_POINT('',(1.27,-1.016,0.));
#5979 = DIRECTION('',(-1.,0.,0.));
#5980 = DIRECTION('',(0.,1.,0.));
#5981 = ADVANCED_FACE('',(#5982),#5993,.F.);
#5982 = FACE_BOUND('',#5983,.F.);
#5983 = EDGE_LOOP('',(#5984,#5985,#5986,#5992));
#5984 = ORIENTED_EDGE('',*,*,#5953,.T.);
#5985 = ORIENTED_EDGE('',*,*,#5697,.T.);
#5986 = ORIENTED_EDGE('',*,*,#5987,.F.);
#5987 = EDGE_CURVE('',#5451,#5698,#5988,.T.);
#5988 = LINE('',#5989,#5990);
#5989 = CARTESIAN_POINT('',(-1.27,-1.524,0.));
#5990 = VECTOR('',#5991,1.);
#5991 = DIRECTION('',(0.,0.,1.));
#5992 = ORIENTED_EDGE('',*,*,#5450,.F.);
#5993 = PLANE('',#5994);
#5994 = AXIS2_PLACEMENT_3D('',#5995,#5996,#5997);
#5995 = CARTESIAN_POINT('',(-1.016,-1.27,0.));
#5996 = DIRECTION('',(0.707106781187,-0.707106781187,0.));
#5997 = DIRECTION('',(-0.707106781187,-0.707106781187,0.));
#5998 = ADVANCED_FACE('',(#5999),#6010,.F.);
#5999 = FACE_BOUND('',#6000,.F.);
#6000 = EDGE_LOOP('',(#6001,#6007,#6008,#6009));
#6001 = ORIENTED_EDGE('',*,*,#6002,.T.);
#6002 = EDGE_CURVE('',#5547,#5794,#6003,.T.);
#6003 = LINE('',#6004,#6005);
#6004 = CARTESIAN_POINT('',(1.016,-1.27,0.));
#6005 = VECTOR('',#6006,1.);
#6006 = DIRECTION('',(0.,0.,1.));
#6007 = ORIENTED_EDGE('',*,*,#5801,.T.);
#6008 = ORIENTED_EDGE('',*,*,#5968,.F.);
#6009 = ORIENTED_EDGE('',*,*,#5554,.F.);
#6010 = PLANE('',#6011);
#6011 = AXIS2_PLACEMENT_3D('',#6012,#6013,#6014);
#6012 = CARTESIAN_POINT('',(1.016,-1.27,0.));
#6013 = DIRECTION('',(-0.707106781187,0.707106781187,0.));
#6014 = DIRECTION('',(0.707106781187,0.707106781187,0.));
#6015 = ADVANCED_FACE('',(#6016),#6027,.F.);
#6016 = FACE_BOUND('',#6017,.F.);
#6017 = EDGE_LOOP('',(#6018,#6019,#6020,#6026));
#6018 = ORIENTED_EDGE('',*,*,#5987,.T.);
#6019 = ORIENTED_EDGE('',*,*,#5705,.T.);
#6020 = ORIENTED_EDGE('',*,*,#6021,.F.);
#6021 = EDGE_CURVE('',#5459,#5706,#6022,.T.);
#6022 = LINE('',#6023,#6024);
#6023 = CARTESIAN_POINT('',(-1.27,-3.556,0.));
#6024 = VECTOR('',#6025,1.);
#6025 = DIRECTION('',(0.,0.,1.));
#6026 = ORIENTED_EDGE('',*,*,#5458,.F.);
#6027 = PLANE('',#6028);
#6028 = AXIS2_PLACEMENT_3D('',#6029,#6030,#6031);
#6029 = CARTESIAN_POINT('',(-1.27,-1.524,0.));
#6030 = DIRECTION('',(1.,0.,0.));
#6031 = DIRECTION('',(0.,-1.,0.));
#6032 = ADVANCED_FACE('',(#6033),#6044,.F.);
#6033 = FACE_BOUND('',#6034,.F.);
#6034 = EDGE_LOOP('',(#6035,#6041,#6042,#6043));
#6035 = ORIENTED_EDGE('',*,*,#6036,.T.);
#6036 = EDGE_CURVE('',#5539,#5786,#6037,.T.);
#6037 = LINE('',#6038,#6039);
#6038 = CARTESIAN_POINT('',(1.27,-1.524,0.));
#6039 = VECTOR('',#6040,1.);
#6040 = DIRECTION('',(0.,0.,1.));
#6041 = ORIENTED_EDGE('',*,*,#5793,.T.);
#6042 = ORIENTED_EDGE('',*,*,#6002,.F.);
#6043 = ORIENTED_EDGE('',*,*,#5546,.F.);
#6044 = PLANE('',#6045);
#6045 = AXIS2_PLACEMENT_3D('',#6046,#6047,#6048);
#6046 = CARTESIAN_POINT('',(1.27,-1.524,0.));
#6047 = DIRECTION('',(-0.707106781187,-0.707106781187,0.));
#6048 = DIRECTION('',(-0.707106781187,0.707106781187,0.));
#6049 = ADVANCED_FACE('',(#6050),#6061,.F.);
#6050 = FACE_BOUND('',#6051,.F.);
#6051 = EDGE_LOOP('',(#6052,#6053,#6054,#6060));
#6052 = ORIENTED_EDGE('',*,*,#6021,.T.);
#6053 = ORIENTED_EDGE('',*,*,#5713,.T.);
#6054 = ORIENTED_EDGE('',*,*,#6055,.F.);
#6055 = EDGE_CURVE('',#5467,#5714,#6056,.T.);
#6056 = LINE('',#6057,#6058);
#6057 = CARTESIAN_POINT('',(-1.016,-3.81,0.));
#6058 = VECTOR('',#6059,1.);
#6059 = DIRECTION('',(0.,0.,1.));
#6060 = ORIENTED_EDGE('',*,*,#5466,.F.);
#6061 = PLANE('',#6062);
#6062 = AXIS2_PLACEMENT_3D('',#6063,#6064,#6065);
#6063 = CARTESIAN_POINT('',(-1.27,-3.556,0.));
#6064 = DIRECTION('',(0.707106781187,0.707106781187,0.));
#6065 = DIRECTION('',(0.707106781187,-0.707106781187,0.));
#6066 = ADVANCED_FACE('',(#6067),#6078,.F.);
#6067 = FACE_BOUND('',#6068,.F.);
#6068 = EDGE_LOOP('',(#6069,#6075,#6076,#6077));
#6069 = ORIENTED_EDGE('',*,*,#6070,.T.);
#6070 = EDGE_CURVE('',#5531,#5778,#6071,.T.);
#6071 = LINE('',#6072,#6073);
#6072 = CARTESIAN_POINT('',(1.27,-3.556,0.));
#6073 = VECTOR('',#6074,1.);
#6074 = DIRECTION('',(0.,0.,1.));
#6075 = ORIENTED_EDGE('',*,*,#5785,.T.);
#6076 = ORIENTED_EDGE('',*,*,#6036,.F.);
#6077 = ORIENTED_EDGE('',*,*,#5538,.F.);
#6078 = PLANE('',#6079);
#6079 = AXIS2_PLACEMENT_3D('',#6080,#6081,#6082);
#6080 = CARTESIAN_POINT('',(1.27,-3.556,0.));
#6081 = DIRECTION('',(-1.,0.,0.));
#6082 = DIRECTION('',(0.,1.,0.));
#6083 = ADVANCED_FACE('',(#6084),#6095,.F.);
#6084 = FACE_BOUND('',#6085,.F.);
#6085 = EDGE_LOOP('',(#6086,#6087,#6088,#6094));
#6086 = ORIENTED_EDGE('',*,*,#6055,.T.);
#6087 = ORIENTED_EDGE('',*,*,#5721,.T.);
#6088 = ORIENTED_EDGE('',*,*,#6089,.F.);
#6089 = EDGE_CURVE('',#5475,#5722,#6090,.T.);
#6090 = LINE('',#6091,#6092);
#6091 = CARTESIAN_POINT('',(-1.27,-4.064,0.));
#6092 = VECTOR('',#6093,1.);
#6093 = DIRECTION('',(0.,0.,1.));
#6094 = ORIENTED_EDGE('',*,*,#5474,.F.);
#6095 = PLANE('',#6096);
#6096 = AXIS2_PLACEMENT_3D('',#6097,#6098,#6099);
#6097 = CARTESIAN_POINT('',(-1.016,-3.81,0.));
#6098 = DIRECTION('',(0.707106781187,-0.707106781187,0.));
#6099 = DIRECTION('',(-0.707106781187,-0.707106781187,0.));
#6100 = ADVANCED_FACE('',(#6101),#6112,.F.);
#6101 = FACE_BOUND('',#6102,.F.);
#6102 = EDGE_LOOP('',(#6103,#6109,#6110,#6111));
#6103 = ORIENTED_EDGE('',*,*,#6104,.T.);
#6104 = EDGE_CURVE('',#5523,#5770,#6105,.T.);
#6105 = LINE('',#6106,#6107);
#6106 = CARTESIAN_POINT('',(1.016,-3.81,0.));
#6107 = VECTOR('',#6108,1.);
#6108 = DIRECTION('',(0.,0.,1.));
#6109 = ORIENTED_EDGE('',*,*,#5777,.T.);
#6110 = ORIENTED_EDGE('',*,*,#6070,.F.);
#6111 = ORIENTED_EDGE('',*,*,#5530,.F.);
#6112 = PLANE('',#6113);
#6113 = AXIS2_PLACEMENT_3D('',#6114,#6115,#6116);
#6114 = CARTESIAN_POINT('',(1.016,-3.81,0.));
#6115 = DIRECTION('',(-0.707106781187,0.707106781187,0.));
#6116 = DIRECTION('',(0.707106781187,0.707106781187,0.));
#6117 = ADVANCED_FACE('',(#6118),#6129,.F.);
#6118 = FACE_BOUND('',#6119,.F.);
#6119 = EDGE_LOOP('',(#6120,#6121,#6122,#6128));
#6120 = ORIENTED_EDGE('',*,*,#6089,.T.);
#6121 = ORIENTED_EDGE('',*,*,#5729,.T.);
#6122 = ORIENTED_EDGE('',*,*,#6123,.F.);
#6123 = EDGE_CURVE('',#5483,#5730,#6124,.T.);
#6124 = LINE('',#6125,#6126);
#6125 = CARTESIAN_POINT('',(-1.27,-6.096,0.));
#6126 = VECTOR('',#6127,1.);
#6127 = DIRECTION('',(0.,0.,1.));
#6128 = ORIENTED_EDGE('',*,*,#5482,.F.);
#6129 = PLANE('',#6130);
#6130 = AXIS2_PLACEMENT_3D('',#6131,#6132,#6133);
#6131 = CARTESIAN_POINT('',(-1.27,-4.064,0.));
#6132 = DIRECTION('',(1.,0.,0.));
#6133 = DIRECTION('',(0.,-1.,0.));
#6134 = ADVANCED_FACE('',(#6135),#6146,.F.);
#6135 = FACE_BOUND('',#6136,.F.);
#6136 = EDGE_LOOP('',(#6137,#6143,#6144,#6145));
#6137 = ORIENTED_EDGE('',*,*,#6138,.T.);
#6138 = EDGE_CURVE('',#5515,#5762,#6139,.T.);
#6139 = LINE('',#6140,#6141);
#6140 = CARTESIAN_POINT('',(1.27,-4.064,0.));
#6141 = VECTOR('',#6142,1.);
#6142 = DIRECTION('',(0.,0.,1.));
#6143 = ORIENTED_EDGE('',*,*,#5769,.T.);
#6144 = ORIENTED_EDGE('',*,*,#6104,.F.);
#6145 = ORIENTED_EDGE('',*,*,#5522,.F.);
#6146 = PLANE('',#6147);
#6147 = AXIS2_PLACEMENT_3D('',#6148,#6149,#6150);
#6148 = CARTESIAN_POINT('',(1.27,-4.064,0.));
#6149 = DIRECTION('',(-0.707106781187,-0.707106781187,0.));
#6150 = DIRECTION('',(-0.707106781187,0.707106781187,0.));
#6151 = ADVANCED_FACE('',(#6152),#6163,.F.);
#6152 = FACE_BOUND('',#6153,.F.);
#6153 = EDGE_LOOP('',(#6154,#6155,#6156,#6162));
#6154 = ORIENTED_EDGE('',*,*,#6123,.T.);
#6155 = ORIENTED_EDGE('',*,*,#5737,.T.);
#6156 = ORIENTED_EDGE('',*,*,#6157,.F.);
#6157 = EDGE_CURVE('',#5491,#5738,#6158,.T.);
#6158 = LINE('',#6159,#6160);
#6159 = CARTESIAN_POINT('',(-1.016,-6.35,0.));
#6160 = VECTOR('',#6161,1.);
#6161 = DIRECTION('',(0.,0.,1.));
#6162 = ORIENTED_EDGE('',*,*,#5490,.F.);
#6163 = PLANE('',#6164);
#6164 = AXIS2_PLACEMENT_3D('',#6165,#6166,#6167);
#6165 = CARTESIAN_POINT('',(-1.27,-6.096,0.));
#6166 = DIRECTION('',(0.707106781187,0.707106781187,0.));
#6167 = DIRECTION('',(0.707106781187,-0.707106781187,0.));
#6168 = ADVANCED_FACE('',(#6169),#6180,.F.);
#6169 = FACE_BOUND('',#6170,.F.);
#6170 = EDGE_LOOP('',(#6171,#6177,#6178,#6179));
#6171 = ORIENTED_EDGE('',*,*,#6172,.T.);
#6172 = EDGE_CURVE('',#5507,#5754,#6173,.T.);
#6173 = LINE('',#6174,#6175);
#6174 = CARTESIAN_POINT('',(1.27,-6.096,0.));
#6175 = VECTOR('',#6176,1.);
#6176 = DIRECTION('',(0.,0.,1.));
#6177 = ORIENTED_EDGE('',*,*,#5761,.T.);
#6178 = ORIENTED_EDGE('',*,*,#6138,.F.);
#6179 = ORIENTED_EDGE('',*,*,#5514,.F.);
#6180 = PLANE('',#6181);
#6181 = AXIS2_PLACEMENT_3D('',#6182,#6183,#6184);
#6182 = CARTESIAN_POINT('',(1.27,-6.096,0.));
#6183 = DIRECTION('',(-1.,0.,0.));
#6184 = DIRECTION('',(0.,1.,0.));
#6185 = ADVANCED_FACE('',(#6186),#6197,.F.);
#6186 = FACE_BOUND('',#6187,.F.);
#6187 = EDGE_LOOP('',(#6188,#6189,#6190,#6196));
#6188 = ORIENTED_EDGE('',*,*,#6157,.T.);
#6189 = ORIENTED_EDGE('',*,*,#5745,.T.);
#6190 = ORIENTED_EDGE('',*,*,#6191,.F.);
#6191 = EDGE_CURVE('',#5499,#5746,#6192,.T.);
#6192 = LINE('',#6193,#6194);
#6193 = CARTESIAN_POINT('',(1.016,-6.35,0.));
#6194 = VECTOR('',#6195,1.);
#6195 = DIRECTION('',(0.,0.,1.));
#6196 = ORIENTED_EDGE('',*,*,#5498,.F.);
#6197 = PLANE('',#6198);
#6198 = AXIS2_PLACEMENT_3D('',#6199,#6200,#6201);
#6199 = CARTESIAN_POINT('',(-1.016,-6.35,0.));
#6200 = DIRECTION('',(0.,1.,0.));
#6201 = DIRECTION('',(1.,0.,0.));
#6202 = ADVANCED_FACE('',(#6203),#6209,.F.);
#6203 = FACE_BOUND('',#6204,.F.);
#6204 = EDGE_LOOP('',(#6205,#6206,#6207,#6208));
#6205 = ORIENTED_EDGE('',*,*,#6191,.T.);
#6206 = ORIENTED_EDGE('',*,*,#5753,.T.);
#6207 = ORIENTED_EDGE('',*,*,#6172,.F.);
#6208 = ORIENTED_EDGE('',*,*,#5506,.F.);
#6209 = PLANE('',#6210);
#6210 = AXIS2_PLACEMENT_3D('',#6211,#6212,#6213);
#6211 = CARTESIAN_POINT('',(1.016,-6.35,0.));
#6212 = DIRECTION('',(-0.707106781187,0.707106781187,0.));
#6213 = DIRECTION('',(0.707106781187,0.707106781187,0.));
#6214 = ADVANCED_FACE('',(#6215),#6240,.T.);
#6215 = FACE_BOUND('',#6216,.T.);
#6216 = EDGE_LOOP('',(#6217,#6225,#6233,#6239));
#6217 = ORIENTED_EDGE('',*,*,#6218,.F.);
#6218 = EDGE_CURVE('',#6219,#5580,#6221,.T.);
#6219 = VERTEX_POINT('',#6220);
#6220 = CARTESIAN_POINT('',(0.32,-0.32,-2.84));
#6221 = LINE('',#6222,#6223);
#6222 = CARTESIAN_POINT('',(0.32,-0.32,-3.));
#6223 = VECTOR('',#6224,1.);
#6224 = DIRECTION('',(0.,0.,1.));
#6225 = ORIENTED_EDGE('',*,*,#6226,.T.);
#6226 = EDGE_CURVE('',#6219,#6227,#6229,.T.);
#6227 = VERTEX_POINT('',#6228);
#6228 = CARTESIAN_POINT('',(0.32,0.32,-2.84));
#6229 = LINE('',#6230,#6231);
#6230 = CARTESIAN_POINT('',(0.32,-0.32,-2.84));
#6231 = VECTOR('',#6232,1.);
#6232 = DIRECTION('',(0.,1.,0.));
#6233 = ORIENTED_EDGE('',*,*,#6234,.T.);
#6234 = EDGE_CURVE('',#6227,#5582,#6235,.T.);
#6235 = LINE('',#6236,#6237);
#6236 = CARTESIAN_POINT('',(0.32,0.32,-3.));
#6237 = VECTOR('',#6238,1.);
#6238 = DIRECTION('',(0.,0.,1.));
#6239 = ORIENTED_EDGE('',*,*,#5579,.F.);
#6240 = PLANE('',#6241);
#6241 = AXIS2_PLACEMENT_3D('',#6242,#6243,#6244);
#6242 = CARTESIAN_POINT('',(0.32,-0.32,-3.));
#6243 = DIRECTION('',(1.,0.,0.));
#6244 = DIRECTION('',(0.,0.,1.));
#6245 = ADVANCED_FACE('',(#6246),#6264,.T.);
#6246 = FACE_BOUND('',#6247,.T.);
#6247 = EDGE_LOOP('',(#6248,#6249,#6257,#6263));
#6248 = ORIENTED_EDGE('',*,*,#6234,.F.);
#6249 = ORIENTED_EDGE('',*,*,#6250,.F.);
#6250 = EDGE_CURVE('',#6251,#6227,#6253,.T.);
#6251 = VERTEX_POINT('',#6252);
#6252 = CARTESIAN_POINT('',(-0.32,0.32,-2.84));
#6253 = LINE('',#6254,#6255);
#6254 = CARTESIAN_POINT('',(-0.32,0.32,-2.84));
#6255 = VECTOR('',#6256,1.);
#6256 = DIRECTION('',(1.,0.,0.));
#6257 = ORIENTED_EDGE('',*,*,#6258,.T.);
#6258 = EDGE_CURVE('',#6251,#5598,#6259,.T.);
#6259 = LINE('',#6260,#6261);
#6260 = CARTESIAN_POINT('',(-0.32,0.32,-3.));
#6261 = VECTOR('',#6262,1.);
#6262 = DIRECTION('',(0.,0.,1.));
#6263 = ORIENTED_EDGE('',*,*,#5605,.F.);
#6264 = PLANE('',#6265);
#6265 = AXIS2_PLACEMENT_3D('',#6266,#6267,#6268);
#6266 = CARTESIAN_POINT('',(-0.32,0.32,-3.));
#6267 = DIRECTION('',(0.,1.,0.));
#6268 = DIRECTION('',(0.,-0.,1.));
#6269 = ADVANCED_FACE('',(#6270),#6288,.F.);
#6270 = FACE_BOUND('',#6271,.F.);
#6271 = EDGE_LOOP('',(#6272,#6280,#6286,#6287));
#6272 = ORIENTED_EDGE('',*,*,#6273,.F.);
#6273 = EDGE_CURVE('',#6274,#5590,#6276,.T.);
#6274 = VERTEX_POINT('',#6275);
#6275 = CARTESIAN_POINT('',(-0.32,-0.32,-2.84));
#6276 = LINE('',#6277,#6278);
#6277 = CARTESIAN_POINT('',(-0.32,-0.32,-3.));
#6278 = VECTOR('',#6279,1.);
#6279 = DIRECTION('',(0.,0.,1.));
#6280 = ORIENTED_EDGE('',*,*,#6281,.T.);
#6281 = EDGE_CURVE('',#6274,#6251,#6282,.T.);
#6282 = LINE('',#6283,#6284);
#6283 = CARTESIAN_POINT('',(-0.32,-0.32,-2.84));
#6284 = VECTOR('',#6285,1.);
#6285 = DIRECTION('',(0.,1.,0.));
#6286 = ORIENTED_EDGE('',*,*,#6258,.T.);
#6287 = ORIENTED_EDGE('',*,*,#5597,.F.);
#6288 = PLANE('',#6289);
#6289 = AXIS2_PLACEMENT_3D('',#6290,#6291,#6292);
#6290 = CARTESIAN_POINT('',(-0.32,-0.32,-3.));
#6291 = DIRECTION('',(1.,0.,0.));
#6292 = DIRECTION('',(0.,0.,1.));
#6293 = ADVANCED_FACE('',(#6294),#6305,.F.);
#6294 = FACE_BOUND('',#6295,.F.);
#6295 = EDGE_LOOP('',(#6296,#6297,#6303,#6304));
#6296 = ORIENTED_EDGE('',*,*,#6218,.F.);
#6297 = ORIENTED_EDGE('',*,*,#6298,.F.);
#6298 = EDGE_CURVE('',#6274,#6219,#6299,.T.);
#6299 = LINE('',#6300,#6301);
#6300 = CARTESIAN_POINT('',(-0.32,-0.32,-2.84));
#6301 = VECTOR('',#6302,1.);
#6302 = DIRECTION('',(1.,0.,0.));
#6303 = ORIENTED_EDGE('',*,*,#6273,.T.);
#6304 = ORIENTED_EDGE('',*,*,#5589,.F.);
#6305 = PLANE('',#6306);
#6306 = AXIS2_PLACEMENT_3D('',#6307,#6308,#6309);
#6307 = CARTESIAN_POINT('',(-0.32,-0.32,-3.));
#6308 = DIRECTION('',(0.,1.,0.));
#6309 = DIRECTION('',(0.,-0.,1.));
#6310 = ADVANCED_FACE('',(#6311),#6336,.F.);
#6311 = FACE_BOUND('',#6312,.F.);
#6312 = EDGE_LOOP('',(#6313,#6321,#6329,#6335));
#6313 = ORIENTED_EDGE('',*,*,#6314,.F.);
#6314 = EDGE_CURVE('',#6315,#5614,#6317,.T.);
#6315 = VERTEX_POINT('',#6316);
#6316 = CARTESIAN_POINT('',(0.32,-2.86,-2.84));
#6317 = LINE('',#6318,#6319);
#6318 = CARTESIAN_POINT('',(0.32,-2.86,-3.));
#6319 = VECTOR('',#6320,1.);
#6320 = DIRECTION('',(0.,0.,1.));
#6321 = ORIENTED_EDGE('',*,*,#6322,.F.);
#6322 = EDGE_CURVE('',#6323,#6315,#6325,.T.);
#6323 = VERTEX_POINT('',#6324);
#6324 = CARTESIAN_POINT('',(-0.32,-2.86,-2.84));
#6325 = LINE('',#6326,#6327);
#6326 = CARTESIAN_POINT('',(-0.32,-2.86,-2.84));
#6327 = VECTOR('',#6328,1.);
#6328 = DIRECTION('',(1.,0.,0.));
#6329 = ORIENTED_EDGE('',*,*,#6330,.T.);
#6330 = EDGE_CURVE('',#6323,#5616,#6331,.T.);
#6331 = LINE('',#6332,#6333);
#6332 = CARTESIAN_POINT('',(-0.32,-2.86,-3.));
#6333 = VECTOR('',#6334,1.);
#6334 = DIRECTION('',(0.,0.,1.));
#6335 = ORIENTED_EDGE('',*,*,#5613,.F.);
#6336 = PLANE('',#6337);
#6337 = AXIS2_PLACEMENT_3D('',#6338,#6339,#6340);
#6338 = CARTESIAN_POINT('',(-0.32,-2.86,-3.));
#6339 = DIRECTION('',(0.,1.,0.));
#6340 = DIRECTION('',(0.,-0.,1.));
#6341 = ADVANCED_FACE('',(#6342),#6360,.T.);
#6342 = FACE_BOUND('',#6343,.T.);
#6343 = EDGE_LOOP('',(#6344,#6345,#6353,#6359));
#6344 = ORIENTED_EDGE('',*,*,#6314,.F.);
#6345 = ORIENTED_EDGE('',*,*,#6346,.T.);
#6346 = EDGE_CURVE('',#6315,#6347,#6349,.T.);
#6347 = VERTEX_POINT('',#6348);
#6348 = CARTESIAN_POINT('',(0.32,-2.22,-2.84));
#6349 = LINE('',#6350,#6351);
#6350 = CARTESIAN_POINT('',(0.32,-2.86,-2.84));
#6351 = VECTOR('',#6352,1.);
#6352 = DIRECTION('',(0.,1.,0.));
#6353 = ORIENTED_EDGE('',*,*,#6354,.T.);
#6354 = EDGE_CURVE('',#6347,#5632,#6355,.T.);
#6355 = LINE('',#6356,#6357);
#6356 = CARTESIAN_POINT('',(0.32,-2.22,-3.));
#6357 = VECTOR('',#6358,1.);
#6358 = DIRECTION('',(0.,0.,1.));
#6359 = ORIENTED_EDGE('',*,*,#5639,.F.);
#6360 = PLANE('',#6361);
#6361 = AXIS2_PLACEMENT_3D('',#6362,#6363,#6364);
#6362 = CARTESIAN_POINT('',(0.32,-2.86,-3.));
#6363 = DIRECTION('',(1.,0.,0.));
#6364 = DIRECTION('',(0.,0.,1.));
#6365 = ADVANCED_FACE('',(#6366),#6384,.T.);
#6366 = FACE_BOUND('',#6367,.T.);
#6367 = EDGE_LOOP('',(#6368,#6369,#6377,#6383));
#6368 = ORIENTED_EDGE('',*,*,#6354,.F.);
#6369 = ORIENTED_EDGE('',*,*,#6370,.F.);
#6370 = EDGE_CURVE('',#6371,#6347,#6373,.T.);
#6371 = VERTEX_POINT('',#6372);
#6372 = CARTESIAN_POINT('',(-0.32,-2.22,-2.84));
#6373 = LINE('',#6374,#6375);
#6374 = CARTESIAN_POINT('',(-0.32,-2.22,-2.84));
#6375 = VECTOR('',#6376,1.);
#6376 = DIRECTION('',(1.,0.,0.));
#6377 = ORIENTED_EDGE('',*,*,#6378,.T.);
#6378 = EDGE_CURVE('',#6371,#5624,#6379,.T.);
#6379 = LINE('',#6380,#6381);
#6380 = CARTESIAN_POINT('',(-0.32,-2.22,-3.));
#6381 = VECTOR('',#6382,1.);
#6382 = DIRECTION('',(0.,0.,1.));
#6383 = ORIENTED_EDGE('',*,*,#5631,.F.);
#6384 = PLANE('',#6385);
#6385 = AXIS2_PLACEMENT_3D('',#6386,#6387,#6388);
#6386 = CARTESIAN_POINT('',(-0.32,-2.22,-3.));
#6387 = DIRECTION('',(0.,1.,0.));
#6388 = DIRECTION('',(0.,-0.,1.));
#6389 = ADVANCED_FACE('',(#6390),#6401,.F.);
#6390 = FACE_BOUND('',#6391,.F.);
#6391 = EDGE_LOOP('',(#6392,#6393,#6399,#6400));
#6392 = ORIENTED_EDGE('',*,*,#6330,.F.);
#6393 = ORIENTED_EDGE('',*,*,#6394,.T.);
#6394 = EDGE_CURVE('',#6323,#6371,#6395,.T.);
#6395 = LINE('',#6396,#6397);
#6396 = CARTESIAN_POINT('',(-0.32,-2.86,-2.84));
#6397 = VECTOR('',#6398,1.);
#6398 = DIRECTION('',(0.,1.,0.));
#6399 = ORIENTED_EDGE('',*,*,#6378,.T.);
#6400 = ORIENTED_EDGE('',*,*,#5623,.F.);
#6401 = PLANE('',#6402);
#6402 = AXIS2_PLACEMENT_3D('',#6403,#6404,#6405);
#6403 = CARTESIAN_POINT('',(-0.32,-2.86,-3.));
#6404 = DIRECTION('',(1.,0.,0.));
#6405 = DIRECTION('',(0.,0.,1.));
#6406 = ADVANCED_FACE('',(#6407),#6432,.T.);
#6407 = FACE_BOUND('',#6408,.T.);
#6408 = EDGE_LOOP('',(#6409,#6417,#6425,#6431));
#6409 = ORIENTED_EDGE('',*,*,#6410,.F.);
#6410 = EDGE_CURVE('',#6411,#5648,#6413,.T.);
#6411 = VERTEX_POINT('',#6412);
#6412 = CARTESIAN_POINT('',(0.32,-4.76,-2.84));
#6413 = LINE('',#6414,#6415);
#6414 = CARTESIAN_POINT('',(0.32,-4.76,-3.));
#6415 = VECTOR('',#6416,1.);
#6416 = DIRECTION('',(0.,0.,1.));
#6417 = ORIENTED_EDGE('',*,*,#6418,.F.);
#6418 = EDGE_CURVE('',#6419,#6411,#6421,.T.);
#6419 = VERTEX_POINT('',#6420);
#6420 = CARTESIAN_POINT('',(-0.32,-4.76,-2.84));
#6421 = LINE('',#6422,#6423);
#6422 = CARTESIAN_POINT('',(-0.32,-4.76,-2.84));
#6423 = VECTOR('',#6424,1.);
#6424 = DIRECTION('',(1.,0.,0.));
#6425 = ORIENTED_EDGE('',*,*,#6426,.T.);
#6426 = EDGE_CURVE('',#6419,#5650,#6427,.T.);
#6427 = LINE('',#6428,#6429);
#6428 = CARTESIAN_POINT('',(-0.32,-4.76,-3.));
#6429 = VECTOR('',#6430,1.);
#6430 = DIRECTION('',(0.,0.,1.));
#6431 = ORIENTED_EDGE('',*,*,#5647,.F.);
#6432 = PLANE('',#6433);
#6433 = AXIS2_PLACEMENT_3D('',#6434,#6435,#6436);
#6434 = CARTESIAN_POINT('',(-0.32,-4.76,-3.));
#6435 = DIRECTION('',(0.,1.,0.));
#6436 = DIRECTION('',(0.,-0.,1.));
#6437 = ADVANCED_FACE('',(#6438),#6456,.F.);
#6438 = FACE_BOUND('',#6439,.F.);
#6439 = EDGE_LOOP('',(#6440,#6448,#6454,#6455));
#6440 = ORIENTED_EDGE('',*,*,#6441,.F.);
#6441 = EDGE_CURVE('',#6442,#5666,#6444,.T.);
#6442 = VERTEX_POINT('',#6443);
#6443 = CARTESIAN_POINT('',(-0.32,-5.4,-2.84));
#6444 = LINE('',#6445,#6446);
#6445 = CARTESIAN_POINT('',(-0.32,-5.4,-3.));
#6446 = VECTOR('',#6447,1.);
#6447 = DIRECTION('',(0.,0.,1.));
#6448 = ORIENTED_EDGE('',*,*,#6449,.T.);
#6449 = EDGE_CURVE('',#6442,#6419,#6450,.T.);
#6450 = LINE('',#6451,#6452);
#6451 = CARTESIAN_POINT('',(-0.32,-5.4,-2.84));
#6452 = VECTOR('',#6453,1.);
#6453 = DIRECTION('',(0.,1.,0.));
#6454 = ORIENTED_EDGE('',*,*,#6426,.T.);
#6455 = ORIENTED_EDGE('',*,*,#5673,.F.);
#6456 = PLANE('',#6457);
#6457 = AXIS2_PLACEMENT_3D('',#6458,#6459,#6460);
#6458 = CARTESIAN_POINT('',(-0.32,-5.4,-3.));
#6459 = DIRECTION('',(1.,0.,0.));
#6460 = DIRECTION('',(0.,0.,1.));
#6461 = ADVANCED_FACE('',(#6462),#6480,.F.);
#6462 = FACE_BOUND('',#6463,.F.);
#6463 = EDGE_LOOP('',(#6464,#6472,#6478,#6479));
#6464 = ORIENTED_EDGE('',*,*,#6465,.F.);
#6465 = EDGE_CURVE('',#6466,#5658,#6468,.T.);
#6466 = VERTEX_POINT('',#6467);
#6467 = CARTESIAN_POINT('',(0.32,-5.4,-2.84));
#6468 = LINE('',#6469,#6470);
#6469 = CARTESIAN_POINT('',(0.32,-5.4,-3.));
#6470 = VECTOR('',#6471,1.);
#6471 = DIRECTION('',(0.,0.,1.));
#6472 = ORIENTED_EDGE('',*,*,#6473,.F.);
#6473 = EDGE_CURVE('',#6442,#6466,#6474,.T.);
#6474 = LINE('',#6475,#6476);
#6475 = CARTESIAN_POINT('',(-0.32,-5.4,-2.84));
#6476 = VECTOR('',#6477,1.);
#6477 = DIRECTION('',(1.,0.,0.));
#6478 = ORIENTED_EDGE('',*,*,#6441,.T.);
#6479 = ORIENTED_EDGE('',*,*,#5665,.F.);
#6480 = PLANE('',#6481);
#6481 = AXIS2_PLACEMENT_3D('',#6482,#6483,#6484);
#6482 = CARTESIAN_POINT('',(-0.32,-5.4,-3.));
#6483 = DIRECTION('',(0.,1.,0.));
#6484 = DIRECTION('',(0.,-0.,1.));
#6485 = ADVANCED_FACE('',(#6486),#6497,.T.);
#6486 = FACE_BOUND('',#6487,.T.);
#6487 = EDGE_LOOP('',(#6488,#6489,#6495,#6496));
#6488 = ORIENTED_EDGE('',*,*,#6465,.F.);
#6489 = ORIENTED_EDGE('',*,*,#6490,.T.);
#6490 = EDGE_CURVE('',#6466,#6411,#6491,.T.);
#6491 = LINE('',#6492,#6493);
#6492 = CARTESIAN_POINT('',(0.32,-5.4,-2.84));
#6493 = VECTOR('',#6494,1.);
#6494 = DIRECTION('',(0.,1.,0.));
#6495 = ORIENTED_EDGE('',*,*,#6410,.T.);
#6496 = ORIENTED_EDGE('',*,*,#5657,.F.);
#6497 = PLANE('',#6498);
#6498 = AXIS2_PLACEMENT_3D('',#6499,#6500,#6501);
#6499 = CARTESIAN_POINT('',(0.32,-5.4,-3.));
#6500 = DIRECTION('',(1.,0.,0.));
#6501 = DIRECTION('',(0.,0.,1.));
#6502 = ADVANCED_FACE('',(#6503),#6528,.T.);
#6503 = FACE_BOUND('',#6504,.T.);
#6504 = EDGE_LOOP('',(#6505,#6513,#6514,#6522));
#6505 = ORIENTED_EDGE('',*,*,#6506,.F.);
#6506 = EDGE_CURVE('',#5827,#6507,#6509,.T.);
#6507 = VERTEX_POINT('',#6508);
#6508 = CARTESIAN_POINT('',(0.32,-0.32,8.38));
#6509 = LINE('',#6510,#6511);
#6510 = CARTESIAN_POINT('',(0.32,-0.32,-3.));
#6511 = VECTOR('',#6512,1.);
#6512 = DIRECTION('',(0.,0.,1.));
#6513 = ORIENTED_EDGE('',*,*,#5826,.T.);
#6514 = ORIENTED_EDGE('',*,*,#6515,.T.);
#6515 = EDGE_CURVE('',#5829,#6516,#6518,.T.);
#6516 = VERTEX_POINT('',#6517);
#6517 = CARTESIAN_POINT('',(0.32,0.32,8.38));
#6518 = LINE('',#6519,#6520);
#6519 = CARTESIAN_POINT('',(0.32,0.32,-3.));
#6520 = VECTOR('',#6521,1.);
#6521 = DIRECTION('',(0.,0.,1.));
#6522 = ORIENTED_EDGE('',*,*,#6523,.F.);
#6523 = EDGE_CURVE('',#6507,#6516,#6524,.T.);
#6524 = LINE('',#6525,#6526);
#6525 = CARTESIAN_POINT('',(0.32,-0.32,8.38));
#6526 = VECTOR('',#6527,1.);
#6527 = DIRECTION('',(0.,1.,0.));
#6528 = PLANE('',#6529);
#6529 = AXIS2_PLACEMENT_3D('',#6530,#6531,#6532);
#6530 = CARTESIAN_POINT('',(0.32,-0.32,-3.));
#6531 = DIRECTION('',(1.,0.,0.));
#6532 = DIRECTION('',(0.,0.,1.));
#6533 = ADVANCED_FACE('',(#6534),#6552,.T.);
#6534 = FACE_BOUND('',#6535,.T.);
#6535 = EDGE_LOOP('',(#6536,#6537,#6538,#6546));
#6536 = ORIENTED_EDGE('',*,*,#6515,.F.);
#6537 = ORIENTED_EDGE('',*,*,#5852,.T.);
#6538 = ORIENTED_EDGE('',*,*,#6539,.T.);
#6539 = EDGE_CURVE('',#5845,#6540,#6542,.T.);
#6540 = VERTEX_POINT('',#6541);
#6541 = CARTESIAN_POINT('',(-0.32,0.32,8.38));
#6542 = LINE('',#6543,#6544);
#6543 = CARTESIAN_POINT('',(-0.32,0.32,-3.));
#6544 = VECTOR('',#6545,1.);
#6545 = DIRECTION('',(0.,0.,1.));
#6546 = ORIENTED_EDGE('',*,*,#6547,.T.);
#6547 = EDGE_CURVE('',#6540,#6516,#6548,.T.);
#6548 = LINE('',#6549,#6550);
#6549 = CARTESIAN_POINT('',(-0.32,0.32,8.38));
#6550 = VECTOR('',#6551,1.);
#6551 = DIRECTION('',(1.,0.,0.));
#6552 = PLANE('',#6553);
#6553 = AXIS2_PLACEMENT_3D('',#6554,#6555,#6556);
#6554 = CARTESIAN_POINT('',(-0.32,0.32,-3.));
#6555 = DIRECTION('',(0.,1.,0.));
#6556 = DIRECTION('',(0.,-0.,1.));
#6557 = ADVANCED_FACE('',(#6558),#6576,.F.);
#6558 = FACE_BOUND('',#6559,.F.);
#6559 = EDGE_LOOP('',(#6560,#6568,#6569,#6570));
#6560 = ORIENTED_EDGE('',*,*,#6561,.F.);
#6561 = EDGE_CURVE('',#5837,#6562,#6564,.T.);
#6562 = VERTEX_POINT('',#6563);
#6563 = CARTESIAN_POINT('',(-0.32,-0.32,8.38));
#6564 = LINE('',#6565,#6566);
#6565 = CARTESIAN_POINT('',(-0.32,-0.32,-3.));
#6566 = VECTOR('',#6567,1.);
#6567 = DIRECTION('',(0.,0.,1.));
#6568 = ORIENTED_EDGE('',*,*,#5844,.T.);
#6569 = ORIENTED_EDGE('',*,*,#6539,.T.);
#6570 = ORIENTED_EDGE('',*,*,#6571,.F.);
#6571 = EDGE_CURVE('',#6562,#6540,#6572,.T.);
#6572 = LINE('',#6573,#6574);
#6573 = CARTESIAN_POINT('',(-0.32,-0.32,8.38));
#6574 = VECTOR('',#6575,1.);
#6575 = DIRECTION('',(0.,1.,0.));
#6576 = PLANE('',#6577);
#6577 = AXIS2_PLACEMENT_3D('',#6578,#6579,#6580);
#6578 = CARTESIAN_POINT('',(-0.32,-0.32,-3.));
#6579 = DIRECTION('',(1.,0.,0.));
#6580 = DIRECTION('',(0.,0.,1.));
#6581 = ADVANCED_FACE('',(#6582),#6593,.F.);
#6582 = FACE_BOUND('',#6583,.F.);
#6583 = EDGE_LOOP('',(#6584,#6585,#6586,#6587));
#6584 = ORIENTED_EDGE('',*,*,#6506,.F.);
#6585 = ORIENTED_EDGE('',*,*,#5836,.T.);
#6586 = ORIENTED_EDGE('',*,*,#6561,.T.);
#6587 = ORIENTED_EDGE('',*,*,#6588,.T.);
#6588 = EDGE_CURVE('',#6562,#6507,#6589,.T.);
#6589 = LINE('',#6590,#6591);
#6590 = CARTESIAN_POINT('',(-0.32,-0.32,8.38));
#6591 = VECTOR('',#6592,1.);
#6592 = DIRECTION('',(1.,0.,0.));
#6593 = PLANE('',#6594);
#6594 = AXIS2_PLACEMENT_3D('',#6595,#6596,#6597);
#6595 = CARTESIAN_POINT('',(-0.32,-0.32,-3.));
#6596 = DIRECTION('',(0.,1.,0.));
#6597 = DIRECTION('',(0.,-0.,1.));
#6598 = ADVANCED_FACE('',(#6599),#6624,.F.);
#6599 = FACE_BOUND('',#6600,.F.);
#6600 = EDGE_LOOP('',(#6601,#6609,#6610,#6618));
#6601 = ORIENTED_EDGE('',*,*,#6602,.F.);
#6602 = EDGE_CURVE('',#5861,#6603,#6605,.T.);
#6603 = VERTEX_POINT('',#6604);
#6604 = CARTESIAN_POINT('',(0.32,-2.86,8.38));
#6605 = LINE('',#6606,#6607);
#6606 = CARTESIAN_POINT('',(0.32,-2.86,-3.));
#6607 = VECTOR('',#6608,1.);
#6608 = DIRECTION('',(0.,0.,1.));
#6609 = ORIENTED_EDGE('',*,*,#5860,.T.);
#6610 = ORIENTED_EDGE('',*,*,#6611,.T.);
#6611 = EDGE_CURVE('',#5863,#6612,#6614,.T.);
#6612 = VERTEX_POINT('',#6613);
#6613 = CARTESIAN_POINT('',(-0.32,-2.86,8.38));
#6614 = LINE('',#6615,#6616);
#6615 = CARTESIAN_POINT('',(-0.32,-2.86,-3.));
#6616 = VECTOR('',#6617,1.);
#6617 = DIRECTION('',(0.,0.,1.));
#6618 = ORIENTED_EDGE('',*,*,#6619,.T.);
#6619 = EDGE_CURVE('',#6612,#6603,#6620,.T.);
#6620 = LINE('',#6621,#6622);
#6621 = CARTESIAN_POINT('',(-0.32,-2.86,8.38));
#6622 = VECTOR('',#6623,1.);
#6623 = DIRECTION('',(1.,0.,0.));
#6624 = PLANE('',#6625);
#6625 = AXIS2_PLACEMENT_3D('',#6626,#6627,#6628);
#6626 = CARTESIAN_POINT('',(-0.32,-2.86,-3.));
#6627 = DIRECTION('',(0.,1.,0.));
#6628 = DIRECTION('',(0.,-0.,1.));
#6629 = ADVANCED_FACE('',(#6630),#6648,.T.);
#6630 = FACE_BOUND('',#6631,.T.);
#6631 = EDGE_LOOP('',(#6632,#6633,#6634,#6642));
#6632 = ORIENTED_EDGE('',*,*,#6602,.F.);
#6633 = ORIENTED_EDGE('',*,*,#5886,.T.);
#6634 = ORIENTED_EDGE('',*,*,#6635,.T.);
#6635 = EDGE_CURVE('',#5879,#6636,#6638,.T.);
#6636 = VERTEX_POINT('',#6637);
#6637 = CARTESIAN_POINT('',(0.32,-2.22,8.38));
#6638 = LINE('',#6639,#6640);
#6639 = CARTESIAN_POINT('',(0.32,-2.22,-3.));
#6640 = VECTOR('',#6641,1.);
#6641 = DIRECTION('',(0.,0.,1.));
#6642 = ORIENTED_EDGE('',*,*,#6643,.F.);
#6643 = EDGE_CURVE('',#6603,#6636,#6644,.T.);
#6644 = LINE('',#6645,#6646);
#6645 = CARTESIAN_POINT('',(0.32,-2.86,8.38));
#6646 = VECTOR('',#6647,1.);
#6647 = DIRECTION('',(0.,1.,0.));
#6648 = PLANE('',#6649);
#6649 = AXIS2_PLACEMENT_3D('',#6650,#6651,#6652);
#6650 = CARTESIAN_POINT('',(0.32,-2.86,-3.));
#6651 = DIRECTION('',(1.,0.,0.));
#6652 = DIRECTION('',(0.,0.,1.));
#6653 = ADVANCED_FACE('',(#6654),#6672,.T.);
#6654 = FACE_BOUND('',#6655,.T.);
#6655 = EDGE_LOOP('',(#6656,#6657,#6658,#6666));
#6656 = ORIENTED_EDGE('',*,*,#6635,.F.);
#6657 = ORIENTED_EDGE('',*,*,#5878,.T.);
#6658 = ORIENTED_EDGE('',*,*,#6659,.T.);
#6659 = EDGE_CURVE('',#5871,#6660,#6662,.T.);
#6660 = VERTEX_POINT('',#6661);
#6661 = CARTESIAN_POINT('',(-0.32,-2.22,8.38));
#6662 = LINE('',#6663,#6664);
#6663 = CARTESIAN_POINT('',(-0.32,-2.22,-3.));
#6664 = VECTOR('',#6665,1.);
#6665 = DIRECTION('',(0.,0.,1.));
#6666 = ORIENTED_EDGE('',*,*,#6667,.T.);
#6667 = EDGE_CURVE('',#6660,#6636,#6668,.T.);
#6668 = LINE('',#6669,#6670);
#6669 = CARTESIAN_POINT('',(-0.32,-2.22,8.38));
#6670 = VECTOR('',#6671,1.);
#6671 = DIRECTION('',(1.,0.,0.));
#6672 = PLANE('',#6673);
#6673 = AXIS2_PLACEMENT_3D('',#6674,#6675,#6676);
#6674 = CARTESIAN_POINT('',(-0.32,-2.22,-3.));
#6675 = DIRECTION('',(0.,1.,0.));
#6676 = DIRECTION('',(0.,-0.,1.));
#6677 = ADVANCED_FACE('',(#6678),#6689,.F.);
#6678 = FACE_BOUND('',#6679,.F.);
#6679 = EDGE_LOOP('',(#6680,#6681,#6682,#6683));
#6680 = ORIENTED_EDGE('',*,*,#6611,.F.);
#6681 = ORIENTED_EDGE('',*,*,#5870,.T.);
#6682 = ORIENTED_EDGE('',*,*,#6659,.T.);
#6683 = ORIENTED_EDGE('',*,*,#6684,.F.);
#6684 = EDGE_CURVE('',#6612,#6660,#6685,.T.);
#6685 = LINE('',#6686,#6687);
#6686 = CARTESIAN_POINT('',(-0.32,-2.86,8.38));
#6687 = VECTOR('',#6688,1.);
#6688 = DIRECTION('',(0.,1.,0.));
#6689 = PLANE('',#6690);
#6690 = AXIS2_PLACEMENT_3D('',#6691,#6692,#6693);
#6691 = CARTESIAN_POINT('',(-0.32,-2.86,-3.));
#6692 = DIRECTION('',(1.,0.,0.));
#6693 = DIRECTION('',(0.,0.,1.));
#6694 = ADVANCED_FACE('',(#6695),#6720,.T.);
#6695 = FACE_BOUND('',#6696,.T.);
#6696 = EDGE_LOOP('',(#6697,#6705,#6706,#6714));
#6697 = ORIENTED_EDGE('',*,*,#6698,.F.);
#6698 = EDGE_CURVE('',#5895,#6699,#6701,.T.);
#6699 = VERTEX_POINT('',#6700);
#6700 = CARTESIAN_POINT('',(0.32,-4.76,8.38));
#6701 = LINE('',#6702,#6703);
#6702 = CARTESIAN_POINT('',(0.32,-4.76,-3.));
#6703 = VECTOR('',#6704,1.);
#6704 = DIRECTION('',(0.,0.,1.));
#6705 = ORIENTED_EDGE('',*,*,#5894,.T.);
#6706 = ORIENTED_EDGE('',*,*,#6707,.T.);
#6707 = EDGE_CURVE('',#5897,#6708,#6710,.T.);
#6708 = VERTEX_POINT('',#6709);
#6709 = CARTESIAN_POINT('',(-0.32,-4.76,8.38));
#6710 = LINE('',#6711,#6712);
#6711 = CARTESIAN_POINT('',(-0.32,-4.76,-3.));
#6712 = VECTOR('',#6713,1.);
#6713 = DIRECTION('',(0.,0.,1.));
#6714 = ORIENTED_EDGE('',*,*,#6715,.T.);
#6715 = EDGE_CURVE('',#6708,#6699,#6716,.T.);
#6716 = LINE('',#6717,#6718);
#6717 = CARTESIAN_POINT('',(-0.32,-4.76,8.38));
#6718 = VECTOR('',#6719,1.);
#6719 = DIRECTION('',(1.,0.,0.));
#6720 = PLANE('',#6721);
#6721 = AXIS2_PLACEMENT_3D('',#6722,#6723,#6724);
#6722 = CARTESIAN_POINT('',(-0.32,-4.76,-3.));
#6723 = DIRECTION('',(0.,1.,0.));
#6724 = DIRECTION('',(0.,-0.,1.));
#6725 = ADVANCED_FACE('',(#6726),#6744,.F.);
#6726 = FACE_BOUND('',#6727,.F.);
#6727 = EDGE_LOOP('',(#6728,#6736,#6737,#6738));
#6728 = ORIENTED_EDGE('',*,*,#6729,.F.);
#6729 = EDGE_CURVE('',#5913,#6730,#6732,.T.);
#6730 = VERTEX_POINT('',#6731);
#6731 = CARTESIAN_POINT('',(-0.32,-5.4,8.38));
#6732 = LINE('',#6733,#6734);
#6733 = CARTESIAN_POINT('',(-0.32,-5.4,-3.));
#6734 = VECTOR('',#6735,1.);
#6735 = DIRECTION('',(0.,0.,1.));
#6736 = ORIENTED_EDGE('',*,*,#5920,.T.);
#6737 = ORIENTED_EDGE('',*,*,#6707,.T.);
#6738 = ORIENTED_EDGE('',*,*,#6739,.F.);
#6739 = EDGE_CURVE('',#6730,#6708,#6740,.T.);
#6740 = LINE('',#6741,#6742);
#6741 = CARTESIAN_POINT('',(-0.32,-5.4,8.38));
#6742 = VECTOR('',#6743,1.);
#6743 = DIRECTION('',(0.,1.,0.));
#6744 = PLANE('',#6745);
#6745 = AXIS2_PLACEMENT_3D('',#6746,#6747,#6748);
#6746 = CARTESIAN_POINT('',(-0.32,-5.4,-3.));
#6747 = DIRECTION('',(1.,0.,0.));
#6748 = DIRECTION('',(0.,0.,1.));
#6749 = ADVANCED_FACE('',(#6750),#6768,.F.);
#6750 = FACE_BOUND('',#6751,.F.);
#6751 = EDGE_LOOP('',(#6752,#6760,#6761,#6762));
#6752 = ORIENTED_EDGE('',*,*,#6753,.F.);
#6753 = EDGE_CURVE('',#5905,#6754,#6756,.T.);
#6754 = VERTEX_POINT('',#6755);
#6755 = CARTESIAN_POINT('',(0.32,-5.4,8.38));
#6756 = LINE('',#6757,#6758);
#6757 = CARTESIAN_POINT('',(0.32,-5.4,-3.));
#6758 = VECTOR('',#6759,1.);
#6759 = DIRECTION('',(0.,0.,1.));
#6760 = ORIENTED_EDGE('',*,*,#5912,.T.);
#6761 = ORIENTED_EDGE('',*,*,#6729,.T.);
#6762 = ORIENTED_EDGE('',*,*,#6763,.T.);
#6763 = EDGE_CURVE('',#6730,#6754,#6764,.T.);
#6764 = LINE('',#6765,#6766);
#6765 = CARTESIAN_POINT('',(-0.32,-5.4,8.38));
#6766 = VECTOR('',#6767,1.);
#6767 = DIRECTION('',(1.,0.,0.));
#6768 = PLANE('',#6769);
#6769 = AXIS2_PLACEMENT_3D('',#6770,#6771,#6772);
#6770 = CARTESIAN_POINT('',(-0.32,-5.4,-3.));
#6771 = DIRECTION('',(0.,1.,0.));
#6772 = DIRECTION('',(0.,-0.,1.));
#6773 = ADVANCED_FACE('',(#6774),#6785,.T.);
#6774 = FACE_BOUND('',#6775,.T.);
#6775 = EDGE_LOOP('',(#6776,#6777,#6778,#6779));
#6776 = ORIENTED_EDGE('',*,*,#6753,.F.);
#6777 = ORIENTED_EDGE('',*,*,#5904,.T.);
#6778 = ORIENTED_EDGE('',*,*,#6698,.T.);
#6779 = ORIENTED_EDGE('',*,*,#6780,.F.);
#6780 = EDGE_CURVE('',#6754,#6699,#6781,.T.);
#6781 = LINE('',#6782,#6783);
#6782 = CARTESIAN_POINT('',(0.32,-5.4,8.38));
#6783 = VECTOR('',#6784,1.);
#6784 = DIRECTION('',(0.,1.,0.));
#6785 = PLANE('',#6786);
#6786 = AXIS2_PLACEMENT_3D('',#6787,#6788,#6789);
#6787 = CARTESIAN_POINT('',(0.32,-5.4,-3.));
#6788 = DIRECTION('',(1.,0.,0.));
#6789 = DIRECTION('',(0.,0.,1.));
#6790 = ADVANCED_FACE('',(#6791),#6816,.F.);
#6791 = FACE_BOUND('',#6792,.F.);
#6792 = EDGE_LOOP('',(#6793,#6801,#6802,#6810));
#6793 = ORIENTED_EDGE('',*,*,#6794,.F.);
#6794 = EDGE_CURVE('',#6219,#6795,#6797,.T.);
#6795 = VERTEX_POINT('',#6796);
#6796 = CARTESIAN_POINT('',(0.16,-0.16,-3.));
#6797 = LINE('',#6798,#6799);
#6798 = CARTESIAN_POINT('',(0.16,-0.16,-3.));
#6799 = VECTOR('',#6800,1.);
#6800 = DIRECTION('',(-0.57735026919,0.57735026919,-0.57735026919));
#6801 = ORIENTED_EDGE('',*,*,#6226,.T.);
#6802 = ORIENTED_EDGE('',*,*,#6803,.T.);
#6803 = EDGE_CURVE('',#6227,#6804,#6806,.T.);
#6804 = VERTEX_POINT('',#6805);
#6805 = CARTESIAN_POINT('',(0.16,0.16,-3.));
#6806 = LINE('',#6807,#6808);
#6807 = CARTESIAN_POINT('',(5.333333333333E-02,5.333333333333E-02,
    -3.106666666667));
#6808 = VECTOR('',#6809,1.);
#6809 = DIRECTION('',(-0.57735026919,-0.57735026919,-0.57735026919));
#6810 = ORIENTED_EDGE('',*,*,#6811,.F.);
#6811 = EDGE_CURVE('',#6795,#6804,#6812,.T.);
#6812 = LINE('',#6813,#6814);
#6813 = CARTESIAN_POINT('',(0.16,-0.32,-3.));
#6814 = VECTOR('',#6815,1.);
#6815 = DIRECTION('',(0.,1.,0.));
#6816 = PLANE('',#6817);
#6817 = AXIS2_PLACEMENT_3D('',#6818,#6819,#6820);
#6818 = CARTESIAN_POINT('',(0.24,-0.32,-2.92));
#6819 = DIRECTION('',(-0.707106781187,1.735167508357E-18,0.707106781187)
  );
#6820 = DIRECTION('',(1.226948711654E-18,1.,-1.226948711654E-18));
#6821 = ADVANCED_FACE('',(#6822),#6840,.F.);
#6822 = FACE_BOUND('',#6823,.T.);
#6823 = EDGE_LOOP('',(#6824,#6832,#6833,#6834));
#6824 = ORIENTED_EDGE('',*,*,#6825,.F.);
#6825 = EDGE_CURVE('',#6251,#6826,#6828,.T.);
#6826 = VERTEX_POINT('',#6827);
#6827 = CARTESIAN_POINT('',(-0.16,0.16,-3.));
#6828 = LINE('',#6829,#6830);
#6829 = CARTESIAN_POINT('',(-0.16,0.16,-3.));
#6830 = VECTOR('',#6831,1.);
#6831 = DIRECTION('',(0.57735026919,-0.57735026919,-0.57735026919));
#6832 = ORIENTED_EDGE('',*,*,#6250,.T.);
#6833 = ORIENTED_EDGE('',*,*,#6803,.T.);
#6834 = ORIENTED_EDGE('',*,*,#6835,.F.);
#6835 = EDGE_CURVE('',#6826,#6804,#6836,.T.);
#6836 = LINE('',#6837,#6838);
#6837 = CARTESIAN_POINT('',(-0.32,0.16,-3.));
#6838 = VECTOR('',#6839,1.);
#6839 = DIRECTION('',(1.,0.,0.));
#6840 = PLANE('',#6841);
#6841 = AXIS2_PLACEMENT_3D('',#6842,#6843,#6844);
#6842 = CARTESIAN_POINT('',(-0.32,0.24,-2.92));
#6843 = DIRECTION('',(-1.735167508357E-18,-0.707106781187,0.707106781187
    ));
#6844 = DIRECTION('',(-1.,1.226948711654E-18,-1.226948711654E-18));
#6845 = ADVANCED_FACE('',(#6846),#6864,.T.);
#6846 = FACE_BOUND('',#6847,.T.);
#6847 = EDGE_LOOP('',(#6848,#6856,#6857,#6858));
#6848 = ORIENTED_EDGE('',*,*,#6849,.F.);
#6849 = EDGE_CURVE('',#6274,#6850,#6852,.T.);
#6850 = VERTEX_POINT('',#6851);
#6851 = CARTESIAN_POINT('',(-0.16,-0.16,-3.));
#6852 = LINE('',#6853,#6854);
#6853 = CARTESIAN_POINT('',(-0.266666666667,-0.266666666667,
    -2.893333333333));
#6854 = VECTOR('',#6855,1.);
#6855 = DIRECTION('',(0.57735026919,0.57735026919,-0.57735026919));
#6856 = ORIENTED_EDGE('',*,*,#6281,.T.);
#6857 = ORIENTED_EDGE('',*,*,#6825,.T.);
#6858 = ORIENTED_EDGE('',*,*,#6859,.F.);
#6859 = EDGE_CURVE('',#6850,#6826,#6860,.T.);
#6860 = LINE('',#6861,#6862);
#6861 = CARTESIAN_POINT('',(-0.16,-0.32,-3.));
#6862 = VECTOR('',#6863,1.);
#6863 = DIRECTION('',(0.,1.,0.));
#6864 = PLANE('',#6865);
#6865 = AXIS2_PLACEMENT_3D('',#6866,#6867,#6868);
#6866 = CARTESIAN_POINT('',(-0.24,-0.32,-2.92));
#6867 = DIRECTION('',(-0.707106781187,-1.735167508357E-18,
    -0.707106781187));
#6868 = DIRECTION('',(-1.226948711654E-18,1.,-1.226948711654E-18));
#6869 = ADVANCED_FACE('',(#6870),#6881,.T.);
#6870 = FACE_BOUND('',#6871,.F.);
#6871 = EDGE_LOOP('',(#6872,#6873,#6874,#6875));
#6872 = ORIENTED_EDGE('',*,*,#6849,.F.);
#6873 = ORIENTED_EDGE('',*,*,#6298,.T.);
#6874 = ORIENTED_EDGE('',*,*,#6794,.T.);
#6875 = ORIENTED_EDGE('',*,*,#6876,.F.);
#6876 = EDGE_CURVE('',#6850,#6795,#6877,.T.);
#6877 = LINE('',#6878,#6879);
#6878 = CARTESIAN_POINT('',(-0.32,-0.16,-3.));
#6879 = VECTOR('',#6880,1.);
#6880 = DIRECTION('',(1.,0.,0.));
#6881 = PLANE('',#6882);
#6882 = AXIS2_PLACEMENT_3D('',#6883,#6884,#6885);
#6883 = CARTESIAN_POINT('',(-0.32,-0.24,-2.92));
#6884 = DIRECTION('',(1.735167508357E-18,-0.707106781187,-0.707106781187
    ));
#6885 = DIRECTION('',(-1.,-1.226948711654E-18,-1.226948711654E-18));
#6886 = ADVANCED_FACE('',(#6887),#6912,.T.);
#6887 = FACE_BOUND('',#6888,.F.);
#6888 = EDGE_LOOP('',(#6889,#6897,#6898,#6906));
#6889 = ORIENTED_EDGE('',*,*,#6890,.F.);
#6890 = EDGE_CURVE('',#6323,#6891,#6893,.T.);
#6891 = VERTEX_POINT('',#6892);
#6892 = CARTESIAN_POINT('',(-0.16,-2.7,-3.));
#6893 = LINE('',#6894,#6895);
#6894 = CARTESIAN_POINT('',(-0.266666666667,-2.806666666667,
    -2.893333333333));
#6895 = VECTOR('',#6896,1.);
#6896 = DIRECTION('',(0.57735026919,0.57735026919,-0.57735026919));
#6897 = ORIENTED_EDGE('',*,*,#6322,.T.);
#6898 = ORIENTED_EDGE('',*,*,#6899,.T.);
#6899 = EDGE_CURVE('',#6315,#6900,#6902,.T.);
#6900 = VERTEX_POINT('',#6901);
#6901 = CARTESIAN_POINT('',(0.16,-2.7,-3.));
#6902 = LINE('',#6903,#6904);
#6903 = CARTESIAN_POINT('',(0.16,-2.7,-3.));
#6904 = VECTOR('',#6905,1.);
#6905 = DIRECTION('',(-0.57735026919,0.57735026919,-0.57735026919));
#6906 = ORIENTED_EDGE('',*,*,#6907,.F.);
#6907 = EDGE_CURVE('',#6891,#6900,#6908,.T.);
#6908 = LINE('',#6909,#6910);
#6909 = CARTESIAN_POINT('',(-0.32,-2.7,-3.));
#6910 = VECTOR('',#6911,1.);
#6911 = DIRECTION('',(1.,0.,0.));
#6912 = PLANE('',#6913);
#6913 = AXIS2_PLACEMENT_3D('',#6914,#6915,#6916);
#6914 = CARTESIAN_POINT('',(-0.32,-2.78,-2.92));
#6915 = DIRECTION('',(1.735167508357E-18,-0.707106781187,-0.707106781187
    ));
#6916 = DIRECTION('',(-1.,-1.226948711654E-18,-1.226948711654E-18));
#6917 = ADVANCED_FACE('',(#6918),#6936,.F.);
#6918 = FACE_BOUND('',#6919,.F.);
#6919 = EDGE_LOOP('',(#6920,#6921,#6922,#6930));
#6920 = ORIENTED_EDGE('',*,*,#6899,.F.);
#6921 = ORIENTED_EDGE('',*,*,#6346,.T.);
#6922 = ORIENTED_EDGE('',*,*,#6923,.T.);
#6923 = EDGE_CURVE('',#6347,#6924,#6926,.T.);
#6924 = VERTEX_POINT('',#6925);
#6925 = CARTESIAN_POINT('',(0.16,-2.38,-3.));
#6926 = LINE('',#6927,#6928);
#6927 = CARTESIAN_POINT('',(5.333333333333E-02,-2.486666666667,
    -3.106666666667));
#6928 = VECTOR('',#6929,1.);
#6929 = DIRECTION('',(-0.57735026919,-0.57735026919,-0.57735026919));
#6930 = ORIENTED_EDGE('',*,*,#6931,.F.);
#6931 = EDGE_CURVE('',#6900,#6924,#6932,.T.);
#6932 = LINE('',#6933,#6934);
#6933 = CARTESIAN_POINT('',(0.16,-2.86,-3.));
#6934 = VECTOR('',#6935,1.);
#6935 = DIRECTION('',(0.,1.,0.));
#6936 = PLANE('',#6937);
#6937 = AXIS2_PLACEMENT_3D('',#6938,#6939,#6940);
#6938 = CARTESIAN_POINT('',(0.24,-2.86,-2.92));
#6939 = DIRECTION('',(-0.707106781187,1.735167508357E-18,0.707106781187)
  );
#6940 = DIRECTION('',(1.226948711654E-18,1.,-1.226948711654E-18));
#6941 = ADVANCED_FACE('',(#6942),#6960,.F.);
#6942 = FACE_BOUND('',#6943,.T.);
#6943 = EDGE_LOOP('',(#6944,#6952,#6953,#6954));
#6944 = ORIENTED_EDGE('',*,*,#6945,.F.);
#6945 = EDGE_CURVE('',#6371,#6946,#6948,.T.);
#6946 = VERTEX_POINT('',#6947);
#6947 = CARTESIAN_POINT('',(-0.16,-2.38,-3.));
#6948 = LINE('',#6949,#6950);
#6949 = CARTESIAN_POINT('',(-0.16,-2.38,-3.));
#6950 = VECTOR('',#6951,1.);
#6951 = DIRECTION('',(0.57735026919,-0.57735026919,-0.57735026919));
#6952 = ORIENTED_EDGE('',*,*,#6370,.T.);
#6953 = ORIENTED_EDGE('',*,*,#6923,.T.);
#6954 = ORIENTED_EDGE('',*,*,#6955,.F.);
#6955 = EDGE_CURVE('',#6946,#6924,#6956,.T.);
#6956 = LINE('',#6957,#6958);
#6957 = CARTESIAN_POINT('',(-0.32,-2.38,-3.));
#6958 = VECTOR('',#6959,1.);
#6959 = DIRECTION('',(1.,0.,0.));
#6960 = PLANE('',#6961);
#6961 = AXIS2_PLACEMENT_3D('',#6962,#6963,#6964);
#6962 = CARTESIAN_POINT('',(-0.32,-2.3,-2.92));
#6963 = DIRECTION('',(-1.735167508357E-18,-0.707106781187,0.707106781187
    ));
#6964 = DIRECTION('',(-1.,1.226948711654E-18,-1.226948711654E-18));
#6965 = ADVANCED_FACE('',(#6966),#6977,.T.);
#6966 = FACE_BOUND('',#6967,.T.);
#6967 = EDGE_LOOP('',(#6968,#6969,#6970,#6971));
#6968 = ORIENTED_EDGE('',*,*,#6890,.F.);
#6969 = ORIENTED_EDGE('',*,*,#6394,.T.);
#6970 = ORIENTED_EDGE('',*,*,#6945,.T.);
#6971 = ORIENTED_EDGE('',*,*,#6972,.F.);
#6972 = EDGE_CURVE('',#6891,#6946,#6973,.T.);
#6973 = LINE('',#6974,#6975);
#6974 = CARTESIAN_POINT('',(-0.16,-2.86,-3.));
#6975 = VECTOR('',#6976,1.);
#6976 = DIRECTION('',(0.,1.,0.));
#6977 = PLANE('',#6978);
#6978 = AXIS2_PLACEMENT_3D('',#6979,#6980,#6981);
#6979 = CARTESIAN_POINT('',(-0.24,-2.86,-2.92));
#6980 = DIRECTION('',(-0.707106781187,-1.735167508357E-18,
    -0.707106781187));
#6981 = DIRECTION('',(-1.226948711654E-18,1.,-1.226948711654E-18));
#6982 = ADVANCED_FACE('',(#6983),#7008,.F.);
#6983 = FACE_BOUND('',#6984,.T.);
#6984 = EDGE_LOOP('',(#6985,#6993,#6994,#7002));
#6985 = ORIENTED_EDGE('',*,*,#6986,.F.);
#6986 = EDGE_CURVE('',#6419,#6987,#6989,.T.);
#6987 = VERTEX_POINT('',#6988);
#6988 = CARTESIAN_POINT('',(-0.16,-4.92,-3.));
#6989 = LINE('',#6990,#6991);
#6990 = CARTESIAN_POINT('',(-0.16,-4.92,-3.));
#6991 = VECTOR('',#6992,1.);
#6992 = DIRECTION('',(0.57735026919,-0.57735026919,-0.57735026919));
#6993 = ORIENTED_EDGE('',*,*,#6418,.T.);
#6994 = ORIENTED_EDGE('',*,*,#6995,.T.);
#6995 = EDGE_CURVE('',#6411,#6996,#6998,.T.);
#6996 = VERTEX_POINT('',#6997);
#6997 = CARTESIAN_POINT('',(0.16,-4.92,-3.));
#6998 = LINE('',#6999,#7000);
#6999 = CARTESIAN_POINT('',(5.333333333333E-02,-5.026666666667,
    -3.106666666667));
#7000 = VECTOR('',#7001,1.);
#7001 = DIRECTION('',(-0.57735026919,-0.57735026919,-0.57735026919));
#7002 = ORIENTED_EDGE('',*,*,#7003,.F.);
#7003 = EDGE_CURVE('',#6987,#6996,#7004,.T.);
#7004 = LINE('',#7005,#7006);
#7005 = CARTESIAN_POINT('',(-0.32,-4.92,-3.));
#7006 = VECTOR('',#7007,1.);
#7007 = DIRECTION('',(1.,0.,0.));
#7008 = PLANE('',#7009);
#7009 = AXIS2_PLACEMENT_3D('',#7010,#7011,#7012);
#7010 = CARTESIAN_POINT('',(-0.32,-4.84,-2.92));
#7011 = DIRECTION('',(-1.735167508357E-18,-0.707106781187,0.707106781187
    ));
#7012 = DIRECTION('',(-1.,1.226948711654E-18,-1.226948711654E-18));
#7013 = ADVANCED_FACE('',(#7014),#7032,.T.);
#7014 = FACE_BOUND('',#7015,.T.);
#7015 = EDGE_LOOP('',(#7016,#7024,#7025,#7026));
#7016 = ORIENTED_EDGE('',*,*,#7017,.F.);
#7017 = EDGE_CURVE('',#6442,#7018,#7020,.T.);
#7018 = VERTEX_POINT('',#7019);
#7019 = CARTESIAN_POINT('',(-0.16,-5.24,-3.));
#7020 = LINE('',#7021,#7022);
#7021 = CARTESIAN_POINT('',(-0.266666666667,-5.346666666667,
    -2.893333333333));
#7022 = VECTOR('',#7023,1.);
#7023 = DIRECTION('',(0.57735026919,0.57735026919,-0.57735026919));
#7024 = ORIENTED_EDGE('',*,*,#6449,.T.);
#7025 = ORIENTED_EDGE('',*,*,#6986,.T.);
#7026 = ORIENTED_EDGE('',*,*,#7027,.F.);
#7027 = EDGE_CURVE('',#7018,#6987,#7028,.T.);
#7028 = LINE('',#7029,#7030);
#7029 = CARTESIAN_POINT('',(-0.16,-5.4,-3.));
#7030 = VECTOR('',#7031,1.);
#7031 = DIRECTION('',(0.,1.,0.));
#7032 = PLANE('',#7033);
#7033 = AXIS2_PLACEMENT_3D('',#7034,#7035,#7036);
#7034 = CARTESIAN_POINT('',(-0.24,-5.4,-2.92));
#7035 = DIRECTION('',(-0.707106781187,-1.735167508357E-18,
    -0.707106781187));
#7036 = DIRECTION('',(-1.226948711654E-18,1.,-1.226948711654E-18));
#7037 = ADVANCED_FACE('',(#7038),#7056,.T.);
#7038 = FACE_BOUND('',#7039,.F.);
#7039 = EDGE_LOOP('',(#7040,#7041,#7042,#7050));
#7040 = ORIENTED_EDGE('',*,*,#7017,.F.);
#7041 = ORIENTED_EDGE('',*,*,#6473,.T.);
#7042 = ORIENTED_EDGE('',*,*,#7043,.T.);
#7043 = EDGE_CURVE('',#6466,#7044,#7046,.T.);
#7044 = VERTEX_POINT('',#7045);
#7045 = CARTESIAN_POINT('',(0.16,-5.24,-3.));
#7046 = LINE('',#7047,#7048);
#7047 = CARTESIAN_POINT('',(0.16,-5.24,-3.));
#7048 = VECTOR('',#7049,1.);
#7049 = DIRECTION('',(-0.57735026919,0.57735026919,-0.57735026919));
#7050 = ORIENTED_EDGE('',*,*,#7051,.F.);
#7051 = EDGE_CURVE('',#7018,#7044,#7052,.T.);
#7052 = LINE('',#7053,#7054);
#7053 = CARTESIAN_POINT('',(-0.32,-5.24,-3.));
#7054 = VECTOR('',#7055,1.);
#7055 = DIRECTION('',(1.,0.,0.));
#7056 = PLANE('',#7057);
#7057 = AXIS2_PLACEMENT_3D('',#7058,#7059,#7060);
#7058 = CARTESIAN_POINT('',(-0.32,-5.32,-2.92));
#7059 = DIRECTION('',(1.735167508357E-18,-0.707106781187,-0.707106781187
    ));
#7060 = DIRECTION('',(-1.,-1.226948711654E-18,-1.226948711654E-18));
#7061 = ADVANCED_FACE('',(#7062),#7073,.F.);
#7062 = FACE_BOUND('',#7063,.F.);
#7063 = EDGE_LOOP('',(#7064,#7065,#7066,#7067));
#7064 = ORIENTED_EDGE('',*,*,#7043,.F.);
#7065 = ORIENTED_EDGE('',*,*,#6490,.T.);
#7066 = ORIENTED_EDGE('',*,*,#6995,.T.);
#7067 = ORIENTED_EDGE('',*,*,#7068,.F.);
#7068 = EDGE_CURVE('',#7044,#6996,#7069,.T.);
#7069 = LINE('',#7070,#7071);
#7070 = CARTESIAN_POINT('',(0.16,-5.4,-3.));
#7071 = VECTOR('',#7072,1.);
#7072 = DIRECTION('',(0.,1.,0.));
#7073 = PLANE('',#7074);
#7074 = AXIS2_PLACEMENT_3D('',#7075,#7076,#7077);
#7075 = CARTESIAN_POINT('',(0.24,-5.4,-2.92));
#7076 = DIRECTION('',(-0.707106781187,1.735167508357E-18,0.707106781187)
  );
#7077 = DIRECTION('',(1.226948711654E-18,1.,-1.226948711654E-18));
#7078 = ADVANCED_FACE('',(#7079),#7104,.T.);
#7079 = FACE_BOUND('',#7080,.T.);
#7080 = EDGE_LOOP('',(#7081,#7089,#7090,#7098));
#7081 = ORIENTED_EDGE('',*,*,#7082,.F.);
#7082 = EDGE_CURVE('',#6507,#7083,#7085,.T.);
#7083 = VERTEX_POINT('',#7084);
#7084 = CARTESIAN_POINT('',(0.16,-0.16,8.54));
#7085 = LINE('',#7086,#7087);
#7086 = CARTESIAN_POINT('',(0.16,-0.16,8.54));
#7087 = VECTOR('',#7088,1.);
#7088 = DIRECTION('',(-0.57735026919,0.57735026919,0.57735026919));
#7089 = ORIENTED_EDGE('',*,*,#6523,.T.);
#7090 = ORIENTED_EDGE('',*,*,#7091,.T.);
#7091 = EDGE_CURVE('',#6516,#7092,#7094,.T.);
#7092 = VERTEX_POINT('',#7093);
#7093 = CARTESIAN_POINT('',(0.16,0.16,8.54));
#7094 = LINE('',#7095,#7096);
#7095 = CARTESIAN_POINT('',(5.333333333333E-02,5.333333333333E-02,
    8.646666666667));
#7096 = VECTOR('',#7097,1.);
#7097 = DIRECTION('',(-0.57735026919,-0.57735026919,0.57735026919));
#7098 = ORIENTED_EDGE('',*,*,#7099,.F.);
#7099 = EDGE_CURVE('',#7083,#7092,#7100,.T.);
#7100 = LINE('',#7101,#7102);
#7101 = CARTESIAN_POINT('',(0.16,-0.32,8.54));
#7102 = VECTOR('',#7103,1.);
#7103 = DIRECTION('',(0.,1.,0.));
#7104 = PLANE('',#7105);
#7105 = AXIS2_PLACEMENT_3D('',#7106,#7107,#7108);
#7106 = CARTESIAN_POINT('',(0.24,-0.32,8.46));
#7107 = DIRECTION('',(0.707106781187,-1.735167508357E-18,0.707106781187)
  );
#7108 = DIRECTION('',(1.226948711654E-18,1.,1.226948711654E-18));
#7109 = ADVANCED_FACE('',(#7110),#7128,.T.);
#7110 = FACE_BOUND('',#7111,.F.);
#7111 = EDGE_LOOP('',(#7112,#7120,#7121,#7122));
#7112 = ORIENTED_EDGE('',*,*,#7113,.F.);
#7113 = EDGE_CURVE('',#6540,#7114,#7116,.T.);
#7114 = VERTEX_POINT('',#7115);
#7115 = CARTESIAN_POINT('',(-0.16,0.16,8.54));
#7116 = LINE('',#7117,#7118);
#7117 = CARTESIAN_POINT('',(-0.16,0.16,8.54));
#7118 = VECTOR('',#7119,1.);
#7119 = DIRECTION('',(0.57735026919,-0.57735026919,0.57735026919));
#7120 = ORIENTED_EDGE('',*,*,#6547,.T.);
#7121 = ORIENTED_EDGE('',*,*,#7091,.T.);
#7122 = ORIENTED_EDGE('',*,*,#7123,.F.);
#7123 = EDGE_CURVE('',#7114,#7092,#7124,.T.);
#7124 = LINE('',#7125,#7126);
#7125 = CARTESIAN_POINT('',(-0.32,0.16,8.54));
#7126 = VECTOR('',#7127,1.);
#7127 = DIRECTION('',(1.,0.,0.));
#7128 = PLANE('',#7129);
#7129 = AXIS2_PLACEMENT_3D('',#7130,#7131,#7132);
#7130 = CARTESIAN_POINT('',(-0.32,0.24,8.46));
#7131 = DIRECTION('',(1.735167508357E-18,0.707106781187,0.707106781187)
  );
#7132 = DIRECTION('',(-1.,1.226948711654E-18,1.226948711654E-18));
#7133 = ADVANCED_FACE('',(#7134),#7152,.F.);
#7134 = FACE_BOUND('',#7135,.F.);
#7135 = EDGE_LOOP('',(#7136,#7144,#7145,#7146));
#7136 = ORIENTED_EDGE('',*,*,#7137,.F.);
#7137 = EDGE_CURVE('',#6562,#7138,#7140,.T.);
#7138 = VERTEX_POINT('',#7139);
#7139 = CARTESIAN_POINT('',(-0.16,-0.16,8.54));
#7140 = LINE('',#7141,#7142);
#7141 = CARTESIAN_POINT('',(-0.266666666667,-0.266666666667,
    8.433333333333));
#7142 = VECTOR('',#7143,1.);
#7143 = DIRECTION('',(0.57735026919,0.57735026919,0.57735026919));
#7144 = ORIENTED_EDGE('',*,*,#6571,.T.);
#7145 = ORIENTED_EDGE('',*,*,#7113,.T.);
#7146 = ORIENTED_EDGE('',*,*,#7147,.F.);
#7147 = EDGE_CURVE('',#7138,#7114,#7148,.T.);
#7148 = LINE('',#7149,#7150);
#7149 = CARTESIAN_POINT('',(-0.16,-0.32,8.54));
#7150 = VECTOR('',#7151,1.);
#7151 = DIRECTION('',(0.,1.,0.));
#7152 = PLANE('',#7153);
#7153 = AXIS2_PLACEMENT_3D('',#7154,#7155,#7156);
#7154 = CARTESIAN_POINT('',(-0.24,-0.32,8.46));
#7155 = DIRECTION('',(0.707106781187,1.735167508357E-18,-0.707106781187)
  );
#7156 = DIRECTION('',(-1.226948711654E-18,1.,1.226948711654E-18));
#7157 = ADVANCED_FACE('',(#7158),#7169,.F.);
#7158 = FACE_BOUND('',#7159,.T.);
#7159 = EDGE_LOOP('',(#7160,#7161,#7162,#7163));
#7160 = ORIENTED_EDGE('',*,*,#7137,.F.);
#7161 = ORIENTED_EDGE('',*,*,#6588,.T.);
#7162 = ORIENTED_EDGE('',*,*,#7082,.T.);
#7163 = ORIENTED_EDGE('',*,*,#7164,.F.);
#7164 = EDGE_CURVE('',#7138,#7083,#7165,.T.);
#7165 = LINE('',#7166,#7167);
#7166 = CARTESIAN_POINT('',(-0.32,-0.16,8.54));
#7167 = VECTOR('',#7168,1.);
#7168 = DIRECTION('',(1.,0.,0.));
#7169 = PLANE('',#7170);
#7170 = AXIS2_PLACEMENT_3D('',#7171,#7172,#7173);
#7171 = CARTESIAN_POINT('',(-0.32,-0.24,8.46));
#7172 = DIRECTION('',(-1.735167508357E-18,0.707106781187,-0.707106781187
    ));
#7173 = DIRECTION('',(-1.,-1.226948711654E-18,1.226948711654E-18));
#7174 = ADVANCED_FACE('',(#7175),#7200,.F.);
#7175 = FACE_BOUND('',#7176,.T.);
#7176 = EDGE_LOOP('',(#7177,#7185,#7186,#7194));
#7177 = ORIENTED_EDGE('',*,*,#7178,.F.);
#7178 = EDGE_CURVE('',#6612,#7179,#7181,.T.);
#7179 = VERTEX_POINT('',#7180);
#7180 = CARTESIAN_POINT('',(-0.16,-2.7,8.54));
#7181 = LINE('',#7182,#7183);
#7182 = CARTESIAN_POINT('',(-0.266666666667,-2.806666666667,
    8.433333333333));
#7183 = VECTOR('',#7184,1.);
#7184 = DIRECTION('',(0.57735026919,0.57735026919,0.57735026919));
#7185 = ORIENTED_EDGE('',*,*,#6619,.T.);
#7186 = ORIENTED_EDGE('',*,*,#7187,.T.);
#7187 = EDGE_CURVE('',#6603,#7188,#7190,.T.);
#7188 = VERTEX_POINT('',#7189);
#7189 = CARTESIAN_POINT('',(0.16,-2.7,8.54));
#7190 = LINE('',#7191,#7192);
#7191 = CARTESIAN_POINT('',(0.16,-2.7,8.54));
#7192 = VECTOR('',#7193,1.);
#7193 = DIRECTION('',(-0.57735026919,0.57735026919,0.57735026919));
#7194 = ORIENTED_EDGE('',*,*,#7195,.F.);
#7195 = EDGE_CURVE('',#7179,#7188,#7196,.T.);
#7196 = LINE('',#7197,#7198);
#7197 = CARTESIAN_POINT('',(-0.32,-2.7,8.54));
#7198 = VECTOR('',#7199,1.);
#7199 = DIRECTION('',(1.,0.,0.));
#7200 = PLANE('',#7201);
#7201 = AXIS2_PLACEMENT_3D('',#7202,#7203,#7204);
#7202 = CARTESIAN_POINT('',(-0.32,-2.78,8.46));
#7203 = DIRECTION('',(-1.735167508357E-18,0.707106781187,-0.707106781187
    ));
#7204 = DIRECTION('',(-1.,-1.226948711654E-18,1.226948711654E-18));
#7205 = ADVANCED_FACE('',(#7206),#7224,.T.);
#7206 = FACE_BOUND('',#7207,.T.);
#7207 = EDGE_LOOP('',(#7208,#7209,#7210,#7218));
#7208 = ORIENTED_EDGE('',*,*,#7187,.F.);
#7209 = ORIENTED_EDGE('',*,*,#6643,.T.);
#7210 = ORIENTED_EDGE('',*,*,#7211,.T.);
#7211 = EDGE_CURVE('',#6636,#7212,#7214,.T.);
#7212 = VERTEX_POINT('',#7213);
#7213 = CARTESIAN_POINT('',(0.16,-2.38,8.54));
#7214 = LINE('',#7215,#7216);
#7215 = CARTESIAN_POINT('',(5.333333333333E-02,-2.486666666667,
    8.646666666667));
#7216 = VECTOR('',#7217,1.);
#7217 = DIRECTION('',(-0.57735026919,-0.57735026919,0.57735026919));
#7218 = ORIENTED_EDGE('',*,*,#7219,.F.);
#7219 = EDGE_CURVE('',#7188,#7212,#7220,.T.);
#7220 = LINE('',#7221,#7222);
#7221 = CARTESIAN_POINT('',(0.16,-2.86,8.54));
#7222 = VECTOR('',#7223,1.);
#7223 = DIRECTION('',(0.,1.,0.));
#7224 = PLANE('',#7225);
#7225 = AXIS2_PLACEMENT_3D('',#7226,#7227,#7228);
#7226 = CARTESIAN_POINT('',(0.24,-2.86,8.46));
#7227 = DIRECTION('',(0.707106781187,-1.735167508357E-18,0.707106781187)
  );
#7228 = DIRECTION('',(1.226948711654E-18,1.,1.226948711654E-18));
#7229 = ADVANCED_FACE('',(#7230),#7248,.T.);
#7230 = FACE_BOUND('',#7231,.F.);
#7231 = EDGE_LOOP('',(#7232,#7240,#7241,#7242));
#7232 = ORIENTED_EDGE('',*,*,#7233,.F.);
#7233 = EDGE_CURVE('',#6660,#7234,#7236,.T.);
#7234 = VERTEX_POINT('',#7235);
#7235 = CARTESIAN_POINT('',(-0.16,-2.38,8.54));
#7236 = LINE('',#7237,#7238);
#7237 = CARTESIAN_POINT('',(-0.16,-2.38,8.54));
#7238 = VECTOR('',#7239,1.);
#7239 = DIRECTION('',(0.57735026919,-0.57735026919,0.57735026919));
#7240 = ORIENTED_EDGE('',*,*,#6667,.T.);
#7241 = ORIENTED_EDGE('',*,*,#7211,.T.);
#7242 = ORIENTED_EDGE('',*,*,#7243,.F.);
#7243 = EDGE_CURVE('',#7234,#7212,#7244,.T.);
#7244 = LINE('',#7245,#7246);
#7245 = CARTESIAN_POINT('',(-0.32,-2.38,8.54));
#7246 = VECTOR('',#7247,1.);
#7247 = DIRECTION('',(1.,0.,0.));
#7248 = PLANE('',#7249);
#7249 = AXIS2_PLACEMENT_3D('',#7250,#7251,#7252);
#7250 = CARTESIAN_POINT('',(-0.32,-2.3,8.46));
#7251 = DIRECTION('',(1.735167508357E-18,0.707106781187,0.707106781187)
  );
#7252 = DIRECTION('',(-1.,1.226948711654E-18,1.226948711654E-18));
#7253 = ADVANCED_FACE('',(#7254),#7265,.F.);
#7254 = FACE_BOUND('',#7255,.F.);
#7255 = EDGE_LOOP('',(#7256,#7257,#7258,#7259));
#7256 = ORIENTED_EDGE('',*,*,#7178,.F.);
#7257 = ORIENTED_EDGE('',*,*,#6684,.T.);
#7258 = ORIENTED_EDGE('',*,*,#7233,.T.);
#7259 = ORIENTED_EDGE('',*,*,#7260,.F.);
#7260 = EDGE_CURVE('',#7179,#7234,#7261,.T.);
#7261 = LINE('',#7262,#7263);
#7262 = CARTESIAN_POINT('',(-0.16,-2.86,8.54));
#7263 = VECTOR('',#7264,1.);
#7264 = DIRECTION('',(0.,1.,0.));
#7265 = PLANE('',#7266);
#7266 = AXIS2_PLACEMENT_3D('',#7267,#7268,#7269);
#7267 = CARTESIAN_POINT('',(-0.24,-2.86,8.46));
#7268 = DIRECTION('',(0.707106781187,1.735167508357E-18,-0.707106781187)
  );
#7269 = DIRECTION('',(-1.226948711654E-18,1.,1.226948711654E-18));
#7270 = ADVANCED_FACE('',(#7271),#7296,.T.);
#7271 = FACE_BOUND('',#7272,.F.);
#7272 = EDGE_LOOP('',(#7273,#7281,#7282,#7290));
#7273 = ORIENTED_EDGE('',*,*,#7274,.F.);
#7274 = EDGE_CURVE('',#6708,#7275,#7277,.T.);
#7275 = VERTEX_POINT('',#7276);
#7276 = CARTESIAN_POINT('',(-0.16,-4.92,8.54));
#7277 = LINE('',#7278,#7279);
#7278 = CARTESIAN_POINT('',(-0.16,-4.92,8.54));
#7279 = VECTOR('',#7280,1.);
#7280 = DIRECTION('',(0.57735026919,-0.57735026919,0.57735026919));
#7281 = ORIENTED_EDGE('',*,*,#6715,.T.);
#7282 = ORIENTED_EDGE('',*,*,#7283,.T.);
#7283 = EDGE_CURVE('',#6699,#7284,#7286,.T.);
#7284 = VERTEX_POINT('',#7285);
#7285 = CARTESIAN_POINT('',(0.16,-4.92,8.54));
#7286 = LINE('',#7287,#7288);
#7287 = CARTESIAN_POINT('',(5.333333333333E-02,-5.026666666667,
    8.646666666667));
#7288 = VECTOR('',#7289,1.);
#7289 = DIRECTION('',(-0.57735026919,-0.57735026919,0.57735026919));
#7290 = ORIENTED_EDGE('',*,*,#7291,.F.);
#7291 = EDGE_CURVE('',#7275,#7284,#7292,.T.);
#7292 = LINE('',#7293,#7294);
#7293 = CARTESIAN_POINT('',(-0.32,-4.92,8.54));
#7294 = VECTOR('',#7295,1.);
#7295 = DIRECTION('',(1.,0.,0.));
#7296 = PLANE('',#7297);
#7297 = AXIS2_PLACEMENT_3D('',#7298,#7299,#7300);
#7298 = CARTESIAN_POINT('',(-0.32,-4.84,8.46));
#7299 = DIRECTION('',(1.735167508357E-18,0.707106781187,0.707106781187)
  );
#7300 = DIRECTION('',(-1.,1.226948711654E-18,1.226948711654E-18));
#7301 = ADVANCED_FACE('',(#7302),#7320,.F.);
#7302 = FACE_BOUND('',#7303,.F.);
#7303 = EDGE_LOOP('',(#7304,#7312,#7313,#7314));
#7304 = ORIENTED_EDGE('',*,*,#7305,.F.);
#7305 = EDGE_CURVE('',#6730,#7306,#7308,.T.);
#7306 = VERTEX_POINT('',#7307);
#7307 = CARTESIAN_POINT('',(-0.16,-5.24,8.54));
#7308 = LINE('',#7309,#7310);
#7309 = CARTESIAN_POINT('',(-0.266666666667,-5.346666666667,
    8.433333333333));
#7310 = VECTOR('',#7311,1.);
#7311 = DIRECTION('',(0.57735026919,0.57735026919,0.57735026919));
#7312 = ORIENTED_EDGE('',*,*,#6739,.T.);
#7313 = ORIENTED_EDGE('',*,*,#7274,.T.);
#7314 = ORIENTED_EDGE('',*,*,#7315,.F.);
#7315 = EDGE_CURVE('',#7306,#7275,#7316,.T.);
#7316 = LINE('',#7317,#7318);
#7317 = CARTESIAN_POINT('',(-0.16,-5.4,8.54));
#7318 = VECTOR('',#7319,1.);
#7319 = DIRECTION('',(0.,1.,0.));
#7320 = PLANE('',#7321);
#7321 = AXIS2_PLACEMENT_3D('',#7322,#7323,#7324);
#7322 = CARTESIAN_POINT('',(-0.24,-5.4,8.46));
#7323 = DIRECTION('',(0.707106781187,1.735167508357E-18,-0.707106781187)
  );
#7324 = DIRECTION('',(-1.226948711654E-18,1.,1.226948711654E-18));
#7325 = ADVANCED_FACE('',(#7326),#7344,.F.);
#7326 = FACE_BOUND('',#7327,.T.);
#7327 = EDGE_LOOP('',(#7328,#7329,#7330,#7338));
#7328 = ORIENTED_EDGE('',*,*,#7305,.F.);
#7329 = ORIENTED_EDGE('',*,*,#6763,.T.);
#7330 = ORIENTED_EDGE('',*,*,#7331,.T.);
#7331 = EDGE_CURVE('',#6754,#7332,#7334,.T.);
#7332 = VERTEX_POINT('',#7333);
#7333 = CARTESIAN_POINT('',(0.16,-5.24,8.54));
#7334 = LINE('',#7335,#7336);
#7335 = CARTESIAN_POINT('',(0.16,-5.24,8.54));
#7336 = VECTOR('',#7337,1.);
#7337 = DIRECTION('',(-0.57735026919,0.57735026919,0.57735026919));
#7338 = ORIENTED_EDGE('',*,*,#7339,.F.);
#7339 = EDGE_CURVE('',#7306,#7332,#7340,.T.);
#7340 = LINE('',#7341,#7342);
#7341 = CARTESIAN_POINT('',(-0.32,-5.24,8.54));
#7342 = VECTOR('',#7343,1.);
#7343 = DIRECTION('',(1.,0.,0.));
#7344 = PLANE('',#7345);
#7345 = AXIS2_PLACEMENT_3D('',#7346,#7347,#7348);
#7346 = CARTESIAN_POINT('',(-0.32,-5.32,8.46));
#7347 = DIRECTION('',(-1.735167508357E-18,0.707106781187,-0.707106781187
    ));
#7348 = DIRECTION('',(-1.,-1.226948711654E-18,1.226948711654E-18));
#7349 = ADVANCED_FACE('',(#7350),#7361,.T.);
#7350 = FACE_BOUND('',#7351,.T.);
#7351 = EDGE_LOOP('',(#7352,#7353,#7354,#7355));
#7352 = ORIENTED_EDGE('',*,*,#7331,.F.);
#7353 = ORIENTED_EDGE('',*,*,#6780,.T.);
#7354 = ORIENTED_EDGE('',*,*,#7283,.T.);
#7355 = ORIENTED_EDGE('',*,*,#7356,.F.);
#7356 = EDGE_CURVE('',#7332,#7284,#7357,.T.);
#7357 = LINE('',#7358,#7359);
#7358 = CARTESIAN_POINT('',(0.16,-5.4,8.54));
#7359 = VECTOR('',#7360,1.);
#7360 = DIRECTION('',(0.,1.,0.));
#7361 = PLANE('',#7362);
#7362 = AXIS2_PLACEMENT_3D('',#7363,#7364,#7365);
#7363 = CARTESIAN_POINT('',(0.24,-5.4,8.46));
#7364 = DIRECTION('',(0.707106781187,-1.735167508357E-18,0.707106781187)
  );
#7365 = DIRECTION('',(1.226948711654E-18,1.,1.226948711654E-18));
#7366 = ADVANCED_FACE('',(#7367),#7373,.F.);
#7367 = FACE_BOUND('',#7368,.F.);
#7368 = EDGE_LOOP('',(#7369,#7370,#7371,#7372));
#7369 = ORIENTED_EDGE('',*,*,#6835,.F.);
#7370 = ORIENTED_EDGE('',*,*,#6859,.F.);
#7371 = ORIENTED_EDGE('',*,*,#6876,.T.);
#7372 = ORIENTED_EDGE('',*,*,#6811,.T.);
#7373 = PLANE('',#7374);
#7374 = AXIS2_PLACEMENT_3D('',#7375,#7376,#7377);
#7375 = CARTESIAN_POINT('',(-0.32,-0.32,-3.));
#7376 = DIRECTION('',(0.,0.,1.));
#7377 = DIRECTION('',(1.,0.,-0.));
#7378 = ADVANCED_FACE('',(#7379),#7385,.F.);
#7379 = FACE_BOUND('',#7380,.F.);
#7380 = EDGE_LOOP('',(#7381,#7382,#7383,#7384));
#7381 = ORIENTED_EDGE('',*,*,#6955,.F.);
#7382 = ORIENTED_EDGE('',*,*,#6972,.F.);
#7383 = ORIENTED_EDGE('',*,*,#6907,.T.);
#7384 = ORIENTED_EDGE('',*,*,#6931,.T.);
#7385 = PLANE('',#7386);
#7386 = AXIS2_PLACEMENT_3D('',#7387,#7388,#7389);
#7387 = CARTESIAN_POINT('',(-0.32,-2.86,-3.));
#7388 = DIRECTION('',(0.,0.,1.));
#7389 = DIRECTION('',(1.,0.,-0.));
#7390 = ADVANCED_FACE('',(#7391),#7397,.F.);
#7391 = FACE_BOUND('',#7392,.F.);
#7392 = EDGE_LOOP('',(#7393,#7394,#7395,#7396));
#7393 = ORIENTED_EDGE('',*,*,#7003,.F.);
#7394 = ORIENTED_EDGE('',*,*,#7027,.F.);
#7395 = ORIENTED_EDGE('',*,*,#7051,.T.);
#7396 = ORIENTED_EDGE('',*,*,#7068,.T.);
#7397 = PLANE('',#7398);
#7398 = AXIS2_PLACEMENT_3D('',#7399,#7400,#7401);
#7399 = CARTESIAN_POINT('',(-0.32,-5.4,-3.));
#7400 = DIRECTION('',(0.,0.,1.));
#7401 = DIRECTION('',(1.,0.,-0.));
#7402 = ADVANCED_FACE('',(#7403),#7409,.T.);
#7403 = FACE_BOUND('',#7404,.T.);
#7404 = EDGE_LOOP('',(#7405,#7406,#7407,#7408));
#7405 = ORIENTED_EDGE('',*,*,#7164,.T.);
#7406 = ORIENTED_EDGE('',*,*,#7099,.T.);
#7407 = ORIENTED_EDGE('',*,*,#7123,.F.);
#7408 = ORIENTED_EDGE('',*,*,#7147,.F.);
#7409 = PLANE('',#7410);
#7410 = AXIS2_PLACEMENT_3D('',#7411,#7412,#7413);
#7411 = CARTESIAN_POINT('',(-0.32,-0.32,8.54));
#7412 = DIRECTION('',(0.,0.,1.));
#7413 = DIRECTION('',(1.,0.,-0.));
#7414 = ADVANCED_FACE('',(#7415),#7421,.T.);
#7415 = FACE_BOUND('',#7416,.T.);
#7416 = EDGE_LOOP('',(#7417,#7418,#7419,#7420));
#7417 = ORIENTED_EDGE('',*,*,#7195,.T.);
#7418 = ORIENTED_EDGE('',*,*,#7219,.T.);
#7419 = ORIENTED_EDGE('',*,*,#7243,.F.);
#7420 = ORIENTED_EDGE('',*,*,#7260,.F.);
#7421 = PLANE('',#7422);
#7422 = AXIS2_PLACEMENT_3D('',#7423,#7424,#7425);
#7423 = CARTESIAN_POINT('',(-0.32,-2.86,8.54));
#7424 = DIRECTION('',(0.,0.,1.));
#7425 = DIRECTION('',(1.,0.,-0.));
#7426 = ADVANCED_FACE('',(#7427),#7433,.T.);
#7427 = FACE_BOUND('',#7428,.T.);
#7428 = EDGE_LOOP('',(#7429,#7430,#7431,#7432));
#7429 = ORIENTED_EDGE('',*,*,#7339,.T.);
#7430 = ORIENTED_EDGE('',*,*,#7356,.T.);
#7431 = ORIENTED_EDGE('',*,*,#7291,.F.);
#7432 = ORIENTED_EDGE('',*,*,#7315,.F.);
#7433 = PLANE('',#7434);
#7434 = AXIS2_PLACEMENT_3D('',#7435,#7436,#7437);
#7435 = CARTESIAN_POINT('',(-0.32,-5.4,8.54));
#7436 = DIRECTION('',(0.,0.,1.));
#7437 = DIRECTION('',(1.,0.,-0.));
#7438 = ( GEOMETRIC_REPRESENTATION_CONTEXT(3) 
GLOBAL_UNCERTAINTY_ASSIGNED_CONTEXT((#7442)) 
GLOBAL_UNIT_ASSIGNED_CONTEXT((#7439,#7440,#7441)) REPRESENTATION_CONTEXT
('Context #1','3D Context with UNIT and UNCERTAINTY') );
#7439 = ( LENGTH_UNIT() NAMED_UNIT(*) SI_UNIT(.MILLI.,.METRE.) );
#7440 = ( NAMED_UNIT(*) PLANE_ANGLE_UNIT() SI_UNIT($,.RADIAN.) );
#7441 = ( NAMED_UNIT(*) SI_UNIT($,.STERADIAN.) SOLID_ANGLE_UNIT() );
#7442 = UNCERTAINTY_MEASURE_WITH_UNIT(LENGTH_MEASURE(1.E-07),#7439,
  'distance_accuracy_value','confusion accuracy');
#7443 = CONTEXT_DEPENDENT_SHAPE_REPRESENTATION(#7444,#7446);
#7444 = ( REPRESENTATION_RELATIONSHIP('','',#5331,#10) 
REPRESENTATION_RELATIONSHIP_WITH_TRANSFORMATION(#7445) 
SHAPE_REPRESENTATION_RELATIONSHIP() );
#7445 = ITEM_DEFINED_TRANSFORMATION('','',#11,#31);
#7446 = PRODUCT_DEFINITION_SHAPE('Placement','Placement of an item',
  #7447);
#7447 = NEXT_ASSEMBLY_USAGE_OCCURRENCE('5','SW2','',#5,#5326,$);
#7448 = PRODUCT_RELATED_PRODUCT_CATEGORY('part',$,(#5328));
#7449 = SHAPE_DEFINITION_REPRESENTATION(#7450,#7456);
#7450 = PRODUCT_DEFINITION_SHAPE('','',#7451);
#7451 = PRODUCT_DEFINITION('design','',#7452,#7455);
#7452 = PRODUCT_DEFINITION_FORMATION('','',#7453);
#7453 = PRODUCT('PinSocket_1x06_P2.54mm_Vertical',
  'PinSocket_1x06_P2.54mm_Vertical','',(#7454));
#7454 = PRODUCT_CONTEXT('',#2,'mechanical');
#7455 = PRODUCT_DEFINITION_CONTEXT('part definition',#2,'design');
#7456 = ADVANCED_BREP_SHAPE_REPRESENTATION('',(#11,#7457),#12395);
#7457 = MANIFOLD_SOLID_BREP('',#7458);
#7458 = CLOSED_SHELL('',(#7459,#7499,#7562,#7625,#7642,#7863,#7885,#7902
    ,#8315,#8327,#8339,#8370,#8394,#8418,#8435,#8466,#8490,#8514,#8531,
    #8562,#8586,#8610,#8627,#8658,#8682,#8706,#8723,#8754,#8778,#8802,
    #8819,#8850,#8874,#8898,#8915,#8932,#8979,#8996,#9043,#9060,#9107,
    #9124,#9171,#9188,#9235,#9252,#9299,#9316,#9363,#9380,#9427,#9444,
    #9491,#9508,#9555,#9572,#9619,#9636,#9683,#9714,#9770,#9794,#9843,
    #9874,#9930,#9954,#10003,#10034,#10090,#10114,#10163,#10194,#10250,
    #10274,#10323,#10354,#10410,#10434,#10483,#10514,#10570,#10594,
    #10643,#10660,#10677,#10694,#10711,#10723,#10740,#10757,#10774,
    #10791,#10803,#10820,#10837,#10854,#10871,#10883,#10900,#10917,
    #10934,#10951,#10963,#10980,#10997,#11014,#11031,#11043,#11060,
    #11077,#11094,#11111,#11123,#11140,#11157,#11206,#11230,#11272,
    #11289,#11306,#11323,#11372,#11396,#11438,#11455,#11472,#11489,
    #11538,#11562,#11604,#11621,#11638,#11655,#11704,#11728,#11770,
    #11787,#11804,#11821,#11870,#11894,#11936,#11953,#11970,#11987,
    #12036,#12060,#12102,#12119,#12136,#12153,#12165,#12182,#12199,
    #12211,#12228,#12245,#12257,#12274,#12291,#12303,#12320,#12337,
    #12349,#12366,#12383));
#7459 = ADVANCED_FACE('',(#7460),#7494,.F.);
#7460 = FACE_BOUND('',#7461,.F.);
#7461 = EDGE_LOOP('',(#7462,#7472,#7480,#7488));
#7462 = ORIENTED_EDGE('',*,*,#7463,.T.);
#7463 = EDGE_CURVE('',#7464,#7466,#7468,.T.);
#7464 = VERTEX_POINT('',#7465);
#7465 = CARTESIAN_POINT('',(1.27,-13.97,0.));
#7466 = VERTEX_POINT('',#7467);
#7467 = CARTESIAN_POINT('',(1.27,-13.97,8.5));
#7468 = LINE('',#7469,#7470);
#7469 = CARTESIAN_POINT('',(1.27,-13.97,0.));
#7470 = VECTOR('',#7471,1.);
#7471 = DIRECTION('',(0.,0.,1.));
#7472 = ORIENTED_EDGE('',*,*,#7473,.T.);
#7473 = EDGE_CURVE('',#7466,#7474,#7476,.T.);
#7474 = VERTEX_POINT('',#7475);
#7475 = CARTESIAN_POINT('',(1.27,1.27,8.5));
#7476 = LINE('',#7477,#7478);
#7477 = CARTESIAN_POINT('',(1.27,-13.97,8.5));
#7478 = VECTOR('',#7479,1.);
#7479 = DIRECTION('',(1.110223024625E-16,1.,0.));
#7480 = ORIENTED_EDGE('',*,*,#7481,.F.);
#7481 = EDGE_CURVE('',#7482,#7474,#7484,.T.);
#7482 = VERTEX_POINT('',#7483);
#7483 = CARTESIAN_POINT('',(1.27,1.27,0.));
#7484 = LINE('',#7485,#7486);
#7485 = CARTESIAN_POINT('',(1.27,1.27,0.));
#7486 = VECTOR('',#7487,1.);
#7487 = DIRECTION('',(0.,0.,1.));
#7488 = ORIENTED_EDGE('',*,*,#7489,.F.);
#7489 = EDGE_CURVE('',#7464,#7482,#7490,.T.);
#7490 = LINE('',#7491,#7492);
#7491 = CARTESIAN_POINT('',(1.27,-13.97,0.));
#7492 = VECTOR('',#7493,1.);
#7493 = DIRECTION('',(1.110223024625E-16,1.,0.));
#7494 = PLANE('',#7495);
#7495 = AXIS2_PLACEMENT_3D('',#7496,#7497,#7498);
#7496 = CARTESIAN_POINT('',(1.27,-13.97,0.));
#7497 = DIRECTION('',(-1.,1.110223024625E-16,0.));
#7498 = DIRECTION('',(1.110223024625E-16,1.,0.));
#7499 = ADVANCED_FACE('',(#7500),#7557,.F.);
#7500 = FACE_BOUND('',#7501,.F.);
#7501 = EDGE_LOOP('',(#7502,#7512,#7520,#7526,#7527,#7535,#7543,#7551));
#7502 = ORIENTED_EDGE('',*,*,#7503,.F.);
#7503 = EDGE_CURVE('',#7504,#7506,#7508,.T.);
#7504 = VERTEX_POINT('',#7505);
#7505 = CARTESIAN_POINT('',(-1.27,-13.97,0.));
#7506 = VERTEX_POINT('',#7507);
#7507 = CARTESIAN_POINT('',(-0.846666666667,-13.97,0.));
#7508 = LINE('',#7509,#7510);
#7509 = CARTESIAN_POINT('',(-1.27,-13.97,0.));
#7510 = VECTOR('',#7511,1.);
#7511 = DIRECTION('',(1.,-1.110223024625E-16,0.));
#7512 = ORIENTED_EDGE('',*,*,#7513,.T.);
#7513 = EDGE_CURVE('',#7504,#7514,#7516,.T.);
#7514 = VERTEX_POINT('',#7515);
#7515 = CARTESIAN_POINT('',(-1.27,-13.97,8.5));
#7516 = LINE('',#7517,#7518);
#7517 = CARTESIAN_POINT('',(-1.27,-13.97,0.));
#7518 = VECTOR('',#7519,1.);
#7519 = DIRECTION('',(0.,0.,1.));
#7520 = ORIENTED_EDGE('',*,*,#7521,.T.);
#7521 = EDGE_CURVE('',#7514,#7466,#7522,.T.);
#7522 = LINE('',#7523,#7524);
#7523 = CARTESIAN_POINT('',(-1.27,-13.97,8.5));
#7524 = VECTOR('',#7525,1.);
#7525 = DIRECTION('',(1.,-1.110223024625E-16,0.));
#7526 = ORIENTED_EDGE('',*,*,#7463,.F.);
#7527 = ORIENTED_EDGE('',*,*,#7528,.F.);
#7528 = EDGE_CURVE('',#7529,#7464,#7531,.T.);
#7529 = VERTEX_POINT('',#7530);
#7530 = CARTESIAN_POINT('',(0.846666666667,-13.97,0.));
#7531 = LINE('',#7532,#7533);
#7532 = CARTESIAN_POINT('',(-1.27,-13.97,0.));
#7533 = VECTOR('',#7534,1.);
#7534 = DIRECTION('',(1.,-1.110223024625E-16,0.));
#7535 = ORIENTED_EDGE('',*,*,#7536,.T.);
#7536 = EDGE_CURVE('',#7529,#7537,#7539,.T.);
#7537 = VERTEX_POINT('',#7538);
#7538 = CARTESIAN_POINT('',(0.846666666667,-13.97,0.2));
#7539 = LINE('',#7540,#7541);
#7540 = CARTESIAN_POINT('',(0.846666666667,-13.97,0.));
#7541 = VECTOR('',#7542,1.);
#7542 = DIRECTION('',(0.,0.,1.));
#7543 = ORIENTED_EDGE('',*,*,#7544,.F.);
#7544 = EDGE_CURVE('',#7545,#7537,#7547,.T.);
#7545 = VERTEX_POINT('',#7546);
#7546 = CARTESIAN_POINT('',(-0.846666666667,-13.97,0.2));
#7547 = LINE('',#7548,#7549);
#7548 = CARTESIAN_POINT('',(-0.846666666667,-13.97,0.2));
#7549 = VECTOR('',#7550,1.);
#7550 = DIRECTION('',(1.,-1.110223024625E-16,0.));
#7551 = ORIENTED_EDGE('',*,*,#7552,.F.);
#7552 = EDGE_CURVE('',#7506,#7545,#7553,.T.);
#7553 = LINE('',#7554,#7555);
#7554 = CARTESIAN_POINT('',(-0.846666666667,-13.97,0.));
#7555 = VECTOR('',#7556,1.);
#7556 = DIRECTION('',(0.,0.,1.));
#7557 = PLANE('',#7558);
#7558 = AXIS2_PLACEMENT_3D('',#7559,#7560,#7561);
#7559 = CARTESIAN_POINT('',(-1.27,-13.97,0.));
#7560 = DIRECTION('',(1.110223024625E-16,1.,0.));
#7561 = DIRECTION('',(1.,-1.110223024625E-16,0.));
#7562 = ADVANCED_FACE('',(#7563),#7620,.F.);
#7563 = FACE_BOUND('',#7564,.F.);
#7564 = EDGE_LOOP('',(#7565,#7573,#7574,#7582,#7590,#7598,#7606,#7614));
#7565 = ORIENTED_EDGE('',*,*,#7566,.F.);
#7566 = EDGE_CURVE('',#7482,#7567,#7569,.T.);
#7567 = VERTEX_POINT('',#7568);
#7568 = CARTESIAN_POINT('',(0.846666666667,1.27,0.));
#7569 = LINE('',#7570,#7571);
#7570 = CARTESIAN_POINT('',(1.27,1.27,0.));
#7571 = VECTOR('',#7572,1.);
#7572 = DIRECTION('',(-1.,1.110223024625E-16,0.));
#7573 = ORIENTED_EDGE('',*,*,#7481,.T.);
#7574 = ORIENTED_EDGE('',*,*,#7575,.T.);
#7575 = EDGE_CURVE('',#7474,#7576,#7578,.T.);
#7576 = VERTEX_POINT('',#7577);
#7577 = CARTESIAN_POINT('',(-1.27,1.27,8.5));
#7578 = LINE('',#7579,#7580);
#7579 = CARTESIAN_POINT('',(1.27,1.27,8.5));
#7580 = VECTOR('',#7581,1.);
#7581 = DIRECTION('',(-1.,1.110223024625E-16,0.));
#7582 = ORIENTED_EDGE('',*,*,#7583,.F.);
#7583 = EDGE_CURVE('',#7584,#7576,#7586,.T.);
#7584 = VERTEX_POINT('',#7585);
#7585 = CARTESIAN_POINT('',(-1.27,1.27,0.));
#7586 = LINE('',#7587,#7588);
#7587 = CARTESIAN_POINT('',(-1.27,1.27,0.));
#7588 = VECTOR('',#7589,1.);
#7589 = DIRECTION('',(0.,0.,1.));
#7590 = ORIENTED_EDGE('',*,*,#7591,.F.);
#7591 = EDGE_CURVE('',#7592,#7584,#7594,.T.);
#7592 = VERTEX_POINT('',#7593);
#7593 = CARTESIAN_POINT('',(-0.846666666667,1.27,0.));
#7594 = LINE('',#7595,#7596);
#7595 = CARTESIAN_POINT('',(1.27,1.27,0.));
#7596 = VECTOR('',#7597,1.);
#7597 = DIRECTION('',(-1.,1.110223024625E-16,0.));
#7598 = ORIENTED_EDGE('',*,*,#7599,.T.);
#7599 = EDGE_CURVE('',#7592,#7600,#7602,.T.);
#7600 = VERTEX_POINT('',#7601);
#7601 = CARTESIAN_POINT('',(-0.846666666667,1.27,0.2));
#7602 = LINE('',#7603,#7604);
#7603 = CARTESIAN_POINT('',(-0.846666666667,1.27,0.));
#7604 = VECTOR('',#7605,1.);
#7605 = DIRECTION('',(0.,0.,1.));
#7606 = ORIENTED_EDGE('',*,*,#7607,.F.);
#7607 = EDGE_CURVE('',#7608,#7600,#7610,.T.);
#7608 = VERTEX_POINT('',#7609);
#7609 = CARTESIAN_POINT('',(0.846666666667,1.27,0.2));
#7610 = LINE('',#7611,#7612);
#7611 = CARTESIAN_POINT('',(0.846666666667,1.27,0.2));
#7612 = VECTOR('',#7613,1.);
#7613 = DIRECTION('',(-1.,1.110223024625E-16,0.));
#7614 = ORIENTED_EDGE('',*,*,#7615,.F.);
#7615 = EDGE_CURVE('',#7567,#7608,#7616,.T.);
#7616 = LINE('',#7617,#7618);
#7617 = CARTESIAN_POINT('',(0.846666666667,1.27,0.));
#7618 = VECTOR('',#7619,1.);
#7619 = DIRECTION('',(0.,0.,1.));
#7620 = PLANE('',#7621);
#7621 = AXIS2_PLACEMENT_3D('',#7622,#7623,#7624);
#7622 = CARTESIAN_POINT('',(1.27,1.27,0.));
#7623 = DIRECTION('',(-1.110223024625E-16,-1.,0.));
#7624 = DIRECTION('',(-1.,1.110223024625E-16,0.));
#7625 = ADVANCED_FACE('',(#7626),#7637,.F.);
#7626 = FACE_BOUND('',#7627,.F.);
#7627 = EDGE_LOOP('',(#7628,#7629,#7630,#7631));
#7628 = ORIENTED_EDGE('',*,*,#7528,.T.);
#7629 = ORIENTED_EDGE('',*,*,#7489,.T.);
#7630 = ORIENTED_EDGE('',*,*,#7566,.T.);
#7631 = ORIENTED_EDGE('',*,*,#7632,.F.);
#7632 = EDGE_CURVE('',#7529,#7567,#7633,.T.);
#7633 = LINE('',#7634,#7635);
#7634 = CARTESIAN_POINT('',(0.846666666667,-13.97,0.));
#7635 = VECTOR('',#7636,1.);
#7636 = DIRECTION('',(1.110223024625E-16,1.,0.));
#7637 = PLANE('',#7638);
#7638 = AXIS2_PLACEMENT_3D('',#7639,#7640,#7641);
#7639 = CARTESIAN_POINT('',(-6.772360450213E-16,-6.35,0.));
#7640 = DIRECTION('',(0.,0.,1.));
#7641 = DIRECTION('',(1.110223024625E-16,1.,-0.));
#7642 = ADVANCED_FACE('',(#7643,#7654,#7688,#7722,#7756,#7790,#7824),
  #7858,.T.);
#7643 = FACE_BOUND('',#7644,.T.);
#7644 = EDGE_LOOP('',(#7645,#7646,#7647,#7653));
#7645 = ORIENTED_EDGE('',*,*,#7473,.T.);
#7646 = ORIENTED_EDGE('',*,*,#7575,.T.);
#7647 = ORIENTED_EDGE('',*,*,#7648,.T.);
#7648 = EDGE_CURVE('',#7576,#7514,#7649,.T.);
#7649 = LINE('',#7650,#7651);
#7650 = CARTESIAN_POINT('',(-1.27,1.27,8.5));
#7651 = VECTOR('',#7652,1.);
#7652 = DIRECTION('',(-1.110223024625E-16,-1.,0.));
#7653 = ORIENTED_EDGE('',*,*,#7521,.T.);
#7654 = FACE_BOUND('',#7655,.T.);
#7655 = EDGE_LOOP('',(#7656,#7666,#7674,#7682));
#7656 = ORIENTED_EDGE('',*,*,#7657,.F.);
#7657 = EDGE_CURVE('',#7658,#7660,#7662,.T.);
#7658 = VERTEX_POINT('',#7659);
#7659 = CARTESIAN_POINT('',(0.6,-13.3,8.5));
#7660 = VERTEX_POINT('',#7661);
#7661 = CARTESIAN_POINT('',(0.6,-12.1,8.5));
#7662 = LINE('',#7663,#7664);
#7663 = CARTESIAN_POINT('',(0.6,-13.3,8.5));
#7664 = VECTOR('',#7665,1.);
#7665 = DIRECTION('',(1.110223024625E-16,1.,0.));
#7666 = ORIENTED_EDGE('',*,*,#7667,.F.);
#7667 = EDGE_CURVE('',#7668,#7658,#7670,.T.);
#7668 = VERTEX_POINT('',#7669);
#7669 = CARTESIAN_POINT('',(-0.6,-13.3,8.5));
#7670 = LINE('',#7671,#7672);
#7671 = CARTESIAN_POINT('',(-0.6,-13.3,8.5));
#7672 = VECTOR('',#7673,1.);
#7673 = DIRECTION('',(1.,-1.110223024625E-16,0.));
#7674 = ORIENTED_EDGE('',*,*,#7675,.F.);
#7675 = EDGE_CURVE('',#7676,#7668,#7678,.T.);
#7676 = VERTEX_POINT('',#7677);
#7677 = CARTESIAN_POINT('',(-0.6,-12.1,8.5));
#7678 = LINE('',#7679,#7680);
#7679 = CARTESIAN_POINT('',(-0.6,-12.1,8.5));
#7680 = VECTOR('',#7681,1.);
#7681 = DIRECTION('',(-1.110223024625E-16,-1.,0.));
#7682 = ORIENTED_EDGE('',*,*,#7683,.F.);
#7683 = EDGE_CURVE('',#7660,#7676,#7684,.T.);
#7684 = LINE('',#7685,#7686);
#7685 = CARTESIAN_POINT('',(0.6,-12.1,8.5));
#7686 = VECTOR('',#7687,1.);
#7687 = DIRECTION('',(-1.,1.110223024625E-16,0.));
#7688 = FACE_BOUND('',#7689,.T.);
#7689 = EDGE_LOOP('',(#7690,#7700,#7708,#7716));
#7690 = ORIENTED_EDGE('',*,*,#7691,.F.);
#7691 = EDGE_CURVE('',#7692,#7694,#7696,.T.);
#7692 = VERTEX_POINT('',#7693);
#7693 = CARTESIAN_POINT('',(0.6,-10.76,8.5));
#7694 = VERTEX_POINT('',#7695);
#7695 = CARTESIAN_POINT('',(0.6,-9.56,8.5));
#7696 = LINE('',#7697,#7698);
#7697 = CARTESIAN_POINT('',(0.6,-10.76,8.5));
#7698 = VECTOR('',#7699,1.);
#7699 = DIRECTION('',(1.110223024625E-16,1.,0.));
#7700 = ORIENTED_EDGE('',*,*,#7701,.F.);
#7701 = EDGE_CURVE('',#7702,#7692,#7704,.T.);
#7702 = VERTEX_POINT('',#7703);
#7703 = CARTESIAN_POINT('',(-0.6,-10.76,8.5));
#7704 = LINE('',#7705,#7706);
#7705 = CARTESIAN_POINT('',(-0.6,-10.76,8.5));
#7706 = VECTOR('',#7707,1.);
#7707 = DIRECTION('',(1.,-1.110223024625E-16,0.));
#7708 = ORIENTED_EDGE('',*,*,#7709,.F.);
#7709 = EDGE_CURVE('',#7710,#7702,#7712,.T.);
#7710 = VERTEX_POINT('',#7711);
#7711 = CARTESIAN_POINT('',(-0.6,-9.56,8.5));
#7712 = LINE('',#7713,#7714);
#7713 = CARTESIAN_POINT('',(-0.6,-9.56,8.5));
#7714 = VECTOR('',#7715,1.);
#7715 = DIRECTION('',(-1.110223024625E-16,-1.,0.));
#7716 = ORIENTED_EDGE('',*,*,#7717,.F.);
#7717 = EDGE_CURVE('',#7694,#7710,#7718,.T.);
#7718 = LINE('',#7719,#7720);
#7719 = CARTESIAN_POINT('',(0.6,-9.56,8.5));
#7720 = VECTOR('',#7721,1.);
#7721 = DIRECTION('',(-1.,1.110223024625E-16,0.));
#7722 = FACE_BOUND('',#7723,.T.);
#7723 = EDGE_LOOP('',(#7724,#7734,#7742,#7750));
#7724 = ORIENTED_EDGE('',*,*,#7725,.F.);
#7725 = EDGE_CURVE('',#7726,#7728,#7730,.T.);
#7726 = VERTEX_POINT('',#7727);
#7727 = CARTESIAN_POINT('',(0.6,-8.22,8.5));
#7728 = VERTEX_POINT('',#7729);
#7729 = CARTESIAN_POINT('',(0.6,-7.02,8.5));
#7730 = LINE('',#7731,#7732);
#7731 = CARTESIAN_POINT('',(0.6,-8.22,8.5));
#7732 = VECTOR('',#7733,1.);
#7733 = DIRECTION('',(1.110223024625E-16,1.,0.));
#7734 = ORIENTED_EDGE('',*,*,#7735,.F.);
#7735 = EDGE_CURVE('',#7736,#7726,#7738,.T.);
#7736 = VERTEX_POINT('',#7737);
#7737 = CARTESIAN_POINT('',(-0.6,-8.22,8.5));
#7738 = LINE('',#7739,#7740);
#7739 = CARTESIAN_POINT('',(-0.6,-8.22,8.5));
#7740 = VECTOR('',#7741,1.);
#7741 = DIRECTION('',(1.,-1.110223024625E-16,0.));
#7742 = ORIENTED_EDGE('',*,*,#7743,.F.);
#7743 = EDGE_CURVE('',#7744,#7736,#7746,.T.);
#7744 = VERTEX_POINT('',#7745);
#7745 = CARTESIAN_POINT('',(-0.6,-7.02,8.5));
#7746 = LINE('',#7747,#7748);
#7747 = CARTESIAN_POINT('',(-0.6,-7.02,8.5));
#7748 = VECTOR('',#7749,1.);
#7749 = DIRECTION('',(-1.110223024625E-16,-1.,0.));
#7750 = ORIENTED_EDGE('',*,*,#7751,.F.);
#7751 = EDGE_CURVE('',#7728,#7744,#7752,.T.);
#7752 = LINE('',#7753,#7754);
#7753 = CARTESIAN_POINT('',(0.6,-7.02,8.5));
#7754 = VECTOR('',#7755,1.);
#7755 = DIRECTION('',(-1.,1.110223024625E-16,0.));
#7756 = FACE_BOUND('',#7757,.T.);
#7757 = EDGE_LOOP('',(#7758,#7768,#7776,#7784));
#7758 = ORIENTED_EDGE('',*,*,#7759,.F.);
#7759 = EDGE_CURVE('',#7760,#7762,#7764,.T.);
#7760 = VERTEX_POINT('',#7761);
#7761 = CARTESIAN_POINT('',(0.6,-5.68,8.5));
#7762 = VERTEX_POINT('',#7763);
#7763 = CARTESIAN_POINT('',(0.6,-4.48,8.5));
#7764 = LINE('',#7765,#7766);
#7765 = CARTESIAN_POINT('',(0.6,-5.68,8.5));
#7766 = VECTOR('',#7767,1.);
#7767 = DIRECTION('',(1.110223024625E-16,1.,0.));
#7768 = ORIENTED_EDGE('',*,*,#7769,.F.);
#7769 = EDGE_CURVE('',#7770,#7760,#7772,.T.);
#7770 = VERTEX_POINT('',#7771);
#7771 = CARTESIAN_POINT('',(-0.6,-5.68,8.5));
#7772 = LINE('',#7773,#7774);
#7773 = CARTESIAN_POINT('',(-0.6,-5.68,8.5));
#7774 = VECTOR('',#7775,1.);
#7775 = DIRECTION('',(1.,-1.110223024625E-16,0.));
#7776 = ORIENTED_EDGE('',*,*,#7777,.F.);
#7777 = EDGE_CURVE('',#7778,#7770,#7780,.T.);
#7778 = VERTEX_POINT('',#7779);
#7779 = CARTESIAN_POINT('',(-0.6,-4.48,8.5));
#7780 = LINE('',#7781,#7782);
#7781 = CARTESIAN_POINT('',(-0.6,-4.48,8.5));
#7782 = VECTOR('',#7783,1.);
#7783 = DIRECTION('',(-1.110223024625E-16,-1.,0.));
#7784 = ORIENTED_EDGE('',*,*,#7785,.F.);
#7785 = EDGE_CURVE('',#7762,#7778,#7786,.T.);
#7786 = LINE('',#7787,#7788);
#7787 = CARTESIAN_POINT('',(0.6,-4.48,8.5));
#7788 = VECTOR('',#7789,1.);
#7789 = DIRECTION('',(-1.,1.110223024625E-16,0.));
#7790 = FACE_BOUND('',#7791,.T.);
#7791 = EDGE_LOOP('',(#7792,#7802,#7810,#7818));
#7792 = ORIENTED_EDGE('',*,*,#7793,.F.);
#7793 = EDGE_CURVE('',#7794,#7796,#7798,.T.);
#7794 = VERTEX_POINT('',#7795);
#7795 = CARTESIAN_POINT('',(0.6,-3.14,8.5));
#7796 = VERTEX_POINT('',#7797);
#7797 = CARTESIAN_POINT('',(0.6,-1.94,8.5));
#7798 = LINE('',#7799,#7800);
#7799 = CARTESIAN_POINT('',(0.6,-3.14,8.5));
#7800 = VECTOR('',#7801,1.);
#7801 = DIRECTION('',(1.110223024625E-16,1.,0.));
#7802 = ORIENTED_EDGE('',*,*,#7803,.F.);
#7803 = EDGE_CURVE('',#7804,#7794,#7806,.T.);
#7804 = VERTEX_POINT('',#7805);
#7805 = CARTESIAN_POINT('',(-0.6,-3.14,8.5));
#7806 = LINE('',#7807,#7808);
#7807 = CARTESIAN_POINT('',(-0.6,-3.14,8.5));
#7808 = VECTOR('',#7809,1.);
#7809 = DIRECTION('',(1.,-1.110223024625E-16,0.));
#7810 = ORIENTED_EDGE('',*,*,#7811,.F.);
#7811 = EDGE_CURVE('',#7812,#7804,#7814,.T.);
#7812 = VERTEX_POINT('',#7813);
#7813 = CARTESIAN_POINT('',(-0.6,-1.94,8.5));
#7814 = LINE('',#7815,#7816);
#7815 = CARTESIAN_POINT('',(-0.6,-1.94,8.5));
#7816 = VECTOR('',#7817,1.);
#7817 = DIRECTION('',(-1.110223024625E-16,-1.,0.));
#7818 = ORIENTED_EDGE('',*,*,#7819,.F.);
#7819 = EDGE_CURVE('',#7796,#7812,#7820,.T.);
#7820 = LINE('',#7821,#7822);
#7821 = CARTESIAN_POINT('',(0.6,-1.94,8.5));
#7822 = VECTOR('',#7823,1.);
#7823 = DIRECTION('',(-1.,1.110223024625E-16,0.));
#7824 = FACE_BOUND('',#7825,.T.);
#7825 = EDGE_LOOP('',(#7826,#7836,#7844,#7852));
#7826 = ORIENTED_EDGE('',*,*,#7827,.F.);
#7827 = EDGE_CURVE('',#7828,#7830,#7832,.T.);
#7828 = VERTEX_POINT('',#7829);
#7829 = CARTESIAN_POINT('',(0.6,-0.6,8.5));
#7830 = VERTEX_POINT('',#7831);
#7831 = CARTESIAN_POINT('',(0.6,0.6,8.5));
#7832 = LINE('',#7833,#7834);
#7833 = CARTESIAN_POINT('',(0.6,-0.6,8.5));
#7834 = VECTOR('',#7835,1.);
#7835 = DIRECTION('',(1.110223024625E-16,1.,0.));
#7836 = ORIENTED_EDGE('',*,*,#7837,.F.);
#7837 = EDGE_CURVE('',#7838,#7828,#7840,.T.);
#7838 = VERTEX_POINT('',#7839);
#7839 = CARTESIAN_POINT('',(-0.6,-0.6,8.5));
#7840 = LINE('',#7841,#7842);
#7841 = CARTESIAN_POINT('',(-0.6,-0.6,8.5));
#7842 = VECTOR('',#7843,1.);
#7843 = DIRECTION('',(1.,-1.110223024625E-16,0.));
#7844 = ORIENTED_EDGE('',*,*,#7845,.F.);
#7845 = EDGE_CURVE('',#7846,#7838,#7848,.T.);
#7846 = VERTEX_POINT('',#7847);
#7847 = CARTESIAN_POINT('',(-0.6,0.6,8.5));
#7848 = LINE('',#7849,#7850);
#7849 = CARTESIAN_POINT('',(-0.6,0.6,8.5));
#7850 = VECTOR('',#7851,1.);
#7851 = DIRECTION('',(-1.110223024625E-16,-1.,0.));
#7852 = ORIENTED_EDGE('',*,*,#7853,.F.);
#7853 = EDGE_CURVE('',#7830,#7846,#7854,.T.);
#7854 = LINE('',#7855,#7856);
#7855 = CARTESIAN_POINT('',(0.6,0.6,8.5));
#7856 = VECTOR('',#7857,1.);
#7857 = DIRECTION('',(-1.,1.110223024625E-16,0.));
#7858 = PLANE('',#7859);
#7859 = AXIS2_PLACEMENT_3D('',#7860,#7861,#7862);
#7860 = CARTESIAN_POINT('',(-6.772360450213E-16,-6.35,8.5));
#7861 = DIRECTION('',(0.,0.,1.));
#7862 = DIRECTION('',(1.110223024625E-16,1.,-0.));
#7863 = ADVANCED_FACE('',(#7864),#7880,.F.);
#7864 = FACE_BOUND('',#7865,.F.);
#7865 = EDGE_LOOP('',(#7866,#7867,#7873,#7874));
#7866 = ORIENTED_EDGE('',*,*,#7503,.T.);
#7867 = ORIENTED_EDGE('',*,*,#7868,.F.);
#7868 = EDGE_CURVE('',#7592,#7506,#7869,.T.);
#7869 = LINE('',#7870,#7871);
#7870 = CARTESIAN_POINT('',(-0.846666666667,1.27,0.));
#7871 = VECTOR('',#7872,1.);
#7872 = DIRECTION('',(-1.110223024625E-16,-1.,0.));
#7873 = ORIENTED_EDGE('',*,*,#7591,.T.);
#7874 = ORIENTED_EDGE('',*,*,#7875,.T.);
#7875 = EDGE_CURVE('',#7584,#7504,#7876,.T.);
#7876 = LINE('',#7877,#7878);
#7877 = CARTESIAN_POINT('',(-1.27,1.27,0.));
#7878 = VECTOR('',#7879,1.);
#7879 = DIRECTION('',(-1.110223024625E-16,-1.,0.));
#7880 = PLANE('',#7881);
#7881 = AXIS2_PLACEMENT_3D('',#7882,#7883,#7884);
#7882 = CARTESIAN_POINT('',(-6.772360450213E-16,-6.35,0.));
#7883 = DIRECTION('',(0.,0.,1.));
#7884 = DIRECTION('',(1.110223024625E-16,1.,-0.));
#7885 = ADVANCED_FACE('',(#7886),#7897,.T.);
#7886 = FACE_BOUND('',#7887,.T.);
#7887 = EDGE_LOOP('',(#7888,#7889,#7895,#7896));
#7888 = ORIENTED_EDGE('',*,*,#7599,.T.);
#7889 = ORIENTED_EDGE('',*,*,#7890,.T.);
#7890 = EDGE_CURVE('',#7600,#7545,#7891,.T.);
#7891 = LINE('',#7892,#7893);
#7892 = CARTESIAN_POINT('',(-0.846666666667,1.27,0.2));
#7893 = VECTOR('',#7894,1.);
#7894 = DIRECTION('',(-1.110223024625E-16,-1.,0.));
#7895 = ORIENTED_EDGE('',*,*,#7552,.F.);
#7896 = ORIENTED_EDGE('',*,*,#7868,.F.);
#7897 = PLANE('',#7898);
#7898 = AXIS2_PLACEMENT_3D('',#7899,#7900,#7901);
#7899 = CARTESIAN_POINT('',(-0.846666666667,1.27,0.));
#7900 = DIRECTION('',(1.,-1.110223024625E-16,0.));
#7901 = DIRECTION('',(-1.110223024625E-16,-1.,0.));
#7902 = ADVANCED_FACE('',(#7903,#7914,#7980,#8046,#8112,#8178,#8244),
  #8310,.F.);
#7903 = FACE_BOUND('',#7904,.F.);
#7904 = EDGE_LOOP('',(#7905,#7911,#7912,#7913));
#7905 = ORIENTED_EDGE('',*,*,#7906,.T.);
#7906 = EDGE_CURVE('',#7537,#7608,#7907,.T.);
#7907 = LINE('',#7908,#7909);
#7908 = CARTESIAN_POINT('',(0.846666666667,-13.97,0.2));
#7909 = VECTOR('',#7910,1.);
#7910 = DIRECTION('',(1.110223024625E-16,1.,0.));
#7911 = ORIENTED_EDGE('',*,*,#7607,.T.);
#7912 = ORIENTED_EDGE('',*,*,#7890,.T.);
#7913 = ORIENTED_EDGE('',*,*,#7544,.T.);
#7914 = FACE_BOUND('',#7915,.F.);
#7915 = EDGE_LOOP('',(#7916,#7926,#7934,#7942,#7950,#7958,#7966,#7974));
#7916 = ORIENTED_EDGE('',*,*,#7917,.F.);
#7917 = EDGE_CURVE('',#7918,#7920,#7922,.T.);
#7918 = VERTEX_POINT('',#7919);
#7919 = CARTESIAN_POINT('',(-0.1,-13.15,0.2));
#7920 = VERTEX_POINT('',#7921);
#7921 = CARTESIAN_POINT('',(0.1,-13.15,0.2));
#7922 = LINE('',#7923,#7924);
#7923 = CARTESIAN_POINT('',(-0.1,-13.15,0.2));
#7924 = VECTOR('',#7925,1.);
#7925 = DIRECTION('',(1.,-1.110223024625E-16,0.));
#7926 = ORIENTED_EDGE('',*,*,#7927,.T.);
#7927 = EDGE_CURVE('',#7918,#7928,#7930,.T.);
#7928 = VERTEX_POINT('',#7929);
#7929 = CARTESIAN_POINT('',(-0.1,-13.,0.2));
#7930 = LINE('',#7931,#7932);
#7931 = CARTESIAN_POINT('',(-0.1,-13.15,0.2));
#7932 = VECTOR('',#7933,1.);
#7933 = DIRECTION('',(1.110223024625E-16,1.,0.));
#7934 = ORIENTED_EDGE('',*,*,#7935,.F.);
#7935 = EDGE_CURVE('',#7936,#7928,#7938,.T.);
#7936 = VERTEX_POINT('',#7937);
#7937 = CARTESIAN_POINT('',(-0.1,-12.4,0.2));
#7938 = LINE('',#7939,#7940);
#7939 = CARTESIAN_POINT('',(-0.1,-9.525,0.2));
#7940 = VECTOR('',#7941,1.);
#7941 = DIRECTION('',(-1.110223024625E-16,-1.,0.));
#7942 = ORIENTED_EDGE('',*,*,#7943,.T.);
#7943 = EDGE_CURVE('',#7936,#7944,#7946,.T.);
#7944 = VERTEX_POINT('',#7945);
#7945 = CARTESIAN_POINT('',(-0.1,-12.25,0.2));
#7946 = LINE('',#7947,#7948);
#7947 = CARTESIAN_POINT('',(-0.1,-13.15,0.2));
#7948 = VECTOR('',#7949,1.);
#7949 = DIRECTION('',(1.110223024625E-16,1.,0.));
#7950 = ORIENTED_EDGE('',*,*,#7951,.T.);
#7951 = EDGE_CURVE('',#7944,#7952,#7954,.T.);
#7952 = VERTEX_POINT('',#7953);
#7953 = CARTESIAN_POINT('',(0.1,-12.25,0.2));
#7954 = LINE('',#7955,#7956);
#7955 = CARTESIAN_POINT('',(-0.1,-12.25,0.2));
#7956 = VECTOR('',#7957,1.);
#7957 = DIRECTION('',(1.,-1.110223024625E-16,0.));
#7958 = ORIENTED_EDGE('',*,*,#7959,.T.);
#7959 = EDGE_CURVE('',#7952,#7960,#7962,.T.);
#7960 = VERTEX_POINT('',#7961);
#7961 = CARTESIAN_POINT('',(0.1,-12.4,0.2));
#7962 = LINE('',#7963,#7964);
#7963 = CARTESIAN_POINT('',(0.1,-12.25,0.2));
#7964 = VECTOR('',#7965,1.);
#7965 = DIRECTION('',(-1.110223024625E-16,-1.,0.));
#7966 = ORIENTED_EDGE('',*,*,#7967,.T.);
#7967 = EDGE_CURVE('',#7960,#7968,#7970,.T.);
#7968 = VERTEX_POINT('',#7969);
#7969 = CARTESIAN_POINT('',(0.1,-13.,0.2));
#7970 = LINE('',#7971,#7972);
#7971 = CARTESIAN_POINT('',(0.1,-9.525,0.2));
#7972 = VECTOR('',#7973,1.);
#7973 = DIRECTION('',(-1.110223024625E-16,-1.,0.));
#7974 = ORIENTED_EDGE('',*,*,#7975,.T.);
#7975 = EDGE_CURVE('',#7968,#7920,#7976,.T.);
#7976 = LINE('',#7977,#7978);
#7977 = CARTESIAN_POINT('',(0.1,-12.25,0.2));
#7978 = VECTOR('',#7979,1.);
#7979 = DIRECTION('',(-1.110223024625E-16,-1.,0.));
#7980 = FACE_BOUND('',#7981,.F.);
#7981 = EDGE_LOOP('',(#7982,#7992,#8000,#8008,#8016,#8024,#8032,#8040));
#7982 = ORIENTED_EDGE('',*,*,#7983,.F.);
#7983 = EDGE_CURVE('',#7984,#7986,#7988,.T.);
#7984 = VERTEX_POINT('',#7985);
#7985 = CARTESIAN_POINT('',(-0.1,-10.61,0.2));
#7986 = VERTEX_POINT('',#7987);
#7987 = CARTESIAN_POINT('',(0.1,-10.61,0.2));
#7988 = LINE('',#7989,#7990);
#7989 = CARTESIAN_POINT('',(-0.1,-10.61,0.2));
#7990 = VECTOR('',#7991,1.);
#7991 = DIRECTION('',(1.,-1.110223024625E-16,0.));
#7992 = ORIENTED_EDGE('',*,*,#7993,.T.);
#7993 = EDGE_CURVE('',#7984,#7994,#7996,.T.);
#7994 = VERTEX_POINT('',#7995);
#7995 = CARTESIAN_POINT('',(-0.1,-10.46,0.2));
#7996 = LINE('',#7997,#7998);
#7997 = CARTESIAN_POINT('',(-0.1,-10.61,0.2));
#7998 = VECTOR('',#7999,1.);
#7999 = DIRECTION('',(1.110223024625E-16,1.,0.));
#8000 = ORIENTED_EDGE('',*,*,#8001,.F.);
#8001 = EDGE_CURVE('',#8002,#7994,#8004,.T.);
#8002 = VERTEX_POINT('',#8003);
#8003 = CARTESIAN_POINT('',(-0.1,-9.86,0.2));
#8004 = LINE('',#8005,#8006);
#8005 = CARTESIAN_POINT('',(-0.1,-8.255,0.2));
#8006 = VECTOR('',#8007,1.);
#8007 = DIRECTION('',(-1.110223024625E-16,-1.,0.));
#8008 = ORIENTED_EDGE('',*,*,#8009,.T.);
#8009 = EDGE_CURVE('',#8002,#8010,#8012,.T.);
#8010 = VERTEX_POINT('',#8011);
#8011 = CARTESIAN_POINT('',(-0.1,-9.71,0.2));
#8012 = LINE('',#8013,#8014);
#8013 = CARTESIAN_POINT('',(-0.1,-10.61,0.2));
#8014 = VECTOR('',#8015,1.);
#8015 = DIRECTION('',(1.110223024625E-16,1.,0.));
#8016 = ORIENTED_EDGE('',*,*,#8017,.T.);
#8017 = EDGE_CURVE('',#8010,#8018,#8020,.T.);
#8018 = VERTEX_POINT('',#8019);
#8019 = CARTESIAN_POINT('',(0.1,-9.71,0.2));
#8020 = LINE('',#8021,#8022);
#8021 = CARTESIAN_POINT('',(-0.1,-9.71,0.2));
#8022 = VECTOR('',#8023,1.);
#8023 = DIRECTION('',(1.,-1.110223024625E-16,0.));
#8024 = ORIENTED_EDGE('',*,*,#8025,.T.);
#8025 = EDGE_CURVE('',#8018,#8026,#8028,.T.);
#8026 = VERTEX_POINT('',#8027);
#8027 = CARTESIAN_POINT('',(0.1,-9.86,0.2));
#8028 = LINE('',#8029,#8030);
#8029 = CARTESIAN_POINT('',(0.1,-9.71,0.2));
#8030 = VECTOR('',#8031,1.);
#8031 = DIRECTION('',(-1.110223024625E-16,-1.,0.));
#8032 = ORIENTED_EDGE('',*,*,#8033,.T.);
#8033 = EDGE_CURVE('',#8026,#8034,#8036,.T.);
#8034 = VERTEX_POINT('',#8035);
#8035 = CARTESIAN_POINT('',(0.1,-10.46,0.2));
#8036 = LINE('',#8037,#8038);
#8037 = CARTESIAN_POINT('',(0.1,-8.255,0.2));
#8038 = VECTOR('',#8039,1.);
#8039 = DIRECTION('',(-1.110223024625E-16,-1.,0.));
#8040 = ORIENTED_EDGE('',*,*,#8041,.T.);
#8041 = EDGE_CURVE('',#8034,#7986,#8042,.T.);
#8042 = LINE('',#8043,#8044);
#8043 = CARTESIAN_POINT('',(0.1,-9.71,0.2));
#8044 = VECTOR('',#8045,1.);
#8045 = DIRECTION('',(-1.110223024625E-16,-1.,0.));
#8046 = FACE_BOUND('',#8047,.F.);
#8047 = EDGE_LOOP('',(#8048,#8058,#8066,#8074,#8082,#8090,#8098,#8106));
#8048 = ORIENTED_EDGE('',*,*,#8049,.F.);
#8049 = EDGE_CURVE('',#8050,#8052,#8054,.T.);
#8050 = VERTEX_POINT('',#8051);
#8051 = CARTESIAN_POINT('',(-0.1,-8.07,0.2));
#8052 = VERTEX_POINT('',#8053);
#8053 = CARTESIAN_POINT('',(0.1,-8.07,0.2));
#8054 = LINE('',#8055,#8056);
#8055 = CARTESIAN_POINT('',(-0.1,-8.07,0.2));
#8056 = VECTOR('',#8057,1.);
#8057 = DIRECTION('',(1.,-1.110223024625E-16,0.));
#8058 = ORIENTED_EDGE('',*,*,#8059,.T.);
#8059 = EDGE_CURVE('',#8050,#8060,#8062,.T.);
#8060 = VERTEX_POINT('',#8061);
#8061 = CARTESIAN_POINT('',(-0.1,-7.92,0.2));
#8062 = LINE('',#8063,#8064);
#8063 = CARTESIAN_POINT('',(-0.1,-8.07,0.2));
#8064 = VECTOR('',#8065,1.);
#8065 = DIRECTION('',(1.110223024625E-16,1.,0.));
#8066 = ORIENTED_EDGE('',*,*,#8067,.F.);
#8067 = EDGE_CURVE('',#8068,#8060,#8070,.T.);
#8068 = VERTEX_POINT('',#8069);
#8069 = CARTESIAN_POINT('',(-0.1,-7.32,0.2));
#8070 = LINE('',#8071,#8072);
#8071 = CARTESIAN_POINT('',(-0.1,-6.985,0.2));
#8072 = VECTOR('',#8073,1.);
#8073 = DIRECTION('',(-1.110223024625E-16,-1.,0.));
#8074 = ORIENTED_EDGE('',*,*,#8075,.T.);
#8075 = EDGE_CURVE('',#8068,#8076,#8078,.T.);
#8076 = VERTEX_POINT('',#8077);
#8077 = CARTESIAN_POINT('',(-0.1,-7.17,0.2));
#8078 = LINE('',#8079,#8080);
#8079 = CARTESIAN_POINT('',(-0.1,-8.07,0.2));
#8080 = VECTOR('',#8081,1.);
#8081 = DIRECTION('',(1.110223024625E-16,1.,0.));
#8082 = ORIENTED_EDGE('',*,*,#8083,.T.);
#8083 = EDGE_CURVE('',#8076,#8084,#8086,.T.);
#8084 = VERTEX_POINT('',#8085);
#8085 = CARTESIAN_POINT('',(0.1,-7.17,0.2));
#8086 = LINE('',#8087,#8088);
#8087 = CARTESIAN_POINT('',(-0.1,-7.17,0.2));
#8088 = VECTOR('',#8089,1.);
#8089 = DIRECTION('',(1.,-1.110223024625E-16,0.));
#8090 = ORIENTED_EDGE('',*,*,#8091,.T.);
#8091 = EDGE_CURVE('',#8084,#8092,#8094,.T.);
#8092 = VERTEX_POINT('',#8093);
#8093 = CARTESIAN_POINT('',(0.1,-7.32,0.2));
#8094 = LINE('',#8095,#8096);
#8095 = CARTESIAN_POINT('',(0.1,-7.17,0.2));
#8096 = VECTOR('',#8097,1.);
#8097 = DIRECTION('',(-1.110223024625E-16,-1.,0.));
#8098 = ORIENTED_EDGE('',*,*,#8099,.T.);
#8099 = EDGE_CURVE('',#8092,#8100,#8102,.T.);
#8100 = VERTEX_POINT('',#8101);
#8101 = CARTESIAN_POINT('',(0.1,-7.92,0.2));
#8102 = LINE('',#8103,#8104);
#8103 = CARTESIAN_POINT('',(0.1,-6.985,0.2));
#8104 = VECTOR('',#8105,1.);
#8105 = DIRECTION('',(-1.110223024625E-16,-1.,0.));
#8106 = ORIENTED_EDGE('',*,*,#8107,.T.);
#8107 = EDGE_CURVE('',#8100,#8052,#8108,.T.);
#8108 = LINE('',#8109,#8110);
#8109 = CARTESIAN_POINT('',(0.1,-7.17,0.2));
#8110 = VECTOR('',#8111,1.);
#8111 = DIRECTION('',(-1.110223024625E-16,-1.,0.));
#8112 = FACE_BOUND('',#8113,.F.);
#8113 = EDGE_LOOP('',(#8114,#8124,#8132,#8140,#8148,#8156,#8164,#8172));
#8114 = ORIENTED_EDGE('',*,*,#8115,.F.);
#8115 = EDGE_CURVE('',#8116,#8118,#8120,.T.);
#8116 = VERTEX_POINT('',#8117);
#8117 = CARTESIAN_POINT('',(-0.1,-5.53,0.2));
#8118 = VERTEX_POINT('',#8119);
#8119 = CARTESIAN_POINT('',(0.1,-5.53,0.2));
#8120 = LINE('',#8121,#8122);
#8121 = CARTESIAN_POINT('',(-0.1,-5.53,0.2));
#8122 = VECTOR('',#8123,1.);
#8123 = DIRECTION('',(1.,-1.110223024625E-16,0.));
#8124 = ORIENTED_EDGE('',*,*,#8125,.T.);
#8125 = EDGE_CURVE('',#8116,#8126,#8128,.T.);
#8126 = VERTEX_POINT('',#8127);
#8127 = CARTESIAN_POINT('',(-0.1,-5.38,0.2));
#8128 = LINE('',#8129,#8130);
#8129 = CARTESIAN_POINT('',(-0.1,-5.53,0.2));
#8130 = VECTOR('',#8131,1.);
#8131 = DIRECTION('',(1.110223024625E-16,1.,0.));
#8132 = ORIENTED_EDGE('',*,*,#8133,.F.);
#8133 = EDGE_CURVE('',#8134,#8126,#8136,.T.);
#8134 = VERTEX_POINT('',#8135);
#8135 = CARTESIAN_POINT('',(-0.1,-4.78,0.2));
#8136 = LINE('',#8137,#8138);
#8137 = CARTESIAN_POINT('',(-0.1,-5.715,0.2));
#8138 = VECTOR('',#8139,1.);
#8139 = DIRECTION('',(-1.110223024625E-16,-1.,0.));
#8140 = ORIENTED_EDGE('',*,*,#8141,.T.);
#8141 = EDGE_CURVE('',#8134,#8142,#8144,.T.);
#8142 = VERTEX_POINT('',#8143);
#8143 = CARTESIAN_POINT('',(-0.1,-4.63,0.2));
#8144 = LINE('',#8145,#8146);
#8145 = CARTESIAN_POINT('',(-0.1,-5.53,0.2));
#8146 = VECTOR('',#8147,1.);
#8147 = DIRECTION('',(1.110223024625E-16,1.,0.));
#8148 = ORIENTED_EDGE('',*,*,#8149,.T.);
#8149 = EDGE_CURVE('',#8142,#8150,#8152,.T.);
#8150 = VERTEX_POINT('',#8151);
#8151 = CARTESIAN_POINT('',(0.1,-4.63,0.2));
#8152 = LINE('',#8153,#8154);
#8153 = CARTESIAN_POINT('',(-0.1,-4.63,0.2));
#8154 = VECTOR('',#8155,1.);
#8155 = DIRECTION('',(1.,-1.110223024625E-16,0.));
#8156 = ORIENTED_EDGE('',*,*,#8157,.T.);
#8157 = EDGE_CURVE('',#8150,#8158,#8160,.T.);
#8158 = VERTEX_POINT('',#8159);
#8159 = CARTESIAN_POINT('',(0.1,-4.78,0.2));
#8160 = LINE('',#8161,#8162);
#8161 = CARTESIAN_POINT('',(0.1,-4.63,0.2));
#8162 = VECTOR('',#8163,1.);
#8163 = DIRECTION('',(-1.110223024625E-16,-1.,0.));
#8164 = ORIENTED_EDGE('',*,*,#8165,.T.);
#8165 = EDGE_CURVE('',#8158,#8166,#8168,.T.);
#8166 = VERTEX_POINT('',#8167);
#8167 = CARTESIAN_POINT('',(0.1,-5.38,0.2));
#8168 = LINE('',#8169,#8170);
#8169 = CARTESIAN_POINT('',(0.1,-5.715,0.2));
#8170 = VECTOR('',#8171,1.);
#8171 = DIRECTION('',(-1.110223024625E-16,-1.,0.));
#8172 = ORIENTED_EDGE('',*,*,#8173,.T.);
#8173 = EDGE_CURVE('',#8166,#8118,#8174,.T.);
#8174 = LINE('',#8175,#8176);
#8175 = CARTESIAN_POINT('',(0.1,-4.63,0.2));
#8176 = VECTOR('',#8177,1.);
#8177 = DIRECTION('',(-1.110223024625E-16,-1.,0.));
#8178 = FACE_BOUND('',#8179,.F.);
#8179 = EDGE_LOOP('',(#8180,#8190,#8198,#8206,#8214,#8222,#8230,#8238));
#8180 = ORIENTED_EDGE('',*,*,#8181,.F.);
#8181 = EDGE_CURVE('',#8182,#8184,#8186,.T.);
#8182 = VERTEX_POINT('',#8183);
#8183 = CARTESIAN_POINT('',(-0.1,-2.99,0.2));
#8184 = VERTEX_POINT('',#8185);
#8185 = CARTESIAN_POINT('',(0.1,-2.99,0.2));
#8186 = LINE('',#8187,#8188);
#8187 = CARTESIAN_POINT('',(-0.1,-2.99,0.2));
#8188 = VECTOR('',#8189,1.);
#8189 = DIRECTION('',(1.,-1.110223024625E-16,0.));
#8190 = ORIENTED_EDGE('',*,*,#8191,.T.);
#8191 = EDGE_CURVE('',#8182,#8192,#8194,.T.);
#8192 = VERTEX_POINT('',#8193);
#8193 = CARTESIAN_POINT('',(-0.1,-2.84,0.2));
#8194 = LINE('',#8195,#8196);
#8195 = CARTESIAN_POINT('',(-0.1,-2.99,0.2));
#8196 = VECTOR('',#8197,1.);
#8197 = DIRECTION('',(1.110223024625E-16,1.,0.));
#8198 = ORIENTED_EDGE('',*,*,#8199,.F.);
#8199 = EDGE_CURVE('',#8200,#8192,#8202,.T.);
#8200 = VERTEX_POINT('',#8201);
#8201 = CARTESIAN_POINT('',(-0.1,-2.24,0.2));
#8202 = LINE('',#8203,#8204);
#8203 = CARTESIAN_POINT('',(-0.1,-4.445,0.2));
#8204 = VECTOR('',#8205,1.);
#8205 = DIRECTION('',(-1.110223024625E-16,-1.,0.));
#8206 = ORIENTED_EDGE('',*,*,#8207,.T.);
#8207 = EDGE_CURVE('',#8200,#8208,#8210,.T.);
#8208 = VERTEX_POINT('',#8209);
#8209 = CARTESIAN_POINT('',(-0.1,-2.09,0.2));
#8210 = LINE('',#8211,#8212);
#8211 = CARTESIAN_POINT('',(-0.1,-2.99,0.2));
#8212 = VECTOR('',#8213,1.);
#8213 = DIRECTION('',(1.110223024625E-16,1.,0.));
#8214 = ORIENTED_EDGE('',*,*,#8215,.T.);
#8215 = EDGE_CURVE('',#8208,#8216,#8218,.T.);
#8216 = VERTEX_POINT('',#8217);
#8217 = CARTESIAN_POINT('',(0.1,-2.09,0.2));
#8218 = LINE('',#8219,#8220);
#8219 = CARTESIAN_POINT('',(-0.1,-2.09,0.2));
#8220 = VECTOR('',#8221,1.);
#8221 = DIRECTION('',(1.,-1.110223024625E-16,0.));
#8222 = ORIENTED_EDGE('',*,*,#8223,.T.);
#8223 = EDGE_CURVE('',#8216,#8224,#8226,.T.);
#8224 = VERTEX_POINT('',#8225);
#8225 = CARTESIAN_POINT('',(0.1,-2.24,0.2));
#8226 = LINE('',#8227,#8228);
#8227 = CARTESIAN_POINT('',(0.1,-2.09,0.2));
#8228 = VECTOR('',#8229,1.);
#8229 = DIRECTION('',(-1.110223024625E-16,-1.,0.));
#8230 = ORIENTED_EDGE('',*,*,#8231,.T.);
#8231 = EDGE_CURVE('',#8224,#8232,#8234,.T.);
#8232 = VERTEX_POINT('',#8233);
#8233 = CARTESIAN_POINT('',(0.1,-2.84,0.2));
#8234 = LINE('',#8235,#8236);
#8235 = CARTESIAN_POINT('',(0.1,-4.445,0.2));
#8236 = VECTOR('',#8237,1.);
#8237 = DIRECTION('',(-1.110223024625E-16,-1.,0.));
#8238 = ORIENTED_EDGE('',*,*,#8239,.T.);
#8239 = EDGE_CURVE('',#8232,#8184,#8240,.T.);
#8240 = LINE('',#8241,#8242);
#8241 = CARTESIAN_POINT('',(0.1,-2.09,0.2));
#8242 = VECTOR('',#8243,1.);
#8243 = DIRECTION('',(-1.110223024625E-16,-1.,0.));
#8244 = FACE_BOUND('',#8245,.F.);
#8245 = EDGE_LOOP('',(#8246,#8256,#8264,#8272,#8280,#8288,#8296,#8304));
#8246 = ORIENTED_EDGE('',*,*,#8247,.F.);
#8247 = EDGE_CURVE('',#8248,#8250,#8252,.T.);
#8248 = VERTEX_POINT('',#8249);
#8249 = CARTESIAN_POINT('',(-0.1,-0.45,0.2));
#8250 = VERTEX_POINT('',#8251);
#8251 = CARTESIAN_POINT('',(0.1,-0.45,0.2));
#8252 = LINE('',#8253,#8254);
#8253 = CARTESIAN_POINT('',(-0.1,-0.45,0.2));
#8254 = VECTOR('',#8255,1.);
#8255 = DIRECTION('',(1.,-1.110223024625E-16,0.));
#8256 = ORIENTED_EDGE('',*,*,#8257,.T.);
#8257 = EDGE_CURVE('',#8248,#8258,#8260,.T.);
#8258 = VERTEX_POINT('',#8259);
#8259 = CARTESIAN_POINT('',(-0.1,-0.3,0.2));
#8260 = LINE('',#8261,#8262);
#8261 = CARTESIAN_POINT('',(-0.1,-0.45,0.2));
#8262 = VECTOR('',#8263,1.);
#8263 = DIRECTION('',(1.110223024625E-16,1.,0.));
#8264 = ORIENTED_EDGE('',*,*,#8265,.F.);
#8265 = EDGE_CURVE('',#8266,#8258,#8268,.T.);
#8266 = VERTEX_POINT('',#8267);
#8267 = CARTESIAN_POINT('',(-0.1,0.3,0.2));
#8268 = LINE('',#8269,#8270);
#8269 = CARTESIAN_POINT('',(-0.1,-3.175,0.2));
#8270 = VECTOR('',#8271,1.);
#8271 = DIRECTION('',(-1.110223024625E-16,-1.,0.));
#8272 = ORIENTED_EDGE('',*,*,#8273,.T.);
#8273 = EDGE_CURVE('',#8266,#8274,#8276,.T.);
#8274 = VERTEX_POINT('',#8275);
#8275 = CARTESIAN_POINT('',(-0.1,0.45,0.2));
#8276 = LINE('',#8277,#8278);
#8277 = CARTESIAN_POINT('',(-0.1,-0.45,0.2));
#8278 = VECTOR('',#8279,1.);
#8279 = DIRECTION('',(1.110223024625E-16,1.,0.));
#8280 = ORIENTED_EDGE('',*,*,#8281,.T.);
#8281 = EDGE_CURVE('',#8274,#8282,#8284,.T.);
#8282 = VERTEX_POINT('',#8283);
#8283 = CARTESIAN_POINT('',(0.1,0.45,0.2));
#8284 = LINE('',#8285,#8286);
#8285 = CARTESIAN_POINT('',(-0.1,0.45,0.2));
#8286 = VECTOR('',#8287,1.);
#8287 = DIRECTION('',(1.,-1.110223024625E-16,0.));
#8288 = ORIENTED_EDGE('',*,*,#8289,.T.);
#8289 = EDGE_CURVE('',#8282,#8290,#8292,.T.);
#8290 = VERTEX_POINT('',#8291);
#8291 = CARTESIAN_POINT('',(0.1,0.3,0.2));
#8292 = LINE('',#8293,#8294);
#8293 = CARTESIAN_POINT('',(0.1,0.45,0.2));
#8294 = VECTOR('',#8295,1.);
#8295 = DIRECTION('',(-1.110223024625E-16,-1.,0.));
#8296 = ORIENTED_EDGE('',*,*,#8297,.T.);
#8297 = EDGE_CURVE('',#8290,#8298,#8300,.T.);
#8298 = VERTEX_POINT('',#8299);
#8299 = CARTESIAN_POINT('',(0.1,-0.3,0.2));
#8300 = LINE('',#8301,#8302);
#8301 = CARTESIAN_POINT('',(0.1,-3.175,0.2));
#8302 = VECTOR('',#8303,1.);
#8303 = DIRECTION('',(-1.110223024625E-16,-1.,0.));
#8304 = ORIENTED_EDGE('',*,*,#8305,.T.);
#8305 = EDGE_CURVE('',#8298,#8250,#8306,.T.);
#8306 = LINE('',#8307,#8308);
#8307 = CARTESIAN_POINT('',(0.1,0.45,0.2));
#8308 = VECTOR('',#8309,1.);
#8309 = DIRECTION('',(-1.110223024625E-16,-1.,0.));
#8310 = PLANE('',#8311);
#8311 = AXIS2_PLACEMENT_3D('',#8312,#8313,#8314);
#8312 = CARTESIAN_POINT('',(-6.772360450213E-16,-6.35,0.2));
#8313 = DIRECTION('',(0.,0.,1.));
#8314 = DIRECTION('',(1.110223024625E-16,1.,-0.));
#8315 = ADVANCED_FACE('',(#8316),#8322,.T.);
#8316 = FACE_BOUND('',#8317,.T.);
#8317 = EDGE_LOOP('',(#8318,#8319,#8320,#8321));
#8318 = ORIENTED_EDGE('',*,*,#7536,.T.);
#8319 = ORIENTED_EDGE('',*,*,#7906,.T.);
#8320 = ORIENTED_EDGE('',*,*,#7615,.F.);
#8321 = ORIENTED_EDGE('',*,*,#7632,.F.);
#8322 = PLANE('',#8323);
#8323 = AXIS2_PLACEMENT_3D('',#8324,#8325,#8326);
#8324 = CARTESIAN_POINT('',(0.846666666667,-13.97,0.));
#8325 = DIRECTION('',(-1.,1.110223024625E-16,0.));
#8326 = DIRECTION('',(1.110223024625E-16,1.,0.));
#8327 = ADVANCED_FACE('',(#8328),#8334,.F.);
#8328 = FACE_BOUND('',#8329,.F.);
#8329 = EDGE_LOOP('',(#8330,#8331,#8332,#8333));
#8330 = ORIENTED_EDGE('',*,*,#7583,.T.);
#8331 = ORIENTED_EDGE('',*,*,#7648,.T.);
#8332 = ORIENTED_EDGE('',*,*,#7513,.F.);
#8333 = ORIENTED_EDGE('',*,*,#7875,.F.);
#8334 = PLANE('',#8335);
#8335 = AXIS2_PLACEMENT_3D('',#8336,#8337,#8338);
#8336 = CARTESIAN_POINT('',(-1.27,1.27,0.));
#8337 = DIRECTION('',(1.,-1.110223024625E-16,0.));
#8338 = DIRECTION('',(-1.110223024625E-16,-1.,0.));
#8339 = ADVANCED_FACE('',(#8340),#8365,.T.);
#8340 = FACE_BOUND('',#8341,.T.);
#8341 = EDGE_LOOP('',(#8342,#8350,#8351,#8359));
#8342 = ORIENTED_EDGE('',*,*,#8343,.F.);
#8343 = EDGE_CURVE('',#7658,#8344,#8346,.T.);
#8344 = VERTEX_POINT('',#8345);
#8345 = CARTESIAN_POINT('',(0.3,-13.,8.2));
#8346 = LINE('',#8347,#8348);
#8347 = CARTESIAN_POINT('',(0.3,-13.,8.2));
#8348 = VECTOR('',#8349,1.);
#8349 = DIRECTION('',(-0.57735026919,0.57735026919,-0.57735026919));
#8350 = ORIENTED_EDGE('',*,*,#7657,.T.);
#8351 = ORIENTED_EDGE('',*,*,#8352,.T.);
#8352 = EDGE_CURVE('',#7660,#8353,#8355,.T.);
#8353 = VERTEX_POINT('',#8354);
#8354 = CARTESIAN_POINT('',(0.3,-12.4,8.2));
#8355 = LINE('',#8356,#8357);
#8356 = CARTESIAN_POINT('',(0.3,-12.4,8.2));
#8357 = VECTOR('',#8358,1.);
#8358 = DIRECTION('',(-0.57735026919,-0.57735026919,-0.57735026919));
#8359 = ORIENTED_EDGE('',*,*,#8360,.F.);
#8360 = EDGE_CURVE('',#8344,#8353,#8361,.T.);
#8361 = LINE('',#8362,#8363);
#8362 = CARTESIAN_POINT('',(0.3,-13.3,8.2));
#8363 = VECTOR('',#8364,1.);
#8364 = DIRECTION('',(1.110223024625E-16,1.,0.));
#8365 = PLANE('',#8366);
#8366 = AXIS2_PLACEMENT_3D('',#8367,#8368,#8369);
#8367 = CARTESIAN_POINT('',(0.45,-13.3,8.35));
#8368 = DIRECTION('',(-0.707106781187,7.850462293414E-17,0.707106781187)
  );
#8369 = DIRECTION('',(1.110223024625E-16,1.,2.680278185005E-29));
#8370 = ADVANCED_FACE('',(#8371),#8389,.T.);
#8371 = FACE_BOUND('',#8372,.T.);
#8372 = EDGE_LOOP('',(#8373,#8374,#8375,#8383));
#8373 = ORIENTED_EDGE('',*,*,#8352,.F.);
#8374 = ORIENTED_EDGE('',*,*,#7683,.T.);
#8375 = ORIENTED_EDGE('',*,*,#8376,.T.);
#8376 = EDGE_CURVE('',#7676,#8377,#8379,.T.);
#8377 = VERTEX_POINT('',#8378);
#8378 = CARTESIAN_POINT('',(-0.3,-12.4,8.2));
#8379 = LINE('',#8380,#8381);
#8380 = CARTESIAN_POINT('',(-0.3,-12.4,8.2));
#8381 = VECTOR('',#8382,1.);
#8382 = DIRECTION('',(0.57735026919,-0.57735026919,-0.57735026919));
#8383 = ORIENTED_EDGE('',*,*,#8384,.F.);
#8384 = EDGE_CURVE('',#8353,#8377,#8385,.T.);
#8385 = LINE('',#8386,#8387);
#8386 = CARTESIAN_POINT('',(0.6,-12.4,8.2));
#8387 = VECTOR('',#8388,1.);
#8388 = DIRECTION('',(-1.,1.110223024625E-16,0.));
#8389 = PLANE('',#8390);
#8390 = AXIS2_PLACEMENT_3D('',#8391,#8392,#8393);
#8391 = CARTESIAN_POINT('',(0.6,-12.25,8.35));
#8392 = DIRECTION('',(-8.197719098449E-17,-0.707106781187,0.707106781187
    ));
#8393 = DIRECTION('',(-1.,1.13477778879E-16,-2.455476416522E-18));
#8394 = ADVANCED_FACE('',(#8395),#8413,.T.);
#8395 = FACE_BOUND('',#8396,.T.);
#8396 = EDGE_LOOP('',(#8397,#8398,#8399,#8407));
#8397 = ORIENTED_EDGE('',*,*,#8376,.F.);
#8398 = ORIENTED_EDGE('',*,*,#7675,.T.);
#8399 = ORIENTED_EDGE('',*,*,#8400,.T.);
#8400 = EDGE_CURVE('',#7668,#8401,#8403,.T.);
#8401 = VERTEX_POINT('',#8402);
#8402 = CARTESIAN_POINT('',(-0.3,-13.,8.2));
#8403 = LINE('',#8404,#8405);
#8404 = CARTESIAN_POINT('',(-0.3,-13.,8.2));
#8405 = VECTOR('',#8406,1.);
#8406 = DIRECTION('',(0.57735026919,0.57735026919,-0.57735026919));
#8407 = ORIENTED_EDGE('',*,*,#8408,.F.);
#8408 = EDGE_CURVE('',#8377,#8401,#8409,.T.);
#8409 = LINE('',#8410,#8411);
#8410 = CARTESIAN_POINT('',(-0.3,-12.1,8.2));
#8411 = VECTOR('',#8412,1.);
#8412 = DIRECTION('',(-1.110223024625E-16,-1.,0.));
#8413 = PLANE('',#8414);
#8414 = AXIS2_PLACEMENT_3D('',#8415,#8416,#8417);
#8415 = CARTESIAN_POINT('',(-0.45,-12.1,8.35));
#8416 = DIRECTION('',(0.707106781187,-7.850462293414E-17,0.707106781187)
  );
#8417 = DIRECTION('',(-1.110223024625E-16,-1.,2.680278185005E-29));
#8418 = ADVANCED_FACE('',(#8419),#8430,.T.);
#8419 = FACE_BOUND('',#8420,.T.);
#8420 = EDGE_LOOP('',(#8421,#8422,#8423,#8424));
#8421 = ORIENTED_EDGE('',*,*,#8400,.F.);
#8422 = ORIENTED_EDGE('',*,*,#7667,.T.);
#8423 = ORIENTED_EDGE('',*,*,#8343,.T.);
#8424 = ORIENTED_EDGE('',*,*,#8425,.F.);
#8425 = EDGE_CURVE('',#8401,#8344,#8426,.T.);
#8426 = LINE('',#8427,#8428);
#8427 = CARTESIAN_POINT('',(-0.6,-13.,8.2));
#8428 = VECTOR('',#8429,1.);
#8429 = DIRECTION('',(1.,-1.110223024625E-16,0.));
#8430 = PLANE('',#8431);
#8431 = AXIS2_PLACEMENT_3D('',#8432,#8433,#8434);
#8432 = CARTESIAN_POINT('',(-0.6,-13.15,8.35));
#8433 = DIRECTION('',(8.197719098449E-17,0.707106781187,0.707106781187)
  );
#8434 = DIRECTION('',(1.,-1.13477778879E-16,-2.455476416522E-18));
#8435 = ADVANCED_FACE('',(#8436),#8461,.T.);
#8436 = FACE_BOUND('',#8437,.T.);
#8437 = EDGE_LOOP('',(#8438,#8446,#8447,#8455));
#8438 = ORIENTED_EDGE('',*,*,#8439,.F.);
#8439 = EDGE_CURVE('',#7692,#8440,#8442,.T.);
#8440 = VERTEX_POINT('',#8441);
#8441 = CARTESIAN_POINT('',(0.3,-10.46,8.2));
#8442 = LINE('',#8443,#8444);
#8443 = CARTESIAN_POINT('',(0.3,-10.46,8.2));
#8444 = VECTOR('',#8445,1.);
#8445 = DIRECTION('',(-0.57735026919,0.57735026919,-0.57735026919));
#8446 = ORIENTED_EDGE('',*,*,#7691,.T.);
#8447 = ORIENTED_EDGE('',*,*,#8448,.T.);
#8448 = EDGE_CURVE('',#7694,#8449,#8451,.T.);
#8449 = VERTEX_POINT('',#8450);
#8450 = CARTESIAN_POINT('',(0.3,-9.86,8.2));
#8451 = LINE('',#8452,#8453);
#8452 = CARTESIAN_POINT('',(0.3,-9.86,8.2));
#8453 = VECTOR('',#8454,1.);
#8454 = DIRECTION('',(-0.57735026919,-0.57735026919,-0.57735026919));
#8455 = ORIENTED_EDGE('',*,*,#8456,.F.);
#8456 = EDGE_CURVE('',#8440,#8449,#8457,.T.);
#8457 = LINE('',#8458,#8459);
#8458 = CARTESIAN_POINT('',(0.3,-10.76,8.2));
#8459 = VECTOR('',#8460,1.);
#8460 = DIRECTION('',(1.110223024625E-16,1.,0.));
#8461 = PLANE('',#8462);
#8462 = AXIS2_PLACEMENT_3D('',#8463,#8464,#8465);
#8463 = CARTESIAN_POINT('',(0.45,-10.76,8.35));
#8464 = DIRECTION('',(-0.707106781187,7.850462293414E-17,0.707106781187)
  );
#8465 = DIRECTION('',(1.110223024625E-16,1.,2.680278185005E-29));
#8466 = ADVANCED_FACE('',(#8467),#8485,.T.);
#8467 = FACE_BOUND('',#8468,.T.);
#8468 = EDGE_LOOP('',(#8469,#8470,#8471,#8479));
#8469 = ORIENTED_EDGE('',*,*,#8448,.F.);
#8470 = ORIENTED_EDGE('',*,*,#7717,.T.);
#8471 = ORIENTED_EDGE('',*,*,#8472,.T.);
#8472 = EDGE_CURVE('',#7710,#8473,#8475,.T.);
#8473 = VERTEX_POINT('',#8474);
#8474 = CARTESIAN_POINT('',(-0.3,-9.86,8.2));
#8475 = LINE('',#8476,#8477);
#8476 = CARTESIAN_POINT('',(-0.3,-9.86,8.2));
#8477 = VECTOR('',#8478,1.);
#8478 = DIRECTION('',(0.57735026919,-0.57735026919,-0.57735026919));
#8479 = ORIENTED_EDGE('',*,*,#8480,.F.);
#8480 = EDGE_CURVE('',#8449,#8473,#8481,.T.);
#8481 = LINE('',#8482,#8483);
#8482 = CARTESIAN_POINT('',(0.6,-9.86,8.2));
#8483 = VECTOR('',#8484,1.);
#8484 = DIRECTION('',(-1.,1.110223024625E-16,0.));
#8485 = PLANE('',#8486);
#8486 = AXIS2_PLACEMENT_3D('',#8487,#8488,#8489);
#8487 = CARTESIAN_POINT('',(0.6,-9.71,8.35));
#8488 = DIRECTION('',(-8.197719098449E-17,-0.707106781187,0.707106781187
    ));
#8489 = DIRECTION('',(-1.,1.13477778879E-16,-2.455476416522E-18));
#8490 = ADVANCED_FACE('',(#8491),#8509,.T.);
#8491 = FACE_BOUND('',#8492,.T.);
#8492 = EDGE_LOOP('',(#8493,#8494,#8495,#8503));
#8493 = ORIENTED_EDGE('',*,*,#8472,.F.);
#8494 = ORIENTED_EDGE('',*,*,#7709,.T.);
#8495 = ORIENTED_EDGE('',*,*,#8496,.T.);
#8496 = EDGE_CURVE('',#7702,#8497,#8499,.T.);
#8497 = VERTEX_POINT('',#8498);
#8498 = CARTESIAN_POINT('',(-0.3,-10.46,8.2));
#8499 = LINE('',#8500,#8501);
#8500 = CARTESIAN_POINT('',(-0.3,-10.46,8.2));
#8501 = VECTOR('',#8502,1.);
#8502 = DIRECTION('',(0.57735026919,0.57735026919,-0.57735026919));
#8503 = ORIENTED_EDGE('',*,*,#8504,.F.);
#8504 = EDGE_CURVE('',#8473,#8497,#8505,.T.);
#8505 = LINE('',#8506,#8507);
#8506 = CARTESIAN_POINT('',(-0.3,-9.56,8.2));
#8507 = VECTOR('',#8508,1.);
#8508 = DIRECTION('',(-1.110223024625E-16,-1.,0.));
#8509 = PLANE('',#8510);
#8510 = AXIS2_PLACEMENT_3D('',#8511,#8512,#8513);
#8511 = CARTESIAN_POINT('',(-0.45,-9.56,8.35));
#8512 = DIRECTION('',(0.707106781187,-7.850462293414E-17,0.707106781187)
  );
#8513 = DIRECTION('',(-1.110223024625E-16,-1.,2.680278185005E-29));
#8514 = ADVANCED_FACE('',(#8515),#8526,.T.);
#8515 = FACE_BOUND('',#8516,.T.);
#8516 = EDGE_LOOP('',(#8517,#8518,#8519,#8520));
#8517 = ORIENTED_EDGE('',*,*,#8496,.F.);
#8518 = ORIENTED_EDGE('',*,*,#7701,.T.);
#8519 = ORIENTED_EDGE('',*,*,#8439,.T.);
#8520 = ORIENTED_EDGE('',*,*,#8521,.F.);
#8521 = EDGE_CURVE('',#8497,#8440,#8522,.T.);
#8522 = LINE('',#8523,#8524);
#8523 = CARTESIAN_POINT('',(-0.6,-10.46,8.2));
#8524 = VECTOR('',#8525,1.);
#8525 = DIRECTION('',(1.,-1.110223024625E-16,0.));
#8526 = PLANE('',#8527);
#8527 = AXIS2_PLACEMENT_3D('',#8528,#8529,#8530);
#8528 = CARTESIAN_POINT('',(-0.6,-10.61,8.35));
#8529 = DIRECTION('',(8.197719098449E-17,0.707106781187,0.707106781187)
  );
#8530 = DIRECTION('',(1.,-1.13477778879E-16,-2.455476416522E-18));
#8531 = ADVANCED_FACE('',(#8532),#8557,.T.);
#8532 = FACE_BOUND('',#8533,.T.);
#8533 = EDGE_LOOP('',(#8534,#8542,#8543,#8551));
#8534 = ORIENTED_EDGE('',*,*,#8535,.F.);
#8535 = EDGE_CURVE('',#7726,#8536,#8538,.T.);
#8536 = VERTEX_POINT('',#8537);
#8537 = CARTESIAN_POINT('',(0.3,-7.92,8.2));
#8538 = LINE('',#8539,#8540);
#8539 = CARTESIAN_POINT('',(0.3,-7.92,8.2));
#8540 = VECTOR('',#8541,1.);
#8541 = DIRECTION('',(-0.57735026919,0.57735026919,-0.57735026919));
#8542 = ORIENTED_EDGE('',*,*,#7725,.T.);
#8543 = ORIENTED_EDGE('',*,*,#8544,.T.);
#8544 = EDGE_CURVE('',#7728,#8545,#8547,.T.);
#8545 = VERTEX_POINT('',#8546);
#8546 = CARTESIAN_POINT('',(0.3,-7.32,8.2));
#8547 = LINE('',#8548,#8549);
#8548 = CARTESIAN_POINT('',(0.3,-7.32,8.2));
#8549 = VECTOR('',#8550,1.);
#8550 = DIRECTION('',(-0.57735026919,-0.57735026919,-0.57735026919));
#8551 = ORIENTED_EDGE('',*,*,#8552,.F.);
#8552 = EDGE_CURVE('',#8536,#8545,#8553,.T.);
#8553 = LINE('',#8554,#8555);
#8554 = CARTESIAN_POINT('',(0.3,-8.22,8.2));
#8555 = VECTOR('',#8556,1.);
#8556 = DIRECTION('',(1.110223024625E-16,1.,0.));
#8557 = PLANE('',#8558);
#8558 = AXIS2_PLACEMENT_3D('',#8559,#8560,#8561);
#8559 = CARTESIAN_POINT('',(0.45,-8.22,8.35));
#8560 = DIRECTION('',(-0.707106781187,7.850462293414E-17,0.707106781187)
  );
#8561 = DIRECTION('',(1.110223024625E-16,1.,2.680278185005E-29));
#8562 = ADVANCED_FACE('',(#8563),#8581,.T.);
#8563 = FACE_BOUND('',#8564,.T.);
#8564 = EDGE_LOOP('',(#8565,#8566,#8567,#8575));
#8565 = ORIENTED_EDGE('',*,*,#8544,.F.);
#8566 = ORIENTED_EDGE('',*,*,#7751,.T.);
#8567 = ORIENTED_EDGE('',*,*,#8568,.T.);
#8568 = EDGE_CURVE('',#7744,#8569,#8571,.T.);
#8569 = VERTEX_POINT('',#8570);
#8570 = CARTESIAN_POINT('',(-0.3,-7.32,8.2));
#8571 = LINE('',#8572,#8573);
#8572 = CARTESIAN_POINT('',(-0.3,-7.32,8.2));
#8573 = VECTOR('',#8574,1.);
#8574 = DIRECTION('',(0.57735026919,-0.57735026919,-0.57735026919));
#8575 = ORIENTED_EDGE('',*,*,#8576,.F.);
#8576 = EDGE_CURVE('',#8545,#8569,#8577,.T.);
#8577 = LINE('',#8578,#8579);
#8578 = CARTESIAN_POINT('',(0.6,-7.32,8.2));
#8579 = VECTOR('',#8580,1.);
#8580 = DIRECTION('',(-1.,1.110223024625E-16,0.));
#8581 = PLANE('',#8582);
#8582 = AXIS2_PLACEMENT_3D('',#8583,#8584,#8585);
#8583 = CARTESIAN_POINT('',(0.6,-7.17,8.35));
#8584 = DIRECTION('',(-8.197719098449E-17,-0.707106781187,0.707106781187
    ));
#8585 = DIRECTION('',(-1.,1.13477778879E-16,-2.455476416522E-18));
#8586 = ADVANCED_FACE('',(#8587),#8605,.T.);
#8587 = FACE_BOUND('',#8588,.T.);
#8588 = EDGE_LOOP('',(#8589,#8590,#8591,#8599));
#8589 = ORIENTED_EDGE('',*,*,#8568,.F.);
#8590 = ORIENTED_EDGE('',*,*,#7743,.T.);
#8591 = ORIENTED_EDGE('',*,*,#8592,.T.);
#8592 = EDGE_CURVE('',#7736,#8593,#8595,.T.);
#8593 = VERTEX_POINT('',#8594);
#8594 = CARTESIAN_POINT('',(-0.3,-7.92,8.2));
#8595 = LINE('',#8596,#8597);
#8596 = CARTESIAN_POINT('',(-0.3,-7.92,8.2));
#8597 = VECTOR('',#8598,1.);
#8598 = DIRECTION('',(0.57735026919,0.57735026919,-0.57735026919));
#8599 = ORIENTED_EDGE('',*,*,#8600,.F.);
#8600 = EDGE_CURVE('',#8569,#8593,#8601,.T.);
#8601 = LINE('',#8602,#8603);
#8602 = CARTESIAN_POINT('',(-0.3,-7.02,8.2));
#8603 = VECTOR('',#8604,1.);
#8604 = DIRECTION('',(-1.110223024625E-16,-1.,0.));
#8605 = PLANE('',#8606);
#8606 = AXIS2_PLACEMENT_3D('',#8607,#8608,#8609);
#8607 = CARTESIAN_POINT('',(-0.45,-7.02,8.35));
#8608 = DIRECTION('',(0.707106781187,-7.850462293414E-17,0.707106781187)
  );
#8609 = DIRECTION('',(-1.110223024625E-16,-1.,2.680278185005E-29));
#8610 = ADVANCED_FACE('',(#8611),#8622,.T.);
#8611 = FACE_BOUND('',#8612,.T.);
#8612 = EDGE_LOOP('',(#8613,#8614,#8615,#8616));
#8613 = ORIENTED_EDGE('',*,*,#8592,.F.);
#8614 = ORIENTED_EDGE('',*,*,#7735,.T.);
#8615 = ORIENTED_EDGE('',*,*,#8535,.T.);
#8616 = ORIENTED_EDGE('',*,*,#8617,.F.);
#8617 = EDGE_CURVE('',#8593,#8536,#8618,.T.);
#8618 = LINE('',#8619,#8620);
#8619 = CARTESIAN_POINT('',(-0.6,-7.92,8.2));
#8620 = VECTOR('',#8621,1.);
#8621 = DIRECTION('',(1.,-1.110223024625E-16,0.));
#8622 = PLANE('',#8623);
#8623 = AXIS2_PLACEMENT_3D('',#8624,#8625,#8626);
#8624 = CARTESIAN_POINT('',(-0.6,-8.07,8.35));
#8625 = DIRECTION('',(8.197719098449E-17,0.707106781187,0.707106781187)
  );
#8626 = DIRECTION('',(1.,-1.13477778879E-16,-2.455476416522E-18));
#8627 = ADVANCED_FACE('',(#8628),#8653,.T.);
#8628 = FACE_BOUND('',#8629,.T.);
#8629 = EDGE_LOOP('',(#8630,#8638,#8639,#8647));
#8630 = ORIENTED_EDGE('',*,*,#8631,.F.);
#8631 = EDGE_CURVE('',#7760,#8632,#8634,.T.);
#8632 = VERTEX_POINT('',#8633);
#8633 = CARTESIAN_POINT('',(0.3,-5.38,8.2));
#8634 = LINE('',#8635,#8636);
#8635 = CARTESIAN_POINT('',(0.3,-5.38,8.2));
#8636 = VECTOR('',#8637,1.);
#8637 = DIRECTION('',(-0.57735026919,0.57735026919,-0.57735026919));
#8638 = ORIENTED_EDGE('',*,*,#7759,.T.);
#8639 = ORIENTED_EDGE('',*,*,#8640,.T.);
#8640 = EDGE_CURVE('',#7762,#8641,#8643,.T.);
#8641 = VERTEX_POINT('',#8642);
#8642 = CARTESIAN_POINT('',(0.3,-4.78,8.2));
#8643 = LINE('',#8644,#8645);
#8644 = CARTESIAN_POINT('',(0.3,-4.78,8.2));
#8645 = VECTOR('',#8646,1.);
#8646 = DIRECTION('',(-0.57735026919,-0.57735026919,-0.57735026919));
#8647 = ORIENTED_EDGE('',*,*,#8648,.F.);
#8648 = EDGE_CURVE('',#8632,#8641,#8649,.T.);
#8649 = LINE('',#8650,#8651);
#8650 = CARTESIAN_POINT('',(0.3,-5.68,8.2));
#8651 = VECTOR('',#8652,1.);
#8652 = DIRECTION('',(1.110223024625E-16,1.,0.));
#8653 = PLANE('',#8654);
#8654 = AXIS2_PLACEMENT_3D('',#8655,#8656,#8657);
#8655 = CARTESIAN_POINT('',(0.45,-5.68,8.35));
#8656 = DIRECTION('',(-0.707106781187,7.850462293414E-17,0.707106781187)
  );
#8657 = DIRECTION('',(1.110223024625E-16,1.,2.680278185005E-29));
#8658 = ADVANCED_FACE('',(#8659),#8677,.T.);
#8659 = FACE_BOUND('',#8660,.T.);
#8660 = EDGE_LOOP('',(#8661,#8662,#8663,#8671));
#8661 = ORIENTED_EDGE('',*,*,#8640,.F.);
#8662 = ORIENTED_EDGE('',*,*,#7785,.T.);
#8663 = ORIENTED_EDGE('',*,*,#8664,.T.);
#8664 = EDGE_CURVE('',#7778,#8665,#8667,.T.);
#8665 = VERTEX_POINT('',#8666);
#8666 = CARTESIAN_POINT('',(-0.3,-4.78,8.2));
#8667 = LINE('',#8668,#8669);
#8668 = CARTESIAN_POINT('',(-0.3,-4.78,8.2));
#8669 = VECTOR('',#8670,1.);
#8670 = DIRECTION('',(0.57735026919,-0.57735026919,-0.57735026919));
#8671 = ORIENTED_EDGE('',*,*,#8672,.F.);
#8672 = EDGE_CURVE('',#8641,#8665,#8673,.T.);
#8673 = LINE('',#8674,#8675);
#8674 = CARTESIAN_POINT('',(0.6,-4.78,8.2));
#8675 = VECTOR('',#8676,1.);
#8676 = DIRECTION('',(-1.,1.110223024625E-16,0.));
#8677 = PLANE('',#8678);
#8678 = AXIS2_PLACEMENT_3D('',#8679,#8680,#8681);
#8679 = CARTESIAN_POINT('',(0.6,-4.63,8.35));
#8680 = DIRECTION('',(-8.197719098449E-17,-0.707106781187,0.707106781187
    ));
#8681 = DIRECTION('',(-1.,1.13477778879E-16,-2.455476416522E-18));
#8682 = ADVANCED_FACE('',(#8683),#8701,.T.);
#8683 = FACE_BOUND('',#8684,.T.);
#8684 = EDGE_LOOP('',(#8685,#8686,#8687,#8695));
#8685 = ORIENTED_EDGE('',*,*,#8664,.F.);
#8686 = ORIENTED_EDGE('',*,*,#7777,.T.);
#8687 = ORIENTED_EDGE('',*,*,#8688,.T.);
#8688 = EDGE_CURVE('',#7770,#8689,#8691,.T.);
#8689 = VERTEX_POINT('',#8690);
#8690 = CARTESIAN_POINT('',(-0.3,-5.38,8.2));
#8691 = LINE('',#8692,#8693);
#8692 = CARTESIAN_POINT('',(-0.3,-5.38,8.2));
#8693 = VECTOR('',#8694,1.);
#8694 = DIRECTION('',(0.57735026919,0.57735026919,-0.57735026919));
#8695 = ORIENTED_EDGE('',*,*,#8696,.F.);
#8696 = EDGE_CURVE('',#8665,#8689,#8697,.T.);
#8697 = LINE('',#8698,#8699);
#8698 = CARTESIAN_POINT('',(-0.3,-4.48,8.2));
#8699 = VECTOR('',#8700,1.);
#8700 = DIRECTION('',(-1.110223024625E-16,-1.,0.));
#8701 = PLANE('',#8702);
#8702 = AXIS2_PLACEMENT_3D('',#8703,#8704,#8705);
#8703 = CARTESIAN_POINT('',(-0.45,-4.48,8.35));
#8704 = DIRECTION('',(0.707106781187,-7.850462293414E-17,0.707106781187)
  );
#8705 = DIRECTION('',(-1.110223024625E-16,-1.,2.680278185005E-29));
#8706 = ADVANCED_FACE('',(#8707),#8718,.T.);
#8707 = FACE_BOUND('',#8708,.T.);
#8708 = EDGE_LOOP('',(#8709,#8710,#8711,#8712));
#8709 = ORIENTED_EDGE('',*,*,#8688,.F.);
#8710 = ORIENTED_EDGE('',*,*,#7769,.T.);
#8711 = ORIENTED_EDGE('',*,*,#8631,.T.);
#8712 = ORIENTED_EDGE('',*,*,#8713,.F.);
#8713 = EDGE_CURVE('',#8689,#8632,#8714,.T.);
#8714 = LINE('',#8715,#8716);
#8715 = CARTESIAN_POINT('',(-0.6,-5.38,8.2));
#8716 = VECTOR('',#8717,1.);
#8717 = DIRECTION('',(1.,-1.110223024625E-16,0.));
#8718 = PLANE('',#8719);
#8719 = AXIS2_PLACEMENT_3D('',#8720,#8721,#8722);
#8720 = CARTESIAN_POINT('',(-0.6,-5.53,8.35));
#8721 = DIRECTION('',(8.197719098449E-17,0.707106781187,0.707106781187)
  );
#8722 = DIRECTION('',(1.,-1.13477778879E-16,-2.455476416522E-18));
#8723 = ADVANCED_FACE('',(#8724),#8749,.T.);
#8724 = FACE_BOUND('',#8725,.T.);
#8725 = EDGE_LOOP('',(#8726,#8734,#8735,#8743));
#8726 = ORIENTED_EDGE('',*,*,#8727,.F.);
#8727 = EDGE_CURVE('',#7794,#8728,#8730,.T.);
#8728 = VERTEX_POINT('',#8729);
#8729 = CARTESIAN_POINT('',(0.3,-2.84,8.2));
#8730 = LINE('',#8731,#8732);
#8731 = CARTESIAN_POINT('',(0.3,-2.84,8.2));
#8732 = VECTOR('',#8733,1.);
#8733 = DIRECTION('',(-0.57735026919,0.57735026919,-0.57735026919));
#8734 = ORIENTED_EDGE('',*,*,#7793,.T.);
#8735 = ORIENTED_EDGE('',*,*,#8736,.T.);
#8736 = EDGE_CURVE('',#7796,#8737,#8739,.T.);
#8737 = VERTEX_POINT('',#8738);
#8738 = CARTESIAN_POINT('',(0.3,-2.24,8.2));
#8739 = LINE('',#8740,#8741);
#8740 = CARTESIAN_POINT('',(0.3,-2.24,8.2));
#8741 = VECTOR('',#8742,1.);
#8742 = DIRECTION('',(-0.57735026919,-0.57735026919,-0.57735026919));
#8743 = ORIENTED_EDGE('',*,*,#8744,.F.);
#8744 = EDGE_CURVE('',#8728,#8737,#8745,.T.);
#8745 = LINE('',#8746,#8747);
#8746 = CARTESIAN_POINT('',(0.3,-3.14,8.2));
#8747 = VECTOR('',#8748,1.);
#8748 = DIRECTION('',(1.110223024625E-16,1.,0.));
#8749 = PLANE('',#8750);
#8750 = AXIS2_PLACEMENT_3D('',#8751,#8752,#8753);
#8751 = CARTESIAN_POINT('',(0.45,-3.14,8.35));
#8752 = DIRECTION('',(-0.707106781187,7.850462293414E-17,0.707106781187)
  );
#8753 = DIRECTION('',(1.110223024625E-16,1.,2.680278185005E-29));
#8754 = ADVANCED_FACE('',(#8755),#8773,.T.);
#8755 = FACE_BOUND('',#8756,.T.);
#8756 = EDGE_LOOP('',(#8757,#8758,#8759,#8767));
#8757 = ORIENTED_EDGE('',*,*,#8736,.F.);
#8758 = ORIENTED_EDGE('',*,*,#7819,.T.);
#8759 = ORIENTED_EDGE('',*,*,#8760,.T.);
#8760 = EDGE_CURVE('',#7812,#8761,#8763,.T.);
#8761 = VERTEX_POINT('',#8762);
#8762 = CARTESIAN_POINT('',(-0.3,-2.24,8.2));
#8763 = LINE('',#8764,#8765);
#8764 = CARTESIAN_POINT('',(-0.3,-2.24,8.2));
#8765 = VECTOR('',#8766,1.);
#8766 = DIRECTION('',(0.57735026919,-0.57735026919,-0.57735026919));
#8767 = ORIENTED_EDGE('',*,*,#8768,.F.);
#8768 = EDGE_CURVE('',#8737,#8761,#8769,.T.);
#8769 = LINE('',#8770,#8771);
#8770 = CARTESIAN_POINT('',(0.6,-2.24,8.2));
#8771 = VECTOR('',#8772,1.);
#8772 = DIRECTION('',(-1.,1.110223024625E-16,0.));
#8773 = PLANE('',#8774);
#8774 = AXIS2_PLACEMENT_3D('',#8775,#8776,#8777);
#8775 = CARTESIAN_POINT('',(0.6,-2.09,8.35));
#8776 = DIRECTION('',(-8.197719098449E-17,-0.707106781187,0.707106781187
    ));
#8777 = DIRECTION('',(-1.,1.13477778879E-16,-2.455476416522E-18));
#8778 = ADVANCED_FACE('',(#8779),#8797,.T.);
#8779 = FACE_BOUND('',#8780,.T.);
#8780 = EDGE_LOOP('',(#8781,#8782,#8783,#8791));
#8781 = ORIENTED_EDGE('',*,*,#8760,.F.);
#8782 = ORIENTED_EDGE('',*,*,#7811,.T.);
#8783 = ORIENTED_EDGE('',*,*,#8784,.T.);
#8784 = EDGE_CURVE('',#7804,#8785,#8787,.T.);
#8785 = VERTEX_POINT('',#8786);
#8786 = CARTESIAN_POINT('',(-0.3,-2.84,8.2));
#8787 = LINE('',#8788,#8789);
#8788 = CARTESIAN_POINT('',(-0.3,-2.84,8.2));
#8789 = VECTOR('',#8790,1.);
#8790 = DIRECTION('',(0.57735026919,0.57735026919,-0.57735026919));
#8791 = ORIENTED_EDGE('',*,*,#8792,.F.);
#8792 = EDGE_CURVE('',#8761,#8785,#8793,.T.);
#8793 = LINE('',#8794,#8795);
#8794 = CARTESIAN_POINT('',(-0.3,-1.94,8.2));
#8795 = VECTOR('',#8796,1.);
#8796 = DIRECTION('',(-1.110223024625E-16,-1.,0.));
#8797 = PLANE('',#8798);
#8798 = AXIS2_PLACEMENT_3D('',#8799,#8800,#8801);
#8799 = CARTESIAN_POINT('',(-0.45,-1.94,8.35));
#8800 = DIRECTION('',(0.707106781187,-7.850462293414E-17,0.707106781187)
  );
#8801 = DIRECTION('',(-1.110223024625E-16,-1.,2.680278185005E-29));
#8802 = ADVANCED_FACE('',(#8803),#8814,.T.);
#8803 = FACE_BOUND('',#8804,.T.);
#8804 = EDGE_LOOP('',(#8805,#8806,#8807,#8808));
#8805 = ORIENTED_EDGE('',*,*,#8784,.F.);
#8806 = ORIENTED_EDGE('',*,*,#7803,.T.);
#8807 = ORIENTED_EDGE('',*,*,#8727,.T.);
#8808 = ORIENTED_EDGE('',*,*,#8809,.F.);
#8809 = EDGE_CURVE('',#8785,#8728,#8810,.T.);
#8810 = LINE('',#8811,#8812);
#8811 = CARTESIAN_POINT('',(-0.6,-2.84,8.2));
#8812 = VECTOR('',#8813,1.);
#8813 = DIRECTION('',(1.,-1.110223024625E-16,0.));
#8814 = PLANE('',#8815);
#8815 = AXIS2_PLACEMENT_3D('',#8816,#8817,#8818);
#8816 = CARTESIAN_POINT('',(-0.6,-2.99,8.35));
#8817 = DIRECTION('',(8.197719098449E-17,0.707106781187,0.707106781187)
  );
#8818 = DIRECTION('',(1.,-1.13477778879E-16,-2.455476416522E-18));
#8819 = ADVANCED_FACE('',(#8820),#8845,.T.);
#8820 = FACE_BOUND('',#8821,.T.);
#8821 = EDGE_LOOP('',(#8822,#8830,#8831,#8839));
#8822 = ORIENTED_EDGE('',*,*,#8823,.F.);
#8823 = EDGE_CURVE('',#7828,#8824,#8826,.T.);
#8824 = VERTEX_POINT('',#8825);
#8825 = CARTESIAN_POINT('',(0.3,-0.3,8.2));
#8826 = LINE('',#8827,#8828);
#8827 = CARTESIAN_POINT('',(0.3,-0.3,8.2));
#8828 = VECTOR('',#8829,1.);
#8829 = DIRECTION('',(-0.57735026919,0.57735026919,-0.57735026919));
#8830 = ORIENTED_EDGE('',*,*,#7827,.T.);
#8831 = ORIENTED_EDGE('',*,*,#8832,.T.);
#8832 = EDGE_CURVE('',#7830,#8833,#8835,.T.);
#8833 = VERTEX_POINT('',#8834);
#8834 = CARTESIAN_POINT('',(0.3,0.3,8.2));
#8835 = LINE('',#8836,#8837);
#8836 = CARTESIAN_POINT('',(0.3,0.3,8.2));
#8837 = VECTOR('',#8838,1.);
#8838 = DIRECTION('',(-0.57735026919,-0.57735026919,-0.57735026919));
#8839 = ORIENTED_EDGE('',*,*,#8840,.F.);
#8840 = EDGE_CURVE('',#8824,#8833,#8841,.T.);
#8841 = LINE('',#8842,#8843);
#8842 = CARTESIAN_POINT('',(0.3,-0.6,8.2));
#8843 = VECTOR('',#8844,1.);
#8844 = DIRECTION('',(1.110223024625E-16,1.,0.));
#8845 = PLANE('',#8846);
#8846 = AXIS2_PLACEMENT_3D('',#8847,#8848,#8849);
#8847 = CARTESIAN_POINT('',(0.45,-0.6,8.35));
#8848 = DIRECTION('',(-0.707106781187,7.850462293414E-17,0.707106781187)
  );
#8849 = DIRECTION('',(1.110223024625E-16,1.,2.680278185005E-29));
#8850 = ADVANCED_FACE('',(#8851),#8869,.T.);
#8851 = FACE_BOUND('',#8852,.T.);
#8852 = EDGE_LOOP('',(#8853,#8854,#8855,#8863));
#8853 = ORIENTED_EDGE('',*,*,#8832,.F.);
#8854 = ORIENTED_EDGE('',*,*,#7853,.T.);
#8855 = ORIENTED_EDGE('',*,*,#8856,.T.);
#8856 = EDGE_CURVE('',#7846,#8857,#8859,.T.);
#8857 = VERTEX_POINT('',#8858);
#8858 = CARTESIAN_POINT('',(-0.3,0.3,8.2));
#8859 = LINE('',#8860,#8861);
#8860 = CARTESIAN_POINT('',(-0.3,0.3,8.2));
#8861 = VECTOR('',#8862,1.);
#8862 = DIRECTION('',(0.57735026919,-0.57735026919,-0.57735026919));
#8863 = ORIENTED_EDGE('',*,*,#8864,.F.);
#8864 = EDGE_CURVE('',#8833,#8857,#8865,.T.);
#8865 = LINE('',#8866,#8867);
#8866 = CARTESIAN_POINT('',(0.6,0.3,8.2));
#8867 = VECTOR('',#8868,1.);
#8868 = DIRECTION('',(-1.,1.110223024625E-16,0.));
#8869 = PLANE('',#8870);
#8870 = AXIS2_PLACEMENT_3D('',#8871,#8872,#8873);
#8871 = CARTESIAN_POINT('',(0.6,0.45,8.35));
#8872 = DIRECTION('',(-8.197719098449E-17,-0.707106781187,0.707106781187
    ));
#8873 = DIRECTION('',(-1.,1.13477778879E-16,-2.455476416522E-18));
#8874 = ADVANCED_FACE('',(#8875),#8893,.T.);
#8875 = FACE_BOUND('',#8876,.T.);
#8876 = EDGE_LOOP('',(#8877,#8878,#8879,#8887));
#8877 = ORIENTED_EDGE('',*,*,#8856,.F.);
#8878 = ORIENTED_EDGE('',*,*,#7845,.T.);
#8879 = ORIENTED_EDGE('',*,*,#8880,.T.);
#8880 = EDGE_CURVE('',#7838,#8881,#8883,.T.);
#8881 = VERTEX_POINT('',#8882);
#8882 = CARTESIAN_POINT('',(-0.3,-0.3,8.2));
#8883 = LINE('',#8884,#8885);
#8884 = CARTESIAN_POINT('',(-0.3,-0.3,8.2));
#8885 = VECTOR('',#8886,1.);
#8886 = DIRECTION('',(0.57735026919,0.57735026919,-0.57735026919));
#8887 = ORIENTED_EDGE('',*,*,#8888,.F.);
#8888 = EDGE_CURVE('',#8857,#8881,#8889,.T.);
#8889 = LINE('',#8890,#8891);
#8890 = CARTESIAN_POINT('',(-0.3,0.6,8.2));
#8891 = VECTOR('',#8892,1.);
#8892 = DIRECTION('',(-1.110223024625E-16,-1.,0.));
#8893 = PLANE('',#8894);
#8894 = AXIS2_PLACEMENT_3D('',#8895,#8896,#8897);
#8895 = CARTESIAN_POINT('',(-0.45,0.6,8.35));
#8896 = DIRECTION('',(0.707106781187,-7.850462293414E-17,0.707106781187)
  );
#8897 = DIRECTION('',(-1.110223024625E-16,-1.,2.680278185005E-29));
#8898 = ADVANCED_FACE('',(#8899),#8910,.T.);
#8899 = FACE_BOUND('',#8900,.T.);
#8900 = EDGE_LOOP('',(#8901,#8902,#8903,#8904));
#8901 = ORIENTED_EDGE('',*,*,#8880,.F.);
#8902 = ORIENTED_EDGE('',*,*,#7837,.T.);
#8903 = ORIENTED_EDGE('',*,*,#8823,.T.);
#8904 = ORIENTED_EDGE('',*,*,#8905,.F.);
#8905 = EDGE_CURVE('',#8881,#8824,#8906,.T.);
#8906 = LINE('',#8907,#8908);
#8907 = CARTESIAN_POINT('',(-0.6,-0.3,8.2));
#8908 = VECTOR('',#8909,1.);
#8909 = DIRECTION('',(1.,-1.110223024625E-16,0.));
#8910 = PLANE('',#8911);
#8911 = AXIS2_PLACEMENT_3D('',#8912,#8913,#8914);
#8912 = CARTESIAN_POINT('',(-0.6,-0.45,8.35));
#8913 = DIRECTION('',(8.197719098449E-17,0.707106781187,0.707106781187)
  );
#8914 = DIRECTION('',(1.,-1.13477778879E-16,-2.455476416522E-18));
#8915 = ADVANCED_FACE('',(#8916),#8927,.T.);
#8916 = FACE_BOUND('',#8917,.T.);
#8917 = EDGE_LOOP('',(#8918,#8919,#8920,#8926));
#8918 = ORIENTED_EDGE('',*,*,#7917,.F.);
#8919 = ORIENTED_EDGE('',*,*,#7927,.T.);
#8920 = ORIENTED_EDGE('',*,*,#8921,.T.);
#8921 = EDGE_CURVE('',#7928,#7968,#8922,.T.);
#8922 = LINE('',#8923,#8924);
#8923 = CARTESIAN_POINT('',(-0.1,-13.,0.2));
#8924 = VECTOR('',#8925,1.);
#8925 = DIRECTION('',(1.,-1.110223024625E-16,0.));
#8926 = ORIENTED_EDGE('',*,*,#7975,.T.);
#8927 = PLANE('',#8928);
#8928 = AXIS2_PLACEMENT_3D('',#8929,#8930,#8931);
#8929 = CARTESIAN_POINT('',(-0.1,-13.,0.2));
#8930 = DIRECTION('',(0.,-0.,-1.));
#8931 = DIRECTION('',(-1.110223024625E-16,-1.,0.));
#8932 = ADVANCED_FACE('',(#8933),#8974,.F.);
#8933 = FACE_BOUND('',#8934,.F.);
#8934 = EDGE_LOOP('',(#8935,#8943,#8944,#8952,#8960,#8968));
#8935 = ORIENTED_EDGE('',*,*,#8936,.T.);
#8936 = EDGE_CURVE('',#8937,#7968,#8939,.T.);
#8937 = VERTEX_POINT('',#8938);
#8938 = CARTESIAN_POINT('',(0.1,-13.,-2.5));
#8939 = LINE('',#8940,#8941);
#8940 = CARTESIAN_POINT('',(0.1,-13.,-2.5));
#8941 = VECTOR('',#8942,1.);
#8942 = DIRECTION('',(0.,0.,1.));
#8943 = ORIENTED_EDGE('',*,*,#7967,.F.);
#8944 = ORIENTED_EDGE('',*,*,#8945,.T.);
#8945 = EDGE_CURVE('',#7960,#8946,#8948,.T.);
#8946 = VERTEX_POINT('',#8947);
#8947 = CARTESIAN_POINT('',(0.1,-12.4,-2.5));
#8948 = LINE('',#8949,#8950);
#8949 = CARTESIAN_POINT('',(0.1,-12.4,0.2));
#8950 = VECTOR('',#8951,1.);
#8951 = DIRECTION('',(0.,0.,-1.));
#8952 = ORIENTED_EDGE('',*,*,#8953,.T.);
#8953 = EDGE_CURVE('',#8946,#8954,#8956,.T.);
#8954 = VERTEX_POINT('',#8955);
#8955 = CARTESIAN_POINT('',(0.1,-12.55,-3.1));
#8956 = LINE('',#8957,#8958);
#8957 = CARTESIAN_POINT('',(0.1,-12.4,-2.5));
#8958 = VECTOR('',#8959,1.);
#8959 = DIRECTION('',(-2.692686352073E-17,-0.242535625036,
    -0.970142500145));
#8960 = ORIENTED_EDGE('',*,*,#8961,.T.);
#8961 = EDGE_CURVE('',#8954,#8962,#8964,.T.);
#8962 = VERTEX_POINT('',#8963);
#8963 = CARTESIAN_POINT('',(0.1,-12.85,-3.1));
#8964 = LINE('',#8965,#8966);
#8965 = CARTESIAN_POINT('',(0.1,-12.55,-3.1));
#8966 = VECTOR('',#8967,1.);
#8967 = DIRECTION('',(-1.110223024625E-16,-1.,0.));
#8968 = ORIENTED_EDGE('',*,*,#8969,.T.);
#8969 = EDGE_CURVE('',#8962,#8937,#8970,.T.);
#8970 = LINE('',#8971,#8972);
#8971 = CARTESIAN_POINT('',(0.1,-12.85,-3.1));
#8972 = VECTOR('',#8973,1.);
#8973 = DIRECTION('',(-2.692686352073E-17,-0.242535625036,0.970142500145
    ));
#8974 = PLANE('',#8975);
#8975 = AXIS2_PLACEMENT_3D('',#8976,#8977,#8978);
#8976 = CARTESIAN_POINT('',(0.1,-12.7,3.911477598424));
#8977 = DIRECTION('',(-1.,1.110223024625E-16,0.));
#8978 = DIRECTION('',(0.,0.,1.));
#8979 = ADVANCED_FACE('',(#8980),#8991,.T.);
#8980 = FACE_BOUND('',#8981,.T.);
#8981 = EDGE_LOOP('',(#8982,#8988,#8989,#8990));
#8982 = ORIENTED_EDGE('',*,*,#8983,.F.);
#8983 = EDGE_CURVE('',#7936,#7960,#8984,.T.);
#8984 = LINE('',#8985,#8986);
#8985 = CARTESIAN_POINT('',(-0.1,-12.4,0.2));
#8986 = VECTOR('',#8987,1.);
#8987 = DIRECTION('',(1.,-1.110223024625E-16,0.));
#8988 = ORIENTED_EDGE('',*,*,#7943,.T.);
#8989 = ORIENTED_EDGE('',*,*,#7951,.T.);
#8990 = ORIENTED_EDGE('',*,*,#7959,.T.);
#8991 = PLANE('',#8992);
#8992 = AXIS2_PLACEMENT_3D('',#8993,#8994,#8995);
#8993 = CARTESIAN_POINT('',(-0.1,-13.,0.2));
#8994 = DIRECTION('',(0.,-0.,-1.));
#8995 = DIRECTION('',(-1.110223024625E-16,-1.,0.));
#8996 = ADVANCED_FACE('',(#8997),#9038,.T.);
#8997 = FACE_BOUND('',#8998,.T.);
#8998 = EDGE_LOOP('',(#8999,#9007,#9008,#9016,#9024,#9032));
#8999 = ORIENTED_EDGE('',*,*,#9000,.T.);
#9000 = EDGE_CURVE('',#9001,#7928,#9003,.T.);
#9001 = VERTEX_POINT('',#9002);
#9002 = CARTESIAN_POINT('',(-0.1,-13.,-2.5));
#9003 = LINE('',#9004,#9005);
#9004 = CARTESIAN_POINT('',(-0.1,-13.,-2.5));
#9005 = VECTOR('',#9006,1.);
#9006 = DIRECTION('',(0.,0.,1.));
#9007 = ORIENTED_EDGE('',*,*,#7935,.F.);
#9008 = ORIENTED_EDGE('',*,*,#9009,.T.);
#9009 = EDGE_CURVE('',#7936,#9010,#9012,.T.);
#9010 = VERTEX_POINT('',#9011);
#9011 = CARTESIAN_POINT('',(-0.1,-12.4,-2.5));
#9012 = LINE('',#9013,#9014);
#9013 = CARTESIAN_POINT('',(-0.1,-12.4,0.2));
#9014 = VECTOR('',#9015,1.);
#9015 = DIRECTION('',(0.,0.,-1.));
#9016 = ORIENTED_EDGE('',*,*,#9017,.T.);
#9017 = EDGE_CURVE('',#9010,#9018,#9020,.T.);
#9018 = VERTEX_POINT('',#9019);
#9019 = CARTESIAN_POINT('',(-0.1,-12.55,-3.1));
#9020 = LINE('',#9021,#9022);
#9021 = CARTESIAN_POINT('',(-0.1,-12.4,-2.5));
#9022 = VECTOR('',#9023,1.);
#9023 = DIRECTION('',(-2.692686352073E-17,-0.242535625036,
    -0.970142500145));
#9024 = ORIENTED_EDGE('',*,*,#9025,.F.);
#9025 = EDGE_CURVE('',#9026,#9018,#9028,.T.);
#9026 = VERTEX_POINT('',#9027);
#9027 = CARTESIAN_POINT('',(-0.1,-12.85,-3.1));
#9028 = LINE('',#9029,#9030);
#9029 = CARTESIAN_POINT('',(-0.1,-12.85,-3.1));
#9030 = VECTOR('',#9031,1.);
#9031 = DIRECTION('',(1.110223024625E-16,1.,0.));
#9032 = ORIENTED_EDGE('',*,*,#9033,.T.);
#9033 = EDGE_CURVE('',#9026,#9001,#9034,.T.);
#9034 = LINE('',#9035,#9036);
#9035 = CARTESIAN_POINT('',(-0.1,-12.85,-3.1));
#9036 = VECTOR('',#9037,1.);
#9037 = DIRECTION('',(-2.692686352073E-17,-0.242535625036,0.970142500145
    ));
#9038 = PLANE('',#9039);
#9039 = AXIS2_PLACEMENT_3D('',#9040,#9041,#9042);
#9040 = CARTESIAN_POINT('',(-0.1,-12.7,3.911477598424));
#9041 = DIRECTION('',(-1.,1.110223024625E-16,0.));
#9042 = DIRECTION('',(0.,0.,1.));
#9043 = ADVANCED_FACE('',(#9044),#9055,.T.);
#9044 = FACE_BOUND('',#9045,.T.);
#9045 = EDGE_LOOP('',(#9046,#9047,#9048,#9054));
#9046 = ORIENTED_EDGE('',*,*,#7983,.F.);
#9047 = ORIENTED_EDGE('',*,*,#7993,.T.);
#9048 = ORIENTED_EDGE('',*,*,#9049,.T.);
#9049 = EDGE_CURVE('',#7994,#8034,#9050,.T.);
#9050 = LINE('',#9051,#9052);
#9051 = CARTESIAN_POINT('',(-0.1,-10.46,0.2));
#9052 = VECTOR('',#9053,1.);
#9053 = DIRECTION('',(1.,-1.110223024625E-16,0.));
#9054 = ORIENTED_EDGE('',*,*,#8041,.T.);
#9055 = PLANE('',#9056);
#9056 = AXIS2_PLACEMENT_3D('',#9057,#9058,#9059);
#9057 = CARTESIAN_POINT('',(-0.1,-10.46,0.2));
#9058 = DIRECTION('',(0.,-0.,-1.));
#9059 = DIRECTION('',(-1.110223024625E-16,-1.,0.));
#9060 = ADVANCED_FACE('',(#9061),#9102,.F.);
#9061 = FACE_BOUND('',#9062,.F.);
#9062 = EDGE_LOOP('',(#9063,#9071,#9072,#9080,#9088,#9096));
#9063 = ORIENTED_EDGE('',*,*,#9064,.T.);
#9064 = EDGE_CURVE('',#9065,#8034,#9067,.T.);
#9065 = VERTEX_POINT('',#9066);
#9066 = CARTESIAN_POINT('',(0.1,-10.46,-2.5));
#9067 = LINE('',#9068,#9069);
#9068 = CARTESIAN_POINT('',(0.1,-10.46,-2.5));
#9069 = VECTOR('',#9070,1.);
#9070 = DIRECTION('',(0.,0.,1.));
#9071 = ORIENTED_EDGE('',*,*,#8033,.F.);
#9072 = ORIENTED_EDGE('',*,*,#9073,.T.);
#9073 = EDGE_CURVE('',#8026,#9074,#9076,.T.);
#9074 = VERTEX_POINT('',#9075);
#9075 = CARTESIAN_POINT('',(0.1,-9.86,-2.5));
#9076 = LINE('',#9077,#9078);
#9077 = CARTESIAN_POINT('',(0.1,-9.86,0.2));
#9078 = VECTOR('',#9079,1.);
#9079 = DIRECTION('',(0.,0.,-1.));
#9080 = ORIENTED_EDGE('',*,*,#9081,.T.);
#9081 = EDGE_CURVE('',#9074,#9082,#9084,.T.);
#9082 = VERTEX_POINT('',#9083);
#9083 = CARTESIAN_POINT('',(0.1,-10.01,-3.1));
#9084 = LINE('',#9085,#9086);
#9085 = CARTESIAN_POINT('',(0.1,-9.86,-2.5));
#9086 = VECTOR('',#9087,1.);
#9087 = DIRECTION('',(-2.692686352073E-17,-0.242535625036,
    -0.970142500145));
#9088 = ORIENTED_EDGE('',*,*,#9089,.T.);
#9089 = EDGE_CURVE('',#9082,#9090,#9092,.T.);
#9090 = VERTEX_POINT('',#9091);
#9091 = CARTESIAN_POINT('',(0.1,-10.31,-3.1));
#9092 = LINE('',#9093,#9094);
#9093 = CARTESIAN_POINT('',(0.1,-10.01,-3.1));
#9094 = VECTOR('',#9095,1.);
#9095 = DIRECTION('',(-1.110223024625E-16,-1.,0.));
#9096 = ORIENTED_EDGE('',*,*,#9097,.T.);
#9097 = EDGE_CURVE('',#9090,#9065,#9098,.T.);
#9098 = LINE('',#9099,#9100);
#9099 = CARTESIAN_POINT('',(0.1,-10.31,-3.1));
#9100 = VECTOR('',#9101,1.);
#9101 = DIRECTION('',(-2.692686352073E-17,-0.242535625036,0.970142500145
    ));
#9102 = PLANE('',#9103);
#9103 = AXIS2_PLACEMENT_3D('',#9104,#9105,#9106);
#9104 = CARTESIAN_POINT('',(0.1,-10.16,3.911477598424));
#9105 = DIRECTION('',(-1.,1.110223024625E-16,0.));
#9106 = DIRECTION('',(0.,0.,1.));
#9107 = ADVANCED_FACE('',(#9108),#9119,.T.);
#9108 = FACE_BOUND('',#9109,.T.);
#9109 = EDGE_LOOP('',(#9110,#9116,#9117,#9118));
#9110 = ORIENTED_EDGE('',*,*,#9111,.F.);
#9111 = EDGE_CURVE('',#8002,#8026,#9112,.T.);
#9112 = LINE('',#9113,#9114);
#9113 = CARTESIAN_POINT('',(-0.1,-9.86,0.2));
#9114 = VECTOR('',#9115,1.);
#9115 = DIRECTION('',(1.,-1.110223024625E-16,0.));
#9116 = ORIENTED_EDGE('',*,*,#8009,.T.);
#9117 = ORIENTED_EDGE('',*,*,#8017,.T.);
#9118 = ORIENTED_EDGE('',*,*,#8025,.T.);
#9119 = PLANE('',#9120);
#9120 = AXIS2_PLACEMENT_3D('',#9121,#9122,#9123);
#9121 = CARTESIAN_POINT('',(-0.1,-10.46,0.2));
#9122 = DIRECTION('',(0.,-0.,-1.));
#9123 = DIRECTION('',(-1.110223024625E-16,-1.,0.));
#9124 = ADVANCED_FACE('',(#9125),#9166,.T.);
#9125 = FACE_BOUND('',#9126,.T.);
#9126 = EDGE_LOOP('',(#9127,#9135,#9136,#9144,#9152,#9160));
#9127 = ORIENTED_EDGE('',*,*,#9128,.T.);
#9128 = EDGE_CURVE('',#9129,#7994,#9131,.T.);
#9129 = VERTEX_POINT('',#9130);
#9130 = CARTESIAN_POINT('',(-0.1,-10.46,-2.5));
#9131 = LINE('',#9132,#9133);
#9132 = CARTESIAN_POINT('',(-0.1,-10.46,-2.5));
#9133 = VECTOR('',#9134,1.);
#9134 = DIRECTION('',(0.,0.,1.));
#9135 = ORIENTED_EDGE('',*,*,#8001,.F.);
#9136 = ORIENTED_EDGE('',*,*,#9137,.T.);
#9137 = EDGE_CURVE('',#8002,#9138,#9140,.T.);
#9138 = VERTEX_POINT('',#9139);
#9139 = CARTESIAN_POINT('',(-0.1,-9.86,-2.5));
#9140 = LINE('',#9141,#9142);
#9141 = CARTESIAN_POINT('',(-0.1,-9.86,0.2));
#9142 = VECTOR('',#9143,1.);
#9143 = DIRECTION('',(0.,0.,-1.));
#9144 = ORIENTED_EDGE('',*,*,#9145,.T.);
#9145 = EDGE_CURVE('',#9138,#9146,#9148,.T.);
#9146 = VERTEX_POINT('',#9147);
#9147 = CARTESIAN_POINT('',(-0.1,-10.01,-3.1));
#9148 = LINE('',#9149,#9150);
#9149 = CARTESIAN_POINT('',(-0.1,-9.86,-2.5));
#9150 = VECTOR('',#9151,1.);
#9151 = DIRECTION('',(-2.692686352073E-17,-0.242535625036,
    -0.970142500145));
#9152 = ORIENTED_EDGE('',*,*,#9153,.F.);
#9153 = EDGE_CURVE('',#9154,#9146,#9156,.T.);
#9154 = VERTEX_POINT('',#9155);
#9155 = CARTESIAN_POINT('',(-0.1,-10.31,-3.1));
#9156 = LINE('',#9157,#9158);
#9157 = CARTESIAN_POINT('',(-0.1,-10.31,-3.1));
#9158 = VECTOR('',#9159,1.);
#9159 = DIRECTION('',(1.110223024625E-16,1.,0.));
#9160 = ORIENTED_EDGE('',*,*,#9161,.T.);
#9161 = EDGE_CURVE('',#9154,#9129,#9162,.T.);
#9162 = LINE('',#9163,#9164);
#9163 = CARTESIAN_POINT('',(-0.1,-10.31,-3.1));
#9164 = VECTOR('',#9165,1.);
#9165 = DIRECTION('',(-2.692686352073E-17,-0.242535625036,0.970142500145
    ));
#9166 = PLANE('',#9167);
#9167 = AXIS2_PLACEMENT_3D('',#9168,#9169,#9170);
#9168 = CARTESIAN_POINT('',(-0.1,-10.16,3.911477598424));
#9169 = DIRECTION('',(-1.,1.110223024625E-16,0.));
#9170 = DIRECTION('',(0.,0.,1.));
#9171 = ADVANCED_FACE('',(#9172),#9183,.T.);
#9172 = FACE_BOUND('',#9173,.T.);
#9173 = EDGE_LOOP('',(#9174,#9175,#9176,#9182));
#9174 = ORIENTED_EDGE('',*,*,#8049,.F.);
#9175 = ORIENTED_EDGE('',*,*,#8059,.T.);
#9176 = ORIENTED_EDGE('',*,*,#9177,.T.);
#9177 = EDGE_CURVE('',#8060,#8100,#9178,.T.);
#9178 = LINE('',#9179,#9180);
#9179 = CARTESIAN_POINT('',(-0.1,-7.92,0.2));
#9180 = VECTOR('',#9181,1.);
#9181 = DIRECTION('',(1.,-1.110223024625E-16,0.));
#9182 = ORIENTED_EDGE('',*,*,#8107,.T.);
#9183 = PLANE('',#9184);
#9184 = AXIS2_PLACEMENT_3D('',#9185,#9186,#9187);
#9185 = CARTESIAN_POINT('',(-0.1,-7.92,0.2));
#9186 = DIRECTION('',(0.,-0.,-1.));
#9187 = DIRECTION('',(-1.110223024625E-16,-1.,0.));
#9188 = ADVANCED_FACE('',(#9189),#9230,.F.);
#9189 = FACE_BOUND('',#9190,.F.);
#9190 = EDGE_LOOP('',(#9191,#9199,#9200,#9208,#9216,#9224));
#9191 = ORIENTED_EDGE('',*,*,#9192,.T.);
#9192 = EDGE_CURVE('',#9193,#8100,#9195,.T.);
#9193 = VERTEX_POINT('',#9194);
#9194 = CARTESIAN_POINT('',(0.1,-7.92,-2.5));
#9195 = LINE('',#9196,#9197);
#9196 = CARTESIAN_POINT('',(0.1,-7.92,-2.5));
#9197 = VECTOR('',#9198,1.);
#9198 = DIRECTION('',(0.,0.,1.));
#9199 = ORIENTED_EDGE('',*,*,#8099,.F.);
#9200 = ORIENTED_EDGE('',*,*,#9201,.T.);
#9201 = EDGE_CURVE('',#8092,#9202,#9204,.T.);
#9202 = VERTEX_POINT('',#9203);
#9203 = CARTESIAN_POINT('',(0.1,-7.32,-2.5));
#9204 = LINE('',#9205,#9206);
#9205 = CARTESIAN_POINT('',(0.1,-7.32,0.2));
#9206 = VECTOR('',#9207,1.);
#9207 = DIRECTION('',(0.,0.,-1.));
#9208 = ORIENTED_EDGE('',*,*,#9209,.T.);
#9209 = EDGE_CURVE('',#9202,#9210,#9212,.T.);
#9210 = VERTEX_POINT('',#9211);
#9211 = CARTESIAN_POINT('',(0.1,-7.47,-3.1));
#9212 = LINE('',#9213,#9214);
#9213 = CARTESIAN_POINT('',(0.1,-7.32,-2.5));
#9214 = VECTOR('',#9215,1.);
#9215 = DIRECTION('',(-2.692686352073E-17,-0.242535625036,
    -0.970142500145));
#9216 = ORIENTED_EDGE('',*,*,#9217,.T.);
#9217 = EDGE_CURVE('',#9210,#9218,#9220,.T.);
#9218 = VERTEX_POINT('',#9219);
#9219 = CARTESIAN_POINT('',(0.1,-7.77,-3.1));
#9220 = LINE('',#9221,#9222);
#9221 = CARTESIAN_POINT('',(0.1,-7.47,-3.1));
#9222 = VECTOR('',#9223,1.);
#9223 = DIRECTION('',(-1.110223024625E-16,-1.,0.));
#9224 = ORIENTED_EDGE('',*,*,#9225,.T.);
#9225 = EDGE_CURVE('',#9218,#9193,#9226,.T.);
#9226 = LINE('',#9227,#9228);
#9227 = CARTESIAN_POINT('',(0.1,-7.77,-3.1));
#9228 = VECTOR('',#9229,1.);
#9229 = DIRECTION('',(-2.692686352073E-17,-0.242535625036,0.970142500145
    ));
#9230 = PLANE('',#9231);
#9231 = AXIS2_PLACEMENT_3D('',#9232,#9233,#9234);
#9232 = CARTESIAN_POINT('',(0.1,-7.62,3.911477598424));
#9233 = DIRECTION('',(-1.,1.110223024625E-16,0.));
#9234 = DIRECTION('',(0.,0.,1.));
#9235 = ADVANCED_FACE('',(#9236),#9247,.T.);
#9236 = FACE_BOUND('',#9237,.T.);
#9237 = EDGE_LOOP('',(#9238,#9244,#9245,#9246));
#9238 = ORIENTED_EDGE('',*,*,#9239,.F.);
#9239 = EDGE_CURVE('',#8068,#8092,#9240,.T.);
#9240 = LINE('',#9241,#9242);
#9241 = CARTESIAN_POINT('',(-0.1,-7.32,0.2));
#9242 = VECTOR('',#9243,1.);
#9243 = DIRECTION('',(1.,-1.110223024625E-16,0.));
#9244 = ORIENTED_EDGE('',*,*,#8075,.T.);
#9245 = ORIENTED_EDGE('',*,*,#8083,.T.);
#9246 = ORIENTED_EDGE('',*,*,#8091,.T.);
#9247 = PLANE('',#9248);
#9248 = AXIS2_PLACEMENT_3D('',#9249,#9250,#9251);
#9249 = CARTESIAN_POINT('',(-0.1,-7.92,0.2));
#9250 = DIRECTION('',(0.,-0.,-1.));
#9251 = DIRECTION('',(-1.110223024625E-16,-1.,0.));
#9252 = ADVANCED_FACE('',(#9253),#9294,.T.);
#9253 = FACE_BOUND('',#9254,.T.);
#9254 = EDGE_LOOP('',(#9255,#9263,#9264,#9272,#9280,#9288));
#9255 = ORIENTED_EDGE('',*,*,#9256,.T.);
#9256 = EDGE_CURVE('',#9257,#8060,#9259,.T.);
#9257 = VERTEX_POINT('',#9258);
#9258 = CARTESIAN_POINT('',(-0.1,-7.92,-2.5));
#9259 = LINE('',#9260,#9261);
#9260 = CARTESIAN_POINT('',(-0.1,-7.92,-2.5));
#9261 = VECTOR('',#9262,1.);
#9262 = DIRECTION('',(0.,0.,1.));
#9263 = ORIENTED_EDGE('',*,*,#8067,.F.);
#9264 = ORIENTED_EDGE('',*,*,#9265,.T.);
#9265 = EDGE_CURVE('',#8068,#9266,#9268,.T.);
#9266 = VERTEX_POINT('',#9267);
#9267 = CARTESIAN_POINT('',(-0.1,-7.32,-2.5));
#9268 = LINE('',#9269,#9270);
#9269 = CARTESIAN_POINT('',(-0.1,-7.32,0.2));
#9270 = VECTOR('',#9271,1.);
#9271 = DIRECTION('',(0.,0.,-1.));
#9272 = ORIENTED_EDGE('',*,*,#9273,.T.);
#9273 = EDGE_CURVE('',#9266,#9274,#9276,.T.);
#9274 = VERTEX_POINT('',#9275);
#9275 = CARTESIAN_POINT('',(-0.1,-7.47,-3.1));
#9276 = LINE('',#9277,#9278);
#9277 = CARTESIAN_POINT('',(-0.1,-7.32,-2.5));
#9278 = VECTOR('',#9279,1.);
#9279 = DIRECTION('',(-2.692686352073E-17,-0.242535625036,
    -0.970142500145));
#9280 = ORIENTED_EDGE('',*,*,#9281,.F.);
#9281 = EDGE_CURVE('',#9282,#9274,#9284,.T.);
#9282 = VERTEX_POINT('',#9283);
#9283 = CARTESIAN_POINT('',(-0.1,-7.77,-3.1));
#9284 = LINE('',#9285,#9286);
#9285 = CARTESIAN_POINT('',(-0.1,-7.77,-3.1));
#9286 = VECTOR('',#9287,1.);
#9287 = DIRECTION('',(1.110223024625E-16,1.,0.));
#9288 = ORIENTED_EDGE('',*,*,#9289,.T.);
#9289 = EDGE_CURVE('',#9282,#9257,#9290,.T.);
#9290 = LINE('',#9291,#9292);
#9291 = CARTESIAN_POINT('',(-0.1,-7.77,-3.1));
#9292 = VECTOR('',#9293,1.);
#9293 = DIRECTION('',(-2.692686352073E-17,-0.242535625036,0.970142500145
    ));
#9294 = PLANE('',#9295);
#9295 = AXIS2_PLACEMENT_3D('',#9296,#9297,#9298);
#9296 = CARTESIAN_POINT('',(-0.1,-7.62,3.911477598424));
#9297 = DIRECTION('',(-1.,1.110223024625E-16,0.));
#9298 = DIRECTION('',(0.,0.,1.));
#9299 = ADVANCED_FACE('',(#9300),#9311,.T.);
#9300 = FACE_BOUND('',#9301,.T.);
#9301 = EDGE_LOOP('',(#9302,#9303,#9304,#9310));
#9302 = ORIENTED_EDGE('',*,*,#8115,.F.);
#9303 = ORIENTED_EDGE('',*,*,#8125,.T.);
#9304 = ORIENTED_EDGE('',*,*,#9305,.T.);
#9305 = EDGE_CURVE('',#8126,#8166,#9306,.T.);
#9306 = LINE('',#9307,#9308);
#9307 = CARTESIAN_POINT('',(-0.1,-5.38,0.2));
#9308 = VECTOR('',#9309,1.);
#9309 = DIRECTION('',(1.,-1.110223024625E-16,0.));
#9310 = ORIENTED_EDGE('',*,*,#8173,.T.);
#9311 = PLANE('',#9312);
#9312 = AXIS2_PLACEMENT_3D('',#9313,#9314,#9315);
#9313 = CARTESIAN_POINT('',(-0.1,-5.38,0.2));
#9314 = DIRECTION('',(0.,-0.,-1.));
#9315 = DIRECTION('',(-1.110223024625E-16,-1.,0.));
#9316 = ADVANCED_FACE('',(#9317),#9358,.F.);
#9317 = FACE_BOUND('',#9318,.F.);
#9318 = EDGE_LOOP('',(#9319,#9327,#9328,#9336,#9344,#9352));
#9319 = ORIENTED_EDGE('',*,*,#9320,.T.);
#9320 = EDGE_CURVE('',#9321,#8166,#9323,.T.);
#9321 = VERTEX_POINT('',#9322);
#9322 = CARTESIAN_POINT('',(0.1,-5.38,-2.5));
#9323 = LINE('',#9324,#9325);
#9324 = CARTESIAN_POINT('',(0.1,-5.38,-2.5));
#9325 = VECTOR('',#9326,1.);
#9326 = DIRECTION('',(0.,0.,1.));
#9327 = ORIENTED_EDGE('',*,*,#8165,.F.);
#9328 = ORIENTED_EDGE('',*,*,#9329,.T.);
#9329 = EDGE_CURVE('',#8158,#9330,#9332,.T.);
#9330 = VERTEX_POINT('',#9331);
#9331 = CARTESIAN_POINT('',(0.1,-4.78,-2.5));
#9332 = LINE('',#9333,#9334);
#9333 = CARTESIAN_POINT('',(0.1,-4.78,0.2));
#9334 = VECTOR('',#9335,1.);
#9335 = DIRECTION('',(0.,0.,-1.));
#9336 = ORIENTED_EDGE('',*,*,#9337,.T.);
#9337 = EDGE_CURVE('',#9330,#9338,#9340,.T.);
#9338 = VERTEX_POINT('',#9339);
#9339 = CARTESIAN_POINT('',(0.1,-4.93,-3.1));
#9340 = LINE('',#9341,#9342);
#9341 = CARTESIAN_POINT('',(0.1,-4.78,-2.5));
#9342 = VECTOR('',#9343,1.);
#9343 = DIRECTION('',(-2.692686352073E-17,-0.242535625036,
    -0.970142500145));
#9344 = ORIENTED_EDGE('',*,*,#9345,.T.);
#9345 = EDGE_CURVE('',#9338,#9346,#9348,.T.);
#9346 = VERTEX_POINT('',#9347);
#9347 = CARTESIAN_POINT('',(0.1,-5.23,-3.1));
#9348 = LINE('',#9349,#9350);
#9349 = CARTESIAN_POINT('',(0.1,-4.93,-3.1));
#9350 = VECTOR('',#9351,1.);
#9351 = DIRECTION('',(-1.110223024625E-16,-1.,0.));
#9352 = ORIENTED_EDGE('',*,*,#9353,.T.);
#9353 = EDGE_CURVE('',#9346,#9321,#9354,.T.);
#9354 = LINE('',#9355,#9356);
#9355 = CARTESIAN_POINT('',(0.1,-5.23,-3.1));
#9356 = VECTOR('',#9357,1.);
#9357 = DIRECTION('',(-2.692686352073E-17,-0.242535625036,0.970142500145
    ));
#9358 = PLANE('',#9359);
#9359 = AXIS2_PLACEMENT_3D('',#9360,#9361,#9362);
#9360 = CARTESIAN_POINT('',(0.1,-5.08,3.911477598424));
#9361 = DIRECTION('',(-1.,1.110223024625E-16,0.));
#9362 = DIRECTION('',(0.,0.,1.));
#9363 = ADVANCED_FACE('',(#9364),#9375,.T.);
#9364 = FACE_BOUND('',#9365,.T.);
#9365 = EDGE_LOOP('',(#9366,#9372,#9373,#9374));
#9366 = ORIENTED_EDGE('',*,*,#9367,.F.);
#9367 = EDGE_CURVE('',#8134,#8158,#9368,.T.);
#9368 = LINE('',#9369,#9370);
#9369 = CARTESIAN_POINT('',(-0.1,-4.78,0.2));
#9370 = VECTOR('',#9371,1.);
#9371 = DIRECTION('',(1.,-1.110223024625E-16,0.));
#9372 = ORIENTED_EDGE('',*,*,#8141,.T.);
#9373 = ORIENTED_EDGE('',*,*,#8149,.T.);
#9374 = ORIENTED_EDGE('',*,*,#8157,.T.);
#9375 = PLANE('',#9376);
#9376 = AXIS2_PLACEMENT_3D('',#9377,#9378,#9379);
#9377 = CARTESIAN_POINT('',(-0.1,-5.38,0.2));
#9378 = DIRECTION('',(0.,-0.,-1.));
#9379 = DIRECTION('',(-1.110223024625E-16,-1.,0.));
#9380 = ADVANCED_FACE('',(#9381),#9422,.T.);
#9381 = FACE_BOUND('',#9382,.T.);
#9382 = EDGE_LOOP('',(#9383,#9391,#9392,#9400,#9408,#9416));
#9383 = ORIENTED_EDGE('',*,*,#9384,.T.);
#9384 = EDGE_CURVE('',#9385,#8126,#9387,.T.);
#9385 = VERTEX_POINT('',#9386);
#9386 = CARTESIAN_POINT('',(-0.1,-5.38,-2.5));
#9387 = LINE('',#9388,#9389);
#9388 = CARTESIAN_POINT('',(-0.1,-5.38,-2.5));
#9389 = VECTOR('',#9390,1.);
#9390 = DIRECTION('',(0.,0.,1.));
#9391 = ORIENTED_EDGE('',*,*,#8133,.F.);
#9392 = ORIENTED_EDGE('',*,*,#9393,.T.);
#9393 = EDGE_CURVE('',#8134,#9394,#9396,.T.);
#9394 = VERTEX_POINT('',#9395);
#9395 = CARTESIAN_POINT('',(-0.1,-4.78,-2.5));
#9396 = LINE('',#9397,#9398);
#9397 = CARTESIAN_POINT('',(-0.1,-4.78,0.2));
#9398 = VECTOR('',#9399,1.);
#9399 = DIRECTION('',(0.,0.,-1.));
#9400 = ORIENTED_EDGE('',*,*,#9401,.T.);
#9401 = EDGE_CURVE('',#9394,#9402,#9404,.T.);
#9402 = VERTEX_POINT('',#9403);
#9403 = CARTESIAN_POINT('',(-0.1,-4.93,-3.1));
#9404 = LINE('',#9405,#9406);
#9405 = CARTESIAN_POINT('',(-0.1,-4.78,-2.5));
#9406 = VECTOR('',#9407,1.);
#9407 = DIRECTION('',(-2.692686352073E-17,-0.242535625036,
    -0.970142500145));
#9408 = ORIENTED_EDGE('',*,*,#9409,.F.);
#9409 = EDGE_CURVE('',#9410,#9402,#9412,.T.);
#9410 = VERTEX_POINT('',#9411);
#9411 = CARTESIAN_POINT('',(-0.1,-5.23,-3.1));
#9412 = LINE('',#9413,#9414);
#9413 = CARTESIAN_POINT('',(-0.1,-5.23,-3.1));
#9414 = VECTOR('',#9415,1.);
#9415 = DIRECTION('',(1.110223024625E-16,1.,0.));
#9416 = ORIENTED_EDGE('',*,*,#9417,.T.);
#9417 = EDGE_CURVE('',#9410,#9385,#9418,.T.);
#9418 = LINE('',#9419,#9420);
#9419 = CARTESIAN_POINT('',(-0.1,-5.23,-3.1));
#9420 = VECTOR('',#9421,1.);
#9421 = DIRECTION('',(-2.692686352073E-17,-0.242535625036,0.970142500145
    ));
#9422 = PLANE('',#9423);
#9423 = AXIS2_PLACEMENT_3D('',#9424,#9425,#9426);
#9424 = CARTESIAN_POINT('',(-0.1,-5.08,3.911477598424));
#9425 = DIRECTION('',(-1.,1.110223024625E-16,0.));
#9426 = DIRECTION('',(0.,0.,1.));
#9427 = ADVANCED_FACE('',(#9428),#9439,.T.);
#9428 = FACE_BOUND('',#9429,.T.);
#9429 = EDGE_LOOP('',(#9430,#9431,#9432,#9438));
#9430 = ORIENTED_EDGE('',*,*,#8181,.F.);
#9431 = ORIENTED_EDGE('',*,*,#8191,.T.);
#9432 = ORIENTED_EDGE('',*,*,#9433,.T.);
#9433 = EDGE_CURVE('',#8192,#8232,#9434,.T.);
#9434 = LINE('',#9435,#9436);
#9435 = CARTESIAN_POINT('',(-0.1,-2.84,0.2));
#9436 = VECTOR('',#9437,1.);
#9437 = DIRECTION('',(1.,-1.110223024625E-16,0.));
#9438 = ORIENTED_EDGE('',*,*,#8239,.T.);
#9439 = PLANE('',#9440);
#9440 = AXIS2_PLACEMENT_3D('',#9441,#9442,#9443);
#9441 = CARTESIAN_POINT('',(-0.1,-2.84,0.2));
#9442 = DIRECTION('',(0.,-0.,-1.));
#9443 = DIRECTION('',(-1.110223024625E-16,-1.,0.));
#9444 = ADVANCED_FACE('',(#9445),#9486,.F.);
#9445 = FACE_BOUND('',#9446,.F.);
#9446 = EDGE_LOOP('',(#9447,#9455,#9456,#9464,#9472,#9480));
#9447 = ORIENTED_EDGE('',*,*,#9448,.T.);
#9448 = EDGE_CURVE('',#9449,#8232,#9451,.T.);
#9449 = VERTEX_POINT('',#9450);
#9450 = CARTESIAN_POINT('',(0.1,-2.84,-2.5));
#9451 = LINE('',#9452,#9453);
#9452 = CARTESIAN_POINT('',(0.1,-2.84,-2.5));
#9453 = VECTOR('',#9454,1.);
#9454 = DIRECTION('',(0.,0.,1.));
#9455 = ORIENTED_EDGE('',*,*,#8231,.F.);
#9456 = ORIENTED_EDGE('',*,*,#9457,.T.);
#9457 = EDGE_CURVE('',#8224,#9458,#9460,.T.);
#9458 = VERTEX_POINT('',#9459);
#9459 = CARTESIAN_POINT('',(0.1,-2.24,-2.5));
#9460 = LINE('',#9461,#9462);
#9461 = CARTESIAN_POINT('',(0.1,-2.24,0.2));
#9462 = VECTOR('',#9463,1.);
#9463 = DIRECTION('',(0.,0.,-1.));
#9464 = ORIENTED_EDGE('',*,*,#9465,.T.);
#9465 = EDGE_CURVE('',#9458,#9466,#9468,.T.);
#9466 = VERTEX_POINT('',#9467);
#9467 = CARTESIAN_POINT('',(0.1,-2.39,-3.1));
#9468 = LINE('',#9469,#9470);
#9469 = CARTESIAN_POINT('',(0.1,-2.24,-2.5));
#9470 = VECTOR('',#9471,1.);
#9471 = DIRECTION('',(-2.692686352073E-17,-0.242535625036,
    -0.970142500145));
#9472 = ORIENTED_EDGE('',*,*,#9473,.T.);
#9473 = EDGE_CURVE('',#9466,#9474,#9476,.T.);
#9474 = VERTEX_POINT('',#9475);
#9475 = CARTESIAN_POINT('',(0.1,-2.69,-3.1));
#9476 = LINE('',#9477,#9478);
#9477 = CARTESIAN_POINT('',(0.1,-2.39,-3.1));
#9478 = VECTOR('',#9479,1.);
#9479 = DIRECTION('',(-1.110223024625E-16,-1.,0.));
#9480 = ORIENTED_EDGE('',*,*,#9481,.T.);
#9481 = EDGE_CURVE('',#9474,#9449,#9482,.T.);
#9482 = LINE('',#9483,#9484);
#9483 = CARTESIAN_POINT('',(0.1,-2.69,-3.1));
#9484 = VECTOR('',#9485,1.);
#9485 = DIRECTION('',(-2.692686352073E-17,-0.242535625036,0.970142500145
    ));
#9486 = PLANE('',#9487);
#9487 = AXIS2_PLACEMENT_3D('',#9488,#9489,#9490);
#9488 = CARTESIAN_POINT('',(0.1,-2.54,3.911477598424));
#9489 = DIRECTION('',(-1.,1.110223024625E-16,0.));
#9490 = DIRECTION('',(0.,0.,1.));
#9491 = ADVANCED_FACE('',(#9492),#9503,.T.);
#9492 = FACE_BOUND('',#9493,.T.);
#9493 = EDGE_LOOP('',(#9494,#9500,#9501,#9502));
#9494 = ORIENTED_EDGE('',*,*,#9495,.F.);
#9495 = EDGE_CURVE('',#8200,#8224,#9496,.T.);
#9496 = LINE('',#9497,#9498);
#9497 = CARTESIAN_POINT('',(-0.1,-2.24,0.2));
#9498 = VECTOR('',#9499,1.);
#9499 = DIRECTION('',(1.,-1.110223024625E-16,0.));
#9500 = ORIENTED_EDGE('',*,*,#8207,.T.);
#9501 = ORIENTED_EDGE('',*,*,#8215,.T.);
#9502 = ORIENTED_EDGE('',*,*,#8223,.T.);
#9503 = PLANE('',#9504);
#9504 = AXIS2_PLACEMENT_3D('',#9505,#9506,#9507);
#9505 = CARTESIAN_POINT('',(-0.1,-2.84,0.2));
#9506 = DIRECTION('',(0.,-0.,-1.));
#9507 = DIRECTION('',(-1.110223024625E-16,-1.,0.));
#9508 = ADVANCED_FACE('',(#9509),#9550,.T.);
#9509 = FACE_BOUND('',#9510,.T.);
#9510 = EDGE_LOOP('',(#9511,#9519,#9520,#9528,#9536,#9544));
#9511 = ORIENTED_EDGE('',*,*,#9512,.T.);
#9512 = EDGE_CURVE('',#9513,#8192,#9515,.T.);
#9513 = VERTEX_POINT('',#9514);
#9514 = CARTESIAN_POINT('',(-0.1,-2.84,-2.5));
#9515 = LINE('',#9516,#9517);
#9516 = CARTESIAN_POINT('',(-0.1,-2.84,-2.5));
#9517 = VECTOR('',#9518,1.);
#9518 = DIRECTION('',(0.,0.,1.));
#9519 = ORIENTED_EDGE('',*,*,#8199,.F.);
#9520 = ORIENTED_EDGE('',*,*,#9521,.T.);
#9521 = EDGE_CURVE('',#8200,#9522,#9524,.T.);
#9522 = VERTEX_POINT('',#9523);
#9523 = CARTESIAN_POINT('',(-0.1,-2.24,-2.5));
#9524 = LINE('',#9525,#9526);
#9525 = CARTESIAN_POINT('',(-0.1,-2.24,0.2));
#9526 = VECTOR('',#9527,1.);
#9527 = DIRECTION('',(0.,0.,-1.));
#9528 = ORIENTED_EDGE('',*,*,#9529,.T.);
#9529 = EDGE_CURVE('',#9522,#9530,#9532,.T.);
#9530 = VERTEX_POINT('',#9531);
#9531 = CARTESIAN_POINT('',(-0.1,-2.39,-3.1));
#9532 = LINE('',#9533,#9534);
#9533 = CARTESIAN_POINT('',(-0.1,-2.24,-2.5));
#9534 = VECTOR('',#9535,1.);
#9535 = DIRECTION('',(-2.692686352073E-17,-0.242535625036,
    -0.970142500145));
#9536 = ORIENTED_EDGE('',*,*,#9537,.F.);
#9537 = EDGE_CURVE('',#9538,#9530,#9540,.T.);
#9538 = VERTEX_POINT('',#9539);
#9539 = CARTESIAN_POINT('',(-0.1,-2.69,-3.1));
#9540 = LINE('',#9541,#9542);
#9541 = CARTESIAN_POINT('',(-0.1,-2.69,-3.1));
#9542 = VECTOR('',#9543,1.);
#9543 = DIRECTION('',(1.110223024625E-16,1.,0.));
#9544 = ORIENTED_EDGE('',*,*,#9545,.T.);
#9545 = EDGE_CURVE('',#9538,#9513,#9546,.T.);
#9546 = LINE('',#9547,#9548);
#9547 = CARTESIAN_POINT('',(-0.1,-2.69,-3.1));
#9548 = VECTOR('',#9549,1.);
#9549 = DIRECTION('',(-2.692686352073E-17,-0.242535625036,0.970142500145
    ));
#9550 = PLANE('',#9551);
#9551 = AXIS2_PLACEMENT_3D('',#9552,#9553,#9554);
#9552 = CARTESIAN_POINT('',(-0.1,-2.54,3.911477598424));
#9553 = DIRECTION('',(-1.,1.110223024625E-16,0.));
#9554 = DIRECTION('',(0.,0.,1.));
#9555 = ADVANCED_FACE('',(#9556),#9567,.T.);
#9556 = FACE_BOUND('',#9557,.T.);
#9557 = EDGE_LOOP('',(#9558,#9559,#9560,#9566));
#9558 = ORIENTED_EDGE('',*,*,#8247,.F.);
#9559 = ORIENTED_EDGE('',*,*,#8257,.T.);
#9560 = ORIENTED_EDGE('',*,*,#9561,.T.);
#9561 = EDGE_CURVE('',#8258,#8298,#9562,.T.);
#9562 = LINE('',#9563,#9564);
#9563 = CARTESIAN_POINT('',(-0.1,-0.3,0.2));
#9564 = VECTOR('',#9565,1.);
#9565 = DIRECTION('',(1.,-1.110223024625E-16,0.));
#9566 = ORIENTED_EDGE('',*,*,#8305,.T.);
#9567 = PLANE('',#9568);
#9568 = AXIS2_PLACEMENT_3D('',#9569,#9570,#9571);
#9569 = CARTESIAN_POINT('',(-0.1,-0.3,0.2));
#9570 = DIRECTION('',(0.,-0.,-1.));
#9571 = DIRECTION('',(-1.110223024625E-16,-1.,0.));
#9572 = ADVANCED_FACE('',(#9573),#9614,.F.);
#9573 = FACE_BOUND('',#9574,.F.);
#9574 = EDGE_LOOP('',(#9575,#9583,#9584,#9592,#9600,#9608));
#9575 = ORIENTED_EDGE('',*,*,#9576,.T.);
#9576 = EDGE_CURVE('',#9577,#8298,#9579,.T.);
#9577 = VERTEX_POINT('',#9578);
#9578 = CARTESIAN_POINT('',(0.1,-0.3,-2.5));
#9579 = LINE('',#9580,#9581);
#9580 = CARTESIAN_POINT('',(0.1,-0.3,-2.5));
#9581 = VECTOR('',#9582,1.);
#9582 = DIRECTION('',(0.,0.,1.));
#9583 = ORIENTED_EDGE('',*,*,#8297,.F.);
#9584 = ORIENTED_EDGE('',*,*,#9585,.T.);
#9585 = EDGE_CURVE('',#8290,#9586,#9588,.T.);
#9586 = VERTEX_POINT('',#9587);
#9587 = CARTESIAN_POINT('',(0.1,0.3,-2.5));
#9588 = LINE('',#9589,#9590);
#9589 = CARTESIAN_POINT('',(0.1,0.3,0.2));
#9590 = VECTOR('',#9591,1.);
#9591 = DIRECTION('',(0.,0.,-1.));
#9592 = ORIENTED_EDGE('',*,*,#9593,.T.);
#9593 = EDGE_CURVE('',#9586,#9594,#9596,.T.);
#9594 = VERTEX_POINT('',#9595);
#9595 = CARTESIAN_POINT('',(0.1,0.15,-3.1));
#9596 = LINE('',#9597,#9598);
#9597 = CARTESIAN_POINT('',(0.1,0.3,-2.5));
#9598 = VECTOR('',#9599,1.);
#9599 = DIRECTION('',(-2.692686352073E-17,-0.242535625036,
    -0.970142500145));
#9600 = ORIENTED_EDGE('',*,*,#9601,.T.);
#9601 = EDGE_CURVE('',#9594,#9602,#9604,.T.);
#9602 = VERTEX_POINT('',#9603);
#9603 = CARTESIAN_POINT('',(0.1,-0.15,-3.1));
#9604 = LINE('',#9605,#9606);
#9605 = CARTESIAN_POINT('',(0.1,0.15,-3.1));
#9606 = VECTOR('',#9607,1.);
#9607 = DIRECTION('',(-1.110223024625E-16,-1.,0.));
#9608 = ORIENTED_EDGE('',*,*,#9609,.T.);
#9609 = EDGE_CURVE('',#9602,#9577,#9610,.T.);
#9610 = LINE('',#9611,#9612);
#9611 = CARTESIAN_POINT('',(0.1,-0.15,-3.1));
#9612 = VECTOR('',#9613,1.);
#9613 = DIRECTION('',(-2.692686352073E-17,-0.242535625036,0.970142500145
    ));
#9614 = PLANE('',#9615);
#9615 = AXIS2_PLACEMENT_3D('',#9616,#9617,#9618);
#9616 = CARTESIAN_POINT('',(0.1,-1.110223024625E-17,3.911477598424));
#9617 = DIRECTION('',(-1.,1.110223024625E-16,0.));
#9618 = DIRECTION('',(0.,0.,1.));
#9619 = ADVANCED_FACE('',(#9620),#9631,.T.);
#9620 = FACE_BOUND('',#9621,.T.);
#9621 = EDGE_LOOP('',(#9622,#9628,#9629,#9630));
#9622 = ORIENTED_EDGE('',*,*,#9623,.F.);
#9623 = EDGE_CURVE('',#8266,#8290,#9624,.T.);
#9624 = LINE('',#9625,#9626);
#9625 = CARTESIAN_POINT('',(-0.1,0.3,0.2));
#9626 = VECTOR('',#9627,1.);
#9627 = DIRECTION('',(1.,-1.110223024625E-16,0.));
#9628 = ORIENTED_EDGE('',*,*,#8273,.T.);
#9629 = ORIENTED_EDGE('',*,*,#8281,.T.);
#9630 = ORIENTED_EDGE('',*,*,#8289,.T.);
#9631 = PLANE('',#9632);
#9632 = AXIS2_PLACEMENT_3D('',#9633,#9634,#9635);
#9633 = CARTESIAN_POINT('',(-0.1,-0.3,0.2));
#9634 = DIRECTION('',(0.,-0.,-1.));
#9635 = DIRECTION('',(-1.110223024625E-16,-1.,0.));
#9636 = ADVANCED_FACE('',(#9637),#9678,.T.);
#9637 = FACE_BOUND('',#9638,.T.);
#9638 = EDGE_LOOP('',(#9639,#9647,#9648,#9656,#9664,#9672));
#9639 = ORIENTED_EDGE('',*,*,#9640,.T.);
#9640 = EDGE_CURVE('',#9641,#8258,#9643,.T.);
#9641 = VERTEX_POINT('',#9642);
#9642 = CARTESIAN_POINT('',(-0.1,-0.3,-2.5));
#9643 = LINE('',#9644,#9645);
#9644 = CARTESIAN_POINT('',(-0.1,-0.3,-2.5));
#9645 = VECTOR('',#9646,1.);
#9646 = DIRECTION('',(0.,0.,1.));
#9647 = ORIENTED_EDGE('',*,*,#8265,.F.);
#9648 = ORIENTED_EDGE('',*,*,#9649,.T.);
#9649 = EDGE_CURVE('',#8266,#9650,#9652,.T.);
#9650 = VERTEX_POINT('',#9651);
#9651 = CARTESIAN_POINT('',(-0.1,0.3,-2.5));
#9652 = LINE('',#9653,#9654);
#9653 = CARTESIAN_POINT('',(-0.1,0.3,0.2));
#9654 = VECTOR('',#9655,1.);
#9655 = DIRECTION('',(0.,0.,-1.));
#9656 = ORIENTED_EDGE('',*,*,#9657,.T.);
#9657 = EDGE_CURVE('',#9650,#9658,#9660,.T.);
#9658 = VERTEX_POINT('',#9659);
#9659 = CARTESIAN_POINT('',(-0.1,0.15,-3.1));
#9660 = LINE('',#9661,#9662);
#9661 = CARTESIAN_POINT('',(-0.1,0.3,-2.5));
#9662 = VECTOR('',#9663,1.);
#9663 = DIRECTION('',(-2.692686352073E-17,-0.242535625036,
    -0.970142500145));
#9664 = ORIENTED_EDGE('',*,*,#9665,.F.);
#9665 = EDGE_CURVE('',#9666,#9658,#9668,.T.);
#9666 = VERTEX_POINT('',#9667);
#9667 = CARTESIAN_POINT('',(-0.1,-0.15,-3.1));
#9668 = LINE('',#9669,#9670);
#9669 = CARTESIAN_POINT('',(-0.1,-0.15,-3.1));
#9670 = VECTOR('',#9671,1.);
#9671 = DIRECTION('',(1.110223024625E-16,1.,0.));
#9672 = ORIENTED_EDGE('',*,*,#9673,.T.);
#9673 = EDGE_CURVE('',#9666,#9641,#9674,.T.);
#9674 = LINE('',#9675,#9676);
#9675 = CARTESIAN_POINT('',(-0.1,-0.15,-3.1));
#9676 = VECTOR('',#9677,1.);
#9677 = DIRECTION('',(-2.692686352073E-17,-0.242535625036,0.970142500145
    ));
#9678 = PLANE('',#9679);
#9679 = AXIS2_PLACEMENT_3D('',#9680,#9681,#9682);
#9680 = CARTESIAN_POINT('',(-0.1,1.110223024625E-17,3.911477598424));
#9681 = DIRECTION('',(-1.,1.110223024625E-16,0.));
#9682 = DIRECTION('',(0.,0.,1.));
#9683 = ADVANCED_FACE('',(#9684),#9709,.F.);
#9684 = FACE_BOUND('',#9685,.F.);
#9685 = EDGE_LOOP('',(#9686,#9694,#9702,#9708));
#9686 = ORIENTED_EDGE('',*,*,#9687,.T.);
#9687 = EDGE_CURVE('',#8344,#9688,#9690,.T.);
#9688 = VERTEX_POINT('',#9689);
#9689 = CARTESIAN_POINT('',(0.3,-13.,0.9));
#9690 = LINE('',#9691,#9692);
#9691 = CARTESIAN_POINT('',(0.3,-13.,8.2));
#9692 = VECTOR('',#9693,1.);
#9693 = DIRECTION('',(0.,-0.,-1.));
#9694 = ORIENTED_EDGE('',*,*,#9695,.T.);
#9695 = EDGE_CURVE('',#9688,#9696,#9698,.T.);
#9696 = VERTEX_POINT('',#9697);
#9697 = CARTESIAN_POINT('',(0.3,-12.4,0.9));
#9698 = LINE('',#9699,#9700);
#9699 = CARTESIAN_POINT('',(0.3,-13.,0.9));
#9700 = VECTOR('',#9701,1.);
#9701 = DIRECTION('',(1.110223024625E-16,1.,0.));
#9702 = ORIENTED_EDGE('',*,*,#9703,.F.);
#9703 = EDGE_CURVE('',#8353,#9696,#9704,.T.);
#9704 = LINE('',#9705,#9706);
#9705 = CARTESIAN_POINT('',(0.3,-12.4,8.2));
#9706 = VECTOR('',#9707,1.);
#9707 = DIRECTION('',(0.,-0.,-1.));
#9708 = ORIENTED_EDGE('',*,*,#8360,.F.);
#9709 = PLANE('',#9710);
#9710 = AXIS2_PLACEMENT_3D('',#9711,#9712,#9713);
#9711 = CARTESIAN_POINT('',(0.3,-13.,8.2));
#9712 = DIRECTION('',(1.,-1.110223024625E-16,0.));
#9713 = DIRECTION('',(1.110223024625E-16,1.,0.));
#9714 = ADVANCED_FACE('',(#9715),#9765,.F.);
#9715 = FACE_BOUND('',#9716,.F.);
#9716 = EDGE_LOOP('',(#9717,#9718,#9719,#9727,#9735,#9743,#9751,#9759));
#9717 = ORIENTED_EDGE('',*,*,#8384,.F.);
#9718 = ORIENTED_EDGE('',*,*,#9703,.T.);
#9719 = ORIENTED_EDGE('',*,*,#9720,.T.);
#9720 = EDGE_CURVE('',#9696,#9721,#9723,.T.);
#9721 = VERTEX_POINT('',#9722);
#9722 = CARTESIAN_POINT('',(0.1,-12.4,0.9));
#9723 = LINE('',#9724,#9725);
#9724 = CARTESIAN_POINT('',(0.3,-12.4,0.9));
#9725 = VECTOR('',#9726,1.);
#9726 = DIRECTION('',(-1.,1.110223024625E-16,0.));
#9727 = ORIENTED_EDGE('',*,*,#9728,.T.);
#9728 = EDGE_CURVE('',#9721,#9729,#9731,.T.);
#9729 = VERTEX_POINT('',#9730);
#9730 = CARTESIAN_POINT('',(0.1,-12.4,7.4));
#9731 = LINE('',#9732,#9733);
#9732 = CARTESIAN_POINT('',(0.1,-12.4,6.055738799212));
#9733 = VECTOR('',#9734,1.);
#9734 = DIRECTION('',(0.,-0.,1.));
#9735 = ORIENTED_EDGE('',*,*,#9736,.F.);
#9736 = EDGE_CURVE('',#9737,#9729,#9739,.T.);
#9737 = VERTEX_POINT('',#9738);
#9738 = CARTESIAN_POINT('',(-0.1,-12.4,7.4));
#9739 = LINE('',#9740,#9741);
#9740 = CARTESIAN_POINT('',(-0.1,-12.4,7.4));
#9741 = VECTOR('',#9742,1.);
#9742 = DIRECTION('',(1.,-1.110223024625E-16,0.));
#9743 = ORIENTED_EDGE('',*,*,#9744,.F.);
#9744 = EDGE_CURVE('',#9745,#9737,#9747,.T.);
#9745 = VERTEX_POINT('',#9746);
#9746 = CARTESIAN_POINT('',(-0.1,-12.4,0.9));
#9747 = LINE('',#9748,#9749);
#9748 = CARTESIAN_POINT('',(-0.1,-12.4,6.055738799212));
#9749 = VECTOR('',#9750,1.);
#9750 = DIRECTION('',(0.,-0.,1.));
#9751 = ORIENTED_EDGE('',*,*,#9752,.T.);
#9752 = EDGE_CURVE('',#9745,#9753,#9755,.T.);
#9753 = VERTEX_POINT('',#9754);
#9754 = CARTESIAN_POINT('',(-0.3,-12.4,0.9));
#9755 = LINE('',#9756,#9757);
#9756 = CARTESIAN_POINT('',(0.3,-12.4,0.9));
#9757 = VECTOR('',#9758,1.);
#9758 = DIRECTION('',(-1.,1.110223024625E-16,0.));
#9759 = ORIENTED_EDGE('',*,*,#9760,.F.);
#9760 = EDGE_CURVE('',#8377,#9753,#9761,.T.);
#9761 = LINE('',#9762,#9763);
#9762 = CARTESIAN_POINT('',(-0.3,-12.4,8.2));
#9763 = VECTOR('',#9764,1.);
#9764 = DIRECTION('',(0.,-0.,-1.));
#9765 = PLANE('',#9766);
#9766 = AXIS2_PLACEMENT_3D('',#9767,#9768,#9769);
#9767 = CARTESIAN_POINT('',(0.3,-12.4,8.2));
#9768 = DIRECTION('',(1.110223024625E-16,1.,0.));
#9769 = DIRECTION('',(-1.,1.110223024625E-16,0.));
#9770 = ADVANCED_FACE('',(#9771),#9789,.F.);
#9771 = FACE_BOUND('',#9772,.F.);
#9772 = EDGE_LOOP('',(#9773,#9774,#9782,#9788));
#9773 = ORIENTED_EDGE('',*,*,#9760,.T.);
#9774 = ORIENTED_EDGE('',*,*,#9775,.T.);
#9775 = EDGE_CURVE('',#9753,#9776,#9778,.T.);
#9776 = VERTEX_POINT('',#9777);
#9777 = CARTESIAN_POINT('',(-0.3,-13.,0.9));
#9778 = LINE('',#9779,#9780);
#9779 = CARTESIAN_POINT('',(-0.3,-12.4,0.9));
#9780 = VECTOR('',#9781,1.);
#9781 = DIRECTION('',(-1.110223024625E-16,-1.,0.));
#9782 = ORIENTED_EDGE('',*,*,#9783,.F.);
#9783 = EDGE_CURVE('',#8401,#9776,#9784,.T.);
#9784 = LINE('',#9785,#9786);
#9785 = CARTESIAN_POINT('',(-0.3,-13.,8.2));
#9786 = VECTOR('',#9787,1.);
#9787 = DIRECTION('',(0.,-0.,-1.));
#9788 = ORIENTED_EDGE('',*,*,#8408,.F.);
#9789 = PLANE('',#9790);
#9790 = AXIS2_PLACEMENT_3D('',#9791,#9792,#9793);
#9791 = CARTESIAN_POINT('',(-0.3,-12.4,8.2));
#9792 = DIRECTION('',(-1.,1.110223024625E-16,0.));
#9793 = DIRECTION('',(-1.110223024625E-16,-1.,0.));
#9794 = ADVANCED_FACE('',(#9795),#9838,.F.);
#9795 = FACE_BOUND('',#9796,.F.);
#9796 = EDGE_LOOP('',(#9797,#9798,#9799,#9807,#9815,#9823,#9831,#9837));
#9797 = ORIENTED_EDGE('',*,*,#8425,.F.);
#9798 = ORIENTED_EDGE('',*,*,#9783,.T.);
#9799 = ORIENTED_EDGE('',*,*,#9800,.T.);
#9800 = EDGE_CURVE('',#9776,#9801,#9803,.T.);
#9801 = VERTEX_POINT('',#9802);
#9802 = CARTESIAN_POINT('',(-0.1,-13.,0.9));
#9803 = LINE('',#9804,#9805);
#9804 = CARTESIAN_POINT('',(-0.3,-13.,0.9));
#9805 = VECTOR('',#9806,1.);
#9806 = DIRECTION('',(1.,-1.110223024625E-16,0.));
#9807 = ORIENTED_EDGE('',*,*,#9808,.F.);
#9808 = EDGE_CURVE('',#9809,#9801,#9811,.T.);
#9809 = VERTEX_POINT('',#9810);
#9810 = CARTESIAN_POINT('',(-0.1,-13.,7.4));
#9811 = LINE('',#9812,#9813);
#9812 = CARTESIAN_POINT('',(-0.1,-13.,6.055738799212));
#9813 = VECTOR('',#9814,1.);
#9814 = DIRECTION('',(-0.,0.,-1.));
#9815 = ORIENTED_EDGE('',*,*,#9816,.T.);
#9816 = EDGE_CURVE('',#9809,#9817,#9819,.T.);
#9817 = VERTEX_POINT('',#9818);
#9818 = CARTESIAN_POINT('',(0.1,-13.,7.4));
#9819 = LINE('',#9820,#9821);
#9820 = CARTESIAN_POINT('',(-0.1,-13.,7.4));
#9821 = VECTOR('',#9822,1.);
#9822 = DIRECTION('',(1.,-1.110223024625E-16,0.));
#9823 = ORIENTED_EDGE('',*,*,#9824,.T.);
#9824 = EDGE_CURVE('',#9817,#9825,#9827,.T.);
#9825 = VERTEX_POINT('',#9826);
#9826 = CARTESIAN_POINT('',(0.1,-13.,0.9));
#9827 = LINE('',#9828,#9829);
#9828 = CARTESIAN_POINT('',(0.1,-13.,6.055738799212));
#9829 = VECTOR('',#9830,1.);
#9830 = DIRECTION('',(-0.,0.,-1.));
#9831 = ORIENTED_EDGE('',*,*,#9832,.T.);
#9832 = EDGE_CURVE('',#9825,#9688,#9833,.T.);
#9833 = LINE('',#9834,#9835);
#9834 = CARTESIAN_POINT('',(-0.3,-13.,0.9));
#9835 = VECTOR('',#9836,1.);
#9836 = DIRECTION('',(1.,-1.110223024625E-16,0.));
#9837 = ORIENTED_EDGE('',*,*,#9687,.F.);
#9838 = PLANE('',#9839);
#9839 = AXIS2_PLACEMENT_3D('',#9840,#9841,#9842);
#9840 = CARTESIAN_POINT('',(-0.3,-13.,8.2));
#9841 = DIRECTION('',(-1.110223024625E-16,-1.,0.));
#9842 = DIRECTION('',(1.,-1.110223024625E-16,0.));
#9843 = ADVANCED_FACE('',(#9844),#9869,.F.);
#9844 = FACE_BOUND('',#9845,.F.);
#9845 = EDGE_LOOP('',(#9846,#9854,#9862,#9868));
#9846 = ORIENTED_EDGE('',*,*,#9847,.T.);
#9847 = EDGE_CURVE('',#8440,#9848,#9850,.T.);
#9848 = VERTEX_POINT('',#9849);
#9849 = CARTESIAN_POINT('',(0.3,-10.46,0.9));
#9850 = LINE('',#9851,#9852);
#9851 = CARTESIAN_POINT('',(0.3,-10.46,8.2));
#9852 = VECTOR('',#9853,1.);
#9853 = DIRECTION('',(0.,-0.,-1.));
#9854 = ORIENTED_EDGE('',*,*,#9855,.T.);
#9855 = EDGE_CURVE('',#9848,#9856,#9858,.T.);
#9856 = VERTEX_POINT('',#9857);
#9857 = CARTESIAN_POINT('',(0.3,-9.86,0.9));
#9858 = LINE('',#9859,#9860);
#9859 = CARTESIAN_POINT('',(0.3,-10.46,0.9));
#9860 = VECTOR('',#9861,1.);
#9861 = DIRECTION('',(1.110223024625E-16,1.,0.));
#9862 = ORIENTED_EDGE('',*,*,#9863,.F.);
#9863 = EDGE_CURVE('',#8449,#9856,#9864,.T.);
#9864 = LINE('',#9865,#9866);
#9865 = CARTESIAN_POINT('',(0.3,-9.86,8.2));
#9866 = VECTOR('',#9867,1.);
#9867 = DIRECTION('',(0.,-0.,-1.));
#9868 = ORIENTED_EDGE('',*,*,#8456,.F.);
#9869 = PLANE('',#9870);
#9870 = AXIS2_PLACEMENT_3D('',#9871,#9872,#9873);
#9871 = CARTESIAN_POINT('',(0.3,-10.46,8.2));
#9872 = DIRECTION('',(1.,-1.110223024625E-16,0.));
#9873 = DIRECTION('',(1.110223024625E-16,1.,0.));
#9874 = ADVANCED_FACE('',(#9875),#9925,.F.);
#9875 = FACE_BOUND('',#9876,.F.);
#9876 = EDGE_LOOP('',(#9877,#9878,#9879,#9887,#9895,#9903,#9911,#9919));
#9877 = ORIENTED_EDGE('',*,*,#8480,.F.);
#9878 = ORIENTED_EDGE('',*,*,#9863,.T.);
#9879 = ORIENTED_EDGE('',*,*,#9880,.T.);
#9880 = EDGE_CURVE('',#9856,#9881,#9883,.T.);
#9881 = VERTEX_POINT('',#9882);
#9882 = CARTESIAN_POINT('',(0.1,-9.86,0.9));
#9883 = LINE('',#9884,#9885);
#9884 = CARTESIAN_POINT('',(0.3,-9.86,0.9));
#9885 = VECTOR('',#9886,1.);
#9886 = DIRECTION('',(-1.,1.110223024625E-16,0.));
#9887 = ORIENTED_EDGE('',*,*,#9888,.T.);
#9888 = EDGE_CURVE('',#9881,#9889,#9891,.T.);
#9889 = VERTEX_POINT('',#9890);
#9890 = CARTESIAN_POINT('',(0.1,-9.86,7.4));
#9891 = LINE('',#9892,#9893);
#9892 = CARTESIAN_POINT('',(0.1,-9.86,6.055738799212));
#9893 = VECTOR('',#9894,1.);
#9894 = DIRECTION('',(0.,-0.,1.));
#9895 = ORIENTED_EDGE('',*,*,#9896,.F.);
#9896 = EDGE_CURVE('',#9897,#9889,#9899,.T.);
#9897 = VERTEX_POINT('',#9898);
#9898 = CARTESIAN_POINT('',(-0.1,-9.86,7.4));
#9899 = LINE('',#9900,#9901);
#9900 = CARTESIAN_POINT('',(-0.1,-9.86,7.4));
#9901 = VECTOR('',#9902,1.);
#9902 = DIRECTION('',(1.,-1.110223024625E-16,0.));
#9903 = ORIENTED_EDGE('',*,*,#9904,.F.);
#9904 = EDGE_CURVE('',#9905,#9897,#9907,.T.);
#9905 = VERTEX_POINT('',#9906);
#9906 = CARTESIAN_POINT('',(-0.1,-9.86,0.9));
#9907 = LINE('',#9908,#9909);
#9908 = CARTESIAN_POINT('',(-0.1,-9.86,6.055738799212));
#9909 = VECTOR('',#9910,1.);
#9910 = DIRECTION('',(0.,-0.,1.));
#9911 = ORIENTED_EDGE('',*,*,#9912,.T.);
#9912 = EDGE_CURVE('',#9905,#9913,#9915,.T.);
#9913 = VERTEX_POINT('',#9914);
#9914 = CARTESIAN_POINT('',(-0.3,-9.86,0.9));
#9915 = LINE('',#9916,#9917);
#9916 = CARTESIAN_POINT('',(0.3,-9.86,0.9));
#9917 = VECTOR('',#9918,1.);
#9918 = DIRECTION('',(-1.,1.110223024625E-16,0.));
#9919 = ORIENTED_EDGE('',*,*,#9920,.F.);
#9920 = EDGE_CURVE('',#8473,#9913,#9921,.T.);
#9921 = LINE('',#9922,#9923);
#9922 = CARTESIAN_POINT('',(-0.3,-9.86,8.2));
#9923 = VECTOR('',#9924,1.);
#9924 = DIRECTION('',(0.,-0.,-1.));
#9925 = PLANE('',#9926);
#9926 = AXIS2_PLACEMENT_3D('',#9927,#9928,#9929);
#9927 = CARTESIAN_POINT('',(0.3,-9.86,8.2));
#9928 = DIRECTION('',(1.110223024625E-16,1.,0.));
#9929 = DIRECTION('',(-1.,1.110223024625E-16,0.));
#9930 = ADVANCED_FACE('',(#9931),#9949,.F.);
#9931 = FACE_BOUND('',#9932,.F.);
#9932 = EDGE_LOOP('',(#9933,#9934,#9942,#9948));
#9933 = ORIENTED_EDGE('',*,*,#9920,.T.);
#9934 = ORIENTED_EDGE('',*,*,#9935,.T.);
#9935 = EDGE_CURVE('',#9913,#9936,#9938,.T.);
#9936 = VERTEX_POINT('',#9937);
#9937 = CARTESIAN_POINT('',(-0.3,-10.46,0.9));
#9938 = LINE('',#9939,#9940);
#9939 = CARTESIAN_POINT('',(-0.3,-9.86,0.9));
#9940 = VECTOR('',#9941,1.);
#9941 = DIRECTION('',(-1.110223024625E-16,-1.,0.));
#9942 = ORIENTED_EDGE('',*,*,#9943,.F.);
#9943 = EDGE_CURVE('',#8497,#9936,#9944,.T.);
#9944 = LINE('',#9945,#9946);
#9945 = CARTESIAN_POINT('',(-0.3,-10.46,8.2));
#9946 = VECTOR('',#9947,1.);
#9947 = DIRECTION('',(0.,-0.,-1.));
#9948 = ORIENTED_EDGE('',*,*,#8504,.F.);
#9949 = PLANE('',#9950);
#9950 = AXIS2_PLACEMENT_3D('',#9951,#9952,#9953);
#9951 = CARTESIAN_POINT('',(-0.3,-9.86,8.2));
#9952 = DIRECTION('',(-1.,1.110223024625E-16,0.));
#9953 = DIRECTION('',(-1.110223024625E-16,-1.,0.));
#9954 = ADVANCED_FACE('',(#9955),#9998,.F.);
#9955 = FACE_BOUND('',#9956,.F.);
#9956 = EDGE_LOOP('',(#9957,#9958,#9959,#9967,#9975,#9983,#9991,#9997));
#9957 = ORIENTED_EDGE('',*,*,#8521,.F.);
#9958 = ORIENTED_EDGE('',*,*,#9943,.T.);
#9959 = ORIENTED_EDGE('',*,*,#9960,.T.);
#9960 = EDGE_CURVE('',#9936,#9961,#9963,.T.);
#9961 = VERTEX_POINT('',#9962);
#9962 = CARTESIAN_POINT('',(-0.1,-10.46,0.9));
#9963 = LINE('',#9964,#9965);
#9964 = CARTESIAN_POINT('',(-0.3,-10.46,0.9));
#9965 = VECTOR('',#9966,1.);
#9966 = DIRECTION('',(1.,-1.110223024625E-16,0.));
#9967 = ORIENTED_EDGE('',*,*,#9968,.F.);
#9968 = EDGE_CURVE('',#9969,#9961,#9971,.T.);
#9969 = VERTEX_POINT('',#9970);
#9970 = CARTESIAN_POINT('',(-0.1,-10.46,7.4));
#9971 = LINE('',#9972,#9973);
#9972 = CARTESIAN_POINT('',(-0.1,-10.46,6.055738799212));
#9973 = VECTOR('',#9974,1.);
#9974 = DIRECTION('',(-0.,0.,-1.));
#9975 = ORIENTED_EDGE('',*,*,#9976,.T.);
#9976 = EDGE_CURVE('',#9969,#9977,#9979,.T.);
#9977 = VERTEX_POINT('',#9978);
#9978 = CARTESIAN_POINT('',(0.1,-10.46,7.4));
#9979 = LINE('',#9980,#9981);
#9980 = CARTESIAN_POINT('',(-0.1,-10.46,7.4));
#9981 = VECTOR('',#9982,1.);
#9982 = DIRECTION('',(1.,-1.110223024625E-16,0.));
#9983 = ORIENTED_EDGE('',*,*,#9984,.T.);
#9984 = EDGE_CURVE('',#9977,#9985,#9987,.T.);
#9985 = VERTEX_POINT('',#9986);
#9986 = CARTESIAN_POINT('',(0.1,-10.46,0.9));
#9987 = LINE('',#9988,#9989);
#9988 = CARTESIAN_POINT('',(0.1,-10.46,6.055738799212));
#9989 = VECTOR('',#9990,1.);
#9990 = DIRECTION('',(-0.,0.,-1.));
#9991 = ORIENTED_EDGE('',*,*,#9992,.T.);
#9992 = EDGE_CURVE('',#9985,#9848,#9993,.T.);
#9993 = LINE('',#9994,#9995);
#9994 = CARTESIAN_POINT('',(-0.3,-10.46,0.9));
#9995 = VECTOR('',#9996,1.);
#9996 = DIRECTION('',(1.,-1.110223024625E-16,0.));
#9997 = ORIENTED_EDGE('',*,*,#9847,.F.);
#9998 = PLANE('',#9999);
#9999 = AXIS2_PLACEMENT_3D('',#10000,#10001,#10002);
#10000 = CARTESIAN_POINT('',(-0.3,-10.46,8.2));
#10001 = DIRECTION('',(-1.110223024625E-16,-1.,0.));
#10002 = DIRECTION('',(1.,-1.110223024625E-16,0.));
#10003 = ADVANCED_FACE('',(#10004),#10029,.F.);
#10004 = FACE_BOUND('',#10005,.F.);
#10005 = EDGE_LOOP('',(#10006,#10014,#10022,#10028));
#10006 = ORIENTED_EDGE('',*,*,#10007,.T.);
#10007 = EDGE_CURVE('',#8536,#10008,#10010,.T.);
#10008 = VERTEX_POINT('',#10009);
#10009 = CARTESIAN_POINT('',(0.3,-7.92,0.9));
#10010 = LINE('',#10011,#10012);
#10011 = CARTESIAN_POINT('',(0.3,-7.92,8.2));
#10012 = VECTOR('',#10013,1.);
#10013 = DIRECTION('',(0.,-0.,-1.));
#10014 = ORIENTED_EDGE('',*,*,#10015,.T.);
#10015 = EDGE_CURVE('',#10008,#10016,#10018,.T.);
#10016 = VERTEX_POINT('',#10017);
#10017 = CARTESIAN_POINT('',(0.3,-7.32,0.9));
#10018 = LINE('',#10019,#10020);
#10019 = CARTESIAN_POINT('',(0.3,-7.92,0.9));
#10020 = VECTOR('',#10021,1.);
#10021 = DIRECTION('',(1.110223024625E-16,1.,0.));
#10022 = ORIENTED_EDGE('',*,*,#10023,.F.);
#10023 = EDGE_CURVE('',#8545,#10016,#10024,.T.);
#10024 = LINE('',#10025,#10026);
#10025 = CARTESIAN_POINT('',(0.3,-7.32,8.2));
#10026 = VECTOR('',#10027,1.);
#10027 = DIRECTION('',(0.,-0.,-1.));
#10028 = ORIENTED_EDGE('',*,*,#8552,.F.);
#10029 = PLANE('',#10030);
#10030 = AXIS2_PLACEMENT_3D('',#10031,#10032,#10033);
#10031 = CARTESIAN_POINT('',(0.3,-7.92,8.2));
#10032 = DIRECTION('',(1.,-1.110223024625E-16,0.));
#10033 = DIRECTION('',(1.110223024625E-16,1.,0.));
#10034 = ADVANCED_FACE('',(#10035),#10085,.F.);
#10035 = FACE_BOUND('',#10036,.F.);
#10036 = EDGE_LOOP('',(#10037,#10038,#10039,#10047,#10055,#10063,#10071,
    #10079));
#10037 = ORIENTED_EDGE('',*,*,#8576,.F.);
#10038 = ORIENTED_EDGE('',*,*,#10023,.T.);
#10039 = ORIENTED_EDGE('',*,*,#10040,.T.);
#10040 = EDGE_CURVE('',#10016,#10041,#10043,.T.);
#10041 = VERTEX_POINT('',#10042);
#10042 = CARTESIAN_POINT('',(0.1,-7.32,0.9));
#10043 = LINE('',#10044,#10045);
#10044 = CARTESIAN_POINT('',(0.3,-7.32,0.9));
#10045 = VECTOR('',#10046,1.);
#10046 = DIRECTION('',(-1.,1.110223024625E-16,0.));
#10047 = ORIENTED_EDGE('',*,*,#10048,.T.);
#10048 = EDGE_CURVE('',#10041,#10049,#10051,.T.);
#10049 = VERTEX_POINT('',#10050);
#10050 = CARTESIAN_POINT('',(0.1,-7.32,7.4));
#10051 = LINE('',#10052,#10053);
#10052 = CARTESIAN_POINT('',(0.1,-7.32,6.055738799212));
#10053 = VECTOR('',#10054,1.);
#10054 = DIRECTION('',(0.,-0.,1.));
#10055 = ORIENTED_EDGE('',*,*,#10056,.F.);
#10056 = EDGE_CURVE('',#10057,#10049,#10059,.T.);
#10057 = VERTEX_POINT('',#10058);
#10058 = CARTESIAN_POINT('',(-0.1,-7.32,7.4));
#10059 = LINE('',#10060,#10061);
#10060 = CARTESIAN_POINT('',(-0.1,-7.32,7.4));
#10061 = VECTOR('',#10062,1.);
#10062 = DIRECTION('',(1.,-1.110223024625E-16,0.));
#10063 = ORIENTED_EDGE('',*,*,#10064,.F.);
#10064 = EDGE_CURVE('',#10065,#10057,#10067,.T.);
#10065 = VERTEX_POINT('',#10066);
#10066 = CARTESIAN_POINT('',(-0.1,-7.32,0.9));
#10067 = LINE('',#10068,#10069);
#10068 = CARTESIAN_POINT('',(-0.1,-7.32,6.055738799212));
#10069 = VECTOR('',#10070,1.);
#10070 = DIRECTION('',(0.,-0.,1.));
#10071 = ORIENTED_EDGE('',*,*,#10072,.T.);
#10072 = EDGE_CURVE('',#10065,#10073,#10075,.T.);
#10073 = VERTEX_POINT('',#10074);
#10074 = CARTESIAN_POINT('',(-0.3,-7.32,0.9));
#10075 = LINE('',#10076,#10077);
#10076 = CARTESIAN_POINT('',(0.3,-7.32,0.9));
#10077 = VECTOR('',#10078,1.);
#10078 = DIRECTION('',(-1.,1.110223024625E-16,0.));
#10079 = ORIENTED_EDGE('',*,*,#10080,.F.);
#10080 = EDGE_CURVE('',#8569,#10073,#10081,.T.);
#10081 = LINE('',#10082,#10083);
#10082 = CARTESIAN_POINT('',(-0.3,-7.32,8.2));
#10083 = VECTOR('',#10084,1.);
#10084 = DIRECTION('',(0.,-0.,-1.));
#10085 = PLANE('',#10086);
#10086 = AXIS2_PLACEMENT_3D('',#10087,#10088,#10089);
#10087 = CARTESIAN_POINT('',(0.3,-7.32,8.2));
#10088 = DIRECTION('',(1.110223024625E-16,1.,0.));
#10089 = DIRECTION('',(-1.,1.110223024625E-16,0.));
#10090 = ADVANCED_FACE('',(#10091),#10109,.F.);
#10091 = FACE_BOUND('',#10092,.F.);
#10092 = EDGE_LOOP('',(#10093,#10094,#10102,#10108));
#10093 = ORIENTED_EDGE('',*,*,#10080,.T.);
#10094 = ORIENTED_EDGE('',*,*,#10095,.T.);
#10095 = EDGE_CURVE('',#10073,#10096,#10098,.T.);
#10096 = VERTEX_POINT('',#10097);
#10097 = CARTESIAN_POINT('',(-0.3,-7.92,0.9));
#10098 = LINE('',#10099,#10100);
#10099 = CARTESIAN_POINT('',(-0.3,-7.32,0.9));
#10100 = VECTOR('',#10101,1.);
#10101 = DIRECTION('',(-1.110223024625E-16,-1.,0.));
#10102 = ORIENTED_EDGE('',*,*,#10103,.F.);
#10103 = EDGE_CURVE('',#8593,#10096,#10104,.T.);
#10104 = LINE('',#10105,#10106);
#10105 = CARTESIAN_POINT('',(-0.3,-7.92,8.2));
#10106 = VECTOR('',#10107,1.);
#10107 = DIRECTION('',(0.,-0.,-1.));
#10108 = ORIENTED_EDGE('',*,*,#8600,.F.);
#10109 = PLANE('',#10110);
#10110 = AXIS2_PLACEMENT_3D('',#10111,#10112,#10113);
#10111 = CARTESIAN_POINT('',(-0.3,-7.32,8.2));
#10112 = DIRECTION('',(-1.,1.110223024625E-16,0.));
#10113 = DIRECTION('',(-1.110223024625E-16,-1.,0.));
#10114 = ADVANCED_FACE('',(#10115),#10158,.F.);
#10115 = FACE_BOUND('',#10116,.F.);
#10116 = EDGE_LOOP('',(#10117,#10118,#10119,#10127,#10135,#10143,#10151,
    #10157));
#10117 = ORIENTED_EDGE('',*,*,#8617,.F.);
#10118 = ORIENTED_EDGE('',*,*,#10103,.T.);
#10119 = ORIENTED_EDGE('',*,*,#10120,.T.);
#10120 = EDGE_CURVE('',#10096,#10121,#10123,.T.);
#10121 = VERTEX_POINT('',#10122);
#10122 = CARTESIAN_POINT('',(-0.1,-7.92,0.9));
#10123 = LINE('',#10124,#10125);
#10124 = CARTESIAN_POINT('',(-0.3,-7.92,0.9));
#10125 = VECTOR('',#10126,1.);
#10126 = DIRECTION('',(1.,-1.110223024625E-16,0.));
#10127 = ORIENTED_EDGE('',*,*,#10128,.F.);
#10128 = EDGE_CURVE('',#10129,#10121,#10131,.T.);
#10129 = VERTEX_POINT('',#10130);
#10130 = CARTESIAN_POINT('',(-0.1,-7.92,7.4));
#10131 = LINE('',#10132,#10133);
#10132 = CARTESIAN_POINT('',(-0.1,-7.92,6.055738799212));
#10133 = VECTOR('',#10134,1.);
#10134 = DIRECTION('',(-0.,0.,-1.));
#10135 = ORIENTED_EDGE('',*,*,#10136,.T.);
#10136 = EDGE_CURVE('',#10129,#10137,#10139,.T.);
#10137 = VERTEX_POINT('',#10138);
#10138 = CARTESIAN_POINT('',(0.1,-7.92,7.4));
#10139 = LINE('',#10140,#10141);
#10140 = CARTESIAN_POINT('',(-0.1,-7.92,7.4));
#10141 = VECTOR('',#10142,1.);
#10142 = DIRECTION('',(1.,-1.110223024625E-16,0.));
#10143 = ORIENTED_EDGE('',*,*,#10144,.T.);
#10144 = EDGE_CURVE('',#10137,#10145,#10147,.T.);
#10145 = VERTEX_POINT('',#10146);
#10146 = CARTESIAN_POINT('',(0.1,-7.92,0.9));
#10147 = LINE('',#10148,#10149);
#10148 = CARTESIAN_POINT('',(0.1,-7.92,6.055738799212));
#10149 = VECTOR('',#10150,1.);
#10150 = DIRECTION('',(-0.,0.,-1.));
#10151 = ORIENTED_EDGE('',*,*,#10152,.T.);
#10152 = EDGE_CURVE('',#10145,#10008,#10153,.T.);
#10153 = LINE('',#10154,#10155);
#10154 = CARTESIAN_POINT('',(-0.3,-7.92,0.9));
#10155 = VECTOR('',#10156,1.);
#10156 = DIRECTION('',(1.,-1.110223024625E-16,0.));
#10157 = ORIENTED_EDGE('',*,*,#10007,.F.);
#10158 = PLANE('',#10159);
#10159 = AXIS2_PLACEMENT_3D('',#10160,#10161,#10162);
#10160 = CARTESIAN_POINT('',(-0.3,-7.92,8.2));
#10161 = DIRECTION('',(-1.110223024625E-16,-1.,0.));
#10162 = DIRECTION('',(1.,-1.110223024625E-16,0.));
#10163 = ADVANCED_FACE('',(#10164),#10189,.F.);
#10164 = FACE_BOUND('',#10165,.F.);
#10165 = EDGE_LOOP('',(#10166,#10174,#10182,#10188));
#10166 = ORIENTED_EDGE('',*,*,#10167,.T.);
#10167 = EDGE_CURVE('',#8632,#10168,#10170,.T.);
#10168 = VERTEX_POINT('',#10169);
#10169 = CARTESIAN_POINT('',(0.3,-5.38,0.9));
#10170 = LINE('',#10171,#10172);
#10171 = CARTESIAN_POINT('',(0.3,-5.38,8.2));
#10172 = VECTOR('',#10173,1.);
#10173 = DIRECTION('',(0.,-0.,-1.));
#10174 = ORIENTED_EDGE('',*,*,#10175,.T.);
#10175 = EDGE_CURVE('',#10168,#10176,#10178,.T.);
#10176 = VERTEX_POINT('',#10177);
#10177 = CARTESIAN_POINT('',(0.3,-4.78,0.9));
#10178 = LINE('',#10179,#10180);
#10179 = CARTESIAN_POINT('',(0.3,-5.38,0.9));
#10180 = VECTOR('',#10181,1.);
#10181 = DIRECTION('',(1.110223024625E-16,1.,0.));
#10182 = ORIENTED_EDGE('',*,*,#10183,.F.);
#10183 = EDGE_CURVE('',#8641,#10176,#10184,.T.);
#10184 = LINE('',#10185,#10186);
#10185 = CARTESIAN_POINT('',(0.3,-4.78,8.2));
#10186 = VECTOR('',#10187,1.);
#10187 = DIRECTION('',(0.,-0.,-1.));
#10188 = ORIENTED_EDGE('',*,*,#8648,.F.);
#10189 = PLANE('',#10190);
#10190 = AXIS2_PLACEMENT_3D('',#10191,#10192,#10193);
#10191 = CARTESIAN_POINT('',(0.3,-5.38,8.2));
#10192 = DIRECTION('',(1.,-1.110223024625E-16,0.));
#10193 = DIRECTION('',(1.110223024625E-16,1.,0.));
#10194 = ADVANCED_FACE('',(#10195),#10245,.F.);
#10195 = FACE_BOUND('',#10196,.F.);
#10196 = EDGE_LOOP('',(#10197,#10198,#10199,#10207,#10215,#10223,#10231,
    #10239));
#10197 = ORIENTED_EDGE('',*,*,#8672,.F.);
#10198 = ORIENTED_EDGE('',*,*,#10183,.T.);
#10199 = ORIENTED_EDGE('',*,*,#10200,.T.);
#10200 = EDGE_CURVE('',#10176,#10201,#10203,.T.);
#10201 = VERTEX_POINT('',#10202);
#10202 = CARTESIAN_POINT('',(0.1,-4.78,0.9));
#10203 = LINE('',#10204,#10205);
#10204 = CARTESIAN_POINT('',(0.3,-4.78,0.9));
#10205 = VECTOR('',#10206,1.);
#10206 = DIRECTION('',(-1.,1.110223024625E-16,0.));
#10207 = ORIENTED_EDGE('',*,*,#10208,.T.);
#10208 = EDGE_CURVE('',#10201,#10209,#10211,.T.);
#10209 = VERTEX_POINT('',#10210);
#10210 = CARTESIAN_POINT('',(0.1,-4.78,7.4));
#10211 = LINE('',#10212,#10213);
#10212 = CARTESIAN_POINT('',(0.1,-4.78,6.055738799212));
#10213 = VECTOR('',#10214,1.);
#10214 = DIRECTION('',(0.,-0.,1.));
#10215 = ORIENTED_EDGE('',*,*,#10216,.F.);
#10216 = EDGE_CURVE('',#10217,#10209,#10219,.T.);
#10217 = VERTEX_POINT('',#10218);
#10218 = CARTESIAN_POINT('',(-0.1,-4.78,7.4));
#10219 = LINE('',#10220,#10221);
#10220 = CARTESIAN_POINT('',(-0.1,-4.78,7.4));
#10221 = VECTOR('',#10222,1.);
#10222 = DIRECTION('',(1.,-1.110223024625E-16,0.));
#10223 = ORIENTED_EDGE('',*,*,#10224,.F.);
#10224 = EDGE_CURVE('',#10225,#10217,#10227,.T.);
#10225 = VERTEX_POINT('',#10226);
#10226 = CARTESIAN_POINT('',(-0.1,-4.78,0.9));
#10227 = LINE('',#10228,#10229);
#10228 = CARTESIAN_POINT('',(-0.1,-4.78,6.055738799212));
#10229 = VECTOR('',#10230,1.);
#10230 = DIRECTION('',(0.,-0.,1.));
#10231 = ORIENTED_EDGE('',*,*,#10232,.T.);
#10232 = EDGE_CURVE('',#10225,#10233,#10235,.T.);
#10233 = VERTEX_POINT('',#10234);
#10234 = CARTESIAN_POINT('',(-0.3,-4.78,0.9));
#10235 = LINE('',#10236,#10237);
#10236 = CARTESIAN_POINT('',(0.3,-4.78,0.9));
#10237 = VECTOR('',#10238,1.);
#10238 = DIRECTION('',(-1.,1.110223024625E-16,0.));
#10239 = ORIENTED_EDGE('',*,*,#10240,.F.);
#10240 = EDGE_CURVE('',#8665,#10233,#10241,.T.);
#10241 = LINE('',#10242,#10243);
#10242 = CARTESIAN_POINT('',(-0.3,-4.78,8.2));
#10243 = VECTOR('',#10244,1.);
#10244 = DIRECTION('',(0.,-0.,-1.));
#10245 = PLANE('',#10246);
#10246 = AXIS2_PLACEMENT_3D('',#10247,#10248,#10249);
#10247 = CARTESIAN_POINT('',(0.3,-4.78,8.2));
#10248 = DIRECTION('',(1.110223024625E-16,1.,0.));
#10249 = DIRECTION('',(-1.,1.110223024625E-16,0.));
#10250 = ADVANCED_FACE('',(#10251),#10269,.F.);
#10251 = FACE_BOUND('',#10252,.F.);
#10252 = EDGE_LOOP('',(#10253,#10254,#10262,#10268));
#10253 = ORIENTED_EDGE('',*,*,#10240,.T.);
#10254 = ORIENTED_EDGE('',*,*,#10255,.T.);
#10255 = EDGE_CURVE('',#10233,#10256,#10258,.T.);
#10256 = VERTEX_POINT('',#10257);
#10257 = CARTESIAN_POINT('',(-0.3,-5.38,0.9));
#10258 = LINE('',#10259,#10260);
#10259 = CARTESIAN_POINT('',(-0.3,-4.78,0.9));
#10260 = VECTOR('',#10261,1.);
#10261 = DIRECTION('',(-1.110223024625E-16,-1.,0.));
#10262 = ORIENTED_EDGE('',*,*,#10263,.F.);
#10263 = EDGE_CURVE('',#8689,#10256,#10264,.T.);
#10264 = LINE('',#10265,#10266);
#10265 = CARTESIAN_POINT('',(-0.3,-5.38,8.2));
#10266 = VECTOR('',#10267,1.);
#10267 = DIRECTION('',(0.,-0.,-1.));
#10268 = ORIENTED_EDGE('',*,*,#8696,.F.);
#10269 = PLANE('',#10270);
#10270 = AXIS2_PLACEMENT_3D('',#10271,#10272,#10273);
#10271 = CARTESIAN_POINT('',(-0.3,-4.78,8.2));
#10272 = DIRECTION('',(-1.,1.110223024625E-16,0.));
#10273 = DIRECTION('',(-1.110223024625E-16,-1.,0.));
#10274 = ADVANCED_FACE('',(#10275),#10318,.F.);
#10275 = FACE_BOUND('',#10276,.F.);
#10276 = EDGE_LOOP('',(#10277,#10278,#10279,#10287,#10295,#10303,#10311,
    #10317));
#10277 = ORIENTED_EDGE('',*,*,#8713,.F.);
#10278 = ORIENTED_EDGE('',*,*,#10263,.T.);
#10279 = ORIENTED_EDGE('',*,*,#10280,.T.);
#10280 = EDGE_CURVE('',#10256,#10281,#10283,.T.);
#10281 = VERTEX_POINT('',#10282);
#10282 = CARTESIAN_POINT('',(-0.1,-5.38,0.9));
#10283 = LINE('',#10284,#10285);
#10284 = CARTESIAN_POINT('',(-0.3,-5.38,0.9));
#10285 = VECTOR('',#10286,1.);
#10286 = DIRECTION('',(1.,-1.110223024625E-16,0.));
#10287 = ORIENTED_EDGE('',*,*,#10288,.F.);
#10288 = EDGE_CURVE('',#10289,#10281,#10291,.T.);
#10289 = VERTEX_POINT('',#10290);
#10290 = CARTESIAN_POINT('',(-0.1,-5.38,7.4));
#10291 = LINE('',#10292,#10293);
#10292 = CARTESIAN_POINT('',(-0.1,-5.38,6.055738799212));
#10293 = VECTOR('',#10294,1.);
#10294 = DIRECTION('',(-0.,0.,-1.));
#10295 = ORIENTED_EDGE('',*,*,#10296,.T.);
#10296 = EDGE_CURVE('',#10289,#10297,#10299,.T.);
#10297 = VERTEX_POINT('',#10298);
#10298 = CARTESIAN_POINT('',(0.1,-5.38,7.4));
#10299 = LINE('',#10300,#10301);
#10300 = CARTESIAN_POINT('',(-0.1,-5.38,7.4));
#10301 = VECTOR('',#10302,1.);
#10302 = DIRECTION('',(1.,-1.110223024625E-16,0.));
#10303 = ORIENTED_EDGE('',*,*,#10304,.T.);
#10304 = EDGE_CURVE('',#10297,#10305,#10307,.T.);
#10305 = VERTEX_POINT('',#10306);
#10306 = CARTESIAN_POINT('',(0.1,-5.38,0.9));
#10307 = LINE('',#10308,#10309);
#10308 = CARTESIAN_POINT('',(0.1,-5.38,6.055738799212));
#10309 = VECTOR('',#10310,1.);
#10310 = DIRECTION('',(-0.,0.,-1.));
#10311 = ORIENTED_EDGE('',*,*,#10312,.T.);
#10312 = EDGE_CURVE('',#10305,#10168,#10313,.T.);
#10313 = LINE('',#10314,#10315);
#10314 = CARTESIAN_POINT('',(-0.3,-5.38,0.9));
#10315 = VECTOR('',#10316,1.);
#10316 = DIRECTION('',(1.,-1.110223024625E-16,0.));
#10317 = ORIENTED_EDGE('',*,*,#10167,.F.);
#10318 = PLANE('',#10319);
#10319 = AXIS2_PLACEMENT_3D('',#10320,#10321,#10322);
#10320 = CARTESIAN_POINT('',(-0.3,-5.38,8.2));
#10321 = DIRECTION('',(-1.110223024625E-16,-1.,0.));
#10322 = DIRECTION('',(1.,-1.110223024625E-16,0.));
#10323 = ADVANCED_FACE('',(#10324),#10349,.F.);
#10324 = FACE_BOUND('',#10325,.F.);
#10325 = EDGE_LOOP('',(#10326,#10334,#10342,#10348));
#10326 = ORIENTED_EDGE('',*,*,#10327,.T.);
#10327 = EDGE_CURVE('',#8728,#10328,#10330,.T.);
#10328 = VERTEX_POINT('',#10329);
#10329 = CARTESIAN_POINT('',(0.3,-2.84,0.9));
#10330 = LINE('',#10331,#10332);
#10331 = CARTESIAN_POINT('',(0.3,-2.84,8.2));
#10332 = VECTOR('',#10333,1.);
#10333 = DIRECTION('',(0.,-0.,-1.));
#10334 = ORIENTED_EDGE('',*,*,#10335,.T.);
#10335 = EDGE_CURVE('',#10328,#10336,#10338,.T.);
#10336 = VERTEX_POINT('',#10337);
#10337 = CARTESIAN_POINT('',(0.3,-2.24,0.9));
#10338 = LINE('',#10339,#10340);
#10339 = CARTESIAN_POINT('',(0.3,-2.84,0.9));
#10340 = VECTOR('',#10341,1.);
#10341 = DIRECTION('',(1.110223024625E-16,1.,0.));
#10342 = ORIENTED_EDGE('',*,*,#10343,.F.);
#10343 = EDGE_CURVE('',#8737,#10336,#10344,.T.);
#10344 = LINE('',#10345,#10346);
#10345 = CARTESIAN_POINT('',(0.3,-2.24,8.2));
#10346 = VECTOR('',#10347,1.);
#10347 = DIRECTION('',(0.,-0.,-1.));
#10348 = ORIENTED_EDGE('',*,*,#8744,.F.);
#10349 = PLANE('',#10350);
#10350 = AXIS2_PLACEMENT_3D('',#10351,#10352,#10353);
#10351 = CARTESIAN_POINT('',(0.3,-2.84,8.2));
#10352 = DIRECTION('',(1.,-1.110223024625E-16,0.));
#10353 = DIRECTION('',(1.110223024625E-16,1.,0.));
#10354 = ADVANCED_FACE('',(#10355),#10405,.F.);
#10355 = FACE_BOUND('',#10356,.F.);
#10356 = EDGE_LOOP('',(#10357,#10358,#10359,#10367,#10375,#10383,#10391,
    #10399));
#10357 = ORIENTED_EDGE('',*,*,#8768,.F.);
#10358 = ORIENTED_EDGE('',*,*,#10343,.T.);
#10359 = ORIENTED_EDGE('',*,*,#10360,.T.);
#10360 = EDGE_CURVE('',#10336,#10361,#10363,.T.);
#10361 = VERTEX_POINT('',#10362);
#10362 = CARTESIAN_POINT('',(0.1,-2.24,0.9));
#10363 = LINE('',#10364,#10365);
#10364 = CARTESIAN_POINT('',(0.3,-2.24,0.9));
#10365 = VECTOR('',#10366,1.);
#10366 = DIRECTION('',(-1.,1.110223024625E-16,0.));
#10367 = ORIENTED_EDGE('',*,*,#10368,.T.);
#10368 = EDGE_CURVE('',#10361,#10369,#10371,.T.);
#10369 = VERTEX_POINT('',#10370);
#10370 = CARTESIAN_POINT('',(0.1,-2.24,7.4));
#10371 = LINE('',#10372,#10373);
#10372 = CARTESIAN_POINT('',(0.1,-2.24,6.055738799212));
#10373 = VECTOR('',#10374,1.);
#10374 = DIRECTION('',(0.,-0.,1.));
#10375 = ORIENTED_EDGE('',*,*,#10376,.F.);
#10376 = EDGE_CURVE('',#10377,#10369,#10379,.T.);
#10377 = VERTEX_POINT('',#10378);
#10378 = CARTESIAN_POINT('',(-0.1,-2.24,7.4));
#10379 = LINE('',#10380,#10381);
#10380 = CARTESIAN_POINT('',(-0.1,-2.24,7.4));
#10381 = VECTOR('',#10382,1.);
#10382 = DIRECTION('',(1.,-1.110223024625E-16,0.));
#10383 = ORIENTED_EDGE('',*,*,#10384,.F.);
#10384 = EDGE_CURVE('',#10385,#10377,#10387,.T.);
#10385 = VERTEX_POINT('',#10386);
#10386 = CARTESIAN_POINT('',(-0.1,-2.24,0.9));
#10387 = LINE('',#10388,#10389);
#10388 = CARTESIAN_POINT('',(-0.1,-2.24,6.055738799212));
#10389 = VECTOR('',#10390,1.);
#10390 = DIRECTION('',(0.,-0.,1.));
#10391 = ORIENTED_EDGE('',*,*,#10392,.T.);
#10392 = EDGE_CURVE('',#10385,#10393,#10395,.T.);
#10393 = VERTEX_POINT('',#10394);
#10394 = CARTESIAN_POINT('',(-0.3,-2.24,0.9));
#10395 = LINE('',#10396,#10397);
#10396 = CARTESIAN_POINT('',(0.3,-2.24,0.9));
#10397 = VECTOR('',#10398,1.);
#10398 = DIRECTION('',(-1.,1.110223024625E-16,0.));
#10399 = ORIENTED_EDGE('',*,*,#10400,.F.);
#10400 = EDGE_CURVE('',#8761,#10393,#10401,.T.);
#10401 = LINE('',#10402,#10403);
#10402 = CARTESIAN_POINT('',(-0.3,-2.24,8.2));
#10403 = VECTOR('',#10404,1.);
#10404 = DIRECTION('',(0.,-0.,-1.));
#10405 = PLANE('',#10406);
#10406 = AXIS2_PLACEMENT_3D('',#10407,#10408,#10409);
#10407 = CARTESIAN_POINT('',(0.3,-2.24,8.2));
#10408 = DIRECTION('',(1.110223024625E-16,1.,0.));
#10409 = DIRECTION('',(-1.,1.110223024625E-16,0.));
#10410 = ADVANCED_FACE('',(#10411),#10429,.F.);
#10411 = FACE_BOUND('',#10412,.F.);
#10412 = EDGE_LOOP('',(#10413,#10414,#10422,#10428));
#10413 = ORIENTED_EDGE('',*,*,#10400,.T.);
#10414 = ORIENTED_EDGE('',*,*,#10415,.T.);
#10415 = EDGE_CURVE('',#10393,#10416,#10418,.T.);
#10416 = VERTEX_POINT('',#10417);
#10417 = CARTESIAN_POINT('',(-0.3,-2.84,0.9));
#10418 = LINE('',#10419,#10420);
#10419 = CARTESIAN_POINT('',(-0.3,-2.24,0.9));
#10420 = VECTOR('',#10421,1.);
#10421 = DIRECTION('',(-1.110223024625E-16,-1.,0.));
#10422 = ORIENTED_EDGE('',*,*,#10423,.F.);
#10423 = EDGE_CURVE('',#8785,#10416,#10424,.T.);
#10424 = LINE('',#10425,#10426);
#10425 = CARTESIAN_POINT('',(-0.3,-2.84,8.2));
#10426 = VECTOR('',#10427,1.);
#10427 = DIRECTION('',(0.,-0.,-1.));
#10428 = ORIENTED_EDGE('',*,*,#8792,.F.);
#10429 = PLANE('',#10430);
#10430 = AXIS2_PLACEMENT_3D('',#10431,#10432,#10433);
#10431 = CARTESIAN_POINT('',(-0.3,-2.24,8.2));
#10432 = DIRECTION('',(-1.,1.110223024625E-16,0.));
#10433 = DIRECTION('',(-1.110223024625E-16,-1.,0.));
#10434 = ADVANCED_FACE('',(#10435),#10478,.F.);
#10435 = FACE_BOUND('',#10436,.F.);
#10436 = EDGE_LOOP('',(#10437,#10438,#10439,#10447,#10455,#10463,#10471,
    #10477));
#10437 = ORIENTED_EDGE('',*,*,#8809,.F.);
#10438 = ORIENTED_EDGE('',*,*,#10423,.T.);
#10439 = ORIENTED_EDGE('',*,*,#10440,.T.);
#10440 = EDGE_CURVE('',#10416,#10441,#10443,.T.);
#10441 = VERTEX_POINT('',#10442);
#10442 = CARTESIAN_POINT('',(-0.1,-2.84,0.9));
#10443 = LINE('',#10444,#10445);
#10444 = CARTESIAN_POINT('',(-0.3,-2.84,0.9));
#10445 = VECTOR('',#10446,1.);
#10446 = DIRECTION('',(1.,-1.110223024625E-16,0.));
#10447 = ORIENTED_EDGE('',*,*,#10448,.F.);
#10448 = EDGE_CURVE('',#10449,#10441,#10451,.T.);
#10449 = VERTEX_POINT('',#10450);
#10450 = CARTESIAN_POINT('',(-0.1,-2.84,7.4));
#10451 = LINE('',#10452,#10453);
#10452 = CARTESIAN_POINT('',(-0.1,-2.84,6.055738799212));
#10453 = VECTOR('',#10454,1.);
#10454 = DIRECTION('',(-0.,0.,-1.));
#10455 = ORIENTED_EDGE('',*,*,#10456,.T.);
#10456 = EDGE_CURVE('',#10449,#10457,#10459,.T.);
#10457 = VERTEX_POINT('',#10458);
#10458 = CARTESIAN_POINT('',(0.1,-2.84,7.4));
#10459 = LINE('',#10460,#10461);
#10460 = CARTESIAN_POINT('',(-0.1,-2.84,7.4));
#10461 = VECTOR('',#10462,1.);
#10462 = DIRECTION('',(1.,-1.110223024625E-16,0.));
#10463 = ORIENTED_EDGE('',*,*,#10464,.T.);
#10464 = EDGE_CURVE('',#10457,#10465,#10467,.T.);
#10465 = VERTEX_POINT('',#10466);
#10466 = CARTESIAN_POINT('',(0.1,-2.84,0.9));
#10467 = LINE('',#10468,#10469);
#10468 = CARTESIAN_POINT('',(0.1,-2.84,6.055738799212));
#10469 = VECTOR('',#10470,1.);
#10470 = DIRECTION('',(-0.,0.,-1.));
#10471 = ORIENTED_EDGE('',*,*,#10472,.T.);
#10472 = EDGE_CURVE('',#10465,#10328,#10473,.T.);
#10473 = LINE('',#10474,#10475);
#10474 = CARTESIAN_POINT('',(-0.3,-2.84,0.9));
#10475 = VECTOR('',#10476,1.);
#10476 = DIRECTION('',(1.,-1.110223024625E-16,0.));
#10477 = ORIENTED_EDGE('',*,*,#10327,.F.);
#10478 = PLANE('',#10479);
#10479 = AXIS2_PLACEMENT_3D('',#10480,#10481,#10482);
#10480 = CARTESIAN_POINT('',(-0.3,-2.84,8.2));
#10481 = DIRECTION('',(-1.110223024625E-16,-1.,0.));
#10482 = DIRECTION('',(1.,-1.110223024625E-16,0.));
#10483 = ADVANCED_FACE('',(#10484),#10509,.F.);
#10484 = FACE_BOUND('',#10485,.F.);
#10485 = EDGE_LOOP('',(#10486,#10494,#10502,#10508));
#10486 = ORIENTED_EDGE('',*,*,#10487,.T.);
#10487 = EDGE_CURVE('',#8824,#10488,#10490,.T.);
#10488 = VERTEX_POINT('',#10489);
#10489 = CARTESIAN_POINT('',(0.3,-0.3,0.9));
#10490 = LINE('',#10491,#10492);
#10491 = CARTESIAN_POINT('',(0.3,-0.3,8.2));
#10492 = VECTOR('',#10493,1.);
#10493 = DIRECTION('',(0.,-0.,-1.));
#10494 = ORIENTED_EDGE('',*,*,#10495,.T.);
#10495 = EDGE_CURVE('',#10488,#10496,#10498,.T.);
#10496 = VERTEX_POINT('',#10497);
#10497 = CARTESIAN_POINT('',(0.3,0.3,0.9));
#10498 = LINE('',#10499,#10500);
#10499 = CARTESIAN_POINT('',(0.3,-0.3,0.9));
#10500 = VECTOR('',#10501,1.);
#10501 = DIRECTION('',(1.110223024625E-16,1.,0.));
#10502 = ORIENTED_EDGE('',*,*,#10503,.F.);
#10503 = EDGE_CURVE('',#8833,#10496,#10504,.T.);
#10504 = LINE('',#10505,#10506);
#10505 = CARTESIAN_POINT('',(0.3,0.3,8.2));
#10506 = VECTOR('',#10507,1.);
#10507 = DIRECTION('',(0.,-0.,-1.));
#10508 = ORIENTED_EDGE('',*,*,#8840,.F.);
#10509 = PLANE('',#10510);
#10510 = AXIS2_PLACEMENT_3D('',#10511,#10512,#10513);
#10511 = CARTESIAN_POINT('',(0.3,-0.3,8.2));
#10512 = DIRECTION('',(1.,-1.110223024625E-16,0.));
#10513 = DIRECTION('',(1.110223024625E-16,1.,0.));
#10514 = ADVANCED_FACE('',(#10515),#10565,.F.);
#10515 = FACE_BOUND('',#10516,.F.);
#10516 = EDGE_LOOP('',(#10517,#10518,#10519,#10527,#10535,#10543,#10551,
    #10559));
#10517 = ORIENTED_EDGE('',*,*,#8864,.F.);
#10518 = ORIENTED_EDGE('',*,*,#10503,.T.);
#10519 = ORIENTED_EDGE('',*,*,#10520,.T.);
#10520 = EDGE_CURVE('',#10496,#10521,#10523,.T.);
#10521 = VERTEX_POINT('',#10522);
#10522 = CARTESIAN_POINT('',(0.1,0.3,0.9));
#10523 = LINE('',#10524,#10525);
#10524 = CARTESIAN_POINT('',(0.3,0.3,0.9));
#10525 = VECTOR('',#10526,1.);
#10526 = DIRECTION('',(-1.,1.110223024625E-16,0.));
#10527 = ORIENTED_EDGE('',*,*,#10528,.T.);
#10528 = EDGE_CURVE('',#10521,#10529,#10531,.T.);
#10529 = VERTEX_POINT('',#10530);
#10530 = CARTESIAN_POINT('',(0.1,0.3,7.4));
#10531 = LINE('',#10532,#10533);
#10532 = CARTESIAN_POINT('',(0.1,0.3,6.055738799212));
#10533 = VECTOR('',#10534,1.);
#10534 = DIRECTION('',(0.,-0.,1.));
#10535 = ORIENTED_EDGE('',*,*,#10536,.F.);
#10536 = EDGE_CURVE('',#10537,#10529,#10539,.T.);
#10537 = VERTEX_POINT('',#10538);
#10538 = CARTESIAN_POINT('',(-0.1,0.3,7.4));
#10539 = LINE('',#10540,#10541);
#10540 = CARTESIAN_POINT('',(-0.1,0.3,7.4));
#10541 = VECTOR('',#10542,1.);
#10542 = DIRECTION('',(1.,-1.110223024625E-16,0.));
#10543 = ORIENTED_EDGE('',*,*,#10544,.F.);
#10544 = EDGE_CURVE('',#10545,#10537,#10547,.T.);
#10545 = VERTEX_POINT('',#10546);
#10546 = CARTESIAN_POINT('',(-0.1,0.3,0.9));
#10547 = LINE('',#10548,#10549);
#10548 = CARTESIAN_POINT('',(-0.1,0.3,6.055738799212));
#10549 = VECTOR('',#10550,1.);
#10550 = DIRECTION('',(0.,-0.,1.));
#10551 = ORIENTED_EDGE('',*,*,#10552,.T.);
#10552 = EDGE_CURVE('',#10545,#10553,#10555,.T.);
#10553 = VERTEX_POINT('',#10554);
#10554 = CARTESIAN_POINT('',(-0.3,0.3,0.9));
#10555 = LINE('',#10556,#10557);
#10556 = CARTESIAN_POINT('',(0.3,0.3,0.9));
#10557 = VECTOR('',#10558,1.);
#10558 = DIRECTION('',(-1.,1.110223024625E-16,0.));
#10559 = ORIENTED_EDGE('',*,*,#10560,.F.);
#10560 = EDGE_CURVE('',#8857,#10553,#10561,.T.);
#10561 = LINE('',#10562,#10563);
#10562 = CARTESIAN_POINT('',(-0.3,0.3,8.2));
#10563 = VECTOR('',#10564,1.);
#10564 = DIRECTION('',(0.,-0.,-1.));
#10565 = PLANE('',#10566);
#10566 = AXIS2_PLACEMENT_3D('',#10567,#10568,#10569);
#10567 = CARTESIAN_POINT('',(0.3,0.3,8.2));
#10568 = DIRECTION('',(1.110223024625E-16,1.,0.));
#10569 = DIRECTION('',(-1.,1.110223024625E-16,0.));
#10570 = ADVANCED_FACE('',(#10571),#10589,.F.);
#10571 = FACE_BOUND('',#10572,.F.);
#10572 = EDGE_LOOP('',(#10573,#10574,#10582,#10588));
#10573 = ORIENTED_EDGE('',*,*,#10560,.T.);
#10574 = ORIENTED_EDGE('',*,*,#10575,.T.);
#10575 = EDGE_CURVE('',#10553,#10576,#10578,.T.);
#10576 = VERTEX_POINT('',#10577);
#10577 = CARTESIAN_POINT('',(-0.3,-0.3,0.9));
#10578 = LINE('',#10579,#10580);
#10579 = CARTESIAN_POINT('',(-0.3,0.3,0.9));
#10580 = VECTOR('',#10581,1.);
#10581 = DIRECTION('',(-1.110223024625E-16,-1.,0.));
#10582 = ORIENTED_EDGE('',*,*,#10583,.F.);
#10583 = EDGE_CURVE('',#8881,#10576,#10584,.T.);
#10584 = LINE('',#10585,#10586);
#10585 = CARTESIAN_POINT('',(-0.3,-0.3,8.2));
#10586 = VECTOR('',#10587,1.);
#10587 = DIRECTION('',(0.,-0.,-1.));
#10588 = ORIENTED_EDGE('',*,*,#8888,.F.);
#10589 = PLANE('',#10590);
#10590 = AXIS2_PLACEMENT_3D('',#10591,#10592,#10593);
#10591 = CARTESIAN_POINT('',(-0.3,0.3,8.2));
#10592 = DIRECTION('',(-1.,1.110223024625E-16,0.));
#10593 = DIRECTION('',(-1.110223024625E-16,-1.,0.));
#10594 = ADVANCED_FACE('',(#10595),#10638,.F.);
#10595 = FACE_BOUND('',#10596,.F.);
#10596 = EDGE_LOOP('',(#10597,#10598,#10599,#10607,#10615,#10623,#10631,
    #10637));
#10597 = ORIENTED_EDGE('',*,*,#8905,.F.);
#10598 = ORIENTED_EDGE('',*,*,#10583,.T.);
#10599 = ORIENTED_EDGE('',*,*,#10600,.T.);
#10600 = EDGE_CURVE('',#10576,#10601,#10603,.T.);
#10601 = VERTEX_POINT('',#10602);
#10602 = CARTESIAN_POINT('',(-0.1,-0.3,0.9));
#10603 = LINE('',#10604,#10605);
#10604 = CARTESIAN_POINT('',(-0.3,-0.3,0.9));
#10605 = VECTOR('',#10606,1.);
#10606 = DIRECTION('',(1.,-1.110223024625E-16,0.));
#10607 = ORIENTED_EDGE('',*,*,#10608,.F.);
#10608 = EDGE_CURVE('',#10609,#10601,#10611,.T.);
#10609 = VERTEX_POINT('',#10610);
#10610 = CARTESIAN_POINT('',(-0.1,-0.3,7.4));
#10611 = LINE('',#10612,#10613);
#10612 = CARTESIAN_POINT('',(-0.1,-0.3,6.055738799212));
#10613 = VECTOR('',#10614,1.);
#10614 = DIRECTION('',(-0.,0.,-1.));
#10615 = ORIENTED_EDGE('',*,*,#10616,.T.);
#10616 = EDGE_CURVE('',#10609,#10617,#10619,.T.);
#10617 = VERTEX_POINT('',#10618);
#10618 = CARTESIAN_POINT('',(0.1,-0.3,7.4));
#10619 = LINE('',#10620,#10621);
#10620 = CARTESIAN_POINT('',(-0.1,-0.3,7.4));
#10621 = VECTOR('',#10622,1.);
#10622 = DIRECTION('',(1.,-1.110223024625E-16,0.));
#10623 = ORIENTED_EDGE('',*,*,#10624,.T.);
#10624 = EDGE_CURVE('',#10617,#10625,#10627,.T.);
#10625 = VERTEX_POINT('',#10626);
#10626 = CARTESIAN_POINT('',(0.1,-0.3,0.9));
#10627 = LINE('',#10628,#10629);
#10628 = CARTESIAN_POINT('',(0.1,-0.3,6.055738799212));
#10629 = VECTOR('',#10630,1.);
#10630 = DIRECTION('',(-0.,0.,-1.));
#10631 = ORIENTED_EDGE('',*,*,#10632,.T.);
#10632 = EDGE_CURVE('',#10625,#10488,#10633,.T.);
#10633 = LINE('',#10634,#10635);
#10634 = CARTESIAN_POINT('',(-0.3,-0.3,0.9));
#10635 = VECTOR('',#10636,1.);
#10636 = DIRECTION('',(1.,-1.110223024625E-16,0.));
#10637 = ORIENTED_EDGE('',*,*,#10487,.F.);
#10638 = PLANE('',#10639);
#10639 = AXIS2_PLACEMENT_3D('',#10640,#10641,#10642);
#10640 = CARTESIAN_POINT('',(-0.3,-0.3,8.2));
#10641 = DIRECTION('',(-1.110223024625E-16,-1.,0.));
#10642 = DIRECTION('',(1.,-1.110223024625E-16,0.));
#10643 = ADVANCED_FACE('',(#10644),#10655,.T.);
#10644 = FACE_BOUND('',#10645,.T.);
#10645 = EDGE_LOOP('',(#10646,#10652,#10653,#10654));
#10646 = ORIENTED_EDGE('',*,*,#10647,.T.);
#10647 = EDGE_CURVE('',#9001,#8937,#10648,.T.);
#10648 = LINE('',#10649,#10650);
#10649 = CARTESIAN_POINT('',(-0.1,-13.,-2.5));
#10650 = VECTOR('',#10651,1.);
#10651 = DIRECTION('',(1.,-1.110223024625E-16,0.));
#10652 = ORIENTED_EDGE('',*,*,#8936,.T.);
#10653 = ORIENTED_EDGE('',*,*,#8921,.F.);
#10654 = ORIENTED_EDGE('',*,*,#9000,.F.);
#10655 = PLANE('',#10656);
#10656 = AXIS2_PLACEMENT_3D('',#10657,#10658,#10659);
#10657 = CARTESIAN_POINT('',(-0.1,-13.,-2.5));
#10658 = DIRECTION('',(-1.110223024625E-16,-1.,0.));
#10659 = DIRECTION('',(0.,0.,1.));
#10660 = ADVANCED_FACE('',(#10661),#10672,.T.);
#10661 = FACE_BOUND('',#10662,.T.);
#10662 = EDGE_LOOP('',(#10663,#10669,#10670,#10671));
#10663 = ORIENTED_EDGE('',*,*,#10664,.T.);
#10664 = EDGE_CURVE('',#9026,#8962,#10665,.T.);
#10665 = LINE('',#10666,#10667);
#10666 = CARTESIAN_POINT('',(-0.1,-12.85,-3.1));
#10667 = VECTOR('',#10668,1.);
#10668 = DIRECTION('',(1.,-1.110223024625E-16,0.));
#10669 = ORIENTED_EDGE('',*,*,#8969,.T.);
#10670 = ORIENTED_EDGE('',*,*,#10647,.F.);
#10671 = ORIENTED_EDGE('',*,*,#9033,.F.);
#10672 = PLANE('',#10673);
#10673 = AXIS2_PLACEMENT_3D('',#10674,#10675,#10676);
#10674 = CARTESIAN_POINT('',(-0.1,-12.85,-3.1));
#10675 = DIRECTION('',(-1.077074540829E-16,-0.970142500145,
    -0.242535625036));
#10676 = DIRECTION('',(-2.692686352073E-17,-0.242535625036,
    0.970142500145));
#10677 = ADVANCED_FACE('',(#10678),#10689,.T.);
#10678 = FACE_BOUND('',#10679,.T.);
#10679 = EDGE_LOOP('',(#10680,#10686,#10687,#10688));
#10680 = ORIENTED_EDGE('',*,*,#10681,.T.);
#10681 = EDGE_CURVE('',#9018,#8954,#10682,.T.);
#10682 = LINE('',#10683,#10684);
#10683 = CARTESIAN_POINT('',(-0.1,-12.55,-3.1));
#10684 = VECTOR('',#10685,1.);
#10685 = DIRECTION('',(1.,-1.110223024625E-16,0.));
#10686 = ORIENTED_EDGE('',*,*,#8961,.T.);
#10687 = ORIENTED_EDGE('',*,*,#10664,.F.);
#10688 = ORIENTED_EDGE('',*,*,#9025,.T.);
#10689 = PLANE('',#10690);
#10690 = AXIS2_PLACEMENT_3D('',#10691,#10692,#10693);
#10691 = CARTESIAN_POINT('',(-0.1,-12.55,-3.1));
#10692 = DIRECTION('',(0.,-0.,-1.));
#10693 = DIRECTION('',(-1.110223024625E-16,-1.,0.));
#10694 = ADVANCED_FACE('',(#10695),#10706,.T.);
#10695 = FACE_BOUND('',#10696,.T.);
#10696 = EDGE_LOOP('',(#10697,#10703,#10704,#10705));
#10697 = ORIENTED_EDGE('',*,*,#10698,.T.);
#10698 = EDGE_CURVE('',#9010,#8946,#10699,.T.);
#10699 = LINE('',#10700,#10701);
#10700 = CARTESIAN_POINT('',(-0.1,-12.4,-2.5));
#10701 = VECTOR('',#10702,1.);
#10702 = DIRECTION('',(1.,-1.110223024625E-16,0.));
#10703 = ORIENTED_EDGE('',*,*,#8953,.T.);
#10704 = ORIENTED_EDGE('',*,*,#10681,.F.);
#10705 = ORIENTED_EDGE('',*,*,#9017,.F.);
#10706 = PLANE('',#10707);
#10707 = AXIS2_PLACEMENT_3D('',#10708,#10709,#10710);
#10708 = CARTESIAN_POINT('',(-0.1,-12.4,-2.5));
#10709 = DIRECTION('',(1.077074540829E-16,0.970142500145,-0.242535625036
    ));
#10710 = DIRECTION('',(-2.692686352073E-17,-0.242535625036,
    -0.970142500145));
#10711 = ADVANCED_FACE('',(#10712),#10718,.T.);
#10712 = FACE_BOUND('',#10713,.T.);
#10713 = EDGE_LOOP('',(#10714,#10715,#10716,#10717));
#10714 = ORIENTED_EDGE('',*,*,#8983,.T.);
#10715 = ORIENTED_EDGE('',*,*,#8945,.T.);
#10716 = ORIENTED_EDGE('',*,*,#10698,.F.);
#10717 = ORIENTED_EDGE('',*,*,#9009,.F.);
#10718 = PLANE('',#10719);
#10719 = AXIS2_PLACEMENT_3D('',#10720,#10721,#10722);
#10720 = CARTESIAN_POINT('',(-0.1,-12.4,0.2));
#10721 = DIRECTION('',(1.110223024625E-16,1.,0.));
#10722 = DIRECTION('',(0.,0.,-1.));
#10723 = ADVANCED_FACE('',(#10724),#10735,.T.);
#10724 = FACE_BOUND('',#10725,.T.);
#10725 = EDGE_LOOP('',(#10726,#10732,#10733,#10734));
#10726 = ORIENTED_EDGE('',*,*,#10727,.T.);
#10727 = EDGE_CURVE('',#9129,#9065,#10728,.T.);
#10728 = LINE('',#10729,#10730);
#10729 = CARTESIAN_POINT('',(-0.1,-10.46,-2.5));
#10730 = VECTOR('',#10731,1.);
#10731 = DIRECTION('',(1.,-1.110223024625E-16,0.));
#10732 = ORIENTED_EDGE('',*,*,#9064,.T.);
#10733 = ORIENTED_EDGE('',*,*,#9049,.F.);
#10734 = ORIENTED_EDGE('',*,*,#9128,.F.);
#10735 = PLANE('',#10736);
#10736 = AXIS2_PLACEMENT_3D('',#10737,#10738,#10739);
#10737 = CARTESIAN_POINT('',(-0.1,-10.46,-2.5));
#10738 = DIRECTION('',(-1.110223024625E-16,-1.,0.));
#10739 = DIRECTION('',(0.,0.,1.));
#10740 = ADVANCED_FACE('',(#10741),#10752,.T.);
#10741 = FACE_BOUND('',#10742,.T.);
#10742 = EDGE_LOOP('',(#10743,#10749,#10750,#10751));
#10743 = ORIENTED_EDGE('',*,*,#10744,.T.);
#10744 = EDGE_CURVE('',#9154,#9090,#10745,.T.);
#10745 = LINE('',#10746,#10747);
#10746 = CARTESIAN_POINT('',(-0.1,-10.31,-3.1));
#10747 = VECTOR('',#10748,1.);
#10748 = DIRECTION('',(1.,-1.110223024625E-16,0.));
#10749 = ORIENTED_EDGE('',*,*,#9097,.T.);
#10750 = ORIENTED_EDGE('',*,*,#10727,.F.);
#10751 = ORIENTED_EDGE('',*,*,#9161,.F.);
#10752 = PLANE('',#10753);
#10753 = AXIS2_PLACEMENT_3D('',#10754,#10755,#10756);
#10754 = CARTESIAN_POINT('',(-0.1,-10.31,-3.1));
#10755 = DIRECTION('',(-1.077074540829E-16,-0.970142500145,
    -0.242535625036));
#10756 = DIRECTION('',(-2.692686352073E-17,-0.242535625036,
    0.970142500145));
#10757 = ADVANCED_FACE('',(#10758),#10769,.T.);
#10758 = FACE_BOUND('',#10759,.T.);
#10759 = EDGE_LOOP('',(#10760,#10766,#10767,#10768));
#10760 = ORIENTED_EDGE('',*,*,#10761,.T.);
#10761 = EDGE_CURVE('',#9146,#9082,#10762,.T.);
#10762 = LINE('',#10763,#10764);
#10763 = CARTESIAN_POINT('',(-0.1,-10.01,-3.1));
#10764 = VECTOR('',#10765,1.);
#10765 = DIRECTION('',(1.,-1.110223024625E-16,0.));
#10766 = ORIENTED_EDGE('',*,*,#9089,.T.);
#10767 = ORIENTED_EDGE('',*,*,#10744,.F.);
#10768 = ORIENTED_EDGE('',*,*,#9153,.T.);
#10769 = PLANE('',#10770);
#10770 = AXIS2_PLACEMENT_3D('',#10771,#10772,#10773);
#10771 = CARTESIAN_POINT('',(-0.1,-10.01,-3.1));
#10772 = DIRECTION('',(0.,-0.,-1.));
#10773 = DIRECTION('',(-1.110223024625E-16,-1.,0.));
#10774 = ADVANCED_FACE('',(#10775),#10786,.T.);
#10775 = FACE_BOUND('',#10776,.T.);
#10776 = EDGE_LOOP('',(#10777,#10783,#10784,#10785));
#10777 = ORIENTED_EDGE('',*,*,#10778,.T.);
#10778 = EDGE_CURVE('',#9138,#9074,#10779,.T.);
#10779 = LINE('',#10780,#10781);
#10780 = CARTESIAN_POINT('',(-0.1,-9.86,-2.5));
#10781 = VECTOR('',#10782,1.);
#10782 = DIRECTION('',(1.,-1.110223024625E-16,0.));
#10783 = ORIENTED_EDGE('',*,*,#9081,.T.);
#10784 = ORIENTED_EDGE('',*,*,#10761,.F.);
#10785 = ORIENTED_EDGE('',*,*,#9145,.F.);
#10786 = PLANE('',#10787);
#10787 = AXIS2_PLACEMENT_3D('',#10788,#10789,#10790);
#10788 = CARTESIAN_POINT('',(-0.1,-9.86,-2.5));
#10789 = DIRECTION('',(1.077074540829E-16,0.970142500145,-0.242535625036
    ));
#10790 = DIRECTION('',(-2.692686352073E-17,-0.242535625036,
    -0.970142500145));
#10791 = ADVANCED_FACE('',(#10792),#10798,.T.);
#10792 = FACE_BOUND('',#10793,.T.);
#10793 = EDGE_LOOP('',(#10794,#10795,#10796,#10797));
#10794 = ORIENTED_EDGE('',*,*,#9111,.T.);
#10795 = ORIENTED_EDGE('',*,*,#9073,.T.);
#10796 = ORIENTED_EDGE('',*,*,#10778,.F.);
#10797 = ORIENTED_EDGE('',*,*,#9137,.F.);
#10798 = PLANE('',#10799);
#10799 = AXIS2_PLACEMENT_3D('',#10800,#10801,#10802);
#10800 = CARTESIAN_POINT('',(-0.1,-9.86,0.2));
#10801 = DIRECTION('',(1.110223024625E-16,1.,0.));
#10802 = DIRECTION('',(0.,0.,-1.));
#10803 = ADVANCED_FACE('',(#10804),#10815,.T.);
#10804 = FACE_BOUND('',#10805,.T.);
#10805 = EDGE_LOOP('',(#10806,#10812,#10813,#10814));
#10806 = ORIENTED_EDGE('',*,*,#10807,.T.);
#10807 = EDGE_CURVE('',#9257,#9193,#10808,.T.);
#10808 = LINE('',#10809,#10810);
#10809 = CARTESIAN_POINT('',(-0.1,-7.92,-2.5));
#10810 = VECTOR('',#10811,1.);
#10811 = DIRECTION('',(1.,-1.110223024625E-16,0.));
#10812 = ORIENTED_EDGE('',*,*,#9192,.T.);
#10813 = ORIENTED_EDGE('',*,*,#9177,.F.);
#10814 = ORIENTED_EDGE('',*,*,#9256,.F.);
#10815 = PLANE('',#10816);
#10816 = AXIS2_PLACEMENT_3D('',#10817,#10818,#10819);
#10817 = CARTESIAN_POINT('',(-0.1,-7.92,-2.5));
#10818 = DIRECTION('',(-1.110223024625E-16,-1.,0.));
#10819 = DIRECTION('',(0.,0.,1.));
#10820 = ADVANCED_FACE('',(#10821),#10832,.T.);
#10821 = FACE_BOUND('',#10822,.T.);
#10822 = EDGE_LOOP('',(#10823,#10829,#10830,#10831));
#10823 = ORIENTED_EDGE('',*,*,#10824,.T.);
#10824 = EDGE_CURVE('',#9282,#9218,#10825,.T.);
#10825 = LINE('',#10826,#10827);
#10826 = CARTESIAN_POINT('',(-0.1,-7.77,-3.1));
#10827 = VECTOR('',#10828,1.);
#10828 = DIRECTION('',(1.,-1.110223024625E-16,0.));
#10829 = ORIENTED_EDGE('',*,*,#9225,.T.);
#10830 = ORIENTED_EDGE('',*,*,#10807,.F.);
#10831 = ORIENTED_EDGE('',*,*,#9289,.F.);
#10832 = PLANE('',#10833);
#10833 = AXIS2_PLACEMENT_3D('',#10834,#10835,#10836);
#10834 = CARTESIAN_POINT('',(-0.1,-7.77,-3.1));
#10835 = DIRECTION('',(-1.077074540829E-16,-0.970142500145,
    -0.242535625036));
#10836 = DIRECTION('',(-2.692686352073E-17,-0.242535625036,
    0.970142500145));
#10837 = ADVANCED_FACE('',(#10838),#10849,.T.);
#10838 = FACE_BOUND('',#10839,.T.);
#10839 = EDGE_LOOP('',(#10840,#10846,#10847,#10848));
#10840 = ORIENTED_EDGE('',*,*,#10841,.T.);
#10841 = EDGE_CURVE('',#9274,#9210,#10842,.T.);
#10842 = LINE('',#10843,#10844);
#10843 = CARTESIAN_POINT('',(-0.1,-7.47,-3.1));
#10844 = VECTOR('',#10845,1.);
#10845 = DIRECTION('',(1.,-1.110223024625E-16,0.));
#10846 = ORIENTED_EDGE('',*,*,#9217,.T.);
#10847 = ORIENTED_EDGE('',*,*,#10824,.F.);
#10848 = ORIENTED_EDGE('',*,*,#9281,.T.);
#10849 = PLANE('',#10850);
#10850 = AXIS2_PLACEMENT_3D('',#10851,#10852,#10853);
#10851 = CARTESIAN_POINT('',(-0.1,-7.47,-3.1));
#10852 = DIRECTION('',(0.,-0.,-1.));
#10853 = DIRECTION('',(-1.110223024625E-16,-1.,0.));
#10854 = ADVANCED_FACE('',(#10855),#10866,.T.);
#10855 = FACE_BOUND('',#10856,.T.);
#10856 = EDGE_LOOP('',(#10857,#10863,#10864,#10865));
#10857 = ORIENTED_EDGE('',*,*,#10858,.T.);
#10858 = EDGE_CURVE('',#9266,#9202,#10859,.T.);
#10859 = LINE('',#10860,#10861);
#10860 = CARTESIAN_POINT('',(-0.1,-7.32,-2.5));
#10861 = VECTOR('',#10862,1.);
#10862 = DIRECTION('',(1.,-1.110223024625E-16,0.));
#10863 = ORIENTED_EDGE('',*,*,#9209,.T.);
#10864 = ORIENTED_EDGE('',*,*,#10841,.F.);
#10865 = ORIENTED_EDGE('',*,*,#9273,.F.);
#10866 = PLANE('',#10867);
#10867 = AXIS2_PLACEMENT_3D('',#10868,#10869,#10870);
#10868 = CARTESIAN_POINT('',(-0.1,-7.32,-2.5));
#10869 = DIRECTION('',(1.077074540829E-16,0.970142500145,-0.242535625036
    ));
#10870 = DIRECTION('',(-2.692686352073E-17,-0.242535625036,
    -0.970142500145));
#10871 = ADVANCED_FACE('',(#10872),#10878,.T.);
#10872 = FACE_BOUND('',#10873,.T.);
#10873 = EDGE_LOOP('',(#10874,#10875,#10876,#10877));
#10874 = ORIENTED_EDGE('',*,*,#9239,.T.);
#10875 = ORIENTED_EDGE('',*,*,#9201,.T.);
#10876 = ORIENTED_EDGE('',*,*,#10858,.F.);
#10877 = ORIENTED_EDGE('',*,*,#9265,.F.);
#10878 = PLANE('',#10879);
#10879 = AXIS2_PLACEMENT_3D('',#10880,#10881,#10882);
#10880 = CARTESIAN_POINT('',(-0.1,-7.32,0.2));
#10881 = DIRECTION('',(1.110223024625E-16,1.,0.));
#10882 = DIRECTION('',(0.,0.,-1.));
#10883 = ADVANCED_FACE('',(#10884),#10895,.T.);
#10884 = FACE_BOUND('',#10885,.T.);
#10885 = EDGE_LOOP('',(#10886,#10892,#10893,#10894));
#10886 = ORIENTED_EDGE('',*,*,#10887,.T.);
#10887 = EDGE_CURVE('',#9385,#9321,#10888,.T.);
#10888 = LINE('',#10889,#10890);
#10889 = CARTESIAN_POINT('',(-0.1,-5.38,-2.5));
#10890 = VECTOR('',#10891,1.);
#10891 = DIRECTION('',(1.,-1.110223024625E-16,0.));
#10892 = ORIENTED_EDGE('',*,*,#9320,.T.);
#10893 = ORIENTED_EDGE('',*,*,#9305,.F.);
#10894 = ORIENTED_EDGE('',*,*,#9384,.F.);
#10895 = PLANE('',#10896);
#10896 = AXIS2_PLACEMENT_3D('',#10897,#10898,#10899);
#10897 = CARTESIAN_POINT('',(-0.1,-5.38,-2.5));
#10898 = DIRECTION('',(-1.110223024625E-16,-1.,0.));
#10899 = DIRECTION('',(0.,0.,1.));
#10900 = ADVANCED_FACE('',(#10901),#10912,.T.);
#10901 = FACE_BOUND('',#10902,.T.);
#10902 = EDGE_LOOP('',(#10903,#10909,#10910,#10911));
#10903 = ORIENTED_EDGE('',*,*,#10904,.T.);
#10904 = EDGE_CURVE('',#9410,#9346,#10905,.T.);
#10905 = LINE('',#10906,#10907);
#10906 = CARTESIAN_POINT('',(-0.1,-5.23,-3.1));
#10907 = VECTOR('',#10908,1.);
#10908 = DIRECTION('',(1.,-1.110223024625E-16,0.));
#10909 = ORIENTED_EDGE('',*,*,#9353,.T.);
#10910 = ORIENTED_EDGE('',*,*,#10887,.F.);
#10911 = ORIENTED_EDGE('',*,*,#9417,.F.);
#10912 = PLANE('',#10913);
#10913 = AXIS2_PLACEMENT_3D('',#10914,#10915,#10916);
#10914 = CARTESIAN_POINT('',(-0.1,-5.23,-3.1));
#10915 = DIRECTION('',(-1.077074540829E-16,-0.970142500145,
    -0.242535625036));
#10916 = DIRECTION('',(-2.692686352073E-17,-0.242535625036,
    0.970142500145));
#10917 = ADVANCED_FACE('',(#10918),#10929,.T.);
#10918 = FACE_BOUND('',#10919,.T.);
#10919 = EDGE_LOOP('',(#10920,#10926,#10927,#10928));
#10920 = ORIENTED_EDGE('',*,*,#10921,.T.);
#10921 = EDGE_CURVE('',#9402,#9338,#10922,.T.);
#10922 = LINE('',#10923,#10924);
#10923 = CARTESIAN_POINT('',(-0.1,-4.93,-3.1));
#10924 = VECTOR('',#10925,1.);
#10925 = DIRECTION('',(1.,-1.110223024625E-16,0.));
#10926 = ORIENTED_EDGE('',*,*,#9345,.T.);
#10927 = ORIENTED_EDGE('',*,*,#10904,.F.);
#10928 = ORIENTED_EDGE('',*,*,#9409,.T.);
#10929 = PLANE('',#10930);
#10930 = AXIS2_PLACEMENT_3D('',#10931,#10932,#10933);
#10931 = CARTESIAN_POINT('',(-0.1,-4.93,-3.1));
#10932 = DIRECTION('',(0.,-0.,-1.));
#10933 = DIRECTION('',(-1.110223024625E-16,-1.,0.));
#10934 = ADVANCED_FACE('',(#10935),#10946,.T.);
#10935 = FACE_BOUND('',#10936,.T.);
#10936 = EDGE_LOOP('',(#10937,#10943,#10944,#10945));
#10937 = ORIENTED_EDGE('',*,*,#10938,.T.);
#10938 = EDGE_CURVE('',#9394,#9330,#10939,.T.);
#10939 = LINE('',#10940,#10941);
#10940 = CARTESIAN_POINT('',(-0.1,-4.78,-2.5));
#10941 = VECTOR('',#10942,1.);
#10942 = DIRECTION('',(1.,-1.110223024625E-16,0.));
#10943 = ORIENTED_EDGE('',*,*,#9337,.T.);
#10944 = ORIENTED_EDGE('',*,*,#10921,.F.);
#10945 = ORIENTED_EDGE('',*,*,#9401,.F.);
#10946 = PLANE('',#10947);
#10947 = AXIS2_PLACEMENT_3D('',#10948,#10949,#10950);
#10948 = CARTESIAN_POINT('',(-0.1,-4.78,-2.5));
#10949 = DIRECTION('',(1.077074540829E-16,0.970142500145,-0.242535625036
    ));
#10950 = DIRECTION('',(-2.692686352073E-17,-0.242535625036,
    -0.970142500145));
#10951 = ADVANCED_FACE('',(#10952),#10958,.T.);
#10952 = FACE_BOUND('',#10953,.T.);
#10953 = EDGE_LOOP('',(#10954,#10955,#10956,#10957));
#10954 = ORIENTED_EDGE('',*,*,#9367,.T.);
#10955 = ORIENTED_EDGE('',*,*,#9329,.T.);
#10956 = ORIENTED_EDGE('',*,*,#10938,.F.);
#10957 = ORIENTED_EDGE('',*,*,#9393,.F.);
#10958 = PLANE('',#10959);
#10959 = AXIS2_PLACEMENT_3D('',#10960,#10961,#10962);
#10960 = CARTESIAN_POINT('',(-0.1,-4.78,0.2));
#10961 = DIRECTION('',(1.110223024625E-16,1.,0.));
#10962 = DIRECTION('',(0.,0.,-1.));
#10963 = ADVANCED_FACE('',(#10964),#10975,.T.);
#10964 = FACE_BOUND('',#10965,.T.);
#10965 = EDGE_LOOP('',(#10966,#10972,#10973,#10974));
#10966 = ORIENTED_EDGE('',*,*,#10967,.T.);
#10967 = EDGE_CURVE('',#9513,#9449,#10968,.T.);
#10968 = LINE('',#10969,#10970);
#10969 = CARTESIAN_POINT('',(-0.1,-2.84,-2.5));
#10970 = VECTOR('',#10971,1.);
#10971 = DIRECTION('',(1.,-1.110223024625E-16,0.));
#10972 = ORIENTED_EDGE('',*,*,#9448,.T.);
#10973 = ORIENTED_EDGE('',*,*,#9433,.F.);
#10974 = ORIENTED_EDGE('',*,*,#9512,.F.);
#10975 = PLANE('',#10976);
#10976 = AXIS2_PLACEMENT_3D('',#10977,#10978,#10979);
#10977 = CARTESIAN_POINT('',(-0.1,-2.84,-2.5));
#10978 = DIRECTION('',(-1.110223024625E-16,-1.,0.));
#10979 = DIRECTION('',(0.,0.,1.));
#10980 = ADVANCED_FACE('',(#10981),#10992,.T.);
#10981 = FACE_BOUND('',#10982,.T.);
#10982 = EDGE_LOOP('',(#10983,#10989,#10990,#10991));
#10983 = ORIENTED_EDGE('',*,*,#10984,.T.);
#10984 = EDGE_CURVE('',#9538,#9474,#10985,.T.);
#10985 = LINE('',#10986,#10987);
#10986 = CARTESIAN_POINT('',(-0.1,-2.69,-3.1));
#10987 = VECTOR('',#10988,1.);
#10988 = DIRECTION('',(1.,-1.110223024625E-16,0.));
#10989 = ORIENTED_EDGE('',*,*,#9481,.T.);
#10990 = ORIENTED_EDGE('',*,*,#10967,.F.);
#10991 = ORIENTED_EDGE('',*,*,#9545,.F.);
#10992 = PLANE('',#10993);
#10993 = AXIS2_PLACEMENT_3D('',#10994,#10995,#10996);
#10994 = CARTESIAN_POINT('',(-0.1,-2.69,-3.1));
#10995 = DIRECTION('',(-1.077074540829E-16,-0.970142500145,
    -0.242535625036));
#10996 = DIRECTION('',(-2.692686352073E-17,-0.242535625036,
    0.970142500145));
#10997 = ADVANCED_FACE('',(#10998),#11009,.T.);
#10998 = FACE_BOUND('',#10999,.T.);
#10999 = EDGE_LOOP('',(#11000,#11006,#11007,#11008));
#11000 = ORIENTED_EDGE('',*,*,#11001,.T.);
#11001 = EDGE_CURVE('',#9530,#9466,#11002,.T.);
#11002 = LINE('',#11003,#11004);
#11003 = CARTESIAN_POINT('',(-0.1,-2.39,-3.1));
#11004 = VECTOR('',#11005,1.);
#11005 = DIRECTION('',(1.,-1.110223024625E-16,0.));
#11006 = ORIENTED_EDGE('',*,*,#9473,.T.);
#11007 = ORIENTED_EDGE('',*,*,#10984,.F.);
#11008 = ORIENTED_EDGE('',*,*,#9537,.T.);
#11009 = PLANE('',#11010);
#11010 = AXIS2_PLACEMENT_3D('',#11011,#11012,#11013);
#11011 = CARTESIAN_POINT('',(-0.1,-2.39,-3.1));
#11012 = DIRECTION('',(0.,-0.,-1.));
#11013 = DIRECTION('',(-1.110223024625E-16,-1.,0.));
#11014 = ADVANCED_FACE('',(#11015),#11026,.T.);
#11015 = FACE_BOUND('',#11016,.T.);
#11016 = EDGE_LOOP('',(#11017,#11023,#11024,#11025));
#11017 = ORIENTED_EDGE('',*,*,#11018,.T.);
#11018 = EDGE_CURVE('',#9522,#9458,#11019,.T.);
#11019 = LINE('',#11020,#11021);
#11020 = CARTESIAN_POINT('',(-0.1,-2.24,-2.5));
#11021 = VECTOR('',#11022,1.);
#11022 = DIRECTION('',(1.,-1.110223024625E-16,0.));
#11023 = ORIENTED_EDGE('',*,*,#9465,.T.);
#11024 = ORIENTED_EDGE('',*,*,#11001,.F.);
#11025 = ORIENTED_EDGE('',*,*,#9529,.F.);
#11026 = PLANE('',#11027);
#11027 = AXIS2_PLACEMENT_3D('',#11028,#11029,#11030);
#11028 = CARTESIAN_POINT('',(-0.1,-2.24,-2.5));
#11029 = DIRECTION('',(1.077074540829E-16,0.970142500145,-0.242535625036
    ));
#11030 = DIRECTION('',(-2.692686352073E-17,-0.242535625036,
    -0.970142500145));
#11031 = ADVANCED_FACE('',(#11032),#11038,.T.);
#11032 = FACE_BOUND('',#11033,.T.);
#11033 = EDGE_LOOP('',(#11034,#11035,#11036,#11037));
#11034 = ORIENTED_EDGE('',*,*,#9495,.T.);
#11035 = ORIENTED_EDGE('',*,*,#9457,.T.);
#11036 = ORIENTED_EDGE('',*,*,#11018,.F.);
#11037 = ORIENTED_EDGE('',*,*,#9521,.F.);
#11038 = PLANE('',#11039);
#11039 = AXIS2_PLACEMENT_3D('',#11040,#11041,#11042);
#11040 = CARTESIAN_POINT('',(-0.1,-2.24,0.2));
#11041 = DIRECTION('',(1.110223024625E-16,1.,0.));
#11042 = DIRECTION('',(0.,0.,-1.));
#11043 = ADVANCED_FACE('',(#11044),#11055,.T.);
#11044 = FACE_BOUND('',#11045,.T.);
#11045 = EDGE_LOOP('',(#11046,#11052,#11053,#11054));
#11046 = ORIENTED_EDGE('',*,*,#11047,.T.);
#11047 = EDGE_CURVE('',#9641,#9577,#11048,.T.);
#11048 = LINE('',#11049,#11050);
#11049 = CARTESIAN_POINT('',(-0.1,-0.3,-2.5));
#11050 = VECTOR('',#11051,1.);
#11051 = DIRECTION('',(1.,-1.110223024625E-16,0.));
#11052 = ORIENTED_EDGE('',*,*,#9576,.T.);
#11053 = ORIENTED_EDGE('',*,*,#9561,.F.);
#11054 = ORIENTED_EDGE('',*,*,#9640,.F.);
#11055 = PLANE('',#11056);
#11056 = AXIS2_PLACEMENT_3D('',#11057,#11058,#11059);
#11057 = CARTESIAN_POINT('',(-0.1,-0.3,-2.5));
#11058 = DIRECTION('',(-1.110223024625E-16,-1.,0.));
#11059 = DIRECTION('',(0.,0.,1.));
#11060 = ADVANCED_FACE('',(#11061),#11072,.T.);
#11061 = FACE_BOUND('',#11062,.T.);
#11062 = EDGE_LOOP('',(#11063,#11069,#11070,#11071));
#11063 = ORIENTED_EDGE('',*,*,#11064,.T.);
#11064 = EDGE_CURVE('',#9666,#9602,#11065,.T.);
#11065 = LINE('',#11066,#11067);
#11066 = CARTESIAN_POINT('',(-0.1,-0.15,-3.1));
#11067 = VECTOR('',#11068,1.);
#11068 = DIRECTION('',(1.,-1.110223024625E-16,0.));
#11069 = ORIENTED_EDGE('',*,*,#9609,.T.);
#11070 = ORIENTED_EDGE('',*,*,#11047,.F.);
#11071 = ORIENTED_EDGE('',*,*,#9673,.F.);
#11072 = PLANE('',#11073);
#11073 = AXIS2_PLACEMENT_3D('',#11074,#11075,#11076);
#11074 = CARTESIAN_POINT('',(-0.1,-0.15,-3.1));
#11075 = DIRECTION('',(-1.077074540829E-16,-0.970142500145,
    -0.242535625036));
#11076 = DIRECTION('',(-2.692686352073E-17,-0.242535625036,
    0.970142500145));
#11077 = ADVANCED_FACE('',(#11078),#11089,.T.);
#11078 = FACE_BOUND('',#11079,.T.);
#11079 = EDGE_LOOP('',(#11080,#11086,#11087,#11088));
#11080 = ORIENTED_EDGE('',*,*,#11081,.T.);
#11081 = EDGE_CURVE('',#9658,#9594,#11082,.T.);
#11082 = LINE('',#11083,#11084);
#11083 = CARTESIAN_POINT('',(-0.1,0.15,-3.1));
#11084 = VECTOR('',#11085,1.);
#11085 = DIRECTION('',(1.,-1.110223024625E-16,0.));
#11086 = ORIENTED_EDGE('',*,*,#9601,.T.);
#11087 = ORIENTED_EDGE('',*,*,#11064,.F.);
#11088 = ORIENTED_EDGE('',*,*,#9665,.T.);
#11089 = PLANE('',#11090);
#11090 = AXIS2_PLACEMENT_3D('',#11091,#11092,#11093);
#11091 = CARTESIAN_POINT('',(-0.1,0.15,-3.1));
#11092 = DIRECTION('',(0.,-0.,-1.));
#11093 = DIRECTION('',(-1.110223024625E-16,-1.,0.));
#11094 = ADVANCED_FACE('',(#11095),#11106,.T.);
#11095 = FACE_BOUND('',#11096,.T.);
#11096 = EDGE_LOOP('',(#11097,#11103,#11104,#11105));
#11097 = ORIENTED_EDGE('',*,*,#11098,.T.);
#11098 = EDGE_CURVE('',#9650,#9586,#11099,.T.);
#11099 = LINE('',#11100,#11101);
#11100 = CARTESIAN_POINT('',(-0.1,0.3,-2.5));
#11101 = VECTOR('',#11102,1.);
#11102 = DIRECTION('',(1.,-1.110223024625E-16,0.));
#11103 = ORIENTED_EDGE('',*,*,#9593,.T.);
#11104 = ORIENTED_EDGE('',*,*,#11081,.F.);
#11105 = ORIENTED_EDGE('',*,*,#9657,.F.);
#11106 = PLANE('',#11107);
#11107 = AXIS2_PLACEMENT_3D('',#11108,#11109,#11110);
#11108 = CARTESIAN_POINT('',(-0.1,0.3,-2.5));
#11109 = DIRECTION('',(1.077074540829E-16,0.970142500145,-0.242535625036
    ));
#11110 = DIRECTION('',(-2.692686352073E-17,-0.242535625036,
    -0.970142500145));
#11111 = ADVANCED_FACE('',(#11112),#11118,.T.);
#11112 = FACE_BOUND('',#11113,.T.);
#11113 = EDGE_LOOP('',(#11114,#11115,#11116,#11117));
#11114 = ORIENTED_EDGE('',*,*,#9623,.T.);
#11115 = ORIENTED_EDGE('',*,*,#9585,.T.);
#11116 = ORIENTED_EDGE('',*,*,#11098,.F.);
#11117 = ORIENTED_EDGE('',*,*,#9649,.F.);
#11118 = PLANE('',#11119);
#11119 = AXIS2_PLACEMENT_3D('',#11120,#11121,#11122);
#11120 = CARTESIAN_POINT('',(-0.1,0.3,0.2));
#11121 = DIRECTION('',(1.110223024625E-16,1.,0.));
#11122 = DIRECTION('',(0.,0.,-1.));
#11123 = ADVANCED_FACE('',(#11124),#11135,.T.);
#11124 = FACE_BOUND('',#11125,.T.);
#11125 = EDGE_LOOP('',(#11126,#11127,#11128,#11129));
#11126 = ORIENTED_EDGE('',*,*,#9832,.T.);
#11127 = ORIENTED_EDGE('',*,*,#9695,.T.);
#11128 = ORIENTED_EDGE('',*,*,#9720,.T.);
#11129 = ORIENTED_EDGE('',*,*,#11130,.T.);
#11130 = EDGE_CURVE('',#9721,#9825,#11131,.T.);
#11131 = LINE('',#11132,#11133);
#11132 = CARTESIAN_POINT('',(0.1,-12.7,0.9));
#11133 = VECTOR('',#11134,1.);
#11134 = DIRECTION('',(-1.110223024625E-16,-1.,0.));
#11135 = PLANE('',#11136);
#11136 = AXIS2_PLACEMENT_3D('',#11137,#11138,#11139);
#11137 = CARTESIAN_POINT('',(-1.492093485804E-15,-12.7,0.9));
#11138 = DIRECTION('',(0.,0.,1.));
#11139 = DIRECTION('',(1.110223024625E-16,1.,-0.));
#11140 = ADVANCED_FACE('',(#11141),#11152,.T.);
#11141 = FACE_BOUND('',#11142,.T.);
#11142 = EDGE_LOOP('',(#11143,#11144,#11150,#11151));
#11143 = ORIENTED_EDGE('',*,*,#9800,.T.);
#11144 = ORIENTED_EDGE('',*,*,#11145,.F.);
#11145 = EDGE_CURVE('',#9745,#9801,#11146,.T.);
#11146 = LINE('',#11147,#11148);
#11147 = CARTESIAN_POINT('',(-0.1,-12.7,0.9));
#11148 = VECTOR('',#11149,1.);
#11149 = DIRECTION('',(-1.110223024625E-16,-1.,0.));
#11150 = ORIENTED_EDGE('',*,*,#9752,.T.);
#11151 = ORIENTED_EDGE('',*,*,#9775,.T.);
#11152 = PLANE('',#11153);
#11153 = AXIS2_PLACEMENT_3D('',#11154,#11155,#11156);
#11154 = CARTESIAN_POINT('',(-1.492093485804E-15,-12.7,0.9));
#11155 = DIRECTION('',(0.,0.,1.));
#11156 = DIRECTION('',(1.110223024625E-16,1.,-0.));
#11157 = ADVANCED_FACE('',(#11158),#11201,.T.);
#11158 = FACE_BOUND('',#11159,.T.);
#11159 = EDGE_LOOP('',(#11160,#11161,#11169,#11177,#11185,#11193,#11199,
    #11200));
#11160 = ORIENTED_EDGE('',*,*,#9808,.F.);
#11161 = ORIENTED_EDGE('',*,*,#11162,.T.);
#11162 = EDGE_CURVE('',#9809,#11163,#11165,.T.);
#11163 = VERTEX_POINT('',#11164);
#11164 = CARTESIAN_POINT('',(-0.1,-12.95,7.35));
#11165 = LINE('',#11166,#11167);
#11166 = CARTESIAN_POINT('',(-0.1,-13.,7.4));
#11167 = VECTOR('',#11168,1.);
#11168 = DIRECTION('',(7.850462293414E-17,0.707106781187,-0.707106781187
    ));
#11169 = ORIENTED_EDGE('',*,*,#11170,.T.);
#11170 = EDGE_CURVE('',#11163,#11171,#11173,.T.);
#11171 = VERTEX_POINT('',#11172);
#11172 = CARTESIAN_POINT('',(-0.1,-12.95,1.25));
#11173 = LINE('',#11174,#11175);
#11174 = CARTESIAN_POINT('',(-0.1,-12.95,7.35));
#11175 = VECTOR('',#11176,1.);
#11176 = DIRECTION('',(0.,0.,-1.));
#11177 = ORIENTED_EDGE('',*,*,#11178,.T.);
#11178 = EDGE_CURVE('',#11171,#11179,#11181,.T.);
#11179 = VERTEX_POINT('',#11180);
#11180 = CARTESIAN_POINT('',(-0.1,-12.45,1.25));
#11181 = LINE('',#11182,#11183);
#11182 = CARTESIAN_POINT('',(-0.1,-12.95,1.25));
#11183 = VECTOR('',#11184,1.);
#11184 = DIRECTION('',(1.110223024625E-16,1.,0.));
#11185 = ORIENTED_EDGE('',*,*,#11186,.T.);
#11186 = EDGE_CURVE('',#11179,#11187,#11189,.T.);
#11187 = VERTEX_POINT('',#11188);
#11188 = CARTESIAN_POINT('',(-0.1,-12.45,7.35));
#11189 = LINE('',#11190,#11191);
#11190 = CARTESIAN_POINT('',(-0.1,-12.45,1.25));
#11191 = VECTOR('',#11192,1.);
#11192 = DIRECTION('',(0.,0.,1.));
#11193 = ORIENTED_EDGE('',*,*,#11194,.T.);
#11194 = EDGE_CURVE('',#11187,#9737,#11195,.T.);
#11195 = LINE('',#11196,#11197);
#11196 = CARTESIAN_POINT('',(-0.1,-12.45,7.35));
#11197 = VECTOR('',#11198,1.);
#11198 = DIRECTION('',(7.850462293414E-17,0.707106781187,0.707106781187)
  );
#11199 = ORIENTED_EDGE('',*,*,#9744,.F.);
#11200 = ORIENTED_EDGE('',*,*,#11145,.T.);
#11201 = PLANE('',#11202);
#11202 = AXIS2_PLACEMENT_3D('',#11203,#11204,#11205);
#11203 = CARTESIAN_POINT('',(-0.1,-12.7,3.911477598424));
#11204 = DIRECTION('',(-1.,1.110223024625E-16,0.));
#11205 = DIRECTION('',(0.,0.,1.));
#11206 = ADVANCED_FACE('',(#11207),#11225,.T.);
#11207 = FACE_BOUND('',#11208,.T.);
#11208 = EDGE_LOOP('',(#11209,#11217,#11223,#11224));
#11209 = ORIENTED_EDGE('',*,*,#11210,.T.);
#11210 = EDGE_CURVE('',#11187,#11211,#11213,.T.);
#11211 = VERTEX_POINT('',#11212);
#11212 = CARTESIAN_POINT('',(0.1,-12.45,7.35));
#11213 = LINE('',#11214,#11215);
#11214 = CARTESIAN_POINT('',(-0.1,-12.45,7.35));
#11215 = VECTOR('',#11216,1.);
#11216 = DIRECTION('',(1.,-1.110223024625E-16,0.));
#11217 = ORIENTED_EDGE('',*,*,#11218,.T.);
#11218 = EDGE_CURVE('',#11211,#9729,#11219,.T.);
#11219 = LINE('',#11220,#11221);
#11220 = CARTESIAN_POINT('',(0.1,-12.45,7.35));
#11221 = VECTOR('',#11222,1.);
#11222 = DIRECTION('',(7.850462293414E-17,0.707106781187,0.707106781187)
  );
#11223 = ORIENTED_EDGE('',*,*,#9736,.F.);
#11224 = ORIENTED_EDGE('',*,*,#11194,.F.);
#11225 = PLANE('',#11226);
#11226 = AXIS2_PLACEMENT_3D('',#11227,#11228,#11229);
#11227 = CARTESIAN_POINT('',(-0.1,-12.45,7.35));
#11228 = DIRECTION('',(-7.850462293414E-17,-0.707106781187,
    0.707106781187));
#11229 = DIRECTION('',(7.850462293414E-17,0.707106781187,0.707106781187)
  );
#11230 = ADVANCED_FACE('',(#11231),#11267,.F.);
#11231 = FACE_BOUND('',#11232,.F.);
#11232 = EDGE_LOOP('',(#11233,#11234,#11242,#11250,#11258,#11264,#11265,
    #11266));
#11233 = ORIENTED_EDGE('',*,*,#9824,.F.);
#11234 = ORIENTED_EDGE('',*,*,#11235,.T.);
#11235 = EDGE_CURVE('',#9817,#11236,#11238,.T.);
#11236 = VERTEX_POINT('',#11237);
#11237 = CARTESIAN_POINT('',(0.1,-12.95,7.35));
#11238 = LINE('',#11239,#11240);
#11239 = CARTESIAN_POINT('',(0.1,-13.,7.4));
#11240 = VECTOR('',#11241,1.);
#11241 = DIRECTION('',(7.850462293414E-17,0.707106781187,-0.707106781187
    ));
#11242 = ORIENTED_EDGE('',*,*,#11243,.T.);
#11243 = EDGE_CURVE('',#11236,#11244,#11246,.T.);
#11244 = VERTEX_POINT('',#11245);
#11245 = CARTESIAN_POINT('',(0.1,-12.95,1.25));
#11246 = LINE('',#11247,#11248);
#11247 = CARTESIAN_POINT('',(0.1,-12.95,7.35));
#11248 = VECTOR('',#11249,1.);
#11249 = DIRECTION('',(0.,0.,-1.));
#11250 = ORIENTED_EDGE('',*,*,#11251,.T.);
#11251 = EDGE_CURVE('',#11244,#11252,#11254,.T.);
#11252 = VERTEX_POINT('',#11253);
#11253 = CARTESIAN_POINT('',(0.1,-12.45,1.25));
#11254 = LINE('',#11255,#11256);
#11255 = CARTESIAN_POINT('',(0.1,-12.95,1.25));
#11256 = VECTOR('',#11257,1.);
#11257 = DIRECTION('',(1.110223024625E-16,1.,0.));
#11258 = ORIENTED_EDGE('',*,*,#11259,.T.);
#11259 = EDGE_CURVE('',#11252,#11211,#11260,.T.);
#11260 = LINE('',#11261,#11262);
#11261 = CARTESIAN_POINT('',(0.1,-12.45,1.25));
#11262 = VECTOR('',#11263,1.);
#11263 = DIRECTION('',(0.,0.,1.));
#11264 = ORIENTED_EDGE('',*,*,#11218,.T.);
#11265 = ORIENTED_EDGE('',*,*,#9728,.F.);
#11266 = ORIENTED_EDGE('',*,*,#11130,.T.);
#11267 = PLANE('',#11268);
#11268 = AXIS2_PLACEMENT_3D('',#11269,#11270,#11271);
#11269 = CARTESIAN_POINT('',(0.1,-12.7,3.911477598424));
#11270 = DIRECTION('',(-1.,1.110223024625E-16,0.));
#11271 = DIRECTION('',(0.,0.,1.));
#11272 = ADVANCED_FACE('',(#11273),#11284,.T.);
#11273 = FACE_BOUND('',#11274,.T.);
#11274 = EDGE_LOOP('',(#11275,#11276,#11277,#11283));
#11275 = ORIENTED_EDGE('',*,*,#9816,.T.);
#11276 = ORIENTED_EDGE('',*,*,#11235,.T.);
#11277 = ORIENTED_EDGE('',*,*,#11278,.F.);
#11278 = EDGE_CURVE('',#11163,#11236,#11279,.T.);
#11279 = LINE('',#11280,#11281);
#11280 = CARTESIAN_POINT('',(-0.1,-12.95,7.35));
#11281 = VECTOR('',#11282,1.);
#11282 = DIRECTION('',(1.,-1.110223024625E-16,0.));
#11283 = ORIENTED_EDGE('',*,*,#11162,.F.);
#11284 = PLANE('',#11285);
#11285 = AXIS2_PLACEMENT_3D('',#11286,#11287,#11288);
#11286 = CARTESIAN_POINT('',(-0.1,-13.,7.4));
#11287 = DIRECTION('',(7.850462293414E-17,0.707106781187,0.707106781187)
  );
#11288 = DIRECTION('',(7.850462293414E-17,0.707106781187,-0.707106781187
    ));
#11289 = ADVANCED_FACE('',(#11290),#11301,.T.);
#11290 = FACE_BOUND('',#11291,.T.);
#11291 = EDGE_LOOP('',(#11292,#11293,#11294,#11295));
#11292 = ORIENTED_EDGE('',*,*,#9992,.T.);
#11293 = ORIENTED_EDGE('',*,*,#9855,.T.);
#11294 = ORIENTED_EDGE('',*,*,#9880,.T.);
#11295 = ORIENTED_EDGE('',*,*,#11296,.T.);
#11296 = EDGE_CURVE('',#9881,#9985,#11297,.T.);
#11297 = LINE('',#11298,#11299);
#11298 = CARTESIAN_POINT('',(0.1,-10.16,0.9));
#11299 = VECTOR('',#11300,1.);
#11300 = DIRECTION('',(-1.110223024625E-16,-1.,0.));
#11301 = PLANE('',#11302);
#11302 = AXIS2_PLACEMENT_3D('',#11303,#11304,#11305);
#11303 = CARTESIAN_POINT('',(-1.210096837549E-15,-10.16,0.9));
#11304 = DIRECTION('',(0.,0.,1.));
#11305 = DIRECTION('',(1.110223024625E-16,1.,-0.));
#11306 = ADVANCED_FACE('',(#11307),#11318,.T.);
#11307 = FACE_BOUND('',#11308,.T.);
#11308 = EDGE_LOOP('',(#11309,#11310,#11316,#11317));
#11309 = ORIENTED_EDGE('',*,*,#9960,.T.);
#11310 = ORIENTED_EDGE('',*,*,#11311,.F.);
#11311 = EDGE_CURVE('',#9905,#9961,#11312,.T.);
#11312 = LINE('',#11313,#11314);
#11313 = CARTESIAN_POINT('',(-0.1,-10.16,0.9));
#11314 = VECTOR('',#11315,1.);
#11315 = DIRECTION('',(-1.110223024625E-16,-1.,0.));
#11316 = ORIENTED_EDGE('',*,*,#9912,.T.);
#11317 = ORIENTED_EDGE('',*,*,#9935,.T.);
#11318 = PLANE('',#11319);
#11319 = AXIS2_PLACEMENT_3D('',#11320,#11321,#11322);
#11320 = CARTESIAN_POINT('',(-1.210096837549E-15,-10.16,0.9));
#11321 = DIRECTION('',(0.,0.,1.));
#11322 = DIRECTION('',(1.110223024625E-16,1.,-0.));
#11323 = ADVANCED_FACE('',(#11324),#11367,.T.);
#11324 = FACE_BOUND('',#11325,.T.);
#11325 = EDGE_LOOP('',(#11326,#11327,#11335,#11343,#11351,#11359,#11365,
    #11366));
#11326 = ORIENTED_EDGE('',*,*,#9968,.F.);
#11327 = ORIENTED_EDGE('',*,*,#11328,.T.);
#11328 = EDGE_CURVE('',#9969,#11329,#11331,.T.);
#11329 = VERTEX_POINT('',#11330);
#11330 = CARTESIAN_POINT('',(-0.1,-10.41,7.35));
#11331 = LINE('',#11332,#11333);
#11332 = CARTESIAN_POINT('',(-0.1,-10.46,7.4));
#11333 = VECTOR('',#11334,1.);
#11334 = DIRECTION('',(7.850462293414E-17,0.707106781187,-0.707106781187
    ));
#11335 = ORIENTED_EDGE('',*,*,#11336,.T.);
#11336 = EDGE_CURVE('',#11329,#11337,#11339,.T.);
#11337 = VERTEX_POINT('',#11338);
#11338 = CARTESIAN_POINT('',(-0.1,-10.41,1.25));
#11339 = LINE('',#11340,#11341);
#11340 = CARTESIAN_POINT('',(-0.1,-10.41,7.35));
#11341 = VECTOR('',#11342,1.);
#11342 = DIRECTION('',(0.,0.,-1.));
#11343 = ORIENTED_EDGE('',*,*,#11344,.T.);
#11344 = EDGE_CURVE('',#11337,#11345,#11347,.T.);
#11345 = VERTEX_POINT('',#11346);
#11346 = CARTESIAN_POINT('',(-0.1,-9.91,1.25));
#11347 = LINE('',#11348,#11349);
#11348 = CARTESIAN_POINT('',(-0.1,-10.41,1.25));
#11349 = VECTOR('',#11350,1.);
#11350 = DIRECTION('',(1.110223024625E-16,1.,0.));
#11351 = ORIENTED_EDGE('',*,*,#11352,.T.);
#11352 = EDGE_CURVE('',#11345,#11353,#11355,.T.);
#11353 = VERTEX_POINT('',#11354);
#11354 = CARTESIAN_POINT('',(-0.1,-9.91,7.35));
#11355 = LINE('',#11356,#11357);
#11356 = CARTESIAN_POINT('',(-0.1,-9.91,1.25));
#11357 = VECTOR('',#11358,1.);
#11358 = DIRECTION('',(0.,0.,1.));
#11359 = ORIENTED_EDGE('',*,*,#11360,.T.);
#11360 = EDGE_CURVE('',#11353,#9897,#11361,.T.);
#11361 = LINE('',#11362,#11363);
#11362 = CARTESIAN_POINT('',(-0.1,-9.91,7.35));
#11363 = VECTOR('',#11364,1.);
#11364 = DIRECTION('',(7.850462293414E-17,0.707106781187,0.707106781187)
  );
#11365 = ORIENTED_EDGE('',*,*,#9904,.F.);
#11366 = ORIENTED_EDGE('',*,*,#11311,.T.);
#11367 = PLANE('',#11368);
#11368 = AXIS2_PLACEMENT_3D('',#11369,#11370,#11371);
#11369 = CARTESIAN_POINT('',(-0.1,-10.16,3.911477598424));
#11370 = DIRECTION('',(-1.,1.110223024625E-16,0.));
#11371 = DIRECTION('',(0.,0.,1.));
#11372 = ADVANCED_FACE('',(#11373),#11391,.T.);
#11373 = FACE_BOUND('',#11374,.T.);
#11374 = EDGE_LOOP('',(#11375,#11383,#11389,#11390));
#11375 = ORIENTED_EDGE('',*,*,#11376,.T.);
#11376 = EDGE_CURVE('',#11353,#11377,#11379,.T.);
#11377 = VERTEX_POINT('',#11378);
#11378 = CARTESIAN_POINT('',(0.1,-9.91,7.35));
#11379 = LINE('',#11380,#11381);
#11380 = CARTESIAN_POINT('',(-0.1,-9.91,7.35));
#11381 = VECTOR('',#11382,1.);
#11382 = DIRECTION('',(1.,-1.110223024625E-16,0.));
#11383 = ORIENTED_EDGE('',*,*,#11384,.T.);
#11384 = EDGE_CURVE('',#11377,#9889,#11385,.T.);
#11385 = LINE('',#11386,#11387);
#11386 = CARTESIAN_POINT('',(0.1,-9.91,7.35));
#11387 = VECTOR('',#11388,1.);
#11388 = DIRECTION('',(7.850462293414E-17,0.707106781187,0.707106781187)
  );
#11389 = ORIENTED_EDGE('',*,*,#9896,.F.);
#11390 = ORIENTED_EDGE('',*,*,#11360,.F.);
#11391 = PLANE('',#11392);
#11392 = AXIS2_PLACEMENT_3D('',#11393,#11394,#11395);
#11393 = CARTESIAN_POINT('',(-0.1,-9.91,7.35));
#11394 = DIRECTION('',(-7.850462293414E-17,-0.707106781187,
    0.707106781187));
#11395 = DIRECTION('',(7.850462293414E-17,0.707106781187,0.707106781187)
  );
#11396 = ADVANCED_FACE('',(#11397),#11433,.F.);
#11397 = FACE_BOUND('',#11398,.F.);
#11398 = EDGE_LOOP('',(#11399,#11400,#11408,#11416,#11424,#11430,#11431,
    #11432));
#11399 = ORIENTED_EDGE('',*,*,#9984,.F.);
#11400 = ORIENTED_EDGE('',*,*,#11401,.T.);
#11401 = EDGE_CURVE('',#9977,#11402,#11404,.T.);
#11402 = VERTEX_POINT('',#11403);
#11403 = CARTESIAN_POINT('',(0.1,-10.41,7.35));
#11404 = LINE('',#11405,#11406);
#11405 = CARTESIAN_POINT('',(0.1,-10.46,7.4));
#11406 = VECTOR('',#11407,1.);
#11407 = DIRECTION('',(7.850462293414E-17,0.707106781187,-0.707106781187
    ));
#11408 = ORIENTED_EDGE('',*,*,#11409,.T.);
#11409 = EDGE_CURVE('',#11402,#11410,#11412,.T.);
#11410 = VERTEX_POINT('',#11411);
#11411 = CARTESIAN_POINT('',(0.1,-10.41,1.25));
#11412 = LINE('',#11413,#11414);
#11413 = CARTESIAN_POINT('',(0.1,-10.41,7.35));
#11414 = VECTOR('',#11415,1.);
#11415 = DIRECTION('',(0.,0.,-1.));
#11416 = ORIENTED_EDGE('',*,*,#11417,.T.);
#11417 = EDGE_CURVE('',#11410,#11418,#11420,.T.);
#11418 = VERTEX_POINT('',#11419);
#11419 = CARTESIAN_POINT('',(0.1,-9.91,1.25));
#11420 = LINE('',#11421,#11422);
#11421 = CARTESIAN_POINT('',(0.1,-10.41,1.25));
#11422 = VECTOR('',#11423,1.);
#11423 = DIRECTION('',(1.110223024625E-16,1.,0.));
#11424 = ORIENTED_EDGE('',*,*,#11425,.T.);
#11425 = EDGE_CURVE('',#11418,#11377,#11426,.T.);
#11426 = LINE('',#11427,#11428);
#11427 = CARTESIAN_POINT('',(0.1,-9.91,1.25));
#11428 = VECTOR('',#11429,1.);
#11429 = DIRECTION('',(0.,0.,1.));
#11430 = ORIENTED_EDGE('',*,*,#11384,.T.);
#11431 = ORIENTED_EDGE('',*,*,#9888,.F.);
#11432 = ORIENTED_EDGE('',*,*,#11296,.T.);
#11433 = PLANE('',#11434);
#11434 = AXIS2_PLACEMENT_3D('',#11435,#11436,#11437);
#11435 = CARTESIAN_POINT('',(0.1,-10.16,3.911477598424));
#11436 = DIRECTION('',(-1.,1.110223024625E-16,0.));
#11437 = DIRECTION('',(0.,0.,1.));
#11438 = ADVANCED_FACE('',(#11439),#11450,.T.);
#11439 = FACE_BOUND('',#11440,.T.);
#11440 = EDGE_LOOP('',(#11441,#11442,#11443,#11449));
#11441 = ORIENTED_EDGE('',*,*,#9976,.T.);
#11442 = ORIENTED_EDGE('',*,*,#11401,.T.);
#11443 = ORIENTED_EDGE('',*,*,#11444,.F.);
#11444 = EDGE_CURVE('',#11329,#11402,#11445,.T.);
#11445 = LINE('',#11446,#11447);
#11446 = CARTESIAN_POINT('',(-0.1,-10.41,7.35));
#11447 = VECTOR('',#11448,1.);
#11448 = DIRECTION('',(1.,-1.110223024625E-16,0.));
#11449 = ORIENTED_EDGE('',*,*,#11328,.F.);
#11450 = PLANE('',#11451);
#11451 = AXIS2_PLACEMENT_3D('',#11452,#11453,#11454);
#11452 = CARTESIAN_POINT('',(-0.1,-10.46,7.4));
#11453 = DIRECTION('',(7.850462293414E-17,0.707106781187,0.707106781187)
  );
#11454 = DIRECTION('',(7.850462293414E-17,0.707106781187,-0.707106781187
    ));
#11455 = ADVANCED_FACE('',(#11456),#11467,.T.);
#11456 = FACE_BOUND('',#11457,.T.);
#11457 = EDGE_LOOP('',(#11458,#11459,#11460,#11461));
#11458 = ORIENTED_EDGE('',*,*,#10152,.T.);
#11459 = ORIENTED_EDGE('',*,*,#10015,.T.);
#11460 = ORIENTED_EDGE('',*,*,#10040,.T.);
#11461 = ORIENTED_EDGE('',*,*,#11462,.T.);
#11462 = EDGE_CURVE('',#10041,#10145,#11463,.T.);
#11463 = LINE('',#11464,#11465);
#11464 = CARTESIAN_POINT('',(0.1,-7.62,0.9));
#11465 = VECTOR('',#11466,1.);
#11466 = DIRECTION('',(-1.110223024625E-16,-1.,0.));
#11467 = PLANE('',#11468);
#11468 = AXIS2_PLACEMENT_3D('',#11469,#11470,#11471);
#11469 = CARTESIAN_POINT('',(-9.281001892939E-16,-7.62,0.9));
#11470 = DIRECTION('',(0.,0.,1.));
#11471 = DIRECTION('',(1.110223024625E-16,1.,-0.));
#11472 = ADVANCED_FACE('',(#11473),#11484,.T.);
#11473 = FACE_BOUND('',#11474,.T.);
#11474 = EDGE_LOOP('',(#11475,#11476,#11482,#11483));
#11475 = ORIENTED_EDGE('',*,*,#10120,.T.);
#11476 = ORIENTED_EDGE('',*,*,#11477,.F.);
#11477 = EDGE_CURVE('',#10065,#10121,#11478,.T.);
#11478 = LINE('',#11479,#11480);
#11479 = CARTESIAN_POINT('',(-0.1,-7.62,0.9));
#11480 = VECTOR('',#11481,1.);
#11481 = DIRECTION('',(-1.110223024625E-16,-1.,0.));
#11482 = ORIENTED_EDGE('',*,*,#10072,.T.);
#11483 = ORIENTED_EDGE('',*,*,#10095,.T.);
#11484 = PLANE('',#11485);
#11485 = AXIS2_PLACEMENT_3D('',#11486,#11487,#11488);
#11486 = CARTESIAN_POINT('',(-9.281001892939E-16,-7.62,0.9));
#11487 = DIRECTION('',(0.,0.,1.));
#11488 = DIRECTION('',(1.110223024625E-16,1.,-0.));
#11489 = ADVANCED_FACE('',(#11490),#11533,.T.);
#11490 = FACE_BOUND('',#11491,.T.);
#11491 = EDGE_LOOP('',(#11492,#11493,#11501,#11509,#11517,#11525,#11531,
    #11532));
#11492 = ORIENTED_EDGE('',*,*,#10128,.F.);
#11493 = ORIENTED_EDGE('',*,*,#11494,.T.);
#11494 = EDGE_CURVE('',#10129,#11495,#11497,.T.);
#11495 = VERTEX_POINT('',#11496);
#11496 = CARTESIAN_POINT('',(-0.1,-7.87,7.35));
#11497 = LINE('',#11498,#11499);
#11498 = CARTESIAN_POINT('',(-0.1,-7.92,7.4));
#11499 = VECTOR('',#11500,1.);
#11500 = DIRECTION('',(7.850462293414E-17,0.707106781187,-0.707106781187
    ));
#11501 = ORIENTED_EDGE('',*,*,#11502,.T.);
#11502 = EDGE_CURVE('',#11495,#11503,#11505,.T.);
#11503 = VERTEX_POINT('',#11504);
#11504 = CARTESIAN_POINT('',(-0.1,-7.87,1.25));
#11505 = LINE('',#11506,#11507);
#11506 = CARTESIAN_POINT('',(-0.1,-7.87,7.35));
#11507 = VECTOR('',#11508,1.);
#11508 = DIRECTION('',(0.,0.,-1.));
#11509 = ORIENTED_EDGE('',*,*,#11510,.T.);
#11510 = EDGE_CURVE('',#11503,#11511,#11513,.T.);
#11511 = VERTEX_POINT('',#11512);
#11512 = CARTESIAN_POINT('',(-0.1,-7.37,1.25));
#11513 = LINE('',#11514,#11515);
#11514 = CARTESIAN_POINT('',(-0.1,-7.87,1.25));
#11515 = VECTOR('',#11516,1.);
#11516 = DIRECTION('',(1.110223024625E-16,1.,0.));
#11517 = ORIENTED_EDGE('',*,*,#11518,.T.);
#11518 = EDGE_CURVE('',#11511,#11519,#11521,.T.);
#11519 = VERTEX_POINT('',#11520);
#11520 = CARTESIAN_POINT('',(-0.1,-7.37,7.35));
#11521 = LINE('',#11522,#11523);
#11522 = CARTESIAN_POINT('',(-0.1,-7.37,1.25));
#11523 = VECTOR('',#11524,1.);
#11524 = DIRECTION('',(0.,0.,1.));
#11525 = ORIENTED_EDGE('',*,*,#11526,.T.);
#11526 = EDGE_CURVE('',#11519,#10057,#11527,.T.);
#11527 = LINE('',#11528,#11529);
#11528 = CARTESIAN_POINT('',(-0.1,-7.37,7.35));
#11529 = VECTOR('',#11530,1.);
#11530 = DIRECTION('',(7.850462293414E-17,0.707106781187,0.707106781187)
  );
#11531 = ORIENTED_EDGE('',*,*,#10064,.F.);
#11532 = ORIENTED_EDGE('',*,*,#11477,.T.);
#11533 = PLANE('',#11534);
#11534 = AXIS2_PLACEMENT_3D('',#11535,#11536,#11537);
#11535 = CARTESIAN_POINT('',(-0.1,-7.62,3.911477598424));
#11536 = DIRECTION('',(-1.,1.110223024625E-16,0.));
#11537 = DIRECTION('',(0.,0.,1.));
#11538 = ADVANCED_FACE('',(#11539),#11557,.T.);
#11539 = FACE_BOUND('',#11540,.T.);
#11540 = EDGE_LOOP('',(#11541,#11549,#11555,#11556));
#11541 = ORIENTED_EDGE('',*,*,#11542,.T.);
#11542 = EDGE_CURVE('',#11519,#11543,#11545,.T.);
#11543 = VERTEX_POINT('',#11544);
#11544 = CARTESIAN_POINT('',(0.1,-7.37,7.35));
#11545 = LINE('',#11546,#11547);
#11546 = CARTESIAN_POINT('',(-0.1,-7.37,7.35));
#11547 = VECTOR('',#11548,1.);
#11548 = DIRECTION('',(1.,-1.110223024625E-16,0.));
#11549 = ORIENTED_EDGE('',*,*,#11550,.T.);
#11550 = EDGE_CURVE('',#11543,#10049,#11551,.T.);
#11551 = LINE('',#11552,#11553);
#11552 = CARTESIAN_POINT('',(0.1,-7.37,7.35));
#11553 = VECTOR('',#11554,1.);
#11554 = DIRECTION('',(7.850462293414E-17,0.707106781187,0.707106781187)
  );
#11555 = ORIENTED_EDGE('',*,*,#10056,.F.);
#11556 = ORIENTED_EDGE('',*,*,#11526,.F.);
#11557 = PLANE('',#11558);
#11558 = AXIS2_PLACEMENT_3D('',#11559,#11560,#11561);
#11559 = CARTESIAN_POINT('',(-0.1,-7.37,7.35));
#11560 = DIRECTION('',(-7.850462293414E-17,-0.707106781187,
    0.707106781187));
#11561 = DIRECTION('',(7.850462293414E-17,0.707106781187,0.707106781187)
  );
#11562 = ADVANCED_FACE('',(#11563),#11599,.F.);
#11563 = FACE_BOUND('',#11564,.F.);
#11564 = EDGE_LOOP('',(#11565,#11566,#11574,#11582,#11590,#11596,#11597,
    #11598));
#11565 = ORIENTED_EDGE('',*,*,#10144,.F.);
#11566 = ORIENTED_EDGE('',*,*,#11567,.T.);
#11567 = EDGE_CURVE('',#10137,#11568,#11570,.T.);
#11568 = VERTEX_POINT('',#11569);
#11569 = CARTESIAN_POINT('',(0.1,-7.87,7.35));
#11570 = LINE('',#11571,#11572);
#11571 = CARTESIAN_POINT('',(0.1,-7.92,7.4));
#11572 = VECTOR('',#11573,1.);
#11573 = DIRECTION('',(7.850462293414E-17,0.707106781187,-0.707106781187
    ));
#11574 = ORIENTED_EDGE('',*,*,#11575,.T.);
#11575 = EDGE_CURVE('',#11568,#11576,#11578,.T.);
#11576 = VERTEX_POINT('',#11577);
#11577 = CARTESIAN_POINT('',(0.1,-7.87,1.25));
#11578 = LINE('',#11579,#11580);
#11579 = CARTESIAN_POINT('',(0.1,-7.87,7.35));
#11580 = VECTOR('',#11581,1.);
#11581 = DIRECTION('',(0.,0.,-1.));
#11582 = ORIENTED_EDGE('',*,*,#11583,.T.);
#11583 = EDGE_CURVE('',#11576,#11584,#11586,.T.);
#11584 = VERTEX_POINT('',#11585);
#11585 = CARTESIAN_POINT('',(0.1,-7.37,1.25));
#11586 = LINE('',#11587,#11588);
#11587 = CARTESIAN_POINT('',(0.1,-7.87,1.25));
#11588 = VECTOR('',#11589,1.);
#11589 = DIRECTION('',(1.110223024625E-16,1.,0.));
#11590 = ORIENTED_EDGE('',*,*,#11591,.T.);
#11591 = EDGE_CURVE('',#11584,#11543,#11592,.T.);
#11592 = LINE('',#11593,#11594);
#11593 = CARTESIAN_POINT('',(0.1,-7.37,1.25));
#11594 = VECTOR('',#11595,1.);
#11595 = DIRECTION('',(0.,0.,1.));
#11596 = ORIENTED_EDGE('',*,*,#11550,.T.);
#11597 = ORIENTED_EDGE('',*,*,#10048,.F.);
#11598 = ORIENTED_EDGE('',*,*,#11462,.T.);
#11599 = PLANE('',#11600);
#11600 = AXIS2_PLACEMENT_3D('',#11601,#11602,#11603);
#11601 = CARTESIAN_POINT('',(0.1,-7.62,3.911477598424));
#11602 = DIRECTION('',(-1.,1.110223024625E-16,0.));
#11603 = DIRECTION('',(0.,0.,1.));
#11604 = ADVANCED_FACE('',(#11605),#11616,.T.);
#11605 = FACE_BOUND('',#11606,.T.);
#11606 = EDGE_LOOP('',(#11607,#11608,#11609,#11615));
#11607 = ORIENTED_EDGE('',*,*,#10136,.T.);
#11608 = ORIENTED_EDGE('',*,*,#11567,.T.);
#11609 = ORIENTED_EDGE('',*,*,#11610,.F.);
#11610 = EDGE_CURVE('',#11495,#11568,#11611,.T.);
#11611 = LINE('',#11612,#11613);
#11612 = CARTESIAN_POINT('',(-0.1,-7.87,7.35));
#11613 = VECTOR('',#11614,1.);
#11614 = DIRECTION('',(1.,-1.110223024625E-16,0.));
#11615 = ORIENTED_EDGE('',*,*,#11494,.F.);
#11616 = PLANE('',#11617);
#11617 = AXIS2_PLACEMENT_3D('',#11618,#11619,#11620);
#11618 = CARTESIAN_POINT('',(-0.1,-7.92,7.4));
#11619 = DIRECTION('',(7.850462293414E-17,0.707106781187,0.707106781187)
  );
#11620 = DIRECTION('',(7.850462293414E-17,0.707106781187,-0.707106781187
    ));
#11621 = ADVANCED_FACE('',(#11622),#11633,.T.);
#11622 = FACE_BOUND('',#11623,.T.);
#11623 = EDGE_LOOP('',(#11624,#11625,#11626,#11627));
#11624 = ORIENTED_EDGE('',*,*,#10312,.T.);
#11625 = ORIENTED_EDGE('',*,*,#10175,.T.);
#11626 = ORIENTED_EDGE('',*,*,#10200,.T.);
#11627 = ORIENTED_EDGE('',*,*,#11628,.T.);
#11628 = EDGE_CURVE('',#10201,#10305,#11629,.T.);
#11629 = LINE('',#11630,#11631);
#11630 = CARTESIAN_POINT('',(0.1,-5.08,0.9));
#11631 = VECTOR('',#11632,1.);
#11632 = DIRECTION('',(-1.110223024625E-16,-1.,0.));
#11633 = PLANE('',#11634);
#11634 = AXIS2_PLACEMENT_3D('',#11635,#11636,#11637);
#11635 = CARTESIAN_POINT('',(-6.461035410391E-16,-5.08,0.9));
#11636 = DIRECTION('',(0.,0.,1.));
#11637 = DIRECTION('',(1.110223024625E-16,1.,-0.));
#11638 = ADVANCED_FACE('',(#11639),#11650,.T.);
#11639 = FACE_BOUND('',#11640,.T.);
#11640 = EDGE_LOOP('',(#11641,#11642,#11648,#11649));
#11641 = ORIENTED_EDGE('',*,*,#10280,.T.);
#11642 = ORIENTED_EDGE('',*,*,#11643,.F.);
#11643 = EDGE_CURVE('',#10225,#10281,#11644,.T.);
#11644 = LINE('',#11645,#11646);
#11645 = CARTESIAN_POINT('',(-0.1,-5.08,0.9));
#11646 = VECTOR('',#11647,1.);
#11647 = DIRECTION('',(-1.110223024625E-16,-1.,0.));
#11648 = ORIENTED_EDGE('',*,*,#10232,.T.);
#11649 = ORIENTED_EDGE('',*,*,#10255,.T.);
#11650 = PLANE('',#11651);
#11651 = AXIS2_PLACEMENT_3D('',#11652,#11653,#11654);
#11652 = CARTESIAN_POINT('',(-6.461035410391E-16,-5.08,0.9));
#11653 = DIRECTION('',(0.,0.,1.));
#11654 = DIRECTION('',(1.110223024625E-16,1.,-0.));
#11655 = ADVANCED_FACE('',(#11656),#11699,.T.);
#11656 = FACE_BOUND('',#11657,.T.);
#11657 = EDGE_LOOP('',(#11658,#11659,#11667,#11675,#11683,#11691,#11697,
    #11698));
#11658 = ORIENTED_EDGE('',*,*,#10288,.F.);
#11659 = ORIENTED_EDGE('',*,*,#11660,.T.);
#11660 = EDGE_CURVE('',#10289,#11661,#11663,.T.);
#11661 = VERTEX_POINT('',#11662);
#11662 = CARTESIAN_POINT('',(-0.1,-5.33,7.35));
#11663 = LINE('',#11664,#11665);
#11664 = CARTESIAN_POINT('',(-0.1,-5.38,7.4));
#11665 = VECTOR('',#11666,1.);
#11666 = DIRECTION('',(7.850462293414E-17,0.707106781187,-0.707106781187
    ));
#11667 = ORIENTED_EDGE('',*,*,#11668,.T.);
#11668 = EDGE_CURVE('',#11661,#11669,#11671,.T.);
#11669 = VERTEX_POINT('',#11670);
#11670 = CARTESIAN_POINT('',(-0.1,-5.33,1.25));
#11671 = LINE('',#11672,#11673);
#11672 = CARTESIAN_POINT('',(-0.1,-5.33,7.35));
#11673 = VECTOR('',#11674,1.);
#11674 = DIRECTION('',(0.,0.,-1.));
#11675 = ORIENTED_EDGE('',*,*,#11676,.T.);
#11676 = EDGE_CURVE('',#11669,#11677,#11679,.T.);
#11677 = VERTEX_POINT('',#11678);
#11678 = CARTESIAN_POINT('',(-0.1,-4.83,1.25));
#11679 = LINE('',#11680,#11681);
#11680 = CARTESIAN_POINT('',(-0.1,-5.33,1.25));
#11681 = VECTOR('',#11682,1.);
#11682 = DIRECTION('',(1.110223024625E-16,1.,0.));
#11683 = ORIENTED_EDGE('',*,*,#11684,.T.);
#11684 = EDGE_CURVE('',#11677,#11685,#11687,.T.);
#11685 = VERTEX_POINT('',#11686);
#11686 = CARTESIAN_POINT('',(-0.1,-4.83,7.35));
#11687 = LINE('',#11688,#11689);
#11688 = CARTESIAN_POINT('',(-0.1,-4.83,1.25));
#11689 = VECTOR('',#11690,1.);
#11690 = DIRECTION('',(0.,0.,1.));
#11691 = ORIENTED_EDGE('',*,*,#11692,.T.);
#11692 = EDGE_CURVE('',#11685,#10217,#11693,.T.);
#11693 = LINE('',#11694,#11695);
#11694 = CARTESIAN_POINT('',(-0.1,-4.83,7.35));
#11695 = VECTOR('',#11696,1.);
#11696 = DIRECTION('',(7.850462293414E-17,0.707106781187,0.707106781187)
  );
#11697 = ORIENTED_EDGE('',*,*,#10224,.F.);
#11698 = ORIENTED_EDGE('',*,*,#11643,.T.);
#11699 = PLANE('',#11700);
#11700 = AXIS2_PLACEMENT_3D('',#11701,#11702,#11703);
#11701 = CARTESIAN_POINT('',(-0.1,-5.08,3.911477598424));
#11702 = DIRECTION('',(-1.,1.110223024625E-16,0.));
#11703 = DIRECTION('',(0.,0.,1.));
#11704 = ADVANCED_FACE('',(#11705),#11723,.T.);
#11705 = FACE_BOUND('',#11706,.T.);
#11706 = EDGE_LOOP('',(#11707,#11715,#11721,#11722));
#11707 = ORIENTED_EDGE('',*,*,#11708,.T.);
#11708 = EDGE_CURVE('',#11685,#11709,#11711,.T.);
#11709 = VERTEX_POINT('',#11710);
#11710 = CARTESIAN_POINT('',(0.1,-4.83,7.35));
#11711 = LINE('',#11712,#11713);
#11712 = CARTESIAN_POINT('',(-0.1,-4.83,7.35));
#11713 = VECTOR('',#11714,1.);
#11714 = DIRECTION('',(1.,-1.110223024625E-16,0.));
#11715 = ORIENTED_EDGE('',*,*,#11716,.T.);
#11716 = EDGE_CURVE('',#11709,#10209,#11717,.T.);
#11717 = LINE('',#11718,#11719);
#11718 = CARTESIAN_POINT('',(0.1,-4.83,7.35));
#11719 = VECTOR('',#11720,1.);
#11720 = DIRECTION('',(7.850462293414E-17,0.707106781187,0.707106781187)
  );
#11721 = ORIENTED_EDGE('',*,*,#10216,.F.);
#11722 = ORIENTED_EDGE('',*,*,#11692,.F.);
#11723 = PLANE('',#11724);
#11724 = AXIS2_PLACEMENT_3D('',#11725,#11726,#11727);
#11725 = CARTESIAN_POINT('',(-0.1,-4.83,7.35));
#11726 = DIRECTION('',(-7.850462293414E-17,-0.707106781187,
    0.707106781187));
#11727 = DIRECTION('',(7.850462293414E-17,0.707106781187,0.707106781187)
  );
#11728 = ADVANCED_FACE('',(#11729),#11765,.F.);
#11729 = FACE_BOUND('',#11730,.F.);
#11730 = EDGE_LOOP('',(#11731,#11732,#11740,#11748,#11756,#11762,#11763,
    #11764));
#11731 = ORIENTED_EDGE('',*,*,#10304,.F.);
#11732 = ORIENTED_EDGE('',*,*,#11733,.T.);
#11733 = EDGE_CURVE('',#10297,#11734,#11736,.T.);
#11734 = VERTEX_POINT('',#11735);
#11735 = CARTESIAN_POINT('',(0.1,-5.33,7.35));
#11736 = LINE('',#11737,#11738);
#11737 = CARTESIAN_POINT('',(0.1,-5.38,7.4));
#11738 = VECTOR('',#11739,1.);
#11739 = DIRECTION('',(7.850462293414E-17,0.707106781187,-0.707106781187
    ));
#11740 = ORIENTED_EDGE('',*,*,#11741,.T.);
#11741 = EDGE_CURVE('',#11734,#11742,#11744,.T.);
#11742 = VERTEX_POINT('',#11743);
#11743 = CARTESIAN_POINT('',(0.1,-5.33,1.25));
#11744 = LINE('',#11745,#11746);
#11745 = CARTESIAN_POINT('',(0.1,-5.33,7.35));
#11746 = VECTOR('',#11747,1.);
#11747 = DIRECTION('',(0.,0.,-1.));
#11748 = ORIENTED_EDGE('',*,*,#11749,.T.);
#11749 = EDGE_CURVE('',#11742,#11750,#11752,.T.);
#11750 = VERTEX_POINT('',#11751);
#11751 = CARTESIAN_POINT('',(0.1,-4.83,1.25));
#11752 = LINE('',#11753,#11754);
#11753 = CARTESIAN_POINT('',(0.1,-5.33,1.25));
#11754 = VECTOR('',#11755,1.);
#11755 = DIRECTION('',(1.110223024625E-16,1.,0.));
#11756 = ORIENTED_EDGE('',*,*,#11757,.T.);
#11757 = EDGE_CURVE('',#11750,#11709,#11758,.T.);
#11758 = LINE('',#11759,#11760);
#11759 = CARTESIAN_POINT('',(0.1,-4.83,1.25));
#11760 = VECTOR('',#11761,1.);
#11761 = DIRECTION('',(0.,0.,1.));
#11762 = ORIENTED_EDGE('',*,*,#11716,.T.);
#11763 = ORIENTED_EDGE('',*,*,#10208,.F.);
#11764 = ORIENTED_EDGE('',*,*,#11628,.T.);
#11765 = PLANE('',#11766);
#11766 = AXIS2_PLACEMENT_3D('',#11767,#11768,#11769);
#11767 = CARTESIAN_POINT('',(0.1,-5.08,3.911477598424));
#11768 = DIRECTION('',(-1.,1.110223024625E-16,0.));
#11769 = DIRECTION('',(0.,0.,1.));
#11770 = ADVANCED_FACE('',(#11771),#11782,.T.);
#11771 = FACE_BOUND('',#11772,.T.);
#11772 = EDGE_LOOP('',(#11773,#11774,#11775,#11781));
#11773 = ORIENTED_EDGE('',*,*,#10296,.T.);
#11774 = ORIENTED_EDGE('',*,*,#11733,.T.);
#11775 = ORIENTED_EDGE('',*,*,#11776,.F.);
#11776 = EDGE_CURVE('',#11661,#11734,#11777,.T.);
#11777 = LINE('',#11778,#11779);
#11778 = CARTESIAN_POINT('',(-0.1,-5.33,7.35));
#11779 = VECTOR('',#11780,1.);
#11780 = DIRECTION('',(1.,-1.110223024625E-16,0.));
#11781 = ORIENTED_EDGE('',*,*,#11660,.F.);
#11782 = PLANE('',#11783);
#11783 = AXIS2_PLACEMENT_3D('',#11784,#11785,#11786);
#11784 = CARTESIAN_POINT('',(-0.1,-5.38,7.4));
#11785 = DIRECTION('',(7.850462293414E-17,0.707106781187,0.707106781187)
  );
#11786 = DIRECTION('',(7.850462293414E-17,0.707106781187,-0.707106781187
    ));
#11787 = ADVANCED_FACE('',(#11788),#11799,.T.);
#11788 = FACE_BOUND('',#11789,.T.);
#11789 = EDGE_LOOP('',(#11790,#11791,#11792,#11793));
#11790 = ORIENTED_EDGE('',*,*,#10472,.T.);
#11791 = ORIENTED_EDGE('',*,*,#10335,.T.);
#11792 = ORIENTED_EDGE('',*,*,#10360,.T.);
#11793 = ORIENTED_EDGE('',*,*,#11794,.T.);
#11794 = EDGE_CURVE('',#10361,#10465,#11795,.T.);
#11795 = LINE('',#11796,#11797);
#11796 = CARTESIAN_POINT('',(0.1,-2.54,0.9));
#11797 = VECTOR('',#11798,1.);
#11798 = DIRECTION('',(-1.110223024625E-16,-1.,0.));
#11799 = PLANE('',#11800);
#11800 = AXIS2_PLACEMENT_3D('',#11801,#11802,#11803);
#11801 = CARTESIAN_POINT('',(-3.641068927844E-16,-2.54,0.9));
#11802 = DIRECTION('',(0.,0.,1.));
#11803 = DIRECTION('',(1.110223024625E-16,1.,-0.));
#11804 = ADVANCED_FACE('',(#11805),#11816,.T.);
#11805 = FACE_BOUND('',#11806,.T.);
#11806 = EDGE_LOOP('',(#11807,#11808,#11814,#11815));
#11807 = ORIENTED_EDGE('',*,*,#10440,.T.);
#11808 = ORIENTED_EDGE('',*,*,#11809,.F.);
#11809 = EDGE_CURVE('',#10385,#10441,#11810,.T.);
#11810 = LINE('',#11811,#11812);
#11811 = CARTESIAN_POINT('',(-0.1,-2.54,0.9));
#11812 = VECTOR('',#11813,1.);
#11813 = DIRECTION('',(-1.110223024625E-16,-1.,0.));
#11814 = ORIENTED_EDGE('',*,*,#10392,.T.);
#11815 = ORIENTED_EDGE('',*,*,#10415,.T.);
#11816 = PLANE('',#11817);
#11817 = AXIS2_PLACEMENT_3D('',#11818,#11819,#11820);
#11818 = CARTESIAN_POINT('',(-3.641068927844E-16,-2.54,0.9));
#11819 = DIRECTION('',(0.,0.,1.));
#11820 = DIRECTION('',(1.110223024625E-16,1.,-0.));
#11821 = ADVANCED_FACE('',(#11822),#11865,.T.);
#11822 = FACE_BOUND('',#11823,.T.);
#11823 = EDGE_LOOP('',(#11824,#11825,#11833,#11841,#11849,#11857,#11863,
    #11864));
#11824 = ORIENTED_EDGE('',*,*,#10448,.F.);
#11825 = ORIENTED_EDGE('',*,*,#11826,.T.);
#11826 = EDGE_CURVE('',#10449,#11827,#11829,.T.);
#11827 = VERTEX_POINT('',#11828);
#11828 = CARTESIAN_POINT('',(-0.1,-2.79,7.35));
#11829 = LINE('',#11830,#11831);
#11830 = CARTESIAN_POINT('',(-0.1,-2.84,7.4));
#11831 = VECTOR('',#11832,1.);
#11832 = DIRECTION('',(7.850462293414E-17,0.707106781187,-0.707106781187
    ));
#11833 = ORIENTED_EDGE('',*,*,#11834,.T.);
#11834 = EDGE_CURVE('',#11827,#11835,#11837,.T.);
#11835 = VERTEX_POINT('',#11836);
#11836 = CARTESIAN_POINT('',(-0.1,-2.79,1.25));
#11837 = LINE('',#11838,#11839);
#11838 = CARTESIAN_POINT('',(-0.1,-2.79,7.35));
#11839 = VECTOR('',#11840,1.);
#11840 = DIRECTION('',(0.,0.,-1.));
#11841 = ORIENTED_EDGE('',*,*,#11842,.T.);
#11842 = EDGE_CURVE('',#11835,#11843,#11845,.T.);
#11843 = VERTEX_POINT('',#11844);
#11844 = CARTESIAN_POINT('',(-0.1,-2.29,1.25));
#11845 = LINE('',#11846,#11847);
#11846 = CARTESIAN_POINT('',(-0.1,-2.79,1.25));
#11847 = VECTOR('',#11848,1.);
#11848 = DIRECTION('',(1.110223024625E-16,1.,0.));
#11849 = ORIENTED_EDGE('',*,*,#11850,.T.);
#11850 = EDGE_CURVE('',#11843,#11851,#11853,.T.);
#11851 = VERTEX_POINT('',#11852);
#11852 = CARTESIAN_POINT('',(-0.1,-2.29,7.35));
#11853 = LINE('',#11854,#11855);
#11854 = CARTESIAN_POINT('',(-0.1,-2.29,1.25));
#11855 = VECTOR('',#11856,1.);
#11856 = DIRECTION('',(0.,0.,1.));
#11857 = ORIENTED_EDGE('',*,*,#11858,.T.);
#11858 = EDGE_CURVE('',#11851,#10377,#11859,.T.);
#11859 = LINE('',#11860,#11861);
#11860 = CARTESIAN_POINT('',(-0.1,-2.29,7.35));
#11861 = VECTOR('',#11862,1.);
#11862 = DIRECTION('',(7.850462293414E-17,0.707106781187,0.707106781187)
  );
#11863 = ORIENTED_EDGE('',*,*,#10384,.F.);
#11864 = ORIENTED_EDGE('',*,*,#11809,.T.);
#11865 = PLANE('',#11866);
#11866 = AXIS2_PLACEMENT_3D('',#11867,#11868,#11869);
#11867 = CARTESIAN_POINT('',(-0.1,-2.54,3.911477598424));
#11868 = DIRECTION('',(-1.,1.110223024625E-16,0.));
#11869 = DIRECTION('',(0.,0.,1.));
#11870 = ADVANCED_FACE('',(#11871),#11889,.T.);
#11871 = FACE_BOUND('',#11872,.T.);
#11872 = EDGE_LOOP('',(#11873,#11881,#11887,#11888));
#11873 = ORIENTED_EDGE('',*,*,#11874,.T.);
#11874 = EDGE_CURVE('',#11851,#11875,#11877,.T.);
#11875 = VERTEX_POINT('',#11876);
#11876 = CARTESIAN_POINT('',(0.1,-2.29,7.35));
#11877 = LINE('',#11878,#11879);
#11878 = CARTESIAN_POINT('',(-0.1,-2.29,7.35));
#11879 = VECTOR('',#11880,1.);
#11880 = DIRECTION('',(1.,-1.110223024625E-16,0.));
#11881 = ORIENTED_EDGE('',*,*,#11882,.T.);
#11882 = EDGE_CURVE('',#11875,#10369,#11883,.T.);
#11883 = LINE('',#11884,#11885);
#11884 = CARTESIAN_POINT('',(0.1,-2.29,7.35));
#11885 = VECTOR('',#11886,1.);
#11886 = DIRECTION('',(7.850462293414E-17,0.707106781187,0.707106781187)
  );
#11887 = ORIENTED_EDGE('',*,*,#10376,.F.);
#11888 = ORIENTED_EDGE('',*,*,#11858,.F.);
#11889 = PLANE('',#11890);
#11890 = AXIS2_PLACEMENT_3D('',#11891,#11892,#11893);
#11891 = CARTESIAN_POINT('',(-0.1,-2.29,7.35));
#11892 = DIRECTION('',(-7.850462293414E-17,-0.707106781187,
    0.707106781187));
#11893 = DIRECTION('',(7.850462293414E-17,0.707106781187,0.707106781187)
  );
#11894 = ADVANCED_FACE('',(#11895),#11931,.F.);
#11895 = FACE_BOUND('',#11896,.F.);
#11896 = EDGE_LOOP('',(#11897,#11898,#11906,#11914,#11922,#11928,#11929,
    #11930));
#11897 = ORIENTED_EDGE('',*,*,#10464,.F.);
#11898 = ORIENTED_EDGE('',*,*,#11899,.T.);
#11899 = EDGE_CURVE('',#10457,#11900,#11902,.T.);
#11900 = VERTEX_POINT('',#11901);
#11901 = CARTESIAN_POINT('',(0.1,-2.79,7.35));
#11902 = LINE('',#11903,#11904);
#11903 = CARTESIAN_POINT('',(0.1,-2.84,7.4));
#11904 = VECTOR('',#11905,1.);
#11905 = DIRECTION('',(7.850462293414E-17,0.707106781187,-0.707106781187
    ));
#11906 = ORIENTED_EDGE('',*,*,#11907,.T.);
#11907 = EDGE_CURVE('',#11900,#11908,#11910,.T.);
#11908 = VERTEX_POINT('',#11909);
#11909 = CARTESIAN_POINT('',(0.1,-2.79,1.25));
#11910 = LINE('',#11911,#11912);
#11911 = CARTESIAN_POINT('',(0.1,-2.79,7.35));
#11912 = VECTOR('',#11913,1.);
#11913 = DIRECTION('',(0.,0.,-1.));
#11914 = ORIENTED_EDGE('',*,*,#11915,.T.);
#11915 = EDGE_CURVE('',#11908,#11916,#11918,.T.);
#11916 = VERTEX_POINT('',#11917);
#11917 = CARTESIAN_POINT('',(0.1,-2.29,1.25));
#11918 = LINE('',#11919,#11920);
#11919 = CARTESIAN_POINT('',(0.1,-2.79,1.25));
#11920 = VECTOR('',#11921,1.);
#11921 = DIRECTION('',(1.110223024625E-16,1.,0.));
#11922 = ORIENTED_EDGE('',*,*,#11923,.T.);
#11923 = EDGE_CURVE('',#11916,#11875,#11924,.T.);
#11924 = LINE('',#11925,#11926);
#11925 = CARTESIAN_POINT('',(0.1,-2.29,1.25));
#11926 = VECTOR('',#11927,1.);
#11927 = DIRECTION('',(0.,0.,1.));
#11928 = ORIENTED_EDGE('',*,*,#11882,.T.);
#11929 = ORIENTED_EDGE('',*,*,#10368,.F.);
#11930 = ORIENTED_EDGE('',*,*,#11794,.T.);
#11931 = PLANE('',#11932);
#11932 = AXIS2_PLACEMENT_3D('',#11933,#11934,#11935);
#11933 = CARTESIAN_POINT('',(0.1,-2.54,3.911477598424));
#11934 = DIRECTION('',(-1.,1.110223024625E-16,0.));
#11935 = DIRECTION('',(0.,0.,1.));
#11936 = ADVANCED_FACE('',(#11937),#11948,.T.);
#11937 = FACE_BOUND('',#11938,.T.);
#11938 = EDGE_LOOP('',(#11939,#11940,#11941,#11947));
#11939 = ORIENTED_EDGE('',*,*,#10456,.T.);
#11940 = ORIENTED_EDGE('',*,*,#11899,.T.);
#11941 = ORIENTED_EDGE('',*,*,#11942,.F.);
#11942 = EDGE_CURVE('',#11827,#11900,#11943,.T.);
#11943 = LINE('',#11944,#11945);
#11944 = CARTESIAN_POINT('',(-0.1,-2.79,7.35));
#11945 = VECTOR('',#11946,1.);
#11946 = DIRECTION('',(1.,-1.110223024625E-16,0.));
#11947 = ORIENTED_EDGE('',*,*,#11826,.F.);
#11948 = PLANE('',#11949);
#11949 = AXIS2_PLACEMENT_3D('',#11950,#11951,#11952);
#11950 = CARTESIAN_POINT('',(-0.1,-2.84,7.4));
#11951 = DIRECTION('',(7.850462293414E-17,0.707106781187,0.707106781187)
  );
#11952 = DIRECTION('',(7.850462293414E-17,0.707106781187,-0.707106781187
    ));
#11953 = ADVANCED_FACE('',(#11954),#11965,.T.);
#11954 = FACE_BOUND('',#11955,.T.);
#11955 = EDGE_LOOP('',(#11956,#11957,#11958,#11959));
#11956 = ORIENTED_EDGE('',*,*,#10632,.T.);
#11957 = ORIENTED_EDGE('',*,*,#10495,.T.);
#11958 = ORIENTED_EDGE('',*,*,#10520,.T.);
#11959 = ORIENTED_EDGE('',*,*,#11960,.T.);
#11960 = EDGE_CURVE('',#10521,#10625,#11961,.T.);
#11961 = LINE('',#11962,#11963);
#11962 = CARTESIAN_POINT('',(0.1,4.329869796038E-16,0.9));
#11963 = VECTOR('',#11964,1.);
#11964 = DIRECTION('',(-1.110223024625E-16,-1.,0.));
#11965 = PLANE('',#11966);
#11966 = AXIS2_PLACEMENT_3D('',#11967,#11968,#11969);
#11967 = CARTESIAN_POINT('',(-8.211024452957E-17,8.881784197001E-16,0.9)
  );
#11968 = DIRECTION('',(0.,0.,1.));
#11969 = DIRECTION('',(1.110223024625E-16,1.,-0.));
#11970 = ADVANCED_FACE('',(#11971),#11982,.T.);
#11971 = FACE_BOUND('',#11972,.T.);
#11972 = EDGE_LOOP('',(#11973,#11974,#11980,#11981));
#11973 = ORIENTED_EDGE('',*,*,#10600,.T.);
#11974 = ORIENTED_EDGE('',*,*,#11975,.F.);
#11975 = EDGE_CURVE('',#10545,#10601,#11976,.T.);
#11976 = LINE('',#11977,#11978);
#11977 = CARTESIAN_POINT('',(-0.1,4.551914400963E-16,0.9));
#11978 = VECTOR('',#11979,1.);
#11979 = DIRECTION('',(-1.110223024625E-16,-1.,0.));
#11980 = ORIENTED_EDGE('',*,*,#10552,.T.);
#11981 = ORIENTED_EDGE('',*,*,#10575,.T.);
#11982 = PLANE('',#11983);
#11983 = AXIS2_PLACEMENT_3D('',#11984,#11985,#11986);
#11984 = CARTESIAN_POINT('',(-8.211024452957E-17,8.881784197001E-16,0.9)
  );
#11985 = DIRECTION('',(0.,0.,1.));
#11986 = DIRECTION('',(1.110223024625E-16,1.,-0.));
#11987 = ADVANCED_FACE('',(#11988),#12031,.T.);
#11988 = FACE_BOUND('',#11989,.T.);
#11989 = EDGE_LOOP('',(#11990,#11991,#11999,#12007,#12015,#12023,#12029,
    #12030));
#11990 = ORIENTED_EDGE('',*,*,#10608,.F.);
#11991 = ORIENTED_EDGE('',*,*,#11992,.T.);
#11992 = EDGE_CURVE('',#10609,#11993,#11995,.T.);
#11993 = VERTEX_POINT('',#11994);
#11994 = CARTESIAN_POINT('',(-0.1,-0.25,7.35));
#11995 = LINE('',#11996,#11997);
#11996 = CARTESIAN_POINT('',(-0.1,-0.3,7.4));
#11997 = VECTOR('',#11998,1.);
#11998 = DIRECTION('',(7.850462293414E-17,0.707106781187,-0.707106781187
    ));
#11999 = ORIENTED_EDGE('',*,*,#12000,.T.);
#12000 = EDGE_CURVE('',#11993,#12001,#12003,.T.);
#12001 = VERTEX_POINT('',#12002);
#12002 = CARTESIAN_POINT('',(-0.1,-0.25,1.25));
#12003 = LINE('',#12004,#12005);
#12004 = CARTESIAN_POINT('',(-0.1,-0.25,7.35));
#12005 = VECTOR('',#12006,1.);
#12006 = DIRECTION('',(0.,0.,-1.));
#12007 = ORIENTED_EDGE('',*,*,#12008,.T.);
#12008 = EDGE_CURVE('',#12001,#12009,#12011,.T.);
#12009 = VERTEX_POINT('',#12010);
#12010 = CARTESIAN_POINT('',(-0.1,0.25,1.25));
#12011 = LINE('',#12012,#12013);
#12012 = CARTESIAN_POINT('',(-0.1,-0.25,1.25));
#12013 = VECTOR('',#12014,1.);
#12014 = DIRECTION('',(1.110223024625E-16,1.,0.));
#12015 = ORIENTED_EDGE('',*,*,#12016,.T.);
#12016 = EDGE_CURVE('',#12009,#12017,#12019,.T.);
#12017 = VERTEX_POINT('',#12018);
#12018 = CARTESIAN_POINT('',(-0.1,0.25,7.35));
#12019 = LINE('',#12020,#12021);
#12020 = CARTESIAN_POINT('',(-0.1,0.25,1.25));
#12021 = VECTOR('',#12022,1.);
#12022 = DIRECTION('',(0.,0.,1.));
#12023 = ORIENTED_EDGE('',*,*,#12024,.T.);
#12024 = EDGE_CURVE('',#12017,#10537,#12025,.T.);
#12025 = LINE('',#12026,#12027);
#12026 = CARTESIAN_POINT('',(-0.1,0.25,7.35));
#12027 = VECTOR('',#12028,1.);
#12028 = DIRECTION('',(7.850462293414E-17,0.707106781187,0.707106781187)
  );
#12029 = ORIENTED_EDGE('',*,*,#10544,.F.);
#12030 = ORIENTED_EDGE('',*,*,#11975,.T.);
#12031 = PLANE('',#12032);
#12032 = AXIS2_PLACEMENT_3D('',#12033,#12034,#12035);
#12033 = CARTESIAN_POINT('',(-0.1,1.110223024625E-17,3.911477598424));
#12034 = DIRECTION('',(-1.,1.110223024625E-16,0.));
#12035 = DIRECTION('',(0.,0.,1.));
#12036 = ADVANCED_FACE('',(#12037),#12055,.T.);
#12037 = FACE_BOUND('',#12038,.T.);
#12038 = EDGE_LOOP('',(#12039,#12047,#12053,#12054));
#12039 = ORIENTED_EDGE('',*,*,#12040,.T.);
#12040 = EDGE_CURVE('',#12017,#12041,#12043,.T.);
#12041 = VERTEX_POINT('',#12042);
#12042 = CARTESIAN_POINT('',(0.1,0.25,7.35));
#12043 = LINE('',#12044,#12045);
#12044 = CARTESIAN_POINT('',(-0.1,0.25,7.35));
#12045 = VECTOR('',#12046,1.);
#12046 = DIRECTION('',(1.,-1.110223024625E-16,0.));
#12047 = ORIENTED_EDGE('',*,*,#12048,.T.);
#12048 = EDGE_CURVE('',#12041,#10529,#12049,.T.);
#12049 = LINE('',#12050,#12051);
#12050 = CARTESIAN_POINT('',(0.1,0.25,7.35));
#12051 = VECTOR('',#12052,1.);
#12052 = DIRECTION('',(7.850462293414E-17,0.707106781187,0.707106781187)
  );
#12053 = ORIENTED_EDGE('',*,*,#10536,.F.);
#12054 = ORIENTED_EDGE('',*,*,#12024,.F.);
#12055 = PLANE('',#12056);
#12056 = AXIS2_PLACEMENT_3D('',#12057,#12058,#12059);
#12057 = CARTESIAN_POINT('',(-0.1,0.25,7.35));
#12058 = DIRECTION('',(-7.850462293414E-17,-0.707106781187,
    0.707106781187));
#12059 = DIRECTION('',(7.850462293414E-17,0.707106781187,0.707106781187)
  );
#12060 = ADVANCED_FACE('',(#12061),#12097,.F.);
#12061 = FACE_BOUND('',#12062,.F.);
#12062 = EDGE_LOOP('',(#12063,#12064,#12072,#12080,#12088,#12094,#12095,
    #12096));
#12063 = ORIENTED_EDGE('',*,*,#10624,.F.);
#12064 = ORIENTED_EDGE('',*,*,#12065,.T.);
#12065 = EDGE_CURVE('',#10617,#12066,#12068,.T.);
#12066 = VERTEX_POINT('',#12067);
#12067 = CARTESIAN_POINT('',(0.1,-0.25,7.35));
#12068 = LINE('',#12069,#12070);
#12069 = CARTESIAN_POINT('',(0.1,-0.3,7.4));
#12070 = VECTOR('',#12071,1.);
#12071 = DIRECTION('',(7.850462293414E-17,0.707106781187,-0.707106781187
    ));
#12072 = ORIENTED_EDGE('',*,*,#12073,.T.);
#12073 = EDGE_CURVE('',#12066,#12074,#12076,.T.);
#12074 = VERTEX_POINT('',#12075);
#12075 = CARTESIAN_POINT('',(0.1,-0.25,1.25));
#12076 = LINE('',#12077,#12078);
#12077 = CARTESIAN_POINT('',(0.1,-0.25,7.35));
#12078 = VECTOR('',#12079,1.);
#12079 = DIRECTION('',(0.,0.,-1.));
#12080 = ORIENTED_EDGE('',*,*,#12081,.T.);
#12081 = EDGE_CURVE('',#12074,#12082,#12084,.T.);
#12082 = VERTEX_POINT('',#12083);
#12083 = CARTESIAN_POINT('',(0.1,0.25,1.25));
#12084 = LINE('',#12085,#12086);
#12085 = CARTESIAN_POINT('',(0.1,-0.25,1.25));
#12086 = VECTOR('',#12087,1.);
#12087 = DIRECTION('',(1.110223024625E-16,1.,0.));
#12088 = ORIENTED_EDGE('',*,*,#12089,.T.);
#12089 = EDGE_CURVE('',#12082,#12041,#12090,.T.);
#12090 = LINE('',#12091,#12092);
#12091 = CARTESIAN_POINT('',(0.1,0.25,1.25));
#12092 = VECTOR('',#12093,1.);
#12093 = DIRECTION('',(0.,0.,1.));
#12094 = ORIENTED_EDGE('',*,*,#12048,.T.);
#12095 = ORIENTED_EDGE('',*,*,#10528,.F.);
#12096 = ORIENTED_EDGE('',*,*,#11960,.T.);
#12097 = PLANE('',#12098);
#12098 = AXIS2_PLACEMENT_3D('',#12099,#12100,#12101);
#12099 = CARTESIAN_POINT('',(0.1,-1.110223024625E-17,3.911477598424));
#12100 = DIRECTION('',(-1.,1.110223024625E-16,0.));
#12101 = DIRECTION('',(0.,0.,1.));
#12102 = ADVANCED_FACE('',(#12103),#12114,.T.);
#12103 = FACE_BOUND('',#12104,.T.);
#12104 = EDGE_LOOP('',(#12105,#12106,#12107,#12113));
#12105 = ORIENTED_EDGE('',*,*,#10616,.T.);
#12106 = ORIENTED_EDGE('',*,*,#12065,.T.);
#12107 = ORIENTED_EDGE('',*,*,#12108,.F.);
#12108 = EDGE_CURVE('',#11993,#12066,#12109,.T.);
#12109 = LINE('',#12110,#12111);
#12110 = CARTESIAN_POINT('',(-0.1,-0.25,7.35));
#12111 = VECTOR('',#12112,1.);
#12112 = DIRECTION('',(1.,-1.110223024625E-16,0.));
#12113 = ORIENTED_EDGE('',*,*,#11992,.F.);
#12114 = PLANE('',#12115);
#12115 = AXIS2_PLACEMENT_3D('',#12116,#12117,#12118);
#12116 = CARTESIAN_POINT('',(-0.1,-0.3,7.4));
#12117 = DIRECTION('',(7.850462293414E-17,0.707106781187,0.707106781187)
  );
#12118 = DIRECTION('',(7.850462293414E-17,0.707106781187,-0.707106781187
    ));
#12119 = ADVANCED_FACE('',(#12120),#12131,.T.);
#12120 = FACE_BOUND('',#12121,.T.);
#12121 = EDGE_LOOP('',(#12122,#12128,#12129,#12130));
#12122 = ORIENTED_EDGE('',*,*,#12123,.T.);
#12123 = EDGE_CURVE('',#11179,#11252,#12124,.T.);
#12124 = LINE('',#12125,#12126);
#12125 = CARTESIAN_POINT('',(-0.1,-12.45,1.25));
#12126 = VECTOR('',#12127,1.);
#12127 = DIRECTION('',(1.,-1.110223024625E-16,0.));
#12128 = ORIENTED_EDGE('',*,*,#11259,.T.);
#12129 = ORIENTED_EDGE('',*,*,#11210,.F.);
#12130 = ORIENTED_EDGE('',*,*,#11186,.F.);
#12131 = PLANE('',#12132);
#12132 = AXIS2_PLACEMENT_3D('',#12133,#12134,#12135);
#12133 = CARTESIAN_POINT('',(-0.1,-12.45,1.25));
#12134 = DIRECTION('',(-1.110223024625E-16,-1.,0.));
#12135 = DIRECTION('',(0.,0.,1.));
#12136 = ADVANCED_FACE('',(#12137),#12148,.T.);
#12137 = FACE_BOUND('',#12138,.T.);
#12138 = EDGE_LOOP('',(#12139,#12145,#12146,#12147));
#12139 = ORIENTED_EDGE('',*,*,#12140,.T.);
#12140 = EDGE_CURVE('',#11171,#11244,#12141,.T.);
#12141 = LINE('',#12142,#12143);
#12142 = CARTESIAN_POINT('',(-0.1,-12.95,1.25));
#12143 = VECTOR('',#12144,1.);
#12144 = DIRECTION('',(1.,-1.110223024625E-16,0.));
#12145 = ORIENTED_EDGE('',*,*,#11251,.T.);
#12146 = ORIENTED_EDGE('',*,*,#12123,.F.);
#12147 = ORIENTED_EDGE('',*,*,#11178,.F.);
#12148 = PLANE('',#12149);
#12149 = AXIS2_PLACEMENT_3D('',#12150,#12151,#12152);
#12150 = CARTESIAN_POINT('',(-0.1,-12.95,1.25));
#12151 = DIRECTION('',(0.,0.,1.));
#12152 = DIRECTION('',(1.110223024625E-16,1.,-0.));
#12153 = ADVANCED_FACE('',(#12154),#12160,.T.);
#12154 = FACE_BOUND('',#12155,.T.);
#12155 = EDGE_LOOP('',(#12156,#12157,#12158,#12159));
#12156 = ORIENTED_EDGE('',*,*,#11278,.T.);
#12157 = ORIENTED_EDGE('',*,*,#11243,.T.);
#12158 = ORIENTED_EDGE('',*,*,#12140,.F.);
#12159 = ORIENTED_EDGE('',*,*,#11170,.F.);
#12160 = PLANE('',#12161);
#12161 = AXIS2_PLACEMENT_3D('',#12162,#12163,#12164);
#12162 = CARTESIAN_POINT('',(-0.1,-12.95,7.35));
#12163 = DIRECTION('',(1.110223024625E-16,1.,0.));
#12164 = DIRECTION('',(0.,0.,-1.));
#12165 = ADVANCED_FACE('',(#12166),#12177,.T.);
#12166 = FACE_BOUND('',#12167,.T.);
#12167 = EDGE_LOOP('',(#12168,#12174,#12175,#12176));
#12168 = ORIENTED_EDGE('',*,*,#12169,.T.);
#12169 = EDGE_CURVE('',#11345,#11418,#12170,.T.);
#12170 = LINE('',#12171,#12172);
#12171 = CARTESIAN_POINT('',(-0.1,-9.91,1.25));
#12172 = VECTOR('',#12173,1.);
#12173 = DIRECTION('',(1.,-1.110223024625E-16,0.));
#12174 = ORIENTED_EDGE('',*,*,#11425,.T.);
#12175 = ORIENTED_EDGE('',*,*,#11376,.F.);
#12176 = ORIENTED_EDGE('',*,*,#11352,.F.);
#12177 = PLANE('',#12178);
#12178 = AXIS2_PLACEMENT_3D('',#12179,#12180,#12181);
#12179 = CARTESIAN_POINT('',(-0.1,-9.91,1.25));
#12180 = DIRECTION('',(-1.110223024625E-16,-1.,0.));
#12181 = DIRECTION('',(0.,0.,1.));
#12182 = ADVANCED_FACE('',(#12183),#12194,.T.);
#12183 = FACE_BOUND('',#12184,.T.);
#12184 = EDGE_LOOP('',(#12185,#12191,#12192,#12193));
#12185 = ORIENTED_EDGE('',*,*,#12186,.T.);
#12186 = EDGE_CURVE('',#11337,#11410,#12187,.T.);
#12187 = LINE('',#12188,#12189);
#12188 = CARTESIAN_POINT('',(-0.1,-10.41,1.25));
#12189 = VECTOR('',#12190,1.);
#12190 = DIRECTION('',(1.,-1.110223024625E-16,0.));
#12191 = ORIENTED_EDGE('',*,*,#11417,.T.);
#12192 = ORIENTED_EDGE('',*,*,#12169,.F.);
#12193 = ORIENTED_EDGE('',*,*,#11344,.F.);
#12194 = PLANE('',#12195);
#12195 = AXIS2_PLACEMENT_3D('',#12196,#12197,#12198);
#12196 = CARTESIAN_POINT('',(-0.1,-10.41,1.25));
#12197 = DIRECTION('',(0.,0.,1.));
#12198 = DIRECTION('',(1.110223024625E-16,1.,-0.));
#12199 = ADVANCED_FACE('',(#12200),#12206,.T.);
#12200 = FACE_BOUND('',#12201,.T.);
#12201 = EDGE_LOOP('',(#12202,#12203,#12204,#12205));
#12202 = ORIENTED_EDGE('',*,*,#11444,.T.);
#12203 = ORIENTED_EDGE('',*,*,#11409,.T.);
#12204 = ORIENTED_EDGE('',*,*,#12186,.F.);
#12205 = ORIENTED_EDGE('',*,*,#11336,.F.);
#12206 = PLANE('',#12207);
#12207 = AXIS2_PLACEMENT_3D('',#12208,#12209,#12210);
#12208 = CARTESIAN_POINT('',(-0.1,-10.41,7.35));
#12209 = DIRECTION('',(1.110223024625E-16,1.,0.));
#12210 = DIRECTION('',(0.,0.,-1.));
#12211 = ADVANCED_FACE('',(#12212),#12223,.T.);
#12212 = FACE_BOUND('',#12213,.T.);
#12213 = EDGE_LOOP('',(#12214,#12220,#12221,#12222));
#12214 = ORIENTED_EDGE('',*,*,#12215,.T.);
#12215 = EDGE_CURVE('',#11511,#11584,#12216,.T.);
#12216 = LINE('',#12217,#12218);
#12217 = CARTESIAN_POINT('',(-0.1,-7.37,1.25));
#12218 = VECTOR('',#12219,1.);
#12219 = DIRECTION('',(1.,-1.110223024625E-16,0.));
#12220 = ORIENTED_EDGE('',*,*,#11591,.T.);
#12221 = ORIENTED_EDGE('',*,*,#11542,.F.);
#12222 = ORIENTED_EDGE('',*,*,#11518,.F.);
#12223 = PLANE('',#12224);
#12224 = AXIS2_PLACEMENT_3D('',#12225,#12226,#12227);
#12225 = CARTESIAN_POINT('',(-0.1,-7.37,1.25));
#12226 = DIRECTION('',(-1.110223024625E-16,-1.,0.));
#12227 = DIRECTION('',(0.,0.,1.));
#12228 = ADVANCED_FACE('',(#12229),#12240,.T.);
#12229 = FACE_BOUND('',#12230,.T.);
#12230 = EDGE_LOOP('',(#12231,#12237,#12238,#12239));
#12231 = ORIENTED_EDGE('',*,*,#12232,.T.);
#12232 = EDGE_CURVE('',#11503,#11576,#12233,.T.);
#12233 = LINE('',#12234,#12235);
#12234 = CARTESIAN_POINT('',(-0.1,-7.87,1.25));
#12235 = VECTOR('',#12236,1.);
#12236 = DIRECTION('',(1.,-1.110223024625E-16,0.));
#12237 = ORIENTED_EDGE('',*,*,#11583,.T.);
#12238 = ORIENTED_EDGE('',*,*,#12215,.F.);
#12239 = ORIENTED_EDGE('',*,*,#11510,.F.);
#12240 = PLANE('',#12241);
#12241 = AXIS2_PLACEMENT_3D('',#12242,#12243,#12244);
#12242 = CARTESIAN_POINT('',(-0.1,-7.87,1.25));
#12243 = DIRECTION('',(0.,0.,1.));
#12244 = DIRECTION('',(1.110223024625E-16,1.,-0.));
#12245 = ADVANCED_FACE('',(#12246),#12252,.T.);
#12246 = FACE_BOUND('',#12247,.T.);
#12247 = EDGE_LOOP('',(#12248,#12249,#12250,#12251));
#12248 = ORIENTED_EDGE('',*,*,#11610,.T.);
#12249 = ORIENTED_EDGE('',*,*,#11575,.T.);
#12250 = ORIENTED_EDGE('',*,*,#12232,.F.);
#12251 = ORIENTED_EDGE('',*,*,#11502,.F.);
#12252 = PLANE('',#12253);
#12253 = AXIS2_PLACEMENT_3D('',#12254,#12255,#12256);
#12254 = CARTESIAN_POINT('',(-0.1,-7.87,7.35));
#12255 = DIRECTION('',(1.110223024625E-16,1.,0.));
#12256 = DIRECTION('',(0.,0.,-1.));
#12257 = ADVANCED_FACE('',(#12258),#12269,.T.);
#12258 = FACE_BOUND('',#12259,.T.);
#12259 = EDGE_LOOP('',(#12260,#12266,#12267,#12268));
#12260 = ORIENTED_EDGE('',*,*,#12261,.T.);
#12261 = EDGE_CURVE('',#11677,#11750,#12262,.T.);
#12262 = LINE('',#12263,#12264);
#12263 = CARTESIAN_POINT('',(-0.1,-4.83,1.25));
#12264 = VECTOR('',#12265,1.);
#12265 = DIRECTION('',(1.,-1.110223024625E-16,0.));
#12266 = ORIENTED_EDGE('',*,*,#11757,.T.);
#12267 = ORIENTED_EDGE('',*,*,#11708,.F.);
#12268 = ORIENTED_EDGE('',*,*,#11684,.F.);
#12269 = PLANE('',#12270);
#12270 = AXIS2_PLACEMENT_3D('',#12271,#12272,#12273);
#12271 = CARTESIAN_POINT('',(-0.1,-4.83,1.25));
#12272 = DIRECTION('',(-1.110223024625E-16,-1.,0.));
#12273 = DIRECTION('',(0.,0.,1.));
#12274 = ADVANCED_FACE('',(#12275),#12286,.T.);
#12275 = FACE_BOUND('',#12276,.T.);
#12276 = EDGE_LOOP('',(#12277,#12283,#12284,#12285));
#12277 = ORIENTED_EDGE('',*,*,#12278,.T.);
#12278 = EDGE_CURVE('',#11669,#11742,#12279,.T.);
#12279 = LINE('',#12280,#12281);
#12280 = CARTESIAN_POINT('',(-0.1,-5.33,1.25));
#12281 = VECTOR('',#12282,1.);
#12282 = DIRECTION('',(1.,-1.110223024625E-16,0.));
#12283 = ORIENTED_EDGE('',*,*,#11749,.T.);
#12284 = ORIENTED_EDGE('',*,*,#12261,.F.);
#12285 = ORIENTED_EDGE('',*,*,#11676,.F.);
#12286 = PLANE('',#12287);
#12287 = AXIS2_PLACEMENT_3D('',#12288,#12289,#12290);
#12288 = CARTESIAN_POINT('',(-0.1,-5.33,1.25));
#12289 = DIRECTION('',(0.,0.,1.));
#12290 = DIRECTION('',(1.110223024625E-16,1.,-0.));
#12291 = ADVANCED_FACE('',(#12292),#12298,.T.);
#12292 = FACE_BOUND('',#12293,.T.);
#12293 = EDGE_LOOP('',(#12294,#12295,#12296,#12297));
#12294 = ORIENTED_EDGE('',*,*,#11776,.T.);
#12295 = ORIENTED_EDGE('',*,*,#11741,.T.);
#12296 = ORIENTED_EDGE('',*,*,#12278,.F.);
#12297 = ORIENTED_EDGE('',*,*,#11668,.F.);
#12298 = PLANE('',#12299);
#12299 = AXIS2_PLACEMENT_3D('',#12300,#12301,#12302);
#12300 = CARTESIAN_POINT('',(-0.1,-5.33,7.35));
#12301 = DIRECTION('',(1.110223024625E-16,1.,0.));
#12302 = DIRECTION('',(0.,0.,-1.));
#12303 = ADVANCED_FACE('',(#12304),#12315,.T.);
#12304 = FACE_BOUND('',#12305,.T.);
#12305 = EDGE_LOOP('',(#12306,#12312,#12313,#12314));
#12306 = ORIENTED_EDGE('',*,*,#12307,.T.);
#12307 = EDGE_CURVE('',#11843,#11916,#12308,.T.);
#12308 = LINE('',#12309,#12310);
#12309 = CARTESIAN_POINT('',(-0.1,-2.29,1.25));
#12310 = VECTOR('',#12311,1.);
#12311 = DIRECTION('',(1.,-1.110223024625E-16,0.));
#12312 = ORIENTED_EDGE('',*,*,#11923,.T.);
#12313 = ORIENTED_EDGE('',*,*,#11874,.F.);
#12314 = ORIENTED_EDGE('',*,*,#11850,.F.);
#12315 = PLANE('',#12316);
#12316 = AXIS2_PLACEMENT_3D('',#12317,#12318,#12319);
#12317 = CARTESIAN_POINT('',(-0.1,-2.29,1.25));
#12318 = DIRECTION('',(-1.110223024625E-16,-1.,0.));
#12319 = DIRECTION('',(0.,0.,1.));
#12320 = ADVANCED_FACE('',(#12321),#12332,.T.);
#12321 = FACE_BOUND('',#12322,.T.);
#12322 = EDGE_LOOP('',(#12323,#12329,#12330,#12331));
#12323 = ORIENTED_EDGE('',*,*,#12324,.T.);
#12324 = EDGE_CURVE('',#11835,#11908,#12325,.T.);
#12325 = LINE('',#12326,#12327);
#12326 = CARTESIAN_POINT('',(-0.1,-2.79,1.25));
#12327 = VECTOR('',#12328,1.);
#12328 = DIRECTION('',(1.,-1.110223024625E-16,0.));
#12329 = ORIENTED_EDGE('',*,*,#11915,.T.);
#12330 = ORIENTED_EDGE('',*,*,#12307,.F.);
#12331 = ORIENTED_EDGE('',*,*,#11842,.F.);
#12332 = PLANE('',#12333);
#12333 = AXIS2_PLACEMENT_3D('',#12334,#12335,#12336);
#12334 = CARTESIAN_POINT('',(-0.1,-2.79,1.25));
#12335 = DIRECTION('',(0.,0.,1.));
#12336 = DIRECTION('',(1.110223024625E-16,1.,-0.));
#12337 = ADVANCED_FACE('',(#12338),#12344,.T.);
#12338 = FACE_BOUND('',#12339,.T.);
#12339 = EDGE_LOOP('',(#12340,#12341,#12342,#12343));
#12340 = ORIENTED_EDGE('',*,*,#11942,.T.);
#12341 = ORIENTED_EDGE('',*,*,#11907,.T.);
#12342 = ORIENTED_EDGE('',*,*,#12324,.F.);
#12343 = ORIENTED_EDGE('',*,*,#11834,.F.);
#12344 = PLANE('',#12345);
#12345 = AXIS2_PLACEMENT_3D('',#12346,#12347,#12348);
#12346 = CARTESIAN_POINT('',(-0.1,-2.79,7.35));
#12347 = DIRECTION('',(1.110223024625E-16,1.,0.));
#12348 = DIRECTION('',(0.,0.,-1.));
#12349 = ADVANCED_FACE('',(#12350),#12361,.T.);
#12350 = FACE_BOUND('',#12351,.T.);
#12351 = EDGE_LOOP('',(#12352,#12358,#12359,#12360));
#12352 = ORIENTED_EDGE('',*,*,#12353,.T.);
#12353 = EDGE_CURVE('',#12009,#12082,#12354,.T.);
#12354 = LINE('',#12355,#12356);
#12355 = CARTESIAN_POINT('',(-0.1,0.25,1.25));
#12356 = VECTOR('',#12357,1.);
#12357 = DIRECTION('',(1.,-1.110223024625E-16,0.));
#12358 = ORIENTED_EDGE('',*,*,#12089,.T.);
#12359 = ORIENTED_EDGE('',*,*,#12040,.F.);
#12360 = ORIENTED_EDGE('',*,*,#12016,.F.);
#12361 = PLANE('',#12362);
#12362 = AXIS2_PLACEMENT_3D('',#12363,#12364,#12365);
#12363 = CARTESIAN_POINT('',(-0.1,0.25,1.25));
#12364 = DIRECTION('',(-1.110223024625E-16,-1.,0.));
#12365 = DIRECTION('',(0.,0.,1.));
#12366 = ADVANCED_FACE('',(#12367),#12378,.T.);
#12367 = FACE_BOUND('',#12368,.T.);
#12368 = EDGE_LOOP('',(#12369,#12375,#12376,#12377));
#12369 = ORIENTED_EDGE('',*,*,#12370,.T.);
#12370 = EDGE_CURVE('',#12001,#12074,#12371,.T.);
#12371 = LINE('',#12372,#12373);
#12372 = CARTESIAN_POINT('',(-0.1,-0.25,1.25));
#12373 = VECTOR('',#12374,1.);
#12374 = DIRECTION('',(1.,-1.110223024625E-16,0.));
#12375 = ORIENTED_EDGE('',*,*,#12081,.T.);
#12376 = ORIENTED_EDGE('',*,*,#12353,.F.);
#12377 = ORIENTED_EDGE('',*,*,#12008,.F.);
#12378 = PLANE('',#12379);
#12379 = AXIS2_PLACEMENT_3D('',#12380,#12381,#12382);
#12380 = CARTESIAN_POINT('',(-0.1,-0.25,1.25));
#12381 = DIRECTION('',(0.,0.,1.));
#12382 = DIRECTION('',(1.110223024625E-16,1.,-0.));
#12383 = ADVANCED_FACE('',(#12384),#12390,.T.);
#12384 = FACE_BOUND('',#12385,.T.);
#12385 = EDGE_LOOP('',(#12386,#12387,#12388,#12389));
#12386 = ORIENTED_EDGE('',*,*,#12108,.T.);
#12387 = ORIENTED_EDGE('',*,*,#12073,.T.);
#12388 = ORIENTED_EDGE('',*,*,#12370,.F.);
#12389 = ORIENTED_EDGE('',*,*,#12000,.F.);
#12390 = PLANE('',#12391);
#12391 = AXIS2_PLACEMENT_3D('',#12392,#12393,#12394);
#12392 = CARTESIAN_POINT('',(-0.1,-0.25,7.35));
#12393 = DIRECTION('',(1.110223024625E-16,1.,0.));
#12394 = DIRECTION('',(0.,0.,-1.));
#12395 = ( GEOMETRIC_REPRESENTATION_CONTEXT(3) 
GLOBAL_UNCERTAINTY_ASSIGNED_CONTEXT((#12399)) 
GLOBAL_UNIT_ASSIGNED_CONTEXT((#12396,#12397,#12398)) 
REPRESENTATION_CONTEXT('Context #1',
  '3D Context with UNIT and UNCERTAINTY') );
#12396 = ( LENGTH_UNIT() NAMED_UNIT(*) SI_UNIT(.MILLI.,.METRE.) );
#12397 = ( NAMED_UNIT(*) PLANE_ANGLE_UNIT() SI_UNIT($,.RADIAN.) );
#12398 = ( NAMED_UNIT(*) SI_UNIT($,.STERADIAN.) SOLID_ANGLE_UNIT() );
#12399 = UNCERTAINTY_MEASURE_WITH_UNIT(LENGTH_MEASURE(1.E-07),#12396,
  'distance_accuracy_value','confusion accuracy');
#12400 = CONTEXT_DEPENDENT_SHAPE_REPRESENTATION(#12401,#12403);
#12401 = ( REPRESENTATION_RELATIONSHIP('','',#7456,#10) 
REPRESENTATION_RELATIONSHIP_WITH_TRANSFORMATION(#12402) 
SHAPE_REPRESENTATION_RELATIONSHIP() );
#12402 = ITEM_DEFINED_TRANSFORMATION('','',#11,#35);
#12403 = PRODUCT_DEFINITION_SHAPE('Placement','Placement of an item',
  #12404);
#12404 = NEXT_ASSEMBLY_USAGE_OCCURRENCE('6','J2','',#5,#7451,$);
#12405 = PRODUCT_RELATED_PRODUCT_CATEGORY('part',$,(#7453));
#12406 = CONTEXT_DEPENDENT_SHAPE_REPRESENTATION(#12407,#12409);
#12407 = ( REPRESENTATION_RELATIONSHIP('','',#64,#10) 
REPRESENTATION_RELATIONSHIP_WITH_TRANSFORMATION(#12408) 
SHAPE_REPRESENTATION_RELATIONSHIP() );
#12408 = ITEM_DEFINED_TRANSFORMATION('','',#11,#39);
#12409 = PRODUCT_DEFINITION_SHAPE('Placement','Placement of an item',
  #12410);
#12410 = NEXT_ASSEMBLY_USAGE_OCCURRENCE('7','R4','',#5,#59,$);
#12411 = CONTEXT_DEPENDENT_SHAPE_REPRESENTATION(#12412,#12414);
#12412 = ( REPRESENTATION_RELATIONSHIP('','',#64,#10) 
REPRESENTATION_RELATIONSHIP_WITH_TRANSFORMATION(#12413) 
SHAPE_REPRESENTATION_RELATIONSHIP() );
#12413 = ITEM_DEFINED_TRANSFORMATION('','',#11,#43);
#12414 = PRODUCT_DEFINITION_SHAPE('Placement','Placement of an item',
  #12415);
#12415 = NEXT_ASSEMBLY_USAGE_OCCURRENCE('8','R1','',#5,#59,$);
#12416 = SHAPE_DEFINITION_REPRESENTATION(#12417,#12423);
#12417 = PRODUCT_DEFINITION_SHAPE('','',#12418);
#12418 = PRODUCT_DEFINITION('design','',#12419,#12422);
#12419 = PRODUCT_DEFINITION_FORMATION('','',#12420);
#12420 = PRODUCT('Electrical_schematics_V3_PCB',
  'Electrical_schematics_V3_PCB','',(#12421));
#12421 = PRODUCT_CONTEXT('',#2,'mechanical');
#12422 = PRODUCT_DEFINITION_CONTEXT('part definition',#2,'design');
#12423 = ADVANCED_BREP_SHAPE_REPRESENTATION('',(#11,#12424),#13884);
#12424 = MANIFOLD_SOLID_BREP('',#12425);
#12425 = CLOSED_SHELL('',(#12426,#12468,#12499,#12530,#12912,#13294,
    #13311,#13328,#13345,#13362,#13374,#13391,#13408,#13425,#13442,
    #13459,#13476,#13493,#13510,#13527,#13544,#13561,#13578,#13595,
    #13612,#13629,#13646,#13663,#13680,#13697,#13714,#13731,#13748,
    #13765,#13782,#13799,#13816,#13833,#13850,#13867));
#12426 = ADVANCED_FACE('',(#12427),#12463,.T.);
#12427 = FACE_BOUND('',#12428,.T.);
#12428 = EDGE_LOOP('',(#12429,#12439,#12448,#12456));
#12429 = ORIENTED_EDGE('',*,*,#12430,.T.);
#12430 = EDGE_CURVE('',#12431,#12433,#12435,.T.);
#12431 = VERTEX_POINT('',#12432);
#12432 = CARTESIAN_POINT('',(137.,-73.,0.));
#12433 = VERTEX_POINT('',#12434);
#12434 = CARTESIAN_POINT('',(137.,-73.,1.51));
#12435 = LINE('',#12436,#12437);
#12436 = CARTESIAN_POINT('',(137.,-73.,0.));
#12437 = VECTOR('',#12438,1.);
#12438 = DIRECTION('',(0.,0.,1.));
#12439 = ORIENTED_EDGE('',*,*,#12440,.T.);
#12440 = EDGE_CURVE('',#12433,#12441,#12443,.T.);
#12441 = VERTEX_POINT('',#12442);
#12442 = CARTESIAN_POINT('',(138.,-74.,1.51));
#12443 = CIRCLE('',#12444,0.999999252925);
#12444 = AXIS2_PLACEMENT_3D('',#12445,#12446,#12447);
#12445 = CARTESIAN_POINT('',(137.00000074707,-73.99999925292,1.51));
#12446 = DIRECTION('',(0.,0.,-1.));
#12447 = DIRECTION('',(-7.470757349539E-07,1.,0.));
#12448 = ORIENTED_EDGE('',*,*,#12449,.F.);
#12449 = EDGE_CURVE('',#12450,#12441,#12452,.T.);
#12450 = VERTEX_POINT('',#12451);
#12451 = CARTESIAN_POINT('',(138.,-74.,0.));
#12452 = LINE('',#12453,#12454);
#12453 = CARTESIAN_POINT('',(138.,-74.,0.));
#12454 = VECTOR('',#12455,1.);
#12455 = DIRECTION('',(0.,0.,1.));
#12456 = ORIENTED_EDGE('',*,*,#12457,.F.);
#12457 = EDGE_CURVE('',#12431,#12450,#12458,.T.);
#12458 = CIRCLE('',#12459,0.999999252925);
#12459 = AXIS2_PLACEMENT_3D('',#12460,#12461,#12462);
#12460 = CARTESIAN_POINT('',(137.00000074707,-73.99999925292,0.));
#12461 = DIRECTION('',(0.,0.,-1.));
#12462 = DIRECTION('',(-7.470757349539E-07,1.,0.));
#12463 = CYLINDRICAL_SURFACE('',#12464,0.999999252925);
#12464 = AXIS2_PLACEMENT_3D('',#12465,#12466,#12467);
#12465 = CARTESIAN_POINT('',(137.00000074707,-73.99999925292,0.));
#12466 = DIRECTION('',(0.,0.,-1.));
#12467 = DIRECTION('',(-7.470757349539E-07,1.,0.));
#12468 = ADVANCED_FACE('',(#12469),#12494,.T.);
#12469 = FACE_BOUND('',#12470,.T.);
#12470 = EDGE_LOOP('',(#12471,#12481,#12487,#12488));
#12471 = ORIENTED_EDGE('',*,*,#12472,.T.);
#12472 = EDGE_CURVE('',#12473,#12475,#12477,.T.);
#12473 = VERTEX_POINT('',#12474);
#12474 = CARTESIAN_POINT('',(95.,-73.,0.));
#12475 = VERTEX_POINT('',#12476);
#12476 = CARTESIAN_POINT('',(95.,-73.,1.51));
#12477 = LINE('',#12478,#12479);
#12478 = CARTESIAN_POINT('',(95.,-73.,0.));
#12479 = VECTOR('',#12480,1.);
#12480 = DIRECTION('',(0.,0.,1.));
#12481 = ORIENTED_EDGE('',*,*,#12482,.T.);
#12482 = EDGE_CURVE('',#12475,#12433,#12483,.T.);
#12483 = LINE('',#12484,#12485);
#12484 = CARTESIAN_POINT('',(95.,-73.,1.51));
#12485 = VECTOR('',#12486,1.);
#12486 = DIRECTION('',(1.,0.,0.));
#12487 = ORIENTED_EDGE('',*,*,#12430,.F.);
#12488 = ORIENTED_EDGE('',*,*,#12489,.F.);
#12489 = EDGE_CURVE('',#12473,#12431,#12490,.T.);
#12490 = LINE('',#12491,#12492);
#12491 = CARTESIAN_POINT('',(95.,-73.,0.));
#12492 = VECTOR('',#12493,1.);
#12493 = DIRECTION('',(1.,0.,0.));
#12494 = PLANE('',#12495);
#12495 = AXIS2_PLACEMENT_3D('',#12496,#12497,#12498);
#12496 = CARTESIAN_POINT('',(95.,-73.,0.));
#12497 = DIRECTION('',(0.,1.,0.));
#12498 = DIRECTION('',(1.,0.,0.));
#12499 = ADVANCED_FACE('',(#12500),#12525,.T.);
#12500 = FACE_BOUND('',#12501,.T.);
#12501 = EDGE_LOOP('',(#12502,#12503,#12511,#12519));
#12502 = ORIENTED_EDGE('',*,*,#12449,.T.);
#12503 = ORIENTED_EDGE('',*,*,#12504,.T.);
#12504 = EDGE_CURVE('',#12441,#12505,#12507,.T.);
#12505 = VERTEX_POINT('',#12506);
#12506 = CARTESIAN_POINT('',(138.,-119.,1.51));
#12507 = LINE('',#12508,#12509);
#12508 = CARTESIAN_POINT('',(138.,-74.,1.51));
#12509 = VECTOR('',#12510,1.);
#12510 = DIRECTION('',(0.,-1.,0.));
#12511 = ORIENTED_EDGE('',*,*,#12512,.F.);
#12512 = EDGE_CURVE('',#12513,#12505,#12515,.T.);
#12513 = VERTEX_POINT('',#12514);
#12514 = CARTESIAN_POINT('',(138.,-119.,0.));
#12515 = LINE('',#12516,#12517);
#12516 = CARTESIAN_POINT('',(138.,-119.,0.));
#12517 = VECTOR('',#12518,1.);
#12518 = DIRECTION('',(0.,0.,1.));
#12519 = ORIENTED_EDGE('',*,*,#12520,.F.);
#12520 = EDGE_CURVE('',#12450,#12513,#12521,.T.);
#12521 = LINE('',#12522,#12523);
#12522 = CARTESIAN_POINT('',(138.,-74.,0.));
#12523 = VECTOR('',#12524,1.);
#12524 = DIRECTION('',(0.,-1.,0.));
#12525 = PLANE('',#12526);
#12526 = AXIS2_PLACEMENT_3D('',#12527,#12528,#12529);
#12527 = CARTESIAN_POINT('',(138.,-74.,0.));
#12528 = DIRECTION('',(1.,0.,-0.));
#12529 = DIRECTION('',(0.,-1.,0.));
#12530 = ADVANCED_FACE('',(#12531,#12577,#12588,#12599,#12610,#12621,
    #12632,#12643,#12654,#12665,#12676,#12687,#12698,#12709,#12720,
    #12731,#12742,#12753,#12764,#12775,#12786,#12797,#12808,#12819,
    #12830,#12841,#12852,#12863,#12874,#12885,#12896),#12907,.F.);
#12531 = FACE_BOUND('',#12532,.F.);
#12532 = EDGE_LOOP('',(#12533,#12534,#12535,#12544,#12552,#12561,#12569,
    #12576));
#12533 = ORIENTED_EDGE('',*,*,#12457,.F.);
#12534 = ORIENTED_EDGE('',*,*,#12489,.F.);
#12535 = ORIENTED_EDGE('',*,*,#12536,.F.);
#12536 = EDGE_CURVE('',#12537,#12473,#12539,.T.);
#12537 = VERTEX_POINT('',#12538);
#12538 = CARTESIAN_POINT('',(94.,-74.,0.));
#12539 = CIRCLE('',#12540,0.999999252925);
#12540 = AXIS2_PLACEMENT_3D('',#12541,#12542,#12543);
#12541 = CARTESIAN_POINT('',(94.999999252925,-73.99999925292,0.));
#12542 = DIRECTION('',(0.,0.,-1.));
#12543 = DIRECTION('',(-1.,-7.47075720743E-07,-0.));
#12544 = ORIENTED_EDGE('',*,*,#12545,.F.);
#12545 = EDGE_CURVE('',#12546,#12537,#12548,.T.);
#12546 = VERTEX_POINT('',#12547);
#12547 = CARTESIAN_POINT('',(94.,-119.,0.));
#12548 = LINE('',#12549,#12550);
#12549 = CARTESIAN_POINT('',(94.,-119.,0.));
#12550 = VECTOR('',#12551,1.);
#12551 = DIRECTION('',(0.,1.,0.));
#12552 = ORIENTED_EDGE('',*,*,#12553,.F.);
#12553 = EDGE_CURVE('',#12554,#12546,#12556,.T.);
#12554 = VERTEX_POINT('',#12555);
#12555 = CARTESIAN_POINT('',(95.,-120.,0.));
#12556 = CIRCLE('',#12557,0.999999252925);
#12557 = AXIS2_PLACEMENT_3D('',#12558,#12559,#12560);
#12558 = CARTESIAN_POINT('',(94.999999252925,-119.000000747,0.));
#12559 = DIRECTION('',(0.,0.,-1.));
#12560 = DIRECTION('',(7.47075720743E-07,-1.,0.));
#12561 = ORIENTED_EDGE('',*,*,#12562,.F.);
#12562 = EDGE_CURVE('',#12563,#12554,#12565,.T.);
#12563 = VERTEX_POINT('',#12564);
#12564 = CARTESIAN_POINT('',(137.,-120.,0.));
#12565 = LINE('',#12566,#12567);
#12566 = CARTESIAN_POINT('',(137.,-120.,0.));
#12567 = VECTOR('',#12568,1.);
#12568 = DIRECTION('',(-1.,0.,0.));
#12569 = ORIENTED_EDGE('',*,*,#12570,.F.);
#12570 = EDGE_CURVE('',#12513,#12563,#12571,.T.);
#12571 = CIRCLE('',#12572,0.999999252925);
#12572 = AXIS2_PLACEMENT_3D('',#12573,#12574,#12575);
#12573 = CARTESIAN_POINT('',(137.00000074707,-119.000000747,0.));
#12574 = DIRECTION('',(0.,0.,-1.));
#12575 = DIRECTION('',(1.,7.470757491648E-07,0.));
#12576 = ORIENTED_EDGE('',*,*,#12520,.F.);
#12577 = FACE_BOUND('',#12578,.F.);
#12578 = EDGE_LOOP('',(#12579));
#12579 = ORIENTED_EDGE('',*,*,#12580,.F.);
#12580 = EDGE_CURVE('',#12581,#12581,#12583,.T.);
#12581 = VERTEX_POINT('',#12582);
#12582 = CARTESIAN_POINT('',(101.,-116.,0.));
#12583 = CIRCLE('',#12584,3.);
#12584 = AXIS2_PLACEMENT_3D('',#12585,#12586,#12587);
#12585 = CARTESIAN_POINT('',(98.,-116.,0.));
#12586 = DIRECTION('',(0.,0.,1.));
#12587 = DIRECTION('',(1.,0.,-0.));
#12588 = FACE_BOUND('',#12589,.F.);
#12589 = EDGE_LOOP('',(#12590));
#12590 = ORIENTED_EDGE('',*,*,#12591,.T.);
#12591 = EDGE_CURVE('',#12592,#12592,#12594,.T.);
#12592 = VERTEX_POINT('',#12593);
#12593 = CARTESIAN_POINT('',(112.5,-114.5,0.));
#12594 = CIRCLE('',#12595,0.5);
#12595 = AXIS2_PLACEMENT_3D('',#12596,#12597,#12598);
#12596 = CARTESIAN_POINT('',(112.5,-114.,0.));
#12597 = DIRECTION('',(-0.,0.,-1.));
#12598 = DIRECTION('',(-0.,-1.,0.));
#12599 = FACE_BOUND('',#12600,.F.);
#12600 = EDGE_LOOP('',(#12601));
#12601 = ORIENTED_EDGE('',*,*,#12602,.T.);
#12602 = EDGE_CURVE('',#12603,#12603,#12605,.T.);
#12603 = VERTEX_POINT('',#12604);
#12604 = CARTESIAN_POINT('',(115.04,-114.5,0.));
#12605 = CIRCLE('',#12606,0.5);
#12606 = AXIS2_PLACEMENT_3D('',#12607,#12608,#12609);
#12607 = CARTESIAN_POINT('',(115.04,-114.,0.));
#12608 = DIRECTION('',(-0.,0.,-1.));
#12609 = DIRECTION('',(-0.,-1.,0.));
#12610 = FACE_BOUND('',#12611,.F.);
#12611 = EDGE_LOOP('',(#12612));
#12612 = ORIENTED_EDGE('',*,*,#12613,.T.);
#12613 = EDGE_CURVE('',#12614,#12614,#12616,.T.);
#12614 = VERTEX_POINT('',#12615);
#12615 = CARTESIAN_POINT('',(99.5,-102.7,0.));
#12616 = CIRCLE('',#12617,0.5);
#12617 = AXIS2_PLACEMENT_3D('',#12618,#12619,#12620);
#12618 = CARTESIAN_POINT('',(99.5,-102.2,0.));
#12619 = DIRECTION('',(-0.,0.,-1.));
#12620 = DIRECTION('',(-0.,-1.,0.));
#12621 = FACE_BOUND('',#12622,.F.);
#12622 = EDGE_LOOP('',(#12623));
#12623 = ORIENTED_EDGE('',*,*,#12624,.T.);
#12624 = EDGE_CURVE('',#12625,#12625,#12627,.T.);
#12625 = VERTEX_POINT('',#12626);
#12626 = CARTESIAN_POINT('',(99.5,-100.16,0.));
#12627 = CIRCLE('',#12628,0.5);
#12628 = AXIS2_PLACEMENT_3D('',#12629,#12630,#12631);
#12629 = CARTESIAN_POINT('',(99.5,-99.66,0.));
#12630 = DIRECTION('',(-0.,0.,-1.));
#12631 = DIRECTION('',(-0.,-1.,0.));
#12632 = FACE_BOUND('',#12633,.F.);
#12633 = EDGE_LOOP('',(#12634));
#12634 = ORIENTED_EDGE('',*,*,#12635,.T.);
#12635 = EDGE_CURVE('',#12636,#12636,#12638,.T.);
#12636 = VERTEX_POINT('',#12637);
#12637 = CARTESIAN_POINT('',(99.5,-97.62,0.));
#12638 = CIRCLE('',#12639,0.5);
#12639 = AXIS2_PLACEMENT_3D('',#12640,#12641,#12642);
#12640 = CARTESIAN_POINT('',(99.5,-97.12,0.));
#12641 = DIRECTION('',(-0.,0.,-1.));
#12642 = DIRECTION('',(-0.,-1.,0.));
#12643 = FACE_BOUND('',#12644,.F.);
#12644 = EDGE_LOOP('',(#12645));
#12645 = ORIENTED_EDGE('',*,*,#12646,.T.);
#12646 = EDGE_CURVE('',#12647,#12647,#12649,.T.);
#12647 = VERTEX_POINT('',#12648);
#12648 = CARTESIAN_POINT('',(112.245,-99.643,0.));
#12649 = CIRCLE('',#12650,0.508);
#12650 = AXIS2_PLACEMENT_3D('',#12651,#12652,#12653);
#12651 = CARTESIAN_POINT('',(112.245,-99.135,0.));
#12652 = DIRECTION('',(-0.,0.,-1.));
#12653 = DIRECTION('',(-0.,-1.,0.));
#12654 = FACE_BOUND('',#12655,.F.);
#12655 = EDGE_LOOP('',(#12656));
#12656 = ORIENTED_EDGE('',*,*,#12657,.T.);
#12657 = EDGE_CURVE('',#12658,#12658,#12660,.T.);
#12658 = VERTEX_POINT('',#12659);
#12659 = CARTESIAN_POINT('',(112.245,-97.103,0.));
#12660 = CIRCLE('',#12661,0.508);
#12661 = AXIS2_PLACEMENT_3D('',#12662,#12663,#12664);
#12662 = CARTESIAN_POINT('',(112.245,-96.595,0.));
#12663 = DIRECTION('',(-0.,0.,-1.));
#12664 = DIRECTION('',(-0.,-1.,0.));
#12665 = FACE_BOUND('',#12666,.F.);
#12666 = EDGE_LOOP('',(#12667));
#12667 = ORIENTED_EDGE('',*,*,#12668,.T.);
#12668 = EDGE_CURVE('',#12669,#12669,#12671,.T.);
#12669 = VERTEX_POINT('',#12670);
#12670 = CARTESIAN_POINT('',(117.58,-114.5,0.));
#12671 = CIRCLE('',#12672,0.5);
#12672 = AXIS2_PLACEMENT_3D('',#12673,#12674,#12675);
#12673 = CARTESIAN_POINT('',(117.58,-114.,0.));
#12674 = DIRECTION('',(-0.,0.,-1.));
#12675 = DIRECTION('',(-0.,-1.,0.));
#12676 = FACE_BOUND('',#12677,.F.);
#12677 = EDGE_LOOP('',(#12678));
#12678 = ORIENTED_EDGE('',*,*,#12679,.T.);
#12679 = EDGE_CURVE('',#12680,#12680,#12682,.T.);
#12680 = VERTEX_POINT('',#12681);
#12681 = CARTESIAN_POINT('',(117.325,-109.803,0.));
#12682 = CIRCLE('',#12683,0.508);
#12683 = AXIS2_PLACEMENT_3D('',#12684,#12685,#12686);
#12684 = CARTESIAN_POINT('',(117.325,-109.295,0.));
#12685 = DIRECTION('',(-0.,0.,-1.));
#12686 = DIRECTION('',(2.797412345512E-14,-1.,-0.));
#12687 = FACE_BOUND('',#12688,.F.);
#12688 = EDGE_LOOP('',(#12689));
#12689 = ORIENTED_EDGE('',*,*,#12690,.T.);
#12690 = EDGE_CURVE('',#12691,#12691,#12693,.T.);
#12691 = VERTEX_POINT('',#12692);
#12692 = CARTESIAN_POINT('',(122.405,-109.803,0.));
#12693 = CIRCLE('',#12694,0.508);
#12694 = AXIS2_PLACEMENT_3D('',#12695,#12696,#12697);
#12695 = CARTESIAN_POINT('',(122.405,-109.295,0.));
#12696 = DIRECTION('',(-0.,0.,-1.));
#12697 = DIRECTION('',(-0.,-1.,0.));
#12698 = FACE_BOUND('',#12699,.F.);
#12699 = EDGE_LOOP('',(#12700));
#12700 = ORIENTED_EDGE('',*,*,#12701,.T.);
#12701 = EDGE_CURVE('',#12702,#12702,#12704,.T.);
#12702 = VERTEX_POINT('',#12703);
#12703 = CARTESIAN_POINT('',(129.,-110.375,0.));
#12704 = CIRCLE('',#12705,0.375);
#12705 = AXIS2_PLACEMENT_3D('',#12706,#12707,#12708);
#12706 = CARTESIAN_POINT('',(129.,-110.,0.));
#12707 = DIRECTION('',(-0.,0.,-1.));
#12708 = DIRECTION('',(-0.,-1.,0.));
#12709 = FACE_BOUND('',#12710,.F.);
#12710 = EDGE_LOOP('',(#12711));
#12711 = ORIENTED_EDGE('',*,*,#12712,.T.);
#12712 = EDGE_CURVE('',#12713,#12713,#12715,.T.);
#12713 = VERTEX_POINT('',#12714);
#12714 = CARTESIAN_POINT('',(131.,-110.375,0.));
#12715 = CIRCLE('',#12716,0.375);
#12716 = AXIS2_PLACEMENT_3D('',#12717,#12718,#12719);
#12717 = CARTESIAN_POINT('',(131.,-110.,0.));
#12718 = DIRECTION('',(-0.,0.,-1.));
#12719 = DIRECTION('',(-0.,-1.,0.));
#12720 = FACE_BOUND('',#12721,.F.);
#12721 = EDGE_LOOP('',(#12722));
#12722 = ORIENTED_EDGE('',*,*,#12723,.T.);
#12723 = EDGE_CURVE('',#12724,#12724,#12726,.T.);
#12724 = VERTEX_POINT('',#12725);
#12725 = CARTESIAN_POINT('',(127.485,-99.643,0.));
#12726 = CIRCLE('',#12727,0.508);
#12727 = AXIS2_PLACEMENT_3D('',#12728,#12729,#12730);
#12728 = CARTESIAN_POINT('',(127.485,-99.135,0.));
#12729 = DIRECTION('',(-0.,0.,-1.));
#12730 = DIRECTION('',(-0.,-1.,0.));
#12731 = FACE_BOUND('',#12732,.F.);
#12732 = EDGE_LOOP('',(#12733));
#12733 = ORIENTED_EDGE('',*,*,#12734,.T.);
#12734 = EDGE_CURVE('',#12735,#12735,#12737,.T.);
#12735 = VERTEX_POINT('',#12736);
#12736 = CARTESIAN_POINT('',(127.485,-97.103,0.));
#12737 = CIRCLE('',#12738,0.508);
#12738 = AXIS2_PLACEMENT_3D('',#12739,#12740,#12741);
#12739 = CARTESIAN_POINT('',(127.485,-96.595,0.));
#12740 = DIRECTION('',(-0.,0.,-1.));
#12741 = DIRECTION('',(-0.,-1.,0.));
#12742 = FACE_BOUND('',#12743,.F.);
#12743 = EDGE_LOOP('',(#12744));
#12744 = ORIENTED_EDGE('',*,*,#12745,.T.);
#12745 = EDGE_CURVE('',#12746,#12746,#12748,.T.);
#12746 = VERTEX_POINT('',#12747);
#12747 = CARTESIAN_POINT('',(99.5,-95.08,0.));
#12748 = CIRCLE('',#12749,0.5);
#12749 = AXIS2_PLACEMENT_3D('',#12750,#12751,#12752);
#12750 = CARTESIAN_POINT('',(99.5,-94.58,0.));
#12751 = DIRECTION('',(-0.,0.,-1.));
#12752 = DIRECTION('',(-0.,-1.,0.));
#12753 = FACE_BOUND('',#12754,.F.);
#12754 = EDGE_LOOP('',(#12755));
#12755 = ORIENTED_EDGE('',*,*,#12756,.T.);
#12756 = EDGE_CURVE('',#12757,#12757,#12759,.T.);
#12757 = VERTEX_POINT('',#12758);
#12758 = CARTESIAN_POINT('',(99.5,-92.54,0.));
#12759 = CIRCLE('',#12760,0.5);
#12760 = AXIS2_PLACEMENT_3D('',#12761,#12762,#12763);
#12761 = CARTESIAN_POINT('',(99.5,-92.04,0.));
#12762 = DIRECTION('',(-0.,0.,-1.));
#12763 = DIRECTION('',(-0.,-1.,0.));
#12764 = FACE_BOUND('',#12765,.F.);
#12765 = EDGE_LOOP('',(#12766));
#12766 = ORIENTED_EDGE('',*,*,#12767,.T.);
#12767 = EDGE_CURVE('',#12768,#12768,#12770,.T.);
#12768 = VERTEX_POINT('',#12769);
#12769 = CARTESIAN_POINT('',(99.5,-90.,0.));
#12770 = CIRCLE('',#12771,0.5);
#12771 = AXIS2_PLACEMENT_3D('',#12772,#12773,#12774);
#12772 = CARTESIAN_POINT('',(99.5,-89.5,0.));
#12773 = DIRECTION('',(-0.,0.,-1.));
#12774 = DIRECTION('',(-0.,-1.,0.));
#12775 = FACE_BOUND('',#12776,.F.);
#12776 = EDGE_LOOP('',(#12777));
#12777 = ORIENTED_EDGE('',*,*,#12778,.T.);
#12778 = EDGE_CURVE('',#12779,#12779,#12781,.T.);
#12779 = VERTEX_POINT('',#12780);
#12780 = CARTESIAN_POINT('',(112.245,-94.563,0.));
#12781 = CIRCLE('',#12782,0.508);
#12782 = AXIS2_PLACEMENT_3D('',#12783,#12784,#12785);
#12783 = CARTESIAN_POINT('',(112.245,-94.055,0.));
#12784 = DIRECTION('',(-0.,0.,-1.));
#12785 = DIRECTION('',(-0.,-1.,0.));
#12786 = FACE_BOUND('',#12787,.F.);
#12787 = EDGE_LOOP('',(#12788));
#12788 = ORIENTED_EDGE('',*,*,#12789,.T.);
#12789 = EDGE_CURVE('',#12790,#12790,#12792,.T.);
#12790 = VERTEX_POINT('',#12791);
#12791 = CARTESIAN_POINT('',(112.245,-92.023,0.));
#12792 = CIRCLE('',#12793,0.508);
#12793 = AXIS2_PLACEMENT_3D('',#12794,#12795,#12796);
#12794 = CARTESIAN_POINT('',(112.245,-91.515,0.));
#12795 = DIRECTION('',(-0.,0.,-1.));
#12796 = DIRECTION('',(-0.,-1.,0.));
#12797 = FACE_BOUND('',#12798,.F.);
#12798 = EDGE_LOOP('',(#12799));
#12799 = ORIENTED_EDGE('',*,*,#12800,.T.);
#12800 = EDGE_CURVE('',#12801,#12801,#12803,.T.);
#12801 = VERTEX_POINT('',#12802);
#12802 = CARTESIAN_POINT('',(112.245,-89.483,0.));
#12803 = CIRCLE('',#12804,0.508);
#12804 = AXIS2_PLACEMENT_3D('',#12805,#12806,#12807);
#12805 = CARTESIAN_POINT('',(112.245,-88.975,0.));
#12806 = DIRECTION('',(-0.,0.,-1.));
#12807 = DIRECTION('',(-0.,-1.,0.));
#12808 = FACE_BOUND('',#12809,.F.);
#12809 = EDGE_LOOP('',(#12810));
#12810 = ORIENTED_EDGE('',*,*,#12811,.T.);
#12811 = EDGE_CURVE('',#12812,#12812,#12814,.T.);
#12812 = VERTEX_POINT('',#12813);
#12813 = CARTESIAN_POINT('',(112.245,-86.943,0.));
#12814 = CIRCLE('',#12815,0.508);
#12815 = AXIS2_PLACEMENT_3D('',#12816,#12817,#12818);
#12816 = CARTESIAN_POINT('',(112.245,-86.435,0.));
#12817 = DIRECTION('',(-0.,0.,-1.));
#12818 = DIRECTION('',(-0.,-1.,0.));
#12819 = FACE_BOUND('',#12820,.F.);
#12820 = EDGE_LOOP('',(#12821));
#12821 = ORIENTED_EDGE('',*,*,#12822,.F.);
#12822 = EDGE_CURVE('',#12823,#12823,#12825,.T.);
#12823 = VERTEX_POINT('',#12824);
#12824 = CARTESIAN_POINT('',(101.,-77.,0.));
#12825 = CIRCLE('',#12826,3.);
#12826 = AXIS2_PLACEMENT_3D('',#12827,#12828,#12829);
#12827 = CARTESIAN_POINT('',(98.,-77.,0.));
#12828 = DIRECTION('',(0.,0.,1.));
#12829 = DIRECTION('',(1.,0.,-0.));
#12830 = FACE_BOUND('',#12831,.F.);
#12831 = EDGE_LOOP('',(#12832));
#12832 = ORIENTED_EDGE('',*,*,#12833,.T.);
#12833 = EDGE_CURVE('',#12834,#12834,#12836,.T.);
#12834 = VERTEX_POINT('',#12835);
#12835 = CARTESIAN_POINT('',(112.245,-84.403,0.));
#12836 = CIRCLE('',#12837,0.508);
#12837 = AXIS2_PLACEMENT_3D('',#12838,#12839,#12840);
#12838 = CARTESIAN_POINT('',(112.245,-83.895,0.));
#12839 = DIRECTION('',(-0.,0.,-1.));
#12840 = DIRECTION('',(-0.,-1.,0.));
#12841 = FACE_BOUND('',#12842,.F.);
#12842 = EDGE_LOOP('',(#12843));
#12843 = ORIENTED_EDGE('',*,*,#12844,.T.);
#12844 = EDGE_CURVE('',#12845,#12845,#12847,.T.);
#12845 = VERTEX_POINT('',#12846);
#12846 = CARTESIAN_POINT('',(127.485,-94.563,0.));
#12847 = CIRCLE('',#12848,0.508);
#12848 = AXIS2_PLACEMENT_3D('',#12849,#12850,#12851);
#12849 = CARTESIAN_POINT('',(127.485,-94.055,0.));
#12850 = DIRECTION('',(-0.,0.,-1.));
#12851 = DIRECTION('',(-0.,-1.,0.));
#12852 = FACE_BOUND('',#12853,.F.);
#12853 = EDGE_LOOP('',(#12854));
#12854 = ORIENTED_EDGE('',*,*,#12855,.T.);
#12855 = EDGE_CURVE('',#12856,#12856,#12858,.T.);
#12856 = VERTEX_POINT('',#12857);
#12857 = CARTESIAN_POINT('',(127.485,-92.023,0.));
#12858 = CIRCLE('',#12859,0.508);
#12859 = AXIS2_PLACEMENT_3D('',#12860,#12861,#12862);
#12860 = CARTESIAN_POINT('',(127.485,-91.515,0.));
#12861 = DIRECTION('',(-0.,0.,-1.));
#12862 = DIRECTION('',(-0.,-1.,0.));
#12863 = FACE_BOUND('',#12864,.F.);
#12864 = EDGE_LOOP('',(#12865));
#12865 = ORIENTED_EDGE('',*,*,#12866,.T.);
#12866 = EDGE_CURVE('',#12867,#12867,#12869,.T.);
#12867 = VERTEX_POINT('',#12868);
#12868 = CARTESIAN_POINT('',(127.485,-89.483,0.));
#12869 = CIRCLE('',#12870,0.508);
#12870 = AXIS2_PLACEMENT_3D('',#12871,#12872,#12873);
#12871 = CARTESIAN_POINT('',(127.485,-88.975,0.));
#12872 = DIRECTION('',(-0.,0.,-1.));
#12873 = DIRECTION('',(-0.,-1.,0.));
#12874 = FACE_BOUND('',#12875,.F.);
#12875 = EDGE_LOOP('',(#12876));
#12876 = ORIENTED_EDGE('',*,*,#12877,.T.);
#12877 = EDGE_CURVE('',#12878,#12878,#12880,.T.);
#12878 = VERTEX_POINT('',#12879);
#12879 = CARTESIAN_POINT('',(127.485,-86.943,0.));
#12880 = CIRCLE('',#12881,0.508);
#12881 = AXIS2_PLACEMENT_3D('',#12882,#12883,#12884);
#12882 = CARTESIAN_POINT('',(127.485,-86.435,0.));
#12883 = DIRECTION('',(-0.,0.,-1.));
#12884 = DIRECTION('',(-0.,-1.,0.));
#12885 = FACE_BOUND('',#12886,.F.);
#12886 = EDGE_LOOP('',(#12887));
#12887 = ORIENTED_EDGE('',*,*,#12888,.T.);
#12888 = EDGE_CURVE('',#12889,#12889,#12891,.T.);
#12889 = VERTEX_POINT('',#12890);
#12890 = CARTESIAN_POINT('',(127.485,-84.403,0.));
#12891 = CIRCLE('',#12892,0.508);
#12892 = AXIS2_PLACEMENT_3D('',#12893,#12894,#12895);
#12893 = CARTESIAN_POINT('',(127.485,-83.895,0.));
#12894 = DIRECTION('',(-0.,0.,-1.));
#12895 = DIRECTION('',(-0.,-1.,0.));
#12896 = FACE_BOUND('',#12897,.F.);
#12897 = EDGE_LOOP('',(#12898));
#12898 = ORIENTED_EDGE('',*,*,#12899,.F.);
#12899 = EDGE_CURVE('',#12900,#12900,#12902,.T.);
#12900 = VERTEX_POINT('',#12901);
#12901 = CARTESIAN_POINT('',(137.,-77.,0.));
#12902 = CIRCLE('',#12903,3.);
#12903 = AXIS2_PLACEMENT_3D('',#12904,#12905,#12906);
#12904 = CARTESIAN_POINT('',(134.,-77.,0.));
#12905 = DIRECTION('',(0.,0.,1.));
#12906 = DIRECTION('',(1.,0.,-0.));
#12907 = PLANE('',#12908);
#12908 = AXIS2_PLACEMENT_3D('',#12909,#12910,#12911);
#12909 = CARTESIAN_POINT('',(0.,0.,0.));
#12910 = DIRECTION('',(0.,0.,1.));
#12911 = DIRECTION('',(1.,0.,-0.));
#12912 = ADVANCED_FACE('',(#12913,#12959,#12970,#12981,#12992,#13003,
    #13014,#13025,#13036,#13047,#13058,#13069,#13080,#13091,#13102,
    #13113,#13124,#13135,#13146,#13157,#13168,#13179,#13190,#13201,
    #13212,#13223,#13234,#13245,#13256,#13267,#13278),#13289,.T.);
#12913 = FACE_BOUND('',#12914,.T.);
#12914 = EDGE_LOOP('',(#12915,#12916,#12917,#12926,#12934,#12943,#12951,
    #12958));
#12915 = ORIENTED_EDGE('',*,*,#12440,.F.);
#12916 = ORIENTED_EDGE('',*,*,#12482,.F.);
#12917 = ORIENTED_EDGE('',*,*,#12918,.F.);
#12918 = EDGE_CURVE('',#12919,#12475,#12921,.T.);
#12919 = VERTEX_POINT('',#12920);
#12920 = CARTESIAN_POINT('',(94.,-74.,1.51));
#12921 = CIRCLE('',#12922,0.999999252925);
#12922 = AXIS2_PLACEMENT_3D('',#12923,#12924,#12925);
#12923 = CARTESIAN_POINT('',(94.999999252925,-73.99999925292,1.51));
#12924 = DIRECTION('',(0.,0.,-1.));
#12925 = DIRECTION('',(-1.,-7.47075720743E-07,-0.));
#12926 = ORIENTED_EDGE('',*,*,#12927,.F.);
#12927 = EDGE_CURVE('',#12928,#12919,#12930,.T.);
#12928 = VERTEX_POINT('',#12929);
#12929 = CARTESIAN_POINT('',(94.,-119.,1.51));
#12930 = LINE('',#12931,#12932);
#12931 = CARTESIAN_POINT('',(94.,-119.,1.51));
#12932 = VECTOR('',#12933,1.);
#12933 = DIRECTION('',(0.,1.,0.));
#12934 = ORIENTED_EDGE('',*,*,#12935,.F.);
#12935 = EDGE_CURVE('',#12936,#12928,#12938,.T.);
#12936 = VERTEX_POINT('',#12937);
#12937 = CARTESIAN_POINT('',(95.,-120.,1.51));
#12938 = CIRCLE('',#12939,0.999999252925);
#12939 = AXIS2_PLACEMENT_3D('',#12940,#12941,#12942);
#12940 = CARTESIAN_POINT('',(94.999999252925,-119.000000747,1.51));
#12941 = DIRECTION('',(0.,0.,-1.));
#12942 = DIRECTION('',(7.47075720743E-07,-1.,0.));
#12943 = ORIENTED_EDGE('',*,*,#12944,.F.);
#12944 = EDGE_CURVE('',#12945,#12936,#12947,.T.);
#12945 = VERTEX_POINT('',#12946);
#12946 = CARTESIAN_POINT('',(137.,-120.,1.51));
#12947 = LINE('',#12948,#12949);
#12948 = CARTESIAN_POINT('',(137.,-120.,1.51));
#12949 = VECTOR('',#12950,1.);
#12950 = DIRECTION('',(-1.,0.,0.));
#12951 = ORIENTED_EDGE('',*,*,#12952,.F.);
#12952 = EDGE_CURVE('',#12505,#12945,#12953,.T.);
#12953 = CIRCLE('',#12954,0.999999252925);
#12954 = AXIS2_PLACEMENT_3D('',#12955,#12956,#12957);
#12955 = CARTESIAN_POINT('',(137.00000074707,-119.000000747,1.51));
#12956 = DIRECTION('',(0.,0.,-1.));
#12957 = DIRECTION('',(1.,7.470757491648E-07,0.));
#12958 = ORIENTED_EDGE('',*,*,#12504,.F.);
#12959 = FACE_BOUND('',#12960,.T.);
#12960 = EDGE_LOOP('',(#12961));
#12961 = ORIENTED_EDGE('',*,*,#12962,.F.);
#12962 = EDGE_CURVE('',#12963,#12963,#12965,.T.);
#12963 = VERTEX_POINT('',#12964);
#12964 = CARTESIAN_POINT('',(101.,-116.,1.51));
#12965 = CIRCLE('',#12966,3.);
#12966 = AXIS2_PLACEMENT_3D('',#12967,#12968,#12969);
#12967 = CARTESIAN_POINT('',(98.,-116.,1.51));
#12968 = DIRECTION('',(0.,0.,1.));
#12969 = DIRECTION('',(1.,0.,-0.));
#12970 = FACE_BOUND('',#12971,.T.);
#12971 = EDGE_LOOP('',(#12972));
#12972 = ORIENTED_EDGE('',*,*,#12973,.T.);
#12973 = EDGE_CURVE('',#12974,#12974,#12976,.T.);
#12974 = VERTEX_POINT('',#12975);
#12975 = CARTESIAN_POINT('',(112.5,-114.5,1.51));
#12976 = CIRCLE('',#12977,0.5);
#12977 = AXIS2_PLACEMENT_3D('',#12978,#12979,#12980);
#12978 = CARTESIAN_POINT('',(112.5,-114.,1.51));
#12979 = DIRECTION('',(-0.,0.,-1.));
#12980 = DIRECTION('',(-0.,-1.,0.));
#12981 = FACE_BOUND('',#12982,.T.);
#12982 = EDGE_LOOP('',(#12983));
#12983 = ORIENTED_EDGE('',*,*,#12984,.T.);
#12984 = EDGE_CURVE('',#12985,#12985,#12987,.T.);
#12985 = VERTEX_POINT('',#12986);
#12986 = CARTESIAN_POINT('',(115.04,-114.5,1.51));
#12987 = CIRCLE('',#12988,0.5);
#12988 = AXIS2_PLACEMENT_3D('',#12989,#12990,#12991);
#12989 = CARTESIAN_POINT('',(115.04,-114.,1.51));
#12990 = DIRECTION('',(-0.,0.,-1.));
#12991 = DIRECTION('',(-0.,-1.,0.));
#12992 = FACE_BOUND('',#12993,.T.);
#12993 = EDGE_LOOP('',(#12994));
#12994 = ORIENTED_EDGE('',*,*,#12995,.T.);
#12995 = EDGE_CURVE('',#12996,#12996,#12998,.T.);
#12996 = VERTEX_POINT('',#12997);
#12997 = CARTESIAN_POINT('',(99.5,-102.7,1.51));
#12998 = CIRCLE('',#12999,0.5);
#12999 = AXIS2_PLACEMENT_3D('',#13000,#13001,#13002);
#13000 = CARTESIAN_POINT('',(99.5,-102.2,1.51));
#13001 = DIRECTION('',(-0.,0.,-1.));
#13002 = DIRECTION('',(-0.,-1.,0.));
#13003 = FACE_BOUND('',#13004,.T.);
#13004 = EDGE_LOOP('',(#13005));
#13005 = ORIENTED_EDGE('',*,*,#13006,.T.);
#13006 = EDGE_CURVE('',#13007,#13007,#13009,.T.);
#13007 = VERTEX_POINT('',#13008);
#13008 = CARTESIAN_POINT('',(99.5,-100.16,1.51));
#13009 = CIRCLE('',#13010,0.5);
#13010 = AXIS2_PLACEMENT_3D('',#13011,#13012,#13013);
#13011 = CARTESIAN_POINT('',(99.5,-99.66,1.51));
#13012 = DIRECTION('',(-0.,0.,-1.));
#13013 = DIRECTION('',(-0.,-1.,0.));
#13014 = FACE_BOUND('',#13015,.T.);
#13015 = EDGE_LOOP('',(#13016));
#13016 = ORIENTED_EDGE('',*,*,#13017,.T.);
#13017 = EDGE_CURVE('',#13018,#13018,#13020,.T.);
#13018 = VERTEX_POINT('',#13019);
#13019 = CARTESIAN_POINT('',(99.5,-97.62,1.51));
#13020 = CIRCLE('',#13021,0.5);
#13021 = AXIS2_PLACEMENT_3D('',#13022,#13023,#13024);
#13022 = CARTESIAN_POINT('',(99.5,-97.12,1.51));
#13023 = DIRECTION('',(-0.,0.,-1.));
#13024 = DIRECTION('',(-0.,-1.,0.));
#13025 = FACE_BOUND('',#13026,.T.);
#13026 = EDGE_LOOP('',(#13027));
#13027 = ORIENTED_EDGE('',*,*,#13028,.T.);
#13028 = EDGE_CURVE('',#13029,#13029,#13031,.T.);
#13029 = VERTEX_POINT('',#13030);
#13030 = CARTESIAN_POINT('',(112.245,-99.643,1.51));
#13031 = CIRCLE('',#13032,0.508);
#13032 = AXIS2_PLACEMENT_3D('',#13033,#13034,#13035);
#13033 = CARTESIAN_POINT('',(112.245,-99.135,1.51));
#13034 = DIRECTION('',(-0.,0.,-1.));
#13035 = DIRECTION('',(-0.,-1.,0.));
#13036 = FACE_BOUND('',#13037,.T.);
#13037 = EDGE_LOOP('',(#13038));
#13038 = ORIENTED_EDGE('',*,*,#13039,.T.);
#13039 = EDGE_CURVE('',#13040,#13040,#13042,.T.);
#13040 = VERTEX_POINT('',#13041);
#13041 = CARTESIAN_POINT('',(112.245,-97.103,1.51));
#13042 = CIRCLE('',#13043,0.508);
#13043 = AXIS2_PLACEMENT_3D('',#13044,#13045,#13046);
#13044 = CARTESIAN_POINT('',(112.245,-96.595,1.51));
#13045 = DIRECTION('',(-0.,0.,-1.));
#13046 = DIRECTION('',(-0.,-1.,0.));
#13047 = FACE_BOUND('',#13048,.T.);
#13048 = EDGE_LOOP('',(#13049));
#13049 = ORIENTED_EDGE('',*,*,#13050,.T.);
#13050 = EDGE_CURVE('',#13051,#13051,#13053,.T.);
#13051 = VERTEX_POINT('',#13052);
#13052 = CARTESIAN_POINT('',(117.58,-114.5,1.51));
#13053 = CIRCLE('',#13054,0.5);
#13054 = AXIS2_PLACEMENT_3D('',#13055,#13056,#13057);
#13055 = CARTESIAN_POINT('',(117.58,-114.,1.51));
#13056 = DIRECTION('',(-0.,0.,-1.));
#13057 = DIRECTION('',(-0.,-1.,0.));
#13058 = FACE_BOUND('',#13059,.T.);
#13059 = EDGE_LOOP('',(#13060));
#13060 = ORIENTED_EDGE('',*,*,#13061,.T.);
#13061 = EDGE_CURVE('',#13062,#13062,#13064,.T.);
#13062 = VERTEX_POINT('',#13063);
#13063 = CARTESIAN_POINT('',(117.325,-109.803,1.51));
#13064 = CIRCLE('',#13065,0.508);
#13065 = AXIS2_PLACEMENT_3D('',#13066,#13067,#13068);
#13066 = CARTESIAN_POINT('',(117.325,-109.295,1.51));
#13067 = DIRECTION('',(-0.,0.,-1.));
#13068 = DIRECTION('',(2.797412345512E-14,-1.,-0.));
#13069 = FACE_BOUND('',#13070,.T.);
#13070 = EDGE_LOOP('',(#13071));
#13071 = ORIENTED_EDGE('',*,*,#13072,.T.);
#13072 = EDGE_CURVE('',#13073,#13073,#13075,.T.);
#13073 = VERTEX_POINT('',#13074);
#13074 = CARTESIAN_POINT('',(122.405,-109.803,1.51));
#13075 = CIRCLE('',#13076,0.508);
#13076 = AXIS2_PLACEMENT_3D('',#13077,#13078,#13079);
#13077 = CARTESIAN_POINT('',(122.405,-109.295,1.51));
#13078 = DIRECTION('',(-0.,0.,-1.));
#13079 = DIRECTION('',(-0.,-1.,0.));
#13080 = FACE_BOUND('',#13081,.T.);
#13081 = EDGE_LOOP('',(#13082));
#13082 = ORIENTED_EDGE('',*,*,#13083,.T.);
#13083 = EDGE_CURVE('',#13084,#13084,#13086,.T.);
#13084 = VERTEX_POINT('',#13085);
#13085 = CARTESIAN_POINT('',(129.,-110.375,1.51));
#13086 = CIRCLE('',#13087,0.375);
#13087 = AXIS2_PLACEMENT_3D('',#13088,#13089,#13090);
#13088 = CARTESIAN_POINT('',(129.,-110.,1.51));
#13089 = DIRECTION('',(-0.,0.,-1.));
#13090 = DIRECTION('',(-0.,-1.,0.));
#13091 = FACE_BOUND('',#13092,.T.);
#13092 = EDGE_LOOP('',(#13093));
#13093 = ORIENTED_EDGE('',*,*,#13094,.T.);
#13094 = EDGE_CURVE('',#13095,#13095,#13097,.T.);
#13095 = VERTEX_POINT('',#13096);
#13096 = CARTESIAN_POINT('',(131.,-110.375,1.51));
#13097 = CIRCLE('',#13098,0.375);
#13098 = AXIS2_PLACEMENT_3D('',#13099,#13100,#13101);
#13099 = CARTESIAN_POINT('',(131.,-110.,1.51));
#13100 = DIRECTION('',(-0.,0.,-1.));
#13101 = DIRECTION('',(-0.,-1.,0.));
#13102 = FACE_BOUND('',#13103,.T.);
#13103 = EDGE_LOOP('',(#13104));
#13104 = ORIENTED_EDGE('',*,*,#13105,.T.);
#13105 = EDGE_CURVE('',#13106,#13106,#13108,.T.);
#13106 = VERTEX_POINT('',#13107);
#13107 = CARTESIAN_POINT('',(127.485,-99.643,1.51));
#13108 = CIRCLE('',#13109,0.508);
#13109 = AXIS2_PLACEMENT_3D('',#13110,#13111,#13112);
#13110 = CARTESIAN_POINT('',(127.485,-99.135,1.51));
#13111 = DIRECTION('',(-0.,0.,-1.));
#13112 = DIRECTION('',(-0.,-1.,0.));
#13113 = FACE_BOUND('',#13114,.T.);
#13114 = EDGE_LOOP('',(#13115));
#13115 = ORIENTED_EDGE('',*,*,#13116,.T.);
#13116 = EDGE_CURVE('',#13117,#13117,#13119,.T.);
#13117 = VERTEX_POINT('',#13118);
#13118 = CARTESIAN_POINT('',(127.485,-97.103,1.51));
#13119 = CIRCLE('',#13120,0.508);
#13120 = AXIS2_PLACEMENT_3D('',#13121,#13122,#13123);
#13121 = CARTESIAN_POINT('',(127.485,-96.595,1.51));
#13122 = DIRECTION('',(-0.,0.,-1.));
#13123 = DIRECTION('',(-0.,-1.,0.));
#13124 = FACE_BOUND('',#13125,.T.);
#13125 = EDGE_LOOP('',(#13126));
#13126 = ORIENTED_EDGE('',*,*,#13127,.T.);
#13127 = EDGE_CURVE('',#13128,#13128,#13130,.T.);
#13128 = VERTEX_POINT('',#13129);
#13129 = CARTESIAN_POINT('',(99.5,-95.08,1.51));
#13130 = CIRCLE('',#13131,0.5);
#13131 = AXIS2_PLACEMENT_3D('',#13132,#13133,#13134);
#13132 = CARTESIAN_POINT('',(99.5,-94.58,1.51));
#13133 = DIRECTION('',(-0.,0.,-1.));
#13134 = DIRECTION('',(-0.,-1.,0.));
#13135 = FACE_BOUND('',#13136,.T.);
#13136 = EDGE_LOOP('',(#13137));
#13137 = ORIENTED_EDGE('',*,*,#13138,.T.);
#13138 = EDGE_CURVE('',#13139,#13139,#13141,.T.);
#13139 = VERTEX_POINT('',#13140);
#13140 = CARTESIAN_POINT('',(99.5,-92.54,1.51));
#13141 = CIRCLE('',#13142,0.5);
#13142 = AXIS2_PLACEMENT_3D('',#13143,#13144,#13145);
#13143 = CARTESIAN_POINT('',(99.5,-92.04,1.51));
#13144 = DIRECTION('',(-0.,0.,-1.));
#13145 = DIRECTION('',(-0.,-1.,0.));
#13146 = FACE_BOUND('',#13147,.T.);
#13147 = EDGE_LOOP('',(#13148));
#13148 = ORIENTED_EDGE('',*,*,#13149,.T.);
#13149 = EDGE_CURVE('',#13150,#13150,#13152,.T.);
#13150 = VERTEX_POINT('',#13151);
#13151 = CARTESIAN_POINT('',(99.5,-90.,1.51));
#13152 = CIRCLE('',#13153,0.5);
#13153 = AXIS2_PLACEMENT_3D('',#13154,#13155,#13156);
#13154 = CARTESIAN_POINT('',(99.5,-89.5,1.51));
#13155 = DIRECTION('',(-0.,0.,-1.));
#13156 = DIRECTION('',(-0.,-1.,0.));
#13157 = FACE_BOUND('',#13158,.T.);
#13158 = EDGE_LOOP('',(#13159));
#13159 = ORIENTED_EDGE('',*,*,#13160,.T.);
#13160 = EDGE_CURVE('',#13161,#13161,#13163,.T.);
#13161 = VERTEX_POINT('',#13162);
#13162 = CARTESIAN_POINT('',(112.245,-94.563,1.51));
#13163 = CIRCLE('',#13164,0.508);
#13164 = AXIS2_PLACEMENT_3D('',#13165,#13166,#13167);
#13165 = CARTESIAN_POINT('',(112.245,-94.055,1.51));
#13166 = DIRECTION('',(-0.,0.,-1.));
#13167 = DIRECTION('',(-0.,-1.,0.));
#13168 = FACE_BOUND('',#13169,.T.);
#13169 = EDGE_LOOP('',(#13170));
#13170 = ORIENTED_EDGE('',*,*,#13171,.T.);
#13171 = EDGE_CURVE('',#13172,#13172,#13174,.T.);
#13172 = VERTEX_POINT('',#13173);
#13173 = CARTESIAN_POINT('',(112.245,-92.023,1.51));
#13174 = CIRCLE('',#13175,0.508);
#13175 = AXIS2_PLACEMENT_3D('',#13176,#13177,#13178);
#13176 = CARTESIAN_POINT('',(112.245,-91.515,1.51));
#13177 = DIRECTION('',(-0.,0.,-1.));
#13178 = DIRECTION('',(-0.,-1.,0.));
#13179 = FACE_BOUND('',#13180,.T.);
#13180 = EDGE_LOOP('',(#13181));
#13181 = ORIENTED_EDGE('',*,*,#13182,.T.);
#13182 = EDGE_CURVE('',#13183,#13183,#13185,.T.);
#13183 = VERTEX_POINT('',#13184);
#13184 = CARTESIAN_POINT('',(112.245,-89.483,1.51));
#13185 = CIRCLE('',#13186,0.508);
#13186 = AXIS2_PLACEMENT_3D('',#13187,#13188,#13189);
#13187 = CARTESIAN_POINT('',(112.245,-88.975,1.51));
#13188 = DIRECTION('',(-0.,0.,-1.));
#13189 = DIRECTION('',(-0.,-1.,0.));
#13190 = FACE_BOUND('',#13191,.T.);
#13191 = EDGE_LOOP('',(#13192));
#13192 = ORIENTED_EDGE('',*,*,#13193,.T.);
#13193 = EDGE_CURVE('',#13194,#13194,#13196,.T.);
#13194 = VERTEX_POINT('',#13195);
#13195 = CARTESIAN_POINT('',(112.245,-86.943,1.51));
#13196 = CIRCLE('',#13197,0.508);
#13197 = AXIS2_PLACEMENT_3D('',#13198,#13199,#13200);
#13198 = CARTESIAN_POINT('',(112.245,-86.435,1.51));
#13199 = DIRECTION('',(-0.,0.,-1.));
#13200 = DIRECTION('',(-0.,-1.,0.));
#13201 = FACE_BOUND('',#13202,.T.);
#13202 = EDGE_LOOP('',(#13203));
#13203 = ORIENTED_EDGE('',*,*,#13204,.F.);
#13204 = EDGE_CURVE('',#13205,#13205,#13207,.T.);
#13205 = VERTEX_POINT('',#13206);
#13206 = CARTESIAN_POINT('',(101.,-77.,1.51));
#13207 = CIRCLE('',#13208,3.);
#13208 = AXIS2_PLACEMENT_3D('',#13209,#13210,#13211);
#13209 = CARTESIAN_POINT('',(98.,-77.,1.51));
#13210 = DIRECTION('',(0.,0.,1.));
#13211 = DIRECTION('',(1.,0.,-0.));
#13212 = FACE_BOUND('',#13213,.T.);
#13213 = EDGE_LOOP('',(#13214));
#13214 = ORIENTED_EDGE('',*,*,#13215,.T.);
#13215 = EDGE_CURVE('',#13216,#13216,#13218,.T.);
#13216 = VERTEX_POINT('',#13217);
#13217 = CARTESIAN_POINT('',(112.245,-84.403,1.51));
#13218 = CIRCLE('',#13219,0.508);
#13219 = AXIS2_PLACEMENT_3D('',#13220,#13221,#13222);
#13220 = CARTESIAN_POINT('',(112.245,-83.895,1.51));
#13221 = DIRECTION('',(-0.,0.,-1.));
#13222 = DIRECTION('',(-0.,-1.,0.));
#13223 = FACE_BOUND('',#13224,.T.);
#13224 = EDGE_LOOP('',(#13225));
#13225 = ORIENTED_EDGE('',*,*,#13226,.T.);
#13226 = EDGE_CURVE('',#13227,#13227,#13229,.T.);
#13227 = VERTEX_POINT('',#13228);
#13228 = CARTESIAN_POINT('',(127.485,-94.563,1.51));
#13229 = CIRCLE('',#13230,0.508);
#13230 = AXIS2_PLACEMENT_3D('',#13231,#13232,#13233);
#13231 = CARTESIAN_POINT('',(127.485,-94.055,1.51));
#13232 = DIRECTION('',(-0.,0.,-1.));
#13233 = DIRECTION('',(-0.,-1.,0.));
#13234 = FACE_BOUND('',#13235,.T.);
#13235 = EDGE_LOOP('',(#13236));
#13236 = ORIENTED_EDGE('',*,*,#13237,.T.);
#13237 = EDGE_CURVE('',#13238,#13238,#13240,.T.);
#13238 = VERTEX_POINT('',#13239);
#13239 = CARTESIAN_POINT('',(127.485,-92.023,1.51));
#13240 = CIRCLE('',#13241,0.508);
#13241 = AXIS2_PLACEMENT_3D('',#13242,#13243,#13244);
#13242 = CARTESIAN_POINT('',(127.485,-91.515,1.51));
#13243 = DIRECTION('',(-0.,0.,-1.));
#13244 = DIRECTION('',(-0.,-1.,0.));
#13245 = FACE_BOUND('',#13246,.T.);
#13246 = EDGE_LOOP('',(#13247));
#13247 = ORIENTED_EDGE('',*,*,#13248,.T.);
#13248 = EDGE_CURVE('',#13249,#13249,#13251,.T.);
#13249 = VERTEX_POINT('',#13250);
#13250 = CARTESIAN_POINT('',(127.485,-89.483,1.51));
#13251 = CIRCLE('',#13252,0.508);
#13252 = AXIS2_PLACEMENT_3D('',#13253,#13254,#13255);
#13253 = CARTESIAN_POINT('',(127.485,-88.975,1.51));
#13254 = DIRECTION('',(-0.,0.,-1.));
#13255 = DIRECTION('',(-0.,-1.,0.));
#13256 = FACE_BOUND('',#13257,.T.);
#13257 = EDGE_LOOP('',(#13258));
#13258 = ORIENTED_EDGE('',*,*,#13259,.T.);
#13259 = EDGE_CURVE('',#13260,#13260,#13262,.T.);
#13260 = VERTEX_POINT('',#13261);
#13261 = CARTESIAN_POINT('',(127.485,-86.943,1.51));
#13262 = CIRCLE('',#13263,0.508);
#13263 = AXIS2_PLACEMENT_3D('',#13264,#13265,#13266);
#13264 = CARTESIAN_POINT('',(127.485,-86.435,1.51));
#13265 = DIRECTION('',(-0.,0.,-1.));
#13266 = DIRECTION('',(-0.,-1.,0.));
#13267 = FACE_BOUND('',#13268,.T.);
#13268 = EDGE_LOOP('',(#13269));
#13269 = ORIENTED_EDGE('',*,*,#13270,.T.);
#13270 = EDGE_CURVE('',#13271,#13271,#13273,.T.);
#13271 = VERTEX_POINT('',#13272);
#13272 = CARTESIAN_POINT('',(127.485,-84.403,1.51));
#13273 = CIRCLE('',#13274,0.508);
#13274 = AXIS2_PLACEMENT_3D('',#13275,#13276,#13277);
#13275 = CARTESIAN_POINT('',(127.485,-83.895,1.51));
#13276 = DIRECTION('',(-0.,0.,-1.));
#13277 = DIRECTION('',(-0.,-1.,0.));
#13278 = FACE_BOUND('',#13279,.T.);
#13279 = EDGE_LOOP('',(#13280));
#13280 = ORIENTED_EDGE('',*,*,#13281,.F.);
#13281 = EDGE_CURVE('',#13282,#13282,#13284,.T.);
#13282 = VERTEX_POINT('',#13283);
#13283 = CARTESIAN_POINT('',(137.,-77.,1.51));
#13284 = CIRCLE('',#13285,3.);
#13285 = AXIS2_PLACEMENT_3D('',#13286,#13287,#13288);
#13286 = CARTESIAN_POINT('',(134.,-77.,1.51));
#13287 = DIRECTION('',(0.,0.,1.));
#13288 = DIRECTION('',(1.,0.,-0.));
#13289 = PLANE('',#13290);
#13290 = AXIS2_PLACEMENT_3D('',#13291,#13292,#13293);
#13291 = CARTESIAN_POINT('',(0.,0.,1.51));
#13292 = DIRECTION('',(0.,0.,1.));
#13293 = DIRECTION('',(1.,0.,-0.));
#13294 = ADVANCED_FACE('',(#13295),#13306,.T.);
#13295 = FACE_BOUND('',#13296,.T.);
#13296 = EDGE_LOOP('',(#13297,#13303,#13304,#13305));
#13297 = ORIENTED_EDGE('',*,*,#13298,.T.);
#13298 = EDGE_CURVE('',#12537,#12919,#13299,.T.);
#13299 = LINE('',#13300,#13301);
#13300 = CARTESIAN_POINT('',(94.,-74.,0.));
#13301 = VECTOR('',#13302,1.);
#13302 = DIRECTION('',(0.,0.,1.));
#13303 = ORIENTED_EDGE('',*,*,#12918,.T.);
#13304 = ORIENTED_EDGE('',*,*,#12472,.F.);
#13305 = ORIENTED_EDGE('',*,*,#12536,.F.);
#13306 = CYLINDRICAL_SURFACE('',#13307,0.999999252925);
#13307 = AXIS2_PLACEMENT_3D('',#13308,#13309,#13310);
#13308 = CARTESIAN_POINT('',(94.999999252925,-73.99999925292,0.));
#13309 = DIRECTION('',(0.,0.,-1.));
#13310 = DIRECTION('',(-1.,-7.47075720743E-07,-0.));
#13311 = ADVANCED_FACE('',(#13312),#13323,.T.);
#13312 = FACE_BOUND('',#13313,.T.);
#13313 = EDGE_LOOP('',(#13314,#13315,#13316,#13322));
#13314 = ORIENTED_EDGE('',*,*,#12512,.T.);
#13315 = ORIENTED_EDGE('',*,*,#12952,.T.);
#13316 = ORIENTED_EDGE('',*,*,#13317,.F.);
#13317 = EDGE_CURVE('',#12563,#12945,#13318,.T.);
#13318 = LINE('',#13319,#13320);
#13319 = CARTESIAN_POINT('',(137.,-120.,0.));
#13320 = VECTOR('',#13321,1.);
#13321 = DIRECTION('',(0.,0.,1.));
#13322 = ORIENTED_EDGE('',*,*,#12570,.F.);
#13323 = CYLINDRICAL_SURFACE('',#13324,0.999999252925);
#13324 = AXIS2_PLACEMENT_3D('',#13325,#13326,#13327);
#13325 = CARTESIAN_POINT('',(137.00000074707,-119.000000747,0.));
#13326 = DIRECTION('',(0.,0.,-1.));
#13327 = DIRECTION('',(1.,7.470757491648E-07,0.));
#13328 = ADVANCED_FACE('',(#13329),#13340,.T.);
#13329 = FACE_BOUND('',#13330,.T.);
#13330 = EDGE_LOOP('',(#13331,#13337,#13338,#13339));
#13331 = ORIENTED_EDGE('',*,*,#13332,.T.);
#13332 = EDGE_CURVE('',#12546,#12928,#13333,.T.);
#13333 = LINE('',#13334,#13335);
#13334 = CARTESIAN_POINT('',(94.,-119.,0.));
#13335 = VECTOR('',#13336,1.);
#13336 = DIRECTION('',(0.,0.,1.));
#13337 = ORIENTED_EDGE('',*,*,#12927,.T.);
#13338 = ORIENTED_EDGE('',*,*,#13298,.F.);
#13339 = ORIENTED_EDGE('',*,*,#12545,.F.);
#13340 = PLANE('',#13341);
#13341 = AXIS2_PLACEMENT_3D('',#13342,#13343,#13344);
#13342 = CARTESIAN_POINT('',(94.,-119.,0.));
#13343 = DIRECTION('',(-1.,0.,0.));
#13344 = DIRECTION('',(0.,1.,0.));
#13345 = ADVANCED_FACE('',(#13346),#13357,.T.);
#13346 = FACE_BOUND('',#13347,.T.);
#13347 = EDGE_LOOP('',(#13348,#13349,#13350,#13356));
#13348 = ORIENTED_EDGE('',*,*,#13317,.T.);
#13349 = ORIENTED_EDGE('',*,*,#12944,.T.);
#13350 = ORIENTED_EDGE('',*,*,#13351,.F.);
#13351 = EDGE_CURVE('',#12554,#12936,#13352,.T.);
#13352 = LINE('',#13353,#13354);
#13353 = CARTESIAN_POINT('',(95.,-120.,0.));
#13354 = VECTOR('',#13355,1.);
#13355 = DIRECTION('',(0.,0.,1.));
#13356 = ORIENTED_EDGE('',*,*,#12562,.F.);
#13357 = PLANE('',#13358);
#13358 = AXIS2_PLACEMENT_3D('',#13359,#13360,#13361);
#13359 = CARTESIAN_POINT('',(137.,-120.,0.));
#13360 = DIRECTION('',(0.,-1.,0.));
#13361 = DIRECTION('',(-1.,0.,0.));
#13362 = ADVANCED_FACE('',(#13363),#13369,.T.);
#13363 = FACE_BOUND('',#13364,.T.);
#13364 = EDGE_LOOP('',(#13365,#13366,#13367,#13368));
#13365 = ORIENTED_EDGE('',*,*,#13351,.T.);
#13366 = ORIENTED_EDGE('',*,*,#12935,.T.);
#13367 = ORIENTED_EDGE('',*,*,#13332,.F.);
#13368 = ORIENTED_EDGE('',*,*,#12553,.F.);
#13369 = CYLINDRICAL_SURFACE('',#13370,0.999999252925);
#13370 = AXIS2_PLACEMENT_3D('',#13371,#13372,#13373);
#13371 = CARTESIAN_POINT('',(94.999999252925,-119.000000747,0.));
#13372 = DIRECTION('',(0.,0.,-1.));
#13373 = DIRECTION('',(7.47075720743E-07,-1.,0.));
#13374 = ADVANCED_FACE('',(#13375),#13386,.F.);
#13375 = FACE_BOUND('',#13376,.T.);
#13376 = EDGE_LOOP('',(#13377,#13383,#13384,#13385));
#13377 = ORIENTED_EDGE('',*,*,#13378,.T.);
#13378 = EDGE_CURVE('',#12581,#12963,#13379,.T.);
#13379 = LINE('',#13380,#13381);
#13380 = CARTESIAN_POINT('',(101.,-116.,0.));
#13381 = VECTOR('',#13382,1.);
#13382 = DIRECTION('',(0.,0.,1.));
#13383 = ORIENTED_EDGE('',*,*,#12962,.T.);
#13384 = ORIENTED_EDGE('',*,*,#13378,.F.);
#13385 = ORIENTED_EDGE('',*,*,#12580,.F.);
#13386 = CYLINDRICAL_SURFACE('',#13387,3.);
#13387 = AXIS2_PLACEMENT_3D('',#13388,#13389,#13390);
#13388 = CARTESIAN_POINT('',(98.,-116.,0.));
#13389 = DIRECTION('',(-0.,-0.,-1.));
#13390 = DIRECTION('',(1.,0.,-0.));
#13391 = ADVANCED_FACE('',(#13392),#13403,.F.);
#13392 = FACE_BOUND('',#13393,.T.);
#13393 = EDGE_LOOP('',(#13394,#13395,#13401,#13402));
#13394 = ORIENTED_EDGE('',*,*,#12591,.T.);
#13395 = ORIENTED_EDGE('',*,*,#13396,.T.);
#13396 = EDGE_CURVE('',#12592,#12974,#13397,.T.);
#13397 = LINE('',#13398,#13399);
#13398 = CARTESIAN_POINT('',(112.5,-114.5,-4.6E-02));
#13399 = VECTOR('',#13400,1.);
#13400 = DIRECTION('',(0.,0.,1.));
#13401 = ORIENTED_EDGE('',*,*,#12973,.F.);
#13402 = ORIENTED_EDGE('',*,*,#13396,.F.);
#13403 = CYLINDRICAL_SURFACE('',#13404,0.5);
#13404 = AXIS2_PLACEMENT_3D('',#13405,#13406,#13407);
#13405 = CARTESIAN_POINT('',(112.5,-114.,-4.6E-02));
#13406 = DIRECTION('',(-0.,-0.,-1.));
#13407 = DIRECTION('',(-0.,-1.,0.));
#13408 = ADVANCED_FACE('',(#13409),#13420,.F.);
#13409 = FACE_BOUND('',#13410,.T.);
#13410 = EDGE_LOOP('',(#13411,#13412,#13418,#13419));
#13411 = ORIENTED_EDGE('',*,*,#12602,.T.);
#13412 = ORIENTED_EDGE('',*,*,#13413,.T.);
#13413 = EDGE_CURVE('',#12603,#12985,#13414,.T.);
#13414 = LINE('',#13415,#13416);
#13415 = CARTESIAN_POINT('',(115.04,-114.5,-4.6E-02));
#13416 = VECTOR('',#13417,1.);
#13417 = DIRECTION('',(0.,0.,1.));
#13418 = ORIENTED_EDGE('',*,*,#12984,.F.);
#13419 = ORIENTED_EDGE('',*,*,#13413,.F.);
#13420 = CYLINDRICAL_SURFACE('',#13421,0.5);
#13421 = AXIS2_PLACEMENT_3D('',#13422,#13423,#13424);
#13422 = CARTESIAN_POINT('',(115.04,-114.,-4.6E-02));
#13423 = DIRECTION('',(-0.,-0.,-1.));
#13424 = DIRECTION('',(-0.,-1.,0.));
#13425 = ADVANCED_FACE('',(#13426),#13437,.F.);
#13426 = FACE_BOUND('',#13427,.T.);
#13427 = EDGE_LOOP('',(#13428,#13429,#13435,#13436));
#13428 = ORIENTED_EDGE('',*,*,#12613,.T.);
#13429 = ORIENTED_EDGE('',*,*,#13430,.T.);
#13430 = EDGE_CURVE('',#12614,#12996,#13431,.T.);
#13431 = LINE('',#13432,#13433);
#13432 = CARTESIAN_POINT('',(99.5,-102.7,-4.6E-02));
#13433 = VECTOR('',#13434,1.);
#13434 = DIRECTION('',(0.,0.,1.));
#13435 = ORIENTED_EDGE('',*,*,#12995,.F.);
#13436 = ORIENTED_EDGE('',*,*,#13430,.F.);
#13437 = CYLINDRICAL_SURFACE('',#13438,0.5);
#13438 = AXIS2_PLACEMENT_3D('',#13439,#13440,#13441);
#13439 = CARTESIAN_POINT('',(99.5,-102.2,-4.6E-02));
#13440 = DIRECTION('',(-0.,-0.,-1.));
#13441 = DIRECTION('',(-0.,-1.,0.));
#13442 = ADVANCED_FACE('',(#13443),#13454,.F.);
#13443 = FACE_BOUND('',#13444,.T.);
#13444 = EDGE_LOOP('',(#13445,#13446,#13452,#13453));
#13445 = ORIENTED_EDGE('',*,*,#12624,.T.);
#13446 = ORIENTED_EDGE('',*,*,#13447,.T.);
#13447 = EDGE_CURVE('',#12625,#13007,#13448,.T.);
#13448 = LINE('',#13449,#13450);
#13449 = CARTESIAN_POINT('',(99.5,-100.16,-4.6E-02));
#13450 = VECTOR('',#13451,1.);
#13451 = DIRECTION('',(0.,0.,1.));
#13452 = ORIENTED_EDGE('',*,*,#13006,.F.);
#13453 = ORIENTED_EDGE('',*,*,#13447,.F.);
#13454 = CYLINDRICAL_SURFACE('',#13455,0.5);
#13455 = AXIS2_PLACEMENT_3D('',#13456,#13457,#13458);
#13456 = CARTESIAN_POINT('',(99.5,-99.66,-4.6E-02));
#13457 = DIRECTION('',(-0.,-0.,-1.));
#13458 = DIRECTION('',(-0.,-1.,0.));
#13459 = ADVANCED_FACE('',(#13460),#13471,.F.);
#13460 = FACE_BOUND('',#13461,.T.);
#13461 = EDGE_LOOP('',(#13462,#13463,#13469,#13470));
#13462 = ORIENTED_EDGE('',*,*,#12635,.T.);
#13463 = ORIENTED_EDGE('',*,*,#13464,.T.);
#13464 = EDGE_CURVE('',#12636,#13018,#13465,.T.);
#13465 = LINE('',#13466,#13467);
#13466 = CARTESIAN_POINT('',(99.5,-97.62,-4.6E-02));
#13467 = VECTOR('',#13468,1.);
#13468 = DIRECTION('',(0.,0.,1.));
#13469 = ORIENTED_EDGE('',*,*,#13017,.F.);
#13470 = ORIENTED_EDGE('',*,*,#13464,.F.);
#13471 = CYLINDRICAL_SURFACE('',#13472,0.5);
#13472 = AXIS2_PLACEMENT_3D('',#13473,#13474,#13475);
#13473 = CARTESIAN_POINT('',(99.5,-97.12,-4.6E-02));
#13474 = DIRECTION('',(-0.,-0.,-1.));
#13475 = DIRECTION('',(-0.,-1.,0.));
#13476 = ADVANCED_FACE('',(#13477),#13488,.F.);
#13477 = FACE_BOUND('',#13478,.T.);
#13478 = EDGE_LOOP('',(#13479,#13480,#13486,#13487));
#13479 = ORIENTED_EDGE('',*,*,#12646,.T.);
#13480 = ORIENTED_EDGE('',*,*,#13481,.T.);
#13481 = EDGE_CURVE('',#12647,#13029,#13482,.T.);
#13482 = LINE('',#13483,#13484);
#13483 = CARTESIAN_POINT('',(112.245,-99.643,-4.6E-02));
#13484 = VECTOR('',#13485,1.);
#13485 = DIRECTION('',(0.,0.,1.));
#13486 = ORIENTED_EDGE('',*,*,#13028,.F.);
#13487 = ORIENTED_EDGE('',*,*,#13481,.F.);
#13488 = CYLINDRICAL_SURFACE('',#13489,0.508);
#13489 = AXIS2_PLACEMENT_3D('',#13490,#13491,#13492);
#13490 = CARTESIAN_POINT('',(112.245,-99.135,-4.6E-02));
#13491 = DIRECTION('',(-0.,-0.,-1.));
#13492 = DIRECTION('',(-0.,-1.,0.));
#13493 = ADVANCED_FACE('',(#13494),#13505,.F.);
#13494 = FACE_BOUND('',#13495,.T.);
#13495 = EDGE_LOOP('',(#13496,#13497,#13503,#13504));
#13496 = ORIENTED_EDGE('',*,*,#12657,.T.);
#13497 = ORIENTED_EDGE('',*,*,#13498,.T.);
#13498 = EDGE_CURVE('',#12658,#13040,#13499,.T.);
#13499 = LINE('',#13500,#13501);
#13500 = CARTESIAN_POINT('',(112.245,-97.103,-4.6E-02));
#13501 = VECTOR('',#13502,1.);
#13502 = DIRECTION('',(0.,0.,1.));
#13503 = ORIENTED_EDGE('',*,*,#13039,.F.);
#13504 = ORIENTED_EDGE('',*,*,#13498,.F.);
#13505 = CYLINDRICAL_SURFACE('',#13506,0.508);
#13506 = AXIS2_PLACEMENT_3D('',#13507,#13508,#13509);
#13507 = CARTESIAN_POINT('',(112.245,-96.595,-4.6E-02));
#13508 = DIRECTION('',(-0.,-0.,-1.));
#13509 = DIRECTION('',(-0.,-1.,0.));
#13510 = ADVANCED_FACE('',(#13511),#13522,.F.);
#13511 = FACE_BOUND('',#13512,.T.);
#13512 = EDGE_LOOP('',(#13513,#13514,#13520,#13521));
#13513 = ORIENTED_EDGE('',*,*,#12668,.T.);
#13514 = ORIENTED_EDGE('',*,*,#13515,.T.);
#13515 = EDGE_CURVE('',#12669,#13051,#13516,.T.);
#13516 = LINE('',#13517,#13518);
#13517 = CARTESIAN_POINT('',(117.58,-114.5,-4.6E-02));
#13518 = VECTOR('',#13519,1.);
#13519 = DIRECTION('',(0.,0.,1.));
#13520 = ORIENTED_EDGE('',*,*,#13050,.F.);
#13521 = ORIENTED_EDGE('',*,*,#13515,.F.);
#13522 = CYLINDRICAL_SURFACE('',#13523,0.5);
#13523 = AXIS2_PLACEMENT_3D('',#13524,#13525,#13526);
#13524 = CARTESIAN_POINT('',(117.58,-114.,-4.6E-02));
#13525 = DIRECTION('',(-0.,-0.,-1.));
#13526 = DIRECTION('',(-0.,-1.,0.));
#13527 = ADVANCED_FACE('',(#13528),#13539,.F.);
#13528 = FACE_BOUND('',#13529,.T.);
#13529 = EDGE_LOOP('',(#13530,#13531,#13537,#13538));
#13530 = ORIENTED_EDGE('',*,*,#12679,.T.);
#13531 = ORIENTED_EDGE('',*,*,#13532,.T.);
#13532 = EDGE_CURVE('',#12680,#13062,#13533,.T.);
#13533 = LINE('',#13534,#13535);
#13534 = CARTESIAN_POINT('',(117.325,-109.803,-4.6E-02));
#13535 = VECTOR('',#13536,1.);
#13536 = DIRECTION('',(0.,0.,1.));
#13537 = ORIENTED_EDGE('',*,*,#13061,.F.);
#13538 = ORIENTED_EDGE('',*,*,#13532,.F.);
#13539 = CYLINDRICAL_SURFACE('',#13540,0.508);
#13540 = AXIS2_PLACEMENT_3D('',#13541,#13542,#13543);
#13541 = CARTESIAN_POINT('',(117.325,-109.295,-4.6E-02));
#13542 = DIRECTION('',(-0.,0.,-1.));
#13543 = DIRECTION('',(2.797412345512E-14,-1.,-0.));
#13544 = ADVANCED_FACE('',(#13545),#13556,.F.);
#13545 = FACE_BOUND('',#13546,.T.);
#13546 = EDGE_LOOP('',(#13547,#13548,#13554,#13555));
#13547 = ORIENTED_EDGE('',*,*,#12690,.T.);
#13548 = ORIENTED_EDGE('',*,*,#13549,.T.);
#13549 = EDGE_CURVE('',#12691,#13073,#13550,.T.);
#13550 = LINE('',#13551,#13552);
#13551 = CARTESIAN_POINT('',(122.405,-109.803,-4.6E-02));
#13552 = VECTOR('',#13553,1.);
#13553 = DIRECTION('',(0.,0.,1.));
#13554 = ORIENTED_EDGE('',*,*,#13072,.F.);
#13555 = ORIENTED_EDGE('',*,*,#13549,.F.);
#13556 = CYLINDRICAL_SURFACE('',#13557,0.508);
#13557 = AXIS2_PLACEMENT_3D('',#13558,#13559,#13560);
#13558 = CARTESIAN_POINT('',(122.405,-109.295,-4.6E-02));
#13559 = DIRECTION('',(-0.,-0.,-1.));
#13560 = DIRECTION('',(-0.,-1.,0.));
#13561 = ADVANCED_FACE('',(#13562),#13573,.F.);
#13562 = FACE_BOUND('',#13563,.T.);
#13563 = EDGE_LOOP('',(#13564,#13565,#13571,#13572));
#13564 = ORIENTED_EDGE('',*,*,#12701,.T.);
#13565 = ORIENTED_EDGE('',*,*,#13566,.T.);
#13566 = EDGE_CURVE('',#12702,#13084,#13567,.T.);
#13567 = LINE('',#13568,#13569);
#13568 = CARTESIAN_POINT('',(129.,-110.375,-4.6E-02));
#13569 = VECTOR('',#13570,1.);
#13570 = DIRECTION('',(0.,0.,1.));
#13571 = ORIENTED_EDGE('',*,*,#13083,.F.);
#13572 = ORIENTED_EDGE('',*,*,#13566,.F.);
#13573 = CYLINDRICAL_SURFACE('',#13574,0.375);
#13574 = AXIS2_PLACEMENT_3D('',#13575,#13576,#13577);
#13575 = CARTESIAN_POINT('',(129.,-110.,-4.6E-02));
#13576 = DIRECTION('',(-0.,-0.,-1.));
#13577 = DIRECTION('',(-0.,-1.,0.));
#13578 = ADVANCED_FACE('',(#13579),#13590,.F.);
#13579 = FACE_BOUND('',#13580,.T.);
#13580 = EDGE_LOOP('',(#13581,#13582,#13588,#13589));
#13581 = ORIENTED_EDGE('',*,*,#12712,.T.);
#13582 = ORIENTED_EDGE('',*,*,#13583,.T.);
#13583 = EDGE_CURVE('',#12713,#13095,#13584,.T.);
#13584 = LINE('',#13585,#13586);
#13585 = CARTESIAN_POINT('',(131.,-110.375,-4.6E-02));
#13586 = VECTOR('',#13587,1.);
#13587 = DIRECTION('',(0.,0.,1.));
#13588 = ORIENTED_EDGE('',*,*,#13094,.F.);
#13589 = ORIENTED_EDGE('',*,*,#13583,.F.);
#13590 = CYLINDRICAL_SURFACE('',#13591,0.375);
#13591 = AXIS2_PLACEMENT_3D('',#13592,#13593,#13594);
#13592 = CARTESIAN_POINT('',(131.,-110.,-4.6E-02));
#13593 = DIRECTION('',(-0.,-0.,-1.));
#13594 = DIRECTION('',(-0.,-1.,0.));
#13595 = ADVANCED_FACE('',(#13596),#13607,.F.);
#13596 = FACE_BOUND('',#13597,.T.);
#13597 = EDGE_LOOP('',(#13598,#13599,#13605,#13606));
#13598 = ORIENTED_EDGE('',*,*,#12723,.T.);
#13599 = ORIENTED_EDGE('',*,*,#13600,.T.);
#13600 = EDGE_CURVE('',#12724,#13106,#13601,.T.);
#13601 = LINE('',#13602,#13603);
#13602 = CARTESIAN_POINT('',(127.485,-99.643,-4.6E-02));
#13603 = VECTOR('',#13604,1.);
#13604 = DIRECTION('',(0.,0.,1.));
#13605 = ORIENTED_EDGE('',*,*,#13105,.F.);
#13606 = ORIENTED_EDGE('',*,*,#13600,.F.);
#13607 = CYLINDRICAL_SURFACE('',#13608,0.508);
#13608 = AXIS2_PLACEMENT_3D('',#13609,#13610,#13611);
#13609 = CARTESIAN_POINT('',(127.485,-99.135,-4.6E-02));
#13610 = DIRECTION('',(-0.,-0.,-1.));
#13611 = DIRECTION('',(-0.,-1.,0.));
#13612 = ADVANCED_FACE('',(#13613),#13624,.F.);
#13613 = FACE_BOUND('',#13614,.T.);
#13614 = EDGE_LOOP('',(#13615,#13616,#13622,#13623));
#13615 = ORIENTED_EDGE('',*,*,#12734,.T.);
#13616 = ORIENTED_EDGE('',*,*,#13617,.T.);
#13617 = EDGE_CURVE('',#12735,#13117,#13618,.T.);
#13618 = LINE('',#13619,#13620);
#13619 = CARTESIAN_POINT('',(127.485,-97.103,-4.6E-02));
#13620 = VECTOR('',#13621,1.);
#13621 = DIRECTION('',(0.,0.,1.));
#13622 = ORIENTED_EDGE('',*,*,#13116,.F.);
#13623 = ORIENTED_EDGE('',*,*,#13617,.F.);
#13624 = CYLINDRICAL_SURFACE('',#13625,0.508);
#13625 = AXIS2_PLACEMENT_3D('',#13626,#13627,#13628);
#13626 = CARTESIAN_POINT('',(127.485,-96.595,-4.6E-02));
#13627 = DIRECTION('',(-0.,-0.,-1.));
#13628 = DIRECTION('',(-0.,-1.,0.));
#13629 = ADVANCED_FACE('',(#13630),#13641,.F.);
#13630 = FACE_BOUND('',#13631,.T.);
#13631 = EDGE_LOOP('',(#13632,#13633,#13639,#13640));
#13632 = ORIENTED_EDGE('',*,*,#12745,.T.);
#13633 = ORIENTED_EDGE('',*,*,#13634,.T.);
#13634 = EDGE_CURVE('',#12746,#13128,#13635,.T.);
#13635 = LINE('',#13636,#13637);
#13636 = CARTESIAN_POINT('',(99.5,-95.08,-4.6E-02));
#13637 = VECTOR('',#13638,1.);
#13638 = DIRECTION('',(0.,0.,1.));
#13639 = ORIENTED_EDGE('',*,*,#13127,.F.);
#13640 = ORIENTED_EDGE('',*,*,#13634,.F.);
#13641 = CYLINDRICAL_SURFACE('',#13642,0.5);
#13642 = AXIS2_PLACEMENT_3D('',#13643,#13644,#13645);
#13643 = CARTESIAN_POINT('',(99.5,-94.58,-4.6E-02));
#13644 = DIRECTION('',(-0.,-0.,-1.));
#13645 = DIRECTION('',(-0.,-1.,0.));
#13646 = ADVANCED_FACE('',(#13647),#13658,.F.);
#13647 = FACE_BOUND('',#13648,.T.);
#13648 = EDGE_LOOP('',(#13649,#13650,#13656,#13657));
#13649 = ORIENTED_EDGE('',*,*,#12756,.T.);
#13650 = ORIENTED_EDGE('',*,*,#13651,.T.);
#13651 = EDGE_CURVE('',#12757,#13139,#13652,.T.);
#13652 = LINE('',#13653,#13654);
#13653 = CARTESIAN_POINT('',(99.5,-92.54,-4.6E-02));
#13654 = VECTOR('',#13655,1.);
#13655 = DIRECTION('',(0.,0.,1.));
#13656 = ORIENTED_EDGE('',*,*,#13138,.F.);
#13657 = ORIENTED_EDGE('',*,*,#13651,.F.);
#13658 = CYLINDRICAL_SURFACE('',#13659,0.5);
#13659 = AXIS2_PLACEMENT_3D('',#13660,#13661,#13662);
#13660 = CARTESIAN_POINT('',(99.5,-92.04,-4.6E-02));
#13661 = DIRECTION('',(-0.,-0.,-1.));
#13662 = DIRECTION('',(-0.,-1.,0.));
#13663 = ADVANCED_FACE('',(#13664),#13675,.F.);
#13664 = FACE_BOUND('',#13665,.T.);
#13665 = EDGE_LOOP('',(#13666,#13667,#13673,#13674));
#13666 = ORIENTED_EDGE('',*,*,#12767,.T.);
#13667 = ORIENTED_EDGE('',*,*,#13668,.T.);
#13668 = EDGE_CURVE('',#12768,#13150,#13669,.T.);
#13669 = LINE('',#13670,#13671);
#13670 = CARTESIAN_POINT('',(99.5,-90.,-4.6E-02));
#13671 = VECTOR('',#13672,1.);
#13672 = DIRECTION('',(0.,0.,1.));
#13673 = ORIENTED_EDGE('',*,*,#13149,.F.);
#13674 = ORIENTED_EDGE('',*,*,#13668,.F.);
#13675 = CYLINDRICAL_SURFACE('',#13676,0.5);
#13676 = AXIS2_PLACEMENT_3D('',#13677,#13678,#13679);
#13677 = CARTESIAN_POINT('',(99.5,-89.5,-4.6E-02));
#13678 = DIRECTION('',(-0.,-0.,-1.));
#13679 = DIRECTION('',(-0.,-1.,0.));
#13680 = ADVANCED_FACE('',(#13681),#13692,.F.);
#13681 = FACE_BOUND('',#13682,.T.);
#13682 = EDGE_LOOP('',(#13683,#13684,#13690,#13691));
#13683 = ORIENTED_EDGE('',*,*,#12778,.T.);
#13684 = ORIENTED_EDGE('',*,*,#13685,.T.);
#13685 = EDGE_CURVE('',#12779,#13161,#13686,.T.);
#13686 = LINE('',#13687,#13688);
#13687 = CARTESIAN_POINT('',(112.245,-94.563,-4.6E-02));
#13688 = VECTOR('',#13689,1.);
#13689 = DIRECTION('',(0.,0.,1.));
#13690 = ORIENTED_EDGE('',*,*,#13160,.F.);
#13691 = ORIENTED_EDGE('',*,*,#13685,.F.);
#13692 = CYLINDRICAL_SURFACE('',#13693,0.508);
#13693 = AXIS2_PLACEMENT_3D('',#13694,#13695,#13696);
#13694 = CARTESIAN_POINT('',(112.245,-94.055,-4.6E-02));
#13695 = DIRECTION('',(-0.,-0.,-1.));
#13696 = DIRECTION('',(-0.,-1.,0.));
#13697 = ADVANCED_FACE('',(#13698),#13709,.F.);
#13698 = FACE_BOUND('',#13699,.T.);
#13699 = EDGE_LOOP('',(#13700,#13701,#13707,#13708));
#13700 = ORIENTED_EDGE('',*,*,#12789,.T.);
#13701 = ORIENTED_EDGE('',*,*,#13702,.T.);
#13702 = EDGE_CURVE('',#12790,#13172,#13703,.T.);
#13703 = LINE('',#13704,#13705);
#13704 = CARTESIAN_POINT('',(112.245,-92.023,-4.6E-02));
#13705 = VECTOR('',#13706,1.);
#13706 = DIRECTION('',(0.,0.,1.));
#13707 = ORIENTED_EDGE('',*,*,#13171,.F.);
#13708 = ORIENTED_EDGE('',*,*,#13702,.F.);
#13709 = CYLINDRICAL_SURFACE('',#13710,0.508);
#13710 = AXIS2_PLACEMENT_3D('',#13711,#13712,#13713);
#13711 = CARTESIAN_POINT('',(112.245,-91.515,-4.6E-02));
#13712 = DIRECTION('',(-0.,-0.,-1.));
#13713 = DIRECTION('',(-0.,-1.,0.));
#13714 = ADVANCED_FACE('',(#13715),#13726,.F.);
#13715 = FACE_BOUND('',#13716,.T.);
#13716 = EDGE_LOOP('',(#13717,#13718,#13724,#13725));
#13717 = ORIENTED_EDGE('',*,*,#12800,.T.);
#13718 = ORIENTED_EDGE('',*,*,#13719,.T.);
#13719 = EDGE_CURVE('',#12801,#13183,#13720,.T.);
#13720 = LINE('',#13721,#13722);
#13721 = CARTESIAN_POINT('',(112.245,-89.483,-4.6E-02));
#13722 = VECTOR('',#13723,1.);
#13723 = DIRECTION('',(0.,0.,1.));
#13724 = ORIENTED_EDGE('',*,*,#13182,.F.);
#13725 = ORIENTED_EDGE('',*,*,#13719,.F.);
#13726 = CYLINDRICAL_SURFACE('',#13727,0.508);
#13727 = AXIS2_PLACEMENT_3D('',#13728,#13729,#13730);
#13728 = CARTESIAN_POINT('',(112.245,-88.975,-4.6E-02));
#13729 = DIRECTION('',(-0.,-0.,-1.));
#13730 = DIRECTION('',(-0.,-1.,0.));
#13731 = ADVANCED_FACE('',(#13732),#13743,.F.);
#13732 = FACE_BOUND('',#13733,.T.);
#13733 = EDGE_LOOP('',(#13734,#13735,#13741,#13742));
#13734 = ORIENTED_EDGE('',*,*,#12811,.T.);
#13735 = ORIENTED_EDGE('',*,*,#13736,.T.);
#13736 = EDGE_CURVE('',#12812,#13194,#13737,.T.);
#13737 = LINE('',#13738,#13739);
#13738 = CARTESIAN_POINT('',(112.245,-86.943,-4.6E-02));
#13739 = VECTOR('',#13740,1.);
#13740 = DIRECTION('',(0.,0.,1.));
#13741 = ORIENTED_EDGE('',*,*,#13193,.F.);
#13742 = ORIENTED_EDGE('',*,*,#13736,.F.);
#13743 = CYLINDRICAL_SURFACE('',#13744,0.508);
#13744 = AXIS2_PLACEMENT_3D('',#13745,#13746,#13747);
#13745 = CARTESIAN_POINT('',(112.245,-86.435,-4.6E-02));
#13746 = DIRECTION('',(-0.,-0.,-1.));
#13747 = DIRECTION('',(-0.,-1.,0.));
#13748 = ADVANCED_FACE('',(#13749),#13760,.F.);
#13749 = FACE_BOUND('',#13750,.T.);
#13750 = EDGE_LOOP('',(#13751,#13757,#13758,#13759));
#13751 = ORIENTED_EDGE('',*,*,#13752,.T.);
#13752 = EDGE_CURVE('',#12823,#13205,#13753,.T.);
#13753 = LINE('',#13754,#13755);
#13754 = CARTESIAN_POINT('',(101.,-77.,0.));
#13755 = VECTOR('',#13756,1.);
#13756 = DIRECTION('',(0.,0.,1.));
#13757 = ORIENTED_EDGE('',*,*,#13204,.T.);
#13758 = ORIENTED_EDGE('',*,*,#13752,.F.);
#13759 = ORIENTED_EDGE('',*,*,#12822,.F.);
#13760 = CYLINDRICAL_SURFACE('',#13761,3.);
#13761 = AXIS2_PLACEMENT_3D('',#13762,#13763,#13764);
#13762 = CARTESIAN_POINT('',(98.,-77.,0.));
#13763 = DIRECTION('',(-0.,-0.,-1.));
#13764 = DIRECTION('',(1.,0.,-0.));
#13765 = ADVANCED_FACE('',(#13766),#13777,.F.);
#13766 = FACE_BOUND('',#13767,.T.);
#13767 = EDGE_LOOP('',(#13768,#13769,#13775,#13776));
#13768 = ORIENTED_EDGE('',*,*,#12833,.T.);
#13769 = ORIENTED_EDGE('',*,*,#13770,.T.);
#13770 = EDGE_CURVE('',#12834,#13216,#13771,.T.);
#13771 = LINE('',#13772,#13773);
#13772 = CARTESIAN_POINT('',(112.245,-84.403,-4.6E-02));
#13773 = VECTOR('',#13774,1.);
#13774 = DIRECTION('',(0.,0.,1.));
#13775 = ORIENTED_EDGE('',*,*,#13215,.F.);
#13776 = ORIENTED_EDGE('',*,*,#13770,.F.);
#13777 = CYLINDRICAL_SURFACE('',#13778,0.508);
#13778 = AXIS2_PLACEMENT_3D('',#13779,#13780,#13781);
#13779 = CARTESIAN_POINT('',(112.245,-83.895,-4.6E-02));
#13780 = DIRECTION('',(-0.,-0.,-1.));
#13781 = DIRECTION('',(-0.,-1.,0.));
#13782 = ADVANCED_FACE('',(#13783),#13794,.F.);
#13783 = FACE_BOUND('',#13784,.T.);
#13784 = EDGE_LOOP('',(#13785,#13786,#13792,#13793));
#13785 = ORIENTED_EDGE('',*,*,#12844,.T.);
#13786 = ORIENTED_EDGE('',*,*,#13787,.T.);
#13787 = EDGE_CURVE('',#12845,#13227,#13788,.T.);
#13788 = LINE('',#13789,#13790);
#13789 = CARTESIAN_POINT('',(127.485,-94.563,-4.6E-02));
#13790 = VECTOR('',#13791,1.);
#13791 = DIRECTION('',(0.,0.,1.));
#13792 = ORIENTED_EDGE('',*,*,#13226,.F.);
#13793 = ORIENTED_EDGE('',*,*,#13787,.F.);
#13794 = CYLINDRICAL_SURFACE('',#13795,0.508);
#13795 = AXIS2_PLACEMENT_3D('',#13796,#13797,#13798);
#13796 = CARTESIAN_POINT('',(127.485,-94.055,-4.6E-02));
#13797 = DIRECTION('',(-0.,-0.,-1.));
#13798 = DIRECTION('',(-0.,-1.,0.));
#13799 = ADVANCED_FACE('',(#13800),#13811,.F.);
#13800 = FACE_BOUND('',#13801,.T.);
#13801 = EDGE_LOOP('',(#13802,#13803,#13809,#13810));
#13802 = ORIENTED_EDGE('',*,*,#12855,.T.);
#13803 = ORIENTED_EDGE('',*,*,#13804,.T.);
#13804 = EDGE_CURVE('',#12856,#13238,#13805,.T.);
#13805 = LINE('',#13806,#13807);
#13806 = CARTESIAN_POINT('',(127.485,-92.023,-4.6E-02));
#13807 = VECTOR('',#13808,1.);
#13808 = DIRECTION('',(0.,0.,1.));
#13809 = ORIENTED_EDGE('',*,*,#13237,.F.);
#13810 = ORIENTED_EDGE('',*,*,#13804,.F.);
#13811 = CYLINDRICAL_SURFACE('',#13812,0.508);
#13812 = AXIS2_PLACEMENT_3D('',#13813,#13814,#13815);
#13813 = CARTESIAN_POINT('',(127.485,-91.515,-4.6E-02));
#13814 = DIRECTION('',(-0.,-0.,-1.));
#13815 = DIRECTION('',(-0.,-1.,0.));
#13816 = ADVANCED_FACE('',(#13817),#13828,.F.);
#13817 = FACE_BOUND('',#13818,.T.);
#13818 = EDGE_LOOP('',(#13819,#13820,#13826,#13827));
#13819 = ORIENTED_EDGE('',*,*,#12866,.T.);
#13820 = ORIENTED_EDGE('',*,*,#13821,.T.);
#13821 = EDGE_CURVE('',#12867,#13249,#13822,.T.);
#13822 = LINE('',#13823,#13824);
#13823 = CARTESIAN_POINT('',(127.485,-89.483,-4.6E-02));
#13824 = VECTOR('',#13825,1.);
#13825 = DIRECTION('',(0.,0.,1.));
#13826 = ORIENTED_EDGE('',*,*,#13248,.F.);
#13827 = ORIENTED_EDGE('',*,*,#13821,.F.);
#13828 = CYLINDRICAL_SURFACE('',#13829,0.508);
#13829 = AXIS2_PLACEMENT_3D('',#13830,#13831,#13832);
#13830 = CARTESIAN_POINT('',(127.485,-88.975,-4.6E-02));
#13831 = DIRECTION('',(-0.,-0.,-1.));
#13832 = DIRECTION('',(-0.,-1.,0.));
#13833 = ADVANCED_FACE('',(#13834),#13845,.F.);
#13834 = FACE_BOUND('',#13835,.T.);
#13835 = EDGE_LOOP('',(#13836,#13837,#13843,#13844));
#13836 = ORIENTED_EDGE('',*,*,#12877,.T.);
#13837 = ORIENTED_EDGE('',*,*,#13838,.T.);
#13838 = EDGE_CURVE('',#12878,#13260,#13839,.T.);
#13839 = LINE('',#13840,#13841);
#13840 = CARTESIAN_POINT('',(127.485,-86.943,-4.6E-02));
#13841 = VECTOR('',#13842,1.);
#13842 = DIRECTION('',(0.,0.,1.));
#13843 = ORIENTED_EDGE('',*,*,#13259,.F.);
#13844 = ORIENTED_EDGE('',*,*,#13838,.F.);
#13845 = CYLINDRICAL_SURFACE('',#13846,0.508);
#13846 = AXIS2_PLACEMENT_3D('',#13847,#13848,#13849);
#13847 = CARTESIAN_POINT('',(127.485,-86.435,-4.6E-02));
#13848 = DIRECTION('',(-0.,-0.,-1.));
#13849 = DIRECTION('',(-0.,-1.,0.));
#13850 = ADVANCED_FACE('',(#13851),#13862,.F.);
#13851 = FACE_BOUND('',#13852,.T.);
#13852 = EDGE_LOOP('',(#13853,#13854,#13860,#13861));
#13853 = ORIENTED_EDGE('',*,*,#12888,.T.);
#13854 = ORIENTED_EDGE('',*,*,#13855,.T.);
#13855 = EDGE_CURVE('',#12889,#13271,#13856,.T.);
#13856 = LINE('',#13857,#13858);
#13857 = CARTESIAN_POINT('',(127.485,-84.403,-4.6E-02));
#13858 = VECTOR('',#13859,1.);
#13859 = DIRECTION('',(0.,0.,1.));
#13860 = ORIENTED_EDGE('',*,*,#13270,.F.);
#13861 = ORIENTED_EDGE('',*,*,#13855,.F.);
#13862 = CYLINDRICAL_SURFACE('',#13863,0.508);
#13863 = AXIS2_PLACEMENT_3D('',#13864,#13865,#13866);
#13864 = CARTESIAN_POINT('',(127.485,-83.895,-4.6E-02));
#13865 = DIRECTION('',(-0.,-0.,-1.));
#13866 = DIRECTION('',(-0.,-1.,0.));
#13867 = ADVANCED_FACE('',(#13868),#13879,.F.);
#13868 = FACE_BOUND('',#13869,.T.);
#13869 = EDGE_LOOP('',(#13870,#13876,#13877,#13878));
#13870 = ORIENTED_EDGE('',*,*,#13871,.T.);
#13871 = EDGE_CURVE('',#12900,#13282,#13872,.T.);
#13872 = LINE('',#13873,#13874);
#13873 = CARTESIAN_POINT('',(137.,-77.,0.));
#13874 = VECTOR('',#13875,1.);
#13875 = DIRECTION('',(0.,0.,1.));
#13876 = ORIENTED_EDGE('',*,*,#13281,.T.);
#13877 = ORIENTED_EDGE('',*,*,#13871,.F.);
#13878 = ORIENTED_EDGE('',*,*,#12899,.F.);
#13879 = CYLINDRICAL_SURFACE('',#13880,3.);
#13880 = AXIS2_PLACEMENT_3D('',#13881,#13882,#13883);
#13881 = CARTESIAN_POINT('',(134.,-77.,0.));
#13882 = DIRECTION('',(-0.,-0.,-1.));
#13883 = DIRECTION('',(1.,0.,-0.));
#13884 = ( GEOMETRIC_REPRESENTATION_CONTEXT(3) 
GLOBAL_UNCERTAINTY_ASSIGNED_CONTEXT((#13888)) 
GLOBAL_UNIT_ASSIGNED_CONTEXT((#13885,#13886,#13887)) 
REPRESENTATION_CONTEXT('Context #1',
  '3D Context with UNIT and UNCERTAINTY') );
#13885 = ( LENGTH_UNIT() NAMED_UNIT(*) SI_UNIT(.MILLI.,.METRE.) );
#13886 = ( NAMED_UNIT(*) PLANE_ANGLE_UNIT() SI_UNIT($,.RADIAN.) );
#13887 = ( NAMED_UNIT(*) SI_UNIT($,.STERADIAN.) SOLID_ANGLE_UNIT() );
#13888 = UNCERTAINTY_MEASURE_WITH_UNIT(LENGTH_MEASURE(1.E-07),#13885,
  'distance_accuracy_value','confusion accuracy');
#13889 = CONTEXT_DEPENDENT_SHAPE_REPRESENTATION(#13890,#13892);
#13890 = ( REPRESENTATION_RELATIONSHIP('','',#12423,#10) 
REPRESENTATION_RELATIONSHIP_WITH_TRANSFORMATION(#13891) 
SHAPE_REPRESENTATION_RELATIONSHIP() );
#13891 = ITEM_DEFINED_TRANSFORMATION('','',#11,#47);
#13892 = PRODUCT_DEFINITION_SHAPE('Placement','Placement of an item',
  #13893);
#13893 = NEXT_ASSEMBLY_USAGE_OCCURRENCE('9','=>[0:1:1:7]','',#5,#12418,$
  );
#13894 = PRODUCT_RELATED_PRODUCT_CATEGORY('part',$,(#12420));
#13895 = MECHANICAL_DESIGN_GEOMETRIC_PRESENTATION_REPRESENTATION('',(
    #13896,#13906,#13915,#13924,#13933,#13942,#13951,#13960,#13969,
    #13979,#13988,#13997,#14006,#14015,#14024,#14033,#14042,#14051,
    #14060,#14069,#14078,#14087,#14096,#14105,#14114,#14123,#14132,
    #14141,#14150,#14159,#14168,#14177,#14186,#14195,#14204,#14213,
    #14222,#14231,#14240,#14249,#14258,#14267,#14276,#14285,#14294,
    #14303,#14312,#14321,#14330,#14339,#14348,#14357,#14366,#14375,
    #14384,#14393,#14402,#14411,#14420,#14429,#14438,#14447,#14456,
    #14465,#14474,#14483,#14492,#14501,#14510,#14519,#14528,#14537,
    #14546,#14555,#14564,#14573,#14582,#14591,#14600,#14609,#14618,
    #14627,#14636,#14645,#14654,#14663,#14672,#14681,#14690,#14699,
    #14708,#14717,#14726,#14735,#14744,#14753,#14762,#14771,#14780,
    #14789,#14798,#14807,#14816,#14825,#14834,#14843,#14852,#14861,
    #14870,#14879,#14888,#14897,#14906,#14915,#14924,#14933,#14942,
    #14951,#14960,#14969,#14978,#14987,#14996,#15005,#15014,#15023,
    #15032,#15041,#15050,#15059,#15068,#15077,#15086,#15095,#15104,
    #15113,#15122,#15131,#15140,#15149,#15158,#15167,#15176,#15185,
    #15194,#15203,#15212,#15221,#15230,#15239,#15248,#15257,#15266,
    #15275,#15284,#15293,#15302,#15311,#15320,#15329,#15338,#15347,
    #15356,#15365,#15374,#15383,#15392,#15401,#15410,#15419,#15428,
    #15437,#15446,#15455,#15464,#15473,#15482,#15491,#15500,#15509,
    #15518,#15527,#15536,#15545,#15554,#15563,#15572,#15581,#15590,
    #15599,#15608,#15617,#15626,#15635,#15644,#15653,#15662,#15671,
    #15680,#15689,#15698,#15707,#15716,#15725,#15734,#15743,#15752,
    #15761,#15770,#15779,#15788,#15797,#15806,#15815),#12395);
#13896 = STYLED_ITEM('color',(#13897),#7459);
#13897 = PRESENTATION_STYLE_ASSIGNMENT((#13898,#13904));
#13898 = SURFACE_STYLE_USAGE(.BOTH.,#13899);
#13899 = SURFACE_SIDE_STYLE('',(#13900));
#13900 = SURFACE_STYLE_FILL_AREA(#13901);
#13901 = FILL_AREA_STYLE('',(#13902));
#13902 = FILL_AREA_STYLE_COLOUR('',#13903);
#13903 = COLOUR_RGB('',0.147999998088,0.145000001626,0.145000001626);
#13904 = CURVE_STYLE('',#13905,POSITIVE_LENGTH_MEASURE(0.1),#13903);
#13905 = DRAUGHTING_PRE_DEFINED_CURVE_FONT('continuous');
#13906 = STYLED_ITEM('color',(#13907),#7499);
#13907 = PRESENTATION_STYLE_ASSIGNMENT((#13908,#13913));
#13908 = SURFACE_STYLE_USAGE(.BOTH.,#13909);
#13909 = SURFACE_SIDE_STYLE('',(#13910));
#13910 = SURFACE_STYLE_FILL_AREA(#13911);
#13911 = FILL_AREA_STYLE('',(#13912));
#13912 = FILL_AREA_STYLE_COLOUR('',#13903);
#13913 = CURVE_STYLE('',#13914,POSITIVE_LENGTH_MEASURE(0.1),#13903);
#13914 = DRAUGHTING_PRE_DEFINED_CURVE_FONT('continuous');
#13915 = STYLED_ITEM('color',(#13916),#7562);
#13916 = PRESENTATION_STYLE_ASSIGNMENT((#13917,#13922));
#13917 = SURFACE_STYLE_USAGE(.BOTH.,#13918);
#13918 = SURFACE_SIDE_STYLE('',(#13919));
#13919 = SURFACE_STYLE_FILL_AREA(#13920);
#13920 = FILL_AREA_STYLE('',(#13921));
#13921 = FILL_AREA_STYLE_COLOUR('',#13903);
#13922 = CURVE_STYLE('',#13923,POSITIVE_LENGTH_MEASURE(0.1),#13903);
#13923 = DRAUGHTING_PRE_DEFINED_CURVE_FONT('continuous');
#13924 = STYLED_ITEM('color',(#13925),#7625);
#13925 = PRESENTATION_STYLE_ASSIGNMENT((#13926,#13931));
#13926 = SURFACE_STYLE_USAGE(.BOTH.,#13927);
#13927 = SURFACE_SIDE_STYLE('',(#13928));
#13928 = SURFACE_STYLE_FILL_AREA(#13929);
#13929 = FILL_AREA_STYLE('',(#13930));
#13930 = FILL_AREA_STYLE_COLOUR('',#13903);
#13931 = CURVE_STYLE('',#13932,POSITIVE_LENGTH_MEASURE(0.1),#13903);
#13932 = DRAUGHTING_PRE_DEFINED_CURVE_FONT('continuous');
#13933 = STYLED_ITEM('color',(#13934),#7642);
#13934 = PRESENTATION_STYLE_ASSIGNMENT((#13935,#13940));
#13935 = SURFACE_STYLE_USAGE(.BOTH.,#13936);
#13936 = SURFACE_SIDE_STYLE('',(#13937));
#13937 = SURFACE_STYLE_FILL_AREA(#13938);
#13938 = FILL_AREA_STYLE('',(#13939));
#13939 = FILL_AREA_STYLE_COLOUR('',#13903);
#13940 = CURVE_STYLE('',#13941,POSITIVE_LENGTH_MEASURE(0.1),#13903);
#13941 = DRAUGHTING_PRE_DEFINED_CURVE_FONT('continuous');
#13942 = STYLED_ITEM('color',(#13943),#7863);
#13943 = PRESENTATION_STYLE_ASSIGNMENT((#13944,#13949));
#13944 = SURFACE_STYLE_USAGE(.BOTH.,#13945);
#13945 = SURFACE_SIDE_STYLE('',(#13946));
#13946 = SURFACE_STYLE_FILL_AREA(#13947);
#13947 = FILL_AREA_STYLE('',(#13948));
#13948 = FILL_AREA_STYLE_COLOUR('',#13903);
#13949 = CURVE_STYLE('',#13950,POSITIVE_LENGTH_MEASURE(0.1),#13903);
#13950 = DRAUGHTING_PRE_DEFINED_CURVE_FONT('continuous');
#13951 = STYLED_ITEM('color',(#13952),#7885);
#13952 = PRESENTATION_STYLE_ASSIGNMENT((#13953,#13958));
#13953 = SURFACE_STYLE_USAGE(.BOTH.,#13954);
#13954 = SURFACE_SIDE_STYLE('',(#13955));
#13955 = SURFACE_STYLE_FILL_AREA(#13956);
#13956 = FILL_AREA_STYLE('',(#13957));
#13957 = FILL_AREA_STYLE_COLOUR('',#13903);
#13958 = CURVE_STYLE('',#13959,POSITIVE_LENGTH_MEASURE(0.1),#13903);
#13959 = DRAUGHTING_PRE_DEFINED_CURVE_FONT('continuous');
#13960 = STYLED_ITEM('color',(#13961),#7902);
#13961 = PRESENTATION_STYLE_ASSIGNMENT((#13962,#13967));
#13962 = SURFACE_STYLE_USAGE(.BOTH.,#13963);
#13963 = SURFACE_SIDE_STYLE('',(#13964));
#13964 = SURFACE_STYLE_FILL_AREA(#13965);
#13965 = FILL_AREA_STYLE('',(#13966));
#13966 = FILL_AREA_STYLE_COLOUR('',#13903);
#13967 = CURVE_STYLE('',#13968,POSITIVE_LENGTH_MEASURE(0.1),#13903);
#13968 = DRAUGHTING_PRE_DEFINED_CURVE_FONT('continuous');
#13969 = OVER_RIDING_STYLED_ITEM('overriding color',(#13970),#7935,
  #13960);
#13970 = PRESENTATION_STYLE_ASSIGNMENT((#13971,#13977));
#13971 = SURFACE_STYLE_USAGE(.BOTH.,#13972);
#13972 = SURFACE_SIDE_STYLE('',(#13973));
#13973 = SURFACE_STYLE_FILL_AREA(#13974);
#13974 = FILL_AREA_STYLE('',(#13975));
#13975 = FILL_AREA_STYLE_COLOUR('',#13976);
#13976 = COLOUR_RGB('',0.858999988747,0.738000004258,0.496000005009);
#13977 = CURVE_STYLE('',#13978,POSITIVE_LENGTH_MEASURE(0.1),#13976);
#13978 = DRAUGHTING_PRE_DEFINED_CURVE_FONT('continuous');
#13979 = OVER_RIDING_STYLED_ITEM('overriding color',(#13980),#7967,
  #13960);
#13980 = PRESENTATION_STYLE_ASSIGNMENT((#13981,#13986));
#13981 = SURFACE_STYLE_USAGE(.BOTH.,#13982);
#13982 = SURFACE_SIDE_STYLE('',(#13983));
#13983 = SURFACE_STYLE_FILL_AREA(#13984);
#13984 = FILL_AREA_STYLE('',(#13985));
#13985 = FILL_AREA_STYLE_COLOUR('',#13976);
#13986 = CURVE_STYLE('',#13987,POSITIVE_LENGTH_MEASURE(0.1),#13976);
#13987 = DRAUGHTING_PRE_DEFINED_CURVE_FONT('continuous');
#13988 = OVER_RIDING_STYLED_ITEM('overriding color',(#13989),#8001,
  #13960);
#13989 = PRESENTATION_STYLE_ASSIGNMENT((#13990,#13995));
#13990 = SURFACE_STYLE_USAGE(.BOTH.,#13991);
#13991 = SURFACE_SIDE_STYLE('',(#13992));
#13992 = SURFACE_STYLE_FILL_AREA(#13993);
#13993 = FILL_AREA_STYLE('',(#13994));
#13994 = FILL_AREA_STYLE_COLOUR('',#13976);
#13995 = CURVE_STYLE('',#13996,POSITIVE_LENGTH_MEASURE(0.1),#13976);
#13996 = DRAUGHTING_PRE_DEFINED_CURVE_FONT('continuous');
#13997 = OVER_RIDING_STYLED_ITEM('overriding color',(#13998),#8033,
  #13960);
#13998 = PRESENTATION_STYLE_ASSIGNMENT((#13999,#14004));
#13999 = SURFACE_STYLE_USAGE(.BOTH.,#14000);
#14000 = SURFACE_SIDE_STYLE('',(#14001));
#14001 = SURFACE_STYLE_FILL_AREA(#14002);
#14002 = FILL_AREA_STYLE('',(#14003));
#14003 = FILL_AREA_STYLE_COLOUR('',#13976);
#14004 = CURVE_STYLE('',#14005,POSITIVE_LENGTH_MEASURE(0.1),#13976);
#14005 = DRAUGHTING_PRE_DEFINED_CURVE_FONT('continuous');
#14006 = OVER_RIDING_STYLED_ITEM('overriding color',(#14007),#8067,
  #13960);
#14007 = PRESENTATION_STYLE_ASSIGNMENT((#14008,#14013));
#14008 = SURFACE_STYLE_USAGE(.BOTH.,#14009);
#14009 = SURFACE_SIDE_STYLE('',(#14010));
#14010 = SURFACE_STYLE_FILL_AREA(#14011);
#14011 = FILL_AREA_STYLE('',(#14012));
#14012 = FILL_AREA_STYLE_COLOUR('',#13976);
#14013 = CURVE_STYLE('',#14014,POSITIVE_LENGTH_MEASURE(0.1),#13976);
#14014 = DRAUGHTING_PRE_DEFINED_CURVE_FONT('continuous');
#14015 = OVER_RIDING_STYLED_ITEM('overriding color',(#14016),#8099,
  #13960);
#14016 = PRESENTATION_STYLE_ASSIGNMENT((#14017,#14022));
#14017 = SURFACE_STYLE_USAGE(.BOTH.,#14018);
#14018 = SURFACE_SIDE_STYLE('',(#14019));
#14019 = SURFACE_STYLE_FILL_AREA(#14020);
#14020 = FILL_AREA_STYLE('',(#14021));
#14021 = FILL_AREA_STYLE_COLOUR('',#13976);
#14022 = CURVE_STYLE('',#14023,POSITIVE_LENGTH_MEASURE(0.1),#13976);
#14023 = DRAUGHTING_PRE_DEFINED_CURVE_FONT('continuous');
#14024 = OVER_RIDING_STYLED_ITEM('overriding color',(#14025),#8133,
  #13960);
#14025 = PRESENTATION_STYLE_ASSIGNMENT((#14026,#14031));
#14026 = SURFACE_STYLE_USAGE(.BOTH.,#14027);
#14027 = SURFACE_SIDE_STYLE('',(#14028));
#14028 = SURFACE_STYLE_FILL_AREA(#14029);
#14029 = FILL_AREA_STYLE('',(#14030));
#14030 = FILL_AREA_STYLE_COLOUR('',#13976);
#14031 = CURVE_STYLE('',#14032,POSITIVE_LENGTH_MEASURE(0.1),#13976);
#14032 = DRAUGHTING_PRE_DEFINED_CURVE_FONT('continuous');
#14033 = OVER_RIDING_STYLED_ITEM('overriding color',(#14034),#8165,
  #13960);
#14034 = PRESENTATION_STYLE_ASSIGNMENT((#14035,#14040));
#14035 = SURFACE_STYLE_USAGE(.BOTH.,#14036);
#14036 = SURFACE_SIDE_STYLE('',(#14037));
#14037 = SURFACE_STYLE_FILL_AREA(#14038);
#14038 = FILL_AREA_STYLE('',(#14039));
#14039 = FILL_AREA_STYLE_COLOUR('',#13976);
#14040 = CURVE_STYLE('',#14041,POSITIVE_LENGTH_MEASURE(0.1),#13976);
#14041 = DRAUGHTING_PRE_DEFINED_CURVE_FONT('continuous');
#14042 = OVER_RIDING_STYLED_ITEM('overriding color',(#14043),#8199,
  #13960);
#14043 = PRESENTATION_STYLE_ASSIGNMENT((#14044,#14049));
#14044 = SURFACE_STYLE_USAGE(.BOTH.,#14045);
#14045 = SURFACE_SIDE_STYLE('',(#14046));
#14046 = SURFACE_STYLE_FILL_AREA(#14047);
#14047 = FILL_AREA_STYLE('',(#14048));
#14048 = FILL_AREA_STYLE_COLOUR('',#13976);
#14049 = CURVE_STYLE('',#14050,POSITIVE_LENGTH_MEASURE(0.1),#13976);
#14050 = DRAUGHTING_PRE_DEFINED_CURVE_FONT('continuous');
#14051 = OVER_RIDING_STYLED_ITEM('overriding color',(#14052),#8231,
  #13960);
#14052 = PRESENTATION_STYLE_ASSIGNMENT((#14053,#14058));
#14053 = SURFACE_STYLE_USAGE(.BOTH.,#14054);
#14054 = SURFACE_SIDE_STYLE('',(#14055));
#14055 = SURFACE_STYLE_FILL_AREA(#14056);
#14056 = FILL_AREA_STYLE('',(#14057));
#14057 = FILL_AREA_STYLE_COLOUR('',#13976);
#14058 = CURVE_STYLE('',#14059,POSITIVE_LENGTH_MEASURE(0.1),#13976);
#14059 = DRAUGHTING_PRE_DEFINED_CURVE_FONT('continuous');
#14060 = OVER_RIDING_STYLED_ITEM('overriding color',(#14061),#8265,
  #13960);
#14061 = PRESENTATION_STYLE_ASSIGNMENT((#14062,#14067));
#14062 = SURFACE_STYLE_USAGE(.BOTH.,#14063);
#14063 = SURFACE_SIDE_STYLE('',(#14064));
#14064 = SURFACE_STYLE_FILL_AREA(#14065);
#14065 = FILL_AREA_STYLE('',(#14066));
#14066 = FILL_AREA_STYLE_COLOUR('',#13976);
#14067 = CURVE_STYLE('',#14068,POSITIVE_LENGTH_MEASURE(0.1),#13976);
#14068 = DRAUGHTING_PRE_DEFINED_CURVE_FONT('continuous');
#14069 = OVER_RIDING_STYLED_ITEM('overriding color',(#14070),#8297,
  #13960);
#14070 = PRESENTATION_STYLE_ASSIGNMENT((#14071,#14076));
#14071 = SURFACE_STYLE_USAGE(.BOTH.,#14072);
#14072 = SURFACE_SIDE_STYLE('',(#14073));
#14073 = SURFACE_STYLE_FILL_AREA(#14074);
#14074 = FILL_AREA_STYLE('',(#14075));
#14075 = FILL_AREA_STYLE_COLOUR('',#13976);
#14076 = CURVE_STYLE('',#14077,POSITIVE_LENGTH_MEASURE(0.1),#13976);
#14077 = DRAUGHTING_PRE_DEFINED_CURVE_FONT('continuous');
#14078 = STYLED_ITEM('color',(#14079),#8315);
#14079 = PRESENTATION_STYLE_ASSIGNMENT((#14080,#14085));
#14080 = SURFACE_STYLE_USAGE(.BOTH.,#14081);
#14081 = SURFACE_SIDE_STYLE('',(#14082));
#14082 = SURFACE_STYLE_FILL_AREA(#14083);
#14083 = FILL_AREA_STYLE('',(#14084));
#14084 = FILL_AREA_STYLE_COLOUR('',#13903);
#14085 = CURVE_STYLE('',#14086,POSITIVE_LENGTH_MEASURE(0.1),#13903);
#14086 = DRAUGHTING_PRE_DEFINED_CURVE_FONT('continuous');
#14087 = STYLED_ITEM('color',(#14088),#8327);
#14088 = PRESENTATION_STYLE_ASSIGNMENT((#14089,#14094));
#14089 = SURFACE_STYLE_USAGE(.BOTH.,#14090);
#14090 = SURFACE_SIDE_STYLE('',(#14091));
#14091 = SURFACE_STYLE_FILL_AREA(#14092);
#14092 = FILL_AREA_STYLE('',(#14093));
#14093 = FILL_AREA_STYLE_COLOUR('',#13903);
#14094 = CURVE_STYLE('',#14095,POSITIVE_LENGTH_MEASURE(0.1),#13903);
#14095 = DRAUGHTING_PRE_DEFINED_CURVE_FONT('continuous');
#14096 = STYLED_ITEM('color',(#14097),#8339);
#14097 = PRESENTATION_STYLE_ASSIGNMENT((#14098,#14103));
#14098 = SURFACE_STYLE_USAGE(.BOTH.,#14099);
#14099 = SURFACE_SIDE_STYLE('',(#14100));
#14100 = SURFACE_STYLE_FILL_AREA(#14101);
#14101 = FILL_AREA_STYLE('',(#14102));
#14102 = FILL_AREA_STYLE_COLOUR('',#13903);
#14103 = CURVE_STYLE('',#14104,POSITIVE_LENGTH_MEASURE(0.1),#13903);
#14104 = DRAUGHTING_PRE_DEFINED_CURVE_FONT('continuous');
#14105 = STYLED_ITEM('color',(#14106),#8370);
#14106 = PRESENTATION_STYLE_ASSIGNMENT((#14107,#14112));
#14107 = SURFACE_STYLE_USAGE(.BOTH.,#14108);
#14108 = SURFACE_SIDE_STYLE('',(#14109));
#14109 = SURFACE_STYLE_FILL_AREA(#14110);
#14110 = FILL_AREA_STYLE('',(#14111));
#14111 = FILL_AREA_STYLE_COLOUR('',#13903);
#14112 = CURVE_STYLE('',#14113,POSITIVE_LENGTH_MEASURE(0.1),#13903);
#14113 = DRAUGHTING_PRE_DEFINED_CURVE_FONT('continuous');
#14114 = STYLED_ITEM('color',(#14115),#8394);
#14115 = PRESENTATION_STYLE_ASSIGNMENT((#14116,#14121));
#14116 = SURFACE_STYLE_USAGE(.BOTH.,#14117);
#14117 = SURFACE_SIDE_STYLE('',(#14118));
#14118 = SURFACE_STYLE_FILL_AREA(#14119);
#14119 = FILL_AREA_STYLE('',(#14120));
#14120 = FILL_AREA_STYLE_COLOUR('',#13903);
#14121 = CURVE_STYLE('',#14122,POSITIVE_LENGTH_MEASURE(0.1),#13903);
#14122 = DRAUGHTING_PRE_DEFINED_CURVE_FONT('continuous');
#14123 = STYLED_ITEM('color',(#14124),#8418);
#14124 = PRESENTATION_STYLE_ASSIGNMENT((#14125,#14130));
#14125 = SURFACE_STYLE_USAGE(.BOTH.,#14126);
#14126 = SURFACE_SIDE_STYLE('',(#14127));
#14127 = SURFACE_STYLE_FILL_AREA(#14128);
#14128 = FILL_AREA_STYLE('',(#14129));
#14129 = FILL_AREA_STYLE_COLOUR('',#13903);
#14130 = CURVE_STYLE('',#14131,POSITIVE_LENGTH_MEASURE(0.1),#13903);
#14131 = DRAUGHTING_PRE_DEFINED_CURVE_FONT('continuous');
#14132 = STYLED_ITEM('color',(#14133),#8435);
#14133 = PRESENTATION_STYLE_ASSIGNMENT((#14134,#14139));
#14134 = SURFACE_STYLE_USAGE(.BOTH.,#14135);
#14135 = SURFACE_SIDE_STYLE('',(#14136));
#14136 = SURFACE_STYLE_FILL_AREA(#14137);
#14137 = FILL_AREA_STYLE('',(#14138));
#14138 = FILL_AREA_STYLE_COLOUR('',#13903);
#14139 = CURVE_STYLE('',#14140,POSITIVE_LENGTH_MEASURE(0.1),#13903);
#14140 = DRAUGHTING_PRE_DEFINED_CURVE_FONT('continuous');
#14141 = STYLED_ITEM('color',(#14142),#8466);
#14142 = PRESENTATION_STYLE_ASSIGNMENT((#14143,#14148));
#14143 = SURFACE_STYLE_USAGE(.BOTH.,#14144);
#14144 = SURFACE_SIDE_STYLE('',(#14145));
#14145 = SURFACE_STYLE_FILL_AREA(#14146);
#14146 = FILL_AREA_STYLE('',(#14147));
#14147 = FILL_AREA_STYLE_COLOUR('',#13903);
#14148 = CURVE_STYLE('',#14149,POSITIVE_LENGTH_MEASURE(0.1),#13903);
#14149 = DRAUGHTING_PRE_DEFINED_CURVE_FONT('continuous');
#14150 = STYLED_ITEM('color',(#14151),#8490);
#14151 = PRESENTATION_STYLE_ASSIGNMENT((#14152,#14157));
#14152 = SURFACE_STYLE_USAGE(.BOTH.,#14153);
#14153 = SURFACE_SIDE_STYLE('',(#14154));
#14154 = SURFACE_STYLE_FILL_AREA(#14155);
#14155 = FILL_AREA_STYLE('',(#14156));
#14156 = FILL_AREA_STYLE_COLOUR('',#13903);
#14157 = CURVE_STYLE('',#14158,POSITIVE_LENGTH_MEASURE(0.1),#13903);
#14158 = DRAUGHTING_PRE_DEFINED_CURVE_FONT('continuous');
#14159 = STYLED_ITEM('color',(#14160),#8514);
#14160 = PRESENTATION_STYLE_ASSIGNMENT((#14161,#14166));
#14161 = SURFACE_STYLE_USAGE(.BOTH.,#14162);
#14162 = SURFACE_SIDE_STYLE('',(#14163));
#14163 = SURFACE_STYLE_FILL_AREA(#14164);
#14164 = FILL_AREA_STYLE('',(#14165));
#14165 = FILL_AREA_STYLE_COLOUR('',#13903);
#14166 = CURVE_STYLE('',#14167,POSITIVE_LENGTH_MEASURE(0.1),#13903);
#14167 = DRAUGHTING_PRE_DEFINED_CURVE_FONT('continuous');
#14168 = STYLED_ITEM('color',(#14169),#8531);
#14169 = PRESENTATION_STYLE_ASSIGNMENT((#14170,#14175));
#14170 = SURFACE_STYLE_USAGE(.BOTH.,#14171);
#14171 = SURFACE_SIDE_STYLE('',(#14172));
#14172 = SURFACE_STYLE_FILL_AREA(#14173);
#14173 = FILL_AREA_STYLE('',(#14174));
#14174 = FILL_AREA_STYLE_COLOUR('',#13903);
#14175 = CURVE_STYLE('',#14176,POSITIVE_LENGTH_MEASURE(0.1),#13903);
#14176 = DRAUGHTING_PRE_DEFINED_CURVE_FONT('continuous');
#14177 = STYLED_ITEM('color',(#14178),#8562);
#14178 = PRESENTATION_STYLE_ASSIGNMENT((#14179,#14184));
#14179 = SURFACE_STYLE_USAGE(.BOTH.,#14180);
#14180 = SURFACE_SIDE_STYLE('',(#14181));
#14181 = SURFACE_STYLE_FILL_AREA(#14182);
#14182 = FILL_AREA_STYLE('',(#14183));
#14183 = FILL_AREA_STYLE_COLOUR('',#13903);
#14184 = CURVE_STYLE('',#14185,POSITIVE_LENGTH_MEASURE(0.1),#13903);
#14185 = DRAUGHTING_PRE_DEFINED_CURVE_FONT('continuous');
#14186 = STYLED_ITEM('color',(#14187),#8586);
#14187 = PRESENTATION_STYLE_ASSIGNMENT((#14188,#14193));
#14188 = SURFACE_STYLE_USAGE(.BOTH.,#14189);
#14189 = SURFACE_SIDE_STYLE('',(#14190));
#14190 = SURFACE_STYLE_FILL_AREA(#14191);
#14191 = FILL_AREA_STYLE('',(#14192));
#14192 = FILL_AREA_STYLE_COLOUR('',#13903);
#14193 = CURVE_STYLE('',#14194,POSITIVE_LENGTH_MEASURE(0.1),#13903);
#14194 = DRAUGHTING_PRE_DEFINED_CURVE_FONT('continuous');
#14195 = STYLED_ITEM('color',(#14196),#8610);
#14196 = PRESENTATION_STYLE_ASSIGNMENT((#14197,#14202));
#14197 = SURFACE_STYLE_USAGE(.BOTH.,#14198);
#14198 = SURFACE_SIDE_STYLE('',(#14199));
#14199 = SURFACE_STYLE_FILL_AREA(#14200);
#14200 = FILL_AREA_STYLE('',(#14201));
#14201 = FILL_AREA_STYLE_COLOUR('',#13903);
#14202 = CURVE_STYLE('',#14203,POSITIVE_LENGTH_MEASURE(0.1),#13903);
#14203 = DRAUGHTING_PRE_DEFINED_CURVE_FONT('continuous');
#14204 = STYLED_ITEM('color',(#14205),#8627);
#14205 = PRESENTATION_STYLE_ASSIGNMENT((#14206,#14211));
#14206 = SURFACE_STYLE_USAGE(.BOTH.,#14207);
#14207 = SURFACE_SIDE_STYLE('',(#14208));
#14208 = SURFACE_STYLE_FILL_AREA(#14209);
#14209 = FILL_AREA_STYLE('',(#14210));
#14210 = FILL_AREA_STYLE_COLOUR('',#13903);
#14211 = CURVE_STYLE('',#14212,POSITIVE_LENGTH_MEASURE(0.1),#13903);
#14212 = DRAUGHTING_PRE_DEFINED_CURVE_FONT('continuous');
#14213 = STYLED_ITEM('color',(#14214),#8658);
#14214 = PRESENTATION_STYLE_ASSIGNMENT((#14215,#14220));
#14215 = SURFACE_STYLE_USAGE(.BOTH.,#14216);
#14216 = SURFACE_SIDE_STYLE('',(#14217));
#14217 = SURFACE_STYLE_FILL_AREA(#14218);
#14218 = FILL_AREA_STYLE('',(#14219));
#14219 = FILL_AREA_STYLE_COLOUR('',#13903);
#14220 = CURVE_STYLE('',#14221,POSITIVE_LENGTH_MEASURE(0.1),#13903);
#14221 = DRAUGHTING_PRE_DEFINED_CURVE_FONT('continuous');
#14222 = STYLED_ITEM('color',(#14223),#8682);
#14223 = PRESENTATION_STYLE_ASSIGNMENT((#14224,#14229));
#14224 = SURFACE_STYLE_USAGE(.BOTH.,#14225);
#14225 = SURFACE_SIDE_STYLE('',(#14226));
#14226 = SURFACE_STYLE_FILL_AREA(#14227);
#14227 = FILL_AREA_STYLE('',(#14228));
#14228 = FILL_AREA_STYLE_COLOUR('',#13903);
#14229 = CURVE_STYLE('',#14230,POSITIVE_LENGTH_MEASURE(0.1),#13903);
#14230 = DRAUGHTING_PRE_DEFINED_CURVE_FONT('continuous');
#14231 = STYLED_ITEM('color',(#14232),#8706);
#14232 = PRESENTATION_STYLE_ASSIGNMENT((#14233,#14238));
#14233 = SURFACE_STYLE_USAGE(.BOTH.,#14234);
#14234 = SURFACE_SIDE_STYLE('',(#14235));
#14235 = SURFACE_STYLE_FILL_AREA(#14236);
#14236 = FILL_AREA_STYLE('',(#14237));
#14237 = FILL_AREA_STYLE_COLOUR('',#13903);
#14238 = CURVE_STYLE('',#14239,POSITIVE_LENGTH_MEASURE(0.1),#13903);
#14239 = DRAUGHTING_PRE_DEFINED_CURVE_FONT('continuous');
#14240 = STYLED_ITEM('color',(#14241),#8723);
#14241 = PRESENTATION_STYLE_ASSIGNMENT((#14242,#14247));
#14242 = SURFACE_STYLE_USAGE(.BOTH.,#14243);
#14243 = SURFACE_SIDE_STYLE('',(#14244));
#14244 = SURFACE_STYLE_FILL_AREA(#14245);
#14245 = FILL_AREA_STYLE('',(#14246));
#14246 = FILL_AREA_STYLE_COLOUR('',#13903);
#14247 = CURVE_STYLE('',#14248,POSITIVE_LENGTH_MEASURE(0.1),#13903);
#14248 = DRAUGHTING_PRE_DEFINED_CURVE_FONT('continuous');
#14249 = STYLED_ITEM('color',(#14250),#8754);
#14250 = PRESENTATION_STYLE_ASSIGNMENT((#14251,#14256));
#14251 = SURFACE_STYLE_USAGE(.BOTH.,#14252);
#14252 = SURFACE_SIDE_STYLE('',(#14253));
#14253 = SURFACE_STYLE_FILL_AREA(#14254);
#14254 = FILL_AREA_STYLE('',(#14255));
#14255 = FILL_AREA_STYLE_COLOUR('',#13903);
#14256 = CURVE_STYLE('',#14257,POSITIVE_LENGTH_MEASURE(0.1),#13903);
#14257 = DRAUGHTING_PRE_DEFINED_CURVE_FONT('continuous');
#14258 = STYLED_ITEM('color',(#14259),#8778);
#14259 = PRESENTATION_STYLE_ASSIGNMENT((#14260,#14265));
#14260 = SURFACE_STYLE_USAGE(.BOTH.,#14261);
#14261 = SURFACE_SIDE_STYLE('',(#14262));
#14262 = SURFACE_STYLE_FILL_AREA(#14263);
#14263 = FILL_AREA_STYLE('',(#14264));
#14264 = FILL_AREA_STYLE_COLOUR('',#13903);
#14265 = CURVE_STYLE('',#14266,POSITIVE_LENGTH_MEASURE(0.1),#13903);
#14266 = DRAUGHTING_PRE_DEFINED_CURVE_FONT('continuous');
#14267 = STYLED_ITEM('color',(#14268),#8802);
#14268 = PRESENTATION_STYLE_ASSIGNMENT((#14269,#14274));
#14269 = SURFACE_STYLE_USAGE(.BOTH.,#14270);
#14270 = SURFACE_SIDE_STYLE('',(#14271));
#14271 = SURFACE_STYLE_FILL_AREA(#14272);
#14272 = FILL_AREA_STYLE('',(#14273));
#14273 = FILL_AREA_STYLE_COLOUR('',#13903);
#14274 = CURVE_STYLE('',#14275,POSITIVE_LENGTH_MEASURE(0.1),#13903);
#14275 = DRAUGHTING_PRE_DEFINED_CURVE_FONT('continuous');
#14276 = STYLED_ITEM('color',(#14277),#8819);
#14277 = PRESENTATION_STYLE_ASSIGNMENT((#14278,#14283));
#14278 = SURFACE_STYLE_USAGE(.BOTH.,#14279);
#14279 = SURFACE_SIDE_STYLE('',(#14280));
#14280 = SURFACE_STYLE_FILL_AREA(#14281);
#14281 = FILL_AREA_STYLE('',(#14282));
#14282 = FILL_AREA_STYLE_COLOUR('',#13903);
#14283 = CURVE_STYLE('',#14284,POSITIVE_LENGTH_MEASURE(0.1),#13903);
#14284 = DRAUGHTING_PRE_DEFINED_CURVE_FONT('continuous');
#14285 = STYLED_ITEM('color',(#14286),#8850);
#14286 = PRESENTATION_STYLE_ASSIGNMENT((#14287,#14292));
#14287 = SURFACE_STYLE_USAGE(.BOTH.,#14288);
#14288 = SURFACE_SIDE_STYLE('',(#14289));
#14289 = SURFACE_STYLE_FILL_AREA(#14290);
#14290 = FILL_AREA_STYLE('',(#14291));
#14291 = FILL_AREA_STYLE_COLOUR('',#13903);
#14292 = CURVE_STYLE('',#14293,POSITIVE_LENGTH_MEASURE(0.1),#13903);
#14293 = DRAUGHTING_PRE_DEFINED_CURVE_FONT('continuous');
#14294 = STYLED_ITEM('color',(#14295),#8874);
#14295 = PRESENTATION_STYLE_ASSIGNMENT((#14296,#14301));
#14296 = SURFACE_STYLE_USAGE(.BOTH.,#14297);
#14297 = SURFACE_SIDE_STYLE('',(#14298));
#14298 = SURFACE_STYLE_FILL_AREA(#14299);
#14299 = FILL_AREA_STYLE('',(#14300));
#14300 = FILL_AREA_STYLE_COLOUR('',#13903);
#14301 = CURVE_STYLE('',#14302,POSITIVE_LENGTH_MEASURE(0.1),#13903);
#14302 = DRAUGHTING_PRE_DEFINED_CURVE_FONT('continuous');
#14303 = STYLED_ITEM('color',(#14304),#8898);
#14304 = PRESENTATION_STYLE_ASSIGNMENT((#14305,#14310));
#14305 = SURFACE_STYLE_USAGE(.BOTH.,#14306);
#14306 = SURFACE_SIDE_STYLE('',(#14307));
#14307 = SURFACE_STYLE_FILL_AREA(#14308);
#14308 = FILL_AREA_STYLE('',(#14309));
#14309 = FILL_AREA_STYLE_COLOUR('',#13903);
#14310 = CURVE_STYLE('',#14311,POSITIVE_LENGTH_MEASURE(0.1),#13903);
#14311 = DRAUGHTING_PRE_DEFINED_CURVE_FONT('continuous');
#14312 = STYLED_ITEM('color',(#14313),#8915);
#14313 = PRESENTATION_STYLE_ASSIGNMENT((#14314,#14319));
#14314 = SURFACE_STYLE_USAGE(.BOTH.,#14315);
#14315 = SURFACE_SIDE_STYLE('',(#14316));
#14316 = SURFACE_STYLE_FILL_AREA(#14317);
#14317 = FILL_AREA_STYLE('',(#14318));
#14318 = FILL_AREA_STYLE_COLOUR('',#13976);
#14319 = CURVE_STYLE('',#14320,POSITIVE_LENGTH_MEASURE(0.1),#13976);
#14320 = DRAUGHTING_PRE_DEFINED_CURVE_FONT('continuous');
#14321 = STYLED_ITEM('color',(#14322),#8932);
#14322 = PRESENTATION_STYLE_ASSIGNMENT((#14323,#14328));
#14323 = SURFACE_STYLE_USAGE(.BOTH.,#14324);
#14324 = SURFACE_SIDE_STYLE('',(#14325));
#14325 = SURFACE_STYLE_FILL_AREA(#14326);
#14326 = FILL_AREA_STYLE('',(#14327));
#14327 = FILL_AREA_STYLE_COLOUR('',#13976);
#14328 = CURVE_STYLE('',#14329,POSITIVE_LENGTH_MEASURE(0.1),#13976);
#14329 = DRAUGHTING_PRE_DEFINED_CURVE_FONT('continuous');
#14330 = STYLED_ITEM('color',(#14331),#8979);
#14331 = PRESENTATION_STYLE_ASSIGNMENT((#14332,#14337));
#14332 = SURFACE_STYLE_USAGE(.BOTH.,#14333);
#14333 = SURFACE_SIDE_STYLE('',(#14334));
#14334 = SURFACE_STYLE_FILL_AREA(#14335);
#14335 = FILL_AREA_STYLE('',(#14336));
#14336 = FILL_AREA_STYLE_COLOUR('',#13976);
#14337 = CURVE_STYLE('',#14338,POSITIVE_LENGTH_MEASURE(0.1),#13976);
#14338 = DRAUGHTING_PRE_DEFINED_CURVE_FONT('continuous');
#14339 = STYLED_ITEM('color',(#14340),#8996);
#14340 = PRESENTATION_STYLE_ASSIGNMENT((#14341,#14346));
#14341 = SURFACE_STYLE_USAGE(.BOTH.,#14342);
#14342 = SURFACE_SIDE_STYLE('',(#14343));
#14343 = SURFACE_STYLE_FILL_AREA(#14344);
#14344 = FILL_AREA_STYLE('',(#14345));
#14345 = FILL_AREA_STYLE_COLOUR('',#13976);
#14346 = CURVE_STYLE('',#14347,POSITIVE_LENGTH_MEASURE(0.1),#13976);
#14347 = DRAUGHTING_PRE_DEFINED_CURVE_FONT('continuous');
#14348 = STYLED_ITEM('color',(#14349),#9043);
#14349 = PRESENTATION_STYLE_ASSIGNMENT((#14350,#14355));
#14350 = SURFACE_STYLE_USAGE(.BOTH.,#14351);
#14351 = SURFACE_SIDE_STYLE('',(#14352));
#14352 = SURFACE_STYLE_FILL_AREA(#14353);
#14353 = FILL_AREA_STYLE('',(#14354));
#14354 = FILL_AREA_STYLE_COLOUR('',#13976);
#14355 = CURVE_STYLE('',#14356,POSITIVE_LENGTH_MEASURE(0.1),#13976);
#14356 = DRAUGHTING_PRE_DEFINED_CURVE_FONT('continuous');
#14357 = STYLED_ITEM('color',(#14358),#9060);
#14358 = PRESENTATION_STYLE_ASSIGNMENT((#14359,#14364));
#14359 = SURFACE_STYLE_USAGE(.BOTH.,#14360);
#14360 = SURFACE_SIDE_STYLE('',(#14361));
#14361 = SURFACE_STYLE_FILL_AREA(#14362);
#14362 = FILL_AREA_STYLE('',(#14363));
#14363 = FILL_AREA_STYLE_COLOUR('',#13976);
#14364 = CURVE_STYLE('',#14365,POSITIVE_LENGTH_MEASURE(0.1),#13976);
#14365 = DRAUGHTING_PRE_DEFINED_CURVE_FONT('continuous');
#14366 = STYLED_ITEM('color',(#14367),#9107);
#14367 = PRESENTATION_STYLE_ASSIGNMENT((#14368,#14373));
#14368 = SURFACE_STYLE_USAGE(.BOTH.,#14369);
#14369 = SURFACE_SIDE_STYLE('',(#14370));
#14370 = SURFACE_STYLE_FILL_AREA(#14371);
#14371 = FILL_AREA_STYLE('',(#14372));
#14372 = FILL_AREA_STYLE_COLOUR('',#13976);
#14373 = CURVE_STYLE('',#14374,POSITIVE_LENGTH_MEASURE(0.1),#13976);
#14374 = DRAUGHTING_PRE_DEFINED_CURVE_FONT('continuous');
#14375 = STYLED_ITEM('color',(#14376),#9124);
#14376 = PRESENTATION_STYLE_ASSIGNMENT((#14377,#14382));
#14377 = SURFACE_STYLE_USAGE(.BOTH.,#14378);
#14378 = SURFACE_SIDE_STYLE('',(#14379));
#14379 = SURFACE_STYLE_FILL_AREA(#14380);
#14380 = FILL_AREA_STYLE('',(#14381));
#14381 = FILL_AREA_STYLE_COLOUR('',#13976);
#14382 = CURVE_STYLE('',#14383,POSITIVE_LENGTH_MEASURE(0.1),#13976);
#14383 = DRAUGHTING_PRE_DEFINED_CURVE_FONT('continuous');
#14384 = STYLED_ITEM('color',(#14385),#9171);
#14385 = PRESENTATION_STYLE_ASSIGNMENT((#14386,#14391));
#14386 = SURFACE_STYLE_USAGE(.BOTH.,#14387);
#14387 = SURFACE_SIDE_STYLE('',(#14388));
#14388 = SURFACE_STYLE_FILL_AREA(#14389);
#14389 = FILL_AREA_STYLE('',(#14390));
#14390 = FILL_AREA_STYLE_COLOUR('',#13976);
#14391 = CURVE_STYLE('',#14392,POSITIVE_LENGTH_MEASURE(0.1),#13976);
#14392 = DRAUGHTING_PRE_DEFINED_CURVE_FONT('continuous');
#14393 = STYLED_ITEM('color',(#14394),#9188);
#14394 = PRESENTATION_STYLE_ASSIGNMENT((#14395,#14400));
#14395 = SURFACE_STYLE_USAGE(.BOTH.,#14396);
#14396 = SURFACE_SIDE_STYLE('',(#14397));
#14397 = SURFACE_STYLE_FILL_AREA(#14398);
#14398 = FILL_AREA_STYLE('',(#14399));
#14399 = FILL_AREA_STYLE_COLOUR('',#13976);
#14400 = CURVE_STYLE('',#14401,POSITIVE_LENGTH_MEASURE(0.1),#13976);
#14401 = DRAUGHTING_PRE_DEFINED_CURVE_FONT('continuous');
#14402 = STYLED_ITEM('color',(#14403),#9235);
#14403 = PRESENTATION_STYLE_ASSIGNMENT((#14404,#14409));
#14404 = SURFACE_STYLE_USAGE(.BOTH.,#14405);
#14405 = SURFACE_SIDE_STYLE('',(#14406));
#14406 = SURFACE_STYLE_FILL_AREA(#14407);
#14407 = FILL_AREA_STYLE('',(#14408));
#14408 = FILL_AREA_STYLE_COLOUR('',#13976);
#14409 = CURVE_STYLE('',#14410,POSITIVE_LENGTH_MEASURE(0.1),#13976);
#14410 = DRAUGHTING_PRE_DEFINED_CURVE_FONT('continuous');
#14411 = STYLED_ITEM('color',(#14412),#9252);
#14412 = PRESENTATION_STYLE_ASSIGNMENT((#14413,#14418));
#14413 = SURFACE_STYLE_USAGE(.BOTH.,#14414);
#14414 = SURFACE_SIDE_STYLE('',(#14415));
#14415 = SURFACE_STYLE_FILL_AREA(#14416);
#14416 = FILL_AREA_STYLE('',(#14417));
#14417 = FILL_AREA_STYLE_COLOUR('',#13976);
#14418 = CURVE_STYLE('',#14419,POSITIVE_LENGTH_MEASURE(0.1),#13976);
#14419 = DRAUGHTING_PRE_DEFINED_CURVE_FONT('continuous');
#14420 = STYLED_ITEM('color',(#14421),#9299);
#14421 = PRESENTATION_STYLE_ASSIGNMENT((#14422,#14427));
#14422 = SURFACE_STYLE_USAGE(.BOTH.,#14423);
#14423 = SURFACE_SIDE_STYLE('',(#14424));
#14424 = SURFACE_STYLE_FILL_AREA(#14425);
#14425 = FILL_AREA_STYLE('',(#14426));
#14426 = FILL_AREA_STYLE_COLOUR('',#13976);
#14427 = CURVE_STYLE('',#14428,POSITIVE_LENGTH_MEASURE(0.1),#13976);
#14428 = DRAUGHTING_PRE_DEFINED_CURVE_FONT('continuous');
#14429 = STYLED_ITEM('color',(#14430),#9316);
#14430 = PRESENTATION_STYLE_ASSIGNMENT((#14431,#14436));
#14431 = SURFACE_STYLE_USAGE(.BOTH.,#14432);
#14432 = SURFACE_SIDE_STYLE('',(#14433));
#14433 = SURFACE_STYLE_FILL_AREA(#14434);
#14434 = FILL_AREA_STYLE('',(#14435));
#14435 = FILL_AREA_STYLE_COLOUR('',#13976);
#14436 = CURVE_STYLE('',#14437,POSITIVE_LENGTH_MEASURE(0.1),#13976);
#14437 = DRAUGHTING_PRE_DEFINED_CURVE_FONT('continuous');
#14438 = STYLED_ITEM('color',(#14439),#9363);
#14439 = PRESENTATION_STYLE_ASSIGNMENT((#14440,#14445));
#14440 = SURFACE_STYLE_USAGE(.BOTH.,#14441);
#14441 = SURFACE_SIDE_STYLE('',(#14442));
#14442 = SURFACE_STYLE_FILL_AREA(#14443);
#14443 = FILL_AREA_STYLE('',(#14444));
#14444 = FILL_AREA_STYLE_COLOUR('',#13976);
#14445 = CURVE_STYLE('',#14446,POSITIVE_LENGTH_MEASURE(0.1),#13976);
#14446 = DRAUGHTING_PRE_DEFINED_CURVE_FONT('continuous');
#14447 = STYLED_ITEM('color',(#14448),#9380);
#14448 = PRESENTATION_STYLE_ASSIGNMENT((#14449,#14454));
#14449 = SURFACE_STYLE_USAGE(.BOTH.,#14450);
#14450 = SURFACE_SIDE_STYLE('',(#14451));
#14451 = SURFACE_STYLE_FILL_AREA(#14452);
#14452 = FILL_AREA_STYLE('',(#14453));
#14453 = FILL_AREA_STYLE_COLOUR('',#13976);
#14454 = CURVE_STYLE('',#14455,POSITIVE_LENGTH_MEASURE(0.1),#13976);
#14455 = DRAUGHTING_PRE_DEFINED_CURVE_FONT('continuous');
#14456 = STYLED_ITEM('color',(#14457),#9427);
#14457 = PRESENTATION_STYLE_ASSIGNMENT((#14458,#14463));
#14458 = SURFACE_STYLE_USAGE(.BOTH.,#14459);
#14459 = SURFACE_SIDE_STYLE('',(#14460));
#14460 = SURFACE_STYLE_FILL_AREA(#14461);
#14461 = FILL_AREA_STYLE('',(#14462));
#14462 = FILL_AREA_STYLE_COLOUR('',#13976);
#14463 = CURVE_STYLE('',#14464,POSITIVE_LENGTH_MEASURE(0.1),#13976);
#14464 = DRAUGHTING_PRE_DEFINED_CURVE_FONT('continuous');
#14465 = STYLED_ITEM('color',(#14466),#9444);
#14466 = PRESENTATION_STYLE_ASSIGNMENT((#14467,#14472));
#14467 = SURFACE_STYLE_USAGE(.BOTH.,#14468);
#14468 = SURFACE_SIDE_STYLE('',(#14469));
#14469 = SURFACE_STYLE_FILL_AREA(#14470);
#14470 = FILL_AREA_STYLE('',(#14471));
#14471 = FILL_AREA_STYLE_COLOUR('',#13976);
#14472 = CURVE_STYLE('',#14473,POSITIVE_LENGTH_MEASURE(0.1),#13976);
#14473 = DRAUGHTING_PRE_DEFINED_CURVE_FONT('continuous');
#14474 = STYLED_ITEM('color',(#14475),#9491);
#14475 = PRESENTATION_STYLE_ASSIGNMENT((#14476,#14481));
#14476 = SURFACE_STYLE_USAGE(.BOTH.,#14477);
#14477 = SURFACE_SIDE_STYLE('',(#14478));
#14478 = SURFACE_STYLE_FILL_AREA(#14479);
#14479 = FILL_AREA_STYLE('',(#14480));
#14480 = FILL_AREA_STYLE_COLOUR('',#13976);
#14481 = CURVE_STYLE('',#14482,POSITIVE_LENGTH_MEASURE(0.1),#13976);
#14482 = DRAUGHTING_PRE_DEFINED_CURVE_FONT('continuous');
#14483 = STYLED_ITEM('color',(#14484),#9508);
#14484 = PRESENTATION_STYLE_ASSIGNMENT((#14485,#14490));
#14485 = SURFACE_STYLE_USAGE(.BOTH.,#14486);
#14486 = SURFACE_SIDE_STYLE('',(#14487));
#14487 = SURFACE_STYLE_FILL_AREA(#14488);
#14488 = FILL_AREA_STYLE('',(#14489));
#14489 = FILL_AREA_STYLE_COLOUR('',#13976);
#14490 = CURVE_STYLE('',#14491,POSITIVE_LENGTH_MEASURE(0.1),#13976);
#14491 = DRAUGHTING_PRE_DEFINED_CURVE_FONT('continuous');
#14492 = STYLED_ITEM('color',(#14493),#9555);
#14493 = PRESENTATION_STYLE_ASSIGNMENT((#14494,#14499));
#14494 = SURFACE_STYLE_USAGE(.BOTH.,#14495);
#14495 = SURFACE_SIDE_STYLE('',(#14496));
#14496 = SURFACE_STYLE_FILL_AREA(#14497);
#14497 = FILL_AREA_STYLE('',(#14498));
#14498 = FILL_AREA_STYLE_COLOUR('',#13976);
#14499 = CURVE_STYLE('',#14500,POSITIVE_LENGTH_MEASURE(0.1),#13976);
#14500 = DRAUGHTING_PRE_DEFINED_CURVE_FONT('continuous');
#14501 = STYLED_ITEM('color',(#14502),#9572);
#14502 = PRESENTATION_STYLE_ASSIGNMENT((#14503,#14508));
#14503 = SURFACE_STYLE_USAGE(.BOTH.,#14504);
#14504 = SURFACE_SIDE_STYLE('',(#14505));
#14505 = SURFACE_STYLE_FILL_AREA(#14506);
#14506 = FILL_AREA_STYLE('',(#14507));
#14507 = FILL_AREA_STYLE_COLOUR('',#13976);
#14508 = CURVE_STYLE('',#14509,POSITIVE_LENGTH_MEASURE(0.1),#13976);
#14509 = DRAUGHTING_PRE_DEFINED_CURVE_FONT('continuous');
#14510 = STYLED_ITEM('color',(#14511),#9619);
#14511 = PRESENTATION_STYLE_ASSIGNMENT((#14512,#14517));
#14512 = SURFACE_STYLE_USAGE(.BOTH.,#14513);
#14513 = SURFACE_SIDE_STYLE('',(#14514));
#14514 = SURFACE_STYLE_FILL_AREA(#14515);
#14515 = FILL_AREA_STYLE('',(#14516));
#14516 = FILL_AREA_STYLE_COLOUR('',#13976);
#14517 = CURVE_STYLE('',#14518,POSITIVE_LENGTH_MEASURE(0.1),#13976);
#14518 = DRAUGHTING_PRE_DEFINED_CURVE_FONT('continuous');
#14519 = STYLED_ITEM('color',(#14520),#9636);
#14520 = PRESENTATION_STYLE_ASSIGNMENT((#14521,#14526));
#14521 = SURFACE_STYLE_USAGE(.BOTH.,#14522);
#14522 = SURFACE_SIDE_STYLE('',(#14523));
#14523 = SURFACE_STYLE_FILL_AREA(#14524);
#14524 = FILL_AREA_STYLE('',(#14525));
#14525 = FILL_AREA_STYLE_COLOUR('',#13976);
#14526 = CURVE_STYLE('',#14527,POSITIVE_LENGTH_MEASURE(0.1),#13976);
#14527 = DRAUGHTING_PRE_DEFINED_CURVE_FONT('continuous');
#14528 = STYLED_ITEM('color',(#14529),#9683);
#14529 = PRESENTATION_STYLE_ASSIGNMENT((#14530,#14535));
#14530 = SURFACE_STYLE_USAGE(.BOTH.,#14531);
#14531 = SURFACE_SIDE_STYLE('',(#14532));
#14532 = SURFACE_STYLE_FILL_AREA(#14533);
#14533 = FILL_AREA_STYLE('',(#14534));
#14534 = FILL_AREA_STYLE_COLOUR('',#13903);
#14535 = CURVE_STYLE('',#14536,POSITIVE_LENGTH_MEASURE(0.1),#13903);
#14536 = DRAUGHTING_PRE_DEFINED_CURVE_FONT('continuous');
#14537 = STYLED_ITEM('color',(#14538),#9714);
#14538 = PRESENTATION_STYLE_ASSIGNMENT((#14539,#14544));
#14539 = SURFACE_STYLE_USAGE(.BOTH.,#14540);
#14540 = SURFACE_SIDE_STYLE('',(#14541));
#14541 = SURFACE_STYLE_FILL_AREA(#14542);
#14542 = FILL_AREA_STYLE('',(#14543));
#14543 = FILL_AREA_STYLE_COLOUR('',#13903);
#14544 = CURVE_STYLE('',#14545,POSITIVE_LENGTH_MEASURE(0.1),#13903);
#14545 = DRAUGHTING_PRE_DEFINED_CURVE_FONT('continuous');
#14546 = OVER_RIDING_STYLED_ITEM('overriding color',(#14547),#9728,
  #14537);
#14547 = PRESENTATION_STYLE_ASSIGNMENT((#14548,#14553));
#14548 = SURFACE_STYLE_USAGE(.BOTH.,#14549);
#14549 = SURFACE_SIDE_STYLE('',(#14550));
#14550 = SURFACE_STYLE_FILL_AREA(#14551);
#14551 = FILL_AREA_STYLE('',(#14552));
#14552 = FILL_AREA_STYLE_COLOUR('',#13976);
#14553 = CURVE_STYLE('',#14554,POSITIVE_LENGTH_MEASURE(0.1),#13976);
#14554 = DRAUGHTING_PRE_DEFINED_CURVE_FONT('continuous');
#14555 = OVER_RIDING_STYLED_ITEM('overriding color',(#14556),#9744,
  #14537);
#14556 = PRESENTATION_STYLE_ASSIGNMENT((#14557,#14562));
#14557 = SURFACE_STYLE_USAGE(.BOTH.,#14558);
#14558 = SURFACE_SIDE_STYLE('',(#14559));
#14559 = SURFACE_STYLE_FILL_AREA(#14560);
#14560 = FILL_AREA_STYLE('',(#14561));
#14561 = FILL_AREA_STYLE_COLOUR('',#13976);
#14562 = CURVE_STYLE('',#14563,POSITIVE_LENGTH_MEASURE(0.1),#13976);
#14563 = DRAUGHTING_PRE_DEFINED_CURVE_FONT('continuous');
#14564 = STYLED_ITEM('color',(#14565),#9770);
#14565 = PRESENTATION_STYLE_ASSIGNMENT((#14566,#14571));
#14566 = SURFACE_STYLE_USAGE(.BOTH.,#14567);
#14567 = SURFACE_SIDE_STYLE('',(#14568));
#14568 = SURFACE_STYLE_FILL_AREA(#14569);
#14569 = FILL_AREA_STYLE('',(#14570));
#14570 = FILL_AREA_STYLE_COLOUR('',#13903);
#14571 = CURVE_STYLE('',#14572,POSITIVE_LENGTH_MEASURE(0.1),#13903);
#14572 = DRAUGHTING_PRE_DEFINED_CURVE_FONT('continuous');
#14573 = STYLED_ITEM('color',(#14574),#9794);
#14574 = PRESENTATION_STYLE_ASSIGNMENT((#14575,#14580));
#14575 = SURFACE_STYLE_USAGE(.BOTH.,#14576);
#14576 = SURFACE_SIDE_STYLE('',(#14577));
#14577 = SURFACE_STYLE_FILL_AREA(#14578);
#14578 = FILL_AREA_STYLE('',(#14579));
#14579 = FILL_AREA_STYLE_COLOUR('',#13903);
#14580 = CURVE_STYLE('',#14581,POSITIVE_LENGTH_MEASURE(0.1),#13903);
#14581 = DRAUGHTING_PRE_DEFINED_CURVE_FONT('continuous');
#14582 = OVER_RIDING_STYLED_ITEM('overriding color',(#14583),#9808,
  #14573);
#14583 = PRESENTATION_STYLE_ASSIGNMENT((#14584,#14589));
#14584 = SURFACE_STYLE_USAGE(.BOTH.,#14585);
#14585 = SURFACE_SIDE_STYLE('',(#14586));
#14586 = SURFACE_STYLE_FILL_AREA(#14587);
#14587 = FILL_AREA_STYLE('',(#14588));
#14588 = FILL_AREA_STYLE_COLOUR('',#13976);
#14589 = CURVE_STYLE('',#14590,POSITIVE_LENGTH_MEASURE(0.1),#13976);
#14590 = DRAUGHTING_PRE_DEFINED_CURVE_FONT('continuous');
#14591 = OVER_RIDING_STYLED_ITEM('overriding color',(#14592),#9824,
  #14573);
#14592 = PRESENTATION_STYLE_ASSIGNMENT((#14593,#14598));
#14593 = SURFACE_STYLE_USAGE(.BOTH.,#14594);
#14594 = SURFACE_SIDE_STYLE('',(#14595));
#14595 = SURFACE_STYLE_FILL_AREA(#14596);
#14596 = FILL_AREA_STYLE('',(#14597));
#14597 = FILL_AREA_STYLE_COLOUR('',#13976);
#14598 = CURVE_STYLE('',#14599,POSITIVE_LENGTH_MEASURE(0.1),#13976);
#14599 = DRAUGHTING_PRE_DEFINED_CURVE_FONT('continuous');
#14600 = STYLED_ITEM('color',(#14601),#9843);
#14601 = PRESENTATION_STYLE_ASSIGNMENT((#14602,#14607));
#14602 = SURFACE_STYLE_USAGE(.BOTH.,#14603);
#14603 = SURFACE_SIDE_STYLE('',(#14604));
#14604 = SURFACE_STYLE_FILL_AREA(#14605);
#14605 = FILL_AREA_STYLE('',(#14606));
#14606 = FILL_AREA_STYLE_COLOUR('',#13903);
#14607 = CURVE_STYLE('',#14608,POSITIVE_LENGTH_MEASURE(0.1),#13903);
#14608 = DRAUGHTING_PRE_DEFINED_CURVE_FONT('continuous');
#14609 = STYLED_ITEM('color',(#14610),#9874);
#14610 = PRESENTATION_STYLE_ASSIGNMENT((#14611,#14616));
#14611 = SURFACE_STYLE_USAGE(.BOTH.,#14612);
#14612 = SURFACE_SIDE_STYLE('',(#14613));
#14613 = SURFACE_STYLE_FILL_AREA(#14614);
#14614 = FILL_AREA_STYLE('',(#14615));
#14615 = FILL_AREA_STYLE_COLOUR('',#13903);
#14616 = CURVE_STYLE('',#14617,POSITIVE_LENGTH_MEASURE(0.1),#13903);
#14617 = DRAUGHTING_PRE_DEFINED_CURVE_FONT('continuous');
#14618 = OVER_RIDING_STYLED_ITEM('overriding color',(#14619),#9888,
  #14609);
#14619 = PRESENTATION_STYLE_ASSIGNMENT((#14620,#14625));
#14620 = SURFACE_STYLE_USAGE(.BOTH.,#14621);
#14621 = SURFACE_SIDE_STYLE('',(#14622));
#14622 = SURFACE_STYLE_FILL_AREA(#14623);
#14623 = FILL_AREA_STYLE('',(#14624));
#14624 = FILL_AREA_STYLE_COLOUR('',#13976);
#14625 = CURVE_STYLE('',#14626,POSITIVE_LENGTH_MEASURE(0.1),#13976);
#14626 = DRAUGHTING_PRE_DEFINED_CURVE_FONT('continuous');
#14627 = OVER_RIDING_STYLED_ITEM('overriding color',(#14628),#9904,
  #14609);
#14628 = PRESENTATION_STYLE_ASSIGNMENT((#14629,#14634));
#14629 = SURFACE_STYLE_USAGE(.BOTH.,#14630);
#14630 = SURFACE_SIDE_STYLE('',(#14631));
#14631 = SURFACE_STYLE_FILL_AREA(#14632);
#14632 = FILL_AREA_STYLE('',(#14633));
#14633 = FILL_AREA_STYLE_COLOUR('',#13976);
#14634 = CURVE_STYLE('',#14635,POSITIVE_LENGTH_MEASURE(0.1),#13976);
#14635 = DRAUGHTING_PRE_DEFINED_CURVE_FONT('continuous');
#14636 = STYLED_ITEM('color',(#14637),#9930);
#14637 = PRESENTATION_STYLE_ASSIGNMENT((#14638,#14643));
#14638 = SURFACE_STYLE_USAGE(.BOTH.,#14639);
#14639 = SURFACE_SIDE_STYLE('',(#14640));
#14640 = SURFACE_STYLE_FILL_AREA(#14641);
#14641 = FILL_AREA_STYLE('',(#14642));
#14642 = FILL_AREA_STYLE_COLOUR('',#13903);
#14643 = CURVE_STYLE('',#14644,POSITIVE_LENGTH_MEASURE(0.1),#13903);
#14644 = DRAUGHTING_PRE_DEFINED_CURVE_FONT('continuous');
#14645 = STYLED_ITEM('color',(#14646),#9954);
#14646 = PRESENTATION_STYLE_ASSIGNMENT((#14647,#14652));
#14647 = SURFACE_STYLE_USAGE(.BOTH.,#14648);
#14648 = SURFACE_SIDE_STYLE('',(#14649));
#14649 = SURFACE_STYLE_FILL_AREA(#14650);
#14650 = FILL_AREA_STYLE('',(#14651));
#14651 = FILL_AREA_STYLE_COLOUR('',#13903);
#14652 = CURVE_STYLE('',#14653,POSITIVE_LENGTH_MEASURE(0.1),#13903);
#14653 = DRAUGHTING_PRE_DEFINED_CURVE_FONT('continuous');
#14654 = OVER_RIDING_STYLED_ITEM('overriding color',(#14655),#9968,
  #14645);
#14655 = PRESENTATION_STYLE_ASSIGNMENT((#14656,#14661));
#14656 = SURFACE_STYLE_USAGE(.BOTH.,#14657);
#14657 = SURFACE_SIDE_STYLE('',(#14658));
#14658 = SURFACE_STYLE_FILL_AREA(#14659);
#14659 = FILL_AREA_STYLE('',(#14660));
#14660 = FILL_AREA_STYLE_COLOUR('',#13976);
#14661 = CURVE_STYLE('',#14662,POSITIVE_LENGTH_MEASURE(0.1),#13976);
#14662 = DRAUGHTING_PRE_DEFINED_CURVE_FONT('continuous');
#14663 = OVER_RIDING_STYLED_ITEM('overriding color',(#14664),#9984,
  #14645);
#14664 = PRESENTATION_STYLE_ASSIGNMENT((#14665,#14670));
#14665 = SURFACE_STYLE_USAGE(.BOTH.,#14666);
#14666 = SURFACE_SIDE_STYLE('',(#14667));
#14667 = SURFACE_STYLE_FILL_AREA(#14668);
#14668 = FILL_AREA_STYLE('',(#14669));
#14669 = FILL_AREA_STYLE_COLOUR('',#13976);
#14670 = CURVE_STYLE('',#14671,POSITIVE_LENGTH_MEASURE(0.1),#13976);
#14671 = DRAUGHTING_PRE_DEFINED_CURVE_FONT('continuous');
#14672 = STYLED_ITEM('color',(#14673),#10003);
#14673 = PRESENTATION_STYLE_ASSIGNMENT((#14674,#14679));
#14674 = SURFACE_STYLE_USAGE(.BOTH.,#14675);
#14675 = SURFACE_SIDE_STYLE('',(#14676));
#14676 = SURFACE_STYLE_FILL_AREA(#14677);
#14677 = FILL_AREA_STYLE('',(#14678));
#14678 = FILL_AREA_STYLE_COLOUR('',#13903);
#14679 = CURVE_STYLE('',#14680,POSITIVE_LENGTH_MEASURE(0.1),#13903);
#14680 = DRAUGHTING_PRE_DEFINED_CURVE_FONT('continuous');
#14681 = STYLED_ITEM('color',(#14682),#10034);
#14682 = PRESENTATION_STYLE_ASSIGNMENT((#14683,#14688));
#14683 = SURFACE_STYLE_USAGE(.BOTH.,#14684);
#14684 = SURFACE_SIDE_STYLE('',(#14685));
#14685 = SURFACE_STYLE_FILL_AREA(#14686);
#14686 = FILL_AREA_STYLE('',(#14687));
#14687 = FILL_AREA_STYLE_COLOUR('',#13903);
#14688 = CURVE_STYLE('',#14689,POSITIVE_LENGTH_MEASURE(0.1),#13903);
#14689 = DRAUGHTING_PRE_DEFINED_CURVE_FONT('continuous');
#14690 = OVER_RIDING_STYLED_ITEM('overriding color',(#14691),#10048,
  #14681);
#14691 = PRESENTATION_STYLE_ASSIGNMENT((#14692,#14697));
#14692 = SURFACE_STYLE_USAGE(.BOTH.,#14693);
#14693 = SURFACE_SIDE_STYLE('',(#14694));
#14694 = SURFACE_STYLE_FILL_AREA(#14695);
#14695 = FILL_AREA_STYLE('',(#14696));
#14696 = FILL_AREA_STYLE_COLOUR('',#13976);
#14697 = CURVE_STYLE('',#14698,POSITIVE_LENGTH_MEASURE(0.1),#13976);
#14698 = DRAUGHTING_PRE_DEFINED_CURVE_FONT('continuous');
#14699 = OVER_RIDING_STYLED_ITEM('overriding color',(#14700),#10064,
  #14681);
#14700 = PRESENTATION_STYLE_ASSIGNMENT((#14701,#14706));
#14701 = SURFACE_STYLE_USAGE(.BOTH.,#14702);
#14702 = SURFACE_SIDE_STYLE('',(#14703));
#14703 = SURFACE_STYLE_FILL_AREA(#14704);
#14704 = FILL_AREA_STYLE('',(#14705));
#14705 = FILL_AREA_STYLE_COLOUR('',#13976);
#14706 = CURVE_STYLE('',#14707,POSITIVE_LENGTH_MEASURE(0.1),#13976);
#14707 = DRAUGHTING_PRE_DEFINED_CURVE_FONT('continuous');
#14708 = STYLED_ITEM('color',(#14709),#10090);
#14709 = PRESENTATION_STYLE_ASSIGNMENT((#14710,#14715));
#14710 = SURFACE_STYLE_USAGE(.BOTH.,#14711);
#14711 = SURFACE_SIDE_STYLE('',(#14712));
#14712 = SURFACE_STYLE_FILL_AREA(#14713);
#14713 = FILL_AREA_STYLE('',(#14714));
#14714 = FILL_AREA_STYLE_COLOUR('',#13903);
#14715 = CURVE_STYLE('',#14716,POSITIVE_LENGTH_MEASURE(0.1),#13903);
#14716 = DRAUGHTING_PRE_DEFINED_CURVE_FONT('continuous');
#14717 = STYLED_ITEM('color',(#14718),#10114);
#14718 = PRESENTATION_STYLE_ASSIGNMENT((#14719,#14724));
#14719 = SURFACE_STYLE_USAGE(.BOTH.,#14720);
#14720 = SURFACE_SIDE_STYLE('',(#14721));
#14721 = SURFACE_STYLE_FILL_AREA(#14722);
#14722 = FILL_AREA_STYLE('',(#14723));
#14723 = FILL_AREA_STYLE_COLOUR('',#13903);
#14724 = CURVE_STYLE('',#14725,POSITIVE_LENGTH_MEASURE(0.1),#13903);
#14725 = DRAUGHTING_PRE_DEFINED_CURVE_FONT('continuous');
#14726 = OVER_RIDING_STYLED_ITEM('overriding color',(#14727),#10128,
  #14717);
#14727 = PRESENTATION_STYLE_ASSIGNMENT((#14728,#14733));
#14728 = SURFACE_STYLE_USAGE(.BOTH.,#14729);
#14729 = SURFACE_SIDE_STYLE('',(#14730));
#14730 = SURFACE_STYLE_FILL_AREA(#14731);
#14731 = FILL_AREA_STYLE('',(#14732));
#14732 = FILL_AREA_STYLE_COLOUR('',#13976);
#14733 = CURVE_STYLE('',#14734,POSITIVE_LENGTH_MEASURE(0.1),#13976);
#14734 = DRAUGHTING_PRE_DEFINED_CURVE_FONT('continuous');
#14735 = OVER_RIDING_STYLED_ITEM('overriding color',(#14736),#10144,
  #14717);
#14736 = PRESENTATION_STYLE_ASSIGNMENT((#14737,#14742));
#14737 = SURFACE_STYLE_USAGE(.BOTH.,#14738);
#14738 = SURFACE_SIDE_STYLE('',(#14739));
#14739 = SURFACE_STYLE_FILL_AREA(#14740);
#14740 = FILL_AREA_STYLE('',(#14741));
#14741 = FILL_AREA_STYLE_COLOUR('',#13976);
#14742 = CURVE_STYLE('',#14743,POSITIVE_LENGTH_MEASURE(0.1),#13976);
#14743 = DRAUGHTING_PRE_DEFINED_CURVE_FONT('continuous');
#14744 = STYLED_ITEM('color',(#14745),#10163);
#14745 = PRESENTATION_STYLE_ASSIGNMENT((#14746,#14751));
#14746 = SURFACE_STYLE_USAGE(.BOTH.,#14747);
#14747 = SURFACE_SIDE_STYLE('',(#14748));
#14748 = SURFACE_STYLE_FILL_AREA(#14749);
#14749 = FILL_AREA_STYLE('',(#14750));
#14750 = FILL_AREA_STYLE_COLOUR('',#13903);
#14751 = CURVE_STYLE('',#14752,POSITIVE_LENGTH_MEASURE(0.1),#13903);
#14752 = DRAUGHTING_PRE_DEFINED_CURVE_FONT('continuous');
#14753 = STYLED_ITEM('color',(#14754),#10194);
#14754 = PRESENTATION_STYLE_ASSIGNMENT((#14755,#14760));
#14755 = SURFACE_STYLE_USAGE(.BOTH.,#14756);
#14756 = SURFACE_SIDE_STYLE('',(#14757));
#14757 = SURFACE_STYLE_FILL_AREA(#14758);
#14758 = FILL_AREA_STYLE('',(#14759));
#14759 = FILL_AREA_STYLE_COLOUR('',#13903);
#14760 = CURVE_STYLE('',#14761,POSITIVE_LENGTH_MEASURE(0.1),#13903);
#14761 = DRAUGHTING_PRE_DEFINED_CURVE_FONT('continuous');
#14762 = OVER_RIDING_STYLED_ITEM('overriding color',(#14763),#10208,
  #14753);
#14763 = PRESENTATION_STYLE_ASSIGNMENT((#14764,#14769));
#14764 = SURFACE_STYLE_USAGE(.BOTH.,#14765);
#14765 = SURFACE_SIDE_STYLE('',(#14766));
#14766 = SURFACE_STYLE_FILL_AREA(#14767);
#14767 = FILL_AREA_STYLE('',(#14768));
#14768 = FILL_AREA_STYLE_COLOUR('',#13976);
#14769 = CURVE_STYLE('',#14770,POSITIVE_LENGTH_MEASURE(0.1),#13976);
#14770 = DRAUGHTING_PRE_DEFINED_CURVE_FONT('continuous');
#14771 = OVER_RIDING_STYLED_ITEM('overriding color',(#14772),#10224,
  #14753);
#14772 = PRESENTATION_STYLE_ASSIGNMENT((#14773,#14778));
#14773 = SURFACE_STYLE_USAGE(.BOTH.,#14774);
#14774 = SURFACE_SIDE_STYLE('',(#14775));
#14775 = SURFACE_STYLE_FILL_AREA(#14776);
#14776 = FILL_AREA_STYLE('',(#14777));
#14777 = FILL_AREA_STYLE_COLOUR('',#13976);
#14778 = CURVE_STYLE('',#14779,POSITIVE_LENGTH_MEASURE(0.1),#13976);
#14779 = DRAUGHTING_PRE_DEFINED_CURVE_FONT('continuous');
#14780 = STYLED_ITEM('color',(#14781),#10250);
#14781 = PRESENTATION_STYLE_ASSIGNMENT((#14782,#14787));
#14782 = SURFACE_STYLE_USAGE(.BOTH.,#14783);
#14783 = SURFACE_SIDE_STYLE('',(#14784));
#14784 = SURFACE_STYLE_FILL_AREA(#14785);
#14785 = FILL_AREA_STYLE('',(#14786));
#14786 = FILL_AREA_STYLE_COLOUR('',#13903);
#14787 = CURVE_STYLE('',#14788,POSITIVE_LENGTH_MEASURE(0.1),#13903);
#14788 = DRAUGHTING_PRE_DEFINED_CURVE_FONT('continuous');
#14789 = STYLED_ITEM('color',(#14790),#10274);
#14790 = PRESENTATION_STYLE_ASSIGNMENT((#14791,#14796));
#14791 = SURFACE_STYLE_USAGE(.BOTH.,#14792);
#14792 = SURFACE_SIDE_STYLE('',(#14793));
#14793 = SURFACE_STYLE_FILL_AREA(#14794);
#14794 = FILL_AREA_STYLE('',(#14795));
#14795 = FILL_AREA_STYLE_COLOUR('',#13903);
#14796 = CURVE_STYLE('',#14797,POSITIVE_LENGTH_MEASURE(0.1),#13903);
#14797 = DRAUGHTING_PRE_DEFINED_CURVE_FONT('continuous');
#14798 = OVER_RIDING_STYLED_ITEM('overriding color',(#14799),#10288,
  #14789);
#14799 = PRESENTATION_STYLE_ASSIGNMENT((#14800,#14805));
#14800 = SURFACE_STYLE_USAGE(.BOTH.,#14801);
#14801 = SURFACE_SIDE_STYLE('',(#14802));
#14802 = SURFACE_STYLE_FILL_AREA(#14803);
#14803 = FILL_AREA_STYLE('',(#14804));
#14804 = FILL_AREA_STYLE_COLOUR('',#13976);
#14805 = CURVE_STYLE('',#14806,POSITIVE_LENGTH_MEASURE(0.1),#13976);
#14806 = DRAUGHTING_PRE_DEFINED_CURVE_FONT('continuous');
#14807 = OVER_RIDING_STYLED_ITEM('overriding color',(#14808),#10304,
  #14789);
#14808 = PRESENTATION_STYLE_ASSIGNMENT((#14809,#14814));
#14809 = SURFACE_STYLE_USAGE(.BOTH.,#14810);
#14810 = SURFACE_SIDE_STYLE('',(#14811));
#14811 = SURFACE_STYLE_FILL_AREA(#14812);
#14812 = FILL_AREA_STYLE('',(#14813));
#14813 = FILL_AREA_STYLE_COLOUR('',#13976);
#14814 = CURVE_STYLE('',#14815,POSITIVE_LENGTH_MEASURE(0.1),#13976);
#14815 = DRAUGHTING_PRE_DEFINED_CURVE_FONT('continuous');
#14816 = STYLED_ITEM('color',(#14817),#10323);
#14817 = PRESENTATION_STYLE_ASSIGNMENT((#14818,#14823));
#14818 = SURFACE_STYLE_USAGE(.BOTH.,#14819);
#14819 = SURFACE_SIDE_STYLE('',(#14820));
#14820 = SURFACE_STYLE_FILL_AREA(#14821);
#14821 = FILL_AREA_STYLE('',(#14822));
#14822 = FILL_AREA_STYLE_COLOUR('',#13903);
#14823 = CURVE_STYLE('',#14824,POSITIVE_LENGTH_MEASURE(0.1),#13903);
#14824 = DRAUGHTING_PRE_DEFINED_CURVE_FONT('continuous');
#14825 = STYLED_ITEM('color',(#14826),#10354);
#14826 = PRESENTATION_STYLE_ASSIGNMENT((#14827,#14832));
#14827 = SURFACE_STYLE_USAGE(.BOTH.,#14828);
#14828 = SURFACE_SIDE_STYLE('',(#14829));
#14829 = SURFACE_STYLE_FILL_AREA(#14830);
#14830 = FILL_AREA_STYLE('',(#14831));
#14831 = FILL_AREA_STYLE_COLOUR('',#13903);
#14832 = CURVE_STYLE('',#14833,POSITIVE_LENGTH_MEASURE(0.1),#13903);
#14833 = DRAUGHTING_PRE_DEFINED_CURVE_FONT('continuous');
#14834 = OVER_RIDING_STYLED_ITEM('overriding color',(#14835),#10368,
  #14825);
#14835 = PRESENTATION_STYLE_ASSIGNMENT((#14836,#14841));
#14836 = SURFACE_STYLE_USAGE(.BOTH.,#14837);
#14837 = SURFACE_SIDE_STYLE('',(#14838));
#14838 = SURFACE_STYLE_FILL_AREA(#14839);
#14839 = FILL_AREA_STYLE('',(#14840));
#14840 = FILL_AREA_STYLE_COLOUR('',#13976);
#14841 = CURVE_STYLE('',#14842,POSITIVE_LENGTH_MEASURE(0.1),#13976);
#14842 = DRAUGHTING_PRE_DEFINED_CURVE_FONT('continuous');
#14843 = OVER_RIDING_STYLED_ITEM('overriding color',(#14844),#10384,
  #14825);
#14844 = PRESENTATION_STYLE_ASSIGNMENT((#14845,#14850));
#14845 = SURFACE_STYLE_USAGE(.BOTH.,#14846);
#14846 = SURFACE_SIDE_STYLE('',(#14847));
#14847 = SURFACE_STYLE_FILL_AREA(#14848);
#14848 = FILL_AREA_STYLE('',(#14849));
#14849 = FILL_AREA_STYLE_COLOUR('',#13976);
#14850 = CURVE_STYLE('',#14851,POSITIVE_LENGTH_MEASURE(0.1),#13976);
#14851 = DRAUGHTING_PRE_DEFINED_CURVE_FONT('continuous');
#14852 = STYLED_ITEM('color',(#14853),#10410);
#14853 = PRESENTATION_STYLE_ASSIGNMENT((#14854,#14859));
#14854 = SURFACE_STYLE_USAGE(.BOTH.,#14855);
#14855 = SURFACE_SIDE_STYLE('',(#14856));
#14856 = SURFACE_STYLE_FILL_AREA(#14857);
#14857 = FILL_AREA_STYLE('',(#14858));
#14858 = FILL_AREA_STYLE_COLOUR('',#13903);
#14859 = CURVE_STYLE('',#14860,POSITIVE_LENGTH_MEASURE(0.1),#13903);
#14860 = DRAUGHTING_PRE_DEFINED_CURVE_FONT('continuous');
#14861 = STYLED_ITEM('color',(#14862),#10434);
#14862 = PRESENTATION_STYLE_ASSIGNMENT((#14863,#14868));
#14863 = SURFACE_STYLE_USAGE(.BOTH.,#14864);
#14864 = SURFACE_SIDE_STYLE('',(#14865));
#14865 = SURFACE_STYLE_FILL_AREA(#14866);
#14866 = FILL_AREA_STYLE('',(#14867));
#14867 = FILL_AREA_STYLE_COLOUR('',#13903);
#14868 = CURVE_STYLE('',#14869,POSITIVE_LENGTH_MEASURE(0.1),#13903);
#14869 = DRAUGHTING_PRE_DEFINED_CURVE_FONT('continuous');
#14870 = OVER_RIDING_STYLED_ITEM('overriding color',(#14871),#10448,
  #14861);
#14871 = PRESENTATION_STYLE_ASSIGNMENT((#14872,#14877));
#14872 = SURFACE_STYLE_USAGE(.BOTH.,#14873);
#14873 = SURFACE_SIDE_STYLE('',(#14874));
#14874 = SURFACE_STYLE_FILL_AREA(#14875);
#14875 = FILL_AREA_STYLE('',(#14876));
#14876 = FILL_AREA_STYLE_COLOUR('',#13976);
#14877 = CURVE_STYLE('',#14878,POSITIVE_LENGTH_MEASURE(0.1),#13976);
#14878 = DRAUGHTING_PRE_DEFINED_CURVE_FONT('continuous');
#14879 = OVER_RIDING_STYLED_ITEM('overriding color',(#14880),#10464,
  #14861);
#14880 = PRESENTATION_STYLE_ASSIGNMENT((#14881,#14886));
#14881 = SURFACE_STYLE_USAGE(.BOTH.,#14882);
#14882 = SURFACE_SIDE_STYLE('',(#14883));
#14883 = SURFACE_STYLE_FILL_AREA(#14884);
#14884 = FILL_AREA_STYLE('',(#14885));
#14885 = FILL_AREA_STYLE_COLOUR('',#13976);
#14886 = CURVE_STYLE('',#14887,POSITIVE_LENGTH_MEASURE(0.1),#13976);
#14887 = DRAUGHTING_PRE_DEFINED_CURVE_FONT('continuous');
#14888 = STYLED_ITEM('color',(#14889),#10483);
#14889 = PRESENTATION_STYLE_ASSIGNMENT((#14890,#14895));
#14890 = SURFACE_STYLE_USAGE(.BOTH.,#14891);
#14891 = SURFACE_SIDE_STYLE('',(#14892));
#14892 = SURFACE_STYLE_FILL_AREA(#14893);
#14893 = FILL_AREA_STYLE('',(#14894));
#14894 = FILL_AREA_STYLE_COLOUR('',#13903);
#14895 = CURVE_STYLE('',#14896,POSITIVE_LENGTH_MEASURE(0.1),#13903);
#14896 = DRAUGHTING_PRE_DEFINED_CURVE_FONT('continuous');
#14897 = STYLED_ITEM('color',(#14898),#10514);
#14898 = PRESENTATION_STYLE_ASSIGNMENT((#14899,#14904));
#14899 = SURFACE_STYLE_USAGE(.BOTH.,#14900);
#14900 = SURFACE_SIDE_STYLE('',(#14901));
#14901 = SURFACE_STYLE_FILL_AREA(#14902);
#14902 = FILL_AREA_STYLE('',(#14903));
#14903 = FILL_AREA_STYLE_COLOUR('',#13903);
#14904 = CURVE_STYLE('',#14905,POSITIVE_LENGTH_MEASURE(0.1),#13903);
#14905 = DRAUGHTING_PRE_DEFINED_CURVE_FONT('continuous');
#14906 = OVER_RIDING_STYLED_ITEM('overriding color',(#14907),#10528,
  #14897);
#14907 = PRESENTATION_STYLE_ASSIGNMENT((#14908,#14913));
#14908 = SURFACE_STYLE_USAGE(.BOTH.,#14909);
#14909 = SURFACE_SIDE_STYLE('',(#14910));
#14910 = SURFACE_STYLE_FILL_AREA(#14911);
#14911 = FILL_AREA_STYLE('',(#14912));
#14912 = FILL_AREA_STYLE_COLOUR('',#13976);
#14913 = CURVE_STYLE('',#14914,POSITIVE_LENGTH_MEASURE(0.1),#13976);
#14914 = DRAUGHTING_PRE_DEFINED_CURVE_FONT('continuous');
#14915 = OVER_RIDING_STYLED_ITEM('overriding color',(#14916),#10544,
  #14897);
#14916 = PRESENTATION_STYLE_ASSIGNMENT((#14917,#14922));
#14917 = SURFACE_STYLE_USAGE(.BOTH.,#14918);
#14918 = SURFACE_SIDE_STYLE('',(#14919));
#14919 = SURFACE_STYLE_FILL_AREA(#14920);
#14920 = FILL_AREA_STYLE('',(#14921));
#14921 = FILL_AREA_STYLE_COLOUR('',#13976);
#14922 = CURVE_STYLE('',#14923,POSITIVE_LENGTH_MEASURE(0.1),#13976);
#14923 = DRAUGHTING_PRE_DEFINED_CURVE_FONT('continuous');
#14924 = STYLED_ITEM('color',(#14925),#10570);
#14925 = PRESENTATION_STYLE_ASSIGNMENT((#14926,#14931));
#14926 = SURFACE_STYLE_USAGE(.BOTH.,#14927);
#14927 = SURFACE_SIDE_STYLE('',(#14928));
#14928 = SURFACE_STYLE_FILL_AREA(#14929);
#14929 = FILL_AREA_STYLE('',(#14930));
#14930 = FILL_AREA_STYLE_COLOUR('',#13903);
#14931 = CURVE_STYLE('',#14932,POSITIVE_LENGTH_MEASURE(0.1),#13903);
#14932 = DRAUGHTING_PRE_DEFINED_CURVE_FONT('continuous');
#14933 = STYLED_ITEM('color',(#14934),#10594);
#14934 = PRESENTATION_STYLE_ASSIGNMENT((#14935,#14940));
#14935 = SURFACE_STYLE_USAGE(.BOTH.,#14936);
#14936 = SURFACE_SIDE_STYLE('',(#14937));
#14937 = SURFACE_STYLE_FILL_AREA(#14938);
#14938 = FILL_AREA_STYLE('',(#14939));
#14939 = FILL_AREA_STYLE_COLOUR('',#13903);
#14940 = CURVE_STYLE('',#14941,POSITIVE_LENGTH_MEASURE(0.1),#13903);
#14941 = DRAUGHTING_PRE_DEFINED_CURVE_FONT('continuous');
#14942 = OVER_RIDING_STYLED_ITEM('overriding color',(#14943),#10608,
  #14933);
#14943 = PRESENTATION_STYLE_ASSIGNMENT((#14944,#14949));
#14944 = SURFACE_STYLE_USAGE(.BOTH.,#14945);
#14945 = SURFACE_SIDE_STYLE('',(#14946));
#14946 = SURFACE_STYLE_FILL_AREA(#14947);
#14947 = FILL_AREA_STYLE('',(#14948));
#14948 = FILL_AREA_STYLE_COLOUR('',#13976);
#14949 = CURVE_STYLE('',#14950,POSITIVE_LENGTH_MEASURE(0.1),#13976);
#14950 = DRAUGHTING_PRE_DEFINED_CURVE_FONT('continuous');
#14951 = OVER_RIDING_STYLED_ITEM('overriding color',(#14952),#10624,
  #14933);
#14952 = PRESENTATION_STYLE_ASSIGNMENT((#14953,#14958));
#14953 = SURFACE_STYLE_USAGE(.BOTH.,#14954);
#14954 = SURFACE_SIDE_STYLE('',(#14955));
#14955 = SURFACE_STYLE_FILL_AREA(#14956);
#14956 = FILL_AREA_STYLE('',(#14957));
#14957 = FILL_AREA_STYLE_COLOUR('',#13976);
#14958 = CURVE_STYLE('',#14959,POSITIVE_LENGTH_MEASURE(0.1),#13976);
#14959 = DRAUGHTING_PRE_DEFINED_CURVE_FONT('continuous');
#14960 = STYLED_ITEM('color',(#14961),#10643);
#14961 = PRESENTATION_STYLE_ASSIGNMENT((#14962,#14967));
#14962 = SURFACE_STYLE_USAGE(.BOTH.,#14963);
#14963 = SURFACE_SIDE_STYLE('',(#14964));
#14964 = SURFACE_STYLE_FILL_AREA(#14965);
#14965 = FILL_AREA_STYLE('',(#14966));
#14966 = FILL_AREA_STYLE_COLOUR('',#13976);
#14967 = CURVE_STYLE('',#14968,POSITIVE_LENGTH_MEASURE(0.1),#13976);
#14968 = DRAUGHTING_PRE_DEFINED_CURVE_FONT('continuous');
#14969 = STYLED_ITEM('color',(#14970),#10660);
#14970 = PRESENTATION_STYLE_ASSIGNMENT((#14971,#14976));
#14971 = SURFACE_STYLE_USAGE(.BOTH.,#14972);
#14972 = SURFACE_SIDE_STYLE('',(#14973));
#14973 = SURFACE_STYLE_FILL_AREA(#14974);
#14974 = FILL_AREA_STYLE('',(#14975));
#14975 = FILL_AREA_STYLE_COLOUR('',#13976);
#14976 = CURVE_STYLE('',#14977,POSITIVE_LENGTH_MEASURE(0.1),#13976);
#14977 = DRAUGHTING_PRE_DEFINED_CURVE_FONT('continuous');
#14978 = STYLED_ITEM('color',(#14979),#10677);
#14979 = PRESENTATION_STYLE_ASSIGNMENT((#14980,#14985));
#14980 = SURFACE_STYLE_USAGE(.BOTH.,#14981);
#14981 = SURFACE_SIDE_STYLE('',(#14982));
#14982 = SURFACE_STYLE_FILL_AREA(#14983);
#14983 = FILL_AREA_STYLE('',(#14984));
#14984 = FILL_AREA_STYLE_COLOUR('',#13976);
#14985 = CURVE_STYLE('',#14986,POSITIVE_LENGTH_MEASURE(0.1),#13976);
#14986 = DRAUGHTING_PRE_DEFINED_CURVE_FONT('continuous');
#14987 = STYLED_ITEM('color',(#14988),#10694);
#14988 = PRESENTATION_STYLE_ASSIGNMENT((#14989,#14994));
#14989 = SURFACE_STYLE_USAGE(.BOTH.,#14990);
#14990 = SURFACE_SIDE_STYLE('',(#14991));
#14991 = SURFACE_STYLE_FILL_AREA(#14992);
#14992 = FILL_AREA_STYLE('',(#14993));
#14993 = FILL_AREA_STYLE_COLOUR('',#13976);
#14994 = CURVE_STYLE('',#14995,POSITIVE_LENGTH_MEASURE(0.1),#13976);
#14995 = DRAUGHTING_PRE_DEFINED_CURVE_FONT('continuous');
#14996 = STYLED_ITEM('color',(#14997),#10711);
#14997 = PRESENTATION_STYLE_ASSIGNMENT((#14998,#15003));
#14998 = SURFACE_STYLE_USAGE(.BOTH.,#14999);
#14999 = SURFACE_SIDE_STYLE('',(#15000));
#15000 = SURFACE_STYLE_FILL_AREA(#15001);
#15001 = FILL_AREA_STYLE('',(#15002));
#15002 = FILL_AREA_STYLE_COLOUR('',#13976);
#15003 = CURVE_STYLE('',#15004,POSITIVE_LENGTH_MEASURE(0.1),#13976);
#15004 = DRAUGHTING_PRE_DEFINED_CURVE_FONT('continuous');
#15005 = STYLED_ITEM('color',(#15006),#10723);
#15006 = PRESENTATION_STYLE_ASSIGNMENT((#15007,#15012));
#15007 = SURFACE_STYLE_USAGE(.BOTH.,#15008);
#15008 = SURFACE_SIDE_STYLE('',(#15009));
#15009 = SURFACE_STYLE_FILL_AREA(#15010);
#15010 = FILL_AREA_STYLE('',(#15011));
#15011 = FILL_AREA_STYLE_COLOUR('',#13976);
#15012 = CURVE_STYLE('',#15013,POSITIVE_LENGTH_MEASURE(0.1),#13976);
#15013 = DRAUGHTING_PRE_DEFINED_CURVE_FONT('continuous');
#15014 = STYLED_ITEM('color',(#15015),#10740);
#15015 = PRESENTATION_STYLE_ASSIGNMENT((#15016,#15021));
#15016 = SURFACE_STYLE_USAGE(.BOTH.,#15017);
#15017 = SURFACE_SIDE_STYLE('',(#15018));
#15018 = SURFACE_STYLE_FILL_AREA(#15019);
#15019 = FILL_AREA_STYLE('',(#15020));
#15020 = FILL_AREA_STYLE_COLOUR('',#13976);
#15021 = CURVE_STYLE('',#15022,POSITIVE_LENGTH_MEASURE(0.1),#13976);
#15022 = DRAUGHTING_PRE_DEFINED_CURVE_FONT('continuous');
#15023 = STYLED_ITEM('color',(#15024),#10757);
#15024 = PRESENTATION_STYLE_ASSIGNMENT((#15025,#15030));
#15025 = SURFACE_STYLE_USAGE(.BOTH.,#15026);
#15026 = SURFACE_SIDE_STYLE('',(#15027));
#15027 = SURFACE_STYLE_FILL_AREA(#15028);
#15028 = FILL_AREA_STYLE('',(#15029));
#15029 = FILL_AREA_STYLE_COLOUR('',#13976);
#15030 = CURVE_STYLE('',#15031,POSITIVE_LENGTH_MEASURE(0.1),#13976);
#15031 = DRAUGHTING_PRE_DEFINED_CURVE_FONT('continuous');
#15032 = STYLED_ITEM('color',(#15033),#10774);
#15033 = PRESENTATION_STYLE_ASSIGNMENT((#15034,#15039));
#15034 = SURFACE_STYLE_USAGE(.BOTH.,#15035);
#15035 = SURFACE_SIDE_STYLE('',(#15036));
#15036 = SURFACE_STYLE_FILL_AREA(#15037);
#15037 = FILL_AREA_STYLE('',(#15038));
#15038 = FILL_AREA_STYLE_COLOUR('',#13976);
#15039 = CURVE_STYLE('',#15040,POSITIVE_LENGTH_MEASURE(0.1),#13976);
#15040 = DRAUGHTING_PRE_DEFINED_CURVE_FONT('continuous');
#15041 = STYLED_ITEM('color',(#15042),#10791);
#15042 = PRESENTATION_STYLE_ASSIGNMENT((#15043,#15048));
#15043 = SURFACE_STYLE_USAGE(.BOTH.,#15044);
#15044 = SURFACE_SIDE_STYLE('',(#15045));
#15045 = SURFACE_STYLE_FILL_AREA(#15046);
#15046 = FILL_AREA_STYLE('',(#15047));
#15047 = FILL_AREA_STYLE_COLOUR('',#13976);
#15048 = CURVE_STYLE('',#15049,POSITIVE_LENGTH_MEASURE(0.1),#13976);
#15049 = DRAUGHTING_PRE_DEFINED_CURVE_FONT('continuous');
#15050 = STYLED_ITEM('color',(#15051),#10803);
#15051 = PRESENTATION_STYLE_ASSIGNMENT((#15052,#15057));
#15052 = SURFACE_STYLE_USAGE(.BOTH.,#15053);
#15053 = SURFACE_SIDE_STYLE('',(#15054));
#15054 = SURFACE_STYLE_FILL_AREA(#15055);
#15055 = FILL_AREA_STYLE('',(#15056));
#15056 = FILL_AREA_STYLE_COLOUR('',#13976);
#15057 = CURVE_STYLE('',#15058,POSITIVE_LENGTH_MEASURE(0.1),#13976);
#15058 = DRAUGHTING_PRE_DEFINED_CURVE_FONT('continuous');
#15059 = STYLED_ITEM('color',(#15060),#10820);
#15060 = PRESENTATION_STYLE_ASSIGNMENT((#15061,#15066));
#15061 = SURFACE_STYLE_USAGE(.BOTH.,#15062);
#15062 = SURFACE_SIDE_STYLE('',(#15063));
#15063 = SURFACE_STYLE_FILL_AREA(#15064);
#15064 = FILL_AREA_STYLE('',(#15065));
#15065 = FILL_AREA_STYLE_COLOUR('',#13976);
#15066 = CURVE_STYLE('',#15067,POSITIVE_LENGTH_MEASURE(0.1),#13976);
#15067 = DRAUGHTING_PRE_DEFINED_CURVE_FONT('continuous');
#15068 = STYLED_ITEM('color',(#15069),#10837);
#15069 = PRESENTATION_STYLE_ASSIGNMENT((#15070,#15075));
#15070 = SURFACE_STYLE_USAGE(.BOTH.,#15071);
#15071 = SURFACE_SIDE_STYLE('',(#15072));
#15072 = SURFACE_STYLE_FILL_AREA(#15073);
#15073 = FILL_AREA_STYLE('',(#15074));
#15074 = FILL_AREA_STYLE_COLOUR('',#13976);
#15075 = CURVE_STYLE('',#15076,POSITIVE_LENGTH_MEASURE(0.1),#13976);
#15076 = DRAUGHTING_PRE_DEFINED_CURVE_FONT('continuous');
#15077 = STYLED_ITEM('color',(#15078),#10854);
#15078 = PRESENTATION_STYLE_ASSIGNMENT((#15079,#15084));
#15079 = SURFACE_STYLE_USAGE(.BOTH.,#15080);
#15080 = SURFACE_SIDE_STYLE('',(#15081));
#15081 = SURFACE_STYLE_FILL_AREA(#15082);
#15082 = FILL_AREA_STYLE('',(#15083));
#15083 = FILL_AREA_STYLE_COLOUR('',#13976);
#15084 = CURVE_STYLE('',#15085,POSITIVE_LENGTH_MEASURE(0.1),#13976);
#15085 = DRAUGHTING_PRE_DEFINED_CURVE_FONT('continuous');
#15086 = STYLED_ITEM('color',(#15087),#10871);
#15087 = PRESENTATION_STYLE_ASSIGNMENT((#15088,#15093));
#15088 = SURFACE_STYLE_USAGE(.BOTH.,#15089);
#15089 = SURFACE_SIDE_STYLE('',(#15090));
#15090 = SURFACE_STYLE_FILL_AREA(#15091);
#15091 = FILL_AREA_STYLE('',(#15092));
#15092 = FILL_AREA_STYLE_COLOUR('',#13976);
#15093 = CURVE_STYLE('',#15094,POSITIVE_LENGTH_MEASURE(0.1),#13976);
#15094 = DRAUGHTING_PRE_DEFINED_CURVE_FONT('continuous');
#15095 = STYLED_ITEM('color',(#15096),#10883);
#15096 = PRESENTATION_STYLE_ASSIGNMENT((#15097,#15102));
#15097 = SURFACE_STYLE_USAGE(.BOTH.,#15098);
#15098 = SURFACE_SIDE_STYLE('',(#15099));
#15099 = SURFACE_STYLE_FILL_AREA(#15100);
#15100 = FILL_AREA_STYLE('',(#15101));
#15101 = FILL_AREA_STYLE_COLOUR('',#13976);
#15102 = CURVE_STYLE('',#15103,POSITIVE_LENGTH_MEASURE(0.1),#13976);
#15103 = DRAUGHTING_PRE_DEFINED_CURVE_FONT('continuous');
#15104 = STYLED_ITEM('color',(#15105),#10900);
#15105 = PRESENTATION_STYLE_ASSIGNMENT((#15106,#15111));
#15106 = SURFACE_STYLE_USAGE(.BOTH.,#15107);
#15107 = SURFACE_SIDE_STYLE('',(#15108));
#15108 = SURFACE_STYLE_FILL_AREA(#15109);
#15109 = FILL_AREA_STYLE('',(#15110));
#15110 = FILL_AREA_STYLE_COLOUR('',#13976);
#15111 = CURVE_STYLE('',#15112,POSITIVE_LENGTH_MEASURE(0.1),#13976);
#15112 = DRAUGHTING_PRE_DEFINED_CURVE_FONT('continuous');
#15113 = STYLED_ITEM('color',(#15114),#10917);
#15114 = PRESENTATION_STYLE_ASSIGNMENT((#15115,#15120));
#15115 = SURFACE_STYLE_USAGE(.BOTH.,#15116);
#15116 = SURFACE_SIDE_STYLE('',(#15117));
#15117 = SURFACE_STYLE_FILL_AREA(#15118);
#15118 = FILL_AREA_STYLE('',(#15119));
#15119 = FILL_AREA_STYLE_COLOUR('',#13976);
#15120 = CURVE_STYLE('',#15121,POSITIVE_LENGTH_MEASURE(0.1),#13976);
#15121 = DRAUGHTING_PRE_DEFINED_CURVE_FONT('continuous');
#15122 = STYLED_ITEM('color',(#15123),#10934);
#15123 = PRESENTATION_STYLE_ASSIGNMENT((#15124,#15129));
#15124 = SURFACE_STYLE_USAGE(.BOTH.,#15125);
#15125 = SURFACE_SIDE_STYLE('',(#15126));
#15126 = SURFACE_STYLE_FILL_AREA(#15127);
#15127 = FILL_AREA_STYLE('',(#15128));
#15128 = FILL_AREA_STYLE_COLOUR('',#13976);
#15129 = CURVE_STYLE('',#15130,POSITIVE_LENGTH_MEASURE(0.1),#13976);
#15130 = DRAUGHTING_PRE_DEFINED_CURVE_FONT('continuous');
#15131 = STYLED_ITEM('color',(#15132),#10951);
#15132 = PRESENTATION_STYLE_ASSIGNMENT((#15133,#15138));
#15133 = SURFACE_STYLE_USAGE(.BOTH.,#15134);
#15134 = SURFACE_SIDE_STYLE('',(#15135));
#15135 = SURFACE_STYLE_FILL_AREA(#15136);
#15136 = FILL_AREA_STYLE('',(#15137));
#15137 = FILL_AREA_STYLE_COLOUR('',#13976);
#15138 = CURVE_STYLE('',#15139,POSITIVE_LENGTH_MEASURE(0.1),#13976);
#15139 = DRAUGHTING_PRE_DEFINED_CURVE_FONT('continuous');
#15140 = STYLED_ITEM('color',(#15141),#10963);
#15141 = PRESENTATION_STYLE_ASSIGNMENT((#15142,#15147));
#15142 = SURFACE_STYLE_USAGE(.BOTH.,#15143);
#15143 = SURFACE_SIDE_STYLE('',(#15144));
#15144 = SURFACE_STYLE_FILL_AREA(#15145);
#15145 = FILL_AREA_STYLE('',(#15146));
#15146 = FILL_AREA_STYLE_COLOUR('',#13976);
#15147 = CURVE_STYLE('',#15148,POSITIVE_LENGTH_MEASURE(0.1),#13976);
#15148 = DRAUGHTING_PRE_DEFINED_CURVE_FONT('continuous');
#15149 = STYLED_ITEM('color',(#15150),#10980);
#15150 = PRESENTATION_STYLE_ASSIGNMENT((#15151,#15156));
#15151 = SURFACE_STYLE_USAGE(.BOTH.,#15152);
#15152 = SURFACE_SIDE_STYLE('',(#15153));
#15153 = SURFACE_STYLE_FILL_AREA(#15154);
#15154 = FILL_AREA_STYLE('',(#15155));
#15155 = FILL_AREA_STYLE_COLOUR('',#13976);
#15156 = CURVE_STYLE('',#15157,POSITIVE_LENGTH_MEASURE(0.1),#13976);
#15157 = DRAUGHTING_PRE_DEFINED_CURVE_FONT('continuous');
#15158 = STYLED_ITEM('color',(#15159),#10997);
#15159 = PRESENTATION_STYLE_ASSIGNMENT((#15160,#15165));
#15160 = SURFACE_STYLE_USAGE(.BOTH.,#15161);
#15161 = SURFACE_SIDE_STYLE('',(#15162));
#15162 = SURFACE_STYLE_FILL_AREA(#15163);
#15163 = FILL_AREA_STYLE('',(#15164));
#15164 = FILL_AREA_STYLE_COLOUR('',#13976);
#15165 = CURVE_STYLE('',#15166,POSITIVE_LENGTH_MEASURE(0.1),#13976);
#15166 = DRAUGHTING_PRE_DEFINED_CURVE_FONT('continuous');
#15167 = STYLED_ITEM('color',(#15168),#11014);
#15168 = PRESENTATION_STYLE_ASSIGNMENT((#15169,#15174));
#15169 = SURFACE_STYLE_USAGE(.BOTH.,#15170);
#15170 = SURFACE_SIDE_STYLE('',(#15171));
#15171 = SURFACE_STYLE_FILL_AREA(#15172);
#15172 = FILL_AREA_STYLE('',(#15173));
#15173 = FILL_AREA_STYLE_COLOUR('',#13976);
#15174 = CURVE_STYLE('',#15175,POSITIVE_LENGTH_MEASURE(0.1),#13976);
#15175 = DRAUGHTING_PRE_DEFINED_CURVE_FONT('continuous');
#15176 = STYLED_ITEM('color',(#15177),#11031);
#15177 = PRESENTATION_STYLE_ASSIGNMENT((#15178,#15183));
#15178 = SURFACE_STYLE_USAGE(.BOTH.,#15179);
#15179 = SURFACE_SIDE_STYLE('',(#15180));
#15180 = SURFACE_STYLE_FILL_AREA(#15181);
#15181 = FILL_AREA_STYLE('',(#15182));
#15182 = FILL_AREA_STYLE_COLOUR('',#13976);
#15183 = CURVE_STYLE('',#15184,POSITIVE_LENGTH_MEASURE(0.1),#13976);
#15184 = DRAUGHTING_PRE_DEFINED_CURVE_FONT('continuous');
#15185 = STYLED_ITEM('color',(#15186),#11043);
#15186 = PRESENTATION_STYLE_ASSIGNMENT((#15187,#15192));
#15187 = SURFACE_STYLE_USAGE(.BOTH.,#15188);
#15188 = SURFACE_SIDE_STYLE('',(#15189));
#15189 = SURFACE_STYLE_FILL_AREA(#15190);
#15190 = FILL_AREA_STYLE('',(#15191));
#15191 = FILL_AREA_STYLE_COLOUR('',#13976);
#15192 = CURVE_STYLE('',#15193,POSITIVE_LENGTH_MEASURE(0.1),#13976);
#15193 = DRAUGHTING_PRE_DEFINED_CURVE_FONT('continuous');
#15194 = STYLED_ITEM('color',(#15195),#11060);
#15195 = PRESENTATION_STYLE_ASSIGNMENT((#15196,#15201));
#15196 = SURFACE_STYLE_USAGE(.BOTH.,#15197);
#15197 = SURFACE_SIDE_STYLE('',(#15198));
#15198 = SURFACE_STYLE_FILL_AREA(#15199);
#15199 = FILL_AREA_STYLE('',(#15200));
#15200 = FILL_AREA_STYLE_COLOUR('',#13976);
#15201 = CURVE_STYLE('',#15202,POSITIVE_LENGTH_MEASURE(0.1),#13976);
#15202 = DRAUGHTING_PRE_DEFINED_CURVE_FONT('continuous');
#15203 = STYLED_ITEM('color',(#15204),#11077);
#15204 = PRESENTATION_STYLE_ASSIGNMENT((#15205,#15210));
#15205 = SURFACE_STYLE_USAGE(.BOTH.,#15206);
#15206 = SURFACE_SIDE_STYLE('',(#15207));
#15207 = SURFACE_STYLE_FILL_AREA(#15208);
#15208 = FILL_AREA_STYLE('',(#15209));
#15209 = FILL_AREA_STYLE_COLOUR('',#13976);
#15210 = CURVE_STYLE('',#15211,POSITIVE_LENGTH_MEASURE(0.1),#13976);
#15211 = DRAUGHTING_PRE_DEFINED_CURVE_FONT('continuous');
#15212 = STYLED_ITEM('color',(#15213),#11094);
#15213 = PRESENTATION_STYLE_ASSIGNMENT((#15214,#15219));
#15214 = SURFACE_STYLE_USAGE(.BOTH.,#15215);
#15215 = SURFACE_SIDE_STYLE('',(#15216));
#15216 = SURFACE_STYLE_FILL_AREA(#15217);
#15217 = FILL_AREA_STYLE('',(#15218));
#15218 = FILL_AREA_STYLE_COLOUR('',#13976);
#15219 = CURVE_STYLE('',#15220,POSITIVE_LENGTH_MEASURE(0.1),#13976);
#15220 = DRAUGHTING_PRE_DEFINED_CURVE_FONT('continuous');
#15221 = STYLED_ITEM('color',(#15222),#11111);
#15222 = PRESENTATION_STYLE_ASSIGNMENT((#15223,#15228));
#15223 = SURFACE_STYLE_USAGE(.BOTH.,#15224);
#15224 = SURFACE_SIDE_STYLE('',(#15225));
#15225 = SURFACE_STYLE_FILL_AREA(#15226);
#15226 = FILL_AREA_STYLE('',(#15227));
#15227 = FILL_AREA_STYLE_COLOUR('',#13976);
#15228 = CURVE_STYLE('',#15229,POSITIVE_LENGTH_MEASURE(0.1),#13976);
#15229 = DRAUGHTING_PRE_DEFINED_CURVE_FONT('continuous');
#15230 = STYLED_ITEM('color',(#15231),#11123);
#15231 = PRESENTATION_STYLE_ASSIGNMENT((#15232,#15237));
#15232 = SURFACE_STYLE_USAGE(.BOTH.,#15233);
#15233 = SURFACE_SIDE_STYLE('',(#15234));
#15234 = SURFACE_STYLE_FILL_AREA(#15235);
#15235 = FILL_AREA_STYLE('',(#15236));
#15236 = FILL_AREA_STYLE_COLOUR('',#13903);
#15237 = CURVE_STYLE('',#15238,POSITIVE_LENGTH_MEASURE(0.1),#13903);
#15238 = DRAUGHTING_PRE_DEFINED_CURVE_FONT('continuous');
#15239 = OVER_RIDING_STYLED_ITEM('overriding color',(#15240),#11130,
  #15230);
#15240 = PRESENTATION_STYLE_ASSIGNMENT((#15241,#15246));
#15241 = SURFACE_STYLE_USAGE(.BOTH.,#15242);
#15242 = SURFACE_SIDE_STYLE('',(#15243));
#15243 = SURFACE_STYLE_FILL_AREA(#15244);
#15244 = FILL_AREA_STYLE('',(#15245));
#15245 = FILL_AREA_STYLE_COLOUR('',#13976);
#15246 = CURVE_STYLE('',#15247,POSITIVE_LENGTH_MEASURE(0.1),#13976);
#15247 = DRAUGHTING_PRE_DEFINED_CURVE_FONT('continuous');
#15248 = STYLED_ITEM('color',(#15249),#11140);
#15249 = PRESENTATION_STYLE_ASSIGNMENT((#15250,#15255));
#15250 = SURFACE_STYLE_USAGE(.BOTH.,#15251);
#15251 = SURFACE_SIDE_STYLE('',(#15252));
#15252 = SURFACE_STYLE_FILL_AREA(#15253);
#15253 = FILL_AREA_STYLE('',(#15254));
#15254 = FILL_AREA_STYLE_COLOUR('',#13903);
#15255 = CURVE_STYLE('',#15256,POSITIVE_LENGTH_MEASURE(0.1),#13903);
#15256 = DRAUGHTING_PRE_DEFINED_CURVE_FONT('continuous');
#15257 = OVER_RIDING_STYLED_ITEM('overriding color',(#15258),#11145,
  #15248);
#15258 = PRESENTATION_STYLE_ASSIGNMENT((#15259,#15264));
#15259 = SURFACE_STYLE_USAGE(.BOTH.,#15260);
#15260 = SURFACE_SIDE_STYLE('',(#15261));
#15261 = SURFACE_STYLE_FILL_AREA(#15262);
#15262 = FILL_AREA_STYLE('',(#15263));
#15263 = FILL_AREA_STYLE_COLOUR('',#13976);
#15264 = CURVE_STYLE('',#15265,POSITIVE_LENGTH_MEASURE(0.1),#13976);
#15265 = DRAUGHTING_PRE_DEFINED_CURVE_FONT('continuous');
#15266 = STYLED_ITEM('color',(#15267),#11157);
#15267 = PRESENTATION_STYLE_ASSIGNMENT((#15268,#15273));
#15268 = SURFACE_STYLE_USAGE(.BOTH.,#15269);
#15269 = SURFACE_SIDE_STYLE('',(#15270));
#15270 = SURFACE_STYLE_FILL_AREA(#15271);
#15271 = FILL_AREA_STYLE('',(#15272));
#15272 = FILL_AREA_STYLE_COLOUR('',#13976);
#15273 = CURVE_STYLE('',#15274,POSITIVE_LENGTH_MEASURE(0.1),#13976);
#15274 = DRAUGHTING_PRE_DEFINED_CURVE_FONT('continuous');
#15275 = STYLED_ITEM('color',(#15276),#11206);
#15276 = PRESENTATION_STYLE_ASSIGNMENT((#15277,#15282));
#15277 = SURFACE_STYLE_USAGE(.BOTH.,#15278);
#15278 = SURFACE_SIDE_STYLE('',(#15279));
#15279 = SURFACE_STYLE_FILL_AREA(#15280);
#15280 = FILL_AREA_STYLE('',(#15281));
#15281 = FILL_AREA_STYLE_COLOUR('',#13976);
#15282 = CURVE_STYLE('',#15283,POSITIVE_LENGTH_MEASURE(0.1),#13976);
#15283 = DRAUGHTING_PRE_DEFINED_CURVE_FONT('continuous');
#15284 = STYLED_ITEM('color',(#15285),#11230);
#15285 = PRESENTATION_STYLE_ASSIGNMENT((#15286,#15291));
#15286 = SURFACE_STYLE_USAGE(.BOTH.,#15287);
#15287 = SURFACE_SIDE_STYLE('',(#15288));
#15288 = SURFACE_STYLE_FILL_AREA(#15289);
#15289 = FILL_AREA_STYLE('',(#15290));
#15290 = FILL_AREA_STYLE_COLOUR('',#13976);
#15291 = CURVE_STYLE('',#15292,POSITIVE_LENGTH_MEASURE(0.1),#13976);
#15292 = DRAUGHTING_PRE_DEFINED_CURVE_FONT('continuous');
#15293 = STYLED_ITEM('color',(#15294),#11272);
#15294 = PRESENTATION_STYLE_ASSIGNMENT((#15295,#15300));
#15295 = SURFACE_STYLE_USAGE(.BOTH.,#15296);
#15296 = SURFACE_SIDE_STYLE('',(#15297));
#15297 = SURFACE_STYLE_FILL_AREA(#15298);
#15298 = FILL_AREA_STYLE('',(#15299));
#15299 = FILL_AREA_STYLE_COLOUR('',#13976);
#15300 = CURVE_STYLE('',#15301,POSITIVE_LENGTH_MEASURE(0.1),#13976);
#15301 = DRAUGHTING_PRE_DEFINED_CURVE_FONT('continuous');
#15302 = STYLED_ITEM('color',(#15303),#11289);
#15303 = PRESENTATION_STYLE_ASSIGNMENT((#15304,#15309));
#15304 = SURFACE_STYLE_USAGE(.BOTH.,#15305);
#15305 = SURFACE_SIDE_STYLE('',(#15306));
#15306 = SURFACE_STYLE_FILL_AREA(#15307);
#15307 = FILL_AREA_STYLE('',(#15308));
#15308 = FILL_AREA_STYLE_COLOUR('',#13903);
#15309 = CURVE_STYLE('',#15310,POSITIVE_LENGTH_MEASURE(0.1),#13903);
#15310 = DRAUGHTING_PRE_DEFINED_CURVE_FONT('continuous');
#15311 = OVER_RIDING_STYLED_ITEM('overriding color',(#15312),#11296,
  #15302);
#15312 = PRESENTATION_STYLE_ASSIGNMENT((#15313,#15318));
#15313 = SURFACE_STYLE_USAGE(.BOTH.,#15314);
#15314 = SURFACE_SIDE_STYLE('',(#15315));
#15315 = SURFACE_STYLE_FILL_AREA(#15316);
#15316 = FILL_AREA_STYLE('',(#15317));
#15317 = FILL_AREA_STYLE_COLOUR('',#13976);
#15318 = CURVE_STYLE('',#15319,POSITIVE_LENGTH_MEASURE(0.1),#13976);
#15319 = DRAUGHTING_PRE_DEFINED_CURVE_FONT('continuous');
#15320 = STYLED_ITEM('color',(#15321),#11306);
#15321 = PRESENTATION_STYLE_ASSIGNMENT((#15322,#15327));
#15322 = SURFACE_STYLE_USAGE(.BOTH.,#15323);
#15323 = SURFACE_SIDE_STYLE('',(#15324));
#15324 = SURFACE_STYLE_FILL_AREA(#15325);
#15325 = FILL_AREA_STYLE('',(#15326));
#15326 = FILL_AREA_STYLE_COLOUR('',#13903);
#15327 = CURVE_STYLE('',#15328,POSITIVE_LENGTH_MEASURE(0.1),#13903);
#15328 = DRAUGHTING_PRE_DEFINED_CURVE_FONT('continuous');
#15329 = OVER_RIDING_STYLED_ITEM('overriding color',(#15330),#11311,
  #15320);
#15330 = PRESENTATION_STYLE_ASSIGNMENT((#15331,#15336));
#15331 = SURFACE_STYLE_USAGE(.BOTH.,#15332);
#15332 = SURFACE_SIDE_STYLE('',(#15333));
#15333 = SURFACE_STYLE_FILL_AREA(#15334);
#15334 = FILL_AREA_STYLE('',(#15335));
#15335 = FILL_AREA_STYLE_COLOUR('',#13976);
#15336 = CURVE_STYLE('',#15337,POSITIVE_LENGTH_MEASURE(0.1),#13976);
#15337 = DRAUGHTING_PRE_DEFINED_CURVE_FONT('continuous');
#15338 = STYLED_ITEM('color',(#15339),#11323);
#15339 = PRESENTATION_STYLE_ASSIGNMENT((#15340,#15345));
#15340 = SURFACE_STYLE_USAGE(.BOTH.,#15341);
#15341 = SURFACE_SIDE_STYLE('',(#15342));
#15342 = SURFACE_STYLE_FILL_AREA(#15343);
#15343 = FILL_AREA_STYLE('',(#15344));
#15344 = FILL_AREA_STYLE_COLOUR('',#13976);
#15345 = CURVE_STYLE('',#15346,POSITIVE_LENGTH_MEASURE(0.1),#13976);
#15346 = DRAUGHTING_PRE_DEFINED_CURVE_FONT('continuous');
#15347 = STYLED_ITEM('color',(#15348),#11372);
#15348 = PRESENTATION_STYLE_ASSIGNMENT((#15349,#15354));
#15349 = SURFACE_STYLE_USAGE(.BOTH.,#15350);
#15350 = SURFACE_SIDE_STYLE('',(#15351));
#15351 = SURFACE_STYLE_FILL_AREA(#15352);
#15352 = FILL_AREA_STYLE('',(#15353));
#15353 = FILL_AREA_STYLE_COLOUR('',#13976);
#15354 = CURVE_STYLE('',#15355,POSITIVE_LENGTH_MEASURE(0.1),#13976);
#15355 = DRAUGHTING_PRE_DEFINED_CURVE_FONT('continuous');
#15356 = STYLED_ITEM('color',(#15357),#11396);
#15357 = PRESENTATION_STYLE_ASSIGNMENT((#15358,#15363));
#15358 = SURFACE_STYLE_USAGE(.BOTH.,#15359);
#15359 = SURFACE_SIDE_STYLE('',(#15360));
#15360 = SURFACE_STYLE_FILL_AREA(#15361);
#15361 = FILL_AREA_STYLE('',(#15362));
#15362 = FILL_AREA_STYLE_COLOUR('',#13976);
#15363 = CURVE_STYLE('',#15364,POSITIVE_LENGTH_MEASURE(0.1),#13976);
#15364 = DRAUGHTING_PRE_DEFINED_CURVE_FONT('continuous');
#15365 = STYLED_ITEM('color',(#15366),#11438);
#15366 = PRESENTATION_STYLE_ASSIGNMENT((#15367,#15372));
#15367 = SURFACE_STYLE_USAGE(.BOTH.,#15368);
#15368 = SURFACE_SIDE_STYLE('',(#15369));
#15369 = SURFACE_STYLE_FILL_AREA(#15370);
#15370 = FILL_AREA_STYLE('',(#15371));
#15371 = FILL_AREA_STYLE_COLOUR('',#13976);
#15372 = CURVE_STYLE('',#15373,POSITIVE_LENGTH_MEASURE(0.1),#13976);
#15373 = DRAUGHTING_PRE_DEFINED_CURVE_FONT('continuous');
#15374 = STYLED_ITEM('color',(#15375),#11455);
#15375 = PRESENTATION_STYLE_ASSIGNMENT((#15376,#15381));
#15376 = SURFACE_STYLE_USAGE(.BOTH.,#15377);
#15377 = SURFACE_SIDE_STYLE('',(#15378));
#15378 = SURFACE_STYLE_FILL_AREA(#15379);
#15379 = FILL_AREA_STYLE('',(#15380));
#15380 = FILL_AREA_STYLE_COLOUR('',#13903);
#15381 = CURVE_STYLE('',#15382,POSITIVE_LENGTH_MEASURE(0.1),#13903);
#15382 = DRAUGHTING_PRE_DEFINED_CURVE_FONT('continuous');
#15383 = OVER_RIDING_STYLED_ITEM('overriding color',(#15384),#11462,
  #15374);
#15384 = PRESENTATION_STYLE_ASSIGNMENT((#15385,#15390));
#15385 = SURFACE_STYLE_USAGE(.BOTH.,#15386);
#15386 = SURFACE_SIDE_STYLE('',(#15387));
#15387 = SURFACE_STYLE_FILL_AREA(#15388);
#15388 = FILL_AREA_STYLE('',(#15389));
#15389 = FILL_AREA_STYLE_COLOUR('',#13976);
#15390 = CURVE_STYLE('',#15391,POSITIVE_LENGTH_MEASURE(0.1),#13976);
#15391 = DRAUGHTING_PRE_DEFINED_CURVE_FONT('continuous');
#15392 = STYLED_ITEM('color',(#15393),#11472);
#15393 = PRESENTATION_STYLE_ASSIGNMENT((#15394,#15399));
#15394 = SURFACE_STYLE_USAGE(.BOTH.,#15395);
#15395 = SURFACE_SIDE_STYLE('',(#15396));
#15396 = SURFACE_STYLE_FILL_AREA(#15397);
#15397 = FILL_AREA_STYLE('',(#15398));
#15398 = FILL_AREA_STYLE_COLOUR('',#13903);
#15399 = CURVE_STYLE('',#15400,POSITIVE_LENGTH_MEASURE(0.1),#13903);
#15400 = DRAUGHTING_PRE_DEFINED_CURVE_FONT('continuous');
#15401 = OVER_RIDING_STYLED_ITEM('overriding color',(#15402),#11477,
  #15392);
#15402 = PRESENTATION_STYLE_ASSIGNMENT((#15403,#15408));
#15403 = SURFACE_STYLE_USAGE(.BOTH.,#15404);
#15404 = SURFACE_SIDE_STYLE('',(#15405));
#15405 = SURFACE_STYLE_FILL_AREA(#15406);
#15406 = FILL_AREA_STYLE('',(#15407));
#15407 = FILL_AREA_STYLE_COLOUR('',#13976);
#15408 = CURVE_STYLE('',#15409,POSITIVE_LENGTH_MEASURE(0.1),#13976);
#15409 = DRAUGHTING_PRE_DEFINED_CURVE_FONT('continuous');
#15410 = STYLED_ITEM('color',(#15411),#11489);
#15411 = PRESENTATION_STYLE_ASSIGNMENT((#15412,#15417));
#15412 = SURFACE_STYLE_USAGE(.BOTH.,#15413);
#15413 = SURFACE_SIDE_STYLE('',(#15414));
#15414 = SURFACE_STYLE_FILL_AREA(#15415);
#15415 = FILL_AREA_STYLE('',(#15416));
#15416 = FILL_AREA_STYLE_COLOUR('',#13976);
#15417 = CURVE_STYLE('',#15418,POSITIVE_LENGTH_MEASURE(0.1),#13976);
#15418 = DRAUGHTING_PRE_DEFINED_CURVE_FONT('continuous');
#15419 = STYLED_ITEM('color',(#15420),#11538);
#15420 = PRESENTATION_STYLE_ASSIGNMENT((#15421,#15426));
#15421 = SURFACE_STYLE_USAGE(.BOTH.,#15422);
#15422 = SURFACE_SIDE_STYLE('',(#15423));
#15423 = SURFACE_STYLE_FILL_AREA(#15424);
#15424 = FILL_AREA_STYLE('',(#15425));
#15425 = FILL_AREA_STYLE_COLOUR('',#13976);
#15426 = CURVE_STYLE('',#15427,POSITIVE_LENGTH_MEASURE(0.1),#13976);
#15427 = DRAUGHTING_PRE_DEFINED_CURVE_FONT('continuous');
#15428 = STYLED_ITEM('color',(#15429),#11562);
#15429 = PRESENTATION_STYLE_ASSIGNMENT((#15430,#15435));
#15430 = SURFACE_STYLE_USAGE(.BOTH.,#15431);
#15431 = SURFACE_SIDE_STYLE('',(#15432));
#15432 = SURFACE_STYLE_FILL_AREA(#15433);
#15433 = FILL_AREA_STYLE('',(#15434));
#15434 = FILL_AREA_STYLE_COLOUR('',#13976);
#15435 = CURVE_STYLE('',#15436,POSITIVE_LENGTH_MEASURE(0.1),#13976);
#15436 = DRAUGHTING_PRE_DEFINED_CURVE_FONT('continuous');
#15437 = STYLED_ITEM('color',(#15438),#11604);
#15438 = PRESENTATION_STYLE_ASSIGNMENT((#15439,#15444));
#15439 = SURFACE_STYLE_USAGE(.BOTH.,#15440);
#15440 = SURFACE_SIDE_STYLE('',(#15441));
#15441 = SURFACE_STYLE_FILL_AREA(#15442);
#15442 = FILL_AREA_STYLE('',(#15443));
#15443 = FILL_AREA_STYLE_COLOUR('',#13976);
#15444 = CURVE_STYLE('',#15445,POSITIVE_LENGTH_MEASURE(0.1),#13976);
#15445 = DRAUGHTING_PRE_DEFINED_CURVE_FONT('continuous');
#15446 = STYLED_ITEM('color',(#15447),#11621);
#15447 = PRESENTATION_STYLE_ASSIGNMENT((#15448,#15453));
#15448 = SURFACE_STYLE_USAGE(.BOTH.,#15449);
#15449 = SURFACE_SIDE_STYLE('',(#15450));
#15450 = SURFACE_STYLE_FILL_AREA(#15451);
#15451 = FILL_AREA_STYLE('',(#15452));
#15452 = FILL_AREA_STYLE_COLOUR('',#13903);
#15453 = CURVE_STYLE('',#15454,POSITIVE_LENGTH_MEASURE(0.1),#13903);
#15454 = DRAUGHTING_PRE_DEFINED_CURVE_FONT('continuous');
#15455 = OVER_RIDING_STYLED_ITEM('overriding color',(#15456),#11628,
  #15446);
#15456 = PRESENTATION_STYLE_ASSIGNMENT((#15457,#15462));
#15457 = SURFACE_STYLE_USAGE(.BOTH.,#15458);
#15458 = SURFACE_SIDE_STYLE('',(#15459));
#15459 = SURFACE_STYLE_FILL_AREA(#15460);
#15460 = FILL_AREA_STYLE('',(#15461));
#15461 = FILL_AREA_STYLE_COLOUR('',#13976);
#15462 = CURVE_STYLE('',#15463,POSITIVE_LENGTH_MEASURE(0.1),#13976);
#15463 = DRAUGHTING_PRE_DEFINED_CURVE_FONT('continuous');
#15464 = STYLED_ITEM('color',(#15465),#11638);
#15465 = PRESENTATION_STYLE_ASSIGNMENT((#15466,#15471));
#15466 = SURFACE_STYLE_USAGE(.BOTH.,#15467);
#15467 = SURFACE_SIDE_STYLE('',(#15468));
#15468 = SURFACE_STYLE_FILL_AREA(#15469);
#15469 = FILL_AREA_STYLE('',(#15470));
#15470 = FILL_AREA_STYLE_COLOUR('',#13903);
#15471 = CURVE_STYLE('',#15472,POSITIVE_LENGTH_MEASURE(0.1),#13903);
#15472 = DRAUGHTING_PRE_DEFINED_CURVE_FONT('continuous');
#15473 = OVER_RIDING_STYLED_ITEM('overriding color',(#15474),#11643,
  #15464);
#15474 = PRESENTATION_STYLE_ASSIGNMENT((#15475,#15480));
#15475 = SURFACE_STYLE_USAGE(.BOTH.,#15476);
#15476 = SURFACE_SIDE_STYLE('',(#15477));
#15477 = SURFACE_STYLE_FILL_AREA(#15478);
#15478 = FILL_AREA_STYLE('',(#15479));
#15479 = FILL_AREA_STYLE_COLOUR('',#13976);
#15480 = CURVE_STYLE('',#15481,POSITIVE_LENGTH_MEASURE(0.1),#13976);
#15481 = DRAUGHTING_PRE_DEFINED_CURVE_FONT('continuous');
#15482 = STYLED_ITEM('color',(#15483),#11655);
#15483 = PRESENTATION_STYLE_ASSIGNMENT((#15484,#15489));
#15484 = SURFACE_STYLE_USAGE(.BOTH.,#15485);
#15485 = SURFACE_SIDE_STYLE('',(#15486));
#15486 = SURFACE_STYLE_FILL_AREA(#15487);
#15487 = FILL_AREA_STYLE('',(#15488));
#15488 = FILL_AREA_STYLE_COLOUR('',#13976);
#15489 = CURVE_STYLE('',#15490,POSITIVE_LENGTH_MEASURE(0.1),#13976);
#15490 = DRAUGHTING_PRE_DEFINED_CURVE_FONT('continuous');
#15491 = STYLED_ITEM('color',(#15492),#11704);
#15492 = PRESENTATION_STYLE_ASSIGNMENT((#15493,#15498));
#15493 = SURFACE_STYLE_USAGE(.BOTH.,#15494);
#15494 = SURFACE_SIDE_STYLE('',(#15495));
#15495 = SURFACE_STYLE_FILL_AREA(#15496);
#15496 = FILL_AREA_STYLE('',(#15497));
#15497 = FILL_AREA_STYLE_COLOUR('',#13976);
#15498 = CURVE_STYLE('',#15499,POSITIVE_LENGTH_MEASURE(0.1),#13976);
#15499 = DRAUGHTING_PRE_DEFINED_CURVE_FONT('continuous');
#15500 = STYLED_ITEM('color',(#15501),#11728);
#15501 = PRESENTATION_STYLE_ASSIGNMENT((#15502,#15507));
#15502 = SURFACE_STYLE_USAGE(.BOTH.,#15503);
#15503 = SURFACE_SIDE_STYLE('',(#15504));
#15504 = SURFACE_STYLE_FILL_AREA(#15505);
#15505 = FILL_AREA_STYLE('',(#15506));
#15506 = FILL_AREA_STYLE_COLOUR('',#13976);
#15507 = CURVE_STYLE('',#15508,POSITIVE_LENGTH_MEASURE(0.1),#13976);
#15508 = DRAUGHTING_PRE_DEFINED_CURVE_FONT('continuous');
#15509 = STYLED_ITEM('color',(#15510),#11770);
#15510 = PRESENTATION_STYLE_ASSIGNMENT((#15511,#15516));
#15511 = SURFACE_STYLE_USAGE(.BOTH.,#15512);
#15512 = SURFACE_SIDE_STYLE('',(#15513));
#15513 = SURFACE_STYLE_FILL_AREA(#15514);
#15514 = FILL_AREA_STYLE('',(#15515));
#15515 = FILL_AREA_STYLE_COLOUR('',#13976);
#15516 = CURVE_STYLE('',#15517,POSITIVE_LENGTH_MEASURE(0.1),#13976);
#15517 = DRAUGHTING_PRE_DEFINED_CURVE_FONT('continuous');
#15518 = STYLED_ITEM('color',(#15519),#11787);
#15519 = PRESENTATION_STYLE_ASSIGNMENT((#15520,#15525));
#15520 = SURFACE_STYLE_USAGE(.BOTH.,#15521);
#15521 = SURFACE_SIDE_STYLE('',(#15522));
#15522 = SURFACE_STYLE_FILL_AREA(#15523);
#15523 = FILL_AREA_STYLE('',(#15524));
#15524 = FILL_AREA_STYLE_COLOUR('',#13903);
#15525 = CURVE_STYLE('',#15526,POSITIVE_LENGTH_MEASURE(0.1),#13903);
#15526 = DRAUGHTING_PRE_DEFINED_CURVE_FONT('continuous');
#15527 = OVER_RIDING_STYLED_ITEM('overriding color',(#15528),#11794,
  #15518);
#15528 = PRESENTATION_STYLE_ASSIGNMENT((#15529,#15534));
#15529 = SURFACE_STYLE_USAGE(.BOTH.,#15530);
#15530 = SURFACE_SIDE_STYLE('',(#15531));
#15531 = SURFACE_STYLE_FILL_AREA(#15532);
#15532 = FILL_AREA_STYLE('',(#15533));
#15533 = FILL_AREA_STYLE_COLOUR('',#13976);
#15534 = CURVE_STYLE('',#15535,POSITIVE_LENGTH_MEASURE(0.1),#13976);
#15535 = DRAUGHTING_PRE_DEFINED_CURVE_FONT('continuous');
#15536 = STYLED_ITEM('color',(#15537),#11804);
#15537 = PRESENTATION_STYLE_ASSIGNMENT((#15538,#15543));
#15538 = SURFACE_STYLE_USAGE(.BOTH.,#15539);
#15539 = SURFACE_SIDE_STYLE('',(#15540));
#15540 = SURFACE_STYLE_FILL_AREA(#15541);
#15541 = FILL_AREA_STYLE('',(#15542));
#15542 = FILL_AREA_STYLE_COLOUR('',#13903);
#15543 = CURVE_STYLE('',#15544,POSITIVE_LENGTH_MEASURE(0.1),#13903);
#15544 = DRAUGHTING_PRE_DEFINED_CURVE_FONT('continuous');
#15545 = OVER_RIDING_STYLED_ITEM('overriding color',(#15546),#11809,
  #15536);
#15546 = PRESENTATION_STYLE_ASSIGNMENT((#15547,#15552));
#15547 = SURFACE_STYLE_USAGE(.BOTH.,#15548);
#15548 = SURFACE_SIDE_STYLE('',(#15549));
#15549 = SURFACE_STYLE_FILL_AREA(#15550);
#15550 = FILL_AREA_STYLE('',(#15551));
#15551 = FILL_AREA_STYLE_COLOUR('',#13976);
#15552 = CURVE_STYLE('',#15553,POSITIVE_LENGTH_MEASURE(0.1),#13976);
#15553 = DRAUGHTING_PRE_DEFINED_CURVE_FONT('continuous');
#15554 = STYLED_ITEM('color',(#15555),#11821);
#15555 = PRESENTATION_STYLE_ASSIGNMENT((#15556,#15561));
#15556 = SURFACE_STYLE_USAGE(.BOTH.,#15557);
#15557 = SURFACE_SIDE_STYLE('',(#15558));
#15558 = SURFACE_STYLE_FILL_AREA(#15559);
#15559 = FILL_AREA_STYLE('',(#15560));
#15560 = FILL_AREA_STYLE_COLOUR('',#13976);
#15561 = CURVE_STYLE('',#15562,POSITIVE_LENGTH_MEASURE(0.1),#13976);
#15562 = DRAUGHTING_PRE_DEFINED_CURVE_FONT('continuous');
#15563 = STYLED_ITEM('color',(#15564),#11870);
#15564 = PRESENTATION_STYLE_ASSIGNMENT((#15565,#15570));
#15565 = SURFACE_STYLE_USAGE(.BOTH.,#15566);
#15566 = SURFACE_SIDE_STYLE('',(#15567));
#15567 = SURFACE_STYLE_FILL_AREA(#15568);
#15568 = FILL_AREA_STYLE('',(#15569));
#15569 = FILL_AREA_STYLE_COLOUR('',#13976);
#15570 = CURVE_STYLE('',#15571,POSITIVE_LENGTH_MEASURE(0.1),#13976);
#15571 = DRAUGHTING_PRE_DEFINED_CURVE_FONT('continuous');
#15572 = STYLED_ITEM('color',(#15573),#11894);
#15573 = PRESENTATION_STYLE_ASSIGNMENT((#15574,#15579));
#15574 = SURFACE_STYLE_USAGE(.BOTH.,#15575);
#15575 = SURFACE_SIDE_STYLE('',(#15576));
#15576 = SURFACE_STYLE_FILL_AREA(#15577);
#15577 = FILL_AREA_STYLE('',(#15578));
#15578 = FILL_AREA_STYLE_COLOUR('',#13976);
#15579 = CURVE_STYLE('',#15580,POSITIVE_LENGTH_MEASURE(0.1),#13976);
#15580 = DRAUGHTING_PRE_DEFINED_CURVE_FONT('continuous');
#15581 = STYLED_ITEM('color',(#15582),#11936);
#15582 = PRESENTATION_STYLE_ASSIGNMENT((#15583,#15588));
#15583 = SURFACE_STYLE_USAGE(.BOTH.,#15584);
#15584 = SURFACE_SIDE_STYLE('',(#15585));
#15585 = SURFACE_STYLE_FILL_AREA(#15586);
#15586 = FILL_AREA_STYLE('',(#15587));
#15587 = FILL_AREA_STYLE_COLOUR('',#13976);
#15588 = CURVE_STYLE('',#15589,POSITIVE_LENGTH_MEASURE(0.1),#13976);
#15589 = DRAUGHTING_PRE_DEFINED_CURVE_FONT('continuous');
#15590 = STYLED_ITEM('color',(#15591),#11953);
#15591 = PRESENTATION_STYLE_ASSIGNMENT((#15592,#15597));
#15592 = SURFACE_STYLE_USAGE(.BOTH.,#15593);
#15593 = SURFACE_SIDE_STYLE('',(#15594));
#15594 = SURFACE_STYLE_FILL_AREA(#15595);
#15595 = FILL_AREA_STYLE('',(#15596));
#15596 = FILL_AREA_STYLE_COLOUR('',#13903);
#15597 = CURVE_STYLE('',#15598,POSITIVE_LENGTH_MEASURE(0.1),#13903);
#15598 = DRAUGHTING_PRE_DEFINED_CURVE_FONT('continuous');
#15599 = OVER_RIDING_STYLED_ITEM('overriding color',(#15600),#11960,
  #15590);
#15600 = PRESENTATION_STYLE_ASSIGNMENT((#15601,#15606));
#15601 = SURFACE_STYLE_USAGE(.BOTH.,#15602);
#15602 = SURFACE_SIDE_STYLE('',(#15603));
#15603 = SURFACE_STYLE_FILL_AREA(#15604);
#15604 = FILL_AREA_STYLE('',(#15605));
#15605 = FILL_AREA_STYLE_COLOUR('',#13976);
#15606 = CURVE_STYLE('',#15607,POSITIVE_LENGTH_MEASURE(0.1),#13976);
#15607 = DRAUGHTING_PRE_DEFINED_CURVE_FONT('continuous');
#15608 = STYLED_ITEM('color',(#15609),#11970);
#15609 = PRESENTATION_STYLE_ASSIGNMENT((#15610,#15615));
#15610 = SURFACE_STYLE_USAGE(.BOTH.,#15611);
#15611 = SURFACE_SIDE_STYLE('',(#15612));
#15612 = SURFACE_STYLE_FILL_AREA(#15613);
#15613 = FILL_AREA_STYLE('',(#15614));
#15614 = FILL_AREA_STYLE_COLOUR('',#13903);
#15615 = CURVE_STYLE('',#15616,POSITIVE_LENGTH_MEASURE(0.1),#13903);
#15616 = DRAUGHTING_PRE_DEFINED_CURVE_FONT('continuous');
#15617 = OVER_RIDING_STYLED_ITEM('overriding color',(#15618),#11975,
  #15608);
#15618 = PRESENTATION_STYLE_ASSIGNMENT((#15619,#15624));
#15619 = SURFACE_STYLE_USAGE(.BOTH.,#15620);
#15620 = SURFACE_SIDE_STYLE('',(#15621));
#15621 = SURFACE_STYLE_FILL_AREA(#15622);
#15622 = FILL_AREA_STYLE('',(#15623));
#15623 = FILL_AREA_STYLE_COLOUR('',#13976);
#15624 = CURVE_STYLE('',#15625,POSITIVE_LENGTH_MEASURE(0.1),#13976);
#15625 = DRAUGHTING_PRE_DEFINED_CURVE_FONT('continuous');
#15626 = STYLED_ITEM('color',(#15627),#11987);
#15627 = PRESENTATION_STYLE_ASSIGNMENT((#15628,#15633));
#15628 = SURFACE_STYLE_USAGE(.BOTH.,#15629);
#15629 = SURFACE_SIDE_STYLE('',(#15630));
#15630 = SURFACE_STYLE_FILL_AREA(#15631);
#15631 = FILL_AREA_STYLE('',(#15632));
#15632 = FILL_AREA_STYLE_COLOUR('',#13976);
#15633 = CURVE_STYLE('',#15634,POSITIVE_LENGTH_MEASURE(0.1),#13976);
#15634 = DRAUGHTING_PRE_DEFINED_CURVE_FONT('continuous');
#15635 = STYLED_ITEM('color',(#15636),#12036);
#15636 = PRESENTATION_STYLE_ASSIGNMENT((#15637,#15642));
#15637 = SURFACE_STYLE_USAGE(.BOTH.,#15638);
#15638 = SURFACE_SIDE_STYLE('',(#15639));
#15639 = SURFACE_STYLE_FILL_AREA(#15640);
#15640 = FILL_AREA_STYLE('',(#15641));
#15641 = FILL_AREA_STYLE_COLOUR('',#13976);
#15642 = CURVE_STYLE('',#15643,POSITIVE_LENGTH_MEASURE(0.1),#13976);
#15643 = DRAUGHTING_PRE_DEFINED_CURVE_FONT('continuous');
#15644 = STYLED_ITEM('color',(#15645),#12060);
#15645 = PRESENTATION_STYLE_ASSIGNMENT((#15646,#15651));
#15646 = SURFACE_STYLE_USAGE(.BOTH.,#15647);
#15647 = SURFACE_SIDE_STYLE('',(#15648));
#15648 = SURFACE_STYLE_FILL_AREA(#15649);
#15649 = FILL_AREA_STYLE('',(#15650));
#15650 = FILL_AREA_STYLE_COLOUR('',#13976);
#15651 = CURVE_STYLE('',#15652,POSITIVE_LENGTH_MEASURE(0.1),#13976);
#15652 = DRAUGHTING_PRE_DEFINED_CURVE_FONT('continuous');
#15653 = STYLED_ITEM('color',(#15654),#12102);
#15654 = PRESENTATION_STYLE_ASSIGNMENT((#15655,#15660));
#15655 = SURFACE_STYLE_USAGE(.BOTH.,#15656);
#15656 = SURFACE_SIDE_STYLE('',(#15657));
#15657 = SURFACE_STYLE_FILL_AREA(#15658);
#15658 = FILL_AREA_STYLE('',(#15659));
#15659 = FILL_AREA_STYLE_COLOUR('',#13976);
#15660 = CURVE_STYLE('',#15661,POSITIVE_LENGTH_MEASURE(0.1),#13976);
#15661 = DRAUGHTING_PRE_DEFINED_CURVE_FONT('continuous');
#15662 = STYLED_ITEM('color',(#15663),#12119);
#15663 = PRESENTATION_STYLE_ASSIGNMENT((#15664,#15669));
#15664 = SURFACE_STYLE_USAGE(.BOTH.,#15665);
#15665 = SURFACE_SIDE_STYLE('',(#15666));
#15666 = SURFACE_STYLE_FILL_AREA(#15667);
#15667 = FILL_AREA_STYLE('',(#15668));
#15668 = FILL_AREA_STYLE_COLOUR('',#13976);
#15669 = CURVE_STYLE('',#15670,POSITIVE_LENGTH_MEASURE(0.1),#13976);
#15670 = DRAUGHTING_PRE_DEFINED_CURVE_FONT('continuous');
#15671 = STYLED_ITEM('color',(#15672),#12136);
#15672 = PRESENTATION_STYLE_ASSIGNMENT((#15673,#15678));
#15673 = SURFACE_STYLE_USAGE(.BOTH.,#15674);
#15674 = SURFACE_SIDE_STYLE('',(#15675));
#15675 = SURFACE_STYLE_FILL_AREA(#15676);
#15676 = FILL_AREA_STYLE('',(#15677));
#15677 = FILL_AREA_STYLE_COLOUR('',#13976);
#15678 = CURVE_STYLE('',#15679,POSITIVE_LENGTH_MEASURE(0.1),#13976);
#15679 = DRAUGHTING_PRE_DEFINED_CURVE_FONT('continuous');
#15680 = STYLED_ITEM('color',(#15681),#12153);
#15681 = PRESENTATION_STYLE_ASSIGNMENT((#15682,#15687));
#15682 = SURFACE_STYLE_USAGE(.BOTH.,#15683);
#15683 = SURFACE_SIDE_STYLE('',(#15684));
#15684 = SURFACE_STYLE_FILL_AREA(#15685);
#15685 = FILL_AREA_STYLE('',(#15686));
#15686 = FILL_AREA_STYLE_COLOUR('',#13976);
#15687 = CURVE_STYLE('',#15688,POSITIVE_LENGTH_MEASURE(0.1),#13976);
#15688 = DRAUGHTING_PRE_DEFINED_CURVE_FONT('continuous');
#15689 = STYLED_ITEM('color',(#15690),#12165);
#15690 = PRESENTATION_STYLE_ASSIGNMENT((#15691,#15696));
#15691 = SURFACE_STYLE_USAGE(.BOTH.,#15692);
#15692 = SURFACE_SIDE_STYLE('',(#15693));
#15693 = SURFACE_STYLE_FILL_AREA(#15694);
#15694 = FILL_AREA_STYLE('',(#15695));
#15695 = FILL_AREA_STYLE_COLOUR('',#13976);
#15696 = CURVE_STYLE('',#15697,POSITIVE_LENGTH_MEASURE(0.1),#13976);
#15697 = DRAUGHTING_PRE_DEFINED_CURVE_FONT('continuous');
#15698 = STYLED_ITEM('color',(#15699),#12182);
#15699 = PRESENTATION_STYLE_ASSIGNMENT((#15700,#15705));
#15700 = SURFACE_STYLE_USAGE(.BOTH.,#15701);
#15701 = SURFACE_SIDE_STYLE('',(#15702));
#15702 = SURFACE_STYLE_FILL_AREA(#15703);
#15703 = FILL_AREA_STYLE('',(#15704));
#15704 = FILL_AREA_STYLE_COLOUR('',#13976);
#15705 = CURVE_STYLE('',#15706,POSITIVE_LENGTH_MEASURE(0.1),#13976);
#15706 = DRAUGHTING_PRE_DEFINED_CURVE_FONT('continuous');
#15707 = STYLED_ITEM('color',(#15708),#12199);
#15708 = PRESENTATION_STYLE_ASSIGNMENT((#15709,#15714));
#15709 = SURFACE_STYLE_USAGE(.BOTH.,#15710);
#15710 = SURFACE_SIDE_STYLE('',(#15711));
#15711 = SURFACE_STYLE_FILL_AREA(#15712);
#15712 = FILL_AREA_STYLE('',(#15713));
#15713 = FILL_AREA_STYLE_COLOUR('',#13976);
#15714 = CURVE_STYLE('',#15715,POSITIVE_LENGTH_MEASURE(0.1),#13976);
#15715 = DRAUGHTING_PRE_DEFINED_CURVE_FONT('continuous');
#15716 = STYLED_ITEM('color',(#15717),#12211);
#15717 = PRESENTATION_STYLE_ASSIGNMENT((#15718,#15723));
#15718 = SURFACE_STYLE_USAGE(.BOTH.,#15719);
#15719 = SURFACE_SIDE_STYLE('',(#15720));
#15720 = SURFACE_STYLE_FILL_AREA(#15721);
#15721 = FILL_AREA_STYLE('',(#15722));
#15722 = FILL_AREA_STYLE_COLOUR('',#13976);
#15723 = CURVE_STYLE('',#15724,POSITIVE_LENGTH_MEASURE(0.1),#13976);
#15724 = DRAUGHTING_PRE_DEFINED_CURVE_FONT('continuous');
#15725 = STYLED_ITEM('color',(#15726),#12228);
#15726 = PRESENTATION_STYLE_ASSIGNMENT((#15727,#15732));
#15727 = SURFACE_STYLE_USAGE(.BOTH.,#15728);
#15728 = SURFACE_SIDE_STYLE('',(#15729));
#15729 = SURFACE_STYLE_FILL_AREA(#15730);
#15730 = FILL_AREA_STYLE('',(#15731));
#15731 = FILL_AREA_STYLE_COLOUR('',#13976);
#15732 = CURVE_STYLE('',#15733,POSITIVE_LENGTH_MEASURE(0.1),#13976);
#15733 = DRAUGHTING_PRE_DEFINED_CURVE_FONT('continuous');
#15734 = STYLED_ITEM('color',(#15735),#12245);
#15735 = PRESENTATION_STYLE_ASSIGNMENT((#15736,#15741));
#15736 = SURFACE_STYLE_USAGE(.BOTH.,#15737);
#15737 = SURFACE_SIDE_STYLE('',(#15738));
#15738 = SURFACE_STYLE_FILL_AREA(#15739);
#15739 = FILL_AREA_STYLE('',(#15740));
#15740 = FILL_AREA_STYLE_COLOUR('',#13976);
#15741 = CURVE_STYLE('',#15742,POSITIVE_LENGTH_MEASURE(0.1),#13976);
#15742 = DRAUGHTING_PRE_DEFINED_CURVE_FONT('continuous');
#15743 = STYLED_ITEM('color',(#15744),#12257);
#15744 = PRESENTATION_STYLE_ASSIGNMENT((#15745,#15750));
#15745 = SURFACE_STYLE_USAGE(.BOTH.,#15746);
#15746 = SURFACE_SIDE_STYLE('',(#15747));
#15747 = SURFACE_STYLE_FILL_AREA(#15748);
#15748 = FILL_AREA_STYLE('',(#15749));
#15749 = FILL_AREA_STYLE_COLOUR('',#13976);
#15750 = CURVE_STYLE('',#15751,POSITIVE_LENGTH_MEASURE(0.1),#13976);
#15751 = DRAUGHTING_PRE_DEFINED_CURVE_FONT('continuous');
#15752 = STYLED_ITEM('color',(#15753),#12274);
#15753 = PRESENTATION_STYLE_ASSIGNMENT((#15754,#15759));
#15754 = SURFACE_STYLE_USAGE(.BOTH.,#15755);
#15755 = SURFACE_SIDE_STYLE('',(#15756));
#15756 = SURFACE_STYLE_FILL_AREA(#15757);
#15757 = FILL_AREA_STYLE('',(#15758));
#15758 = FILL_AREA_STYLE_COLOUR('',#13976);
#15759 = CURVE_STYLE('',#15760,POSITIVE_LENGTH_MEASURE(0.1),#13976);
#15760 = DRAUGHTING_PRE_DEFINED_CURVE_FONT('continuous');
#15761 = STYLED_ITEM('color',(#15762),#12291);
#15762 = PRESENTATION_STYLE_ASSIGNMENT((#15763,#15768));
#15763 = SURFACE_STYLE_USAGE(.BOTH.,#15764);
#15764 = SURFACE_SIDE_STYLE('',(#15765));
#15765 = SURFACE_STYLE_FILL_AREA(#15766);
#15766 = FILL_AREA_STYLE('',(#15767));
#15767 = FILL_AREA_STYLE_COLOUR('',#13976);
#15768 = CURVE_STYLE('',#15769,POSITIVE_LENGTH_MEASURE(0.1),#13976);
#15769 = DRAUGHTING_PRE_DEFINED_CURVE_FONT('continuous');
#15770 = STYLED_ITEM('color',(#15771),#12303);
#15771 = PRESENTATION_STYLE_ASSIGNMENT((#15772,#15777));
#15772 = SURFACE_STYLE_USAGE(.BOTH.,#15773);
#15773 = SURFACE_SIDE_STYLE('',(#15774));
#15774 = SURFACE_STYLE_FILL_AREA(#15775);
#15775 = FILL_AREA_STYLE('',(#15776));
#15776 = FILL_AREA_STYLE_COLOUR('',#13976);
#15777 = CURVE_STYLE('',#15778,POSITIVE_LENGTH_MEASURE(0.1),#13976);
#15778 = DRAUGHTING_PRE_DEFINED_CURVE_FONT('continuous');
#15779 = STYLED_ITEM('color',(#15780),#12320);
#15780 = PRESENTATION_STYLE_ASSIGNMENT((#15781,#15786));
#15781 = SURFACE_STYLE_USAGE(.BOTH.,#15782);
#15782 = SURFACE_SIDE_STYLE('',(#15783));
#15783 = SURFACE_STYLE_FILL_AREA(#15784);
#15784 = FILL_AREA_STYLE('',(#15785));
#15785 = FILL_AREA_STYLE_COLOUR('',#13976);
#15786 = CURVE_STYLE('',#15787,POSITIVE_LENGTH_MEASURE(0.1),#13976);
#15787 = DRAUGHTING_PRE_DEFINED_CURVE_FONT('continuous');
#15788 = STYLED_ITEM('color',(#15789),#12337);
#15789 = PRESENTATION_STYLE_ASSIGNMENT((#15790,#15795));
#15790 = SURFACE_STYLE_USAGE(.BOTH.,#15791);
#15791 = SURFACE_SIDE_STYLE('',(#15792));
#15792 = SURFACE_STYLE_FILL_AREA(#15793);
#15793 = FILL_AREA_STYLE('',(#15794));
#15794 = FILL_AREA_STYLE_COLOUR('',#13976);
#15795 = CURVE_STYLE('',#15796,POSITIVE_LENGTH_MEASURE(0.1),#13976);
#15796 = DRAUGHTING_PRE_DEFINED_CURVE_FONT('continuous');
#15797 = STYLED_ITEM('color',(#15798),#12349);
#15798 = PRESENTATION_STYLE_ASSIGNMENT((#15799,#15804));
#15799 = SURFACE_STYLE_USAGE(.BOTH.,#15800);
#15800 = SURFACE_SIDE_STYLE('',(#15801));
#15801 = SURFACE_STYLE_FILL_AREA(#15802);
#15802 = FILL_AREA_STYLE('',(#15803));
#15803 = FILL_AREA_STYLE_COLOUR('',#13976);
#15804 = CURVE_STYLE('',#15805,POSITIVE_LENGTH_MEASURE(0.1),#13976);
#15805 = DRAUGHTING_PRE_DEFINED_CURVE_FONT('continuous');
#15806 = STYLED_ITEM('color',(#15807),#12366);
#15807 = PRESENTATION_STYLE_ASSIGNMENT((#15808,#15813));
#15808 = SURFACE_STYLE_USAGE(.BOTH.,#15809);
#15809 = SURFACE_SIDE_STYLE('',(#15810));
#15810 = SURFACE_STYLE_FILL_AREA(#15811);
#15811 = FILL_AREA_STYLE('',(#15812));
#15812 = FILL_AREA_STYLE_COLOUR('',#13976);
#15813 = CURVE_STYLE('',#15814,POSITIVE_LENGTH_MEASURE(0.1),#13976);
#15814 = DRAUGHTING_PRE_DEFINED_CURVE_FONT('continuous');
#15815 = STYLED_ITEM('color',(#15816),#12383);
#15816 = PRESENTATION_STYLE_ASSIGNMENT((#15817,#15822));
#15817 = SURFACE_STYLE_USAGE(.BOTH.,#15818);
#15818 = SURFACE_SIDE_STYLE('',(#15819));
#15819 = SURFACE_STYLE_FILL_AREA(#15820);
#15820 = FILL_AREA_STYLE('',(#15821));
#15821 = FILL_AREA_STYLE_COLOUR('',#13976);
#15822 = CURVE_STYLE('',#15823,POSITIVE_LENGTH_MEASURE(0.1),#13976);
#15823 = DRAUGHTING_PRE_DEFINED_CURVE_FONT('continuous');
#15824 = MECHANICAL_DESIGN_GEOMETRIC_PRESENTATION_REPRESENTATION('',(
    #15825,#15833,#15840,#15847,#15854,#15861,#15868,#15875,#15882,
    #15889,#15896,#15903,#15910,#15917,#15924,#15931,#15938,#15945,
    #15952,#15959,#15966,#15973,#15980,#15987,#15994,#16001,#16008,
    #16015,#16022,#16029,#16036,#16043,#16050,#16057,#16064,#16071,
    #16078,#16085,#16092,#16099,#16106,#16113,#16120,#16127,#16135,
    #16142,#16149,#16156,#16163,#16170,#16177,#16184,#16191,#16198,
    #16205,#16212,#16219,#16226,#16233,#16240,#16247,#16254,#16261,
    #16268,#16275,#16282,#16289,#16296,#16303,#16310,#16317,#16324,
    #16331,#16338,#16345,#16352,#16359,#16366,#16373,#16380,#16387,
    #16394,#16401,#16408,#16415,#16422,#16429,#16436,#16443,#16450,
    #16457,#16464,#16471),#5308);
#15825 = STYLED_ITEM('color',(#15826),#2418);
#15826 = PRESENTATION_STYLE_ASSIGNMENT((#15827));
#15827 = SURFACE_STYLE_USAGE(.BOTH.,#15828);
#15828 = SURFACE_SIDE_STYLE('',(#15829));
#15829 = SURFACE_STYLE_FILL_AREA(#15830);
#15830 = FILL_AREA_STYLE('',(#15831));
#15831 = FILL_AREA_STYLE_COLOUR('',#15832);
#15832 = COLOUR_RGB('',0.894117649055,0.890196087049,0.811764731185);
#15833 = STYLED_ITEM('color',(#15834),#2458);
#15834 = PRESENTATION_STYLE_ASSIGNMENT((#15835));
#15835 = SURFACE_STYLE_USAGE(.BOTH.,#15836);
#15836 = SURFACE_SIDE_STYLE('',(#15837));
#15837 = SURFACE_STYLE_FILL_AREA(#15838);
#15838 = FILL_AREA_STYLE('',(#15839));
#15839 = FILL_AREA_STYLE_COLOUR('',#15832);
#15840 = STYLED_ITEM('color',(#15841),#2522);
#15841 = PRESENTATION_STYLE_ASSIGNMENT((#15842));
#15842 = SURFACE_STYLE_USAGE(.BOTH.,#15843);
#15843 = SURFACE_SIDE_STYLE('',(#15844));
#15844 = SURFACE_STYLE_FILL_AREA(#15845);
#15845 = FILL_AREA_STYLE('',(#15846));
#15846 = FILL_AREA_STYLE_COLOUR('',#15832);
#15847 = STYLED_ITEM('color',(#15848),#2610);
#15848 = PRESENTATION_STYLE_ASSIGNMENT((#15849));
#15849 = SURFACE_STYLE_USAGE(.BOTH.,#15850);
#15850 = SURFACE_SIDE_STYLE('',(#15851));
#15851 = SURFACE_STYLE_FILL_AREA(#15852);
#15852 = FILL_AREA_STYLE('',(#15853));
#15853 = FILL_AREA_STYLE_COLOUR('',#15832);
#15854 = STYLED_ITEM('color',(#15855),#2650);
#15855 = PRESENTATION_STYLE_ASSIGNMENT((#15856));
#15856 = SURFACE_STYLE_USAGE(.BOTH.,#15857);
#15857 = SURFACE_SIDE_STYLE('',(#15858));
#15858 = SURFACE_STYLE_FILL_AREA(#15859);
#15859 = FILL_AREA_STYLE('',(#15860));
#15860 = FILL_AREA_STYLE_COLOUR('',#15832);
#15861 = STYLED_ITEM('color',(#15862),#2861);
#15862 = PRESENTATION_STYLE_ASSIGNMENT((#15863));
#15863 = SURFACE_STYLE_USAGE(.BOTH.,#15864);
#15864 = SURFACE_SIDE_STYLE('',(#15865));
#15865 = SURFACE_STYLE_FILL_AREA(#15866);
#15866 = FILL_AREA_STYLE('',(#15867));
#15867 = FILL_AREA_STYLE_COLOUR('',#15832);
#15868 = STYLED_ITEM('color',(#15869),#2901);
#15869 = PRESENTATION_STYLE_ASSIGNMENT((#15870));
#15870 = SURFACE_STYLE_USAGE(.BOTH.,#15871);
#15871 = SURFACE_SIDE_STYLE('',(#15872));
#15872 = SURFACE_STYLE_FILL_AREA(#15873);
#15873 = FILL_AREA_STYLE('',(#15874));
#15874 = FILL_AREA_STYLE_COLOUR('',#15832);
#15875 = STYLED_ITEM('color',(#15876),#2925);
#15876 = PRESENTATION_STYLE_ASSIGNMENT((#15877));
#15877 = SURFACE_STYLE_USAGE(.BOTH.,#15878);
#15878 = SURFACE_SIDE_STYLE('',(#15879));
#15879 = SURFACE_STYLE_FILL_AREA(#15880);
#15880 = FILL_AREA_STYLE('',(#15881));
#15881 = FILL_AREA_STYLE_COLOUR('',#15832);
#15882 = STYLED_ITEM('color',(#15883),#2950);
#15883 = PRESENTATION_STYLE_ASSIGNMENT((#15884));
#15884 = SURFACE_STYLE_USAGE(.BOTH.,#15885);
#15885 = SURFACE_SIDE_STYLE('',(#15886));
#15886 = SURFACE_STYLE_FILL_AREA(#15887);
#15887 = FILL_AREA_STYLE('',(#15888));
#15888 = FILL_AREA_STYLE_COLOUR('',#15832);
#15889 = STYLED_ITEM('color',(#15890),#2974);
#15890 = PRESENTATION_STYLE_ASSIGNMENT((#15891));
#15891 = SURFACE_STYLE_USAGE(.BOTH.,#15892);
#15892 = SURFACE_SIDE_STYLE('',(#15893));
#15893 = SURFACE_STYLE_FILL_AREA(#15894);
#15894 = FILL_AREA_STYLE('',(#15895));
#15895 = FILL_AREA_STYLE_COLOUR('',#15832);
#15896 = STYLED_ITEM('color',(#15897),#3023);
#15897 = PRESENTATION_STYLE_ASSIGNMENT((#15898));
#15898 = SURFACE_STYLE_USAGE(.BOTH.,#15899);
#15899 = SURFACE_SIDE_STYLE('',(#15900));
#15900 = SURFACE_STYLE_FILL_AREA(#15901);
#15901 = FILL_AREA_STYLE('',(#15902));
#15902 = FILL_AREA_STYLE_COLOUR('',#15832);
#15903 = STYLED_ITEM('color',(#15904),#3045);
#15904 = PRESENTATION_STYLE_ASSIGNMENT((#15905));
#15905 = SURFACE_STYLE_USAGE(.BOTH.,#15906);
#15906 = SURFACE_SIDE_STYLE('',(#15907));
#15907 = SURFACE_STYLE_FILL_AREA(#15908);
#15908 = FILL_AREA_STYLE('',(#15909));
#15909 = FILL_AREA_STYLE_COLOUR('',#15832);
#15910 = STYLED_ITEM('color',(#15911),#3078);
#15911 = PRESENTATION_STYLE_ASSIGNMENT((#15912));
#15912 = SURFACE_STYLE_USAGE(.BOTH.,#15913);
#15913 = SURFACE_SIDE_STYLE('',(#15914));
#15914 = SURFACE_STYLE_FILL_AREA(#15915);
#15915 = FILL_AREA_STYLE('',(#15916));
#15916 = FILL_AREA_STYLE_COLOUR('',#15832);
#15917 = STYLED_ITEM('color',(#15918),#3102);
#15918 = PRESENTATION_STYLE_ASSIGNMENT((#15919));
#15919 = SURFACE_STYLE_USAGE(.BOTH.,#15920);
#15920 = SURFACE_SIDE_STYLE('',(#15921));
#15921 = SURFACE_STYLE_FILL_AREA(#15922);
#15922 = FILL_AREA_STYLE('',(#15923));
#15923 = FILL_AREA_STYLE_COLOUR('',#15832);
#15924 = STYLED_ITEM('color',(#15925),#3133);
#15925 = PRESENTATION_STYLE_ASSIGNMENT((#15926));
#15926 = SURFACE_STYLE_USAGE(.BOTH.,#15927);
#15927 = SURFACE_SIDE_STYLE('',(#15928));
#15928 = SURFACE_STYLE_FILL_AREA(#15929);
#15929 = FILL_AREA_STYLE('',(#15930));
#15930 = FILL_AREA_STYLE_COLOUR('',#15832);
#15931 = STYLED_ITEM('color',(#15932),#3150);
#15932 = PRESENTATION_STYLE_ASSIGNMENT((#15933));
#15933 = SURFACE_STYLE_USAGE(.BOTH.,#15934);
#15934 = SURFACE_SIDE_STYLE('',(#15935));
#15935 = SURFACE_STYLE_FILL_AREA(#15936);
#15936 = FILL_AREA_STYLE('',(#15937));
#15937 = FILL_AREA_STYLE_COLOUR('',#15832);
#15938 = STYLED_ITEM('color',(#15939),#3183);
#15939 = PRESENTATION_STYLE_ASSIGNMENT((#15940));
#15940 = SURFACE_STYLE_USAGE(.BOTH.,#15941);
#15941 = SURFACE_SIDE_STYLE('',(#15942));
#15942 = SURFACE_STYLE_FILL_AREA(#15943);
#15943 = FILL_AREA_STYLE('',(#15944));
#15944 = FILL_AREA_STYLE_COLOUR('',#15832);
#15945 = STYLED_ITEM('color',(#15946),#3200);
#15946 = PRESENTATION_STYLE_ASSIGNMENT((#15947));
#15947 = SURFACE_STYLE_USAGE(.BOTH.,#15948);
#15948 = SURFACE_SIDE_STYLE('',(#15949));
#15949 = SURFACE_STYLE_FILL_AREA(#15950);
#15950 = FILL_AREA_STYLE('',(#15951));
#15951 = FILL_AREA_STYLE_COLOUR('',#15832);
#15952 = STYLED_ITEM('color',(#15953),#3243);
#15953 = PRESENTATION_STYLE_ASSIGNMENT((#15954));
#15954 = SURFACE_STYLE_USAGE(.BOTH.,#15955);
#15955 = SURFACE_SIDE_STYLE('',(#15956));
#15956 = SURFACE_STYLE_FILL_AREA(#15957);
#15957 = FILL_AREA_STYLE('',(#15958));
#15958 = FILL_AREA_STYLE_COLOUR('',#15832);
#15959 = STYLED_ITEM('color',(#15960),#3260);
#15960 = PRESENTATION_STYLE_ASSIGNMENT((#15961));
#15961 = SURFACE_STYLE_USAGE(.BOTH.,#15962);
#15962 = SURFACE_SIDE_STYLE('',(#15963));
#15963 = SURFACE_STYLE_FILL_AREA(#15964);
#15964 = FILL_AREA_STYLE('',(#15965));
#15965 = FILL_AREA_STYLE_COLOUR('',#15832);
#15966 = STYLED_ITEM('color',(#15967),#3306);
#15967 = PRESENTATION_STYLE_ASSIGNMENT((#15968));
#15968 = SURFACE_STYLE_USAGE(.BOTH.,#15969);
#15969 = SURFACE_SIDE_STYLE('',(#15970));
#15970 = SURFACE_STYLE_FILL_AREA(#15971);
#15971 = FILL_AREA_STYLE('',(#15972));
#15972 = FILL_AREA_STYLE_COLOUR('',#15832);
#15973 = STYLED_ITEM('color',(#15974),#3323);
#15974 = PRESENTATION_STYLE_ASSIGNMENT((#15975));
#15975 = SURFACE_STYLE_USAGE(.BOTH.,#15976);
#15976 = SURFACE_SIDE_STYLE('',(#15977));
#15977 = SURFACE_STYLE_FILL_AREA(#15978);
#15978 = FILL_AREA_STYLE('',(#15979));
#15979 = FILL_AREA_STYLE_COLOUR('',#15832);
#15980 = STYLED_ITEM('color',(#15981),#3386);
#15981 = PRESENTATION_STYLE_ASSIGNMENT((#15982));
#15982 = SURFACE_STYLE_USAGE(.BOTH.,#15983);
#15983 = SURFACE_SIDE_STYLE('',(#15984));
#15984 = SURFACE_STYLE_FILL_AREA(#15985);
#15985 = FILL_AREA_STYLE('',(#15986));
#15986 = FILL_AREA_STYLE_COLOUR('',#15832);
#15987 = STYLED_ITEM('color',(#15988),#3410);
#15988 = PRESENTATION_STYLE_ASSIGNMENT((#15989));
#15989 = SURFACE_STYLE_USAGE(.BOTH.,#15990);
#15990 = SURFACE_SIDE_STYLE('',(#15991));
#15991 = SURFACE_STYLE_FILL_AREA(#15992);
#15992 = FILL_AREA_STYLE('',(#15993));
#15993 = FILL_AREA_STYLE_COLOUR('',#15832);
#15994 = STYLED_ITEM('color',(#15995),#3457);
#15995 = PRESENTATION_STYLE_ASSIGNMENT((#15996));
#15996 = SURFACE_STYLE_USAGE(.BOTH.,#15997);
#15997 = SURFACE_SIDE_STYLE('',(#15998));
#15998 = SURFACE_STYLE_FILL_AREA(#15999);
#15999 = FILL_AREA_STYLE('',(#16000));
#16000 = FILL_AREA_STYLE_COLOUR('',#15832);
#16001 = STYLED_ITEM('color',(#16002),#3481);
#16002 = PRESENTATION_STYLE_ASSIGNMENT((#16003));
#16003 = SURFACE_STYLE_USAGE(.BOTH.,#16004);
#16004 = SURFACE_SIDE_STYLE('',(#16005));
#16005 = SURFACE_STYLE_FILL_AREA(#16006);
#16006 = FILL_AREA_STYLE('',(#16007));
#16007 = FILL_AREA_STYLE_COLOUR('',#15832);
#16008 = STYLED_ITEM('color',(#16009),#3505);
#16009 = PRESENTATION_STYLE_ASSIGNMENT((#16010));
#16010 = SURFACE_STYLE_USAGE(.BOTH.,#16011);
#16011 = SURFACE_SIDE_STYLE('',(#16012));
#16012 = SURFACE_STYLE_FILL_AREA(#16013);
#16013 = FILL_AREA_STYLE('',(#16014));
#16014 = FILL_AREA_STYLE_COLOUR('',#15832);
#16015 = STYLED_ITEM('color',(#16016),#3522);
#16016 = PRESENTATION_STYLE_ASSIGNMENT((#16017));
#16017 = SURFACE_STYLE_USAGE(.BOTH.,#16018);
#16018 = SURFACE_SIDE_STYLE('',(#16019));
#16019 = SURFACE_STYLE_FILL_AREA(#16020);
#16020 = FILL_AREA_STYLE('',(#16021));
#16021 = FILL_AREA_STYLE_COLOUR('',#15832);
#16022 = STYLED_ITEM('color',(#16023),#3539);
#16023 = PRESENTATION_STYLE_ASSIGNMENT((#16024));
#16024 = SURFACE_STYLE_USAGE(.BOTH.,#16025);
#16025 = SURFACE_SIDE_STYLE('',(#16026));
#16026 = SURFACE_STYLE_FILL_AREA(#16027);
#16027 = FILL_AREA_STYLE('',(#16028));
#16028 = FILL_AREA_STYLE_COLOUR('',#15832);
#16029 = STYLED_ITEM('color',(#16030),#3563);
#16030 = PRESENTATION_STYLE_ASSIGNMENT((#16031));
#16031 = SURFACE_STYLE_USAGE(.BOTH.,#16032);
#16032 = SURFACE_SIDE_STYLE('',(#16033));
#16033 = SURFACE_STYLE_FILL_AREA(#16034);
#16034 = FILL_AREA_STYLE('',(#16035));
#16035 = FILL_AREA_STYLE_COLOUR('',#15832);
#16036 = STYLED_ITEM('color',(#16037),#3587);
#16037 = PRESENTATION_STYLE_ASSIGNMENT((#16038));
#16038 = SURFACE_STYLE_USAGE(.BOTH.,#16039);
#16039 = SURFACE_SIDE_STYLE('',(#16040));
#16040 = SURFACE_STYLE_FILL_AREA(#16041);
#16041 = FILL_AREA_STYLE('',(#16042));
#16042 = FILL_AREA_STYLE_COLOUR('',#15832);
#16043 = STYLED_ITEM('color',(#16044),#3604);
#16044 = PRESENTATION_STYLE_ASSIGNMENT((#16045));
#16045 = SURFACE_STYLE_USAGE(.BOTH.,#16046);
#16046 = SURFACE_SIDE_STYLE('',(#16047));
#16047 = SURFACE_STYLE_FILL_AREA(#16048);
#16048 = FILL_AREA_STYLE('',(#16049));
#16049 = FILL_AREA_STYLE_COLOUR('',#15832);
#16050 = STYLED_ITEM('color',(#16051),#3635);
#16051 = PRESENTATION_STYLE_ASSIGNMENT((#16052));
#16052 = SURFACE_STYLE_USAGE(.BOTH.,#16053);
#16053 = SURFACE_SIDE_STYLE('',(#16054));
#16054 = SURFACE_STYLE_FILL_AREA(#16055);
#16055 = FILL_AREA_STYLE('',(#16056));
#16056 = FILL_AREA_STYLE_COLOUR('',#15832);
#16057 = STYLED_ITEM('color',(#16058),#3659);
#16058 = PRESENTATION_STYLE_ASSIGNMENT((#16059));
#16059 = SURFACE_STYLE_USAGE(.BOTH.,#16060);
#16060 = SURFACE_SIDE_STYLE('',(#16061));
#16061 = SURFACE_STYLE_FILL_AREA(#16062);
#16062 = FILL_AREA_STYLE('',(#16063));
#16063 = FILL_AREA_STYLE_COLOUR('',#15832);
#16064 = STYLED_ITEM('color',(#16065),#3683);
#16065 = PRESENTATION_STYLE_ASSIGNMENT((#16066));
#16066 = SURFACE_STYLE_USAGE(.BOTH.,#16067);
#16067 = SURFACE_SIDE_STYLE('',(#16068));
#16068 = SURFACE_STYLE_FILL_AREA(#16069);
#16069 = FILL_AREA_STYLE('',(#16070));
#16070 = FILL_AREA_STYLE_COLOUR('',#15832);
#16071 = STYLED_ITEM('color',(#16072),#3700);
#16072 = PRESENTATION_STYLE_ASSIGNMENT((#16073));
#16073 = SURFACE_STYLE_USAGE(.BOTH.,#16074);
#16074 = SURFACE_SIDE_STYLE('',(#16075));
#16075 = SURFACE_STYLE_FILL_AREA(#16076);
#16076 = FILL_AREA_STYLE('',(#16077));
#16077 = FILL_AREA_STYLE_COLOUR('',#15832);
#16078 = STYLED_ITEM('color',(#16079),#3735);
#16079 = PRESENTATION_STYLE_ASSIGNMENT((#16080));
#16080 = SURFACE_STYLE_USAGE(.BOTH.,#16081);
#16081 = SURFACE_SIDE_STYLE('',(#16082));
#16082 = SURFACE_STYLE_FILL_AREA(#16083);
#16083 = FILL_AREA_STYLE('',(#16084));
#16084 = FILL_AREA_STYLE_COLOUR('',#15832);
#16085 = STYLED_ITEM('color',(#16086),#3775);
#16086 = PRESENTATION_STYLE_ASSIGNMENT((#16087));
#16087 = SURFACE_STYLE_USAGE(.BOTH.,#16088);
#16088 = SURFACE_SIDE_STYLE('',(#16089));
#16089 = SURFACE_STYLE_FILL_AREA(#16090);
#16090 = FILL_AREA_STYLE('',(#16091));
#16091 = FILL_AREA_STYLE_COLOUR('',#15832);
#16092 = STYLED_ITEM('color',(#16093),#3799);
#16093 = PRESENTATION_STYLE_ASSIGNMENT((#16094));
#16094 = SURFACE_STYLE_USAGE(.BOTH.,#16095);
#16095 = SURFACE_SIDE_STYLE('',(#16096));
#16096 = SURFACE_STYLE_FILL_AREA(#16097);
#16097 = FILL_AREA_STYLE('',(#16098));
#16098 = FILL_AREA_STYLE_COLOUR('',#15832);
#16099 = STYLED_ITEM('color',(#16100),#3840);
#16100 = PRESENTATION_STYLE_ASSIGNMENT((#16101));
#16101 = SURFACE_STYLE_USAGE(.BOTH.,#16102);
#16102 = SURFACE_SIDE_STYLE('',(#16103));
#16103 = SURFACE_STYLE_FILL_AREA(#16104);
#16104 = FILL_AREA_STYLE('',(#16105));
#16105 = FILL_AREA_STYLE_COLOUR('',#15832);
#16106 = STYLED_ITEM('color',(#16107),#3889);
#16107 = PRESENTATION_STYLE_ASSIGNMENT((#16108));
#16108 = SURFACE_STYLE_USAGE(.BOTH.,#16109);
#16109 = SURFACE_SIDE_STYLE('',(#16110));
#16110 = SURFACE_STYLE_FILL_AREA(#16111);
#16111 = FILL_AREA_STYLE('',(#16112));
#16112 = FILL_AREA_STYLE_COLOUR('',#15832);
#16113 = STYLED_ITEM('color',(#16114),#3935);
#16114 = PRESENTATION_STYLE_ASSIGNMENT((#16115));
#16115 = SURFACE_STYLE_USAGE(.BOTH.,#16116);
#16116 = SURFACE_SIDE_STYLE('',(#16117));
#16117 = SURFACE_STYLE_FILL_AREA(#16118);
#16118 = FILL_AREA_STYLE('',(#16119));
#16119 = FILL_AREA_STYLE_COLOUR('',#15832);
#16120 = STYLED_ITEM('color',(#16121),#3952);
#16121 = PRESENTATION_STYLE_ASSIGNMENT((#16122));
#16122 = SURFACE_STYLE_USAGE(.BOTH.,#16123);
#16123 = SURFACE_SIDE_STYLE('',(#16124));
#16124 = SURFACE_STYLE_FILL_AREA(#16125);
#16125 = FILL_AREA_STYLE('',(#16126));
#16126 = FILL_AREA_STYLE_COLOUR('',#15832);
#16127 = STYLED_ITEM('color',(#16128),#3964);
#16128 = PRESENTATION_STYLE_ASSIGNMENT((#16129));
#16129 = SURFACE_STYLE_USAGE(.BOTH.,#16130);
#16130 = SURFACE_SIDE_STYLE('',(#16131));
#16131 = SURFACE_STYLE_FILL_AREA(#16132);
#16132 = FILL_AREA_STYLE('',(#16133));
#16133 = FILL_AREA_STYLE_COLOUR('',#16134);
#16134 = COLOUR_RGB('',0.823529417451,0.819607860991,0.780392170416);
#16135 = STYLED_ITEM('color',(#16136),#3995);
#16136 = PRESENTATION_STYLE_ASSIGNMENT((#16137));
#16137 = SURFACE_STYLE_USAGE(.BOTH.,#16138);
#16138 = SURFACE_SIDE_STYLE('',(#16139));
#16139 = SURFACE_STYLE_FILL_AREA(#16140);
#16140 = FILL_AREA_STYLE('',(#16141));
#16141 = FILL_AREA_STYLE_COLOUR('',#16134);
#16142 = STYLED_ITEM('color',(#16143),#4051);
#16143 = PRESENTATION_STYLE_ASSIGNMENT((#16144));
#16144 = SURFACE_STYLE_USAGE(.BOTH.,#16145);
#16145 = SURFACE_SIDE_STYLE('',(#16146));
#16146 = SURFACE_STYLE_FILL_AREA(#16147);
#16147 = FILL_AREA_STYLE('',(#16148));
#16148 = FILL_AREA_STYLE_COLOUR('',#16134);
#16149 = STYLED_ITEM('color',(#16150),#4075);
#16150 = PRESENTATION_STYLE_ASSIGNMENT((#16151));
#16151 = SURFACE_STYLE_USAGE(.BOTH.,#16152);
#16152 = SURFACE_SIDE_STYLE('',(#16153));
#16153 = SURFACE_STYLE_FILL_AREA(#16154);
#16154 = FILL_AREA_STYLE('',(#16155));
#16155 = FILL_AREA_STYLE_COLOUR('',#16134);
#16156 = STYLED_ITEM('color',(#16157),#4124);
#16157 = PRESENTATION_STYLE_ASSIGNMENT((#16158));
#16158 = SURFACE_STYLE_USAGE(.BOTH.,#16159);
#16159 = SURFACE_SIDE_STYLE('',(#16160));
#16160 = SURFACE_STYLE_FILL_AREA(#16161);
#16161 = FILL_AREA_STYLE('',(#16162));
#16162 = FILL_AREA_STYLE_COLOUR('',#15832);
#16163 = STYLED_ITEM('color',(#16164),#4136);
#16164 = PRESENTATION_STYLE_ASSIGNMENT((#16165));
#16165 = SURFACE_STYLE_USAGE(.BOTH.,#16166);
#16166 = SURFACE_SIDE_STYLE('',(#16167));
#16167 = SURFACE_STYLE_FILL_AREA(#16168);
#16168 = FILL_AREA_STYLE('',(#16169));
#16169 = FILL_AREA_STYLE_COLOUR('',#15832);
#16170 = STYLED_ITEM('color',(#16171),#4239);
#16171 = PRESENTATION_STYLE_ASSIGNMENT((#16172));
#16172 = SURFACE_STYLE_USAGE(.BOTH.,#16173);
#16173 = SURFACE_SIDE_STYLE('',(#16174));
#16174 = SURFACE_STYLE_FILL_AREA(#16175);
#16175 = FILL_AREA_STYLE('',(#16176));
#16176 = FILL_AREA_STYLE_COLOUR('',#15832);
#16177 = STYLED_ITEM('color',(#16178),#4263);
#16178 = PRESENTATION_STYLE_ASSIGNMENT((#16179));
#16179 = SURFACE_STYLE_USAGE(.BOTH.,#16180);
#16180 = SURFACE_SIDE_STYLE('',(#16181));
#16181 = SURFACE_STYLE_FILL_AREA(#16182);
#16182 = FILL_AREA_STYLE('',(#16183));
#16183 = FILL_AREA_STYLE_COLOUR('',#15832);
#16184 = STYLED_ITEM('color',(#16185),#4287);
#16185 = PRESENTATION_STYLE_ASSIGNMENT((#16186));
#16186 = SURFACE_STYLE_USAGE(.BOTH.,#16187);
#16187 = SURFACE_SIDE_STYLE('',(#16188));
#16188 = SURFACE_STYLE_FILL_AREA(#16189);
#16189 = FILL_AREA_STYLE('',(#16190));
#16190 = FILL_AREA_STYLE_COLOUR('',#15832);
#16191 = STYLED_ITEM('color',(#16192),#4304);
#16192 = PRESENTATION_STYLE_ASSIGNMENT((#16193));
#16193 = SURFACE_STYLE_USAGE(.BOTH.,#16194);
#16194 = SURFACE_SIDE_STYLE('',(#16195));
#16195 = SURFACE_STYLE_FILL_AREA(#16196);
#16196 = FILL_AREA_STYLE('',(#16197));
#16197 = FILL_AREA_STYLE_COLOUR('',#16134);
#16198 = STYLED_ITEM('color',(#16199),#4335);
#16199 = PRESENTATION_STYLE_ASSIGNMENT((#16200));
#16200 = SURFACE_STYLE_USAGE(.BOTH.,#16201);
#16201 = SURFACE_SIDE_STYLE('',(#16202));
#16202 = SURFACE_STYLE_FILL_AREA(#16203);
#16203 = FILL_AREA_STYLE('',(#16204));
#16204 = FILL_AREA_STYLE_COLOUR('',#16134);
#16205 = STYLED_ITEM('color',(#16206),#4391);
#16206 = PRESENTATION_STYLE_ASSIGNMENT((#16207));
#16207 = SURFACE_STYLE_USAGE(.BOTH.,#16208);
#16208 = SURFACE_SIDE_STYLE('',(#16209));
#16209 = SURFACE_STYLE_FILL_AREA(#16210);
#16210 = FILL_AREA_STYLE('',(#16211));
#16211 = FILL_AREA_STYLE_COLOUR('',#16134);
#16212 = STYLED_ITEM('color',(#16213),#4415);
#16213 = PRESENTATION_STYLE_ASSIGNMENT((#16214));
#16214 = SURFACE_STYLE_USAGE(.BOTH.,#16215);
#16215 = SURFACE_SIDE_STYLE('',(#16216));
#16216 = SURFACE_STYLE_FILL_AREA(#16217);
#16217 = FILL_AREA_STYLE('',(#16218));
#16218 = FILL_AREA_STYLE_COLOUR('',#16134);
#16219 = STYLED_ITEM('color',(#16220),#4464);
#16220 = PRESENTATION_STYLE_ASSIGNMENT((#16221));
#16221 = SURFACE_STYLE_USAGE(.BOTH.,#16222);
#16222 = SURFACE_SIDE_STYLE('',(#16223));
#16223 = SURFACE_STYLE_FILL_AREA(#16224);
#16224 = FILL_AREA_STYLE('',(#16225));
#16225 = FILL_AREA_STYLE_COLOUR('',#16134);
#16226 = STYLED_ITEM('color',(#16227),#4481);
#16227 = PRESENTATION_STYLE_ASSIGNMENT((#16228));
#16228 = SURFACE_STYLE_USAGE(.BOTH.,#16229);
#16229 = SURFACE_SIDE_STYLE('',(#16230));
#16230 = SURFACE_STYLE_FILL_AREA(#16231);
#16231 = FILL_AREA_STYLE('',(#16232));
#16232 = FILL_AREA_STYLE_COLOUR('',#16134);
#16233 = STYLED_ITEM('color',(#16234),#4528);
#16234 = PRESENTATION_STYLE_ASSIGNMENT((#16235));
#16235 = SURFACE_STYLE_USAGE(.BOTH.,#16236);
#16236 = SURFACE_SIDE_STYLE('',(#16237));
#16237 = SURFACE_STYLE_FILL_AREA(#16238);
#16238 = FILL_AREA_STYLE('',(#16239));
#16239 = FILL_AREA_STYLE_COLOUR('',#16134);
#16240 = STYLED_ITEM('color',(#16241),#4554);
#16241 = PRESENTATION_STYLE_ASSIGNMENT((#16242));
#16242 = SURFACE_STYLE_USAGE(.BOTH.,#16243);
#16243 = SURFACE_SIDE_STYLE('',(#16244));
#16244 = SURFACE_STYLE_FILL_AREA(#16245);
#16245 = FILL_AREA_STYLE('',(#16246));
#16246 = FILL_AREA_STYLE_COLOUR('',#16134);
#16247 = STYLED_ITEM('color',(#16248),#4571);
#16248 = PRESENTATION_STYLE_ASSIGNMENT((#16249));
#16249 = SURFACE_STYLE_USAGE(.BOTH.,#16250);
#16250 = SURFACE_SIDE_STYLE('',(#16251));
#16251 = SURFACE_STYLE_FILL_AREA(#16252);
#16252 = FILL_AREA_STYLE('',(#16253));
#16253 = FILL_AREA_STYLE_COLOUR('',#16134);
#16254 = STYLED_ITEM('color',(#16255),#4597);
#16255 = PRESENTATION_STYLE_ASSIGNMENT((#16256));
#16256 = SURFACE_STYLE_USAGE(.BOTH.,#16257);
#16257 = SURFACE_SIDE_STYLE('',(#16258));
#16258 = SURFACE_STYLE_FILL_AREA(#16259);
#16259 = FILL_AREA_STYLE('',(#16260));
#16260 = FILL_AREA_STYLE_COLOUR('',#16134);
#16261 = STYLED_ITEM('color',(#16262),#4630);
#16262 = PRESENTATION_STYLE_ASSIGNMENT((#16263));
#16263 = SURFACE_STYLE_USAGE(.BOTH.,#16264);
#16264 = SURFACE_SIDE_STYLE('',(#16265));
#16265 = SURFACE_STYLE_FILL_AREA(#16266);
#16266 = FILL_AREA_STYLE('',(#16267));
#16267 = FILL_AREA_STYLE_COLOUR('',#15832);
#16268 = STYLED_ITEM('color',(#16269),#4642);
#16269 = PRESENTATION_STYLE_ASSIGNMENT((#16270));
#16270 = SURFACE_STYLE_USAGE(.BOTH.,#16271);
#16271 = SURFACE_SIDE_STYLE('',(#16272));
#16272 = SURFACE_STYLE_FILL_AREA(#16273);
#16273 = FILL_AREA_STYLE('',(#16274));
#16274 = FILL_AREA_STYLE_COLOUR('',#16134);
#16275 = STYLED_ITEM('color',(#16276),#4673);
#16276 = PRESENTATION_STYLE_ASSIGNMENT((#16277));
#16277 = SURFACE_STYLE_USAGE(.BOTH.,#16278);
#16278 = SURFACE_SIDE_STYLE('',(#16279));
#16279 = SURFACE_STYLE_FILL_AREA(#16280);
#16280 = FILL_AREA_STYLE('',(#16281));
#16281 = FILL_AREA_STYLE_COLOUR('',#16134);
#16282 = STYLED_ITEM('color',(#16283),#4697);
#16283 = PRESENTATION_STYLE_ASSIGNMENT((#16284));
#16284 = SURFACE_STYLE_USAGE(.BOTH.,#16285);
#16285 = SURFACE_SIDE_STYLE('',(#16286));
#16286 = SURFACE_STYLE_FILL_AREA(#16287);
#16287 = FILL_AREA_STYLE('',(#16288));
#16288 = FILL_AREA_STYLE_COLOUR('',#16134);
#16289 = STYLED_ITEM('color',(#16290),#4721);
#16290 = PRESENTATION_STYLE_ASSIGNMENT((#16291));
#16291 = SURFACE_STYLE_USAGE(.BOTH.,#16292);
#16292 = SURFACE_SIDE_STYLE('',(#16293));
#16293 = SURFACE_STYLE_FILL_AREA(#16294);
#16294 = FILL_AREA_STYLE('',(#16295));
#16295 = FILL_AREA_STYLE_COLOUR('',#16134);
#16296 = STYLED_ITEM('color',(#16297),#4738);
#16297 = PRESENTATION_STYLE_ASSIGNMENT((#16298));
#16298 = SURFACE_STYLE_USAGE(.BOTH.,#16299);
#16299 = SURFACE_SIDE_STYLE('',(#16300));
#16300 = SURFACE_STYLE_FILL_AREA(#16301);
#16301 = FILL_AREA_STYLE('',(#16302));
#16302 = FILL_AREA_STYLE_COLOUR('',#16134);
#16303 = STYLED_ITEM('color',(#16304),#4769);
#16304 = PRESENTATION_STYLE_ASSIGNMENT((#16305));
#16305 = SURFACE_STYLE_USAGE(.BOTH.,#16306);
#16306 = SURFACE_SIDE_STYLE('',(#16307));
#16307 = SURFACE_STYLE_FILL_AREA(#16308);
#16308 = FILL_AREA_STYLE('',(#16309));
#16309 = FILL_AREA_STYLE_COLOUR('',#16134);
#16310 = STYLED_ITEM('color',(#16311),#4793);
#16311 = PRESENTATION_STYLE_ASSIGNMENT((#16312));
#16312 = SURFACE_STYLE_USAGE(.BOTH.,#16313);
#16313 = SURFACE_SIDE_STYLE('',(#16314));
#16314 = SURFACE_STYLE_FILL_AREA(#16315);
#16315 = FILL_AREA_STYLE('',(#16316));
#16316 = FILL_AREA_STYLE_COLOUR('',#16134);
#16317 = STYLED_ITEM('color',(#16318),#4817);
#16318 = PRESENTATION_STYLE_ASSIGNMENT((#16319));
#16319 = SURFACE_STYLE_USAGE(.BOTH.,#16320);
#16320 = SURFACE_SIDE_STYLE('',(#16321));
#16321 = SURFACE_STYLE_FILL_AREA(#16322);
#16322 = FILL_AREA_STYLE('',(#16323));
#16323 = FILL_AREA_STYLE_COLOUR('',#16134);
#16324 = STYLED_ITEM('color',(#16325),#4834);
#16325 = PRESENTATION_STYLE_ASSIGNMENT((#16326));
#16326 = SURFACE_STYLE_USAGE(.BOTH.,#16327);
#16327 = SURFACE_SIDE_STYLE('',(#16328));
#16328 = SURFACE_STYLE_FILL_AREA(#16329);
#16329 = FILL_AREA_STYLE('',(#16330));
#16330 = FILL_AREA_STYLE_COLOUR('',#16134);
#16331 = STYLED_ITEM('color',(#16332),#4851);
#16332 = PRESENTATION_STYLE_ASSIGNMENT((#16333));
#16333 = SURFACE_STYLE_USAGE(.BOTH.,#16334);
#16334 = SURFACE_SIDE_STYLE('',(#16335));
#16335 = SURFACE_STYLE_FILL_AREA(#16336);
#16336 = FILL_AREA_STYLE('',(#16337));
#16337 = FILL_AREA_STYLE_COLOUR('',#16134);
#16338 = STYLED_ITEM('color',(#16339),#4898);
#16339 = PRESENTATION_STYLE_ASSIGNMENT((#16340));
#16340 = SURFACE_STYLE_USAGE(.BOTH.,#16341);
#16341 = SURFACE_SIDE_STYLE('',(#16342));
#16342 = SURFACE_STYLE_FILL_AREA(#16343);
#16343 = FILL_AREA_STYLE('',(#16344));
#16344 = FILL_AREA_STYLE_COLOUR('',#16134);
#16345 = STYLED_ITEM('color',(#16346),#4924);
#16346 = PRESENTATION_STYLE_ASSIGNMENT((#16347));
#16347 = SURFACE_STYLE_USAGE(.BOTH.,#16348);
#16348 = SURFACE_SIDE_STYLE('',(#16349));
#16349 = SURFACE_STYLE_FILL_AREA(#16350);
#16350 = FILL_AREA_STYLE('',(#16351));
#16351 = FILL_AREA_STYLE_COLOUR('',#16134);
#16352 = STYLED_ITEM('color',(#16353),#4941);
#16353 = PRESENTATION_STYLE_ASSIGNMENT((#16354));
#16354 = SURFACE_STYLE_USAGE(.BOTH.,#16355);
#16355 = SURFACE_SIDE_STYLE('',(#16356));
#16356 = SURFACE_STYLE_FILL_AREA(#16357);
#16357 = FILL_AREA_STYLE('',(#16358));
#16358 = FILL_AREA_STYLE_COLOUR('',#16134);
#16359 = STYLED_ITEM('color',(#16360),#4967);
#16360 = PRESENTATION_STYLE_ASSIGNMENT((#16361));
#16361 = SURFACE_STYLE_USAGE(.BOTH.,#16362);
#16362 = SURFACE_SIDE_STYLE('',(#16363));
#16363 = SURFACE_STYLE_FILL_AREA(#16364);
#16364 = FILL_AREA_STYLE('',(#16365));
#16365 = FILL_AREA_STYLE_COLOUR('',#16134);
#16366 = STYLED_ITEM('color',(#16367),#5000);
#16367 = PRESENTATION_STYLE_ASSIGNMENT((#16368));
#16368 = SURFACE_STYLE_USAGE(.BOTH.,#16369);
#16369 = SURFACE_SIDE_STYLE('',(#16370));
#16370 = SURFACE_STYLE_FILL_AREA(#16371);
#16371 = FILL_AREA_STYLE('',(#16372));
#16372 = FILL_AREA_STYLE_COLOUR('',#16134);
#16373 = STYLED_ITEM('color',(#16374),#5017);
#16374 = PRESENTATION_STYLE_ASSIGNMENT((#16375));
#16375 = SURFACE_STYLE_USAGE(.BOTH.,#16376);
#16376 = SURFACE_SIDE_STYLE('',(#16377));
#16377 = SURFACE_STYLE_FILL_AREA(#16378);
#16378 = FILL_AREA_STYLE('',(#16379));
#16379 = FILL_AREA_STYLE_COLOUR('',#16134);
#16380 = STYLED_ITEM('color',(#16381),#5034);
#16381 = PRESENTATION_STYLE_ASSIGNMENT((#16382));
#16382 = SURFACE_STYLE_USAGE(.BOTH.,#16383);
#16383 = SURFACE_SIDE_STYLE('',(#16384));
#16384 = SURFACE_STYLE_FILL_AREA(#16385);
#16385 = FILL_AREA_STYLE('',(#16386));
#16386 = FILL_AREA_STYLE_COLOUR('',#16134);
#16387 = STYLED_ITEM('color',(#16388),#5046);
#16388 = PRESENTATION_STYLE_ASSIGNMENT((#16389));
#16389 = SURFACE_STYLE_USAGE(.BOTH.,#16390);
#16390 = SURFACE_SIDE_STYLE('',(#16391));
#16391 = SURFACE_STYLE_FILL_AREA(#16392);
#16392 = FILL_AREA_STYLE('',(#16393));
#16393 = FILL_AREA_STYLE_COLOUR('',#16134);
#16394 = STYLED_ITEM('color',(#16395),#5077);
#16395 = PRESENTATION_STYLE_ASSIGNMENT((#16396));
#16396 = SURFACE_STYLE_USAGE(.BOTH.,#16397);
#16397 = SURFACE_SIDE_STYLE('',(#16398));
#16398 = SURFACE_STYLE_FILL_AREA(#16399);
#16399 = FILL_AREA_STYLE('',(#16400));
#16400 = FILL_AREA_STYLE_COLOUR('',#16134);
#16401 = STYLED_ITEM('color',(#16402),#5101);
#16402 = PRESENTATION_STYLE_ASSIGNMENT((#16403));
#16403 = SURFACE_STYLE_USAGE(.BOTH.,#16404);
#16404 = SURFACE_SIDE_STYLE('',(#16405));
#16405 = SURFACE_STYLE_FILL_AREA(#16406);
#16406 = FILL_AREA_STYLE('',(#16407));
#16407 = FILL_AREA_STYLE_COLOUR('',#16134);
#16408 = STYLED_ITEM('color',(#16409),#5125);
#16409 = PRESENTATION_STYLE_ASSIGNMENT((#16410));
#16410 = SURFACE_STYLE_USAGE(.BOTH.,#16411);
#16411 = SURFACE_SIDE_STYLE('',(#16412));
#16412 = SURFACE_STYLE_FILL_AREA(#16413);
#16413 = FILL_AREA_STYLE('',(#16414));
#16414 = FILL_AREA_STYLE_COLOUR('',#16134);
#16415 = STYLED_ITEM('color',(#16416),#5142);
#16416 = PRESENTATION_STYLE_ASSIGNMENT((#16417));
#16417 = SURFACE_STYLE_USAGE(.BOTH.,#16418);
#16418 = SURFACE_SIDE_STYLE('',(#16419));
#16419 = SURFACE_STYLE_FILL_AREA(#16420);
#16420 = FILL_AREA_STYLE('',(#16421));
#16421 = FILL_AREA_STYLE_COLOUR('',#16134);
#16422 = STYLED_ITEM('color',(#16423),#5173);
#16423 = PRESENTATION_STYLE_ASSIGNMENT((#16424));
#16424 = SURFACE_STYLE_USAGE(.BOTH.,#16425);
#16425 = SURFACE_SIDE_STYLE('',(#16426));
#16426 = SURFACE_STYLE_FILL_AREA(#16427);
#16427 = FILL_AREA_STYLE('',(#16428));
#16428 = FILL_AREA_STYLE_COLOUR('',#16134);
#16429 = STYLED_ITEM('color',(#16430),#5197);
#16430 = PRESENTATION_STYLE_ASSIGNMENT((#16431));
#16431 = SURFACE_STYLE_USAGE(.BOTH.,#16432);
#16432 = SURFACE_SIDE_STYLE('',(#16433));
#16433 = SURFACE_STYLE_FILL_AREA(#16434);
#16434 = FILL_AREA_STYLE('',(#16435));
#16435 = FILL_AREA_STYLE_COLOUR('',#16134);
#16436 = STYLED_ITEM('color',(#16437),#5221);
#16437 = PRESENTATION_STYLE_ASSIGNMENT((#16438));
#16438 = SURFACE_STYLE_USAGE(.BOTH.,#16439);
#16439 = SURFACE_SIDE_STYLE('',(#16440));
#16440 = SURFACE_STYLE_FILL_AREA(#16441);
#16441 = FILL_AREA_STYLE('',(#16442));
#16442 = FILL_AREA_STYLE_COLOUR('',#16134);
#16443 = STYLED_ITEM('color',(#16444),#5238);
#16444 = PRESENTATION_STYLE_ASSIGNMENT((#16445));
#16445 = SURFACE_STYLE_USAGE(.BOTH.,#16446);
#16446 = SURFACE_SIDE_STYLE('',(#16447));
#16447 = SURFACE_STYLE_FILL_AREA(#16448);
#16448 = FILL_AREA_STYLE('',(#16449));
#16449 = FILL_AREA_STYLE_COLOUR('',#16134);
#16450 = STYLED_ITEM('color',(#16451),#5255);
#16451 = PRESENTATION_STYLE_ASSIGNMENT((#16452));
#16452 = SURFACE_STYLE_USAGE(.BOTH.,#16453);
#16453 = SURFACE_SIDE_STYLE('',(#16454));
#16454 = SURFACE_STYLE_FILL_AREA(#16455);
#16455 = FILL_AREA_STYLE('',(#16456));
#16456 = FILL_AREA_STYLE_COLOUR('',#16134);
#16457 = STYLED_ITEM('color',(#16458),#5272);
#16458 = PRESENTATION_STYLE_ASSIGNMENT((#16459));
#16459 = SURFACE_STYLE_USAGE(.BOTH.,#16460);
#16460 = SURFACE_SIDE_STYLE('',(#16461));
#16461 = SURFACE_STYLE_FILL_AREA(#16462);
#16462 = FILL_AREA_STYLE('',(#16463));
#16463 = FILL_AREA_STYLE_COLOUR('',#16134);
#16464 = STYLED_ITEM('color',(#16465),#5284);
#16465 = PRESENTATION_STYLE_ASSIGNMENT((#16466));
#16466 = SURFACE_STYLE_USAGE(.BOTH.,#16467);
#16467 = SURFACE_SIDE_STYLE('',(#16468));
#16468 = SURFACE_STYLE_FILL_AREA(#16469);
#16469 = FILL_AREA_STYLE('',(#16470));
#16470 = FILL_AREA_STYLE_COLOUR('',#16134);
#16471 = STYLED_ITEM('color',(#16472),#5296);
#16472 = PRESENTATION_STYLE_ASSIGNMENT((#16473));
#16473 = SURFACE_STYLE_USAGE(.BOTH.,#16474);
#16474 = SURFACE_SIDE_STYLE('',(#16475));
#16475 = SURFACE_STYLE_FILL_AREA(#16476);
#16476 = FILL_AREA_STYLE('',(#16477));
#16477 = FILL_AREA_STYLE_COLOUR('',#16134);
#16478 = MECHANICAL_DESIGN_GEOMETRIC_PRESENTATION_REPRESENTATION('',(
    #16479,#16487,#16494,#16501,#16508,#16515,#16522,#16529,#16537,
    #16544,#16551,#16558,#16565,#16572,#16580,#16587,#16594,#16601,
    #16608,#16615,#16622,#16629,#16636,#16643,#16650,#16657),#855);
#16479 = STYLED_ITEM('color',(#16480),#67);
#16480 = PRESENTATION_STYLE_ASSIGNMENT((#16481));
#16481 = SURFACE_STYLE_USAGE(.BOTH.,#16482);
#16482 = SURFACE_SIDE_STYLE('',(#16483));
#16483 = SURFACE_STYLE_FILL_AREA(#16484);
#16484 = FILL_AREA_STYLE('',(#16485));
#16485 = FILL_AREA_STYLE_COLOUR('',#16486);
#16486 = COLOUR_RGB('',0.823999987314,0.819999987296,0.781000009244);
#16487 = STYLED_ITEM('color',(#16488),#107);
#16488 = PRESENTATION_STYLE_ASSIGNMENT((#16489));
#16489 = SURFACE_STYLE_USAGE(.BOTH.,#16490);
#16490 = SURFACE_SIDE_STYLE('',(#16491));
#16491 = SURFACE_STYLE_FILL_AREA(#16492);
#16492 = FILL_AREA_STYLE('',(#16493));
#16493 = FILL_AREA_STYLE_COLOUR('',#16486);
#16494 = STYLED_ITEM('color',(#16495),#190);
#16495 = PRESENTATION_STYLE_ASSIGNMENT((#16496));
#16496 = SURFACE_STYLE_USAGE(.BOTH.,#16497);
#16497 = SURFACE_SIDE_STYLE('',(#16498));
#16498 = SURFACE_STYLE_FILL_AREA(#16499);
#16499 = FILL_AREA_STYLE('',(#16500));
#16500 = FILL_AREA_STYLE_COLOUR('',#16486);
#16501 = STYLED_ITEM('color',(#16502),#215);
#16502 = PRESENTATION_STYLE_ASSIGNMENT((#16503));
#16503 = SURFACE_STYLE_USAGE(.BOTH.,#16504);
#16504 = SURFACE_SIDE_STYLE('',(#16505));
#16505 = SURFACE_STYLE_FILL_AREA(#16506);
#16506 = FILL_AREA_STYLE('',(#16507));
#16507 = FILL_AREA_STYLE_COLOUR('',#16486);
#16508 = STYLED_ITEM('color',(#16509),#240);
#16509 = PRESENTATION_STYLE_ASSIGNMENT((#16510));
#16510 = SURFACE_STYLE_USAGE(.BOTH.,#16511);
#16511 = SURFACE_SIDE_STYLE('',(#16512));
#16512 = SURFACE_STYLE_FILL_AREA(#16513);
#16513 = FILL_AREA_STYLE('',(#16514));
#16514 = FILL_AREA_STYLE_COLOUR('',#16486);
#16515 = STYLED_ITEM('color',(#16516),#307);
#16516 = PRESENTATION_STYLE_ASSIGNMENT((#16517));
#16517 = SURFACE_STYLE_USAGE(.BOTH.,#16518);
#16518 = SURFACE_SIDE_STYLE('',(#16519));
#16519 = SURFACE_STYLE_FILL_AREA(#16520);
#16520 = FILL_AREA_STYLE('',(#16521));
#16521 = FILL_AREA_STYLE_COLOUR('',#16486);
#16522 = STYLED_ITEM('color',(#16523),#324);
#16523 = PRESENTATION_STYLE_ASSIGNMENT((#16524));
#16524 = SURFACE_STYLE_USAGE(.BOTH.,#16525);
#16525 = SURFACE_SIDE_STYLE('',(#16526));
#16526 = SURFACE_STYLE_FILL_AREA(#16527);
#16527 = FILL_AREA_STYLE('',(#16528));
#16528 = FILL_AREA_STYLE_COLOUR('',#16486);
#16529 = STYLED_ITEM('color',(#16530),#341);
#16530 = PRESENTATION_STYLE_ASSIGNMENT((#16531));
#16531 = SURFACE_STYLE_USAGE(.BOTH.,#16532);
#16532 = SURFACE_SIDE_STYLE('',(#16533));
#16533 = SURFACE_STYLE_FILL_AREA(#16534);
#16534 = FILL_AREA_STYLE('',(#16535));
#16535 = FILL_AREA_STYLE_COLOUR('',#16536);
#16536 = COLOUR_RGB('',0.894999966383,0.890999961016,0.813000030345);
#16537 = STYLED_ITEM('color',(#16538),#390);
#16538 = PRESENTATION_STYLE_ASSIGNMENT((#16539));
#16539 = SURFACE_STYLE_USAGE(.BOTH.,#16540);
#16540 = SURFACE_SIDE_STYLE('',(#16541));
#16541 = SURFACE_STYLE_FILL_AREA(#16542);
#16542 = FILL_AREA_STYLE('',(#16543));
#16543 = FILL_AREA_STYLE_COLOUR('',#16486);
#16544 = STYLED_ITEM('color',(#16545),#407);
#16545 = PRESENTATION_STYLE_ASSIGNMENT((#16546));
#16546 = SURFACE_STYLE_USAGE(.BOTH.,#16547);
#16547 = SURFACE_SIDE_STYLE('',(#16548));
#16548 = SURFACE_STYLE_FILL_AREA(#16549);
#16549 = FILL_AREA_STYLE('',(#16550));
#16550 = FILL_AREA_STYLE_COLOUR('',#16486);
#16551 = STYLED_ITEM('color',(#16552),#424);
#16552 = PRESENTATION_STYLE_ASSIGNMENT((#16553));
#16553 = SURFACE_STYLE_USAGE(.BOTH.,#16554);
#16554 = SURFACE_SIDE_STYLE('',(#16555));
#16555 = SURFACE_STYLE_FILL_AREA(#16556);
#16556 = FILL_AREA_STYLE('',(#16557));
#16557 = FILL_AREA_STYLE_COLOUR('',#16536);
#16558 = STYLED_ITEM('color',(#16559),#473);
#16559 = PRESENTATION_STYLE_ASSIGNMENT((#16560));
#16560 = SURFACE_STYLE_USAGE(.BOTH.,#16561);
#16561 = SURFACE_SIDE_STYLE('',(#16562));
#16562 = SURFACE_STYLE_FILL_AREA(#16563);
#16563 = FILL_AREA_STYLE('',(#16564));
#16564 = FILL_AREA_STYLE_COLOUR('',#16536);
#16565 = STYLED_ITEM('color',(#16566),#490);
#16566 = PRESENTATION_STYLE_ASSIGNMENT((#16567));
#16567 = SURFACE_STYLE_USAGE(.BOTH.,#16568);
#16568 = SURFACE_SIDE_STYLE('',(#16569));
#16569 = SURFACE_STYLE_FILL_AREA(#16570);
#16570 = FILL_AREA_STYLE('',(#16571));
#16571 = FILL_AREA_STYLE_COLOUR('',#16486);
#16572 = STYLED_ITEM('color',(#16573),#559);
#16573 = PRESENTATION_STYLE_ASSIGNMENT((#16574));
#16574 = SURFACE_STYLE_USAGE(.BOTH.,#16575);
#16575 = SURFACE_SIDE_STYLE('',(#16576));
#16576 = SURFACE_STYLE_FILL_AREA(#16577);
#16577 = FILL_AREA_STYLE('',(#16578));
#16578 = FILL_AREA_STYLE_COLOUR('',#16579);
#16579 = COLOUR_RGB('',8.200000279077E-02,8.600000121357E-02,
  9.399999706163E-02);
#16580 = STYLED_ITEM('color',(#16581),#590);
#16581 = PRESENTATION_STYLE_ASSIGNMENT((#16582));
#16582 = SURFACE_STYLE_USAGE(.BOTH.,#16583);
#16583 = SURFACE_SIDE_STYLE('',(#16584));
#16584 = SURFACE_STYLE_FILL_AREA(#16585);
#16585 = FILL_AREA_STYLE('',(#16586));
#16586 = FILL_AREA_STYLE_COLOUR('',#16579);
#16587 = STYLED_ITEM('color',(#16588),#614);
#16588 = PRESENTATION_STYLE_ASSIGNMENT((#16589));
#16589 = SURFACE_STYLE_USAGE(.BOTH.,#16590);
#16590 = SURFACE_SIDE_STYLE('',(#16591));
#16591 = SURFACE_STYLE_FILL_AREA(#16592);
#16592 = FILL_AREA_STYLE('',(#16593));
#16593 = FILL_AREA_STYLE_COLOUR('',#16486);
#16594 = STYLED_ITEM('color',(#16595),#683);
#16595 = PRESENTATION_STYLE_ASSIGNMENT((#16596));
#16596 = SURFACE_STYLE_USAGE(.BOTH.,#16597);
#16597 = SURFACE_SIDE_STYLE('',(#16598));
#16598 = SURFACE_STYLE_FILL_AREA(#16599);
#16599 = FILL_AREA_STYLE('',(#16600));
#16600 = FILL_AREA_STYLE_COLOUR('',#16579);
#16601 = STYLED_ITEM('color',(#16602),#707);
#16602 = PRESENTATION_STYLE_ASSIGNMENT((#16603));
#16603 = SURFACE_STYLE_USAGE(.BOTH.,#16604);
#16604 = SURFACE_SIDE_STYLE('',(#16605));
#16605 = SURFACE_STYLE_FILL_AREA(#16606);
#16606 = FILL_AREA_STYLE('',(#16607));
#16607 = FILL_AREA_STYLE_COLOUR('',#16486);
#16608 = STYLED_ITEM('color',(#16609),#724);
#16609 = PRESENTATION_STYLE_ASSIGNMENT((#16610));
#16610 = SURFACE_STYLE_USAGE(.BOTH.,#16611);
#16611 = SURFACE_SIDE_STYLE('',(#16612));
#16612 = SURFACE_STYLE_FILL_AREA(#16613);
#16613 = FILL_AREA_STYLE('',(#16614));
#16614 = FILL_AREA_STYLE_COLOUR('',#16486);
#16615 = STYLED_ITEM('color',(#16616),#741);
#16616 = PRESENTATION_STYLE_ASSIGNMENT((#16617));
#16617 = SURFACE_STYLE_USAGE(.BOTH.,#16618);
#16618 = SURFACE_SIDE_STYLE('',(#16619));
#16619 = SURFACE_STYLE_FILL_AREA(#16620);
#16620 = FILL_AREA_STYLE('',(#16621));
#16621 = FILL_AREA_STYLE_COLOUR('',#16486);
#16622 = STYLED_ITEM('color',(#16623),#758);
#16623 = PRESENTATION_STYLE_ASSIGNMENT((#16624));
#16624 = SURFACE_STYLE_USAGE(.BOTH.,#16625);
#16625 = SURFACE_SIDE_STYLE('',(#16626));
#16626 = SURFACE_STYLE_FILL_AREA(#16627);
#16627 = FILL_AREA_STYLE('',(#16628));
#16628 = FILL_AREA_STYLE_COLOUR('',#16486);
#16629 = STYLED_ITEM('color',(#16630),#775);
#16630 = PRESENTATION_STYLE_ASSIGNMENT((#16631));
#16631 = SURFACE_STYLE_USAGE(.BOTH.,#16632);
#16632 = SURFACE_SIDE_STYLE('',(#16633));
#16633 = SURFACE_STYLE_FILL_AREA(#16634);
#16634 = FILL_AREA_STYLE('',(#16635));
#16635 = FILL_AREA_STYLE_COLOUR('',#16486);
#16636 = STYLED_ITEM('color',(#16637),#792);
#16637 = PRESENTATION_STYLE_ASSIGNMENT((#16638));
#16638 = SURFACE_STYLE_USAGE(.BOTH.,#16639);
#16639 = SURFACE_SIDE_STYLE('',(#16640));
#16640 = SURFACE_STYLE_FILL_AREA(#16641);
#16641 = FILL_AREA_STYLE('',(#16642));
#16642 = FILL_AREA_STYLE_COLOUR('',#16486);
#16643 = STYLED_ITEM('color',(#16644),#809);
#16644 = PRESENTATION_STYLE_ASSIGNMENT((#16645));
#16645 = SURFACE_STYLE_USAGE(.BOTH.,#16646);
#16646 = SURFACE_SIDE_STYLE('',(#16647));
#16647 = SURFACE_STYLE_FILL_AREA(#16648);
#16648 = FILL_AREA_STYLE('',(#16649));
#16649 = FILL_AREA_STYLE_COLOUR('',#16486);
#16650 = STYLED_ITEM('color',(#16651),#826);
#16651 = PRESENTATION_STYLE_ASSIGNMENT((#16652));
#16652 = SURFACE_STYLE_USAGE(.BOTH.,#16653);
#16653 = SURFACE_SIDE_STYLE('',(#16654));
#16654 = SURFACE_STYLE_FILL_AREA(#16655);
#16655 = FILL_AREA_STYLE('',(#16656));
#16656 = FILL_AREA_STYLE_COLOUR('',#16579);
#16657 = STYLED_ITEM('color',(#16658),#843);
#16658 = PRESENTATION_STYLE_ASSIGNMENT((#16659));
#16659 = SURFACE_STYLE_USAGE(.BOTH.,#16660);
#16660 = SURFACE_SIDE_STYLE('',(#16661));
#16661 = SURFACE_STYLE_FILL_AREA(#16662);
#16662 = FILL_AREA_STYLE('',(#16663));
#16663 = FILL_AREA_STYLE_COLOUR('',#16579);
#16664 = MECHANICAL_DESIGN_GEOMETRIC_PRESENTATION_REPRESENTATION('',(
    #16665,#16673,#16680,#16687,#16694,#16701,#16708,#16715,#16722,
    #16729,#16736,#16743,#16750,#16757,#16764,#16771,#16778,#16785,
    #16792,#16799,#16806,#16813,#16820,#16828,#16835,#16842,#16849,
    #16856,#16863,#16870,#16877,#16884,#16891,#16898,#16905,#16912,
    #16919,#16926,#16933,#16940,#16947,#16954,#16961,#16968,#16975,
    #16982,#16989,#16996,#17003,#17010,#17017,#17024,#17031,#17038,
    #17045,#17052,#17059,#17066,#17073,#17080,#17087,#17094,#17101,
    #17108,#17115,#17122,#17129,#17136,#17143,#17150,#17157,#17164,
    #17171,#17178,#17185,#17192),#7438);
#16665 = STYLED_ITEM('color',(#16666),#5334);
#16666 = PRESENTATION_STYLE_ASSIGNMENT((#16667));
#16667 = SURFACE_STYLE_USAGE(.BOTH.,#16668);
#16668 = SURFACE_SIDE_STYLE('',(#16669));
#16669 = SURFACE_STYLE_FILL_AREA(#16670);
#16670 = FILL_AREA_STYLE('',(#16671));
#16671 = FILL_AREA_STYLE_COLOUR('',#16672);
#16672 = COLOUR_RGB('',0.147999998088,0.144999993226,0.144999993226);
#16673 = STYLED_ITEM('color',(#16674),#5374);
#16674 = PRESENTATION_STYLE_ASSIGNMENT((#16675));
#16675 = SURFACE_STYLE_USAGE(.BOTH.,#16676);
#16676 = SURFACE_SIDE_STYLE('',(#16677));
#16677 = SURFACE_STYLE_FILL_AREA(#16678);
#16678 = FILL_AREA_STYLE('',(#16679));
#16679 = FILL_AREA_STYLE_COLOUR('',#16672);
#16680 = STYLED_ITEM('color',(#16681),#5405);
#16681 = PRESENTATION_STYLE_ASSIGNMENT((#16682));
#16682 = SURFACE_STYLE_USAGE(.BOTH.,#16683);
#16683 = SURFACE_SIDE_STYLE('',(#16684));
#16684 = SURFACE_STYLE_FILL_AREA(#16685);
#16685 = FILL_AREA_STYLE('',(#16686));
#16686 = FILL_AREA_STYLE_COLOUR('',#16672);
#16687 = STYLED_ITEM('color',(#16688),#5436);
#16688 = PRESENTATION_STYLE_ASSIGNMENT((#16689));
#16689 = SURFACE_STYLE_USAGE(.BOTH.,#16690);
#16690 = SURFACE_SIDE_STYLE('',(#16691));
#16691 = SURFACE_STYLE_FILL_AREA(#16692);
#16692 = FILL_AREA_STYLE('',(#16693));
#16693 = FILL_AREA_STYLE_COLOUR('',#16672);
#16694 = STYLED_ITEM('color',(#16695),#5683);
#16695 = PRESENTATION_STYLE_ASSIGNMENT((#16696));
#16696 = SURFACE_STYLE_USAGE(.BOTH.,#16697);
#16697 = SURFACE_SIDE_STYLE('',(#16698));
#16698 = SURFACE_STYLE_FILL_AREA(#16699);
#16699 = FILL_AREA_STYLE('',(#16700));
#16700 = FILL_AREA_STYLE_COLOUR('',#16672);
#16701 = STYLED_ITEM('color',(#16702),#5930);
#16702 = PRESENTATION_STYLE_ASSIGNMENT((#16703));
#16703 = SURFACE_STYLE_USAGE(.BOTH.,#16704);
#16704 = SURFACE_SIDE_STYLE('',(#16705));
#16705 = SURFACE_STYLE_FILL_AREA(#16706);
#16706 = FILL_AREA_STYLE('',(#16707));
#16707 = FILL_AREA_STYLE_COLOUR('',#16672);
#16708 = STYLED_ITEM('color',(#16709),#5947);
#16709 = PRESENTATION_STYLE_ASSIGNMENT((#16710));
#16710 = SURFACE_STYLE_USAGE(.BOTH.,#16711);
#16711 = SURFACE_SIDE_STYLE('',(#16712));
#16712 = SURFACE_STYLE_FILL_AREA(#16713);
#16713 = FILL_AREA_STYLE('',(#16714));
#16714 = FILL_AREA_STYLE_COLOUR('',#16672);
#16715 = STYLED_ITEM('color',(#16716),#5964);
#16716 = PRESENTATION_STYLE_ASSIGNMENT((#16717));
#16717 = SURFACE_STYLE_USAGE(.BOTH.,#16718);
#16718 = SURFACE_SIDE_STYLE('',(#16719));
#16719 = SURFACE_STYLE_FILL_AREA(#16720);
#16720 = FILL_AREA_STYLE('',(#16721));
#16721 = FILL_AREA_STYLE_COLOUR('',#16672);
#16722 = STYLED_ITEM('color',(#16723),#5981);
#16723 = PRESENTATION_STYLE_ASSIGNMENT((#16724));
#16724 = SURFACE_STYLE_USAGE(.BOTH.,#16725);
#16725 = SURFACE_SIDE_STYLE('',(#16726));
#16726 = SURFACE_STYLE_FILL_AREA(#16727);
#16727 = FILL_AREA_STYLE('',(#16728));
#16728 = FILL_AREA_STYLE_COLOUR('',#16672);
#16729 = STYLED_ITEM('color',(#16730),#5998);
#16730 = PRESENTATION_STYLE_ASSIGNMENT((#16731));
#16731 = SURFACE_STYLE_USAGE(.BOTH.,#16732);
#16732 = SURFACE_SIDE_STYLE('',(#16733));
#16733 = SURFACE_STYLE_FILL_AREA(#16734);
#16734 = FILL_AREA_STYLE('',(#16735));
#16735 = FILL_AREA_STYLE_COLOUR('',#16672);
#16736 = STYLED_ITEM('color',(#16737),#6015);
#16737 = PRESENTATION_STYLE_ASSIGNMENT((#16738));
#16738 = SURFACE_STYLE_USAGE(.BOTH.,#16739);
#16739 = SURFACE_SIDE_STYLE('',(#16740));
#16740 = SURFACE_STYLE_FILL_AREA(#16741);
#16741 = FILL_AREA_STYLE('',(#16742));
#16742 = FILL_AREA_STYLE_COLOUR('',#16672);
#16743 = STYLED_ITEM('color',(#16744),#6032);
#16744 = PRESENTATION_STYLE_ASSIGNMENT((#16745));
#16745 = SURFACE_STYLE_USAGE(.BOTH.,#16746);
#16746 = SURFACE_SIDE_STYLE('',(#16747));
#16747 = SURFACE_STYLE_FILL_AREA(#16748);
#16748 = FILL_AREA_STYLE('',(#16749));
#16749 = FILL_AREA_STYLE_COLOUR('',#16672);
#16750 = STYLED_ITEM('color',(#16751),#6049);
#16751 = PRESENTATION_STYLE_ASSIGNMENT((#16752));
#16752 = SURFACE_STYLE_USAGE(.BOTH.,#16753);
#16753 = SURFACE_SIDE_STYLE('',(#16754));
#16754 = SURFACE_STYLE_FILL_AREA(#16755);
#16755 = FILL_AREA_STYLE('',(#16756));
#16756 = FILL_AREA_STYLE_COLOUR('',#16672);
#16757 = STYLED_ITEM('color',(#16758),#6066);
#16758 = PRESENTATION_STYLE_ASSIGNMENT((#16759));
#16759 = SURFACE_STYLE_USAGE(.BOTH.,#16760);
#16760 = SURFACE_SIDE_STYLE('',(#16761));
#16761 = SURFACE_STYLE_FILL_AREA(#16762);
#16762 = FILL_AREA_STYLE('',(#16763));
#16763 = FILL_AREA_STYLE_COLOUR('',#16672);
#16764 = STYLED_ITEM('color',(#16765),#6083);
#16765 = PRESENTATION_STYLE_ASSIGNMENT((#16766));
#16766 = SURFACE_STYLE_USAGE(.BOTH.,#16767);
#16767 = SURFACE_SIDE_STYLE('',(#16768));
#16768 = SURFACE_STYLE_FILL_AREA(#16769);
#16769 = FILL_AREA_STYLE('',(#16770));
#16770 = FILL_AREA_STYLE_COLOUR('',#16672);
#16771 = STYLED_ITEM('color',(#16772),#6100);
#16772 = PRESENTATION_STYLE_ASSIGNMENT((#16773));
#16773 = SURFACE_STYLE_USAGE(.BOTH.,#16774);
#16774 = SURFACE_SIDE_STYLE('',(#16775));
#16775 = SURFACE_STYLE_FILL_AREA(#16776);
#16776 = FILL_AREA_STYLE('',(#16777));
#16777 = FILL_AREA_STYLE_COLOUR('',#16672);
#16778 = STYLED_ITEM('color',(#16779),#6117);
#16779 = PRESENTATION_STYLE_ASSIGNMENT((#16780));
#16780 = SURFACE_STYLE_USAGE(.BOTH.,#16781);
#16781 = SURFACE_SIDE_STYLE('',(#16782));
#16782 = SURFACE_STYLE_FILL_AREA(#16783);
#16783 = FILL_AREA_STYLE('',(#16784));
#16784 = FILL_AREA_STYLE_COLOUR('',#16672);
#16785 = STYLED_ITEM('color',(#16786),#6134);
#16786 = PRESENTATION_STYLE_ASSIGNMENT((#16787));
#16787 = SURFACE_STYLE_USAGE(.BOTH.,#16788);
#16788 = SURFACE_SIDE_STYLE('',(#16789));
#16789 = SURFACE_STYLE_FILL_AREA(#16790);
#16790 = FILL_AREA_STYLE('',(#16791));
#16791 = FILL_AREA_STYLE_COLOUR('',#16672);
#16792 = STYLED_ITEM('color',(#16793),#6151);
#16793 = PRESENTATION_STYLE_ASSIGNMENT((#16794));
#16794 = SURFACE_STYLE_USAGE(.BOTH.,#16795);
#16795 = SURFACE_SIDE_STYLE('',(#16796));
#16796 = SURFACE_STYLE_FILL_AREA(#16797);
#16797 = FILL_AREA_STYLE('',(#16798));
#16798 = FILL_AREA_STYLE_COLOUR('',#16672);
#16799 = STYLED_ITEM('color',(#16800),#6168);
#16800 = PRESENTATION_STYLE_ASSIGNMENT((#16801));
#16801 = SURFACE_STYLE_USAGE(.BOTH.,#16802);
#16802 = SURFACE_SIDE_STYLE('',(#16803));
#16803 = SURFACE_STYLE_FILL_AREA(#16804);
#16804 = FILL_AREA_STYLE('',(#16805));
#16805 = FILL_AREA_STYLE_COLOUR('',#16672);
#16806 = STYLED_ITEM('color',(#16807),#6185);
#16807 = PRESENTATION_STYLE_ASSIGNMENT((#16808));
#16808 = SURFACE_STYLE_USAGE(.BOTH.,#16809);
#16809 = SURFACE_SIDE_STYLE('',(#16810));
#16810 = SURFACE_STYLE_FILL_AREA(#16811);
#16811 = FILL_AREA_STYLE('',(#16812));
#16812 = FILL_AREA_STYLE_COLOUR('',#16672);
#16813 = STYLED_ITEM('color',(#16814),#6202);
#16814 = PRESENTATION_STYLE_ASSIGNMENT((#16815));
#16815 = SURFACE_STYLE_USAGE(.BOTH.,#16816);
#16816 = SURFACE_SIDE_STYLE('',(#16817));
#16817 = SURFACE_STYLE_FILL_AREA(#16818);
#16818 = FILL_AREA_STYLE('',(#16819));
#16819 = FILL_AREA_STYLE_COLOUR('',#16672);
#16820 = STYLED_ITEM('color',(#16821),#6214);
#16821 = PRESENTATION_STYLE_ASSIGNMENT((#16822));
#16822 = SURFACE_STYLE_USAGE(.BOTH.,#16823);
#16823 = SURFACE_SIDE_STYLE('',(#16824));
#16824 = SURFACE_STYLE_FILL_AREA(#16825);
#16825 = FILL_AREA_STYLE('',(#16826));
#16826 = FILL_AREA_STYLE_COLOUR('',#16827);
#16827 = COLOUR_RGB('',0.859000020776,0.737999965183,0.495999988746);
#16828 = STYLED_ITEM('color',(#16829),#6245);
#16829 = PRESENTATION_STYLE_ASSIGNMENT((#16830));
#16830 = SURFACE_STYLE_USAGE(.BOTH.,#16831);
#16831 = SURFACE_SIDE_STYLE('',(#16832));
#16832 = SURFACE_STYLE_FILL_AREA(#16833);
#16833 = FILL_AREA_STYLE('',(#16834));
#16834 = FILL_AREA_STYLE_COLOUR('',#16827);
#16835 = STYLED_ITEM('color',(#16836),#6269);
#16836 = PRESENTATION_STYLE_ASSIGNMENT((#16837));
#16837 = SURFACE_STYLE_USAGE(.BOTH.,#16838);
#16838 = SURFACE_SIDE_STYLE('',(#16839));
#16839 = SURFACE_STYLE_FILL_AREA(#16840);
#16840 = FILL_AREA_STYLE('',(#16841));
#16841 = FILL_AREA_STYLE_COLOUR('',#16827);
#16842 = STYLED_ITEM('color',(#16843),#6293);
#16843 = PRESENTATION_STYLE_ASSIGNMENT((#16844));
#16844 = SURFACE_STYLE_USAGE(.BOTH.,#16845);
#16845 = SURFACE_SIDE_STYLE('',(#16846));
#16846 = SURFACE_STYLE_FILL_AREA(#16847);
#16847 = FILL_AREA_STYLE('',(#16848));
#16848 = FILL_AREA_STYLE_COLOUR('',#16827);
#16849 = STYLED_ITEM('color',(#16850),#6310);
#16850 = PRESENTATION_STYLE_ASSIGNMENT((#16851));
#16851 = SURFACE_STYLE_USAGE(.BOTH.,#16852);
#16852 = SURFACE_SIDE_STYLE('',(#16853));
#16853 = SURFACE_STYLE_FILL_AREA(#16854);
#16854 = FILL_AREA_STYLE('',(#16855));
#16855 = FILL_AREA_STYLE_COLOUR('',#16827);
#16856 = STYLED_ITEM('color',(#16857),#6341);
#16857 = PRESENTATION_STYLE_ASSIGNMENT((#16858));
#16858 = SURFACE_STYLE_USAGE(.BOTH.,#16859);
#16859 = SURFACE_SIDE_STYLE('',(#16860));
#16860 = SURFACE_STYLE_FILL_AREA(#16861);
#16861 = FILL_AREA_STYLE('',(#16862));
#16862 = FILL_AREA_STYLE_COLOUR('',#16827);
#16863 = STYLED_ITEM('color',(#16864),#6365);
#16864 = PRESENTATION_STYLE_ASSIGNMENT((#16865));
#16865 = SURFACE_STYLE_USAGE(.BOTH.,#16866);
#16866 = SURFACE_SIDE_STYLE('',(#16867));
#16867 = SURFACE_STYLE_FILL_AREA(#16868);
#16868 = FILL_AREA_STYLE('',(#16869));
#16869 = FILL_AREA_STYLE_COLOUR('',#16827);
#16870 = STYLED_ITEM('color',(#16871),#6389);
#16871 = PRESENTATION_STYLE_ASSIGNMENT((#16872));
#16872 = SURFACE_STYLE_USAGE(.BOTH.,#16873);
#16873 = SURFACE_SIDE_STYLE('',(#16874));
#16874 = SURFACE_STYLE_FILL_AREA(#16875);
#16875 = FILL_AREA_STYLE('',(#16876));
#16876 = FILL_AREA_STYLE_COLOUR('',#16827);
#16877 = STYLED_ITEM('color',(#16878),#6406);
#16878 = PRESENTATION_STYLE_ASSIGNMENT((#16879));
#16879 = SURFACE_STYLE_USAGE(.BOTH.,#16880);
#16880 = SURFACE_SIDE_STYLE('',(#16881));
#16881 = SURFACE_STYLE_FILL_AREA(#16882);
#16882 = FILL_AREA_STYLE('',(#16883));
#16883 = FILL_AREA_STYLE_COLOUR('',#16827);
#16884 = STYLED_ITEM('color',(#16885),#6437);
#16885 = PRESENTATION_STYLE_ASSIGNMENT((#16886));
#16886 = SURFACE_STYLE_USAGE(.BOTH.,#16887);
#16887 = SURFACE_SIDE_STYLE('',(#16888));
#16888 = SURFACE_STYLE_FILL_AREA(#16889);
#16889 = FILL_AREA_STYLE('',(#16890));
#16890 = FILL_AREA_STYLE_COLOUR('',#16827);
#16891 = STYLED_ITEM('color',(#16892),#6461);
#16892 = PRESENTATION_STYLE_ASSIGNMENT((#16893));
#16893 = SURFACE_STYLE_USAGE(.BOTH.,#16894);
#16894 = SURFACE_SIDE_STYLE('',(#16895));
#16895 = SURFACE_STYLE_FILL_AREA(#16896);
#16896 = FILL_AREA_STYLE('',(#16897));
#16897 = FILL_AREA_STYLE_COLOUR('',#16827);
#16898 = STYLED_ITEM('color',(#16899),#6485);
#16899 = PRESENTATION_STYLE_ASSIGNMENT((#16900));
#16900 = SURFACE_STYLE_USAGE(.BOTH.,#16901);
#16901 = SURFACE_SIDE_STYLE('',(#16902));
#16902 = SURFACE_STYLE_FILL_AREA(#16903);
#16903 = FILL_AREA_STYLE('',(#16904));
#16904 = FILL_AREA_STYLE_COLOUR('',#16827);
#16905 = STYLED_ITEM('color',(#16906),#6502);
#16906 = PRESENTATION_STYLE_ASSIGNMENT((#16907));
#16907 = SURFACE_STYLE_USAGE(.BOTH.,#16908);
#16908 = SURFACE_SIDE_STYLE('',(#16909));
#16909 = SURFACE_STYLE_FILL_AREA(#16910);
#16910 = FILL_AREA_STYLE('',(#16911));
#16911 = FILL_AREA_STYLE_COLOUR('',#16827);
#16912 = STYLED_ITEM('color',(#16913),#6533);
#16913 = PRESENTATION_STYLE_ASSIGNMENT((#16914));
#16914 = SURFACE_STYLE_USAGE(.BOTH.,#16915);
#16915 = SURFACE_SIDE_STYLE('',(#16916));
#16916 = SURFACE_STYLE_FILL_AREA(#16917);
#16917 = FILL_AREA_STYLE('',(#16918));
#16918 = FILL_AREA_STYLE_COLOUR('',#16827);
#16919 = STYLED_ITEM('color',(#16920),#6557);
#16920 = PRESENTATION_STYLE_ASSIGNMENT((#16921));
#16921 = SURFACE_STYLE_USAGE(.BOTH.,#16922);
#16922 = SURFACE_SIDE_STYLE('',(#16923));
#16923 = SURFACE_STYLE_FILL_AREA(#16924);
#16924 = FILL_AREA_STYLE('',(#16925));
#16925 = FILL_AREA_STYLE_COLOUR('',#16827);
#16926 = STYLED_ITEM('color',(#16927),#6581);
#16927 = PRESENTATION_STYLE_ASSIGNMENT((#16928));
#16928 = SURFACE_STYLE_USAGE(.BOTH.,#16929);
#16929 = SURFACE_SIDE_STYLE('',(#16930));
#16930 = SURFACE_STYLE_FILL_AREA(#16931);
#16931 = FILL_AREA_STYLE('',(#16932));
#16932 = FILL_AREA_STYLE_COLOUR('',#16827);
#16933 = STYLED_ITEM('color',(#16934),#6598);
#16934 = PRESENTATION_STYLE_ASSIGNMENT((#16935));
#16935 = SURFACE_STYLE_USAGE(.BOTH.,#16936);
#16936 = SURFACE_SIDE_STYLE('',(#16937));
#16937 = SURFACE_STYLE_FILL_AREA(#16938);
#16938 = FILL_AREA_STYLE('',(#16939));
#16939 = FILL_AREA_STYLE_COLOUR('',#16827);
#16940 = STYLED_ITEM('color',(#16941),#6629);
#16941 = PRESENTATION_STYLE_ASSIGNMENT((#16942));
#16942 = SURFACE_STYLE_USAGE(.BOTH.,#16943);
#16943 = SURFACE_SIDE_STYLE('',(#16944));
#16944 = SURFACE_STYLE_FILL_AREA(#16945);
#16945 = FILL_AREA_STYLE('',(#16946));
#16946 = FILL_AREA_STYLE_COLOUR('',#16827);
#16947 = STYLED_ITEM('color',(#16948),#6653);
#16948 = PRESENTATION_STYLE_ASSIGNMENT((#16949));
#16949 = SURFACE_STYLE_USAGE(.BOTH.,#16950);
#16950 = SURFACE_SIDE_STYLE('',(#16951));
#16951 = SURFACE_STYLE_FILL_AREA(#16952);
#16952 = FILL_AREA_STYLE('',(#16953));
#16953 = FILL_AREA_STYLE_COLOUR('',#16827);
#16954 = STYLED_ITEM('color',(#16955),#6677);
#16955 = PRESENTATION_STYLE_ASSIGNMENT((#16956));
#16956 = SURFACE_STYLE_USAGE(.BOTH.,#16957);
#16957 = SURFACE_SIDE_STYLE('',(#16958));
#16958 = SURFACE_STYLE_FILL_AREA(#16959);
#16959 = FILL_AREA_STYLE('',(#16960));
#16960 = FILL_AREA_STYLE_COLOUR('',#16827);
#16961 = STYLED_ITEM('color',(#16962),#6694);
#16962 = PRESENTATION_STYLE_ASSIGNMENT((#16963));
#16963 = SURFACE_STYLE_USAGE(.BOTH.,#16964);
#16964 = SURFACE_SIDE_STYLE('',(#16965));
#16965 = SURFACE_STYLE_FILL_AREA(#16966);
#16966 = FILL_AREA_STYLE('',(#16967));
#16967 = FILL_AREA_STYLE_COLOUR('',#16827);
#16968 = STYLED_ITEM('color',(#16969),#6725);
#16969 = PRESENTATION_STYLE_ASSIGNMENT((#16970));
#16970 = SURFACE_STYLE_USAGE(.BOTH.,#16971);
#16971 = SURFACE_SIDE_STYLE('',(#16972));
#16972 = SURFACE_STYLE_FILL_AREA(#16973);
#16973 = FILL_AREA_STYLE('',(#16974));
#16974 = FILL_AREA_STYLE_COLOUR('',#16827);
#16975 = STYLED_ITEM('color',(#16976),#6749);
#16976 = PRESENTATION_STYLE_ASSIGNMENT((#16977));
#16977 = SURFACE_STYLE_USAGE(.BOTH.,#16978);
#16978 = SURFACE_SIDE_STYLE('',(#16979));
#16979 = SURFACE_STYLE_FILL_AREA(#16980);
#16980 = FILL_AREA_STYLE('',(#16981));
#16981 = FILL_AREA_STYLE_COLOUR('',#16827);
#16982 = STYLED_ITEM('color',(#16983),#6773);
#16983 = PRESENTATION_STYLE_ASSIGNMENT((#16984));
#16984 = SURFACE_STYLE_USAGE(.BOTH.,#16985);
#16985 = SURFACE_SIDE_STYLE('',(#16986));
#16986 = SURFACE_STYLE_FILL_AREA(#16987);
#16987 = FILL_AREA_STYLE('',(#16988));
#16988 = FILL_AREA_STYLE_COLOUR('',#16827);
#16989 = STYLED_ITEM('color',(#16990),#6790);
#16990 = PRESENTATION_STYLE_ASSIGNMENT((#16991));
#16991 = SURFACE_STYLE_USAGE(.BOTH.,#16992);
#16992 = SURFACE_SIDE_STYLE('',(#16993));
#16993 = SURFACE_STYLE_FILL_AREA(#16994);
#16994 = FILL_AREA_STYLE('',(#16995));
#16995 = FILL_AREA_STYLE_COLOUR('',#16827);
#16996 = STYLED_ITEM('color',(#16997),#6821);
#16997 = PRESENTATION_STYLE_ASSIGNMENT((#16998));
#16998 = SURFACE_STYLE_USAGE(.BOTH.,#16999);
#16999 = SURFACE_SIDE_STYLE('',(#17000));
#17000 = SURFACE_STYLE_FILL_AREA(#17001);
#17001 = FILL_AREA_STYLE('',(#17002));
#17002 = FILL_AREA_STYLE_COLOUR('',#16827);
#17003 = STYLED_ITEM('color',(#17004),#6845);
#17004 = PRESENTATION_STYLE_ASSIGNMENT((#17005));
#17005 = SURFACE_STYLE_USAGE(.BOTH.,#17006);
#17006 = SURFACE_SIDE_STYLE('',(#17007));
#17007 = SURFACE_STYLE_FILL_AREA(#17008);
#17008 = FILL_AREA_STYLE('',(#17009));
#17009 = FILL_AREA_STYLE_COLOUR('',#16827);
#17010 = STYLED_ITEM('color',(#17011),#6869);
#17011 = PRESENTATION_STYLE_ASSIGNMENT((#17012));
#17012 = SURFACE_STYLE_USAGE(.BOTH.,#17013);
#17013 = SURFACE_SIDE_STYLE('',(#17014));
#17014 = SURFACE_STYLE_FILL_AREA(#17015);
#17015 = FILL_AREA_STYLE('',(#17016));
#17016 = FILL_AREA_STYLE_COLOUR('',#16827);
#17017 = STYLED_ITEM('color',(#17018),#6886);
#17018 = PRESENTATION_STYLE_ASSIGNMENT((#17019));
#17019 = SURFACE_STYLE_USAGE(.BOTH.,#17020);
#17020 = SURFACE_SIDE_STYLE('',(#17021));
#17021 = SURFACE_STYLE_FILL_AREA(#17022);
#17022 = FILL_AREA_STYLE('',(#17023));
#17023 = FILL_AREA_STYLE_COLOUR('',#16827);
#17024 = STYLED_ITEM('color',(#17025),#6917);
#17025 = PRESENTATION_STYLE_ASSIGNMENT((#17026));
#17026 = SURFACE_STYLE_USAGE(.BOTH.,#17027);
#17027 = SURFACE_SIDE_STYLE('',(#17028));
#17028 = SURFACE_STYLE_FILL_AREA(#17029);
#17029 = FILL_AREA_STYLE('',(#17030));
#17030 = FILL_AREA_STYLE_COLOUR('',#16827);
#17031 = STYLED_ITEM('color',(#17032),#6941);
#17032 = PRESENTATION_STYLE_ASSIGNMENT((#17033));
#17033 = SURFACE_STYLE_USAGE(.BOTH.,#17034);
#17034 = SURFACE_SIDE_STYLE('',(#17035));
#17035 = SURFACE_STYLE_FILL_AREA(#17036);
#17036 = FILL_AREA_STYLE('',(#17037));
#17037 = FILL_AREA_STYLE_COLOUR('',#16827);
#17038 = STYLED_ITEM('color',(#17039),#6965);
#17039 = PRESENTATION_STYLE_ASSIGNMENT((#17040));
#17040 = SURFACE_STYLE_USAGE(.BOTH.,#17041);
#17041 = SURFACE_SIDE_STYLE('',(#17042));
#17042 = SURFACE_STYLE_FILL_AREA(#17043);
#17043 = FILL_AREA_STYLE('',(#17044));
#17044 = FILL_AREA_STYLE_COLOUR('',#16827);
#17045 = STYLED_ITEM('color',(#17046),#6982);
#17046 = PRESENTATION_STYLE_ASSIGNMENT((#17047));
#17047 = SURFACE_STYLE_USAGE(.BOTH.,#17048);
#17048 = SURFACE_SIDE_STYLE('',(#17049));
#17049 = SURFACE_STYLE_FILL_AREA(#17050);
#17050 = FILL_AREA_STYLE('',(#17051));
#17051 = FILL_AREA_STYLE_COLOUR('',#16827);
#17052 = STYLED_ITEM('color',(#17053),#7013);
#17053 = PRESENTATION_STYLE_ASSIGNMENT((#17054));
#17054 = SURFACE_STYLE_USAGE(.BOTH.,#17055);
#17055 = SURFACE_SIDE_STYLE('',(#17056));
#17056 = SURFACE_STYLE_FILL_AREA(#17057);
#17057 = FILL_AREA_STYLE('',(#17058));
#17058 = FILL_AREA_STYLE_COLOUR('',#16827);
#17059 = STYLED_ITEM('color',(#17060),#7037);
#17060 = PRESENTATION_STYLE_ASSIGNMENT((#17061));
#17061 = SURFACE_STYLE_USAGE(.BOTH.,#17062);
#17062 = SURFACE_SIDE_STYLE('',(#17063));
#17063 = SURFACE_STYLE_FILL_AREA(#17064);
#17064 = FILL_AREA_STYLE('',(#17065));
#17065 = FILL_AREA_STYLE_COLOUR('',#16827);
#17066 = STYLED_ITEM('color',(#17067),#7061);
#17067 = PRESENTATION_STYLE_ASSIGNMENT((#17068));
#17068 = SURFACE_STYLE_USAGE(.BOTH.,#17069);
#17069 = SURFACE_SIDE_STYLE('',(#17070));
#17070 = SURFACE_STYLE_FILL_AREA(#17071);
#17071 = FILL_AREA_STYLE('',(#17072));
#17072 = FILL_AREA_STYLE_COLOUR('',#16827);
#17073 = STYLED_ITEM('color',(#17074),#7078);
#17074 = PRESENTATION_STYLE_ASSIGNMENT((#17075));
#17075 = SURFACE_STYLE_USAGE(.BOTH.,#17076);
#17076 = SURFACE_SIDE_STYLE('',(#17077));
#17077 = SURFACE_STYLE_FILL_AREA(#17078);
#17078 = FILL_AREA_STYLE('',(#17079));
#17079 = FILL_AREA_STYLE_COLOUR('',#16827);
#17080 = STYLED_ITEM('color',(#17081),#7109);
#17081 = PRESENTATION_STYLE_ASSIGNMENT((#17082));
#17082 = SURFACE_STYLE_USAGE(.BOTH.,#17083);
#17083 = SURFACE_SIDE_STYLE('',(#17084));
#17084 = SURFACE_STYLE_FILL_AREA(#17085);
#17085 = FILL_AREA_STYLE('',(#17086));
#17086 = FILL_AREA_STYLE_COLOUR('',#16827);
#17087 = STYLED_ITEM('color',(#17088),#7133);
#17088 = PRESENTATION_STYLE_ASSIGNMENT((#17089));
#17089 = SURFACE_STYLE_USAGE(.BOTH.,#17090);
#17090 = SURFACE_SIDE_STYLE('',(#17091));
#17091 = SURFACE_STYLE_FILL_AREA(#17092);
#17092 = FILL_AREA_STYLE('',(#17093));
#17093 = FILL_AREA_STYLE_COLOUR('',#16827);
#17094 = STYLED_ITEM('color',(#17095),#7157);
#17095 = PRESENTATION_STYLE_ASSIGNMENT((#17096));
#17096 = SURFACE_STYLE_USAGE(.BOTH.,#17097);
#17097 = SURFACE_SIDE_STYLE('',(#17098));
#17098 = SURFACE_STYLE_FILL_AREA(#17099);
#17099 = FILL_AREA_STYLE('',(#17100));
#17100 = FILL_AREA_STYLE_COLOUR('',#16827);
#17101 = STYLED_ITEM('color',(#17102),#7174);
#17102 = PRESENTATION_STYLE_ASSIGNMENT((#17103));
#17103 = SURFACE_STYLE_USAGE(.BOTH.,#17104);
#17104 = SURFACE_SIDE_STYLE('',(#17105));
#17105 = SURFACE_STYLE_FILL_AREA(#17106);
#17106 = FILL_AREA_STYLE('',(#17107));
#17107 = FILL_AREA_STYLE_COLOUR('',#16827);
#17108 = STYLED_ITEM('color',(#17109),#7205);
#17109 = PRESENTATION_STYLE_ASSIGNMENT((#17110));
#17110 = SURFACE_STYLE_USAGE(.BOTH.,#17111);
#17111 = SURFACE_SIDE_STYLE('',(#17112));
#17112 = SURFACE_STYLE_FILL_AREA(#17113);
#17113 = FILL_AREA_STYLE('',(#17114));
#17114 = FILL_AREA_STYLE_COLOUR('',#16827);
#17115 = STYLED_ITEM('color',(#17116),#7229);
#17116 = PRESENTATION_STYLE_ASSIGNMENT((#17117));
#17117 = SURFACE_STYLE_USAGE(.BOTH.,#17118);
#17118 = SURFACE_SIDE_STYLE('',(#17119));
#17119 = SURFACE_STYLE_FILL_AREA(#17120);
#17120 = FILL_AREA_STYLE('',(#17121));
#17121 = FILL_AREA_STYLE_COLOUR('',#16827);
#17122 = STYLED_ITEM('color',(#17123),#7253);
#17123 = PRESENTATION_STYLE_ASSIGNMENT((#17124));
#17124 = SURFACE_STYLE_USAGE(.BOTH.,#17125);
#17125 = SURFACE_SIDE_STYLE('',(#17126));
#17126 = SURFACE_STYLE_FILL_AREA(#17127);
#17127 = FILL_AREA_STYLE('',(#17128));
#17128 = FILL_AREA_STYLE_COLOUR('',#16827);
#17129 = STYLED_ITEM('color',(#17130),#7270);
#17130 = PRESENTATION_STYLE_ASSIGNMENT((#17131));
#17131 = SURFACE_STYLE_USAGE(.BOTH.,#17132);
#17132 = SURFACE_SIDE_STYLE('',(#17133));
#17133 = SURFACE_STYLE_FILL_AREA(#17134);
#17134 = FILL_AREA_STYLE('',(#17135));
#17135 = FILL_AREA_STYLE_COLOUR('',#16827);
#17136 = STYLED_ITEM('color',(#17137),#7301);
#17137 = PRESENTATION_STYLE_ASSIGNMENT((#17138));
#17138 = SURFACE_STYLE_USAGE(.BOTH.,#17139);
#17139 = SURFACE_SIDE_STYLE('',(#17140));
#17140 = SURFACE_STYLE_FILL_AREA(#17141);
#17141 = FILL_AREA_STYLE('',(#17142));
#17142 = FILL_AREA_STYLE_COLOUR('',#16827);
#17143 = STYLED_ITEM('color',(#17144),#7325);
#17144 = PRESENTATION_STYLE_ASSIGNMENT((#17145));
#17145 = SURFACE_STYLE_USAGE(.BOTH.,#17146);
#17146 = SURFACE_SIDE_STYLE('',(#17147));
#17147 = SURFACE_STYLE_FILL_AREA(#17148);
#17148 = FILL_AREA_STYLE('',(#17149));
#17149 = FILL_AREA_STYLE_COLOUR('',#16827);
#17150 = STYLED_ITEM('color',(#17151),#7349);
#17151 = PRESENTATION_STYLE_ASSIGNMENT((#17152));
#17152 = SURFACE_STYLE_USAGE(.BOTH.,#17153);
#17153 = SURFACE_SIDE_STYLE('',(#17154));
#17154 = SURFACE_STYLE_FILL_AREA(#17155);
#17155 = FILL_AREA_STYLE('',(#17156));
#17156 = FILL_AREA_STYLE_COLOUR('',#16827);
#17157 = STYLED_ITEM('color',(#17158),#7366);
#17158 = PRESENTATION_STYLE_ASSIGNMENT((#17159));
#17159 = SURFACE_STYLE_USAGE(.BOTH.,#17160);
#17160 = SURFACE_SIDE_STYLE('',(#17161));
#17161 = SURFACE_STYLE_FILL_AREA(#17162);
#17162 = FILL_AREA_STYLE('',(#17163));
#17163 = FILL_AREA_STYLE_COLOUR('',#16827);
#17164 = STYLED_ITEM('color',(#17165),#7378);
#17165 = PRESENTATION_STYLE_ASSIGNMENT((#17166));
#17166 = SURFACE_STYLE_USAGE(.BOTH.,#17167);
#17167 = SURFACE_SIDE_STYLE('',(#17168));
#17168 = SURFACE_STYLE_FILL_AREA(#17169);
#17169 = FILL_AREA_STYLE('',(#17170));
#17170 = FILL_AREA_STYLE_COLOUR('',#16827);
#17171 = STYLED_ITEM('color',(#17172),#7390);
#17172 = PRESENTATION_STYLE_ASSIGNMENT((#17173));
#17173 = SURFACE_STYLE_USAGE(.BOTH.,#17174);
#17174 = SURFACE_SIDE_STYLE('',(#17175));
#17175 = SURFACE_STYLE_FILL_AREA(#17176);
#17176 = FILL_AREA_STYLE('',(#17177));
#17177 = FILL_AREA_STYLE_COLOUR('',#16827);
#17178 = STYLED_ITEM('color',(#17179),#7402);
#17179 = PRESENTATION_STYLE_ASSIGNMENT((#17180));
#17180 = SURFACE_STYLE_USAGE(.BOTH.,#17181);
#17181 = SURFACE_SIDE_STYLE('',(#17182));
#17182 = SURFACE_STYLE_FILL_AREA(#17183);
#17183 = FILL_AREA_STYLE('',(#17184));
#17184 = FILL_AREA_STYLE_COLOUR('',#16827);
#17185 = STYLED_ITEM('color',(#17186),#7414);
#17186 = PRESENTATION_STYLE_ASSIGNMENT((#17187));
#17187 = SURFACE_STYLE_USAGE(.BOTH.,#17188);
#17188 = SURFACE_SIDE_STYLE('',(#17189));
#17189 = SURFACE_STYLE_FILL_AREA(#17190);
#17190 = FILL_AREA_STYLE('',(#17191));
#17191 = FILL_AREA_STYLE_COLOUR('',#16827);
#17192 = STYLED_ITEM('color',(#17193),#7426);
#17193 = PRESENTATION_STYLE_ASSIGNMENT((#17194));
#17194 = SURFACE_STYLE_USAGE(.BOTH.,#17195);
#17195 = SURFACE_SIDE_STYLE('',(#17196));
#17196 = SURFACE_STYLE_FILL_AREA(#17197);
#17197 = FILL_AREA_STYLE('',(#17198));
#17198 = FILL_AREA_STYLE_COLOUR('',#16827);
#17199 = MECHANICAL_DESIGN_GEOMETRIC_PRESENTATION_REPRESENTATION('',(
    #17200,#17207,#17214,#17221,#17228,#17235,#17242,#17249,#17256,
    #17263,#17270,#17277,#17284,#17291,#17298,#17305,#17312,#17319,
    #17326,#17333,#17340,#17347,#17354,#17361,#17368,#17375,#17382,
    #17389,#17396,#17403,#17410,#17417,#17424,#17431,#17438,#17445,
    #17453,#17460,#17467,#17474,#17481,#17488,#17495,#17502,#17509,
    #17516,#17523,#17530,#17537,#17544),#2397);
#17200 = STYLED_ITEM('color',(#17201),#876);
#17201 = PRESENTATION_STYLE_ASSIGNMENT((#17202));
#17202 = SURFACE_STYLE_USAGE(.BOTH.,#17203);
#17203 = SURFACE_SIDE_STYLE('',(#17204));
#17204 = SURFACE_STYLE_FILL_AREA(#17205);
#17205 = FILL_AREA_STYLE('',(#17206));
#17206 = FILL_AREA_STYLE_COLOUR('',#16536);
#17207 = STYLED_ITEM('color',(#17208),#916);
#17208 = PRESENTATION_STYLE_ASSIGNMENT((#17209));
#17209 = SURFACE_STYLE_USAGE(.BOTH.,#17210);
#17210 = SURFACE_SIDE_STYLE('',(#17211));
#17211 = SURFACE_STYLE_FILL_AREA(#17212);
#17212 = FILL_AREA_STYLE('',(#17213));
#17213 = FILL_AREA_STYLE_COLOUR('',#16536);
#17214 = STYLED_ITEM('color',(#17215),#963);
#17215 = PRESENTATION_STYLE_ASSIGNMENT((#17216));
#17216 = SURFACE_STYLE_USAGE(.BOTH.,#17217);
#17217 = SURFACE_SIDE_STYLE('',(#17218));
#17218 = SURFACE_STYLE_FILL_AREA(#17219);
#17219 = FILL_AREA_STYLE('',(#17220));
#17220 = FILL_AREA_STYLE_COLOUR('',#16536);
#17221 = STYLED_ITEM('color',(#17222),#1042);
#17222 = PRESENTATION_STYLE_ASSIGNMENT((#17223));
#17223 = SURFACE_STYLE_USAGE(.BOTH.,#17224);
#17224 = SURFACE_SIDE_STYLE('',(#17225));
#17225 = SURFACE_STYLE_FILL_AREA(#17226);
#17226 = FILL_AREA_STYLE('',(#17227));
#17227 = FILL_AREA_STYLE_COLOUR('',#16536);
#17228 = STYLED_ITEM('color',(#17229),#1066);
#17229 = PRESENTATION_STYLE_ASSIGNMENT((#17230));
#17230 = SURFACE_STYLE_USAGE(.BOTH.,#17231);
#17231 = SURFACE_SIDE_STYLE('',(#17232));
#17232 = SURFACE_STYLE_FILL_AREA(#17233);
#17233 = FILL_AREA_STYLE('',(#17234));
#17234 = FILL_AREA_STYLE_COLOUR('',#16536);
#17235 = STYLED_ITEM('color',(#17236),#1106);
#17236 = PRESENTATION_STYLE_ASSIGNMENT((#17237));
#17237 = SURFACE_STYLE_USAGE(.BOTH.,#17238);
#17238 = SURFACE_SIDE_STYLE('',(#17239));
#17239 = SURFACE_STYLE_FILL_AREA(#17240);
#17240 = FILL_AREA_STYLE('',(#17241));
#17241 = FILL_AREA_STYLE_COLOUR('',#16536);
#17242 = STYLED_ITEM('color',(#17243),#1137);
#17243 = PRESENTATION_STYLE_ASSIGNMENT((#17244));
#17244 = SURFACE_STYLE_USAGE(.BOTH.,#17245);
#17245 = SURFACE_SIDE_STYLE('',(#17246));
#17246 = SURFACE_STYLE_FILL_AREA(#17247);
#17247 = FILL_AREA_STYLE('',(#17248));
#17248 = FILL_AREA_STYLE_COLOUR('',#16536);
#17249 = STYLED_ITEM('color',(#17250),#1154);
#17250 = PRESENTATION_STYLE_ASSIGNMENT((#17251));
#17251 = SURFACE_STYLE_USAGE(.BOTH.,#17252);
#17252 = SURFACE_SIDE_STYLE('',(#17253));
#17253 = SURFACE_STYLE_FILL_AREA(#17254);
#17254 = FILL_AREA_STYLE('',(#17255));
#17255 = FILL_AREA_STYLE_COLOUR('',#16827);
#17256 = STYLED_ITEM('color',(#17257),#1187);
#17257 = PRESENTATION_STYLE_ASSIGNMENT((#17258));
#17258 = SURFACE_STYLE_USAGE(.BOTH.,#17259);
#17259 = SURFACE_SIDE_STYLE('',(#17260));
#17260 = SURFACE_STYLE_FILL_AREA(#17261);
#17261 = FILL_AREA_STYLE('',(#17262));
#17262 = FILL_AREA_STYLE_COLOUR('',#16536);
#17263 = STYLED_ITEM('color',(#17264),#1211);
#17264 = PRESENTATION_STYLE_ASSIGNMENT((#17265));
#17265 = SURFACE_STYLE_USAGE(.BOTH.,#17266);
#17266 = SURFACE_SIDE_STYLE('',(#17267));
#17267 = SURFACE_STYLE_FILL_AREA(#17268);
#17268 = FILL_AREA_STYLE('',(#17269));
#17269 = FILL_AREA_STYLE_COLOUR('',#16827);
#17270 = STYLED_ITEM('color',(#17271),#1278);
#17271 = PRESENTATION_STYLE_ASSIGNMENT((#17272));
#17272 = SURFACE_STYLE_USAGE(.BOTH.,#17273);
#17273 = SURFACE_SIDE_STYLE('',(#17274));
#17274 = SURFACE_STYLE_FILL_AREA(#17275);
#17275 = FILL_AREA_STYLE('',(#17276));
#17276 = FILL_AREA_STYLE_COLOUR('',#16536);
#17277 = STYLED_ITEM('color',(#17278),#1399);
#17278 = PRESENTATION_STYLE_ASSIGNMENT((#17279));
#17279 = SURFACE_STYLE_USAGE(.BOTH.,#17280);
#17280 = SURFACE_SIDE_STYLE('',(#17281));
#17281 = SURFACE_STYLE_FILL_AREA(#17282);
#17282 = FILL_AREA_STYLE('',(#17283));
#17283 = FILL_AREA_STYLE_COLOUR('',#16827);
#17284 = STYLED_ITEM('color',(#17285),#1466);
#17285 = PRESENTATION_STYLE_ASSIGNMENT((#17286));
#17286 = SURFACE_STYLE_USAGE(.BOTH.,#17287);
#17287 = SURFACE_SIDE_STYLE('',(#17288));
#17288 = SURFACE_STYLE_FILL_AREA(#17289);
#17289 = FILL_AREA_STYLE('',(#17290));
#17290 = FILL_AREA_STYLE_COLOUR('',#16536);
#17291 = STYLED_ITEM('color',(#17292),#1490);
#17292 = PRESENTATION_STYLE_ASSIGNMENT((#17293));
#17293 = SURFACE_STYLE_USAGE(.BOTH.,#17294);
#17294 = SURFACE_SIDE_STYLE('',(#17295));
#17295 = SURFACE_STYLE_FILL_AREA(#17296);
#17296 = FILL_AREA_STYLE('',(#17297));
#17297 = FILL_AREA_STYLE_COLOUR('',#16536);
#17298 = STYLED_ITEM('color',(#17299),#1521);
#17299 = PRESENTATION_STYLE_ASSIGNMENT((#17300));
#17300 = SURFACE_STYLE_USAGE(.BOTH.,#17301);
#17301 = SURFACE_SIDE_STYLE('',(#17302));
#17302 = SURFACE_STYLE_FILL_AREA(#17303);
#17303 = FILL_AREA_STYLE('',(#17304));
#17304 = FILL_AREA_STYLE_COLOUR('',#16827);
#17305 = STYLED_ITEM('color',(#17306),#1554);
#17306 = PRESENTATION_STYLE_ASSIGNMENT((#17307));
#17307 = SURFACE_STYLE_USAGE(.BOTH.,#17308);
#17308 = SURFACE_SIDE_STYLE('',(#17309));
#17309 = SURFACE_STYLE_FILL_AREA(#17310);
#17310 = FILL_AREA_STYLE('',(#17311));
#17311 = FILL_AREA_STYLE_COLOUR('',#16536);
#17312 = STYLED_ITEM('color',(#17313),#1610);
#17313 = PRESENTATION_STYLE_ASSIGNMENT((#17314));
#17314 = SURFACE_STYLE_USAGE(.BOTH.,#17315);
#17315 = SURFACE_SIDE_STYLE('',(#17316));
#17316 = SURFACE_STYLE_FILL_AREA(#17317);
#17317 = FILL_AREA_STYLE('',(#17318));
#17318 = FILL_AREA_STYLE_COLOUR('',#16827);
#17319 = STYLED_ITEM('color',(#17320),#1634);
#17320 = PRESENTATION_STYLE_ASSIGNMENT((#17321));
#17321 = SURFACE_STYLE_USAGE(.BOTH.,#17322);
#17322 = SURFACE_SIDE_STYLE('',(#17323));
#17323 = SURFACE_STYLE_FILL_AREA(#17324);
#17324 = FILL_AREA_STYLE('',(#17325));
#17325 = FILL_AREA_STYLE_COLOUR('',#16827);
#17326 = STYLED_ITEM('color',(#17327),#1658);
#17327 = PRESENTATION_STYLE_ASSIGNMENT((#17328));
#17328 = SURFACE_STYLE_USAGE(.BOTH.,#17329);
#17329 = SURFACE_SIDE_STYLE('',(#17330));
#17330 = SURFACE_STYLE_FILL_AREA(#17331);
#17331 = FILL_AREA_STYLE('',(#17332));
#17332 = FILL_AREA_STYLE_COLOUR('',#16827);
#17333 = STYLED_ITEM('color',(#17334),#1682);
#17334 = PRESENTATION_STYLE_ASSIGNMENT((#17335));
#17335 = SURFACE_STYLE_USAGE(.BOTH.,#17336);
#17336 = SURFACE_SIDE_STYLE('',(#17337));
#17337 = SURFACE_STYLE_FILL_AREA(#17338);
#17338 = FILL_AREA_STYLE('',(#17339));
#17339 = FILL_AREA_STYLE_COLOUR('',#16827);
#17340 = STYLED_ITEM('color',(#17341),#1715);
#17341 = PRESENTATION_STYLE_ASSIGNMENT((#17342));
#17342 = SURFACE_STYLE_USAGE(.BOTH.,#17343);
#17343 = SURFACE_SIDE_STYLE('',(#17344));
#17344 = SURFACE_STYLE_FILL_AREA(#17345);
#17345 = FILL_AREA_STYLE('',(#17346));
#17346 = FILL_AREA_STYLE_COLOUR('',#16827);
#17347 = STYLED_ITEM('color',(#17348),#1727);
#17348 = PRESENTATION_STYLE_ASSIGNMENT((#17349));
#17349 = SURFACE_STYLE_USAGE(.BOTH.,#17350);
#17350 = SURFACE_SIDE_STYLE('',(#17351));
#17351 = SURFACE_STYLE_FILL_AREA(#17352);
#17352 = FILL_AREA_STYLE('',(#17353));
#17353 = FILL_AREA_STYLE_COLOUR('',#16827);
#17354 = STYLED_ITEM('color',(#17355),#1790);
#17355 = PRESENTATION_STYLE_ASSIGNMENT((#17356));
#17356 = SURFACE_STYLE_USAGE(.BOTH.,#17357);
#17357 = SURFACE_SIDE_STYLE('',(#17358));
#17358 = SURFACE_STYLE_FILL_AREA(#17359);
#17359 = FILL_AREA_STYLE('',(#17360));
#17360 = FILL_AREA_STYLE_COLOUR('',#16827);
#17361 = STYLED_ITEM('color',(#17362),#1815);
#17362 = PRESENTATION_STYLE_ASSIGNMENT((#17363));
#17363 = SURFACE_STYLE_USAGE(.BOTH.,#17364);
#17364 = SURFACE_SIDE_STYLE('',(#17365));
#17365 = SURFACE_STYLE_FILL_AREA(#17366);
#17366 = FILL_AREA_STYLE('',(#17367));
#17367 = FILL_AREA_STYLE_COLOUR('',#16827);
#17368 = STYLED_ITEM('color',(#17369),#1832);
#17369 = PRESENTATION_STYLE_ASSIGNMENT((#17370));
#17370 = SURFACE_STYLE_USAGE(.BOTH.,#17371);
#17371 = SURFACE_SIDE_STYLE('',(#17372));
#17372 = SURFACE_STYLE_FILL_AREA(#17373);
#17373 = FILL_AREA_STYLE('',(#17374));
#17374 = FILL_AREA_STYLE_COLOUR('',#16827);
#17375 = STYLED_ITEM('color',(#17376),#1856);
#17376 = PRESENTATION_STYLE_ASSIGNMENT((#17377));
#17377 = SURFACE_STYLE_USAGE(.BOTH.,#17378);
#17378 = SURFACE_SIDE_STYLE('',(#17379));
#17379 = SURFACE_STYLE_FILL_AREA(#17380);
#17380 = FILL_AREA_STYLE('',(#17381));
#17381 = FILL_AREA_STYLE_COLOUR('',#16827);
#17382 = STYLED_ITEM('color',(#17383),#1874);
#17383 = PRESENTATION_STYLE_ASSIGNMENT((#17384));
#17384 = SURFACE_STYLE_USAGE(.BOTH.,#17385);
#17385 = SURFACE_SIDE_STYLE('',(#17386));
#17386 = SURFACE_STYLE_FILL_AREA(#17387);
#17387 = FILL_AREA_STYLE('',(#17388));
#17388 = FILL_AREA_STYLE_COLOUR('',#16827);
#17389 = STYLED_ITEM('color',(#17390),#1892);
#17390 = PRESENTATION_STYLE_ASSIGNMENT((#17391));
#17391 = SURFACE_STYLE_USAGE(.BOTH.,#17392);
#17392 = SURFACE_SIDE_STYLE('',(#17393));
#17393 = SURFACE_STYLE_FILL_AREA(#17394);
#17394 = FILL_AREA_STYLE('',(#17395));
#17395 = FILL_AREA_STYLE_COLOUR('',#16827);
#17396 = STYLED_ITEM('color',(#17397),#1910);
#17397 = PRESENTATION_STYLE_ASSIGNMENT((#17398));
#17398 = SURFACE_STYLE_USAGE(.BOTH.,#17399);
#17399 = SURFACE_SIDE_STYLE('',(#17400));
#17400 = SURFACE_STYLE_FILL_AREA(#17401);
#17401 = FILL_AREA_STYLE('',(#17402));
#17402 = FILL_AREA_STYLE_COLOUR('',#16827);
#17403 = STYLED_ITEM('color',(#17404),#1927);
#17404 = PRESENTATION_STYLE_ASSIGNMENT((#17405));
#17405 = SURFACE_STYLE_USAGE(.BOTH.,#17406);
#17406 = SURFACE_SIDE_STYLE('',(#17407));
#17407 = SURFACE_STYLE_FILL_AREA(#17408);
#17408 = FILL_AREA_STYLE('',(#17409));
#17409 = FILL_AREA_STYLE_COLOUR('',#16827);
#17410 = STYLED_ITEM('color',(#17411),#1944);
#17411 = PRESENTATION_STYLE_ASSIGNMENT((#17412));
#17412 = SURFACE_STYLE_USAGE(.BOTH.,#17413);
#17413 = SURFACE_SIDE_STYLE('',(#17414));
#17414 = SURFACE_STYLE_FILL_AREA(#17415);
#17415 = FILL_AREA_STYLE('',(#17416));
#17416 = FILL_AREA_STYLE_COLOUR('',#16827);
#17417 = STYLED_ITEM('color',(#17418),#1975);
#17418 = PRESENTATION_STYLE_ASSIGNMENT((#17419));
#17419 = SURFACE_STYLE_USAGE(.BOTH.,#17420);
#17420 = SURFACE_SIDE_STYLE('',(#17421));
#17421 = SURFACE_STYLE_FILL_AREA(#17422);
#17422 = FILL_AREA_STYLE('',(#17423));
#17423 = FILL_AREA_STYLE_COLOUR('',#16827);
#17424 = STYLED_ITEM('color',(#17425),#2000);
#17425 = PRESENTATION_STYLE_ASSIGNMENT((#17426));
#17426 = SURFACE_STYLE_USAGE(.BOTH.,#17427);
#17427 = SURFACE_SIDE_STYLE('',(#17428));
#17428 = SURFACE_STYLE_FILL_AREA(#17429);
#17429 = FILL_AREA_STYLE('',(#17430));
#17430 = FILL_AREA_STYLE_COLOUR('',#16827);
#17431 = STYLED_ITEM('color',(#17432),#2025);
#17432 = PRESENTATION_STYLE_ASSIGNMENT((#17433));
#17433 = SURFACE_STYLE_USAGE(.BOTH.,#17434);
#17434 = SURFACE_SIDE_STYLE('',(#17435));
#17435 = SURFACE_STYLE_FILL_AREA(#17436);
#17436 = FILL_AREA_STYLE('',(#17437));
#17437 = FILL_AREA_STYLE_COLOUR('',#16827);
#17438 = STYLED_ITEM('color',(#17439),#2049);
#17439 = PRESENTATION_STYLE_ASSIGNMENT((#17440));
#17440 = SURFACE_STYLE_USAGE(.BOTH.,#17441);
#17441 = SURFACE_SIDE_STYLE('',(#17442));
#17442 = SURFACE_STYLE_FILL_AREA(#17443);
#17443 = FILL_AREA_STYLE('',(#17444));
#17444 = FILL_AREA_STYLE_COLOUR('',#16827);
#17445 = STYLED_ITEM('color',(#17446),#2066);
#17446 = PRESENTATION_STYLE_ASSIGNMENT((#17447));
#17447 = SURFACE_STYLE_USAGE(.BOTH.,#17448);
#17448 = SURFACE_SIDE_STYLE('',(#17449));
#17449 = SURFACE_STYLE_FILL_AREA(#17450);
#17450 = FILL_AREA_STYLE('',(#17451));
#17451 = FILL_AREA_STYLE_COLOUR('',#17452);
#17452 = COLOUR_RGB('',0.340000006699,0.68000001254,0.444999988852);
#17453 = STYLED_ITEM('color',(#17454),#2097);
#17454 = PRESENTATION_STYLE_ASSIGNMENT((#17455));
#17455 = SURFACE_STYLE_USAGE(.BOTH.,#17456);
#17456 = SURFACE_SIDE_STYLE('',(#17457));
#17457 = SURFACE_STYLE_FILL_AREA(#17458);
#17458 = FILL_AREA_STYLE('',(#17459));
#17459 = FILL_AREA_STYLE_COLOUR('',#17452);
#17460 = STYLED_ITEM('color',(#17461),#2121);
#17461 = PRESENTATION_STYLE_ASSIGNMENT((#17462));
#17462 = SURFACE_STYLE_USAGE(.BOTH.,#17463);
#17463 = SURFACE_SIDE_STYLE('',(#17464));
#17464 = SURFACE_STYLE_FILL_AREA(#17465);
#17465 = FILL_AREA_STYLE('',(#17466));
#17466 = FILL_AREA_STYLE_COLOUR('',#17452);
#17467 = STYLED_ITEM('color',(#17468),#2138);
#17468 = PRESENTATION_STYLE_ASSIGNMENT((#17469));
#17469 = SURFACE_STYLE_USAGE(.BOTH.,#17470);
#17470 = SURFACE_SIDE_STYLE('',(#17471));
#17471 = SURFACE_STYLE_FILL_AREA(#17472);
#17472 = FILL_AREA_STYLE('',(#17473));
#17473 = FILL_AREA_STYLE_COLOUR('',#16827);
#17474 = STYLED_ITEM('color',(#17475),#2166);
#17475 = PRESENTATION_STYLE_ASSIGNMENT((#17476));
#17476 = SURFACE_STYLE_USAGE(.BOTH.,#17477);
#17477 = SURFACE_SIDE_STYLE('',(#17478));
#17478 = SURFACE_STYLE_FILL_AREA(#17479);
#17479 = FILL_AREA_STYLE('',(#17480));
#17480 = FILL_AREA_STYLE_COLOUR('',#16827);
#17481 = STYLED_ITEM('color',(#17482),#2191);
#17482 = PRESENTATION_STYLE_ASSIGNMENT((#17483));
#17483 = SURFACE_STYLE_USAGE(.BOTH.,#17484);
#17484 = SURFACE_SIDE_STYLE('',(#17485));
#17485 = SURFACE_STYLE_FILL_AREA(#17486);
#17486 = FILL_AREA_STYLE('',(#17487));
#17487 = FILL_AREA_STYLE_COLOUR('',#16827);
#17488 = STYLED_ITEM('color',(#17489),#2215);
#17489 = PRESENTATION_STYLE_ASSIGNMENT((#17490));
#17490 = SURFACE_STYLE_USAGE(.BOTH.,#17491);
#17491 = SURFACE_SIDE_STYLE('',(#17492));
#17492 = SURFACE_STYLE_FILL_AREA(#17493);
#17493 = FILL_AREA_STYLE('',(#17494));
#17494 = FILL_AREA_STYLE_COLOUR('',#16827);
#17495 = STYLED_ITEM('color',(#17496),#2240);
#17496 = PRESENTATION_STYLE_ASSIGNMENT((#17497));
#17497 = SURFACE_STYLE_USAGE(.BOTH.,#17498);
#17498 = SURFACE_SIDE_STYLE('',(#17499));
#17499 = SURFACE_STYLE_FILL_AREA(#17500);
#17500 = FILL_AREA_STYLE('',(#17501));
#17501 = FILL_AREA_STYLE_COLOUR('',#16827);
#17502 = STYLED_ITEM('color',(#17503),#2287);
#17503 = PRESENTATION_STYLE_ASSIGNMENT((#17504));
#17504 = SURFACE_STYLE_USAGE(.BOTH.,#17505);
#17505 = SURFACE_SIDE_STYLE('',(#17506));
#17506 = SURFACE_STYLE_FILL_AREA(#17507);
#17507 = FILL_AREA_STYLE('',(#17508));
#17508 = FILL_AREA_STYLE_COLOUR('',#16827);
#17509 = STYLED_ITEM('color',(#17510),#2304);
#17510 = PRESENTATION_STYLE_ASSIGNMENT((#17511));
#17511 = SURFACE_STYLE_USAGE(.BOTH.,#17512);
#17512 = SURFACE_SIDE_STYLE('',(#17513));
#17513 = SURFACE_STYLE_FILL_AREA(#17514);
#17514 = FILL_AREA_STYLE('',(#17515));
#17515 = FILL_AREA_STYLE_COLOUR('',#16827);
#17516 = STYLED_ITEM('color',(#17517),#2316);
#17517 = PRESENTATION_STYLE_ASSIGNMENT((#17518));
#17518 = SURFACE_STYLE_USAGE(.BOTH.,#17519);
#17519 = SURFACE_SIDE_STYLE('',(#17520));
#17520 = SURFACE_STYLE_FILL_AREA(#17521);
#17521 = FILL_AREA_STYLE('',(#17522));
#17522 = FILL_AREA_STYLE_COLOUR('',#16827);
#17523 = STYLED_ITEM('color',(#17524),#2338);
#17524 = PRESENTATION_STYLE_ASSIGNMENT((#17525));
#17525 = SURFACE_STYLE_USAGE(.BOTH.,#17526);
#17526 = SURFACE_SIDE_STYLE('',(#17527));
#17527 = SURFACE_STYLE_FILL_AREA(#17528);
#17528 = FILL_AREA_STYLE('',(#17529));
#17529 = FILL_AREA_STYLE_COLOUR('',#16827);
#17530 = STYLED_ITEM('color',(#17531),#2350);
#17531 = PRESENTATION_STYLE_ASSIGNMENT((#17532));
#17532 = SURFACE_STYLE_USAGE(.BOTH.,#17533);
#17533 = SURFACE_SIDE_STYLE('',(#17534));
#17534 = SURFACE_STYLE_FILL_AREA(#17535);
#17535 = FILL_AREA_STYLE('',(#17536));
#17536 = FILL_AREA_STYLE_COLOUR('',#16827);
#17537 = STYLED_ITEM('color',(#17538),#2368);
#17538 = PRESENTATION_STYLE_ASSIGNMENT((#17539));
#17539 = SURFACE_STYLE_USAGE(.BOTH.,#17540);
#17540 = SURFACE_SIDE_STYLE('',(#17541));
#17541 = SURFACE_STYLE_FILL_AREA(#17542);
#17542 = FILL_AREA_STYLE('',(#17543));
#17543 = FILL_AREA_STYLE_COLOUR('',#16827);
#17544 = STYLED_ITEM('color',(#17545),#2386);
#17545 = PRESENTATION_STYLE_ASSIGNMENT((#17546));
#17546 = SURFACE_STYLE_USAGE(.BOTH.,#17547);
#17547 = SURFACE_SIDE_STYLE('',(#17548));
#17548 = SURFACE_STYLE_FILL_AREA(#17549);
#17549 = FILL_AREA_STYLE('',(#17550));
#17550 = FILL_AREA_STYLE_COLOUR('',#17452);
#17551 = MECHANICAL_DESIGN_GEOMETRIC_PRESENTATION_REPRESENTATION('',(
    #17552),#13884);
#17552 = STYLED_ITEM('color',(#17553),#12424);
#17553 = PRESENTATION_STYLE_ASSIGNMENT((#17554));
#17554 = SURFACE_STYLE_USAGE(.BOTH.,#17555);
#17555 = SURFACE_SIDE_STYLE('',(#17556));
#17556 = SURFACE_STYLE_FILL_AREA(#17557);
#17557 = FILL_AREA_STYLE('',(#17558));
#17558 = FILL_AREA_STYLE_COLOUR('',#17559);
#17559 = COLOUR_RGB('',0.313304153717,0.484529207832,0.410020903123);
ENDSEC;
END-ISO-10303-21;
